	Species	TCG	CGC	GCA	CAC	ACA	CAG	AGT	GTG	TGG	GGA	GAT	ATC	TCC	CCT	CTA	TAG	AGG	GGC	GCG	GCT	CTT	TTT	TTG	GGT	GTC	TCA	ACG	CAT	ATA	TAA	AAA	AAT	CGT	TGA	GAG	AGC	CAA	AAG	AGA	GAA	AAC	ATG	GGG	ACT	TGT	GTT	TTC	TCT	ATT	TAC	TGC	CTC	CTG	GCC	TAT	TTA	CCA	GAC	ACC	CCG	GTA	CCC	CGA	CGG	Virulence	id
0	Chapare mammarenavirus	0.0035366086790288	0.0022940164404511	0.0118524182756643	0.0186388835786656	0.0240871726247371	0.016058115083158	0.0147199388262282	0.0125215064041292	0.0151022748996367	0.0112789141655515	0.0186388835786656	0.0214108201108774	0.0171095392850315	0.0166316191932708	0.0136685146243548	0.0109921621104951	0.0109921621104951	0.0078378895048747	0.002198432422099	0.0119480022940164	0.027623781303766	0.0343146625884152	0.0264767730835404	0.0099407379086216	0.012425922385777	0.0281972854138788	0.0028675205505639	0.0222710762760466	0.0141464347161154	0.020359395909004	0.0324029822213725	0.0232269164595679	0.0028675205505639	0.0240871726247371	0.0112789141655515	0.0112789141655515	0.0264767730835404	0.0190212196520741	0.020359395909004	0.0184477155419613	0.0230357484228636	0.0175874593767922	0.0072643853947619	0.0187344675970177	0.0219843242209902	0.0168227872299751	0.0256165169183712	0.0289619575606958	0.0245650927164978	0.0075511374498183	0.0121391703307207	0.0182565475052571	0.016727203211623	0.0075511374498183	0.0135729306060026	0.0169183712483272	0.0193079717071305	0.0108009940737908	0.0143376027528197	0.0030586885872682	0.0077423054865226	0.0114700822022557	0.0034410246606767	0.002963104568916	1	499556
1	Guanarito mammarenavirus	0.0042218384187296	0.0023028209556706	0.0121857608904241	0.017654960660142	0.0250431778929188	0.017654960660142	0.0168873536749184	0.0128574170024947	0.0136250239877182	0.0112262521588946	0.0153521397044713	0.0190942237574361	0.0159278449433889	0.0179428132796008	0.0118019573978123	0.010458645173671	0.0125695643830358	0.0071003646133179	0.0024947227019765	0.010554596046824	0.0265783918633659	0.0366532335444252	0.0268662444828247	0.0108424486662828	0.0125695643830358	0.0275379005948954	0.0020149683362118	0.0219727499520245	0.0142007292266359	0.0214929955862598	0.0270581462291306	0.024563423527154	0.0032623296872001	0.0239877182882364	0.0124736135098829	0.0117060065246593	0.0254269813855306	0.0197658798695068	0.0191901746305891	0.0186144693916714	0.0212051429668009	0.0170792554212243	0.0091153329495298	0.0189982728842832	0.0231241604298599	0.0185185185185185	0.0249472270197658	0.028209556706966	0.0231241604298599	0.0090193820763768	0.014104778353483	0.019286125503742	0.0180387641527537	0.0099788908079063	0.0116100556515064	0.0164075993091537	0.0179428132796008	0.0110343504125887	0.0128574170024947	0.0028785261945883	0.0101707925542122	0.0125695643830358	0.0030704279408942	0.0029744770677413	1	45219
2	Junín mammarenavirus	0.0037061674427444	0.0024707782951629	0.0126389812791029	0.0166302385251354	0.0248028128860591	0.0181507174760049	0.0167252684595647	0.0126389812791029	0.0155849092464126	0.0106433526560866	0.0153948493775539	0.0210966454433146	0.0173904780005701	0.0183407773448636	0.0117837118692388	0.0124489214102442	0.0123538914758148	0.008552694098641	0.0023757483607336	0.0131141309512496	0.0285089803288035	0.0293642497386676	0.0252779625582058	0.011308562197092	0.0147296398365485	0.0276537109189394	0.0016155088852988	0.0231873040007602	0.0151097595742658	0.0185308372137223	0.0262282619024992	0.0219519148531787	0.0025658082295923	0.0232823339351895	0.0109284424593747	0.0117837118692388	0.0264183217713579	0.0191010168202983	0.0197662263613038	0.0171053881972821	0.0210016155088853	0.0161550888529886	0.0092179036396464	0.019005986885869	0.0219519148531787	0.0156799391808419	0.023947543476195	0.0299344293452437	0.0215717951154613	0.008552694098641	0.0144445500332604	0.0189109569514397	0.0211916753777439	0.0092179036396464	0.0133992207545376	0.016535208590706	0.019291076689157	0.0132091608856789	0.0139694003611137	0.0029459279673097	0.0095029934429345	0.0135892806233963	0.0029459279673097	0.0025658082295923	1	2169991
3	Lassa mammarenavirus	0.0037456690701376	0.0029028935293566	0.0145144676467834	0.0175110029028935	0.0235977151418672	0.0191965539844554	0.0166682273621125	0.0134844086524955	0.014233542466523	0.011892499297687	0.0175110029028935	0.0198520460717295	0.0172300777226332	0.0191965539844554	0.0123607079314542	0.0114242906639198	0.0137653338327558	0.0073040546867684	0.0024346848955894	0.0125479913849611	0.0231295065081	0.0243468489558947	0.0250959827699222	0.0119861410244404	0.0144208259200299	0.0295907856540874	0.0019664762618222	0.0226612978743328	0.0173237194493866	0.0178855698099072	0.0259387583107032	0.0238786403221275	0.0025283266223429	0.0245341324094016	0.0130162000187283	0.0119861410244404	0.0274370259387583	0.0191965539844554	0.0204138964322502	0.0169491525423728	0.0191965539844554	0.0195711208914692	0.0083341136810562	0.018260136716921	0.0208821050660174	0.0151699597340574	0.0196647626182226	0.0238786403221275	0.022286730967319	0.0102069482161251	0.0163873021818522	0.0205075381590036	0.0178855698099072	0.0090832474950838	0.0149826762805506	0.0158254518213315	0.019102912257702	0.0123607079314542	0.0154508849143178	0.0034647438898773	0.0089896057683303	0.0166682273621125	0.0029965352561101	0.003183818709617	1	11620
4	Lujo mammarenavirus	0.0046376811594202	0.0030917874396135	0.0120772946859903	0.0177777777777777	0.0209661835748792	0.0180676328502415	0.0163285024154589	0.0134299516908212	0.0159420289855072	0.0119806763285024	0.0176811594202898	0.0218357487922705	0.016135265700483	0.0165217391304347	0.0116908212560386	0.0103381642512077	0.0111111111111111	0.0082125603864734	0.0029951690821256	0.0134299516908212	0.0266666666666666	0.0311111111111111	0.0240579710144927	0.0098550724637681	0.0151690821256038	0.0302415458937198	0.0033816425120772	0.0228019323671497	0.0138164251207729	0.0154589371980676	0.021159420289855	0.022415458937198	0.0042512077294685	0.0279227053140096	0.0150724637681159	0.0123671497584541	0.0230917874396135	0.0189371980676328	0.0227053140096618	0.0195169082125603	0.0166183574879227	0.0194202898550724	0.0092753623188405	0.0191304347826086	0.0213526570048309	0.0159420289855072	0.0241545893719806	0.0329468599033816	0.0195169082125603	0.0091787439613526	0.0125603864734299	0.0228019323671497	0.0208695652173913	0.0077294685990338	0.0116908212560386	0.0139130434782608	0.0184541062801932	0.0145893719806763	0.0146859903381642	0.0035748792270531	0.0072463768115942	0.0128502415458937	0.0042512077294685	0.0029951690821256	1	649188
5	Machupo mammarenavirus	0.0053606696134675	0.0028214050597197	0.0119439480861469	0.0198438822533621	0.0240759898429417	0.0185272265588262	0.0147653531458666	0.0120379949214708	0.0137308379573027	0.0114737139095269	0.0165522430170224	0.0224771936424339	0.0172105708642904	0.0171165240289664	0.0124141822627668	0.010251105050315	0.0129784632747108	0.0082761215085112	0.0026333113890717	0.0130725101100347	0.0279319100912254	0.0311295024922411	0.0241700366782657	0.010157058214991	0.0140129784632747	0.0290604721151133	0.0022571240477757	0.0228533809837299	0.0140129784632747	0.0193736480767422	0.0264271607260415	0.0233236151603498	0.0033856860716636	0.0241700366782657	0.0115677607448509	0.0130725101100347	0.0263331138907175	0.0186212733941502	0.0181510392175303	0.0167403366876704	0.0205022101006301	0.0167403366876704	0.0082761215085112	0.0184331797235023	0.0205962569359541	0.0158939151697545	0.0253926455374776	0.0293426126210853	0.0218188657951659	0.0075237468259193	0.0129784632747108	0.0190915075707702	0.0185272265588262	0.0094987303677231	0.0123201354274428	0.0160820088404025	0.0224771936424339	0.0127903696040628	0.0158939151697545	0.0030094987303677	0.0069594658139753	0.0144832126398946	0.0038559202482836	0.0031975924010157	1	11628
6	Sabiá mammarenavirus	0.0033342859864723	0.0013337143945889	0.010479184528913	0.0160045727350671	0.0238163284748023	0.0158140421072687	0.016385633990664	0.0148613889682766	0.0153377155377726	0.0120034295513003	0.0185767362103458	0.0222920834524149	0.0155282461655711	0.0175288177574545	0.0131466133180908	0.0112413070401066	0.012289225492998	0.0062875107173478	0.0021911022196818	0.0103839192150138	0.0258169000666857	0.0353434314566066	0.0264837572639801	0.012289225492998	0.012765552062494	0.0289606554253596	0.002286367533581	0.0223873487663141	0.0138134705153853	0.0196246546632371	0.0305801657616461	0.0260074306944841	0.002762694103077	0.0253405734971896	0.0112413070401066	0.0097170620177193	0.0277222063446699	0.018672001524245	0.0185767362103458	0.0181004096408497	0.0207678384300276	0.0181004096408497	0.0074306944841383	0.0170524911879584	0.0218157568829189	0.0156235114794703	0.0241973897303991	0.0280080022863675	0.0271506144612746	0.0096217967038201	0.0143850623987806	0.0165761646184624	0.0174335524435553	0.0087644088787272	0.0143850623987806	0.0179098790130513	0.018672001524245	0.0110507764123082	0.0142897970848813	0.0023816328474802	0.0100028579594169	0.0110507764123082	0.0030484900447746	0.0029532247308754	1	2169992
7	Whitewater Arroyo mammarenavirus	0.0026804518475971	0.0021060693088263	0.0127321462760865	0.0169442848937392	0.0217308060501627	0.0150296764311698	0.015891250239326	0.0143595634692705	0.0136894505073712	0.0116791116216733	0.0193375454719509	0.0233582232433467	0.0170400153168677	0.0176143978556385	0.0101474248516178	0.0105303465441317	0.0130193375454719	0.0069883208883783	0.0020103388856978	0.0098602335822324	0.0260386750909439	0.0354202565575339	0.0291977790541834	0.0101474248516178	0.0115833811985448	0.0302508137085965	0.0023932605782117	0.0243155274746314	0.0177101282787669	0.0193375454719509	0.028910587784798	0.0251771012827876	0.0025847214244686	0.0277618227072563	0.0129236071223434	0.0102431552747463	0.0268045184759716	0.0181887803944093	0.01751866743251	0.015891250239326	0.0186674325100516	0.0170400153168677	0.0101474248516178	0.0185717020869232	0.0220179973195481	0.0163699023549684	0.0221137277426766	0.0258472142446869	0.0278575531303848	0.0081370859659199	0.0140723721998851	0.0187631629331801	0.0169442848937392	0.0088071989278192	0.0171357457399961	0.0189546237794371	0.0183802412406662	0.0115833811985448	0.012636415852958	0.0024889910013402	0.0083285468121769	0.0111047290829025	0.0027761822707256	0.0021060693088263	1	46919
8	Mammalian 2 bornavirus	0.0080718508412914	0.0050022737608003	0.0146657571623465	0.0156889495225102	0.0217144156434743	0.0171668940427467	0.015006821282401	0.0092087312414733	0.0178490222828558	0.0177353342428376	0.019781718963165	0.0212596634834015	0.0139836289222373	0.0133015006821282	0.0125056844020009	0.0110277398817644	0.0153478854024556	0.0102319236016371	0.0038653933606184	0.0123919963619827	0.0214870395634379	0.019781718963165	0.022169167803547	0.0109140518417462	0.010800363801728	0.0250113688040018	0.0070486584811277	0.0201227830832196	0.0184174624829467	0.0184174624829467	0.0211459754433833	0.0226239199636198	0.0062528422010004	0.0187585266030013	0.0175079581628012	0.0126193724420191	0.0262619372442019	0.0186448385629831	0.0212596634834015	0.0168258299226921	0.0202364711232378	0.0209185993633469	0.0120509322419281	0.0192132787630741	0.015575261482492	0.0177353342428376	0.0180763983628922	0.017962710322874	0.0239881764438381	0.0125056844020009	0.0140973169622555	0.0148931332423829	0.0139836289222373	0.0110277398817644	0.0219417917235106	0.0229649840836743	0.0178490222828558	0.0135288767621646	0.0139836289222373	0.0078444747612551	0.0100045475216007	0.0121646202819463	0.0098908594815825	0.0056844020009095	1	1897087
9	Middle East respiratory syndrome-related coronavirus	0.0061759139356509	0.0058438755520138	0.0154729886774911	0.0143440581731248	0.0189925955440448	0.014310854334761	0.0167015306969485	0.0187933725138626	0.0194242454427731	0.0092970747418401	0.0154397848391274	0.0114885280738453	0.0111564896902081	0.0141116313045788	0.0189261878673174	0.0134475545373045	0.0118537702958462	0.0110900820134807	0.0065411561576518	0.0191918185742271	0.0244380250356941	0.029219377760069	0.0280904472557027	0.0151409502938539	0.011289305043663	0.0167679383736759	0.0067735830261978	0.0163694923133114	0.0158714347378556	0.0208852143307766	0.0198226915031377	0.0207523989773217	0.0090646478732941	0.0203539529169572	0.0097951323172958	0.0116213434273001	0.019092207059136	0.0173656074642228	0.0147425042334893	0.0130823123153036	0.0149085234253079	0.0238071521067835	0.0054454294916492	0.02118404887605	0.0290865624066142	0.0245376365507852	0.0192914300893183	0.0221801640269615	0.0246704519042401	0.0188265763522263	0.0209184181691403	0.0142112428196699	0.019092207059136	0.0082677557525649	0.0232758906929641	0.0262642361456984	0.0128830892851213	0.0105588205996613	0.0116877511040276	0.0041172759571006	0.0153733771623999	0.0075704751469269	0.0044493143407377	0.0042500913105555	1	1335626
10	Severe acute respiratory syndrome-related coronavirus	0.0058489360986923	0.0044707385122188	0.0144206527950519	0.0162022252848835	0.0262193687182762	0.0148912568489697	0.0150593297253689	0.0184880164039127	0.0187233184308716	0.0116978721973847	0.0155971629298463	0.0112944972940266	0.0070590608087666	0.0116306430468251	0.0187233184308716	0.0118323304985041	0.0139836633164139	0.0098490705569935	0.0049749571414165	0.0209082658240613	0.0240344213250865	0.0274631080036303	0.0260849104171568	0.0139164341658543	0.0099835288581128	0.0202023597431846	0.0052102591683754	0.0185888601297522	0.013344986386097	0.0191603079095095	0.0255806917879592	0.0219167030824565	0.007193519109886	0.022017546808296	0.0132777572355373	0.0117651013479444	0.0244714108037244	0.0188913913072708	0.0180846415005546	0.0152610171770479	0.0180510269252748	0.0260849104171568	0.0049749571414165	0.022017546808296	0.0267235873474738	0.019698141113987	0.0189250058825506	0.0190930787589498	0.0244377962284446	0.0199334431409459	0.0220847759588557	0.0120004033749033	0.0188913913072708	0.0078658106154828	0.0190258496083901	0.0231604423678106	0.0133113718108171	0.0123365491277017	0.0130760697838582	0.0030589263504655	0.0147231839725705	0.0047732696897374	0.0046724259638979	0.0027563951729469	1	694009
11	Bundibugyo ebolavirus	0.0067060935684866	0.0048051536593093	0.015946773682543	0.0171084591825958	0.0244481993874749	0.0177949097053543	0.0134121871369732	0.0108776005914035	0.013042559932411	0.014573872637026	0.0187453796599429	0.0213855739782448	0.0172668708416939	0.0165804203189354	0.0155771464779807	0.0106663850459393	0.0143626570915619	0.0088710529094941	0.0041187031365508	0.0117224627732601	0.0171612630689618	0.0237089449783504	0.0191150068645052	0.0096103073186186	0.0085014257049318	0.0230752983419579	0.0063892702502904	0.0181645369099165	0.0185869680008448	0.0196430457281655	0.0306262540923011	0.028936529728588	0.0046467420002112	0.0200126729327278	0.0136762065688034	0.0135177949097053	0.0312599007286936	0.0209103390009504	0.021755201182807	0.020329496250924	0.0213855739782448	0.0171612630689618	0.0095046995458865	0.0179533213644524	0.0133593832506072	0.0124617171823846	0.0175836941598901	0.0151547153870524	0.026085119864822	0.0146794804097581	0.0146794804097581	0.0147322842961241	0.0139402260006336	0.0100855422959129	0.017372478614426	0.0190093990917731	0.0209103390009504	0.0135705987960713	0.0179533213644524	0.0078149751821734	0.0091878762276903	0.0121448938641884	0.0099799345231809	0.0056500158411659	1	565995
12	Sudan ebolavirus	0.0052985746834101	0.0030201875695437	0.0138292799237005	0.0141471944047051	0.0220950564298203	0.0173263392147512	0.0154188523287235	0.0096434059238064	0.0138822656705346	0.0166375245059079	0.0202405552906268	0.0205584697716314	0.0165845387590738	0.0166375245059079	0.0152069093413871	0.0122397075186774	0.0171673819742489	0.0090075769617972	0.003179144810046	0.0123456790123456	0.0189688973666083	0.0225189424044931	0.0196047263286176	0.0105971493668203	0.0095374344301382	0.0229958141260001	0.0056694749112488	0.018280082657765	0.0210883272399724	0.0209293699994701	0.030254861442272	0.0276055741005669	0.0040269167593917	0.0220420706829862	0.0155248238223917	0.0132994224553595	0.0290361892650876	0.0222010279234885	0.021406241720977	0.0196047263286176	0.0197636835691199	0.0189159116197742	0.0112329783288295	0.0161606527844009	0.0127695649870184	0.0134583796958618	0.0184920256451014	0.0170614104805807	0.0262279446828803	0.0131934509616913	0.0141471944047051	0.0133524082021936	0.0146770518730461	0.0101202776453134	0.0206644412652996	0.0205584697716314	0.0199226408096222	0.0126106077465161	0.0157897525565622	0.0059344036454193	0.0101732633921475	0.012027764531341	0.0078948762782811	0.0051926031897419	1	186540
13	Tai forest ebolavirus	0.006549411081181	0.0050176939734854	0.0170601595098505	0.0191200549305445	0.0277293614324195	0.0195954154122431	0.0148418105952569	0.0104579305973696	0.0140495431257592	0.0153171710769555	0.0195425975809433	0.0212855860138382	0.0162150742090529	0.0149474462578566	0.0147889927639571	0.0108804732477684	0.0143664501135583	0.0091374848148735	0.0032218877092906	0.0125178260180636	0.0179580626419479	0.0212855860138382	0.0197010510748428	0.0094015739713727	0.0092431204774731	0.0227644852902339	0.0066550467437807	0.0192256905931442	0.0182221517984471	0.0181693339671473	0.032747055405905	0.0258807373369249	0.0034859768657898	0.0199123224000422	0.0133629113188612	0.0147889927639571	0.0319019701051074	0.0223419426398352	0.0221834891459356	0.0198066867374425	0.0216553108329372	0.0161094385464532	0.0085564886705751	0.0171657951724502	0.0129403686684624	0.0125706438493635	0.0174827021602493	0.0173770664976496	0.0247187450483283	0.0147361749326572	0.0137326361379601	0.0148946284265568	0.0143664501135583	0.0098769344530713	0.0156868958960545	0.0180636983045476	0.0223419426398352	0.0132572756562615	0.01721861300375	0.0060212327681825	0.0083980351766756	0.0131516399936618	0.0085564886705751	0.0054402366238842	1	186541
14	Zaire ebolavirus	0.0070686290024792	0.0051695943450967	0.0148230205201244	0.0155087830352903	0.02663923616606	0.018251833095954	0.0153505301471751	0.0112887060188848	0.0137680012660231	0.0159307907369309	0.0183573350213641	0.0202036187160415	0.0139790051168433	0.0124492271983963	0.0131877406762673	0.0100226829139631	0.0154032811098802	0.0094951732869124	0.0043783299045207	0.012185472384871	0.018304584058659	0.0245291976578572	0.0200981167906314	0.0100226829139631	0.0098644300258479	0.0232631745529355	0.0070686290024792	0.0188320936857097	0.0189903465738249	0.0206783773803871	0.0328110988025531	0.0283800179353273	0.0051168433823917	0.0225246610750646	0.015983541699636	0.0127657329746267	0.0301735506672996	0.0214696418209632	0.0222081552988342	0.0211531360447328	0.0221554043361291	0.0173023157672627	0.0087566598090415	0.0169858099910323	0.012976736825447	0.012976736825447	0.0179353273197235	0.0167220551775069	0.0277470063828664	0.0131349897135622	0.0132404916389724	0.0130294877881521	0.0138207522287281	0.0092841694360922	0.0186738407975945	0.0209948831566176	0.0180935802078387	0.0140845070422535	0.0141900089676636	0.006910376114364	0.0093369203987972	0.0087566598090415	0.0089149126971567	0.0062773645619032	1	186538
15	Marburg marburgvirus	0.0057033723150982	0.0027470371242445	0.0133427517463307	0.0131072914213954	0.0242262512100044	0.0163252491955105	0.0159589775789446	0.0104125788138032	0.0125317217382204	0.0154095701540957	0.0196740182612563	0.0210344556942155	0.0137613478795489	0.0137875101378751	0.013395076262983	0.0115637181801533	0.0139968082044842	0.0066452136148392	0.0027208748659184	0.010752688172043	0.0205373727860188	0.0299819480417549	0.0217146744106951	0.0084242471810166	0.0089213300892133	0.0250634434764408	0.0053632629568584	0.018679852444863	0.0223425686105224	0.0237291683018078	0.036600999398268	0.0316040080579755	0.0046568819820526	0.0219762969939565	0.013028804646417	0.0111974465635873	0.02791512963399	0.0225518666771315	0.0223425686105224	0.0224995421604792	0.0199879653611699	0.0187060147031891	0.0091306281558224	0.0164560604871412	0.0160113020955968	0.0154357324124218	0.0197001805195824	0.0188106637364937	0.0308714648248436	0.0131596159380477	0.0125055594798943	0.0136828611045705	0.0121916123799806	0.0062789419982732	0.0229966250686759	0.0254297150930068	0.0134212385213091	0.0116422049551317	0.0118515030217408	0.0046830442403788	0.0102817675221725	0.0094707375140622	0.0071161342647097	0.0039505010072469	1	11269
16	Cacipacore virus	0.0082668741489982	0.0066134993191985	0.0177008364131491	0.0164364909550671	0.0242170783894184	0.021396615444466	0.0148803734681968	0.0227582182454775	0.0322894378525578	0.032094923166699	0.0187706671853724	0.0130324839525384	0.0095312196070803	0.0112818517798093	0.0087531608636452	0.0082668741489982	0.0211048434156778	0.0168255203267846	0.0090449328924333	0.0177008364131491	0.0116708811515269	0.0110873370939505	0.0197432406146664	0.0140050573818323	0.0099202489787979	0.0185761524995137	0.0098229916358685	0.0199377553005251	0.0098229916358685	0.0061272126045516	0.0292744602217467	0.0135187706671853	0.008461388834857	0.0252869091616417	0.025384166504571	0.0187706671853724	0.021396615444466	0.0256759385333592	0.0259677105621474	0.0310250923944757	0.0192569539000194	0.0256759385333592	0.0154639175257731	0.0130324839525384	0.0158529468974907	0.0141995720676911	0.0119626531803151	0.0134215133242559	0.0104065356934448	0.008461388834857	0.0148803734681968	0.0148803734681968	0.0201322699863839	0.0126434545808208	0.0066134993191985	0.0045710951176813	0.0186734098424431	0.0176035790702198	0.014685858782338	0.0069052713479867	0.0063217272904104	0.0089476755495039	0.0094339622641509	0.0095312196070803	1	64305
17	Ilheus virus	0.0072537896401004	0.0096717195201339	0.0185994606156421	0.0196224309495024	0.0221333581326141	0.0206454012833627	0.0143215846740444	0.0206454012833627	0.0332000371989212	0.033572026411234	0.0154375523109829	0.014600576583279	0.0117176601878545	0.0124616386124802	0.0083697572770389	0.0066028085185529	0.0207383985864409	0.0197154282525806	0.0103227006416813	0.0158095415232958	0.0133916116432623	0.0112526736724635	0.0186924579187203	0.0125546359155584	0.0113456709755417	0.0209243931925974	0.0102297033386031	0.0214823770110666	0.0056728354877708	0.0044638705477541	0.0214823770110666	0.0124616386124802	0.0079047707616479	0.0213893797079884	0.0239003068911001	0.0180414767971728	0.0262252394680554	0.0221333581326141	0.0202734120710499	0.022970333860318	0.0190644471310332	0.0236213149818655	0.0196224309495024	0.0160885334325304	0.014135590067888	0.0115316655816981	0.0121826467032456	0.0125546359155584	0.0106946898539942	0.0079047707616479	0.0149725657955919	0.0143215846740444	0.0207383985864409	0.01766948758486	0.0052078489723798	0.0047428624569887	0.0263182367711336	0.0202734120710499	0.0184134660094857	0.0090207383985864	0.0053938435785362	0.0140425927648098	0.0073467869431786	0.0119036547940109	1	59563
18	Japanese encephalitis virus	0.0084745762711864	0.0092946965554948	0.0188627665390924	0.0177692728266812	0.0204118826316748	0.021869874248223	0.0131219245489338	0.0205030071077091	0.0319846910880262	0.0314379442318206	0.0156734098778932	0.0122106797885912	0.0122106797885912	0.0133041735010023	0.0102059413158374	0.0112083105522143	0.0223254966283943	0.0189538910151266	0.0088390741753234	0.019774011299435	0.0140331693092764	0.0110260616001458	0.0169491525423728	0.0138509203572079	0.0135775469291051	0.018407144158921	0.0116639329323856	0.0181337707308183	0.0087479496992892	0.0051940951339529	0.0254237288135593	0.0135775469291051	0.0102970657918716	0.0200473847275378	0.025332604337525	0.0191361399671951	0.0205030071077091	0.0236923637689083	0.0276107162383816	0.0282485875706214	0.01667577911427	0.0228722434845999	0.0184982686349553	0.0143976672134135	0.0133041735010023	0.0102970657918716	0.0103881902679059	0.0109349371241115	0.0100236923637689	0.0092946965554948	0.0152177874977218	0.0138509203572079	0.0202296336796063	0.0151266630216876	0.0064698377984326	0.0070165846546382	0.0205941315837433	0.0184982686349553	0.0157645343539274	0.0092035720794605	0.0061964643703298	0.0126663021687625	0.0086568252232549	0.0099325678877346	1	11072
19	Kyasanur forest disease virus	0.0070368228262965	0.0099286678234046	0.0186042028147291	0.0173510699826489	0.020242914979757	0.0227491806439174	0.013977250819356	0.0286292654713707	0.0403894351262772	0.0345093502988239	0.0130133024869866	0.0112781954887218	0.0133988818199344	0.0150375939849624	0.0073260073260073	0.004626951995373	0.0261229998072103	0.0254482359745517	0.0104106419895893	0.0179294389820705	0.0133024869866975	0.0103142471563524	0.0188933873144399	0.0205320994794679	0.0126277231540389	0.0151339888181993	0.0118565644881434	0.0175438596491228	0.0048197416618469	0.0048197416618469	0.0144592249855407	0.009253903990746	0.0076151918257181	0.020339309812994	0.0304607673028725	0.0144592249855407	0.017158280316175	0.0198573356468093	0.0231347599768652	0.0212068633121264	0.014073645652593	0.0213032581453634	0.0286292654713707	0.012434933487565	0.0160015423173317	0.0112781954887218	0.0100250626566416	0.0128205128205128	0.0087719298245614	0.0064584538268748	0.0151339888181993	0.0144592249855407	0.0231347599768652	0.0180258338153075	0.006265664160401	0.0044341623288991	0.0208212839791787	0.0224599961442066	0.0158087526508579	0.0113745903219587	0.0055909003277424	0.0117601696549064	0.0091575091575091	0.013977250819356	1	33743
20	Murray Valley encephalitis virus	0.0049945513984743	0.0075372321104249	0.0185252451870686	0.0169814747548129	0.0203414456956047	0.0226116963312749	0.0158009444242644	0.0207954958227388	0.0323283690519433	0.0324191790773701	0.0176171449328005	0.0108972030512168	0.0104431529240828	0.0108972030512168	0.008445332364693	0.0090810025426807	0.0208863058481656	0.0144387940428623	0.0075372321104249	0.0172539048310933	0.0132582637123138	0.0177079549582273	0.0224300762804213	0.0147112241191427	0.010352342898656	0.0176171449328005	0.0099891027969487	0.0186160552124954	0.0107155830003632	0.0085361423901198	0.0285143479840174	0.016436614602252	0.0068107519070105	0.023973846712677	0.0246095168906647	0.0198873955684707	0.0206138757718852	0.0247911369415183	0.0246095168906647	0.0289683981111514	0.0168906647293861	0.0244278968398111	0.0149836541954231	0.0141663639665819	0.0149836541954231	0.0127134035597529	0.0110788231020704	0.0095350526698147	0.0150744642208499	0.0090810025426807	0.0161641845259716	0.0102615328732292	0.0197965855430439	0.0147112241191427	0.008445332364693	0.0075372321104249	0.0223392662549945	0.0170722847802397	0.015528514347984	0.0074464220849981	0.008445332364693	0.0107155830003632	0.0072648020341445	0.0083545223392662	1	11079
21	Powassan virus	0.0077512226630986	0.0089508166466734	0.0179016332933468	0.017071145150872	0.0203930977207714	0.022607732767371	0.0155947217864722	0.0269447264002952	0.0386638368552182	0.0345113961428439	0.0153178924056473	0.0119959398357479	0.0123650456768478	0.0129187044384977	0.0072898403617237	0.0066439051397988	0.0243609855125957	0.0232536679892959	0.0095044754083233	0.0189166743563716	0.0156869982467472	0.0120882162960228	0.0210390329426963	0.0171634216111469	0.0118113869151979	0.0158715511672972	0.0099658577096982	0.0194703331180215	0.0058134169973239	0.0045215465534742	0.0200239918796714	0.0104272400110731	0.0075666697425486	0.022515456307096	0.0292516379071698	0.0151333394850973	0.0162406570083971	0.0207622035618713	0.0242687090523207	0.0230691150687459	0.0126418750576727	0.0240841561317707	0.02832887330442	0.0131955338193226	0.0177170803727969	0.0127341515179477	0.0120882162960228	0.011257728153548	0.0091353695672234	0.0071052874411737	0.0150410630248223	0.011350004613823	0.0218695210851711	0.0160561040878471	0.0058134169973239	0.0044292700931992	0.0212235858632462	0.0207622035618713	0.0140260219617975	0.0083048814247485	0.0065516286795238	0.0116268339946479	0.0071052874411737	0.0119036633754729	1	11083
22	Rio Bravo virus	0.0043401065298875	0.0035509962517261	0.0131189583744328	0.0139080686525942	0.0205168672321956	0.0145985401459854	0.0165713158413888	0.0189386466758729	0.0342276583152495	0.031663049911225	0.0227855592819096	0.0145985401459854	0.0098638784770171	0.0102584336160978	0.0104557111856381	0.0087788518445452	0.017853620043401	0.010948905109489	0.0027618859735648	0.0163740382718484	0.0148944565002959	0.0192345630301834	0.0277174985204182	0.0139080686525942	0.0111461826790293	0.0223910041428289	0.005227855592819	0.0216018938646675	0.0122312093115012	0.0125271256658117	0.0365949891497336	0.0218978102189781	0.0048333004537384	0.028210692444269	0.0192345630301834	0.01154073781811	0.0227855592819096	0.0262379167488656	0.0228841980666798	0.0309725784178338	0.0180508976129414	0.0311698559873742	0.0106529887551785	0.0157822055632274	0.0216018938646675	0.0190372854606431	0.014401262576445	0.0153876504241467	0.0193332018149536	0.0093706845531663	0.014401262576445	0.0118366541724205	0.0206155060169658	0.0081870191359242	0.010948905109489	0.0111461826790293	0.0168672321956993	0.0128230420201223	0.0126257644505819	0.0035509962517261	0.0077924639968435	0.0047346616689682	0.0030578023278753	0.0044387453146577	1	64285
23	St. Louis encephalitis virus	0.0056698673982624	0.0074988568815729	0.0190214906264288	0.0166438042981252	0.0249657064471879	0.0215820759030635	0.013808870598994	0.0206675811614083	0.0325560128029263	0.0353909465020576	0.0186556927297668	0.0133516232281664	0.0108824874256973	0.0110653863740283	0.0086877000457247	0.0063100137174211	0.021490626428898	0.0153635116598079	0.0092363968907178	0.0151806127114769	0.011705532693187	0.0119798811156835	0.0226794695930498	0.0132601737540009	0.009967992684042	0.017466849565615	0.0094192958390489	0.0186556927297668	0.0065843621399176	0.0065843621399176	0.0282578875171467	0.013808870598994	0.0067672610882487	0.0238683127572016	0.0246913580246913	0.0192958390489254	0.0256973022405121	0.0256058527663465	0.0236854138088705	0.0295381801554641	0.0224051211705532	0.0240512117055326	0.0168267032464563	0.0152720621856424	0.017466849565615	0.0134430727023319	0.0106081390032007	0.0092363968907178	0.0137174211248285	0.0085962505715592	0.0144490169181527	0.0093278463648834	0.0209419295839048	0.0131687242798353	0.0065843621399176	0.0055784179240969	0.0211248285322359	0.0183813443072702	0.0162780064014631	0.0081390032007315	0.0072245084590763	0.0114311842706904	0.0083219021490626	0.0098765432098765	1	11080
24	Tick-borne encephalitis virus	0.0077206212406858	0.0082592692342221	0.0192117784361253	0.0168776371308016	0.0207379477511446	0.0213663704102702	0.0131071011760481	0.0281892449950623	0.0383337822066612	0.0330370769368884	0.0147230451566567	0.0082592692342221	0.0105036358739563	0.0143639464942993	0.0067330999192028	0.0051171559385941	0.0238800610467726	0.0236107370500044	0.0097854385492414	0.020109525092019	0.0143639464942993	0.0106831852051351	0.0188526797737678	0.020109525092019	0.0131071011760481	0.0161594398060867	0.0122991291857437	0.0161594398060867	0.0057455785977197	0.0037705359547535	0.0237902863811832	0.0099649878804201	0.0079001705718646	0.0238800610467726	0.0320495556154053	0.0155310171469611	0.0175060597899272	0.0198402010952509	0.0259448783553281	0.0235209623844151	0.0149923691534249	0.0234311877188257	0.0280096956638836	0.0131968758416374	0.0175958344555166	0.0120298051889756	0.0116707065266181	0.01140138252985	0.0083490438998114	0.0082592692342221	0.0158003411437292	0.0127480025136906	0.0251369063650237	0.0140946224975311	0.0049376066074153	0.0042194092827004	0.0158003411437292	0.0203788490887871	0.0142741718287099	0.0087081425621689	0.0053864799353622	0.012119579854565	0.0078103959062752	0.014543495825478	1	11084
25	Yellow fever virus	0.0043278084714548	0.0069060773480662	0.0156537753222836	0.0140883977900552	0.0216390423572744	0.0197974217311233	0.0154696132596685	0.023756906077348	0.0358195211786372	0.0340699815837937	0.0168508287292817	0.0129834254143646	0.0142725598526703	0.0165745856353591	0.0086556169429097	0.0069981583793738	0.0246777163904235	0.0181399631675874	0.0062615101289134	0.0175874769797421	0.0139042357274401	0.0151933701657458	0.0217311233885819	0.0158379373848987	0.011049723756906	0.0181399631675874	0.0067219152854511	0.0207182320441988	0.0083793738489871	0.0056169429097605	0.024585635359116	0.0150092081031307	0.0043278084714548	0.0271639042357274	0.0261510128913443	0.0130755064456721	0.0209023941068139	0.0240331491712707	0.0238489871086556	0.0284530386740331	0.0159300184162062	0.0267034990791896	0.0196132596685082	0.0130755064456721	0.0180478821362799	0.0139963167587476	0.0122467771639042	0.0132596685082872	0.0123388581952117	0.0077348066298342	0.0152854511970534	0.013720073664825	0.0241252302025782	0.0139042357274401	0.0078268876611418	0.0062615101289134	0.020073664825046	0.0180478821362799	0.0143646408839779	0.0058931860036832	0.0048802946593001	0.0113259668508287	0.0044198895027624	0.0075506445672191	1	11089
26	Hepacivirus C	0.013475935828877	0.0170053475935828	0.0172192513368983	0.0194652406417112	0.0161497326203208	0.0196791443850267	0.0119786096256684	0.0205347593582887	0.0243850267379679	0.0192513368983957	0.0119786096256684	0.0162566844919786	0.0185026737967914	0.0201069518716577	0.0111229946524064	0.0064171122994652	0.0162566844919786	0.0234224598930481	0.0162566844919786	0.0191443850267379	0.0188235294117647	0.0111229946524064	0.0149732620320855	0.0172192513368983	0.015187165775401	0.0167914438502673	0.0124064171122994	0.0179679144385026	0.0075935828877005	0.0071657754010695	0.0096256684491978	0.0097326203208556	0.0119786096256684	0.0144385026737967	0.0185026737967914	0.01475935828877	0.0173262032085561	0.013475935828877	0.0150802139037433	0.0101604278074866	0.0114438502673796	0.0152941176470588	0.0226737967914438	0.0152941176470588	0.0137967914438502	0.0106951871657754	0.0144385026737967	0.0158288770053475	0.0089839572192513	0.0144385026737967	0.0198930481283422	0.0187165775401069	0.021711229946524	0.0223529411764705	0.0084491978609625	0.0091978609625668	0.0241711229946524	0.0192513368983957	0.0207486631016042	0.0173262032085561	0.0085561497326203	0.0233155080213903	0.0111229946524064	0.0193582887700534	1	11103
27	Andes orthohantavirus	0.0029747149231531	0.0011568335812262	0.0170219798380432	0.0142125268550652	0.024706660056189	0.0185093372996199	0.0179309205090067	0.0143777887952404	0.0188398611799702	0.017269872748306	0.0218145761031234	0.0152867294662039	0.008428358948934	0.0109899190216493	0.0150388365559411	0.0137167410345397	0.0179309205090067	0.0083457279788464	0.0015699884316641	0.0120641216327879	0.0159477772269046	0.0267724343083787	0.0234671955048752	0.0143777887952404	0.0097504544703354	0.0214014212526855	0.0033052388035035	0.0202445876714592	0.0232193025946124	0.0222277309535613	0.0336308048256486	0.0243761361758387	0.0024789291026276	0.0233845645347876	0.0143777887952404	0.0120641216327879	0.0222277309535613	0.0266071723682036	0.0252850768468021	0.0223103619236489	0.0157825152867294	0.0255329697570649	0.0109899190216493	0.016278301107255	0.0218145761031234	0.018674599239795	0.0150388365559411	0.0161956701371674	0.0280118988596926	0.0146256817055032	0.0149562055858535	0.0089241447694595	0.0156172533465542	0.0058667988762188	0.0256156007271525	0.0241282432655759	0.0120641216327879	0.0109072880515617	0.011237811931912	0.0024789291026276	0.0137993720046273	0.0051231201454305	0.0034705007436787	0.0032226078334159	1	1980456
28	Bayou orthohantavirus	0.0032001312874374	0.0013949290227291	0.0177238040534996	0.0104209403462706	0.0218265364732912	0.0202674981537704	0.0196110609666037	0.015098055304833	0.0169032575695413	0.014113399524083	0.0203495528021662	0.0156724378436038	0.0108312135882497	0.012636415852958	0.015098055304833	0.0159186017887913	0.0195290063182079	0.0103388856978747	0.0020513662098957	0.0128825797981455	0.0158365471403955	0.0269959793222286	0.0219906457700828	0.0159186017887913	0.0105850496430622	0.0203495528021662	0.0030360219906457	0.0184622958890621	0.022893246902437	0.0220727004184787	0.0302781652580618	0.0245343398703536	0.0019693115614999	0.0254369410027078	0.0168212029211454	0.0124723065561664	0.0220727004184787	0.0265857060802494	0.0279806351029785	0.0224829736604578	0.0155083285468121	0.0240420119799786	0.0113235414786247	0.0166570936243538	0.0211700992861245	0.0193648970214162	0.0147698367112496	0.0152621646016246	0.0249446131123328	0.0128005251497497	0.0155083285468121	0.0086157380815623	0.0178879133502912	0.0070566997620415	0.0242061212767703	0.023385574792812	0.0113235414786247	0.0114876507754164	0.0086977927299581	0.0026257487486666	0.013621071633708	0.0075490276524165	0.0036104045294165	0.0039386231229999	1	1980459
29	Black creek canal orthohantavirus	0.0036273701566364	0.0013190436933223	0.0159934047815333	0.0120362737015663	0.0265457543281121	0.0171475680131904	0.017477328936521	0.014674361088211	0.017477328936521	0.0135201978565539	0.0173124484748557	0.0138499587798845	0.0092333058532563	0.0123660346248969	0.0163231657048639	0.0164880461665292	0.0173124484748557	0.0098928276999175	0.0013190436933223	0.0171475680131904	0.0178070898598516	0.022588623248145	0.0234130255564715	0.0151690024732069	0.0098928276999175	0.0196207749381698	0.0028029678483099	0.0178070898598516	0.020280296784831	0.021434460016488	0.0324814509480626	0.0267106347897774	0.002308326463314	0.0235779060181368	0.0131904369332234	0.0125309150865622	0.0258862324814509	0.0235779060181368	0.0230832646331409	0.0204451772464962	0.017477328936521	0.0239076669414674	0.0120362737015663	0.0181368507831821	0.0235779060181368	0.0204451772464962	0.0150041220115416	0.0150041220115416	0.0268755152514427	0.015828524319868	0.0171475680131904	0.0087386644682605	0.0197856553998351	0.0064303380049464	0.0230832646331409	0.0267106347897774	0.010717230008244	0.0128606760098928	0.010717230008244	0.0032976092333058	0.0135201978565539	0.0056059356966199	0.0036273701566364	0.0037922506183017	1	1980460
30	Choclo orthohantavirus	0.0045977011494252	0.0012378426171529	0.017683465959328	0.0141467727674624	0.0222811671087533	0.0199823165340406	0.017683465959328	0.0166224580017683	0.0192749778956675	0.0150309460654288	0.0196286472148541	0.0189213085764809	0.0102564102564102	0.0125552608311229	0.0160919540229885	0.0106100795755968	0.0190981432360742	0.0114942528735632	0.0015915119363395	0.0150309460654288	0.0198054818744473	0.0238726790450928	0.0224580017683465	0.0157382847038019	0.0093722369584438	0.0219274977895667	0.0022988505747126	0.0196286472148541	0.0192749778956675	0.0229885057471264	0.0360742705570291	0.0222811671087533	0.0022988505747126	0.0240495137046861	0.0114942528735632	0.0127320954907161	0.0212201591511936	0.0263483642793987	0.0189213085764809	0.0196286472148541	0.0152077807250221	0.0215738284703801	0.0141467727674624	0.0192749778956675	0.0215738284703801	0.0189213085764809	0.0167992926613616	0.017683465959328	0.0235190097259062	0.0153846153846153	0.0150309460654288	0.0093722369584438	0.0192749778956675	0.0061892130857648	0.0217506631299734	0.0229885057471264	0.0130857648099027	0.0106100795755968	0.0114942528735632	0.0022988505747126	0.0123784261715296	0.0079575596816976	0.0033598585322723	0.0038903625110521	1	1980465
31	Dobrava-Belgrade orthohantavirus	0.0026186855887818	0.0015205271160669	0.0179929042067916	0.0106436898124683	0.0238215914850481	0.0161344821760432	0.0156276398040209	0.0153742186180097	0.0187531677648251	0.0156276398040209	0.0195134313228585	0.0168102720054063	0.0099678999831052	0.0127555330292279	0.0140226389592836	0.013008954215239	0.0179929042067916	0.0093765838824125	0.0014360533873965	0.0126710593005575	0.0177394830207805	0.0266936982598411	0.023145801655685	0.0145294813313059	0.0084473728670383	0.0230613279270146	0.0026186855887818	0.0225544855549924	0.0215408008109477	0.0186686940361547	0.0327758067241088	0.0244973813144112	0.002872106774793	0.025342118601115	0.0139381652306132	0.0124176381145463	0.027538435546545	0.0272850143605338	0.0243284338570704	0.0229768541983443	0.017401588106099	0.025342118601115	0.0118263220138536	0.0172326406487582	0.0215408008109477	0.0193444838655178	0.016979219462747	0.0162189559047136	0.0254265923297854	0.0151207974319986	0.0157121135326913	0.0096300050684237	0.0174860618347693	0.0069268457509714	0.0225544855549924	0.0223855380976516	0.0119952694711944	0.011235005913161	0.0107281635411387	0.002872106774793	0.0114039533705017	0.006842372022301	0.0023652644027707	0.0027876330461226	1	1980467
32	Hantaan orthohantavirus	0.0025331419403867	0.0014354470995524	0.0180697458414253	0.0113991387317402	0.0255002955332263	0.0196740690703369	0.0194207548762982	0.0126657097019336	0.0180697458414253	0.0176475555180275	0.0214472684286076	0.0161276703537954	0.0115680148610993	0.0120746432491767	0.0143544709955247	0.0152832897069999	0.0188296884235413	0.0087815587266739	0.001519885164232	0.0114835767964198	0.0155366039010385	0.0253314194038672	0.0219538968166849	0.0127501477666131	0.0092037490500717	0.0201806974584142	0.0025331419403867	0.0217005826226462	0.0254158574685468	0.0203495735877733	0.0323397787722705	0.0246559148864308	0.002279827746348	0.0238115342396352	0.0162965464831546	0.0139322806721269	0.0238959723043147	0.025753609727265	0.0248247910157899	0.0222916490754031	0.0161276703537954	0.0244026006923921	0.0130879000253314	0.014692223254243	0.019842945199696	0.0182386219707844	0.0162965464831546	0.0153677277716794	0.0289622561850882	0.0157054800303977	0.0130034619606518	0.0080216161445579	0.0157054800303977	0.0060795406569281	0.0271046187621379	0.0244870387570716	0.0129190238959723	0.00954150130879	0.0100481296968673	0.0027020180697458	0.0141855948661656	0.0049818458160938	0.0032930845225027	0.002279827746348	1	1980471
33	Laguna Negra orthohantavirus	0.0019642857142857	0.00125	0.0169642857142857	0.0139285714285714	0.0267857142857142	0.0198214285714285	0.0155357142857142	0.0139285714285714	0.0192857142857142	0.0155357142857142	0.0183928571428571	0.0198214285714285	0.0121428571428571	0.0130357142857142	0.0166071428571428	0.0101785714285714	0.0176785714285714	0.0114285714285714	0.0007142857142857	0.0144642857142857	0.0175	0.02625	0.0241071428571428	0.0130357142857142	0.0098214285714285	0.0248214285714285	0.0021428571428571	0.0244642857142857	0.0205357142857142	0.0210714285714285	0.0321428571428571	0.0219642857142857	0.0017857142857142	0.0203571428571428	0.0144642857142857	0.0116071428571428	0.0257142857142857	0.0225	0.0221428571428571	0.0169642857142857	0.0192857142857142	0.0230357142857142	0.0126785714285714	0.0178571428571428	0.0233928571428571	0.0171428571428571	0.015	0.015	0.0264285714285714	0.0157142857142857	0.015	0.0092857142857142	0.0169642857142857	0.0071428571428571	0.025	0.0219642857142857	0.0153571428571428	0.01	0.0121428571428571	0.0030357142857142	0.0128571428571428	0.0080357142857142	0.0017857142857142	0.0030357142857142	1	1980476
34	Sangassou orthohantavirus	0.0034387318627862	0.0010903296150297	0.0168581732785372	0.0124129833095697	0.0208840057032626	0.0181162459112639	0.0165226872431435	0.0137549274511448	0.017193659313931	0.0157678436635075	0.0182839889289608	0.0168581732785372	0.0098968380441164	0.0112387821856915	0.0136710559422964	0.0129162123626604	0.0190388325085968	0.0087226369202381	0.0017613016858173	0.0128323408538119	0.0187872179820514	0.0301937431854399	0.0252453241633817	0.0150968715927199	0.0102323240795101	0.0223936928625345	0.0030193743185439	0.0197936760882328	0.0214711062652017	0.0196259330705359	0.0320389163801056	0.024742095110291	0.0028516313008471	0.0255808101987754	0.0152646146104168	0.0115742682210852	0.0222259498448377	0.0256646817076239	0.0248259666191394	0.0234001509687159	0.0148452570661746	0.0230646649333221	0.011909754256479	0.0183678604378092	0.0206323911767172	0.0191227040174452	0.0161872012077497	0.0175291453493248	0.0282646984819256	0.0124968548184181	0.0161872012077497	0.0099807095529648	0.0175291453493248	0.0061226201459364	0.0268388828315021	0.024742095110291	0.0124129833095697	0.0124129833095697	0.0098968380441164	0.0021806592300595	0.0119936257653275	0.0055355195839973	0.0031871173362408	0.0032709888450893	1	1980489
35	Sin Nombre orthohantavirus	0.0030044660982541	0.0011368250101502	0.0159967519285424	0.0106374340235485	0.0223304912708079	0.0189200162403572	0.0190012180267965	0.0146975233455136	0.0172959805115712	0.0140479090539991	0.0213560698335363	0.0152659358505887	0.0100690215184734	0.0095818107998375	0.0127486804709703	0.0148599269183922	0.0182704019488428	0.0095006090133982	0.0019488428745432	0.0138043036946812	0.0159155501421031	0.0293950466910272	0.0221680876979293	0.0155907429963459	0.0108810393828664	0.0230613073487616	0.0048721071863581	0.0189200162403572	0.0227365002030044	0.0214372716199756	0.0301258627689809	0.0235485180673974	0.0044660982541615	0.0224928948436865	0.0162403572878603	0.0131546894031668	0.0240357287860332	0.0267965895249695	0.026390580592773	0.0202192448233861	0.015347137637028	0.0241169305724725	0.0112058465286236	0.0137231019082419	0.0227365002030044	0.0213560698335363	0.0170523751522533	0.0156719447827852	0.0297198538367844	0.0138043036946812	0.0139667072675598	0.0086073893625659	0.0155095412099066	0.0060089321965083	0.028014616321559	0.0277710109622411	0.0111246447421843	0.0088509947218838	0.0077141697117336	0.0030856678846934	0.0148599269183922	0.0055217214778725	0.0037352821762078	0.0035728786033292	1	1980491
36	Thottapalayam orthohantavirus	0.0022165387894288	0.0007672634271099	0.0156010230179028	0.0121057118499573	0.0231884057971014	0.0159420289855072	0.0167945439045183	0.0124467178175618	0.0161125319693094	0.0139812446717817	0.0212276214833759	0.0150895140664961	0.0092071611253196	0.0113384484228474	0.016538789428815	0.0146632566069906	0.0172208013640238	0.0083546462063086	0.0020460358056265	0.0129582267689684	0.017391304347826	0.0284739982949701	0.0230179028132992	0.0138107416879795	0.0086104006820119	0.021312872975277	0.002387041773231	0.0175618073316283	0.0249786871270247	0.0237851662404092	0.0401534526854219	0.0265132139812446	0.0018755328218243	0.0246376811594202	0.0145780051150895	0.0123614663256607	0.0248081841432225	0.0268542199488491	0.0256606990622335	0.0214833759590792	0.0167092924126172	0.0251491901108269	0.0102301790281329	0.0196078431372549	0.0207161125319693	0.0177323103154305	0.0152600170502983	0.0163682864450127	0.0267689684569479	0.0144075021312872	0.0153452685421994	0.0101449275362318	0.0161977834612105	0.0062233589087809	0.0266837169650468	0.0236146632566069	0.0103154305200341	0.011082693947144	0.0091219096334185	0.0028985507246376	0.0144075021312872	0.0060528559249786	0.0040920716112531	0.0028132992327365	1	2501370
37	Crimean-Congo haemorrhagic fever orthonairovirus	0.0036564981195152	0.0022983702465524	0.0199540325950689	0.0159318846636021	0.0275282072712076	0.022304638529043	0.0182824905975762	0.0148871709151692	0.015513999164229	0.0165587129126619	0.0164020058503969	0.0152005850396991	0.0098203092352695	0.0139991642290012	0.0141036356038445	0.012849979105725	0.0173944839114082	0.0096636021730045	0.0027162557459256	0.0149394066025908	0.019797325532804	0.0194839114082741	0.0216255745925616	0.0107605516088591	0.0107605516088591	0.0228792310906811	0.0045445048056832	0.0186481404095277	0.0148871709151692	0.0168198913497701	0.0345800250731299	0.0191704972837442	0.0026640200585039	0.0245507730881738	0.0171333054743	0.0168721270371918	0.0270058503969912	0.0296698704554951	0.0294086920183869	0.0273715002089427	0.0223568742164646	0.0191704972837442	0.008409945674885	0.020685332218972	0.0184914333472628	0.0157751776013372	0.0146782281654826	0.0178123694107814	0.0176556623485165	0.0123276222315085	0.0171855411617216	0.0134768073547847	0.0200585039699122	0.008409945674885	0.01269327204346	0.0169243627246134	0.0135290430422064	0.0151483493522774	0.0130066861679899	0.0037087338069368	0.0087755954868366	0.0074174676138737	0.0055892185541161	0.0040743836188884	1	1980519
38	Hendra henipavirus	0.0055945590171127	0.0028521281263712	0.0122312417727073	0.0109697235629662	0.0222136902150065	0.020129442738043	0.0183742869679684	0.0123409390083369	0.0146994295743747	0.0182645897323387	0.0250658183413777	0.0252303641948222	0.0117376042123738	0.010695480473892	0.0148639754278192	0.0127797279508556	0.0171676173760421	0.0072400175515577	0.0021939447125932	0.0108051777095217	0.0166739798157086	0.0188679245283018	0.0204036858271171	0.0102566915313734	0.0123409390083369	0.0270952172005265	0.0052654673102237	0.0178806494076349	0.0255594559017112	0.0210618692408951	0.0285761298815269	0.030495831505046	0.0034554629223343	0.0245721807810443	0.018813075910487	0.010037297060114	0.0274243089074155	0.0250109697235629	0.031154014918824	0.0236397542781921	0.0166191311978938	0.0203488372093023	0.0098179025888547	0.0157964019306713	0.0162351908731899	0.0127797279508556	0.014589732338745	0.0195261079420798	0.0256691531373409	0.0141509433962264	0.0110794207985958	0.0117924528301886	0.0134927599824484	0.0059784993418165	0.023365511189118	0.020129442738043	0.0148639754278192	0.0136573058358929	0.0121763931548924	0.0043330408073716	0.0108051777095217	0.0076788064940763	0.0071851689337428	0.003894251864853	1	63330
39	Nipah henipavirus	0.0051523788642841	0.0016443762332821	0.012168384126288	0.0101951326463494	0.0233501425126068	0.0185814514360885	0.0164985748739311	0.0099210699408024	0.0138127603595702	0.0183622012716509	0.0242819557114667	0.0254878316158737	0.0104143828107871	0.0114010085507564	0.0173755755316816	0.0124972593729445	0.0157311992983994	0.0065226923920192	0.0021925016443762	0.0101951326463494	0.015128261346196	0.0207191405393554	0.0212672659504494	0.0093729445297083	0.0095373821530366	0.0276803332602499	0.0048235036176277	0.0176496382372286	0.0253782065336549	0.0228568296426222	0.034038588028941	0.0326134619600964	0.003782065336549	0.0252137689103266	0.0186362639771979	0.0110721333040999	0.0282832712124534	0.0243367682525761	0.0307498355623766	0.0239530804648103	0.0181429511072133	0.0210480157860118	0.0092085069063801	0.0169370752028064	0.0158408243806182	0.0141416356062267	0.0157860118395088	0.0188007016005262	0.0275707081780311	0.0140868230651172	0.0109625082218811	0.0112365709274281	0.0135935101951326	0.0056456917342688	0.0249397062047796	0.0197873273404955	0.0115106336329752	0.013374260030695	0.0107432580574435	0.0038916904187678	0.0118395088796316	0.0073996930497697	0.0059197544398158	0.0047138785354089	1	121791
40	SFTS phlebovirus	0.0038300835654596	0.0028725626740947	0.0172353760445682	0.0106197771587743	0.0181058495821727	0.0244603064066852	0.0155814763231197	0.0187151810584958	0.0284644846796657	0.0256789693593314	0.0196727019498607	0.0157555710306406	0.0135793871866295	0.0167130919220055	0.0124477715877437	0.0115772980501392	0.0268976323119777	0.0170612813370473	0.0035689415041782	0.0201949860724234	0.0177576601671309	0.0126218662952646	0.0194115598885793	0.0162778551532033	0.0133182451253481	0.025591922005571	0.0035689415041782	0.0235898328690807	0.0097493036211699	0.0091399721448467	0.016800139275766	0.0129700557103064	0.0027855153203342	0.0229805013927576	0.0282033426183844	0.0177576601671309	0.0218488857938718	0.0252437325905292	0.0292479108635097	0.0194986072423398	0.0122736768802228	0.0245473537604456	0.0231545961002785	0.0134052924791086	0.0174094707520891	0.0121866295264623	0.0168871866295264	0.0215877437325905	0.0140146239554317	0.0090529247910863	0.0168871866295264	0.0186281337047353	0.0230675487465181	0.0135793871866295	0.0078342618384401	0.0076601671309192	0.0195856545961002	0.0147110027855153	0.0116643454038997	0.0025243732590529	0.0077472144846796	0.0123607242339832	0.0041782729805013	0.0036559888579387	1	1933190
41	Parechovirus B	0.0031628887717448	0.0040853979968371	0.0156826568265682	0.0142329994728518	0.0243806009488666	0.0177912493410648	0.0135740643120716	0.0158144438587243	0.0270163415919873	0.0183183974696889	0.0193726937269372	0.0131787032156035	0.0122561939905113	0.0139694254085398	0.0117290458618871	0.0080390089615181	0.0151555086979441	0.0138376383763837	0.003690036900369	0.0141012124406958	0.0198998418555614	0.0358460727464417	0.0292567211386399	0.0141012124406958	0.0093568792830785	0.0179230363732208	0.0026357406431207	0.0210859251449657	0.0139694254085398	0.0131787032156035	0.0276752767527675	0.0238534528202424	0.0030311017395888	0.0267527675276752	0.0133104902477596	0.0104111755403268	0.0241170268845545	0.0206905640484976	0.0206905640484976	0.0254348972061149	0.0181866104375329	0.0275434897206114	0.0130469161834475	0.0146283605693199	0.0191091196626252	0.0180548234053769	0.0170005271481286	0.018713758566157	0.0250395361096468	0.0123879810226673	0.0168687401159725	0.0126515550869794	0.0171323141802846	0.0117290458618871	0.0154190827622561	0.0167369530838165	0.0192409066947812	0.0102793885081707	0.0134422772799156	0.0042171850289931	0.0065893516078017	0.0127833421191354	0.0026357406431207	0.003953610964681	1	1803957
42	Primate T-lymphotropic virus 1	0.0074074074074074	0.0137566137566137	0.0124632569077013	0.0195179306290417	0.0172839506172839	0.0228101116990005	0.0102292768959435	0.006466784244562	0.0130511463844797	0.0115226337448559	0.0078777189888301	0.0141093474426807	0.0340975896531452	0.0418577307466196	0.0188124632569077	0.0085831863609641	0.0131687242798353	0.0188124632569077	0.0067019400352733	0.0142269253380364	0.0210464432686654	0.0169312169312169	0.0099941211052322	0.0055261610817166	0.0119929453262786	0.0182245737801293	0.006819517930629	0.0161081716637272	0.0118753674309229	0.0106995884773662	0.0222222222222222	0.0123456790123456	0.0070546737213403	0.0067019400352733	0.0092886537330981	0.0176366843033509	0.0228101116990005	0.013639035861258	0.013286302175191	0.0085831863609641	0.0161081716637272	0.0098765432098765	0.0099941211052322	0.0165784832451499	0.0101116990005878	0.0095238095238095	0.0204585537918871	0.0192827748383303	0.0124632569077013	0.0168136390358612	0.0161081716637272	0.0324514991181657	0.0196355085243974	0.0329218106995884	0.0119929453262786	0.012580834803057	0.0332745443856555	0.0128159905937683	0.0245737801293356	0.0164609053497942	0.0049382716049382	0.04891240446796	0.0070546737213403	0.0095238095238095	1	194440
43	Primate T-lymphotropic virus 2	0.0078212290502793	0.0110614525139664	0.0100558659217877	0.0220111731843575	0.0230167597765363	0.020558659217877	0.007486033519553	0.0053631284916201	0.0140782122905027	0.014413407821229	0.0072625698324022	0.014413407821229	0.0384357541899441	0.0416759776536312	0.0166480446927374	0.0090502793296089	0.0176536312849162	0.0168715083798882	0.0062569832402234	0.0134078212290502	0.0216759776536312	0.0115083798882681	0.0094972067039106	0.0089385474860335	0.0131843575418994	0.0164245810055865	0.0078212290502793	0.0172067039106145	0.010949720670391	0.0103910614525139	0.0239106145251396	0.013072625698324	0.0078212290502793	0.0079329608938547	0.0091620111731843	0.014413407821229	0.0251396648044692	0.0125139664804469	0.0117318435754189	0.0099441340782122	0.0198882681564245	0.0111731843575419	0.0128491620111731	0.014413407821229	0.0072625698324022	0.0065921787709497	0.0188826815642458	0.0201117318435754	0.010949720670391	0.0154189944134078	0.0118435754189944	0.0363128491620111	0.0149720670391061	0.0244692737430167	0.0099441340782122	0.0108379888268156	0.0355307262569832	0.0168715083798882	0.0289385474860335	0.0146368715083798	0.0063687150837988	0.0532960893854748	0.0091620111731843	0.0084916201117318	1	194441
44	Human immunodeficiency virus 1	0.0017431092711624	0.0019609979300577	0.0203725896067109	0.0128554308748229	0.0287613029741801	0.0294149689508661	0.0204815339361586	0.0123107092275847	0.0218978102189781	0.0277808040091513	0.0163416494171478	0.0130733195337182	0.0081708247085739	0.0117659875803464	0.0127464865453753	0.0240766968079311	0.0238588081490358	0.0115480989214511	0.0027236082361913	0.0123107092275847	0.0107854886153175	0.0162327050877001	0.0141627628281947	0.0091513236736027	0.004684606166249	0.015034317463776	0.002178886588953	0.0155790391110142	0.0240766968079311	0.0213530885717398	0.042270399825689	0.0291970802919708	0.0009804989650288	0.0134001525220612	0.0214620329011874	0.022224643207321	0.0242945854668264	0.0308312452336855	0.0392199586011548	0.0305044122453426	0.0161237607582525	0.0180847586883102	0.0196099793005774	0.0131822638631659	0.0136180411809565	0.0095871009913933	0.0084976576969168	0.0092602680030504	0.0199368122889203	0.0126375422159276	0.0105675999564222	0.0080618803791262	0.0149253731343283	0.0108944329447652	0.0140538184987471	0.0176489813705196	0.0179758143588626	0.0154700947815666	0.0129643752042706	0.0022878309184006	0.0176489813705196	0.0091513236736027	0.0033772742128772	0.0026146639067436	1	11676
45	Human immunodeficiency virus 2	0.0039586752920729	0.0050207589070194	0.0231727334170126	0.0127450033793569	0.0255865598146181	0.0305107656657333	0.0187312928454185	0.0128415564352611	0.0203726947957902	0.027324514820894	0.0142898522738244	0.0105242830935599	0.0103311769817514	0.0131312156029738	0.0150622767210582	0.0191175050690354	0.028193492324032	0.0168002317273341	0.004441440571594	0.0118760258762189	0.0115863667085063	0.0112967075407936	0.0115863667085063	0.0100415178140388	0.0065656078014869	0.0139036400502075	0.0032828039007434	0.0156415950564835	0.0203726947957902	0.0158347011682919	0.0371729265231244	0.0208554600753113	0.0019310611180843	0.0127450033793569	0.0221106498020662	0.0170898908950468	0.0250072414791928	0.0318625084483923	0.0395867529207299	0.0300280003862122	0.0181519745099932	0.0189243989572269	0.0187312928454185	0.0170898908950468	0.0118760258762189	0.0084966689195713	0.010138070869943	0.0100415178140388	0.0144829583856329	0.0144829583856329	0.0129381094911653	0.011007048373081	0.0144829583856329	0.01235879115574	0.0135174278265907	0.0128415564352611	0.0213382253548324	0.0170898908950468	0.0165105725596215	0.0047310997393067	0.0146760644974413	0.014096746162016	0.0038621222361687	0.0056000772424447	1	11709
46	Australian bat lyssavirus	0.0074450084602368	0.0032994923857868	0.0111675126903553	0.0101522842639593	0.0192893401015228	0.0207275803722504	0.0144670050761421	0.010067681895093	0.0168358714043993	0.0223350253807106	0.0236886632825719	0.0242808798646362	0.0179357021996615	0.0155668358714044	0.0121827411167512	0.0104906937394247	0.0202199661590524	0.0083756345177664	0.0027072758037225	0.0106598984771573	0.0200507614213197	0.0190355329949238	0.0183587140439932	0.0120981387478849	0.0166666666666666	0.0279187817258883	0.005414551607445	0.0203045685279187	0.0175972927241962	0.0121827411167512	0.0234348561759729	0.0192893401015228	0.0042301184433164	0.0209813874788494	0.0230118443316412	0.0116751269035532	0.0232656514382402	0.0227580372250423	0.0306260575296108	0.021404399323181	0.0148054145516074	0.0213197969543147	0.0144670050761421	0.0148054145516074	0.0174280879864636	0.0146362098138747	0.0187817258883248	0.0264805414551607	0.0176818950930626	0.0116751269035532	0.0097292724196277	0.0200507614213197	0.015228426395939	0.0085448392554991	0.0175126903553299	0.015228426395939	0.0160744500846023	0.0156514382402707	0.0127749576988155	0.0076142131979695	0.0068527918781725	0.0148054145516074	0.009813874788494	0.0058375634517766	1	90961
47	Duvenhage lyssavirus	0.0056803942861916	0.0029237323531868	0.0108595773118369	0.0118619998329295	0.0224709715144933	0.0194637039512154	0.0150363378163896	0.0121126054632027	0.0173753236989391	0.0202155208420349	0.0230557179851307	0.0202990560521259	0.0197143095814885	0.0150363378163896	0.0104419012613816	0.0116949294127474	0.0189624926906691	0.0084370562191963	0.0030072675632779	0.0108595773118369	0.0187118870603959	0.0207167321025812	0.0201319856319438	0.0131985631943864	0.0154540138668448	0.025144098237407	0.0051791830256453	0.0202155208420349	0.015704619497118	0.011026647732019	0.0233898588254949	0.0161222955475733	0.0039261548742795	0.0236404644557681	0.0226380419346754	0.0109431125219279	0.0241416757163144	0.0240581405062233	0.032912872775875	0.0213850137833096	0.0163729011778464	0.0211344081530365	0.0143680561356611	0.0170411828585748	0.0194637039512154	0.0160387603374822	0.0183777462200317	0.0244758165566786	0.0184612814301227	0.0098571547907442	0.0102748308411995	0.0208838025227633	0.0173753236989391	0.007852309748559	0.0162058307576643	0.0147021969760253	0.017291788488848	0.0177929997493943	0.0112772533622922	0.0065157463871021	0.00793584495865	0.0146186617659343	0.0080193801687411	0.0055133238660095	1	38767
48	European bat 1 lyssavirus	0.0061852223336676	0.0030926111668338	0.0117017719826145	0.0109495152123035	0.0197258441992644	0.020979605483116	0.0148779672350384	0.0127047810096957	0.0188900033433634	0.0224005349381477	0.0243229689067201	0.020227348712805	0.0187228351721832	0.0168839852892009	0.012119692410565	0.0103644266131728	0.0192243396857238	0.0103644266131728	0.0023403543965229	0.012119692410565	0.0189735874289535	0.0174690738883316	0.0206452691407556	0.0115346038114343	0.0140421263791374	0.0248244734202607	0.0051822133065864	0.019391507856904	0.0166332330324306	0.0127883650952858	0.0223169508525576	0.0178869943162821	0.003259779338014	0.0247408893346706	0.0234871280508191	0.0112002674690738	0.0221497826813774	0.0228184553660982	0.0323470411233701	0.0217318622534269	0.0159645603477097	0.0227348712805081	0.0176362420595118	0.0170511534603811	0.0189735874289535	0.0140421263791374	0.0181377465730524	0.0215646940822467	0.0192243396857238	0.0096121698428619	0.0111166833834837	0.0188900033433634	0.0176362420595118	0.0096121698428619	0.0172183216315613	0.0134570377800066	0.0172183216315613	0.0168004012036108	0.0114510197258441	0.005683717820127	0.0077733199598796	0.0135406218655967	0.0068538950183884	0.0061852223336676	1	57482
49	European bat 2 lyssavirus	0.0081341719077568	0.0026834381551362	0.0118238993710691	0.010733752620545	0.0193710691823899	0.0192033542976939	0.0153459119496855	0.0127463312368972	0.0180293501048218	0.0231446540880503	0.0238155136268343	0.0218029350104821	0.0192033542976939	0.0161844863731656	0.0124109014675052	0.0096436058700209	0.02062893081761	0.0098951781970649	0.0029350104821802	0.0121593291404612	0.0187002096436058	0.0189517819706498	0.0188679245283018	0.0122431865828092	0.0159329140461215	0.0244863731656184	0.0051153039832285	0.0185324947589098	0.0155974842767295	0.0129140461215932	0.0218867924528301	0.0176939203354297	0.0050314465408805	0.0218867924528301	0.0238993710691823	0.0094758909853249	0.0234800838574423	0.0228092243186582	0.030104821802935	0.020712788259958	0.0166037735849056	0.0214675052410901	0.0161844863731656	0.0152620545073375	0.0178616352201257	0.0145911949685534	0.0187002096436058	0.0240670859538784	0.0187002096436058	0.0094758909853249	0.0124109014675052	0.0194549266247379	0.0171069182389937	0.0075471698113207	0.0176100628930817	0.0144234800838574	0.0162683438155136	0.0162683438155136	0.0134171907756813	0.0077148846960167	0.0071278825995807	0.0133333333333333	0.0095597484276729	0.0066247379454926	1	57483
50	Irkut lyssavirus	0.0056770746368341	0.0024211053598263	0.0125229587577224	0.012856904324595	0.0204541659709467	0.0182835197862748	0.0142761729838036	0.0126064451494406	0.0177826014359659	0.0216229754550008	0.0232092168976456	0.0198697612289196	0.0176156286525296	0.0169477375187844	0.0133578226749039	0.012272499582568	0.0207881115378193	0.0106862581399231	0.0033394556687259	0.0106862581399231	0.0185339789614292	0.0182000333945566	0.0188679245283018	0.0116880948405409	0.0158624144264484	0.0263816997829353	0.0050926698948071	0.0205376523626648	0.0169477375187844	0.0125229587577224	0.0241275672065453	0.0173651694773751	0.0041743195859074	0.022875271330773	0.0198697612289196	0.0103523125730505	0.0238771080313908	0.0236266488562364	0.0286358323593254	0.0214560026715645	0.0168642511270662	0.0214560026715645	0.017281683085657	0.0167807647353481	0.0182000333945566	0.0127734179328769	0.0190348973117381	0.0249624311237268	0.0200367340123559	0.0087660711304057	0.0116880948405409	0.0198697612289196	0.0176156286525296	0.0085990983469694	0.0171981966939388	0.0134413090666221	0.016196359993321	0.0166972783436299	0.0129403907163132	0.0060110202037067	0.0070128569043245	0.0147770913341125	0.0080981799966605	0.0054266154616797	1	249583
51	Mokola lyssavirus	0.0069525883732618	0.0025967498743508	0.0122298542469425	0.0108058301222985	0.0198525716200368	0.0192662087451834	0.0153292008711677	0.0120623219969844	0.0173395878706651	0.020187636119953	0.0227843859943039	0.0200201038699949	0.017255821745686	0.0173395878706651	0.0139889428715027	0.0127324509968168	0.0194337409951415	0.0103032333724241	0.0027642821243089	0.0107220639973194	0.0211928296197017	0.0194337409951415	0.0194337409951415	0.0125649187468587	0.0164181604958954	0.0233707488691573	0.0050259674987435	0.0170882894957279	0.0166694588708326	0.0118947897470263	0.0216954263695761	0.0168369911207907	0.0047746691238063	0.024375942368906	0.0257162003685709	0.0118110236220472	0.0226168537443457	0.0228681521192829	0.0340090467414977	0.0206902328698274	0.0154967331211258	0.0209415312447646	0.0163343943709164	0.0177584184955603	0.0177584184955603	0.0132350477466912	0.0177584184955603	0.0257162003685709	0.0177584184955603	0.0110571284972357	0.010135701122466	0.0191824426202043	0.0171720556207069	0.0091305076227173	0.01867984587033	0.0149941363712514	0.0143240073714189	0.0165856927458535	0.0113921929971519	0.0061149271234712	0.008711676997822	0.0138214106215446	0.007203886748199	0.0062824593734293	1	12538
52	Rabies lyssavirus	0.0073763621123218	0.0032690695725062	0.010729253981559	0.0114836546521374	0.0175188600167644	0.019195305951383	0.0160938809723386	0.0113998323554065	0.0181056160938809	0.0207041072925398	0.0220452640402347	0.0207879295892707	0.0183570829840737	0.0184409052808046	0.0150041911148365	0.0113160100586756	0.0187761944677284	0.0110645431684828	0.0033528918692372	0.0115674769488683	0.0188600167644593	0.0199497066219614	0.0186085498742665	0.0120704107292539	0.0158424140821458	0.0265716680637049	0.0069572506286672	0.0158424140821458	0.0152556580050293	0.0109807208717518	0.0248952221290863	0.0162615255658005	0.0051131601005867	0.0217099748533109	0.0249790444258172	0.0100586756077116	0.0243084660519698	0.0225481978206202	0.0331098072087175	0.0211232187761944	0.0176026823134953	0.0200335289186923	0.016764459346186	0.0172673931265716	0.0169321039396479	0.0147527242246437	0.0188600167644593	0.0237217099748533	0.0157585917854149	0.0103101424979044	0.0098910310142497	0.0205364626990779	0.0165968147527242	0.0086336965632858	0.0176865046102263	0.0119027661357921	0.0160100586756077	0.0160938809723386	0.0138306789606035	0.0063704945515507	0.0081307627829002	0.0150041911148365	0.0087175188600167	0.0069572506286672	1	11292
53	Bas-Congo tibrovirus	0.0045427778245141	0.0020190123664507	0.0125347017750483	0.0112728190460166	0.0219567594851518	0.0172457306301001	0.0136283334735425	0.0074030453436527	0.0166568520232186	0.0193488685118196	0.0239757718516025	0.025321780095903	0.0144695886262303	0.0134600824430049	0.01379658450408	0.0137124589888113	0.0160679734163371	0.0074871708589215	0.0019348868511819	0.0085808025574156	0.0163203499621435	0.0233868932447211	0.0185076133591318	0.0099268108017161	0.0104315638933288	0.0259106587027845	0.0042904012787078	0.0224615125767645	0.021872633969883	0.0202742491797762	0.0388659880541768	0.0281820476150416	0.0025237654580634	0.020358374695045	0.0171616051148313	0.0097585597711785	0.0256582821569782	0.0229662656683772	0.0316311937410616	0.0237233953057962	0.0185076133591318	0.0227138891225708	0.0114410700765542	0.0138807100193488	0.014974341717843	0.0138807100193488	0.016488600992681	0.023050391183646	0.0287709262219231	0.0109363169849415	0.0097585597711785	0.015731471355262	0.0131235803819298	0.0059729115840834	0.0240598973668713	0.0239757718516025	0.0162362244468747	0.0120299486834356	0.0126188272903171	0.00344914612602	0.0093379321948346	0.0097585597711785	0.0056364095230083	0.0040380247329014	1	1987017
54	Eastern equine encephalitis virus	0.0096804591793026	0.0137925126359976	0.0227019617921699	0.0212456095262571	0.0239869784973871	0.0227876295725177	0.0152488649019103	0.0173048916302578	0.0156772038036494	0.0155058682429538	0.0139638481966932	0.0153345326822582	0.0116508181273023	0.0145635226591279	0.0145635226591279	0.0089951169365201	0.0163625460464319	0.0130215026128673	0.0115651503469545	0.0155058682429538	0.0111368114452154	0.0150775293412147	0.0141351837573888	0.0128501670521716	0.0106228047631285	0.0167052171678231	0.01447785487878	0.0188469116765184	0.0141351837573888	0.0131071703932151	0.0218452839886918	0.0142208515377366	0.0125074959307804	0.0179045660926925	0.0165338816071275	0.0169622205088666	0.0215882806476484	0.0218452839886918	0.0215882806476484	0.0197892572603443	0.0184185727747794	0.0177332305319969	0.0119078214683457	0.0151631971215625	0.0149918615608669	0.0141351837573888	0.012250492589737	0.0096804591793026	0.0151631971215625	0.0189325794568662	0.0202175961620834	0.0095947913989548	0.0196179216996487	0.0142208515377366	0.0152488649019103	0.014049515977041	0.0210742739655615	0.0171335560695622	0.0221022873297352	0.0123361603700848	0.0135355092949541	0.0113938147862588	0.0124218281504326	0.0093377880579114	1	11021
55	Western equine encephalitis virus	0.0102769552342797	0.0128026476223654	0.0200313534227486	0.0233408813795506	0.02508273819892	0.0235150670614875	0.0139348545549555	0.0146315972827033	0.0154154328514196	0.0177669395575683	0.0144574116007664	0.0178540323985368	0.01254136909946	0.0114091621668698	0.0134122975091447	0.0090576554607211	0.0181153109214422	0.0159379898972304	0.0143703187597979	0.0166347326249782	0.0128026476223654	0.0138477617139871	0.0147186901236718	0.0118446263717122	0.0133252046681762	0.018637867967253	0.0164605469430412	0.0189862393311269	0.0116704406897753	0.0116704406897753	0.0208151889914649	0.0148057829646403	0.0128897404633339	0.017331475352726	0.0169831039888521	0.0161121755791673	0.0201184462637171	0.0214248388782442	0.0228183243337397	0.0220344887650235	0.0175927538756314	0.0167218254659467	0.0098414910294373	0.0157638042152935	0.0151541543285141	0.0121929977355861	0.0132381118272078	0.0126284619404284	0.0148057829646403	0.0170701968298205	0.018637867967253	0.0097543981884689	0.020466817627591	0.0124542762584915	0.0128026476223654	0.0118446263717122	0.0222086744469604	0.0183765894443476	0.0191604250130639	0.0105382337571851	0.0136735760320501	0.009231841142658	0.0139348545549555	0.0120188120536491	1	11039
56	Hepatitis delta virus	0.0172619047619047	0.013095238095238	0.0071428571428571	0.0077380952380952	0.0071428571428571	0.0119047619047619	0.0136904761904761	0.0095238095238095	0.0166666666666666	0.0339285714285714	0.0107142857142857	0.0107142857142857	0.0410714285714285	0.0309523809523809	0.006547619047619	0.0083333333333333	0.0285714285714285	0.0166666666666666	0.0142857142857142	0.013095238095238	0.0285714285714285	0.013095238095238	0.0071428571428571	0.0154761904761904	0.0142857142857142	0.0071428571428571	0.0053571428571428	0.0101190476190476	0.0047619047619047	0.0047619047619047	0.0119047619047619	0.0053571428571428	0.0059523809523809	0.0089285714285714	0.0410714285714285	0.0148809523809523	0.0107142857142857	0.0214285714285714	0.025	0.0220238095238095	0.0107142857142857	0.0107142857142857	0.0386904761904761	0.0113095238095238	0.0047619047619047	0.0107142857142857	0.0327380952380952	0.025	0.0059523809523809	0.0035714285714285	0.0095238095238095	0.0327380952380952	0.0125	0.0196428571428571	0.0053571428571428	0.0053571428571428	0.019047619047619	0.0154761904761904	0.0136904761904761	0.0244047619047619	0.0053571428571428	0.0434523809523809	0.0214285714285714	0.0208333333333333	1	12475
57	Lymphocytic choriomeningitis mammarenavirus	0.0038790531131887	0.0024865725084543	0.0131291028446389	0.0123333996419335	0.0196936542669584	0.0173065446588422	0.0162124527551223	0.0167097672568132	0.0185995623632385	0.0175054704595186	0.0196936542669584	0.0174060075591804	0.0129301770439626	0.0155162124527551	0.0109409190371991	0.0117366222399045	0.019494728466282	0.0099462900338173	0.0036801273125124	0.0131291028446389	0.0219813009747364	0.0283469265963795	0.0255619653869106	0.0140242689476825	0.0129301770439626	0.0237716331808235	0.0027849612094688	0.0179033220608712	0.0128307141436244	0.0137258802466679	0.0297394072011139	0.0222796896757509	0.0016908693057489	0.0294410185000994	0.0213845235727073	0.0114382335388899	0.0245673363835289	0.0242689476825144	0.0275512233936741	0.0243684105828525	0.0161129898547841	0.0223791525760891	0.0123333996419335	0.0174060075591804	0.0236721702804853	0.0179033220608712	0.0190968768649293	0.02178237517406	0.0205888203700019	0.0088521981300974	0.014919435050726	0.0129301770439626	0.0219813009747364	0.0088521981300974	0.0133280286453152	0.0158146011537696	0.0155162124527551	0.0141237318480206	0.0115376964392281	0.0022876467077779	0.008056494927392	0.0091505868311119	0.0050726079172468	0.0033817386114979	0	11623
58	Mobala mammarenavirus	0.0033635429318882	0.0023357937027001	0.0113986732691768	0.0176586003924133	0.0244791180042978	0.0159768289264692	0.0154162384378211	0.0121461272540409	0.014201625712417	0.0100906287956647	0.0161636924226852	0.0219564608053816	0.0184060543772774	0.0183126226291693	0.0129870129870129	0.0123329907502569	0.0119592637578249	0.0078482668410725	0.0014949079697281	0.0117724002616088	0.0248528449967298	0.0293375689059142	0.0235448005232177	0.0105577875362048	0.013173876483229	0.0303653181351023	0.0023357937027001	0.0235448005232177	0.0150425114453891	0.0186863496216014	0.0254134354853779	0.0253200037372699	0.0033635429318882	0.0243856862561898	0.0111183780248528	0.0117724002616088	0.0289638419134822	0.0199943940951135	0.0202746893394375	0.0176586003924133	0.0199943940951135	0.0179388956367373	0.0082219938335046	0.0183126226291693	0.0206484163318695	0.0161636924226852	0.0239185275156498	0.0279360926842941	0.0247594132486218	0.0091563113145846	0.0118658320097169	0.0210221433243015	0.0174717368961973	0.0091563113145846	0.0146687844529571	0.0183126226291693	0.0199009623470055	0.0130804447351209	0.0147622162010651	0.0041109969167523	0.0085022890778286	0.0144819209567411	0.0032701111837802	0.0023357937027001	0	55097
59	Pichindé mammarenavirus	0.004321106203188	0.0020165162281544	0.015844056078356	0.0148838102554253	0.0238140964086806	0.017284424812752	0.017188400230459	0.0173804493950451	0.0196850393700787	0.0166122527367005	0.0202611868638371	0.0205492606107163	0.0127712694449779	0.01440368734396	0.0108507777991165	0.0110428269637027	0.0162281544075283	0.0083541386594968	0.0024006145573266	0.0120030727866333	0.0227578260034568	0.0227578260034568	0.028711350105627	0.0143076627616669	0.0123871711158056	0.027270981371231	0.0031688112156712	0.020165162281544	0.0131553677741501	0.0136354906856155	0.0279431534472825	0.0224697522565776	0.0027847128864989	0.0281352026118686	0.0194929902054926	0.0121951219512195	0.0282312271941617	0.0251584405607835	0.0273670059535241	0.02160553101594	0.015844056078356	0.0226618014211638	0.0121951219512195	0.0182446706356827	0.0231419243326291	0.0183406952179758	0.0169003264835797	0.0196850393700787	0.0208373343575955	0.0106587286345304	0.0143076627616669	0.0142116381793739	0.0165162281544075	0.0066256961782216	0.0143076627616669	0.0163241789898213	0.0136354906856155	0.0149798348377184	0.0111388515459957	0.0024966391396197	0.0093143844824275	0.0084501632417898	0.0042250816208949	0.0033608603802573	0	2169993
60	Mamastrovirus 1	0.0049467845900164	0.0061460050966871	0.0193374306700644	0.0179883076000599	0.0262329485834207	0.0191875281067306	0.0118423025033728	0.0166391845300554	0.0233847998800779	0.0178384050367261	0.0175385999100584	0.0137910358267126	0.0124419127567081	0.0154399640233848	0.0136411332633788	0.0118423025033728	0.0164892819667216	0.0118423025033728	0.0055463948433518	0.0125918153200419	0.0181382101633937	0.0190376255433967	0.0215859691200719	0.0155898665867186	0.0079448358566931	0.0157397691500524	0.0061460050966871	0.0190376255433967	0.0142407435167141	0.0149902563333833	0.0257832408934192	0.0191875281067306	0.0062959076600209	0.0248838255134162	0.0161894768400539	0.0161894768400539	0.0274321690900914	0.0218857742467396	0.0244341178234147	0.0227851896267426	0.0241343126967471	0.0238345075700794	0.0113925948133713	0.0185879178533952	0.0163393794033877	0.0152900614600509	0.0136411332633788	0.0122920101933743	0.0194873332333982	0.0134912307000449	0.0145405486433818	0.0100434717433668	0.0170888922200569	0.0112426922500374	0.0154399640233848	0.0176885024733922	0.0223354819367411	0.0148403537700494	0.0194873332333982	0.0053964922800179	0.0101933743067006	0.0113925948133713	0.0041972717733473	0.0053964922800179	0	1239565
61	Mamastrovirus 9	0.0034933171324422	0.0034933171324422	0.0148845686512758	0.0153402187120291	0.0247569866342648	0.020048602673147	0.0154921020656136	0.0177703523693803	0.0277946537059538	0.0180741190765492	0.021415552855407	0.0119987849331713	0.0092648845686512	0.0107837181044957	0.0118469015795868	0.0110874848116646	0.0188335358444714	0.0132138517618469	0.0031895504252733	0.0127582017010935	0.0145808019441069	0.0236938031591737	0.0290097205346294	0.0186816524908869	0.0132138517618469	0.0177703523693803	0.0030376670716889	0.0162515188335358	0.0192891859052247	0.0167071688942891	0.0375151883353584	0.0255164034021871	0.00410085054678	0.0264277035236938	0.0173147023086269	0.0133657351154313	0.0247569866342648	0.0239975698663426	0.0247569866342648	0.0233900364520048	0.0153402187120291	0.0259720534629404	0.0144289185905224	0.0133657351154313	0.0212636695018226	0.0198967193195625	0.0097205346294046	0.0094167679222357	0.0243013365735115	0.0136695018226002	0.0121506682867557	0.0050121506682867	0.0148845686512758	0.011239368165249	0.0183778857837181	0.020048602673147	0.0189854191980558	0.0101761846901579	0.0133657351154313	0.0042527339003645	0.0086573511543134	0.0101761846901579	0.0030376670716889	0.0033414337788578	0	1239573
62	Mammalian 1 bornavirus	0.0116748989672204	0.0079703637180062	0.0161652447238437	0.0148181409968567	0.0174000898069151	0.0212168837000449	0.0147058823529411	0.0138078132016165	0.0180736416704086	0.0184104176021553	0.0148181409968567	0.017961383026493	0.0175123484508307	0.0215536596317916	0.0150426582846879	0.0108890884598114	0.0189717108217332	0.015267175572519	0.0090929501571621	0.0176246070947462	0.0153794342164346	0.0120116748989672	0.0171755725190839	0.0156039515042658	0.0135832959137853	0.021441400987876	0.0105523125280646	0.0187471935339021	0.0133587786259541	0.0124607094746295	0.0136955545577009	0.0143691064211944	0.0079703637180062	0.0177368657386618	0.0189717108217332	0.016614279299506	0.0190839694656488	0.0177368657386618	0.0185226762460709	0.0140323304894476	0.0134710372698697	0.017961383026493	0.0175123484508307	0.0160529860799281	0.0154916928603502	0.016614279299506	0.0141445891333632	0.0163897620116749	0.0138078132016165	0.0141445891333632	0.0175123484508307	0.0213291423439604	0.0198697799730579	0.01448136506511	0.0151549169286035	0.0143691064211944	0.0188594521778176	0.0194207453973956	0.0178491243825774	0.0094297260889088	0.0098787606645711	0.0194207453973956	0.0125729681185451	0.0122361921867983	0	1714619
63	Norwalk virus	0.0063863757317722	0.0089143161255987	0.0172964342735497	0.0192921766897285	0.0200904736562001	0.0223523150612027	0.0119744544970729	0.0159659393294305	0.0236828100053219	0.021953166577967	0.0153006918573709	0.0137040979244278	0.0150345928685471	0.0182277807344332	0.0119744544970729	0.008382118147951	0.0224853645556146	0.0170303352847259	0.0071846726982437	0.0159659393294305	0.0166311868014901	0.0156998403406067	0.0168972857903139	0.0150345928685471	0.0097126130920702	0.0192921766897285	0.0081160191591271	0.0149015433741351	0.0093134646088344	0.0093134646088344	0.0206226716338477	0.0166311868014901	0.0042575838211814	0.0214209686003193	0.0208887706226716	0.0145023948908994	0.0264768493879723	0.0210218201170835	0.0236828100053219	0.0204896221394358	0.0186269292176689	0.0210218201170835	0.0174294837679616	0.0158328898350186	0.0137040979244278	0.0137040979244278	0.0156998403406067	0.0172964342735497	0.0126397019691325	0.0097126130920702	0.0149015433741351	0.0188930282064928	0.0198243746673762	0.0149015433741351	0.0098456625864821	0.0102448110697179	0.0263437998935604	0.0180947312400212	0.0216870675891431	0.0070516232038318	0.0057211282597126	0.0231506120276742	0.0077168706758914	0.0078499201703033	0	11983
64	Vesicular exanthema of swine virus	0.0099009900990099	0.0082105771552765	0.0135233035498671	0.0226998309587056	0.0289785076068582	0.0135233035498671	0.0105047090074861	0.0158174354020767	0.0211301617966674	0.0177493359092006	0.0152137164936005	0.0195604926346293	0.0142477662400386	0.0172663607824197	0.0131610722047814	0.0050712388312001	0.0142477662400386	0.0124366095146099	0.0066409079932383	0.0144892538034291	0.0158174354020767	0.0112291716976575	0.0202849553248007	0.01497222893021	0.0130403284230862	0.0247524752475247	0.0137647911132576	0.020405699106496	0.0057957015213716	0.0090557836271432	0.0300652016421154	0.0172663607824197	0.0090557836271432	0.0237865249939628	0.0118328906061337	0.0105047090074861	0.0336875150929727	0.0185945423810673	0.0137647911132576	0.0202849553248007	0.0271673508814296	0.0176285921275054	0.0094180149722289	0.0179908234725911	0.0148514851485148	0.0124366095146099	0.0166626418739434	0.0189567737261531	0.0177493359092006	0.0142477662400386	0.0150929727119053	0.0185945423810673	0.0211301617966674	0.0115914030427432	0.0078483458101907	0.0090557836271432	0.0230620623037913	0.0187152861627626	0.0220961120502294	0.0076068582468002	0.0082105771552765	0.0169041294373339	0.0107461965708765	0.0099009900990099	0	35612
65	Alphacoronavirus 1	0.0045130142737195	0.0033235376434368	0.0153232577665827	0.0123145815841029	0.0235096557514693	0.0128043660789252	0.0165477190036383	0.0192765183319339	0.0206759026028547	0.0093059054016232	0.0171424573187797	0.0114749510215505	0.0065421214665547	0.0087811363000279	0.0169675342849146	0.0142737195633921	0.0109851665267282	0.0067870137139658	0.0031486146095717	0.0168975650713686	0.0221802406940945	0.0336901763224181	0.0318709767702211	0.0180170724881052	0.0103904282115869	0.0169325496781416	0.0059123985446403	0.0179121186677861	0.0163378113630002	0.022984886649874	0.0289322698012874	0.0255037783375314	0.0062622446123705	0.0243842709207948	0.0092009515813042	0.0115449202350965	0.02305485586342	0.0215505177721802	0.0187517492303386	0.0192415337251609	0.0181919955219703	0.0276728239574587	0.0040582143856703	0.019451441365799	0.0308914077805765	0.0257836551917156	0.015848026868178	0.0183319339490624	0.0284424853064651	0.017632241813602	0.0185768261964735	0.0086062132661628	0.0157080884410859	0.0048628603414497	0.0233697173243772	0.0286873775538762	0.0103204589980408	0.010705289672544	0.0100055975370836	0.0023089840470193	0.0162678421494542	0.0027287993282955	0.0038483067450321	0.0024489224741113	0	693997
66	Human coronavirus 229E	0.0042833607907743	0.0038440417353102	0.0136188907193849	0.0118982244188174	0.0216730734028921	0.0116785648910854	0.0173897126121178	0.0228445908841296	0.0227713710415522	0.0087131612667032	0.0149734578070657	0.0087497711879919	0.0059308072487644	0.0089694307157239	0.0166941241076331	0.0122277137104155	0.0105436573311367	0.0085301116602599	0.0039904814204649	0.0189273293062419	0.0213435841112941	0.0420647995606809	0.038403807431814	0.0185246201720666	0.009848068826652	0.0144243089877356	0.0066630056745377	0.0160717554457257	0.0148636280431997	0.0231008603331502	0.0265421929342851	0.0232106900970162	0.0083104521325279	0.024125938129233	0.0087863811092806	0.0088229910305692	0.0203917261577887	0.0191835987552626	0.0151198974922203	0.0158520959179937	0.0169137836353651	0.0270181219110378	0.0044298004759289	0.0185612300933553	0.0378180486911953	0.034193666483617	0.0155226066263957	0.0167673439502105	0.0261394838001098	0.0166209042650558	0.0214534138751601	0.0072853743364451	0.0179022515101592	0.0061138568552077	0.0225151015925315	0.0277503203368112	0.0103239978034047	0.0116053450485081	0.01017755811825	0.0029287937030935	0.015156507413509	0.0031850631521142	0.0032582829946915	0.0024528647263408	0	11137
67	Human coronavirus NL63	0.0034481507023338	0.0020688904214003	0.009836303582447	0.009908896228812	0.0168414939566621	0.0090740807956154	0.0180029762985009	0.0210155711226452	0.0227214983122209	0.0058800043555587	0.0171681608653043	0.0079851911001415	0.0054807448005517	0.0091466734419803	0.0162244564625603	0.0145185292729846	0.0089288955028855	0.005117781568727	0.0026859279155021	0.0147000108888969	0.0243548328554317	0.0568763384269173	0.0407970672570868	0.0216689049399295	0.008493339624696	0.0138288991325178	0.0042103734891655	0.0142644550107074	0.0185111248230554	0.0299807629487132	0.0235563137454175	0.0254074262277231	0.0070414866973975	0.0235563137454175	0.0067148197887553	0.0078763021305941	0.015571122645276	0.0161518638161954	0.0116511197415701	0.0118326013574824	0.0158251969075532	0.0280933541432252	0.0040288918732532	0.0195637181953468	0.0417044753366483	0.0420311422452905	0.0185111248230554	0.01887408805488	0.0317955791078363	0.0164422344016551	0.0170229755725744	0.0066422271423904	0.015099270443904	0.0048637073064498	0.0295452070705237	0.0388733621284163	0.0083118580087837	0.0072955609596747	0.0088200065333381	0.0017059271895756	0.0168777902798446	0.0020325940982178	0.0019237051286704	0.0010162970491089	0	277944
68	Betacoronavirus 1	0.0039321859085927	0.0036743376522916	0.01382711274415	0.0090891510346161	0.0154386643460323	0.0137626506800747	0.0186295365177593	0.0206923225681686	0.0227873396506156	0.0110874750209501	0.0212402501128086	0.0098949268355572	0.006188358151228	0.0097982337394443	0.0165345194353123	0.0146651195771288	0.0121510990781924	0.008186682137562	0.0048024237736092	0.0171146780119899	0.0192096950944369	0.044317669051763	0.0343582801521304	0.0182749951653451	0.0080255269773738	0.0122477921743054	0.0044478824211951	0.0135048024237736	0.0219815638496744	0.0282021530329401	0.0213691742409591	0.0259782118223425	0.0062528202153032	0.0217237155933733	0.0098304647714819	0.0118610197898536	0.0150841229936182	0.020563398440018	0.0161799780828982	0.0139882679043382	0.010732933668536	0.0290401598659189	0.0056726616386256	0.0155353574421452	0.0358409076258621	0.0318764906852317	0.0136337265519241	0.0156642815702958	0.0309095597241023	0.0169535228518017	0.0196286985109263	0.0064784374395668	0.0158898987945594	0.0076065235608844	0.0311029459163282	0.0340037387997163	0.0099271578675949	0.0074775994327338	0.0087990717462773	0.0028685618513504	0.0184039192934957	0.0049313479017598	0.0035131824921033	0.0026107135950493	0	694003
69	Human coronavirus HKU1	0.0036759791471728	0.0017711535890923	0.0082208260927683	0.0060152386044646	0.0126988370538698	0.0089560219222029	0.0190148375885576	0.0163079802165485	0.0191150915652987	0.0055139687207592	0.0216214409838256	0.0106937575190482	0.0061154925812057	0.0094907097981553	0.0175444459296885	0.018179387782382	0.0084213340462505	0.005246624782783	0.0023726774495388	0.0138684667825157	0.0205520652319208	0.0599852960834113	0.0353896537896003	0.0183464777436171	0.0074187942788397	0.0124983291003876	0.0037093971394198	0.0120304772089292	0.0244285523325758	0.0321481085416388	0.0263667958829033	0.0301764469990642	0.0056142226975003	0.0235931025264002	0.0072517043176045	0.0075190482555808	0.0125651650848817	0.0167758321080069	0.0162077262398075	0.0128993450073519	0.0106603395268012	0.0294746691618767	0.0034086352091966	0.0166087421467718	0.0384641090763266	0.037561823285657	0.0165084881700307	0.0194158534955219	0.0387648710065499	0.0172436839994653	0.0142026467049859	0.0070846143563694	0.0142026467049859	0.0042775030076193	0.0395334848282315	0.0449806175644967	0.0061489105734527	0.0059818206122176	0.0068506884106402	0.0016040636278572	0.0201510493249565	0.0025731854030209	0.0024060954417858	0.0015706456356102	0	290028
70	Reston ebolavirus	0.007782307162899	0.0041293874741913	0.0141881518344009	0.0127587484779501	0.0233998623537508	0.0190057705542908	0.0163057864365503	0.0101117052252633	0.0146646196198845	0.016570490761819	0.0199057652602043	0.0212292868865477	0.0153528508655831	0.0125469850177351	0.0145057970247233	0.0115940494467679	0.0159881412462279	0.0088411244639737	0.0035999788236539	0.0125469850177351	0.0186351844989147	0.0247233839800942	0.0205410556408491	0.0110116999311768	0.0103234686854783	0.0219175181322462	0.0051352639102122	0.0182645984435385	0.0190587114193445	0.0223410450526761	0.0294880618349303	0.0295939435650378	0.00439409179946	0.0211234051564402	0.0149293239451532	0.0131293345333262	0.0285880671290168	0.0214939912118164	0.0215998729419238	0.0195351792048282	0.019376356609667	0.0199057652602043	0.0087352427338662	0.0158822595161204	0.0142940335645084	0.0132881571284874	0.0182645984435385	0.0180528349833236	0.0287998305892318	0.0125999258827889	0.0130763936682725	0.0132881571284874	0.0125999258827889	0.0088411244639737	0.0212292868865477	0.0219175181322462	0.0191116522843983	0.0136058023188098	0.0139234475091322	0.0064058446715019	0.0122822806924665	0.0092117105193498	0.0086823018688125	0.0057705542908571	0	186539
71	Aroa virus	0.005086469989827	0.007768426893554	0.0162767039674465	0.0148894848793119	0.0215481365023582	0.0229353555904929	0.0148894848793119	0.0196060297789697	0.0330158142976047	0.0328308517525201	0.0155368537871081	0.0110977527050772	0.011930084157958	0.0132248219735503	0.0091556459816887	0.0086932396189771	0.0232127994081198	0.0190511421437158	0.0078609081660963	0.0192361046888005	0.0155368537871081	0.0135947470637195	0.0209007675945621	0.0148894848793119	0.0101729399796541	0.0179413668732081	0.0100804587071118	0.017293997965412	0.0087857208915194	0.0067511328955886	0.0323684453898085	0.0159067788772773	0.0071210579857578	0.0230278368630352	0.025062424858966	0.0174789605104966	0.0208082863220197	0.0258947563118468	0.0270970128548968	0.02922408212337	0.0149819661518542	0.0240451308610006	0.0189586608711735	0.0115601590677887	0.0130398594284657	0.0123924905206695	0.0133173032460926	0.0113751965227041	0.0125774530657541	0.0087857208915194	0.014334597244058	0.0117451216128733	0.0188661795986312	0.0152594099694811	0.007768426893554	0.006288726532877	0.0201609174142236	0.0184037732359197	0.0138721908813465	0.0076759456210117	0.007768426893554	0.0132248219735503	0.0052714325349116	0.0105428650698233	0	64303
72	Bagaza virus	0.0071304506810494	0.0065819544748148	0.015357893774568	0.0180089587713685	0.0245909132461833	0.021757016180638	0.0141694853277264	0.021757016180638	0.0312642837553706	0.0345552609927781	0.0194716153213273	0.0128896608465124	0.0088673553341256	0.0101471798153396	0.0085016911966358	0.0094158515403601	0.0223055123868726	0.0171862144620166	0.0091416034372428	0.0152664777401956	0.0111527561934363	0.0133467410183746	0.019837279458817	0.0135295730871194	0.0097815156778498	0.0183746229088582	0.0106956760215741	0.0191059511838376	0.0106042599872017	0.0078617789560288	0.0237681689368315	0.0159063899808026	0.0079531949904013	0.0246823292805558	0.0228540085931072	0.0171862144620166	0.0207514398025413	0.0255050735899076	0.0259621537617698	0.0322698601334674	0.0194716153213273	0.0246823292805558	0.0177347106682512	0.0145351494652162	0.0161806380839199	0.012158332571533	0.0106042599872017	0.0085931072310083	0.0138952372246091	0.0091416034372428	0.0132553249840021	0.0096900996434774	0.0191059511838376	0.0144437334308437	0.0075875308529116	0.0067647865435597	0.0212999360087759	0.0186488710119755	0.0154493098089404	0.0073132827497943	0.0081360270591461	0.0120669165371606	0.0080446110247737	0.0117012523996709	0	64290
73	Banzi virus	0.0081532416502946	0.0068762278978389	0.0191552062868369	0.018762278978389	0.024557956777996	0.0230844793713163	0.0154223968565815	0.0208251473477406	0.0354616895874263	0.031237721021611	0.0174852652259332	0.0151277013752455	0.0130648330058939	0.0143418467583497	0.0086444007858546	0.006090373280943	0.0214145383104125	0.018664047151277	0.005992141453831	0.0196463654223968	0.0128683693516699	0.0110019646365422	0.0203339882121807	0.0159135559921414	0.0132612966601178	0.0233791748526522	0.0073673870333988	0.0200392927308447	0.0050098231827111	0.0055009823182711	0.0236738703339882	0.0141453831041257	0.0076620825147347	0.0243614931237721	0.0236738703339882	0.0179764243614931	0.0238703339882121	0.0239685658153241	0.0220039292730844	0.0269155206286836	0.0180746561886051	0.0272102161100196	0.018762278978389	0.0134577603143418	0.0166011787819253	0.0157170923379174	0.0138506876227897	0.0117878192534381	0.0108055009823182	0.0066797642436149	0.0155206286836935	0.0141453831041257	0.0235756385068762	0.0142436149312377	0.0063850687622789	0.0052062868369351	0.018664047151277	0.0143418467583497	0.012475442043222	0.0067779960707269	0.005795677799607	0.0092337917485265	0.0048133595284872	0.0089390962671905	0	38837
74	Dengue virus	0.0045653591726451	0.0047517003633653	0.0157458306158576	0.0184477778813006	0.0273921550358706	0.0211497251467436	0.012578030373614	0.01788875430914	0.0299077611105934	0.0329823907574769	0.0171433895462592	0.0127643715643342	0.0104351066803316	0.0112736420385726	0.0122053479921736	0.0123916891828938	0.0220814311003447	0.0122985185875337	0.005403894530886	0.013416565731855	0.0108077890617721	0.0129507127550545	0.0150936364483369	0.0131370539457747	0.009876083108171	0.018820460262741	0.0087580359638498	0.0189136308581011	0.0131370539457747	0.0094102301313705	0.0361501909997204	0.0189136308581011	0.0066151122705674	0.0203111897885027	0.0231994782446659	0.0171433895462592	0.0254355725333084	0.0260877667008292	0.0311189788502748	0.0322370259945961	0.0220814311003447	0.0272058138451504	0.0149072952576166	0.0145346128761762	0.0149072952576166	0.0126712009689741	0.0123916891828938	0.0124848597782539	0.0128575421596944	0.0081990123916891	0.0123916891828938	0.0112736420385726	0.0173297307369794	0.0120190068014534	0.0109941302524923	0.0088512065592099	0.0219882605049846	0.0183546072859405	0.0163980247833783	0.0055902357216062	0.0068014534612876	0.009876083108171	0.0065219416752073	0.0064287710798472	0	12637
75	Edge Hill virus	0.0035280282242257	0.0038220305762446	0.0170521364170913	0.0157781262250098	0.023422187377499	0.0203841630733045	0.0177381419051352	0.0233241865934927	0.0376323010584084	0.0337122696981575	0.0190121520972167	0.0113680909447275	0.0109760878087024	0.0109760878087024	0.0097020776166209	0.0107800862406899	0.0230301842414739	0.015876127009016	0.0049980399843198	0.0156801254410035	0.0127401019208153	0.0152881223049784	0.0242061936495491	0.0173461387691101	0.0114660917287338	0.0214621716973735	0.0066640533124264	0.0220501764014112	0.0117600940807526	0.0077420619364954	0.0214621716973735	0.0178361426891415	0.0049980399843198	0.0249901999215993	0.0271462171697373	0.0160721285770286	0.0219521756174049	0.0248921991375931	0.0263622108976871	0.0262642101136809	0.0131321050568404	0.0319482555860446	0.0175421403371226	0.0133281066248529	0.0209721677773422	0.0178361426891415	0.012642101136809	0.010094080752646	0.0134261074088592	0.009016072128577	0.0129361034888279	0.0105840846726773	0.0170521364170913	0.0109760878087024	0.0095060760486083	0.0071540572324578	0.0182281458251666	0.0175421403371226	0.0120540964327714	0.0048020384163073	0.0084280674245393	0.0081340650725205	0.0049000392003136	0.0062720501764014	0	64296
76	Gadgets Gully virus	0.0069275051224509	0.0069275051224509	0.0176602595375158	0.0168796955800565	0.0220509317982242	0.0216606498194945	0.0141477217289491	0.0279051614791687	0.0406868962825641	0.0337593911601131	0.0189286759683871	0.0119036003512537	0.0108303249097472	0.0129768757927602	0.0087813445214167	0.007903210069275	0.0230266367450482	0.0238072007025075	0.0095619084788759	0.0168796955800565	0.0120987413406185	0.0120011708459361	0.0191238169577519	0.0180505415162454	0.0093667674895111	0.014830715191726	0.0116108888672065	0.0178554005268806	0.007903210069275	0.0054639477022148	0.0192213874524343	0.0125865938140306	0.0073177871011806	0.0237096302078251	0.0292711484047224	0.0116108888672065	0.0151234266757732	0.0204898038833056	0.0305395648355937	0.027514879500439	0.0149282856864084	0.0258561810908381	0.027514879500439	0.0125865938140306	0.0166845545906917	0.0117084593618889	0.0123914528246658	0.012196311835301	0.0116108888672065	0.0066347936384037	0.0144404332129963	0.0111230363937945	0.0226363547663186	0.012684164308713	0.0078056395745926	0.0039028197872963	0.0169772660747389	0.0210752268514001	0.0132695872768074	0.0068299346277685	0.0072202166064981	0.0103424724363352	0.0087813445214167	0.0119036003512537	0	64307
77	Kokobera virus	0.0068984547461368	0.0073583517292126	0.0145327446651949	0.0135209713024282	0.0181199411331861	0.0189477557027225	0.0153605592347314	0.0238226637233259	0.032560706401766	0.0342163355408388	0.0164643119941133	0.0103936718175128	0.0103936718175128	0.0125091979396615	0.0091979396615158	0.0102097130242825	0.0236387049300956	0.0164643119941133	0.0080941869021339	0.0176600441501103	0.0143487858719646	0.0130610743193524	0.0221670345842531	0.0161883738042678	0.0085540838852097	0.0155445180279617	0.0097498160412067	0.0181199411331861	0.0091059602649006	0.0060706401766004	0.0299852832965415	0.0131530537159676	0.0068064753495217	0.0248344370860927	0.0273178807947019	0.0172001471670345	0.01747608535688	0.02621412803532	0.0265820456217807	0.0331125827814569	0.0172921265636497	0.0229028697571743	0.0187637969094922	0.0130610743193524	0.016280353200883	0.0152685798381162	0.0130610743193524	0.0103016924208977	0.0135209713024282	0.00873804267844	0.013980868285504	0.0111295069904341	0.0187637969094922	0.0147167034584253	0.008186166298749	0.0079102281089036	0.0198675496688741	0.0171081677704194	0.015728476821192	0.0084621044885945	0.006990434142752	0.0129690949227373	0.0083701250919793	0.0106696100073583	0	44024
78	Langat virus	0.0081345398044054	0.0066721506260853	0.018736861347226	0.0172744721689059	0.0217530390275111	0.0233068275294762	0.0155378850196508	0.0302531761264966	0.0397587057855771	0.0340919477195868	0.0151722877250708	0.0104195228955305	0.0114249154556256	0.0154464856960058	0.0080431404807604	0.0059409560369253	0.0245864180605063	0.0247692167077963	0.0099625262773055	0.0176400694634859	0.0138012978703957	0.0094141303354355	0.018736861347226	0.0176400694634859	0.0117905127502056	0.0161776802851658	0.0088657343935654	0.018188465405356	0.0053011607714102	0.0037473722694452	0.0163604789324559	0.0094141303354355	0.0088657343935654	0.0236724248240563	0.0341833470432318	0.0142582944886207	0.0157206836669408	0.0180970660817109	0.0272369984462114	0.0211132437619961	0.0130701032812357	0.0252262133260213	0.0295219815373366	0.0147152911068458	0.0180970660817109	0.0125217073393656	0.0115163147792706	0.0113335161319806	0.0074033452152454	0.0071291472443103	0.0165432775797459	0.0133443012521707	0.0238552234713463	0.0159034823142308	0.0055753587423453	0.0034731742985101	0.0178228681107759	0.0218444383511562	0.0139840965176857	0.0080431404807604	0.0055753587423453	0.0125217073393656	0.0073119458916004	0.0121561100447856	0	11085
79	Louping ill virus	0.0081884257981415	0.0099365166988683	0.0207010764559757	0.0184009568497561	0.020977090808722	0.0226331769252001	0.013432698500322	0.027693440058883	0.0388260189529855	0.033581746250805	0.0152727941852976	0.0089244640721317	0.012144631520839	0.0138007176373171	0.0061643205446683	0.0053362774864292	0.0249332965314196	0.0241052534731806	0.0115005980310976	0.0202410525347318	0.0149047750483025	0.0106725549728585	0.0181249424970098	0.0198730333977366	0.0139847272058147	0.0149967798325512	0.0119606219523415	0.0157328181065415	0.0060723157604195	0.0036801913699512	0.0174809090072683	0.0095684975618732	0.0085564449351366	0.0232772104149415	0.0336737510350538	0.0157328181065415	0.0170208850860244	0.018860980771	0.0264973778636489	0.0213451099457171	0.0136167080688195	0.0231852056306927	0.0269574017848928	0.0135247032845707	0.0154568037537951	0.0106725549728585	0.0108565645413561	0.0130646793633268	0.0066243444659122	0.0071763731714049	0.0162848468120342	0.0146287606955561	0.0248412917471708	0.0136167080688195	0.0042322200754439	0.0032201674487073	0.0171128898702732	0.021805133866961	0.0145367559113073	0.0093844879933756	0.0049682583494341	0.0128806697948293	0.0087404545036341	0.0138007176373171	0	11086
80	Ntaya virus	0.0059409560369253	0.0063065533315053	0.019102458641806	0.0176400694634859	0.0260488072388264	0.0225756329403162	0.0163604789324559	0.0233068275294762	0.0325381592176217	0.0355543368979069	0.019285257289096	0.0123389086920756	0.0088657343935654	0.0087743350699204	0.0086829357462754	0.0095969289827255	0.0207476464674161	0.0141668951649757	0.0078603418334704	0.0154464856960058	0.0115163147792706	0.0144410931359107	0.0221186363220912	0.0131615026048807	0.0085915364226304	0.0155378850196508	0.0105109222191755	0.019102458641806	0.0112421168083356	0.0082259391280504	0.0280595923590165	0.0170002741979709	0.0071291472443103	0.0244950187368613	0.0236724248240563	0.018188465405356	0.0211132437619961	0.0247692167077963	0.0254090119733114	0.0316241659811717	0.019193857965451	0.0257746092678914	0.0166346769033909	0.0135270998994607	0.0159034823142308	0.0141668951649757	0.0095969289827255	0.0091399323645005	0.0148980897541358	0.0085001370989854	0.0159948816378758	0.0089571337172104	0.0177314687871309	0.0122475093684306	0.0088657343935654	0.0088657343935654	0.019742253907321	0.019102458641806	0.0143496938122657	0.0069463485970203	0.0063979526551503	0.0085915364226304	0.0082259391280504	0.0095969289827255	0	64292
81	Omsk hemorrhagic fever virus	0.0086230876216968	0.0092721372276309	0.0200278164116828	0.0165971256374594	0.0207695873898933	0.0234585071859063	0.0142790913305516	0.0285581826611033	0.0390356977283263	0.0340287436254056	0.0140009272137227	0.0099211868335651	0.0106629578117756	0.0147426981919332	0.0087158089939731	0.0062123319425127	0.0234585071859063	0.0229021789522484	0.0098284654612888	0.0203987019007881	0.0131664348632359	0.0097357440890125	0.0163189615206305	0.0177097821047751	0.0131664348632359	0.0164116828929068	0.0113120074177097	0.0162262401483541	0.0072322670375521	0.0044506258692628	0.0188224385720908	0.0118683356513676	0.0082522021325915	0.020676866017617	0.0300417246175243	0.0165971256374594	0.0177097821047751	0.021882243857209	0.0273528048215113	0.0271673620769587	0.01557719054242	0.0225312934631432	0.0242929995363931	0.0129809921186833	0.0164116828929068	0.0109411219286045	0.0118683356513676	0.011682892906815	0.0083449235048678	0.0076031525266573	0.0166898470097357	0.0124246638850254	0.0254056560037088	0.0152063050533147	0.0059341678256838	0.0042651831247102	0.016782568382012	0.0193787668057487	0.014093648585999	0.0084376448771441	0.0039870190078813	0.012888270746407	0.0085303662494204	0.0121464997681965	0	12542
82	Tembusu virus	0.0060975609756097	0.0057335274845285	0.0174736075718966	0.0128321805606115	0.0220240262104113	0.0239352020385875	0.0149253731343283	0.0221150345831816	0.0340371314160902	0.0333090644339279	0.0174736075718966	0.0093738623953403	0.0090098289042591	0.0097378958864215	0.00928285402257	0.0095558791408809	0.0242992355296687	0.0173825991991263	0.0075536949399344	0.0184746996723698	0.0116490717145977	0.0140152894066254	0.0215689843465598	0.0161994903531124	0.0107389879868947	0.0169275573352748	0.0087368037859483	0.0184746996723698	0.0114670549690571	0.0095558791408809	0.0237531852930469	0.0167455405897342	0.0066436112122315	0.0233891518019657	0.0268474699672369	0.0176556243174372	0.0193847834000728	0.0241172187841281	0.0276665453221696	0.0293046960320349	0.0173825991991263	0.025937386239534	0.0189297415362213	0.0151983982526392	0.017291590826356	0.0142883145249362	0.0101019293775027	0.0091918456497997	0.0147433563887877	0.0097378958864215	0.0154714233709501	0.0110120131052056	0.0205678922460866	0.0127411721878412	0.0088278121587186	0.0090098289042591	0.0182016745540589	0.0186567164179104	0.0126501638150709	0.0064615944666909	0.0079177284310156	0.0097378958864215	0.0079177284310156	0.0085547870404077	0	64293
83	Uganda S virus	0.0038310412573673	0.0045186640471512	0.0164047151277013	0.0147347740667976	0.0231827111984282	0.018762278978389	0.0157170923379174	0.0191552062868369	0.0361493123772102	0.0298624754420432	0.0178781925343811	0.0148330058939096	0.0115913555992141	0.012278978388998	0.0103143418467583	0.0093320235756385	0.0200392927308447	0.0175834970530451	0.0051080550098231	0.0163064833005893	0.0134577603143418	0.0153241650294695	0.0233791748526522	0.0150294695481335	0.0117878192534381	0.0221021611001964	0.0067779960707269	0.0222003929273084	0.0102161100196463	0.0099214145383104	0.030844793713163	0.0200392927308447	0.0049115913555992	0.0230844793713163	0.0218074656188605	0.0149312377210216	0.024656188605108	0.024557956777996	0.0237721021611001	0.0276031434184675	0.0174852652259332	0.0303536345776031	0.0170923379174852	0.01237721021611	0.018271119842829	0.0166011787819253	0.01188605108055	0.0134577603143418	0.0148330058939096	0.0072691552062868	0.0135559921414538	0.012475442043222	0.018172888015717	0.0127701375245579	0.0100196463654223	0.0096267190569744	0.018664047151277	0.0152259332023575	0.01237721021611	0.005795677799607	0.0063850687622789	0.0092337917485265	0.005795677799607	0.0062868369351669	0	64297
84	Usutu virus	0.0064172089660159	0.0070498915401301	0.0168112798264642	0.0186189443239334	0.0209689081706435	0.02087852494577	0.0147324656543745	0.0201554591467823	0.0328091106290672	0.0312725958062183	0.0175343456254519	0.0122017353579175	0.0112075198843094	0.0130151843817787	0.0088575560375994	0.0090383224873463	0.022053506869125	0.0196131597975415	0.008586406362979	0.01852856109906	0.0142805495300072	0.0135574837310195	0.0192516268980477	0.0149132321041214	0.010936370209689	0.0187093275488069	0.0098517715112075	0.0179862617498192	0.0077729573391178	0.0055133767172812	0.0202458423716558	0.0114786695589298	0.0075921908893709	0.0227765726681128	0.0252169197396963	0.0180766449746926	0.0217823571945047	0.0248553868402024	0.0252169197396963	0.0258496023138105	0.0168112798264642	0.0230477223427331	0.0176247288503253	0.0138286334056399	0.0150036153289949	0.0144613159797541	0.0136478669558929	0.0128344179320318	0.0117498192335502	0.008586406362979	0.0144613159797541	0.0123825018076644	0.0225958062183658	0.0152747650036153	0.0077729573391178	0.0075921908893709	0.0227765726681128	0.01852856109906	0.0178958785249457	0.008586406362979	0.0066883586406362	0.0128344179320318	0.0078633405639913	0.010936370209689	0	64286
85	Wesselsbron virus	0.0049019607843137	0.0052719200887902	0.0166481687014428	0.0165556788753237	0.0244173140954495	0.018220495745468	0.0158157602663706	0.0203477617462079	0.0348686644469108	0.0303366629670736	0.0187754347021827	0.0130410654827968	0.0123011468738438	0.0127635960044395	0.0098964113947465	0.0089715131335553	0.0184054753977062	0.0151683314835368	0.0067517573066962	0.0167406585275619	0.0135960044395116	0.0162782093969663	0.0229374768775434	0.0148908620051794	0.0114687384387717	0.0193303736588975	0.0066592674805771	0.0209951905290418	0.0088790233074361	0.0076766555678875	0.0298742138364779	0.0175730669626341	0.0067517573066962	0.0240473547909729	0.0214576396596374	0.0148908620051794	0.0241398446170921	0.0234924158342582	0.0231224565297817	0.0261746207917129	0.0169256381798002	0.0283943766185719	0.0156307806141324	0.0136884942656307	0.0161857195708472	0.0155382907880133	0.0133185349611542	0.0126711061783203	0.0162782093969663	0.0083240843507214	0.0174805771365149	0.0113762486126526	0.0209027007029226	0.0126711061783203	0.0092489826119126	0.0091564927857935	0.0195153533111357	0.0172955974842767	0.0143359230484646	0.0070292267850536	0.0062893081761006	0.0099889012208657	0.0061968183499815	0.0071217166111727	0	164416
86	West Nile virus	0.008504252126063	0.008731638546546	0.0160989585701941	0.0191459366046659	0.0220564827868479	0.0221474373550411	0.0155987084451316	0.0213288462413024	0.0317431442994224	0.0328345991177406	0.0188730729000864	0.0123698212742735	0.0104142980581199	0.0124607758424666	0.0089590249670289	0.0071399336031652	0.0215107553776888	0.017463277093092	0.0093228432398017	0.0192368911728591	0.0124607758424666	0.0119605257174041	0.0204193005593705	0.0140070035017508	0.0120514802855973	0.0191459366046659	0.0107781163308927	0.0165537314111601	0.0073673200236481	0.0054117968074946	0.021146937104916	0.0118695711492109	0.0083678202737732	0.0231934148892628	0.0265132566283141	0.0163263449906771	0.0204193005593705	0.0239665287189049	0.0263768247760243	0.0281049615716949	0.0180999590704443	0.0235572331620355	0.0163263449906771	0.0142798672063304	0.0159170494338078	0.0138250943653645	0.0114602755923416	0.0115057528764382	0.0112783664559552	0.0088680703988357	0.016781117831643	0.0136886625130747	0.0223293464914275	0.0146436854791031	0.007276365455455	0.0056846605120742	0.0209650279685297	0.0179180499340579	0.0169175496839328	0.0085497294101596	0.0066851607621992	0.0110055027513756	0.0090045022511255	0.0110509800354722	0	11082
87	Zika virus	0.0061111111111111	0.0077314814814814	0.0173148148148148	0.0171296296296296	0.0220833333333333	0.0210648148148148	0.0153703703703703	0.0217592592592592	0.0358796296296296	0.035	0.0175	0.0132407407407407	0.0103703703703703	0.0128703703703703	0.0091203703703703	0.0093518518518518	0.023287037037037	0.0177777777777777	0.0072685185185185	0.0184259259259259	0.0134259259259259	0.0099537037037037	0.0192129629629629	0.0150925925925925	0.0112962962962962	0.0185185185185185	0.0071759259259259	0.0200925925925925	0.0094907407407407	0.0059259259259259	0.0219444444444444	0.0118981481481481	0.0062037037037037	0.0215277777777777	0.0291203703703703	0.0176388888888888	0.02	0.0257407407407407	0.0290277777777777	0.0266203703703703	0.0149074074074074	0.0243518518518518	0.0213888888888888	0.0147685185185185	0.0150925925925925	0.0122685185185185	0.010324074074074	0.0127314814814814	0.0102314814814814	0.008287037037037	0.0162037037037037	0.0128703703703703	0.0233796296296296	0.0163425925925925	0.007824074074074	0.0063425925925925	0.0203703703703703	0.0178703703703703	0.0141666666666666	0.0076388888888888	0.0064351851851851	0.0133796296296296	0.0055555555555555	0.0087037037037037	0	64320
88	Pegivirus A	0.0124551403842094	0.0153050453873759	0.0156217014988389	0.01467173316445	0.0096052353810428	0.0170994300189993	0.0104496516782773	0.034304412075153	0.0373654211526282	0.0208993033565547	0.0111885159383576	0.0102385476039687	0.0141439729786784	0.0191049187249313	0.010660755752586	0.0066497783407219	0.0211104074308634	0.0273379776229681	0.0157272535359932	0.0240658644711842	0.0179438463162339	0.0100274435296601	0.0215326155794806	0.0290268102174371	0.0159383576103018	0.0137217648300612	0.010660755752586	0.0139328689043698	0.0051720498205615	0.0045387375976356	0.0077052987122651	0.0072830905636478	0.0104496516782773	0.0186827105763141	0.0196326789107029	0.0131940046442896	0.0121384842727464	0.0127717964956723	0.0112940679755119	0.0121384842727464	0.008655267046654	0.0166772218703821	0.0331433396664555	0.0153050453873759	0.0229047920624868	0.0158328055731475	0.0113996200126662	0.01467173316445	0.0068608824150306	0.0121384842727464	0.0210048553937091	0.0170994300189993	0.0275490816972767	0.0214270635423263	0.0066497783407219	0.0073886426008021	0.0188938146506227	0.0179438463162339	0.0178382942790795	0.0154105974245302	0.0067553303778762	0.0202659911336288	0.0100274435296601	0.0183660544648511	0	1307800
89	Bovine viral diarrhea virus 1	0.0046137936520563	0.0040569564871529	0.0175005966112481	0.015511892450879	0.0243417389229178	0.0223530347625487	0.0161482777821971	0.0168642112799299	0.0236258054251849	0.0240235462572587	0.0167846631135152	0.0122504176278736	0.0077957203086468	0.0140004772889984	0.0156709887837085	0.0136822846233394	0.0261713467504574	0.0150346034523904	0.0035796674886643	0.011773128629385	0.0126481584599474	0.0110571951316522	0.0165460186142709	0.0171028557791742	0.0089093946384535	0.0143186699546575	0.0076366239758173	0.0135231882905099	0.0217166494312306	0.0173415002784185	0.0353193858881552	0.0190915599395433	0.0050115344841301	0.0214780049319863	0.0222734865961339	0.0146368626203166	0.0241030944236735	0.0276827619123379	0.0289555325749741	0.0253758650863097	0.0200461379365205	0.0189324636067138	0.0232280645931111	0.0182960782753957	0.0135231882905099	0.0118526767957998	0.0080343648078911	0.0102617134675045	0.0127277066263622	0.0170233076127595	0.0119322249622146	0.0077957203086468	0.0182165301089809	0.012807254792777	0.0162278259486118	0.0126481584599474	0.0193302044387876	0.0157505369501233	0.0180574337761514	0.0053297271497891	0.0142391217882427	0.0111367432980669	0.005727467981863	0.0063638533131811	0	2170080
90	Puumala orthohantavirus	0.0024875621890547	0.0014925373134328	0.0170812603648424	0.0107794361525704	0.0233830845771144	0.0198175787728026	0.0184908789386401	0.014262023217247	0.0179933665008291	0.0144278606965174	0.0223051409618573	0.0165008291873963	0.0080431177446102	0.0107794361525704	0.0149253731343283	0.0146766169154228	0.0171641791044776	0.0077943615257048	0.0014925373134328	0.0106965174129353	0.0174958540630182	0.0304311774461028	0.0229684908789386	0.0152570480928689	0.0091210613598673	0.020563847429519	0.002653399668325	0.0193200663349917	0.023714759535655	0.0230514096185737	0.0380597014925373	0.0262852404643449	0.0019900497512437	0.025290215588723	0.0149253731343283	0.0116915422885572	0.0216417910447761	0.0240464344941956	0.0261194029850746	0.0218076285240464	0.0161691542288557	0.0266998341625207	0.0097844112769485	0.016334991708126	0.0209784411276948	0.0193200663349917	0.0145936981757877	0.0156716417910447	0.0297678275290215	0.0151741293532338	0.0141791044776119	0.0065505804311774	0.0145107794361525	0.0058872305140961	0.0287728026533996	0.0290215588723051	0.010530679933665	0.0096185737976782	0.0093698175787728	0.0019900497512437	0.0140132669983416	0.0048922056384742	0.0028192371475953	0.0023217247097844	0	1980486
91	Seoul orthohantavirus	0.003431536658855	0.0015065282892534	0.0175761633746233	0.0118011382658185	0.0233511884834281	0.0202544358888516	0.0162370271175092	0.0136424506193505	0.0179109474389019	0.016739203213927	0.0199196518245731	0.0171576832942751	0.0103783059926347	0.0110478741211918	0.0138935386675594	0.0124707063943756	0.019250083696016	0.0094576498158687	0.0013391362571141	0.0123033143622363	0.0166555071978573	0.0285403414797455	0.0232674924673585	0.0143957147639772	0.010545698024774	0.0221794442584532	0.0027619685302979	0.0206729159691998	0.0231001004352192	0.020170739872782	0.0341479745564111	0.0262805490458654	0.0022597924338801	0.025443588885169	0.0160696350853699	0.0122196183461667	0.0231001004352192	0.0235185805155674	0.0246066287244727	0.0224305323066622	0.0159022430532306	0.0251088048208905	0.0119685302979578	0.0162370271175092	0.0200033478406427	0.0164881151657181	0.0159859390693003	0.0166555071978573	0.0283729494476062	0.0119685302979578	0.0154000669568128	0.0089554737194509	0.016739203213927	0.0073652494141278	0.0268664211583528	0.0222631402745229	0.0127217944425845	0.0115500502176096	0.0088717777033813	0.0028456645463675	0.0122196183461667	0.00686307331771	0.0031804486106461	0.003431536658855	0	1980490
92	Thailand orthohantavirus	0.0038629492777964	0.0015955660060463	0.0159556600604635	0.0099093046691299	0.0224219012428619	0.0178031575411488	0.0170473631172321	0.0126805508901578	0.0182230433322136	0.0134363453140745	0.019734632180047	0.0160396372186765	0.0100772589855559	0.0120927107826671	0.0133523681558616	0.0140241854215653	0.017131340275445	0.009657373194491	0.0014276116896204	0.012260665099093	0.0178871346993617	0.0308196170641585	0.0238495129324823	0.0151998656365468	0.0101612361437688	0.0209942895532415	0.002435337588176	0.0193987235471951	0.0204904266039637	0.022169969768223	0.037033926771918	0.0266207591535102	0.002435337588176	0.0243533758817601	0.0136042996305005	0.012344642257306	0.0247732616728249	0.0253611017803157	0.0242693987235471	0.0220020154517971	0.0169633859590191	0.024605307356399	0.0109170305676855	0.0136882767887134	0.0213301981860933	0.0209103123950285	0.0177191803829358	0.0178031575411488	0.0307356399059455	0.0118407793080282	0.0130164595230097	0.0088176016123614	0.0157877057440376	0.0069701041316761	0.0261168962042324	0.0279643936849177	0.0125125965737319	0.0099093046691299	0.0100772589855559	0.002435337588176	0.012260665099093	0.0065502183406113	0.0031911320120927	0.0029392005374538	0	1980492
93	Tula orthohantavirus	0.003315649867374	0.0014920424403183	0.01657824933687	0.0125994694960212	0.0247844827586206	0.018236074270557	0.0181531830238726	0.0143401856763925	0.0189820954907161	0.0155006631299734	0.0227950928381962	0.0155006631299734	0.0091180371352785	0.0109416445623342	0.0164953580901856	0.0140086206896551	0.0180702917771883	0.0087864721485411	0.0009946949602122	0.0121850132625994	0.0152519893899204	0.029592175066313	0.0231266578249336	0.0148375331564986	0.0096153846153846	0.0193136604774535	0.0029011936339522	0.0174900530503978	0.0225464190981432	0.0209714854111405	0.0359748010610079	0.0241213527851458	0.0024038461538461	0.0255305039787798	0.015169098143236	0.011853448275862	0.0242871352785145	0.0270225464190981	0.0263594164456233	0.0218832891246684	0.0159980106100795	0.0253647214854111	0.0100298408488063	0.0167440318302387	0.0208885941644562	0.0181531830238726	0.014920424403183	0.0150862068965517	0.0289290450928381	0.0145888594164456	0.0138428381962864	0.0067970822281167	0.0164124668435013	0.0062168435013262	0.0279343501326259	0.0242871352785145	0.0119363395225464	0.0110245358090185	0.0097811671087533	0.0022380636604774	0.0141744031830238	0.0059681697612732	0.0034814323607427	0.0020722811671087	0	1980494
94	Orthohepevirus A	0.0154725397267911	0.0257875662113186	0.0117089489824365	0.0179816002230276	0.0087817117368274	0.0164482854753275	0.0098968497351547	0.0158907164761639	0.0200724839698912	0.0096180652355729	0.0111513799832729	0.0100362419849456	0.0197936994703094	0.0264845274602732	0.0137998327293002	0.0055756899916364	0.0135210482297184	0.0280178422079732	0.0156119319765821	0.0264845274602732	0.018817953721773	0.0183997769724003	0.0189573459715639	0.0158907164761639	0.0151937552272093	0.0117089489824365	0.0069696124895455	0.0135210482297184	0.0080847504878728	0.0097574574853638	0.0040423752439364	0.0089211039866183	0.0121271257318093	0.0186785614719821	0.0144967939782548	0.0124059102313911	0.007805965988291	0.0075271814887092	0.0082241427376637	0.0069696124895455	0.0079453582380819	0.0161695009757457	0.014078617228882	0.0124059102313911	0.0178422079732366	0.0170058544744912	0.0168664622247003	0.017284638974073	0.0111513799832729	0.0135210482297184	0.0223027599665458	0.0221633677167549	0.0278784499581823	0.0348480624477279	0.0118483412322274	0.0111513799832729	0.023557290214664	0.0137998327293002	0.025090604962364	0.0296905492054641	0.0076665737385001	0.0352662391971006	0.0098968497351547	0.0199330917201003	0	1678143
95	Dugbe orthonairovirus	0.0028106273532375	0.0018560746672323	0.0179243782149864	0.012037969984621	0.0270986901415919	0.0234395715119053	0.0200986371108872	0.014424351699634	0.016015272842976	0.0161213342525322	0.0161743649573102	0.012833430556292	0.008007636421488	0.0102879567269449	0.0145304131091902	0.0154319350904173	0.0196213607678846	0.0091743119266055	0.0022803203054568	0.0149016280426366	0.0186137773771013	0.0222198653020098	0.019939544996553	0.0128864612610701	0.0106591716603913	0.0216365275494511	0.0030757808771278	0.0161743649573102	0.0150607201569708	0.0200986371108872	0.0406215198599989	0.0219547117781195	0.0021742588959007	0.0233865408071273	0.0177122553958742	0.0156440579095296	0.0283183963514875	0.0317653921620618	0.0329850983719573	0.0277880893037068	0.0224850188259001	0.0203107599299994	0.007212175849817	0.0208410669777801	0.0186137773771013	0.0171819483480935	0.0152728429760831	0.0180304396245426	0.019939544996553	0.0122500928037333	0.0159092114334199	0.0116667550511746	0.0192501458344381	0.0074773293737073	0.0138410139470753	0.0205228827491117	0.0133107068992946	0.0141061674709656	0.0098637110887203	0.0017500132576761	0.0115076629368404	0.0049848862491382	0.0033409344010181	0.0025454738293471	0	1980521
96	Thiafora orthonairovirus	0.0033809998891475	0.0015519343753464	0.0177918190887928	0.012637179913535	0.0268262942024165	0.0213390976610131	0.0192329010087573	0.0130805897350626	0.0171821305841924	0.017570114178029	0.0172375568118833	0.0145770978827181	0.0091453275690056	0.0109189668551158	0.0158519011196098	0.0141336880611905	0.0176255404057199	0.0091453275690056	0.0016627868307283	0.0137457044673539	0.0194546059195211	0.025440638510143	0.0208402616117947	0.0116395078150981	0.0105864094889701	0.0202305731071943	0.0049329342644939	0.015574769981155	0.017570114178029	0.020452278017958	0.0407382773528433	0.022503048442523	0.002882163839929	0.0211173927502494	0.0158519011196098	0.0133022946458264	0.0274359827070169	0.0311495399623101	0.0323134907438199	0.027325130251635	0.0215608025717769	0.0208956878394856	0.0079813767874958	0.0200088681964305	0.0189557698703026	0.0170158519011196	0.0157964748919188	0.0191220485533754	0.0198980157410486	0.0129697372796807	0.0150759339319365	0.0109189668551158	0.0175146879503381	0.0058751801352399	0.0176255404057199	0.0197317370579758	0.0121383438643165	0.0144662454273362	0.0098658685289879	0.0018290655138011	0.0120274914089347	0.0053209178583305	0.003879835938366	0.0035472785722203	0	1980529
97	Influenza B virus	0.0033217993079584	0.0017301038062283	0.0168166089965397	0.0107266435986159	0.0250519031141868	0.0171626297577854	0.0134948096885813	0.0113494809688581	0.0218685121107266	0.0260207612456747	0.0191695501730103	0.013356401384083	0.0085121107266436	0.0104498269896193	0.0144636678200692	0.0113494809688581	0.0185467128027681	0.0092041522491349	0.0019377162629757	0.0126643598615916	0.014878892733564	0.0178546712802768	0.0190311418685121	0.0095501730103806	0.0060207612456747	0.0165397923875432	0.0047058823529411	0.015432525951557	0.0202768166089965	0.0201384083044982	0.0522491349480968	0.0332871972318339	0.0021453287197231	0.0241522491349481	0.0188927335640138	0.0155017301038062	0.0303806228373702	0.0316955017301038	0.0316262975778546	0.0351557093425605	0.0206920415224913	0.0294809688581314	0.0139792387543252	0.0165397923875432	0.0146712802768166	0.0113494809688581	0.0128719723183391	0.0131487889273356	0.02	0.0134948096885813	0.0132871972318339	0.009273356401384	0.0141176470588235	0.0083044982698961	0.0152249134948096	0.0143252595155709	0.0152941176470588	0.0134948096885813	0.0121107266435986	0.0031833910034602	0.0111418685121107	0.0080276816608996	0.0049134948096885	0.0043598615916955	0	11520
98	Influenza C virus	0.0024798512089274	0.0016274023558586	0.0165065096094234	0.0085244885306881	0.0218536887786732	0.0172814631122132	0.0141816491010539	0.0070520768753874	0.0193738375697458	0.0234035957842529	0.0192188468691878	0.01371667699938	0.009221946683199	0.0110818350898946	0.0121667699938003	0.0110043397396156	0.0148016119032858	0.0064321140731556	0.0020148791072535	0.013561686298822	0.018443893366398	0.0250309981401115	0.0249535027898326	0.0062771233725976	0.0058896466212027	0.0179789212647241	0.0030223186608803	0.0129417234965902	0.0199938003719776	0.0206137631742095	0.0592064476131432	0.0372752634841909	0.0017823930564166	0.0250309981401115	0.0175914445133292	0.0163515189088654	0.0306106633601983	0.0361128332300062	0.036732796032238	0.0403750774953502	0.018211407315561	0.027665840049597	0.0095319280843149	0.0139491630502169	0.0141816491010539	0.0141041537507749	0.0158865468071915	0.0146466212027278	0.0254184748915065	0.0096869187848729	0.0148016119032858	0.008834469931804	0.01371667699938	0.0071295722256664	0.0173589584624922	0.0171264724116553	0.0130192188468691	0.0115468071915685	0.00914445133292	0.0013949163050216	0.0093769373837569	0.0060446373217606	0.0035647861128332	0.0019373837569745	0	11552
99	Dhori virus	0.0056529112492933	0.0034859619370642	0.020727341247409	0.0166760881854154	0.0258149613717731	0.0242133031844733	0.017335594497833	0.0143207084982099	0.0194083286225739	0.0208215564348973	0.0141322781232334	0.0153570755605803	0.0116826832485396	0.0135669869983041	0.0136612021857923	0.0114000376860749	0.0185603919351799	0.0134727718108159	0.0041454682494818	0.013943847748257	0.0150744299981156	0.0137554173732805	0.0161107970604861	0.0092330883738458	0.0095157339363105	0.0201620501224797	0.0070661390616167	0.015639721123045	0.0129074806858865	0.0100810250612398	0.0371207838703599	0.0194083286225739	0.0044281138119464	0.0175240248728094	0.0216694931222913	0.0179951008102506	0.0314678726210665	0.0298662144337667	0.0333521763708309	0.0296777840587902	0.0219521386847559	0.0185603919351799	0.0123421895609572	0.0187488223101564	0.0146033540606745	0.0109289617486338	0.0137554173732805	0.0162050122479743	0.0121537591859807	0.0144149236856981	0.0160165818729979	0.0150744299981156	0.0185603919351799	0.0121537591859807	0.0097983794987752	0.0082909364989636	0.0212926323723384	0.0152628603730921	0.0166760881854154	0.0056529112492933	0.0108347465611456	0.0116826832485396	0.0090446579988694	0.0055586960618051	0	11318
100	Thogoto virus	0.0060252486610558	0.0046863045141545	0.0203710788064269	0.0183626625860749	0.0259181331293037	0.0265876052027544	0.0149196633511859	0.0149196633511859	0.0202754399387911	0.0234315225707727	0.0182670237184391	0.0158760520275439	0.011381025248661	0.0158760520275439	0.0130068859984697	0.0114766641162968	0.0197016067329762	0.0127199693955623	0.0047819433817903	0.0146327467482785	0.0159716908951798	0.0124330527926549	0.0129112471308339	0.0101377199693955	0.0095638867635807	0.0185539403213465	0.0065034429992348	0.016354246365723	0.0131025248661055	0.0074598316755929	0.0262050497322111	0.0145371078806426	0.0037299158377964	0.0153978576893649	0.0254399387911247	0.0172149961744452	0.0274483550114766	0.0291698546289211	0.0410290742157612	0.0254399387911247	0.0166411629686304	0.0189364957918898	0.0164498852333588	0.0141545524100994	0.0132938026013772	0.0079380260137719	0.0151109410864575	0.0192234123947972	0.0115723029839326	0.0139632746748278	0.0178844682478959	0.0147283856159143	0.0200841622035195	0.0127199693955623	0.0103289977046671	0.0074598316755929	0.0239097169089517	0.0187452180566182	0.0211361897475133	0.005451415455241	0.0096595256312165	0.0144414690130068	0.0080336648814078	0.0063121652639632	0	11569
101	Avian avulavirus 1	0.0082290980908492	0.0064516129032258	0.0200789993416721	0.0184331797235023	0.0246872942725477	0.0236998025016458	0.015009874917709	0.0128373930217248	0.0135615536537195	0.0176431863067807	0.018828176431863	0.0210006583278472	0.0160631994733377	0.0145490454246214	0.0126398946675444	0.0110599078341013	0.0181040157998683	0.0121790651744568	0.0069782751810401	0.0142857142857142	0.0146148782093482	0.0111915734035549	0.0144173798551678	0.0116524028966425	0.0119815668202764	0.023633969716919	0.0069124423963133	0.0196840026333113	0.0180381830151415	0.0131665569453587	0.0183673469387755	0.0197498354180381	0.0052666227781435	0.0204081632653061	0.018828176431863	0.0173140223831468	0.0263989466754443	0.0228439763001974	0.0260039499670836	0.0199473337722185	0.016919025674786	0.019486504279131	0.0140882159315339	0.0176431863067807	0.0137590520078999	0.0099407504937458	0.0132982225148123	0.016589861751152	0.01724818959842	0.0138907175773535	0.016589861751152	0.0182356813693219	0.0175773535220539	0.0111915734035549	0.0175115207373271	0.0140882159315339	0.0198156682027649	0.0153390388413429	0.0154048716260697	0.008294930875576	0.010862409479921	0.0167873601053324	0.0088874259381171	0.0098090849242922	0	2560319
102	Canine morbillivirus	0.007266700662927	0.0036333503314635	0.014724630290668	0.0126848546659867	0.019569097399286	0.019122896481387	0.015617032126466	0.011218765935747	0.0165094339622641	0.0192503824579296	0.0218638449770525	0.0219275879653238	0.0142146863844977	0.0155532891381947	0.0147883732789393	0.013640999490056	0.0187404385517593	0.0093064762876083	0.0036333503314635	0.012302396736359	0.0159994900560938	0.0163819479857215	0.0188041815400305	0.0129398266190719	0.012748597654258	0.0260708822029576	0.0054181540030596	0.0181667516573176	0.0172743498215196	0.0150433452320244	0.0265170831208567	0.0234574196838347	0.0038245792962774	0.0218001019887812	0.0181667516573176	0.0135135135135135	0.027473227944926	0.0228199898011218	0.0258796532381438	0.0214813870474247	0.0177205507394186	0.0202065272819989	0.012302396736359	0.0165731769505354	0.0147883732789393	0.0128760836308006	0.0147883732789393	0.0174018357980622	0.025050994390617	0.0130035696073431	0.0126848546659867	0.0154895461499235	0.0155532891381947	0.0084778174400815	0.0209714431412544	0.0203340132585415	0.0170831208567057	0.0143421723610402	0.0162544620091789	0.0063105558388577	0.0102626211116777	0.0130035696073431	0.0089240183579806	0.0062468128505864	0	11232
103	Measles morbillivirus	0.0077397432670526	0.0047822803926503	0.0169896803423105	0.0161087339541907	0.0215202617669267	0.0234080040271834	0.0142839164359426	0.0121444752076516	0.0154794865341052	0.0210168638308582	0.0212056380568839	0.0228416813491064	0.0173672287943619	0.0157311855021394	0.0131512710797885	0.0122073999496602	0.0237855524792348	0.0129624968537629	0.0040271834885476	0.0131512710797885	0.0130254215957714	0.012081550465643	0.0164862824062421	0.0144097659199597	0.0119557009816259	0.0237855524792348	0.0059778504908129	0.0184369494085074	0.0145356154039768	0.0120186257236345	0.0203876164107727	0.0188144978605587	0.0037754845205134	0.020765164862824	0.0204505411527812	0.0156053360181223	0.0269947143216712	0.0222124339290208	0.024603574125346	0.0193178957966272	0.0173043040523533	0.0191291215706015	0.0178077019884218	0.0148502391140196	0.0138434432418827	0.0129624968537629	0.0124590989176944	0.014787314372011	0.0174301535363705	0.0116410772715831	0.0135917442738484	0.0164233576642335	0.0159199597281651	0.0127737226277372	0.0154794865341052	0.0144726906619682	0.0226529071230807	0.0154794865341052	0.0182481751824817	0.0100050339793606	0.0091870123332494	0.0188144978605587	0.0100679587213692	0.0091240875912408	0	11234
104	Human respirovirus 1	0.0043595332734966	0.0013463264521092	0.0135273753045262	0.0134632645210924	0.0301320682138735	0.0182715732786254	0.0148095909732016	0.0087190665469932	0.012437491986152	0.0176945762277215	0.023208103603026	0.0242338761379664	0.0114758302346454	0.0107065008334401	0.0150660341069367	0.0166688036927811	0.0170534683933837	0.0055135273753045	0.0016027695858443	0.0084626234132581	0.0137838184382613	0.0155148095909732	0.0149378125400692	0.0101936145659699	0.0084626234132581	0.0253878702397743	0.0043595332734966	0.0180151301448903	0.0296191819464033	0.0230798820361584	0.0432747788177971	0.032824721118092	0.0024362097704833	0.0197461212976022	0.0165405821259135	0.0117322733683805	0.0327606103346582	0.0279523015771252	0.0358379279394794	0.0255160918066418	0.0205795614822413	0.0221823310680856	0.0084626234132581	0.0168611360430824	0.0139120400051288	0.0108347224003077	0.0116681625849467	0.0158994742915758	0.0252596486729067	0.0142325939222977	0.0100653929991024	0.0127580459033209	0.0103218361328375	0.0050647518912681	0.0272470829593537	0.0232722143864598	0.0134632645210924	0.0139761507885626	0.0109629439671752	0.0033337607385562	0.0132709321707911	0.0057699705090396	0.0059623028593409	0.0039107577894601	0	12730
105	Human respirovirus 3	0.0034282018111254	0.0011642949547218	0.0128719275549805	0.011254851228978	0.0299482535575679	0.0168175937904269	0.0134540750323415	0.007503234152652	0.0154592496765847	0.0188227684346701	0.026908150064683	0.0273609314359637	0.0092496765847347	0.0068564036222509	0.013130659767141	0.0153945666235446	0.0135187580853816	0.0045278137128072	0.0015523932729624	0.0071798188874514	0.0113842173350582	0.0155886157826649	0.0161707632600258	0.0082147477360931	0.0067917205692108	0.0272315653298835	0.0038809831824062	0.0190815006468305	0.0348641655886157	0.0255498059508408	0.0472833117723156	0.0415912031047865	0.0012289780077619	0.0217335058214747	0.0148124191461836	0.0099611901681759	0.0360284605433376	0.0258085381630012	0.0358990944372574	0.0287192755498059	0.0228978007761966	0.0243208279430789	0.0064683053040103	0.015653298835705	0.0130659767141009	0.0110608020698576	0.0117076326002587	0.0155886157826649	0.0309831824062095	0.0131953428201811	0.0088615782664941	0.0096377749029754	0.0111254851228978	0.0029107373868046	0.0299482535575679	0.0255498059508408	0.013130659767141	0.0117076326002587	0.0096377749029754	0.0018111254851228	0.0105433376455368	0.0036869340232858	0.0056921086675291	0.0025873221216041	0	11216
106	Human rubulavirus 2	0.0042188698542572	0.0027486576323191	0.0168754794170288	0.014510355407824	0.0239708514446433	0.0187292252620813	0.0142546663257478	0.0090130401431858	0.0122730759396573	0.0140628995141907	0.0225006392227051	0.0258885195602147	0.0168754794170288	0.0121452313986192	0.0177703912042955	0.0145742776783431	0.0125926872922526	0.0049859371004858	0.0019176681155714	0.011889542316543	0.0185374584505241	0.0205190488366146	0.0178343134748146	0.009268729225262	0.0085016619790334	0.0263998977243671	0.0038992585016619	0.0215418051649194	0.0253132191255433	0.022308872411148	0.02889286627461	0.034070570186653	0.0031961135259524	0.0199437484019432	0.013104065456405	0.0127205318332907	0.0306826898491434	0.0193684479672717	0.02620813091281	0.0191766811557146	0.0187292252620813	0.0225645614932242	0.0075428279212477	0.0198798261314241	0.0134875990795193	0.0116338532344668	0.0182817693684479	0.0195602147788289	0.0293403221682434	0.0155970340066479	0.0164919457939145	0.0143825108667859	0.0127844541038097	0.0062643825108667	0.024993607772948	0.0233955510099718	0.0182178470979289	0.0103554078240859	0.0115060086934287	0.0042827921247762	0.0109946305292764	0.0080542060854001	0.0049220148299667	0.0034518026080286	0	2560525
107	Human rubulavirus 4	0.0042228739002932	0.0022287390029325	0.0146041055718475	0.013782991202346	0.0267448680351906	0.0173607038123167	0.0120234604105571	0.0078592375366568	0.0112609970674486	0.0130205278592375	0.0225806451612903	0.027683284457478	0.0131378299120234	0.0093255131964809	0.013724340175953	0.0141348973607038	0.0123753665689149	0.0053958944281524	0.0017595307917888	0.0095014662756598	0.0148973607038123	0.021407624633431	0.0165395894428152	0.0086217008797653	0.0071554252199413	0.027683284457478	0.0038709677419354	0.0198240469208211	0.0279765395894428	0.0241055718475073	0.0436363636363636	0.0405278592375366	0.0020527859237536	0.0198240469208211	0.0120234604105571	0.0113196480938416	0.0362463343108504	0.0231671554252199	0.0309677419354838	0.0234604105571847	0.0201173020527859	0.0201173020527859	0.0073313782991202	0.0176539589442815	0.0121407624633431	0.009090909090909	0.0136070381231671	0.0157771260997067	0.0330791788856305	0.0151319648093841	0.0125513196480938	0.0123753665689149	0.0112609970674486	0.0056304985337243	0.0259237536656891	0.0269208211143695	0.0181818181818181	0.0112609970674486	0.0120821114369501	0.0033431085043988	0.010674486803519	0.0087976539589442	0.0055131964809384	0.0034017595307917	0	2560526
108	Mammalian rubulavirus 5	0.0072159538178955	0.0041983731304119	0.018433482025715	0.0162030963001836	0.0216478614536866	0.019679874048806	0.0144319076357911	0.0127263185515612	0.0175806874836001	0.018630280766203	0.0213198635528732	0.0268958278667016	0.0143663080556284	0.0120047231697717	0.0160062975596956	0.0114143269483075	0.016334295460509	0.0084623458409866	0.0023615848858567	0.0131199160325373	0.0150223038572553	0.0157438992390448	0.0188926790868538	0.0116111256887955	0.0096431382839149	0.0253870375229598	0.0042639727105746	0.0205982681710837	0.0185646811860404	0.0181054841249016	0.0232878509577538	0.0312909997376016	0.0031487798478089	0.0223038572553135	0.0160718971398583	0.0133823143531881	0.0277486224088165	0.0195486748884807	0.0225662555759643	0.0220414589346628	0.0170558908422986	0.021779060614012	0.0102335345053791	0.0198110732091314	0.0146943059564418	0.010889530307006	0.014235108895303	0.0183678824455523	0.0254526371031225	0.0143663080556284	0.0165310942009971	0.0145631067961165	0.0177118866439254	0.0086591445814746	0.019483075308318	0.0182366832852269	0.0187614799265284	0.012135922330097	0.0141039097349776	0.0063631592757806	0.0105615324061926	0.010889530307006	0.0080687483600104	0.0047887693518761	0	2560580
109	Mumps rubulavirus	0.0066311272916395	0.0033155636458197	0.0178130282147965	0.0148225198283708	0.0216486802756468	0.0193082824080093	0.0145624756208555	0.0117670003900663	0.0155376413990378	0.0157976856065531	0.0200234039786763	0.0247692107658301	0.0164477961253413	0.0152775971915225	0.0145624756208555	0.0111168898712781	0.0157326745546742	0.0097516577818229	0.0041607073202444	0.0125471330126121	0.0162527629697048	0.0162527629697048	0.0193082824080093	0.0111168898712781	0.0102067351449746	0.0257443765440124	0.0046807957352749	0.0206085034455857	0.0189182160967364	0.0174229619035236	0.0247041997139513	0.0286048628266805	0.0039656741646079	0.0217787023794044	0.0165128071772201	0.014367442465219	0.0301651280717722	0.0205434923937069	0.0228188792094656	0.019438304511767	0.0178780392666753	0.020868547653101	0.0101417240930958	0.0181380834741906	0.0150825640358861	0.0123520998569756	0.0160577298140683	0.016902873488493	0.0253543102327395	0.0131972435314003	0.016902873488493	0.0146924977246131	0.0173579508516447	0.0098166688337017	0.0206735144974645	0.0185931608373423	0.0196983487192822	0.0123520998569756	0.0138473540501885	0.0051358730984267	0.0103367572487322	0.0122870888050968	0.0079313483292159	0.005395917305942	0	2560602
110	Simian rubulavirus	0.005567063697566	0.0038839979285344	0.018837389953392	0.0152123252200932	0.0196789228379078	0.0189668565510098	0.0156654583117555	0.0121051268772656	0.015341791817711	0.0163775245986535	0.0202615225271879	0.0222682547902641	0.0156654583117555	0.0147591921284308	0.0182547902641118	0.0133997928534438	0.0164422578974624	0.010422061108234	0.0036250647332988	0.0138529259451061	0.0158596582081822	0.0155359917141377	0.0186431900569653	0.0108104609010875	0.009709994821336	0.0225919212843086	0.0046607975142413	0.0191610564474365	0.0179311237700673	0.0185784567581563	0.0239513205592957	0.0261522527187985	0.00414293112377	0.0209735888140859	0.0145002589331952	0.0150181253236664	0.0280295183842568	0.0216856551009839	0.0214267219057483	0.0189021232522009	0.0176721905748316	0.020908855515277	0.0116519937856033	0.0203909891248058	0.0154712584153288	0.0122345934748834	0.0137881926462972	0.0170248575867426	0.0249223200414293	0.0163127912998446	0.016701191092698	0.0150828586224754	0.0168306576903158	0.009709994821336	0.0204557224236147	0.0205851890212325	0.0202615225271879	0.0114577938891765	0.0159891248058001	0.0063438632832729	0.0119756602796478	0.013205592957017	0.0063438632832729	0.0058259968928016	0	2560766
111	Bunyamwera orthobunyavirus	0.0024406117800195	0.0017897819720143	0.0176537585421412	0.0117149365440937	0.0264399609502115	0.0181418808981451	0.0157012691181256	0.0104132769280833	0.0143996095021151	0.0138301334201106	0.0224536283761796	0.0147250244061178	0.0089489098600715	0.008135372600065	0.0148877318581191	0.0173283436381386	0.0127725349821021	0.0069964204360559	0.0018711356980149	0.0117962902700943	0.0165961601041327	0.0280670354702245	0.0224536283761796	0.0086234949560689	0.0070777741620566	0.0181418808981451	0.0026033192320208	0.018630003254149	0.0324601366742596	0.0262772534982102	0.0490562967783924	0.0346566872762772	0.0017084282460136	0.0230231044581841	0.0130979498861047	0.0145623169541164	0.0266840221282134	0.0248942401561991	0.030507647250244	0.0246501789781972	0.0180605271721444	0.0236739342661893	0.0079726651480637	0.0165961601041327	0.0181418808981451	0.0158639765701269	0.0155385616661243	0.0144809632281158	0.0322974292222583	0.0139114871461112	0.0137487796941099	0.0066710055320533	0.0127725349821021	0.0057761145460462	0.0274162056622193	0.0267653758542141	0.0129352424341034	0.0103319232020826	0.008379433778067	0.0020338431500162	0.0108200455580865	0.0041490400260331	0.0031727953140253	0.0022779043280182	0	1933179
112	Bwamba orthobunyavirus	0.0020659515295987	0.0007945967421533	0.0144616607071911	0.0102502979737783	0.0274135876042908	0.0131903059197457	0.013031386571315	0.0082638061183949	0.0144616607071911	0.0144616607071911	0.0242352006356773	0.0170043702820818	0.0072308303535955	0.0070719110051648	0.0156535558204211	0.0163686928883591	0.0117600317838696	0.0052443384982121	0.0012713547874453	0.0077870480731029	0.0147794994040524	0.0306714342471195	0.0198649185538339	0.0074692093762415	0.0068335319825188	0.0174811283273738	0.0020659515295987	0.0176400476758045	0.0410806515693285	0.0315454906634882	0.0599125943583631	0.0439411998410806	0.0012713547874453	0.0219308700834326	0.0119189511323003	0.0100913786253476	0.0293206197854588	0.024394119984108	0.0310687326181962	0.0260627731426301	0.0185935637663885	0.0261422328168454	0.0050059594755661	0.0151767977751291	0.0154946364719904	0.0114421930870083	0.0127135478744537	0.0151767977751291	0.0379022646007151	0.0147794994040524	0.0116805721096543	0.0054032578466428	0.0092967818831942	0.0042908224076281	0.0363130711164084	0.0315454906634882	0.0110448947159316	0.0087405641636869	0.0077075883988875	0.0011124354390147	0.0107270560190703	0.0038935240365514	0.0034962256654747	0.000953516090584	0	35310
113	Caraparu orthobunyavirus	0.0043240597209757	0.0025291670066084	0.0162356204617769	0.0077506730847678	0.0224361589295912	0.0150118299747083	0.0144407277474096	0.0089744635718365	0.0141143836175246	0.0146038998123521	0.0241494656114873	0.0172146528514318	0.0070979848249979	0.0073427429224116	0.015582932202007	0.0164803785591906	0.0131353512278697	0.0070163987925267	0.0032634412988496	0.0115036305784449	0.0139512115525821	0.0268418046830382	0.0186016154034429	0.008811291506894	0.0076690870522966	0.0200701639879252	0.003752957493677	0.0174594109488455	0.0348372358652198	0.026107530390797	0.0458513502488374	0.0403850860732642	0.0019580647793097	0.0230888471893611	0.0136248674226972	0.0117483886758586	0.0293709716896467	0.0271681488129232	0.0329607571183813	0.0293709716896467	0.017296238883903	0.0290446275597617	0.0088928775393652	0.0147670718772946	0.0162356204617769	0.0144407277474096	0.0144407277474096	0.015582932202007	0.0299420739169454	0.0145223137798808	0.0150934160071795	0.0077506730847678	0.0119115607408011	0.0053846781431019	0.0290446275597617	0.0252916700660846	0.010850942318675	0.0091376356367789	0.0077506730847678	0.002039650811781	0.0104430121563188	0.004405645753447	0.0057110222729868	0.0031818552663783	0	1933290
114	Catu orthobunyavirus	0.0041590417567792	0.0016636167027116	0.0181334220595574	0.0108966894027616	0.0263683247379803	0.0170520712027948	0.0161370820163034	0.0095657960405922	0.0161370820163034	0.0168025286973881	0.0217101979703876	0.0148893694892696	0.0087339876892364	0.0092330727000499	0.0150557311595408	0.0138911994676426	0.0133089336216935	0.0079021793378805	0.0028281483946098	0.0122275827649309	0.0158043586757611	0.0252037930460821	0.0200465812676759	0.0076526368324737	0.0081517218432873	0.0180502412244218	0.0030776909000166	0.0201297621028115	0.0331059723839627	0.0235401763433704	0.0414240558975212	0.0316918981866577	0.0024122442189319	0.0221261021460655	0.0169688903676592	0.0133089336216935	0.0271169522542006	0.0281151222758276	0.0332723340542339	0.0272833139244718	0.0181334220595574	0.0252869738812177	0.0075694559973382	0.0163034436865746	0.0153052736649475	0.0143071036433205	0.0158875395108966	0.0163034436865746	0.0264515055731159	0.0145566461487273	0.0163034436865746	0.0083180835135584	0.0149725503244052	0.0059890201297621	0.0262019630677092	0.020628847113625	0.0126434869406088	0.0122275827649309	0.0100648810514057	0.0029113292297454	0.0094826152054566	0.0060722009648976	0.0059890201297621	0.0029113292297454	0	1933269
115	Guama orthobunyavirus	0.0042900750763138	0.0023100404257074	0.0182328190743338	0.0103126804719082	0.0254104446827819	0.0185628248494348	0.0136952396666941	0.0098176718092566	0.0151802656546489	0.0165002887550532	0.0211203696064681	0.0161702829799521	0.0100651761405824	0.0080026400462008	0.0150152627670984	0.0156752743173005	0.0140252454417952	0.0066001155020212	0.0026400462008085	0.0117152050160877	0.0150152627670984	0.0234304100321755	0.019552842174738	0.0085801501526276	0.0088276544839534	0.0182328190743338	0.0042075736325385	0.0188928306245359	0.0311855457470505	0.0228528999257487	0.0433957594257899	0.0358881280422407	0.0032175563072353	0.0222753898193218	0.0150152627670984	0.0151802656546489	0.0279679894398151	0.0252454417952314	0.0315155515221516	0.0280504908835904	0.0177378104116822	0.0268954706707367	0.009322663146605	0.0155927728735252	0.0174078046365811	0.013035228116492	0.0160052800924016	0.0168302945301542	0.0275554822209388	0.0131177295602673	0.0150977642108736	0.0084151472650771	0.0136952396666941	0.0066001155020212	0.0258229519016582	0.0200478508373896	0.0138602425542446	0.0122102136787393	0.0081676429337513	0.0029700519759095	0.0112201963534361	0.0059401039518191	0.0061051068393696	0.0024750433132579	0	1933273
116	Guaroa orthobunyavirus	0.0026910217728125	0.0009785533719318	0.0145967544646497	0.0111718176628883	0.0260947565848487	0.0136997472070455	0.0136182010927179	0.011253363777216	0.0145152083503221	0.0163907689798581	0.0238930114980021	0.0179401451520835	0.0084807958900758	0.0083177036614205	0.0155753078365815	0.0172062301231346	0.0141890238930114	0.0054635896599527	0.00138628394357	0.0092147109190247	0.0145152083503221	0.0249531109842616	0.0201418902389301	0.0097855337193182	0.0073391502894887	0.0202234363532577	0.0034249368017613	0.0190002446383429	0.0357987441898393	0.027888771100057	0.0463997390524341	0.0390605887629454	0.0023648373155019	0.022262089211449	0.0129658321780967	0.0107640870912501	0.0286226861290059	0.0257685721275381	0.0311506156731631	0.0267471254994699	0.0184294218380494	0.0238930114980021	0.0075837886324716	0.0154937617222539	0.0174508684661175	0.0132920166354073	0.0139443855500285	0.015004485036288	0.0351463752752181	0.0156568539509092	0.0117426404631819	0.0071760580608334	0.0106825409769224	0.003751121259072	0.0308244312158525	0.0288673244719889	0.0115795482345266	0.0095408953763353	0.0097855337193182	0.0021201989725189	0.0113349098915436	0.0045665824023485	0.0033433906874337	0.0029356601157954	0	1933274
117	Kairi orthobunyavirus	0.0020808323329331	0.0010404161664665	0.0136054421768707	0.0084833933573429	0.0230492196878751	0.0143257302921168	0.015126050420168	0.0092837134853941	0.0132052821128451	0.0126450580232092	0.0219287715086034	0.0184873949579831	0.0073629451780712	0.0076030412164865	0.0173669467787114	0.0187274909963985	0.0123249299719887	0.0051220488195278	0.001360544217687	0.0100040016006402	0.0158463385354141	0.0276910764305722	0.0180872348939575	0.0099239695878351	0.0068827531012404	0.020328131252501	0.002000800320128	0.0185674269707883	0.0394557823129251	0.0304921968787515	0.0521008403361344	0.0412164865946378	0.0014405762304921	0.0219287715086034	0.0135254101640656	0.0107242897158863	0.0272909163665466	0.0238495398159263	0.0323329331732693	0.0260904361744697	0.0188075230092036	0.0239295718287314	0.0068027210884353	0.015766306522609	0.0142456982793117	0.0128051220488195	0.0148859543817527	0.0182472989195678	0.0348939575830332	0.0148859543817527	0.012484993997599	0.0077631052420968	0.0105642256902761	0.0044017607042817	0.0350540216086434	0.0305722288915566	0.0116846738695478	0.0077631052420968	0.0091236494597839	0.0016006402561024	0.0117647058823529	0.0044817927170868	0.0024009603841536	0.0021608643457382	0	1933276
118	Madrid orthobunyavirus	0.0034915092842405	0.0013489922234565	0.0160292017140136	0.0075384859546103	0.0230122202824948	0.0148389144580225	0.0129344548484367	0.0088081256943342	0.0138073321694969	0.0139660371369623	0.0225361053800983	0.0169814315188065	0.0080939533407395	0.0074591334708776	0.0158704967465481	0.0157911442628154	0.0129344548484367	0.0060307887636883	0.0026979844469131	0.0115854626249801	0.0131725122996349	0.0272179019203301	0.0198381209331852	0.0096810030153943	0.0072210760196794	0.0183304237422631	0.0041263291541025	0.0191239485795905	0.0369782574194572	0.0276146643389938	0.0506268846214886	0.0420568163783526	0.0026979844469131	0.0240438025710204	0.0127757498809712	0.0121409300111093	0.027852721790192	0.0251547373432788	0.0306300587208379	0.0281701317251229	0.0164259641326773	0.0285668941437867	0.0092842405967306	0.0135692747182986	0.014362799555626	0.012855102364704	0.0130931598159022	0.0152356768766862	0.0334073956514838	0.0145215045230915	0.0159498492302809	0.0078558958895413	0.0109506427551182	0.0050785589588954	0.0322171083954927	0.0265037295667354	0.0119822250436438	0.010077765434058	0.0078558958895413	0.0015870496746548	0.0107919377876527	0.0047611490239644	0.0049198539914299	0.0029360418981114	0	1933291
119	Marituba orthobunyavirus	0.0037310470747003	0.0019052155275065	0.0148448043184885	0.0100817654997221	0.0250059537985234	0.0145272683972374	0.0138128125744224	0.0098436135587838	0.0146860363578629	0.0151623402397396	0.0231007382710169	0.0161149480034928	0.0090497737556561	0.00801778201159	0.0147654203381757	0.0135746606334841	0.0123045169484797	0.0061125664840835	0.0019052155275065	0.0103199174406604	0.0127808208303564	0.0275462411685321	0.0198459950781932	0.0077796300706517	0.00801778201159	0.0207986028419464	0.0025402873700087	0.0190521552750654	0.0326268159085496	0.0250853377788362	0.0519965071048662	0.0377867746288798	0.0024609033896959	0.0247678018575851	0.0135746606334841	0.0106374533619115	0.0293720727157259	0.0256410256410256	0.0305628324204175	0.0282606969913471	0.0192903072160038	0.0276256251488449	0.0090497737556561	0.0178613955703739	0.0179407795506866	0.0134952766531713	0.0152417242200523	0.0142097324759863	0.0322298960069857	0.0142097324759863	0.0143685004366118	0.0084147019131539	0.0144478844169246	0.0059537985234579	0.0285782329125982	0.023418274192268	0.0123839009287925	0.009764229578471	0.0078590140509645	0.0024609033896959	0.0106374533619115	0.0042867349368897	0.0042073509565769	0.002063983488132	0	1933307
120	Nyando orthobunyavirus	0.0043061423464413	0.0013812154696132	0.0161683457913552	0.0115372115697107	0.0284367890802729	0.0164120896977575	0.0138121546961325	0.0108872278193045	0.0145433864153396	0.0164933376665583	0.0215307117322066	0.0175495612609684	0.0072310692232694	0.0079623009424764	0.0163308417289567	0.0160870978225544	0.0145433864153396	0.0067435814104647	0.0023561910952226	0.009587260318492	0.0108872278193045	0.022505687357816	0.0186057848553786	0.0086935326616834	0.0083685407864803	0.0215307117322066	0.0034936626584335	0.0206369840753981	0.0351803704907377	0.0226681832954176	0.0489925251868703	0.0369678258043548	0.0020311992200194	0.0203119922001949	0.0128371790705232	0.0130809229769255	0.0327429314267143	0.0260805979850503	0.0300617484562885	0.0271368215794605	0.0194995125121871	0.0240493987650308	0.0079623009424764	0.0160870978225544	0.0161683457913552	0.0103997400064998	0.0129996750081247	0.013649658758531	0.0305492362690932	0.015843353916152	0.0147058823529411	0.0077998050048748	0.0121871953201169	0.0077998050048748	0.0281930451738706	0.0202307442313942	0.0151933701657458	0.0116184595385115	0.0104809879753006	0.0023561910952226	0.011049723756906	0.0053623659408514	0.00625609359766	0.0028436789080272	0	1933306
121	Oriboca orthobunyavirus	0.0038345435261483	0.0021212368442522	0.0164803785591906	0.0096271518316064	0.0265154605531533	0.015582932202007	0.0144407277474096	0.0100350819939626	0.0163987925267194	0.0154197601370645	0.0236599494166598	0.0186832014359141	0.0088928775393652	0.0078322591172391	0.0140327975850534	0.0132985232928122	0.0114220445459737	0.0058741943379293	0.0021212368442522	0.0101166680264338	0.0137064534551684	0.026107530390797	0.0228440890919474	0.0082401892795953	0.0069348127600554	0.0208044382801664	0.0031818552663783	0.0212939544749938	0.0296157297870604	0.0251284980011422	0.0441380435669413	0.0373664028718283	0.0024475809741372	0.0236599494166598	0.0170514807864893	0.0117483886758586	0.0287182834298768	0.0274944929428081	0.0358162682548747	0.0292893856571754	0.0182752712735579	0.0265154605531533	0.0078322591172391	0.0145223137798808	0.0173778249163743	0.0147670718772946	0.015256588072122	0.0162356204617769	0.0329607571183813	0.0139512115525821	0.0140327975850534	0.0088928775393652	0.0120747328057436	0.0050583340132169	0.0254548421310271	0.0233336052867749	0.0114220445459737	0.0093823937341927	0.0070163987925267	0.0016317206494248	0.010850942318675	0.0049767479807456	0.0044872317859182	0.001713306681896	0	1934100
122	Oropouche orthobunyavirus	0.0038387715930902	0.001752482683802	0.0168572143870483	0.0104314445464407	0.0257030793624301	0.01585579571059	0.0129349912375865	0.0100141867645831	0.0143536676959025	0.0136026036885587	0.0217808562129683	0.0156054410414754	0.0069264791788366	0.0073437369606943	0.0147709254777601	0.0155219894851038	0.0137695068013018	0.0078444462989234	0.0024200951347742	0.011099056997413	0.0145205708086455	0.0252858215805724	0.019193857965451	0.0099307352082116	0.0083451556371526	0.0200283735291663	0.0038387715930902	0.0183593424017357	0.0358007176833847	0.0254527246933155	0.0470666777935408	0.0383042643745305	0.0020862889092881	0.0221146624384544	0.0133522490194442	0.0123508303429858	0.0302094634064925	0.0263706918134023	0.0321288492030376	0.0265375949261453	0.0175248268380205	0.0252023700242009	0.0066761245097221	0.0159392472669615	0.016022698823333	0.0111825085537845	0.0151047317032462	0.0152716348159893	0.0322957523157806	0.014270216139531	0.0151881832596177	0.0070099307352082	0.0132687974630726	0.0067595760660936	0.0304598180756071	0.0237002420095134	0.0122673787866143	0.0117666694483852	0.0085120587498956	0.0025869982475173	0.0114328632228991	0.0050070933822915	0.0055912542768922	0.0032546106984895	0	1933309
123	Patois orthobunyavirus	0.0019772223979753	0.0010281556469471	0.0135242012021512	0.0083043340714963	0.0263366023410313	0.0128124011388801	0.0148687124327744	0.0098070230939576	0.0138405567858272	0.012654223347042	0.0225403353369186	0.0152641569123695	0.0051407782347358	0.0071180006327111	0.0151850680164504	0.0175577348940208	0.0113097121164188	0.0052989560265738	0.0013445112306232	0.0101233786776336	0.0142360012654223	0.0286301803226826	0.0195349572919962	0.0085416007592534	0.0058525782980069	0.0197722239797532	0.0026099335653274	0.01842771274913	0.0392280923758304	0.0310819360961721	0.0567067383739323	0.042866181588105	0.0011072445428661	0.0233312242961088	0.012496045555204	0.0110724454286618	0.0303701360329009	0.0271274913002214	0.0327428029104713	0.0276811135716545	0.0191395128124011	0.0267320468206263	0.006327111673521	0.0141569123695033	0.0175577348940208	0.0134451123062322	0.0143941790572603	0.0145523568490983	0.0350363808921227	0.0150268902246124	0.0119424232837709	0.0059316671939259	0.0105979120531477	0.0043498892755457	0.0324264473267953	0.0287883581145207	0.0102815564694716	0.0094115786143625	0.0087788674470104	0.0008699778551091	0.0129705789307181	0.0031635558367605	0.0033217336285985	0.0013445112306232	0	1934101
124	Shuni orthobunyavirus	0.0034690674816222	0.0023953084992153	0.0183364995457173	0.0113157677376724	0.0259354092673659	0.0151152225984967	0.0129677046336829	0.0096638308416618	0.0142066573056909	0.0120591393408771	0.0238704881473527	0.0185842900801189	0.0079292971008507	0.0076815065664491	0.0166019658049062	0.0152804162880977	0.0109027835136697	0.0070207318080449	0.00313868010242	0.0112331708928718	0.0142066573056909	0.0246138597505575	0.0205666143553316	0.0090030560832576	0.0078467002560502	0.0206492112001321	0.0052036012224333	0.0214751796481374	0.0355992401090278	0.0251920376641612	0.0491451226563145	0.0374989675394399	0.0032212769472206	0.021722970182539	0.0121417361856777	0.011563558272074	0.0298174609729908	0.0225489386305443	0.0297348641281903	0.0228793260097464	0.0178409184769141	0.0280003303873792	0.0063599570496407	0.014537044684893	0.0156108036672999	0.0127199140992814	0.0140414636160898	0.0157759973569009	0.0322953663170066	0.0151978194432972	0.0177583216321136	0.007351119187247	0.0110679772032708	0.0060295696704385	0.0316345915586024	0.0246138597505575	0.0128025109440819	0.0099942182208639	0.0086726687040555	0.0021475179648137	0.0104897992896671	0.004377632774428	0.0053687949120343	0.002973486412819	0	159148
125	Tacaiuma orthobunyavirus	0.0035361842105263	0.0018092105263157	0.0141447368421052	0.0120888157894736	0.0259046052631578	0.0177631578947368	0.014391447368421	0.0092927631578947	0.0131578947368421	0.0153782894736842	0.020641447368421	0.0171875	0.0101973684210526	0.0103618421052631	0.0194901315789473	0.0162006578947368	0.0148848684210526	0.0069078947368421	0.0022203947368421	0.0116776315789473	0.0161184210526315	0.0259046052631578	0.0171875	0.0083881578947368	0.0089638157894736	0.0214638157894736	0.0043585526315789	0.0184210526315789	0.0295230263157894	0.0212171052631578	0.0419407894736842	0.0319901315789473	0.0026315789473684	0.0223684210526315	0.0143092105263157	0.0117598684210526	0.0277960526315789	0.0240953947368421	0.0313322368421052	0.0265625	0.0194901315789473	0.0252467105263157	0.0074013157894736	0.0194901315789473	0.0168585526315789	0.0131578947368421	0.0175986842105263	0.0173519736842105	0.0264802631578947	0.0160361842105263	0.0138157894736842	0.0087993421052631	0.0144736842105263	0.00625	0.0273848684210526	0.0209703947368421	0.0145559210526315	0.0125822368421052	0.0104440789473684	0.0020559210526315	0.0108552631578947	0.0074835526315789	0.005016447368421	0.0026315789473684	0	611707
126	Wyeomyia orthobunyavirus	0.0014447387430772	0.0008026326350429	0.0144473874307729	0.0096315916205152	0.0276105626454771	0.0144473874307729	0.0154105465928244	0.0089092222489766	0.0137250180592342	0.0134842282687214	0.0213500280921422	0.0150092302753029	0.0079460630869251	0.0057789549723091	0.0143671241672686	0.0178184444979532	0.0113973834176097	0.0054579019182919	0.0010434224255558	0.0095513283570109	0.0150894935388072	0.0280921422265029	0.0211895015651336	0.0075447467694036	0.0076250100329079	0.0172566016534232	0.0016855285335901	0.0193434465045348	0.0415763704952243	0.0309013564491532	0.057869812986596	0.0422987398667629	0.0011236856890601	0.0215908178826551	0.0101934344650453	0.0105947507825668	0.0288947748615458	0.0272895095914599	0.0323460951922305	0.0290553013885544	0.0192631832410305	0.0259250341118869	0.0069026406613692	0.0153302833293201	0.0180592342884661	0.0144473874307729	0.0127618588971827	0.0145276506942772	0.0333895176177863	0.0144473874307729	0.0126013323701741	0.0057789549723091	0.0099526446745324	0.0044144794927361	0.0329079380367605	0.0289750381250501	0.0130026486876956	0.0085881691949594	0.0073039569788907	0.0008828958985472	0.0111565936270968	0.0050565856007705	0.0017657917970944	0.0013644754795729	0	273350
127	Candiru phlebovirus	0.0024849699398797	0.0008817635270541	0.0153106212424849	0.0127454909819639	0.0203607214428857	0.0181162324649298	0.0161122244488977	0.0171543086172344	0.0191583166332665	0.0174749498997996	0.0238076152304609	0.0189178356713426	0.0116232464929859	0.010501002004008	0.0124248496993987	0.0138677354709418	0.017875751503006	0.0080961923847695	0.0008817635270541	0.0126653306613226	0.0191583166332665	0.0233266533066132	0.0202004008016032	0.0129859719438877	0.0119438877755511	0.0238076152304609	0.0021643286573146	0.0194789579158316	0.0202805611222444	0.0184368737474949	0.0368737474949899	0.0268537074148296	0.0017635270541082	0.0284569138276553	0.021563126252505	0.0121042084168336	0.0238076152304609	0.0256513026052104	0.0331863727454909	0.0250100200400801	0.0147494989979959	0.0262124248496994	0.0110621242484969	0.0156312625250501	0.019879759519038	0.0143486973947895	0.0177955911823647	0.0224448897795591	0.024689378757515	0.0080160320641282	0.0138677354709418	0.0118637274549098	0.0177154308617234	0.0060921843687374	0.0199599198396793	0.0202004008016032	0.0146693386773547	0.0120240480961923	0.0094589178356713	0.002004008016032	0.0072945891783567	0.0076152304609218	0.0033667334669338	0.0015230460921843	0	1933182
128	Punta Toro phlebovirus	0.0033291058972733	0.0016645529486366	0.0169625871908687	0.0116518706404565	0.0260779961953075	0.0216391883322764	0.0191819911223842	0.015298034242232	0.0191819911223842	0.0176759670259987	0.0233830057070386	0.0179930247305009	0.0096702599873176	0.0099080532656943	0.0126030437539632	0.0126823081800887	0.0166455294863665	0.009432466708941	0.0019816106531388	0.0129993658845909	0.0157736207989854	0.0253646163601775	0.0194197844007609	0.0110970196575776	0.0116518706404565	0.0251268230818008	0.0038046924540266	0.0221940393151553	0.018864933417882	0.0176759670259987	0.0363031071655041	0.0239378566899175	0.0023779327837666	0.0267121116043119	0.0219562460367786	0.0141883322764743	0.0263157894736842	0.0267121116043119	0.0329740012682308	0.0229866835764109	0.0163284717818643	0.0271084337349397	0.0081642358909321	0.0149017121116043	0.0197368421052631	0.0149017121116043	0.016724793912492	0.0209258084971464	0.0205294863665187	0.0116518706404565	0.0138712745719721	0.0126823081800887	0.0176759670259987	0.0072130627774254	0.0149809765377298	0.0150602409638554	0.0136334812935954	0.0138712745719721	0.0087983512999365	0.0021401395053899	0.0104629042485732	0.0060240963855421	0.0048351299936588	0.0023779327837666	0	1933186
129	Rift Valley fever phlebovirus	0.003590214577941	0.0016698672455539	0.0177005928028721	0.0119395508057109	0.0171161392669282	0.0254654754946981	0.0169491525423728	0.0156132587459296	0.0197879268598146	0.0217082741922017	0.023545128162311	0.0161142189195958	0.0139433915003757	0.0162812056441512	0.0129414711530433	0.0141103782249311	0.0214577941053686	0.0108541370961008	0.0026717875928863	0.0161142189195958	0.0204558737580362	0.0190364865993153	0.0233781414377556	0.0123570176170994	0.0114385906320447	0.0247140352341988	0.0029222676797194	0.0189529932370376	0.0151122985722635	0.0126909910662102	0.0180345662519829	0.0163646990064289	0.0031727477665525	0.023545128162311	0.0245470485096434	0.0184520330633714	0.0217082741922017	0.0239625949736995	0.0312265174918593	0.0187025131502045	0.0127744844284879	0.0249645153210319	0.0175336060783167	0.0152792852968189	0.0197044334975369	0.0172831259914836	0.0179510728897052	0.0211238206562578	0.0180345662519829	0.0080988561409367	0.0184520330633714	0.0178675795274275	0.0175336060783167	0.0129414711530433	0.0153627786590966	0.0144443516740419	0.0185355264256491	0.0126074977039325	0.0101861901978792	0.0022543207814978	0.007764882691826	0.0123570176170994	0.0029222676797194	0.0036737079402187	0	1933187
130	Human picobirnavirus	0.0128865979381443	0.0103092783505154	0.0154639175257731	0.0138238050609184	0.0199156513589503	0.0182755388940955	0.0135895032802249	0.021555763823805	0.0246016869728209	0.0189784442361761	0.0178069353327085	0.0192127460168697	0.0138238050609184	0.0112464854732895	0.0164011246485473	0.0084348641049671	0.0161668228678537	0.0128865979381443	0.0112464854732895	0.0161668228678537	0.0126522961574507	0.0159325210871602	0.0154639175257731	0.018041237113402	0.011012183692596	0.0149953139643861	0.0124179943767572	0.0178069353327085	0.0138238050609184	0.0159325210871602	0.0208528584817244	0.0206185567010309	0.0135895032802249	0.0222586691658856	0.0154639175257731	0.0147610121836925	0.0199156513589503	0.0185098406747891	0.0161668228678537	0.0208528584817244	0.0175726335520149	0.0269447047797563	0.0098406747891283	0.0168697282099343	0.0187441424554826	0.0182755388940955	0.0147610121836925	0.0140581068416119	0.0173383317713214	0.0161668228678537	0.0168697282099343	0.0107778819119025	0.0185098406747891	0.0117150890346766	0.0210871602624179	0.018041237113402	0.0194470477975632	0.0128865979381443	0.0112464854732895	0.0060918462980318	0.0133552014995313	0.0067947516401124	0.0096063730084348	0.0091377694470477	0	145856
131	Equine rhinitis A virus	0.0061696658097686	0.0101542416452442	0.0170951156812339	0.0143958868894601	0.0226221079691516	0.0208226221079691	0.012210796915167	0.0179948586118251	0.0251928020565552	0.0154241645244215	0.0159383033419023	0.0068123393316195	0.0123393316195372	0.0141388174807197	0.0074550128534704	0.0055269922879177	0.0143958868894601	0.0163239074550128	0.0098971722365038	0.020051413881748	0.0208226221079691	0.0402313624678663	0.0313624678663239	0.0172236503856041	0.0116966580976863	0.0156812339331619	0.0064267352185089	0.0154241645244215	0.0056555269922879	0.0101542416452442	0.026478149100257	0.0149100257069408	0.005012853470437	0.0258354755784061	0.0155526992287917	0.0161953727506426	0.0241645244215938	0.0182519280205655	0.0173521850899742	0.0149100257069408	0.0159383033419023	0.020051413881748	0.0101542416452442	0.0149100257069408	0.0239074550128534	0.0204370179948586	0.0188946015424164	0.0156812339331619	0.0239074550128534	0.0105398457583547	0.0185089974293059	0.0124678663239074	0.0240359897172236	0.0141388174807197	0.0101542416452442	0.015038560411311	0.0194087403598971	0.016452442159383	0.0133676092544987	0.0062982005141388	0.0082262210796915	0.0155526992287917	0.0042416452442159	0.0093830334190231	0	47000
132	Foot-and-mouth disease virus	0.0129284059031589	0.0175631174533479	0.0170752530796438	0.0264666422734479	0.0239053543115014	0.0173191852664959	0.0108549823149164	0.0204903036955726	0.0215879985364068	0.0190267105744603	0.0107330162214904	0.0110989145017685	0.0147578973045493	0.0171972191730698	0.0076838638858397	0.0030491523356506	0.0165873887059397	0.0175631174533479	0.0118307110623246	0.0163434565190876	0.0182949140139041	0.0160995243322356	0.0182949140139041	0.0158555921453835	0.0123185754360287	0.0178070496402	0.0203683376021466	0.0129284059031589	0.0037809488962068	0.0056104402975972	0.0197585071350164	0.0068301012318575	0.0151237955848274	0.0214660324429808	0.0187827783876082	0.0137821685571411	0.0243932186852055	0.0198804732284424	0.0178070496402	0.0195145749481644	0.0226856933772411	0.0126844737163068	0.0123185754360287	0.0186608122941822	0.0147578973045493	0.0150018294914013	0.0163434565190876	0.0121966093426027	0.0073179656055616	0.013294304183437	0.0141480668374191	0.017929015733626	0.0204903036955726	0.0178070496402	0.0043907793633369	0.0060983046713013	0.022319795096963	0.0234174899377972	0.0229296255640931	0.0159775582388096	0.0087815587266739	0.0192706427613123	0.0141480668374191	0.0142700329308452	0	12110
133	Cardiovirus A	0.0061279203370356	0.0066385803651219	0.0137878207583301	0.015319800842589	0.0188944210391931	0.019532746074301	0.0136601557513085	0.0155751308566321	0.0229797012638835	0.0190220860462147	0.0176177709689774	0.0108515255968339	0.0173624409549342	0.0187667560321715	0.0118728456530065	0.0104685305757691	0.0164687859057832	0.0155751308566321	0.0065109153581003	0.0135324907442869	0.0182560960040852	0.0222137112217541	0.0197880760883441	0.0145538108004595	0.0131494957232222	0.0167241159198263	0.0067662453721434	0.0139154857653517	0.0116175156389633	0.0100855355547044	0.0200434061023873	0.0168517809268479	0.0081705604493808	0.0201710711094089	0.0174901059619558	0.0126388356951359	0.0224690412357972	0.020426401123452	0.0250223413762287	0.0199157410953657	0.0151921358355674	0.019532746074301	0.0114898506319417	0.0150644708285458	0.0158304608706753	0.0135324907442869	0.0197880760883441	0.0199157410953657	0.0163411208987616	0.0116175156389633	0.0167241159198263	0.0163411208987616	0.0208093961445167	0.0177454359759989	0.0099578705476828	0.0086812204774671	0.0218307162006893	0.0160857908847185	0.0174901059619558	0.012000510660028	0.0099578705476828	0.0366398570151921	0.006893910379165	0.0097025405336397	0	1821749
134	Cardiovirus B	0.0079022101494011	0.0106185948882578	0.0108655389554265	0.0202494135078404	0.0174095567353994	0.0149401160637115	0.0082726262501543	0.01321150759353	0.0213606618101	0.0190146931719965	0.0141992838622052	0.0107420669218422	0.0187677491048277	0.0217310779108531	0.0140758118286208	0.0064205457463884	0.0124706753920237	0.0124706753920237	0.0083960982837387	0.0202494135078404	0.0246944067168786	0.0249413507840474	0.0229657982466971	0.0122237313248549	0.0128410914927768	0.0183973330040745	0.0095073465859982	0.0123472033584393	0.0059266576120508	0.0086430423509075	0.0188912211384121	0.0177799728361526	0.0098777626867514	0.0197555253735029	0.0109890109890109	0.012594147425608	0.0222249660451907	0.0156809482652179	0.0146931719965427	0.0196320533399185	0.0170391406346462	0.0193851092727497	0.0074083220150635	0.0175330287689838	0.0182738609704901	0.0169156686010618	0.0239535745153722	0.0219780219780219	0.0180269169033213	0.0137053957278676	0.0193851092727497	0.0195085813063341	0.0232127423138659	0.0155574762316335	0.009754290653167	0.0128410914927768	0.0230892702802815	0.0171626126682306	0.023583158414619	0.0130880355599456	0.005679713544882	0.0265464872206445	0.0085195703173231	0.0098777626867514	0	1821750
135	Cosavirus A	0.0036697247706422	0.0062909567496723	0.0115334207077326	0.0157273918741808	0.0264744429882044	0.0246395806028833	0.0129750982961992	0.0144167758846657	0.0209698558322411	0.0184796854521625	0.0182175622542595	0.010615989515072	0.0144167758846657	0.0153342070773263	0.0111402359108781	0.0076015727391874	0.0145478374836173	0.0129750982961992	0.0057667103538663	0.0182175622542595	0.028178243774574	0.0309305373525557	0.0280471821756225	0.009829619921363	0.0062909567496723	0.0174311926605504	0.0061598951507208	0.0117955439056356	0.010615989515072	0.0116644823066841	0.0255570117955439	0.0209698558322411	0.0045871559633027	0.0230668414154652	0.0110091743119266	0.0091743119266055	0.0212319790301441	0.0159895150720838	0.0225425950196592	0.0228047182175622	0.0187418086500655	0.0231979030144167	0.0078636959370904	0.0208387942332896	0.0209698558322411	0.0167758846657929	0.019397116644823	0.0192660550458715	0.0218872870249017	0.0175622542595019	0.0165137614678899	0.0184796854521625	0.0158584534731323	0.0094364351245085	0.0153342070773263	0.0195281782437745	0.0179554390563564	0.0173001310615989	0.0158584534731323	0.0064220183486238	0.010878112712975	0.0169069462647444	0.0053735255570117	0.0057667103538663	0	1330491
136	Cosavirus B	0.00375	0.0034722222222222	0.0143055555555555	0.0166666666666666	0.0227777777777777	0.0211111111111111	0.0138888888888888	0.0169444444444444	0.0233333333333333	0.0180555555555555	0.0155555555555555	0.0109722222222222	0.01375	0.0180555555555555	0.0141666666666666	0.0102777777777777	0.015	0.0131944444444444	0.0033333333333333	0.0154166666666666	0.0247222222222222	0.0306944444444444	0.0240277777777777	0.0133333333333333	0.0084722222222222	0.02	0.0054166666666666	0.0131944444444444	0.0129166666666666	0.0118055555555555	0.0298611111111111	0.0219444444444444	0.0041666666666666	0.0204166666666666	0.0095833333333333	0.0090277777777777	0.0251388888888888	0.0190277777777777	0.0220833333333333	0.0208333333333333	0.0168055555555555	0.0225	0.0059722222222222	0.0213888888888888	0.0202777777777777	0.0175	0.0188888888888888	0.0191666666666666	0.0180555555555555	0.0173611111111111	0.01625	0.0183333333333333	0.0168055555555555	0.0088888888888888	0.01375	0.0175	0.0190277777777777	0.0180555555555555	0.0193055555555555	0.0048611111111111	0.00875	0.0201388888888888	0.0034722222222222	0.00625	0	2003649
137	Cosavirus D	0.0034659642312491	0.0047137113544988	0.0131706640787467	0.0145570497712463	0.0263413281574934	0.023984472480244	0.0108138084014972	0.0152502426174961	0.0207957853874948	0.0171911825869957	0.0167752668792458	0.0101206155552474	0.0142797726327464	0.0145570497712463	0.0120615555247469	0.0090115070012477	0.0162207126022459	0.0115070012477471	0.0041591570774989	0.0184389297102453	0.0263413281574934	0.0316095937889921	0.0270345210037432	0.0128933869402467	0.0080410370164979	0.0206571468182448	0.0048523499237487	0.0135865797864966	0.0126161098017468	0.0130320255094967	0.035630112297241	0.0219048939414945	0.0029114099542492	0.0220435325107444	0.0091501455704977	0.0099819769859975	0.0268958824344932	0.0173298211562456	0.0224594482184943	0.019825315402745	0.0205185082489948	0.0207957853874948	0.007763759877998	0.0216276168029945	0.0224594482184943	0.0170525440177457	0.0220435325107444	0.0205185082489948	0.0217662553722445	0.0144184112019963	0.015943435463746	0.0187162068487453	0.0180230140024954	0.0063773741854984	0.0130320255094967	0.0160820740329959	0.0188548454179952	0.0192707611257451	0.015943435463746	0.0031886870927492	0.0087342298627478	0.0126161098017468	0.0034659642312491	0.0045750727852488	0	2003650
138	Cosavirus E	0.0045606567345697	0.0036485253876558	0.0133779264214046	0.0129218607479477	0.0258437214958954	0.0229553055640012	0.0110975980541197	0.0147461234417756	0.0226512617816965	0.0182426269382791	0.018698692611736	0.0127698388567953	0.0086652477956825	0.011705685618729	0.0127698388567953	0.0083612040133779	0.0142900577683186	0.0101854667072058	0.0027363940407418	0.0168744299179081	0.0272119185162663	0.033596837944664	0.0285801155366372	0.0145941015506232	0.0077531164487686	0.0212830647613256	0.005168744299179	0.0133779264214046	0.013529948312557	0.0159622985709942	0.0373973852234721	0.0231073274551535	0.0044086348434174	0.0220431742170872	0.0103374885983581	0.0100334448160535	0.0275159622985709	0.0182426269382791	0.0244755244755244	0.0223472179993919	0.0243235025843721	0.0215871085436302	0.0044086348434174	0.0206749771967163	0.0182426269382791	0.0177865612648221	0.0197628458498023	0.0188507145028884	0.0194588020674977	0.0139860139860139	0.0171784737002128	0.0130738826391	0.0152021891152325	0.0080571602310732	0.012161751292186	0.0161143204621465	0.0162663423532988	0.0170264518090605	0.0165703861356035	0.0053207661903314	0.0080571602310732	0.0180906050471267	0.0036485253876558	0.006080875646093	0	2003651
139	Cosavirus F	0.0031559963931469	0.0042079951908626	0.0115719867748722	0.0160805530507965	0.025849113315299	0.0201382626991283	0.0138262699128343	0.0157799819657348	0.0204388337841899	0.0181845506462278	0.0177336940186354	0.0082657048391944	0.0121731289449954	0.0183348361887586	0.0142771265404268	0.010970844604749	0.0168319807634505	0.0132251277427111	0.003907424105801	0.0154794108806732	0.0228434024646829	0.0255485422302374	0.0222422602945596	0.0139765554553651	0.0079651337541328	0.0169822663059813	0.0030057108506161	0.0147279831680192	0.0150285542530808	0.0142771265404268	0.0279531109107303	0.021190261496844	0.0024045686804929	0.0228434024646829	0.0139765554553651	0.0084159903817252	0.0225428313796212	0.0199879771565975	0.0259993988578298	0.021190261496844	0.0168319807634505	0.0244965434325217	0.0087165614667868	0.0186354072738202	0.0178839795611662	0.0144274120829576	0.0183348361887586	0.0171325518485121	0.0207394048692515	0.0166816952209197	0.0189359783588818	0.01487826871055	0.0175834084761046	0.0138262699128343	0.01487826871055	0.0174331229335737	0.0192365494439434	0.0169822663059813	0.0190862639014126	0.0075142771265404	0.0100691313495641	0.021190261496844	0.0028554253080853	0.0081154192966636	0	2003652
140	Enterovirus A	0.0071515315072189	0.0078262042909189	0.0191607070570773	0.0198353798407772	0.0214545945216569	0.0237484819862366	0.0159222776953177	0.0194305761705572	0.0236135474294966	0.0175414923761975	0.0175414923761975	0.0160572122520577	0.0145729321279179	0.0143030630144379	0.0149777357981379	0.0117393064363783	0.0172716232627175	0.0149777357981379	0.0059371204965591	0.0161921468087977	0.0144379975711779	0.0152476049116178	0.0205100526244771	0.0155174740250978	0.0114694373228983	0.0203751180677371	0.0076912697341789	0.0175414923761975	0.0129537174470381	0.0095803535285386	0.0188908379435973	0.0182161651598974	0.0053973822695992	0.0179462960464174	0.0160572122520577	0.013763324787478	0.0246930238834165	0.0156524085818378	0.0202401835109971	0.0165969504790176	0.0170017541492376	0.021319659964917	0.0153825394683578	0.0184860342733774	0.0184860342733774	0.0117393064363783	0.0121441101065983	0.0132235865605181	0.0190257725003373	0.0159222776953177	0.0183510997166374	0.0156524085818378	0.0171366887059776	0.0134934556739981	0.0160572122520577	0.0126838483335582	0.0248279584401565	0.014033193900958	0.0191607070570773	0.0080960734043988	0.0126838483335582	0.0174065578194575	0.0085008770746188	0.0071515315072189	0	138948
141	Enterovirus B	0.0052795451468796	0.0079870041965615	0.0165155002030594	0.0186814674428049	0.0251793691620414	0.0226072830648436	0.0175984838229321	0.0222011642073913	0.02314877487478	0.018816840395289	0.0148910247732503	0.0148910247732503	0.011642073913632	0.0121835657235684	0.0139434141058616	0.0106944632462434	0.0185460944903208	0.0154325165831866	0.008799241911466	0.0143495329633139	0.0142141600108298	0.0178692297279003	0.0189522133477731	0.0158386354406389	0.0093407337214024	0.0196290781101935	0.008799241911466	0.0165155002030594	0.0127250575335048	0.0128604304859889	0.0212535535400027	0.0201705699201299	0.0081223771490456	0.0197644510626776	0.0170569920129958	0.0125896845810207	0.0270745904968187	0.0197644510626776	0.0213889264924868	0.020305942872614	0.020305942872614	0.0222011642073913	0.0157032624881548	0.0165155002030594	0.0186814674428049	0.0162447542980912	0.0127250575335048	0.0113713280086638	0.0147556518207662	0.0162447542980912	0.0170569920129958	0.0109652091512115	0.0152971436307025	0.0134019222959252	0.0129958034384729	0.0136726682008934	0.0235548937322323	0.0138080411533775	0.0185460944903208	0.0078516312440774	0.0124543116285366	0.0135372952484093	0.0060917828617842	0.0083931230540138	0	138949
142	Enterovirus C	0.006722237160527	0.0071255713901586	0.0153267007260016	0.021914493143318	0.0258133906964237	0.0224522721161602	0.0170744823877386	0.0185533745630545	0.0236622748050551	0.0194944877655283	0.016671148158107	0.0157300349556332	0.0141166980371067	0.0129066953482118	0.0165367034148964	0.0122344716321591	0.0155955902124226	0.0127722506050013	0.0075289056197902	0.0139822532938962	0.0147889217531594	0.0135789190642645	0.0177467061037913	0.0149233664963699	0.0099489109975799	0.0208389351976337	0.0083355740790535	0.0176122613605808	0.0123689163753697	0.0114278031728959	0.0263511696692659	0.0193600430223178	0.006722237160527	0.0190911535358967	0.0154611454692121	0.0130411400914224	0.0254100564667921	0.0186878193062651	0.0229900510890024	0.0215111589136864	0.0203011562247916	0.0217800484001075	0.0123689163753697	0.0207044904544232	0.0161333691852648	0.0127722506050013	0.0143855875235278	0.0108900242000537	0.0177467061037913	0.0181500403334229	0.0138478085506856	0.0125033611185802	0.0146544770099489	0.0099489109975799	0.0139822532938962	0.0133100295778435	0.0254100564667921	0.0150578112395805	0.0205700457112126	0.0063189029308954	0.0135789190642645	0.0141166980371067	0.0071255713901586	0.0079322398494218	0	138950
143	Enterovirus D	0.0018972760536658	0.0033879929529746	0.0172110042011112	0.0184306816641821	0.0266973844694403	0.0223607534896327	0.019108280254777	0.0157202873018024	0.0237159506708226	0.0178886027917061	0.018972760536658	0.0142295704024935	0.0119257351944707	0.0128743732213036	0.0157202873018024	0.0166689253286353	0.0153137281474454	0.0104350182951619	0.0043366309798075	0.0135519718118986	0.0151782084293264	0.0219541943352757	0.0218186746171567	0.0140940506843745	0.0084022225233771	0.0177530830735872	0.0035235126710936	0.0176175633554682	0.0153137281474454	0.0139585309662555	0.0287301802412251	0.0246645886976555	0.0029814337986176	0.0201924379997289	0.0169399647648732	0.0147716492749695	0.0283236210868681	0.0203279577178479	0.0271039436237972	0.0216831548990378	0.018972760536658	0.0246645886976555	0.00935086055021	0.0176175633554682	0.0162623661742783	0.0149071689930884	0.0112481366038758	0.0116546957582328	0.0226317929258707	0.0180241225098251	0.0172110042011112	0.009486380268329	0.0151782084293264	0.0107060577313999	0.0157202873018024	0.0199213985634909	0.0250711478520124	0.0107060577313999	0.0184306816641821	0.0031169535167366	0.0134164520937796	0.0134164520937796	0.0031169535167366	0.0033879929529746	0	138951
144	Enterovirus E	0.0066109012412304	0.0114678899082568	0.0206422018348623	0.0184835402050728	0.0182137075013491	0.0215866162978953	0.0137614678899082	0.016594711279007	0.0234754452239611	0.0192930383162439	0.0187533729087965	0.0111980572045331	0.0159201295196977	0.0171343766864543	0.0126821370750134	0.0102536427415002	0.0182137075013491	0.0151106314085267	0.0086346465191581	0.0149757150566648	0.017404209390178	0.0172692930383162	0.0222611980572045	0.0155153804641122	0.0094441446303291	0.0160550458715596	0.0093092282784673	0.016594711279007	0.0105234754452239	0.0086346465191581	0.0155153804641122	0.0152455477603885	0.0097139773340528	0.0214516999460334	0.0179438747976254	0.0161899622234214	0.0240151106314085	0.0199676200755531	0.0215866162978953	0.0182137075013491	0.015650296815974	0.020912034538586	0.0124123043712898	0.0160550458715596	0.0122773880194279	0.014840798704803	0.0163248785752833	0.0126821370750134	0.0196977873718294	0.0163248785752833	0.0190232056125202	0.0143011332973556	0.0164597949271451	0.0175391257420399	0.0117377226119805	0.0134916351861845	0.0257690232056125	0.0138963842417701	0.0207771181867242	0.011332973556395	0.0102536427415002	0.0176740420939017	0.0064759848893685	0.0082298974635725	0	12064
145	Rhinovirus A	0.002097902097902	0.0025174825174825	0.0127272727272727	0.0169230769230769	0.0246153846153846	0.0162237762237762	0.0172027972027972	0.0173426573426573	0.0205594405594405	0.0135664335664335	0.0209790209790209	0.0173426573426573	0.0121678321678321	0.0138461538461538	0.0149650349650349	0.0179020979020979	0.0131468531468531	0.0054545454545454	0.002097902097902	0.0114685314685314	0.0176223776223776	0.0246153846153846	0.0197202797202797	0.0166433566433566	0.0068531468531468	0.0191608391608391	0.0025174825174825	0.019020979020979	0.0247552447552447	0.0208391608391608	0.0316083916083916	0.0254545454545454	0.003076923076923	0.0213986013986013	0.011048951048951	0.011048951048951	0.024055944055944	0.0204195804195804	0.0241958041958041	0.0186013986013986	0.0176223776223776	0.0247552447552447	0.0075524475524475	0.017062937062937	0.0222377622377622	0.0177622377622377	0.0165034965034965	0.018041958041958	0.0247552447552447	0.0159440559440559	0.0146853146853146	0.0107692307692307	0.017062937062937	0.0074125874125874	0.0262937062937062	0.024055944055944	0.0197202797202797	0.0104895104895104	0.0167832167832167	0.0027972027972027	0.0172027972027972	0.0107692307692307	0.0019580419580419	0.0019580419580419	0	147711
146	Rhinovirus B	0.0024965325936199	0.0024965325936199	0.0149791955617198	0.0188626907073509	0.0289875173370319	0.0212205270457697	0.0166435506241331	0.0159500693481276	0.0210818307905686	0.0162274618585298	0.0217753120665742	0.0160887656033287	0.0120665742024965	0.0105409153952843	0.0133148404993065	0.0156726768377253	0.0162274618585298	0.0083217753120665	0.0022191400832177	0.0081830790568654	0.0148404993065187	0.0217753120665742	0.019001386962552	0.0162274618585298	0.0094313453536754	0.0235783633841886	0.0048543689320388	0.0205270457697642	0.0199722607489597	0.0167822468793342	0.0325936199722607	0.0245492371705963	0.0033287101248266	0.0208044382801664	0.0097087378640776	0.0105409153952843	0.0285714285714285	0.0208044382801664	0.0239944521497919	0.0214979195561719	0.0214979195561719	0.0255201109570041	0.0092926490984743	0.0202496532593619	0.0206657420249653	0.017753120665742	0.0163661581137309	0.0133148404993065	0.0239944521497919	0.0170596393897364	0.0124826629680998	0.0095700416088765	0.0145631067961165	0.0084604715672676	0.0188626907073509	0.0213592233009708	0.021636615811373	0.0109570041608876	0.0142857142857142	0.002635228848821	0.0137309292649098	0.0126213592233009	0.0029126213592233	0.0034674063800277	0	147712
147	Rhinovirus C	0.002536282936452	0.0043680428350007	0.0136677469353247	0.0214175003522615	0.0314217274904889	0.0214175003522615	0.0140904607580667	0.0180357897703254	0.0233901648583908	0.0157813160490348	0.0180357897703254	0.0143722699732281	0.0111314639988727	0.0126814146822601	0.0174721713400028	0.0153586022262928	0.0162040298717768	0.010145131745808	0.002958996759194	0.0145131745808087	0.0163449344793574	0.0184585035930674	0.0187403128082288	0.0166267436945188	0.0094406087079047	0.0190221220233901	0.0045089474425813	0.0187403128082288	0.0188812174158094	0.0178948851627448	0.0266309708327462	0.0228265464280682	0.00422713822742	0.0188812174158094	0.008876990277582	0.0129632238974214	0.0281809215161335	0.0191630266309708	0.0215584049598421	0.0170494575172608	0.0211356911371001	0.0246583063266168	0.008876990277582	0.0197266450612935	0.0215584049598421	0.0139495561504861	0.0115541778216147	0.0136677469353247	0.0194448358461321	0.0198675496688741	0.0133859377201634	0.010990559391292	0.0157813160490348	0.009722417923066	0.0177539805551641	0.0195857404537128	0.0256446385796815	0.0147949837959701	0.0215584049598421	0.0040862336198393	0.0150767930111314	0.0136677469353247	0.002536282936452	0.002958996759194	0	463676
148	Erbovirus A	0.008044414230682	0.0137094946748243	0.0182415590301382	0.019827781554498	0.022773623385452	0.0223204169499206	0.0141627011103557	0.0193745751189666	0.0224337185588035	0.0160888284613641	0.0120099705415816	0.0078178110129163	0.016881939723544	0.0167686381146612	0.0111035576705189	0.0054384772263766	0.0140493995014729	0.0151824155903013	0.0121232721504645	0.0155223204169499	0.0244731475186947	0.0333106730115567	0.0270790845230002	0.0137094946748243	0.0122365737593473	0.0164287332880126	0.0099705415816904	0.0131429866304101	0.0045320643553138	0.0070246997507364	0.0186947654656696	0.0148425107636528	0.0098572399728076	0.0214140040788579	0.0140493995014729	0.0121232721504645	0.0231135282121006	0.0131429866304101	0.0146159075458871	0.0160888284613641	0.0182415590301382	0.016881939723544	0.0082710174484477	0.0205075912077951	0.0196011783367323	0.0175617493768411	0.0225470201676863	0.0174484477679583	0.0199410831633809	0.0146159075458871	0.0182415590301382	0.0163154316791298	0.018354860639021	0.0133695898481758	0.0091774303195105	0.012463176977113	0.0209607976433265	0.0182415590301382	0.0176750509857239	0.0101971447994561	0.0081577158395649	0.0207341944255608	0.0082710174484477	0.0084976206662134	0	312185
149	Hepatovirus A	0.0012038523274478	0.0013376136971642	0.0113697164258962	0.0060192616372391	0.0173889780631353	0.0199304440877474	0.0165864098448368	0.0127073301230604	0.0267522739432851	0.0223381487426431	0.026083467094703	0.0137774210807918	0.0147137506688068	0.0111021936864633	0.009764579989299	0.0109684323167469	0.0151150347779561	0.0078919208132691	0.0006688068485821	0.013509898341359	0.0203317281968967	0.0434724451578384	0.0330390583199571	0.0133761369716425	0.009764579989299	0.0231407169609416	0.0013376136971642	0.0173889780631353	0.0144462279293739	0.0159176029962546	0.0302300695559122	0.0292937399678972	0.0010700909577314	0.0268860353130016	0.0193953986088817	0.0089620117710005	0.0222043873729267	0.0187265917602996	0.0283574103798822	0.024210807918673	0.0143124665596575	0.027019796682718	0.010700909577314	0.0139111824505082	0.0232744783306581	0.0247458533975387	0.0236757624398073	0.0196629213483146	0.0361155698234349	0.0102996254681647	0.0124398073836276	0.0115034777956126	0.0165864098448368	0.0050829320492241	0.0187265917602996	0.0246120920278223	0.0136436597110754	0.0089620117710005	0.0069555912252541	0.0020064205457463	0.0070893525949705	0.0050829320492241	0.0010700909577314	0.0017388978063135	0	12092
150	Aichivirus A	0.0139410837677294	0.0209722390592799	0.0107891865680688	0.0259425384895138	0.0146684446599587	0.0126075887986422	0.0078797429991514	0.0143047642138441	0.0200024245363074	0.0170929809673899	0.0095769184143532	0.0195175172748211	0.0380652200266699	0.0353982300884955	0.0116377742756697	0.002182082676688	0.0106679597526972	0.0179415686749909	0.0128500424293853	0.0186689295672202	0.0189113831979633	0.0061825675839495	0.0096981452297248	0.0135774033216147	0.0167293005212753	0.0191538368287065	0.0133349496908716	0.0163656200751606	0.0025457631228027	0.0031518971996605	0.0106679597526972	0.0086071038913807	0.0107891865680688	0.0109104133834404	0.0081221966298945	0.0081221966298945	0.0236392289974542	0.0099405988604679	0.0061825675839495	0.0120014547217844	0.0202448781670505	0.011274093829555	0.0100618256758394	0.0158807128136743	0.011274093829555	0.0080009698145229	0.0195175172748211	0.0249727239665413	0.0055764335070917	0.0122439083525275	0.0172142077827615	0.0402473027033579	0.0241241362589404	0.0219420535822523	0.0043641653533761	0.0032731240150321	0.0339435083040368	0.0152745787368165	0.0297005697660322	0.0203661049824221	0.0044853921687477	0.0539459328403442	0.0107891865680688	0.0179415686749909	0	72149
151	Parechovirus A	0.0017696705690171	0.0013612850530901	0.0133405935202831	0.0148380070786822	0.0262728015246392	0.0196025047644976	0.0160631636264633	0.0137489790362101	0.0246392594609311	0.0185134767220255	0.0215083038388238	0.0160631636264633	0.0106180234141029	0.0088483528450857	0.0157909066158453	0.0138851075415191	0.0163354206370814	0.0087122243397767	0.0016335420637081	0.0096651238769398	0.0159270351211543	0.024367002450313	0.0216444323441328	0.0160631636264633	0.0084399673291587	0.0189218622379526	0.0034032126327252	0.0197386332698066	0.0171521916689354	0.0201470187857337	0.0347127688537979	0.0280424720936564	0.0027225701061802	0.024094745439695	0.0141573645521372	0.011843179961884	0.0273618295671113	0.0196025047644976	0.0230057173972229	0.0200108902804247	0.0197386332698066	0.0268173155458753	0.0102096378981758	0.0191941192485706	0.0163354206370814	0.0166076776476994	0.0157909066158453	0.0156547781105363	0.0303566566839096	0.0157909066158453	0.012115436972502	0.0066702967601415	0.0149741355839912	0.0093928668663218	0.0210999183228968	0.0255921589980942	0.0230057173972229	0.012659950993738	0.0141573645521372	0.0023141845902531	0.01238769398312	0.0095289953716308	0.0027225701061802	0.0023141845902531	0	1803956
152	Salivirus A	0.0137775551102204	0.0187875751503006	0.0115230460921843	0.0221693386773547	0.0130260521042084	0.0115230460921843	0.0068887775551102	0.0152805611222444	0.0216683366733466	0.0107715430861723	0.0101452905811623	0.0162825651302605	0.032940881763527	0.0349448897795591	0.0126503006012024	0.00250501002004	0.0078907815631262	0.0179108216432865	0.0111472945891783	0.0205410821643286	0.0261773547094188	0.0120240480961923	0.0169088176352705	0.0146543086172344	0.0170340681362725	0.0185370741482965	0.0122745490981963	0.0157815631262525	0.00250501002004	0.0031312625250501	0.0073897795591182	0.0076402805611222	0.0105210420841683	0.0152805611222444	0.0071392785571142	0.0083917835671342	0.0210420841683366	0.0087675350701402	0.0067635270541082	0.0085170340681362	0.0162825651302605	0.0121492985971943	0.0095190380761523	0.0184118236472945	0.0155310621242484	0.0106462925851703	0.0239228456913827	0.0361973947895791	0.0087675350701402	0.0129008016032064	0.0187875751503006	0.0442134268537074	0.0269288577154308	0.0206663326653306	0.0062625250501002	0.0048847695390781	0.0274298597194388	0.0166583166332665	0.0242985971943887	0.0155310621242484	0.0047595190380761	0.0489729458917835	0.0096442885771543	0.0137775551102204	0	1330524
153	Avian metapneumovirus	0.0039638022586194	0.0017949293246578	0.0201181661805399	0.0146585894847057	0.0262508413731209	0.0193702789619325	0.019519856405654	0.0179492932465784	0.0180240819684391	0.0175753496372747	0.0172014060279709	0.0157804203126168	0.0106947872260863	0.0117418293321367	0.013985490987959	0.0153316879814523	0.0186223917433251	0.0091990127888714	0.0032159150400119	0.01308802632563	0.0137611248223767	0.0130132376037693	0.0203425323461222	0.0146585894847057	0.0108443646698077	0.0174257721935532	0.0040385909804801	0.0166778849749457	0.0207912646772866	0.0166778849749457	0.0329070376187271	0.0231097150549697	0.0033654924837334	0.0246054894921845	0.019819011293097	0.0161543639219205	0.0298407000224366	0.0262508413731209	0.0264752075387031	0.0234088699424126	0.0205668985117044	0.0228105601675267	0.0140602797098197	0.0183232368558821	0.0196694338493755	0.0143594345972627	0.0096477451200358	0.0130132376037693	0.0180988706902999	0.0124897165507441	0.0183980255777428	0.0088250691795677	0.0195946451275147	0.0091242240670106	0.0204921097898436	0.0162291526437813	0.0167526736968065	0.013985490987959	0.0131628150474908	0.0044873233116446	0.013985490987959	0.0091242240670106	0.0057587315832772	0.0047864781990875	0	38525
154	Human metapneumovirus	0.0022475277195085	0.0011237638597542	0.0183548097093197	0.0128109080011986	0.0298921186694635	0.0201528318849265	0.0206772550194785	0.0105633802816901	0.0138597542703026	0.0149835181300569	0.0182049745280191	0.017905304165418	0.0078663470182798	0.0086155229247827	0.0137848366796523	0.016332034761762	0.0138597542703026	0.0058435720707222	0.0017231045849565	0.0107881330536409	0.0124363200479472	0.0181300569373688	0.0141594246329038	0.0088402756967335	0.0089151932873838	0.0231495355109379	0.0020227749475576	0.0176805513934671	0.0268204974528019	0.027644590949955	0.055813605034462	0.0334881630206772	0.0014983518130056	0.020002996703626	0.015283188492658	0.0160323643991609	0.0357356907401857	0.0319148936170212	0.0331135750674258	0.0271950854060533	0.0251723104584956	0.0239736290080911	0.0074168414743781	0.0154330236739586	0.0149086005394066	0.0145340125861552	0.0107132154629907	0.0128858255918489	0.0236739586454899	0.0113874737788432	0.0128109080011986	0.0086155229247827	0.0128858255918489	0.0049445609829187	0.0229997003296374	0.0257716511836979	0.0149835181300569	0.0104884626910398	0.0125112376385975	0.0017231045849565	0.0119868145040455	0.0056937368894216	0.0030716212166616	0.0019478573569074	0	162145
155	Human orthopneumovirus	0.0019379208408605	0.0010182295943504	0.0137625225817047	0.0151749055674166	0.0335358843816718	0.0138282148135982	0.018393824930202	0.0097224503202496	0.0113319100016423	0.0103465265232386	0.0185252093939891	0.0224995894235506	0.0088027590737395	0.0089341435375266	0.0180325176547873	0.0166858269009689	0.0094596813926753	0.0042371489571358	0.0009525373624568	0.0092297585810477	0.0136311381179175	0.0187551322056166	0.0143209065528001	0.0071932993923468	0.0069305304647725	0.0253572015109213	0.0024634586960091	0.0224010510757102	0.0357037280341599	0.0325505009032681	0.0534734767613729	0.0395467235999343	0.0019050747249137	0.0197405156840203	0.0097552964361964	0.0120545245524716	0.0377073411069141	0.0248316636557727	0.0251929709311873	0.0215142059451469	0.0273936606996222	0.0240433568730497	0.0051896863195927	0.0176712103793726	0.0151420594514698	0.0130399080308753	0.0117917556248973	0.0138939070454918	0.0287731975693874	0.0161931351617671	0.0111676794219083	0.0087699129577927	0.0092954508129413	0.0045327640006569	0.030546887830514	0.0293315815404828	0.0164559040893414	0.0083100673345376	0.0134340614222368	0.0013795368697651	0.0129085235670881	0.0054853013631138	0.0028247659714238	0.0009853834784036	0	11250
156	Colorado tick fever virus	0.0139174550939256	0.0076100370218017	0.0151172357054709	0.0084327437268613	0.013094748388866	0.0154257507198683	0.0159742218565747	0.022350198820787	0.0254696284108048	0.0210475798711092	0.0253667900726724	0.0143288084464555	0.0115864527629233	0.0109351432880844	0.0095296860002742	0.009255450431921	0.0168997668997669	0.0143288084464555	0.013094748388866	0.0157685451803098	0.0157342657342657	0.0269779240367475	0.027766351295763	0.0183737830796654	0.0134375428493075	0.0166598107774578	0.0105923488276429	0.0154943096119566	0.0104895104895104	0.0102152749211572	0.0156314273961332	0.0168312080076785	0.0124434389140271	0.0278349101878513	0.0238242150006855	0.013094748388866	0.0156999862882215	0.0180995475113122	0.0206362265185794	0.0203962703962703	0.0113807760866584	0.0262237762237762	0.0148430001371177	0.0125462772521596	0.0225558754970519	0.0220759632524338	0.0176539147127382	0.0147401617989853	0.023481420540244	0.011072261072261	0.0176881941587823	0.0114836144247908	0.0172425613602084	0.0087412587412587	0.0168312080076785	0.0158713835184423	0.0101809954751131	0.0142945290004113	0.0089469354175236	0.0081585081585081	0.0114836144247908	0.0070272864390511	0.0143288084464555	0.0113807760866584	0	2748762
157	Eyach virus	0.014379622021364	0.0079772665023281	0.0131128457956724	0.0072240482059709	0.0130786086003834	0.0156806354423445	0.01615995617639	0.0201314708299096	0.0241714598740071	0.0210216379074226	0.0247534921939194	0.014311147630786	0.011674883593536	0.010750479320734	0.0096206518761983	0.0102369213913996	0.0172555464256368	0.0123938646946042	0.0131813201862503	0.0159545330046562	0.0158860586140783	0.0280745001369487	0.0259517940290331	0.0185223226513284	0.0129758970145165	0.0168789372774582	0.0115379348123801	0.015201314708299	0.0114352232265132	0.01253081347576	0.0169474116680361	0.017015886058614	0.0123938646946042	0.0256778964667214	0.0237948507258285	0.0126677622569159	0.0146535195836757	0.017974527526705	0.0216036702273349	0.0199260476581758	0.0121199671322925	0.0257463708572993	0.0158175842235004	0.0130101342098055	0.0216379074226239	0.0231785812106272	0.0178718159408381	0.0140372500684743	0.0241372226787181	0.0114352232265132	0.0167419884963023	0.0118460695699808	0.0163996165434127	0.0075321829635716	0.0186592714324842	0.0193782525335524	0.0096891262667762	0.015269789098877	0.0084223500410846	0.007189811010682	0.0124281018898931	0.0068132018625034	0.0154067378800328	0.0105108189537113	0	2747210
158	Corriparta virus	0.0119428002723796	0.0113666125399402	0.0139332669844429	0.0114713739458383	0.0168142056466397	0.014195170499188	0.0138808862814938	0.0170237284584359	0.0200094285265308	0.023414174218218	0.0298570006809491	0.0174951547849772	0.0085380545806924	0.0072809177099156	0.0101094756691634	0.0131475564402074	0.0170237284584359	0.0114713739458383	0.0168142056466397	0.0122570844900738	0.0111047090251951	0.0202713320412759	0.0181761039233146	0.0149285003404745	0.0086951966895395	0.0157665915876591	0.0182284846262636	0.0175475354879262	0.0225760829710334	0.015609449478812	0.0257713058509245	0.0207951390707663	0.012518988004819	0.0233617935152689	0.0213189461002566	0.012623749410717	0.0139856476873919	0.0208999004766643	0.0260332093656696	0.0262427321774658	0.014142789796239	0.0268713006128542	0.0133570792520035	0.009376145827877	0.0165523021318946	0.0176522968938243	0.0147189775286784	0.0113142318369912	0.023518935624116	0.015609449478812	0.0145094547168823	0.0066523492745272	0.0123618458959719	0.0069666334922214	0.0222617987533392	0.0193808600911424	0.0106856634016028	0.0133570792520035	0.0101094756691634	0.0076475826305589	0.0145618354198313	0.003142842176942	0.0179665811115185	0.0127808915195641	0	40053
159	Great Island virus	0.0220654121863799	0.0315300179211469	0.0168010752688172	0.0169130824372759	0.0136648745519713	0.0177531362007168	0.0099686379928315	0.0165210573476702	0.0166890681003584	0.0239695340501792	0.0199932795698924	0.015625	0.0151209677419354	0.0134968637992831	0.0103606630824372	0.005600358422939	0.0165770609318996	0.0199932795698924	0.0359543010752688	0.0182571684587813	0.012768817204301	0.0095206093189964	0.0110327060931899	0.0120967741935483	0.0149529569892473	0.0141129032258064	0.0265456989247311	0.0126568100358422	0.0085125448028673	0.005600358422939	0.0101366487455197	0.0097446236559139	0.019937275985663	0.0134968637992831	0.0253696236559139	0.0159610215053763	0.0114247311827957	0.0121527777777777	0.0183691756272401	0.0162970430107526	0.0114247311827957	0.0178091397849462	0.0191532258064516	0.0102486559139784	0.0108086917562724	0.0129928315412186	0.0169130824372759	0.012768817204301	0.0085685483870967	0.014336917562724	0.0194332437275985	0.0165770609318996	0.015064964157706	0.0159050179211469	0.0081205197132616	0.0063844086021505	0.0141689068100358	0.0226814516129032	0.0148409498207885	0.0182011648745519	0.0084005376344086	0.016353046594982	0.0285058243727598	0.022793458781362	0	204269
160	Lebombo virus	0.0160561184723304	0.0142894258248895	0.014081579631073	0.0100805404001039	0.0130423486619901	0.0137698103403481	0.0142374642764354	0.0190698882826708	0.0214081579631073	0.0252013510002598	0.031436736814757	0.0174590802805923	0.0099246557547414	0.0068069628474928	0.0110158482722785	0.010496232787737	0.0203689269940244	0.0133021564042608	0.018446349701221	0.0152766952455183	0.0117952714990906	0.0184983112496752	0.0182385035074045	0.0161080800207846	0.010496232787737	0.0150688490517017	0.0154845414393348	0.0136658872434398	0.0162120031176929	0.0127825409197194	0.0208365809301117	0.0168355416991426	0.0137698103403481	0.0252533125487139	0.0267082359054299	0.0134060795011691	0.0142894258248895	0.021304234866199	0.0242660431280852	0.0231748506105481	0.0121070407898155	0.0273317744868797	0.0165237724084177	0.0116913484021823	0.0162120031176929	0.0192777344764874	0.0156923876331514	0.0110158482722785	0.0199532346063912	0.0135619641465315	0.0153286567939724	0.0084177708495713	0.0135619641465315	0.0085216939464796	0.0190179267342166	0.0170953494414133	0.0096128864640166	0.0126266562743569	0.0081060015588464	0.010132501948558	0.0115354637568199	0.0066510782021304	0.0192257729280332	0.0128345024681735	0	40057
161	Orungo virus	0.0142917637095066	0.0131801820876561	0.0141858987931399	0.0101100995130213	0.0146622909167901	0.0146622909167901	0.0144505610840567	0.0153504128731738	0.0204319288587762	0.0241901333897946	0.0282130002117298	0.0164090620368409	0.0084162608511539	0.0069341520220199	0.0101630319712047	0.0110099513021384	0.0172559813677747	0.0133389794622062	0.0189498200296421	0.0122273978403557	0.0113275460512386	0.0228138894770273	0.0190556849460088	0.0150328181240736	0.0097925047639212	0.0162502646622909	0.017891170865975	0.0145034935422401	0.019373279695109	0.0140800338767732	0.0234490789752276	0.0200084691933093	0.0141329663349565	0.0250899851789117	0.0231844166843108	0.0127567224221892	0.0157738725386406	0.0213317806478932	0.025725174677112	0.0268367562989625	0.0153504128731738	0.0253017150116451	0.0163031971204742	0.0119098030912555	0.0129684522549227	0.0200614016514926	0.0152974804149904	0.0101100995130213	0.0208024560660597	0.0145564260004234	0.0133389794622062	0.0075693415202201	0.0121215329239889	0.00725174677112	0.0191615498623756	0.0178382384077916	0.0099513021384713	0.0147681558331568	0.0102688968875714	0.0090514503493542	0.0114334109676053	0.0048697861528689	0.0179970357823417	0.0148740207495236	0	40058
162	Mammalian orthoreovirus	0.0133770604988349	0.0119098990247691	0.0139380340036247	0.012816086994045	0.0163545352550271	0.0197203762837662	0.0139811858116855	0.0186847328903081	0.0233451281608699	0.0171744196081815	0.0259773884525761	0.0184258220419435	0.0130318460343488	0.0113057737119185	0.0145853111245361	0.009968067662035	0.0128592388021058	0.0125571761456805	0.0123414171053767	0.0192025545870371	0.0141537930439285	0.0148442219729006	0.0195477690515232	0.0148873737809614	0.0141969448519892	0.022611547423837	0.0141106412358677	0.0180374557693967	0.0148442219729006	0.0125140243376197	0.0138517303875032	0.0186847328903081	0.0143264002761715	0.0257184776042116	0.0165702942953309	0.0144558557003538	0.0176059376887891	0.0143695520842323	0.0193320100112194	0.0164839906792094	0.0135065159230171	0.026538361957366	0.0101838267023388	0.0169586605678777	0.016742901527574	0.0148873737809614	0.0159661689824803	0.014067489427807	0.0215327522223181	0.0155778027099335	0.0172607232243031	0.0144990075084146	0.0182963666177612	0.0107016483990679	0.0185984292741865	0.0150599810132044	0.0152757400535082	0.0174333304565461	0.0119098990247691	0.0090618796927591	0.0121688098731336	0.0084146025718477	0.01424009666005	0.0084146025718477	0	351073
163	Nelson Bay orthoreovirus	0.0167927188821945	0.0137589197966072	0.0100841772422339	0.0133743537153356	0.0118360893902491	0.0182882536426953	0.0134598128445071	0.0157672093321369	0.0203392727428107	0.0115797120027346	0.0195274110156817	0.0193992223219245	0.0229030466179549	0.0182027945135239	0.0159381275904798	0.0065376233816177	0.009571422467205	0.0106396615818484	0.0101696363714053	0.0224757509720975	0.0211511344699397	0.0185446310302098	0.0209802162115968	0.0155962910737939	0.0202110840490535	0.0250395248472418	0.0119642780840063	0.0169636371405375	0.0091013972567619	0.0117506302610776	0.0100841772422339	0.0165363414946801	0.0167499893176088	0.0219629961970687	0.0107678502756056	0.0104687433235055	0.0158526684613083	0.0112378754860487	0.0133316241507499	0.0124770328590351	0.0123061146006922	0.0217066188095543	0.0068794598983036	0.0193564927573388	0.0198692475323676	0.0213647822928684	0.0249540657180703	0.0240567448617698	0.0179464171260094	0.0144853223945648	0.0190146562406529	0.0242703926846985	0.022732128359612	0.011195145921463	0.0151262658633508	0.0145280519591505	0.0175191214801521	0.0159381275904798	0.0129470580694782	0.0113233346152202	0.0083322650942186	0.012989787634064	0.0118360893902491	0.0079049694483613	0	118027
164	Rotavirus A	0.0051724137931034	0.0050107758620689	0.0127155172413793	0.0084051724137931	0.0204741379310344	0.0152478448275862	0.0159482758620689	0.0091056034482758	0.0155172413793103	0.0150862068965517	0.0244073275862068	0.016864224137931	0.0066810344827586	0.0039870689655172	0.0151939655172413	0.0139547413793103	0.0080818965517241	0.0052262931034482	0.0038254310344827	0.0122844827586206	0.0117456896551724	0.0280172413793103	0.0207974137931034	0.0073275862068965	0.0074353448275862	0.0227370689655172	0.0099137931034482	0.0178340517241379	0.0334051724137931	0.0313038793103448	0.0423491379310344	0.0433189655172413	0.0065193965517241	0.0256465517241379	0.0112607758620689	0.0109375	0.0257004310344827	0.0216056034482758	0.0271012931034482	0.0280711206896551	0.0201508620689655	0.0269396551724137	0.0031788793103448	0.0170797413793103	0.0156788793103448	0.0152478448275862	0.0150862068965517	0.010614224137931	0.0394396551724137	0.0164870689655172	0.0112068965517241	0.0058189655172413	0.0112068965517241	0.0035560344827586	0.0310883620689655	0.0305495689655172	0.0112607758620689	0.0110452586206896	0.0086206896551724	0.0035560344827586	0.0136853448275862	0.0013469827586206	0.0069504310344827	0.0039870689655172	0	28875
165	Rotavirus B	0.0089235917456776	0.0071388733965421	0.011042944785276	0.0094813162297824	0.0225878416062465	0.0156720580033463	0.0134969325153374	0.0100948131622978	0.0144450641383156	0.0142777467930842	0.024261015058561	0.0194088120468488	0.0095928611266034	0.0064696040156162	0.0139988845510317	0.0121583937534857	0.0085331846068042	0.0055772448410485	0.0050195203569436	0.0119910764082543	0.0127718906860011	0.0275515895147797	0.018739542665923	0.0079196876742889	0.0089793641940881	0.024261015058561	0.0116006692693809	0.0190741773563859	0.0259899609592861	0.022532069157836	0.0421081985499163	0.0343558282208589	0.0091466815393195	0.0245956497490239	0.0127718906860011	0.0102063580591187	0.0264919129949804	0.0197434467373117	0.0281093139988845	0.0261572783045175	0.0210819854991634	0.0243167875069715	0.0046848856664807	0.0171779141104294	0.0169548243167875	0.0157836029001673	0.0189068600111544	0.0146681539319576	0.0325711098717233	0.0168432794199665	0.0105409927495817	0.0101505856107083	0.0133853876185164	0.005409927495817	0.0245956497490239	0.0234802007808142	0.0128276631344116	0.0136642498605688	0.0097044060234244	0.0053541550474065	0.0126603457891801	0.0033463469046291	0.0098717233686558	0.0047406581148912	0	28876
166	Rotavirus C	0.0050256868438686	0.0027920482465937	0.0124525351798079	0.0069242796515523	0.0207728389546571	0.014183605092696	0.0140160821979003	0.009716327898146	0.0161380388653115	0.013736877373241	0.0255751619387983	0.0182041545677909	0.0059749832477105	0.003964708510163	0.0136810364083091	0.0153004243913334	0.0073710073710073	0.0049698458789367	0.0028478892115255	0.0104422604422604	0.0106656243019879	0.0267478222023676	0.0166406075496984	0.0075385302658029	0.0050815278088005	0.0233415233415233	0.0064775519320973	0.0206611570247933	0.0384744248380612	0.0314943042215769	0.0526580299307572	0.0477440250167522	0.0049140049140049	0.0256310029037301	0.0100513736877373	0.0100513736877373	0.0240674558856377	0.0198235425508152	0.027920482465937	0.0288139379048469	0.016808130444494	0.0312709403618494	0.003517980790708	0.0171431762340853	0.0171431762340853	0.0136810364083091	0.0158588340406522	0.0113915568461023	0.0409314272950636	0.0183716774625865	0.0106656243019879	0.0065892338619611	0.011949966495421	0.0027362072816618	0.0349006030824212	0.03277864641501	0.009269600178691	0.0086553495644404	0.0063658700022336	0.0018427518427518	0.0151329014965378	0.0016193879830243	0.0058074603529148	0.0026803663167299	0	36427
167	Rotavirus H	0.0052341444401135	0.0036193551979508	0.0121944428977114	0.0098557826159585	0.022551367002617	0.0125285372236761	0.0149228798930898	0.0094103235146723	0.0129739963249624	0.0129183139373016	0.0252798039979954	0.0183751879280583	0.0082966757614566	0.0048443677264881	0.0151456094437329	0.0165933515229133	0.008185310986135	0.0044545910128626	0.0031738960966646	0.0108580655938526	0.0129739963249624	0.0294003006848933	0.0209365777604543	0.0079625814354919	0.0061807450303469	0.0219945431260092	0.0075728047218664	0.0176513168884681	0.0316275961913246	0.0269502756278189	0.0511164318725987	0.0416504259702656	0.0051784620524528	0.0275627818920875	0.0130296787126231	0.0116376190211036	0.0281196057686953	0.0209922601481151	0.0283980177069992	0.027952558605713	0.0203797538838465	0.0256138983239601	0.0028954841583607	0.0160365276463054	0.0157581157080015	0.0179854112144328	0.0183751879280583	0.0135308202015702	0.03769697644635	0.014087644078178	0.0106910184308703	0.0061250626426861	0.011025112756835	0.0041761790745587	0.0287321120329639	0.0293446182972325	0.0114148894704604	0.0095773706776546	0.0077398518848488	0.0038977671362548	0.010245559329584	0.0032852608719861	0.0069602984575978	0.0041204966868979	0	1348384
168	Banna virus	0.0092359767891682	0.0061411992263056	0.0123307543520309	0.010348162475822	0.0204061895551257	0.0145551257253384	0.0190038684719535	0.0161025145067698	0.01784332688588	0.0152321083172147	0.0248549323017408	0.0157640232108317	0.0068665377176015	0.0058510638297872	0.0127176015473887	0.0135880077369439	0.0135880077369439	0.0065280464216634	0.0047388781431334	0.0150386847195357	0.0141682785299806	0.0207446808510638	0.0252901353965183	0.0145551257253384	0.0101547388781431	0.0222920696324951	0.0117504835589941	0.0187620889748549	0.0223404255319148	0.0239361702127659	0.0272727272727272	0.0275145067698259	0.0105899419729206	0.0323017408123791	0.0140232108317214	0.0124758220502901	0.0218085106382978	0.0234526112185686	0.0205512572533849	0.0244680851063829	0.0192456479690522	0.0259671179883945	0.0065764023210831	0.0181818181818181	0.0195357833655706	0.0209381044487427	0.0158607350096711	0.0109284332688588	0.028916827852998	0.0150870406189555	0.0132495164410058	0.0075435203094777	0.0155705996131528	0.0062862669245647	0.0218568665377176	0.0228723404255319	0.0104448742746615	0.0142166344294003	0.0085106382978723	0.0053675048355899	0.0165377176015473	0.0027562862669245	0.0094777562862669	0.0048839458413926	0	77763
169	Primate T-lymphotropic virus 3	0.0087483176312247	0.0090847913862718	0.0133467922835352	0.0180574248541947	0.0150291610587707	0.0187303723642889	0.009533423059668	0.0080753701211305	0.0142440556303275	0.0142440556303275	0.0075145805293853	0.0152534768954688	0.0329744279946164	0.0383580080753701	0.0178331090174966	0.0089726334679228	0.0163750560789591	0.0183938986092418	0.0054957379991027	0.0150291610587707	0.0196276357110812	0.0146926873037236	0.0114401076716016	0.009757738896366	0.0136832660385823	0.0164872139973082	0.0069537909376401	0.0176087931807985	0.0120008972633467	0.0125616868550919	0.0235531628532974	0.0120008972633467	0.0070659488559892	0.0088604755495738	0.0100942126514131	0.0168236877523553	0.0225437415881561	0.0163750560789591	0.0114401076716016	0.0105428443248093	0.0172723194257514	0.0105428443248093	0.015926424405563	0.0152534768954688	0.0124495289367429	0.0103185284881112	0.0180574248541947	0.0217586361597128	0.0102063705697622	0.0148048452220726	0.0145805293853746	0.0329744279946164	0.0199641094661283	0.0250112157918349	0.0108793180798564	0.0106550022431583	0.0321893225661731	0.0141318977119784	0.0270300583221175	0.0144683714670255	0.0067294751009421	0.0458725886047554	0.0077388963660834	0.0117765814266487	0	194443
170	Simian immunodeficiency virus	0.0024945431867789	0.0044693898763122	0.0199563454942313	0.0115372622388525	0.0243217960710944	0.0285833073485084	0.0190208917991892	0.0129924124311402	0.0247375532688909	0.0301423968402452	0.0177736202057998	0.0119530194366489	0.0112254443405051	0.0119530194366489	0.0120569587360981	0.0165263486124103	0.0277517929529154	0.0142396840245296	0.005196964972456	0.0136160482278349	0.0121608980355472	0.0135121089283858	0.01538301631847	0.0127845338322419	0.0085230225548279	0.0167342272113085	0.0044693898763122	0.0142396840245296	0.0224508886810102	0.0192287703980875	0.0359629976093961	0.0258808855628313	0.0020787859889824	0.0123687766344454	0.0227627065793576	0.0151751377195717	0.0238020995738488	0.0312857291341856	0.0372102692027855	0.0305581540380417	0.0164224093129612	0.0217233135848664	0.0208917991892734	0.0133042303294875	0.0120569587360981	0.0091466583515227	0.0080033260575823	0.0098742334476665	0.0164224093129612	0.013719987527284	0.013719987527284	0.0118490801371998	0.0126805945327928	0.0088348404531753	0.0146554412223261	0.0143436233239787	0.0172539237085542	0.0140318054256314	0.0136160482278349	0.0044693898763122	0.0152790770190208	0.0104978692443612	0.0054048435713543	0.0046772684752104	0	11723
171	African green monkey simian foamy virus	0.0038141734686093	0.0017545197955603	0.0117476542833168	0.0094591502021511	0.0189945838736745	0.016324662445648	0.0190708673430467	0.0099168510183843	0.0189183004043023	0.0211305210160958	0.0194522846899076	0.0155618277519261	0.0135021740788771	0.0160958120375314	0.0150278434663208	0.0174689144862308	0.0160958120375314	0.0076283469372187	0.0012968189793271	0.0137310244869936	0.0185368830574414	0.0273857655046151	0.0202914028530017	0.0094591502021511	0.0073994965291021	0.0189183004043023	0.0029750553055152	0.015104126935693	0.0275383324433595	0.0248684110153329	0.0354718132580669	0.0299031199938973	0.0019070867343046	0.0176214814249752	0.0128919063238996	0.0131970402013883	0.0231901746891448	0.0283011671370813	0.0266229308108932	0.0275383324433595	0.0173926310168586	0.0206728201998626	0.0091540163246624	0.0162483789762758	0.0167823632618811	0.0155618277519261	0.0152566938744374	0.0153329773438095	0.029369135708292	0.0138073079563658	0.0121290716301777	0.0133496071401327	0.0144938591807155	0.0079334808147074	0.0286825844839423	0.0279197497902204	0.0144938591807155	0.0096117171408955	0.0120527881608055	0.0028987718361431	0.0143412922419711	0.0090777328552902	0.0041193073460981	0.0032039057136318	0	338079
172	Simian foamy virus	0.0038508003624282	0.0026427061310782	0.010797342192691	0.0098157656297191	0.0185744488070069	0.0167623074599818	0.01698882512836	0.0117034128662035	0.0177438840229537	0.0208396254907882	0.0167623074599818	0.0146481425551192	0.0137420718816067	0.0176683781334944	0.0152521896707943	0.0163092721232256	0.0194805194805194	0.0083811537299909	0.0022651766837813	0.0144971307762005	0.0188764723648444	0.0236333434007852	0.0177438840229537	0.010797342192691	0.0063424947145877	0.0172908486861975	0.0042283298097251	0.014195107218363	0.0283147085472666	0.0265025672002416	0.0376774388402295	0.0300513440048323	0.0027937179099969	0.0170643310178193	0.0138175777710661	0.0123829658713379	0.0222742373905164	0.0279371790999698	0.0259740259740259	0.0256720024161884	0.0164602839021443	0.0203110842645726	0.0099667774086378	0.0166868015705225	0.0181214134702506	0.0147236484445786	0.0151766837813349	0.015403201449713	0.024388402295379	0.0151011778918755	0.0129115070975536	0.0141196013289036	0.0160072485653881	0.0087586831772878	0.0266535789791603	0.0250679553005134	0.0164602839021443	0.0121564482029598	0.0140440954394442	0.0024161884627	0.0159317426759287	0.0095137420718816	0.0045303533675626	0.0027937179099969	0	11642
173	Ekpoma 1 tibrovirus	0.0061625977719838	0.002686260567275	0.0120091648889942	0.0124832108714545	0.0274946669826973	0.0147744331200126	0.0137473334913486	0.0075057280556213	0.0161965710673935	0.0223591688393774	0.0227542071580943	0.0225961918306075	0.014853440783756	0.0151694714387295	0.0142213794738089	0.0112980959153037	0.0178557320060045	0.007426720391878	0.0018961839298411	0.0093229043217192	0.0184877933159516	0.0187248163071817	0.0188828316346685	0.0086908430117721	0.0102709962866398	0.0255984830528561	0.0048984751520897	0.0221221458481472	0.0188828316346685	0.019198862289642	0.039819862526665	0.025993521371573	0.0031603065497353	0.0229122224855811	0.0200679465908193	0.0093229043217192	0.0296278739037686	0.0272576439914671	0.0324721497985304	0.0257564983803428	0.0213320692107134	0.0229912301493244	0.0119301572252508	0.0176187090147744	0.0124042032077111	0.0120881725527376	0.0161965710673935	0.0173026783598009	0.0235442837955281	0.0125622185351979	0.0097179426404361	0.014853440783756	0.0118511495615074	0.0059255747807537	0.0171446630323141	0.0190408469621553	0.0139053488188354	0.0161175634036501	0.0124832108714545	0.0041874061783993	0.0081377893655684	0.0124042032077111	0.0068736667456743	0.0044244291696294	0	1987018
174	Ekpoma 2 tibrovirus	0.0043402777777777	0.0018939393939393	0.0125473484848484	0.0125473484848484	0.0261994949494949	0.0158617424242424	0.0129419191919191	0.0084438131313131	0.0178345959595959	0.0204387626262626	0.0236742424242424	0.0238320707070707	0.0158617424242424	0.0138888888888888	0.013967803030303	0.0129419191919191	0.0138888888888888	0.0065498737373737	0.0027619949494949	0.0082859848484848	0.0159406565656565	0.0211489898989899	0.0198074494949494	0.0090751262626262	0.0097064393939393	0.0257260101010101	0.0037878787878787	0.0234375	0.022885101010101	0.0173611111111111	0.043560606060606	0.0269097222222222	0.0022885101010101	0.0209911616161616	0.0158617424242424	0.0109690656565656	0.0287247474747474	0.0232007575757575	0.0300662878787878	0.0254892676767676	0.0214646464646464	0.0222537878787878	0.010653409090909	0.0169665404040404	0.0142045454545454	0.0116003787878787	0.0160195707070707	0.0177556818181818	0.0275410353535353	0.0120738636363636	0.0103377525252525	0.0141256313131313	0.012863005050505	0.006155303030303	0.0224905303030303	0.0192550505050505	0.0160984848484848	0.0136521464646464	0.0127840909090909	0.0048137626262626	0.0087594696969696	0.0109690656565656	0.0071811868686868	0.0043402777777777	0	1987019
175	Alagoas vesiculovirus	0.0074990964943982	0.0048789302493675	0.0144560896277556	0.0132815323455005	0.0229490422840621	0.020057824358511	0.0158113480303577	0.0109324177809902	0.0196964221178171	0.0243043006866642	0.0252078062883989	0.0228586917238886	0.0169859053126129	0.0105710155402963	0.0125587278641127	0.0092157571376942	0.0168955547524394	0.0089447054571738	0.0048789302493675	0.0118359233827249	0.0163534513913986	0.019877123238164	0.0221358872425009	0.009938561619082	0.0140946873870617	0.0256595590892663	0.0072280448138778	0.0218648355619804	0.0157209974701843	0.0136429345861944	0.0341525117455728	0.0246657029273581	0.0055113841705818	0.0245753523671846	0.0177087097940007	0.0107517166606432	0.0245753523671846	0.0220455366823274	0.0255692085290928	0.0236718467654499	0.0151788941091434	0.0261113118901337	0.0118359233827249	0.016624503071919	0.0153595952294904	0.0141850379472352	0.0169859053126129	0.0164438019515721	0.0236718467654499	0.0112034694615106	0.0134622334658474	0.0126490784242862	0.0139139862667148	0.0068666425731839	0.016624503071919	0.01508854354897	0.0167148536320925	0.0165341525117455	0.0094868088182146	0.0060534875316226	0.0073183953740513	0.0088543548970003	0.0086736537766534	0.0065955908926635	0	1972579
176	Chandipura vesiculovirus	0.0080050368771361	0.0026983270372369	0.012772081309588	0.0097139773340528	0.0199676200755531	0.0198776758409785	0.0169994603345925	0.0124123043712898	0.021226839359597	0.0255441626191761	0.0265335491994963	0.0205072854830005	0.018348623853211	0.0125022486058643	0.0105234754452239	0.0091743119266055	0.0145709660010793	0.0070156502968159	0.0044972117287281	0.009893865803202	0.0152905198776758	0.0209570066558733	0.0237452779276848	0.0105234754452239	0.0117826947292678	0.0211368951250224	0.0062061521856449	0.017719014211189	0.0152905198776758	0.0119625831984169	0.0322000359776938	0.0265335491994963	0.0051268213707501	0.0249145529771541	0.0205972297175751	0.0111530850872459	0.024105054865983	0.0236553336931102	0.0305810397553516	0.028242489656413	0.0141212448282065	0.0234754452239611	0.0138514121244828	0.0136715236553336	0.014840798704803	0.0145709660010793	0.0189782334952329	0.0169994603345925	0.0277927684835402	0.0119625831984169	0.0126821370750134	0.0132218024824608	0.0140313005936319	0.006386040654794	0.016279906457996	0.0149307429393775	0.0175391257420399	0.0157402410505486	0.0117826947292678	0.0064759848893685	0.0087245907537326	0.0100737542723511	0.0100737542723511	0.0072854830005396	0	1972576
177	Cocal vesiculovirus	0.0088173802381601	0.0045450413598763	0.014998636487592	0.0143623306972093	0.0237251158985546	0.0178165621307153	0.0136351240796291	0.0137260249068266	0.0207253886010362	0.0239978183801472	0.0253613307881101	0.0216343968730115	0.0160894464139623	0.0135442232524315	0.0133624215980365	0.0074538678301972	0.0166348513771475	0.0097263885101354	0.0036360330879011	0.0112717025724934	0.0148168348331969	0.0163621488955549	0.0205435869466412	0.011726206708481	0.0137260249068266	0.0240887192073447	0.0075447686573947	0.0181801654395055	0.0125443141532587	0.0099081901645304	0.0326333969639123	0.0227252067993818	0.0054540496318516	0.0256340332697027	0.0192709753658758	0.0103626943005181	0.0285428597400236	0.0225434051449868	0.0264521407144805	0.0237251158985546	0.0169075538587401	0.02499772747932	0.0131806199436414	0.0176347604763203	0.0160894464139623	0.0113626033996909	0.0161803472411598	0.0185437687482956	0.0229979092809744	0.0130897191164439	0.0136351240796291	0.0159985455867648	0.0168166530315425	0.0083628761021725	0.0159076447595673	0.0124534133260612	0.0160894464139623	0.0160894464139623	0.0116353058812835	0.0064539587310244	0.0079992727933824	0.0092718843741478	0.0083628761021725	0.0080901736205799	0	1972572
178	Indiana vesiculovirus	0.0065857264459477	0.0021952421486492	0.0128130460104834	0.010259396980422	0.0207427982617266	0.0192195690157251	0.0155906993414273	0.0100353926795394	0.0200707853590788	0.0228932395501993	0.0236100533130236	0.0224452309484342	0.017561937189194	0.013126652031719	0.0124546391290712	0.00887057031495	0.0170691277272523	0.0091841763361856	0.0023744455893553	0.0112898167644818	0.0179651449307826	0.0213252094440213	0.0216388154652569	0.0111106133237758	0.0112002150441288	0.0239236593342592	0.0057345101025939	0.0202051879396084	0.0159043053626629	0.0137538640741902	0.0328390305093857	0.0266117109448501	0.0035392679539447	0.0238788584740827	0.0190851664351955	0.0094081806370682	0.024864477397966	0.023475650732494	0.0285829487926168	0.0252676851395546	0.0137986649343667	0.0265669100846736	0.0115586219255409	0.0148738855786031	0.0150978898794856	0.0144706778370144	0.0193091707360781	0.0192195690157251	0.0250436808386721	0.0123202365485417	0.0129474485910129	0.0143362752564849	0.0137538640741902	0.0072577393485954	0.0195331750369607	0.0165315174051341	0.0170691277272523	0.016262712244075	0.0113346176246583	0.0059585144034765	0.0095873840777742	0.0095425832175977	0.00887057031495	0.0060481161238295	0	1972577
179	Isfahan vesiculovirus	0.0069456972758434	0.0035179505682843	0.0129893559444344	0.0124481327800829	0.0216489265740573	0.0175897528414216	0.0155150640447411	0.0129893559444344	0.0212881111311564	0.0243550423958145	0.0274219736604726	0.0211077034097059	0.0148836370196644	0.0128089482229839	0.0119069096157315	0.0092909976546996	0.0147934331589392	0.0082085513259967	0.0030669312646581	0.011726501894281	0.0146130254374887	0.0186721991701244	0.0224607613205845	0.0101028324012267	0.0100126285405015	0.026068915749594	0.0055024355042395	0.0186721991701244	0.0142522099945877	0.0125383366408082	0.0363521558722713	0.0254374887245174	0.0038787660111852	0.0252570810030669	0.0193036261952011	0.0107342594263034	0.0263395273317698	0.0242648385350893	0.0294064585964279	0.0258885080281436	0.0150640447411149	0.0256178964459678	0.0132599675266101	0.0150640447411149	0.0167779180948944	0.0145228215767634	0.0191232184737506	0.0171387335377954	0.0277827891033736	0.0110950748692044	0.0131697636658849	0.0147934331589392	0.0154248601840158	0.0078477358830957	0.0172289373985206	0.0153346563232906	0.014342413855313	0.014342413855313	0.0108244632870286	0.0064044741114919	0.0086595706296229	0.0073967165794696	0.007937939743821	0.0065848818329424	0	1972573
180	Maraba vesiculovirus	0.007006197790353	0.0028743375550166	0.0121261115602263	0.0107787658313123	0.0201203628851163	0.0189526632533908	0.0144615108236773	0.0113177041228779	0.0207491242252762	0.02335399263451	0.0278451450642234	0.0211084164196532	0.0154495643582143	0.0113177041228779	0.0112278810742836	0.0090721279080211	0.0169765561843168	0.0088924818108326	0.0039522141381478	0.0110482349770951	0.0151800952124315	0.0220964699541902	0.0222761160513787	0.011676996317255	0.0129345189975747	0.0246115153148297	0.0069163747417587	0.0208389472738704	0.0146411569208658	0.0137429264349232	0.029372136890326	0.0211084164196532	0.0053893829156561	0.0263181532381209	0.0215575316626246	0.0109584119285008	0.021377885565436	0.0234438156831042	0.0306296595706458	0.0231743465373214	0.0137429264349232	0.0266774454324979	0.0139225725321117	0.0151800952124315	0.0172460253300997	0.0150902721638372	0.0173358483786939	0.0195814245935507	0.0269469145782807	0.0104194736369352	0.0114075271714722	0.0152699182610257	0.0154495643582143	0.007006197790353	0.0195814245935507	0.0176053175244767	0.0150902721638372	0.0169765561843168	0.0097907122967753	0.0058384981586275	0.009341597053804	0.0081738974220785	0.0092517740052097	0.0061977903530045	0	1972574
181	New Jersey vesiculovirus	0.0062943979857926	0.0021580793094146	0.0120492761442316	0.0112399964032011	0.0213110331804693	0.018163834187573	0.0151964751371279	0.0091718370650121	0.0215807930941462	0.0250876719719449	0.0257171117705242	0.022300152863951	0.014477115367323	0.0118694362017804	0.0113299163744267	0.0081827173815304	0.0133980757126157	0.0063843179570182	0.0016185594820609	0.007823037496628	0.0160057548781584	0.0225699127776279	0.0226598327488535	0.0095315169499145	0.0129484758564877	0.0258969517129754	0.004585918532506	0.0198723136408596	0.0186134340437011	0.0167251146479633	0.0389353475406887	0.031292149986512	0.0031471989928963	0.023469112489884	0.0183436741300242	0.0090819170937865	0.0256271917992986	0.0242783922309144	0.031292149986512	0.0272457512813595	0.014027515511195	0.0263465515691034	0.0122291160866828	0.0143871953960974	0.0151065551659023	0.0130383958277133	0.0175343943889937	0.0195126337559571	0.0297635104756766	0.0112399964032011	0.0108803165182987	0.0133980757126157	0.0128585558852621	0.0070137577555975	0.0201420735545364	0.0186134340437011	0.015646074993256	0.0150166351946767	0.0113299163744267	0.0053052783023109	0.0077331175254023	0.0089020771513353	0.0064742379282438	0.0060246380721158	0	1972578
182	Piry vesiculovirus	0.0071878605022628	0.0039932558345904	0.0143757210045256	0.0118022894666784	0.0231608838406247	0.0207649303398704	0.0162392403940012	0.0123347235779572	0.0210311473955098	0.0241370130446357	0.0236045789333569	0.0194338450616736	0.0151743721714437	0.0120685065223178	0.0096725530215635	0.0089626408731919	0.015618067264176	0.0086964238175525	0.0034608217233117	0.0119797675037714	0.016594196468187	0.0207649303398704	0.0210311473955098	0.0102937261513887	0.0112698553553997	0.0228946667849853	0.0063004703167982	0.0180140207649303	0.0154405892270831	0.0122459845594107	0.0338095660661993	0.0251131422486467	0.0039932558345904	0.0243144910817286	0.0216523205253349	0.0115360724110391	0.0272428786937616	0.0242257520631821	0.0322122637323631	0.0267104445824829	0.0167716745052799	0.0243144910817286	0.0145531990416186	0.0138432868932469	0.0134883308190611	0.0121572455408643	0.0182802378205697	0.0186351938947555	0.0231608838406247	0.0091401189102848	0.0141982429674327	0.0149081551158044	0.0153518502085366	0.0086076847990061	0.015618067264176	0.0126009406335965	0.0173928476351051	0.0170378915609193	0.0114473333924926	0.005856775224066	0.0082527287248203	0.0102049871328423	0.0083414677433667	0.0064779483538912	0	1972575
183	Barmah Forest virus	0.0081881533101045	0.0103658536585365	0.0213414634146341	0.0229965156794425	0.0236933797909407	0.0232578397212543	0.0190766550522648	0.0168118466898954	0.0156794425087108	0.0178571428571428	0.0167247386759581	0.0149825783972125	0.0135017421602787	0.0124564459930313	0.0121951219512195	0.0136759581881533	0.01698606271777	0.0141114982578397	0.0099303135888501	0.0117595818815331	0.0108013937282229	0.0126306620209059	0.0124564459930313	0.0110627177700348	0.0112369337979094	0.016376306620209	0.013588850174216	0.0173344947735191	0.0147212543554006	0.0103658536585365	0.0256968641114982	0.0154181184668989	0.0104529616724738	0.0161149825783972	0.0174216027874564	0.0147212543554006	0.0226480836236933	0.0229094076655052	0.0264808362369338	0.0234320557491289	0.0182055749128919	0.0198606271777003	0.010191637630662	0.0150696864111498	0.0153310104529616	0.0112369337979094	0.0116724738675958	0.0111498257839721	0.0133275261324041	0.0174216027874564	0.0180313588850174	0.0113240418118466	0.0161149825783972	0.014198606271777	0.0133275261324041	0.0112369337979094	0.0248257839721254	0.0164634146341463	0.0226480836236933	0.0130662020905923	0.0166376306620209	0.0132404181184669	0.013588850174216	0.0103658536585365	0	11020
184	Chikungunya virus	0.0081190798376184	0.0133626522327469	0.022242895805142	0.0191982408660351	0.0235960757780784	0.0246955345060893	0.0145466847090663	0.0162381596752368	0.016914749661705	0.0197056833558863	0.0128552097428958	0.0126860622462787	0.0112483085250338	0.0134472259810554	0.0151387009472259	0.0096414073071718	0.0182679296346414	0.0133626522327469	0.0117557510148849	0.013531799729364	0.010148849797023	0.0094722598105548	0.0115020297699594	0.0134472259810554	0.0134472259810554	0.0161535859269282	0.0169993234100135	0.016914749661705	0.0142929634641407	0.0137855209742895	0.029008795669824	0.013531799729364	0.0127706359945872	0.0156461434370771	0.0187753721244925	0.018690798376184	0.0214817320703653	0.0239343707713125	0.0255412719891745	0.0230886332882273	0.0208897158322056	0.0178450608930987	0.0124323410013531	0.0164918809201623	0.0137855209742895	0.0094722598105548	0.0099797023004059	0.0096414073071718	0.01031799729364	0.0180987821380243	0.0179296346414073	0.0091339648173207	0.018690798376184	0.0158152909336941	0.0117557510148849	0.0084573748308525	0.020297699594046	0.0197056833558863	0.0208051420838971	0.0141238159675236	0.0153924221921515	0.0148849797023004	0.013531799729364	0.0113328822733423	0	37124
185	Everglades virus	0.009742824541385	0.0129026595277802	0.0215922057403668	0.0165891336785745	0.0193978758887035	0.0210655665759676	0.01518476257351	0.019310102694637	0.0179057315895725	0.0211533397700342	0.0136048450803124	0.0122004739752479	0.0124637935574475	0.0142192574387781	0.0124637935574475	0.0100939173176511	0.0196611954709031	0.016676906872641	0.0117616080049152	0.0158869481260423	0.0115860616167822	0.0159747213201088	0.0163258140963749	0.0120249275871148	0.011059422452383	0.0142192574387781	0.0129026595277802	0.0179057315895725	0.013868164662512	0.0115860616167822	0.0240498551742297	0.0162380409023084	0.0105327832879838	0.0182568243658386	0.0201878346353023	0.0165891336785745	0.019310102694637	0.0228210304572983	0.0227332572632318	0.0251031335030281	0.0169402264548406	0.0191345563065039	0.0124637935574475	0.0133415254981128	0.0152725357675765	0.0122004739752479	0.0117616080049152	0.0088650926007197	0.0162380409023084	0.0134292986921794	0.0212411129641007	0.0103572368998507	0.0179057315895725	0.0181690511717721	0.0136048450803124	0.0119371543930483	0.0196611954709031	0.016676906872641	0.017993504783639	0.0147458966031773	0.0104450100939173	0.0147458966031773	0.0134292986921794	0.0122882471693144	0	2083198
186	Getah virus	0.0119879258300991	0.0157826649417852	0.0224234583872358	0.0203536006899525	0.0223372143165157	0.0231134109529969	0.0133678309616213	0.0194911599827511	0.0155239327296248	0.01880120741699	0.0135403191030616	0.013799051315222	0.0131090987494609	0.0134540750323415	0.0120741699008193	0.0082794307891332	0.0192324277705907	0.0178525226390685	0.0144890038809831	0.0140577835273824	0.0106080206985769	0.010004312203536	0.0098318240620957	0.0142302716688227	0.0132815868909012	0.013799051315222	0.0185424752048296	0.0177662785683484	0.0110392410521776	0.0106080206985769	0.0225959465286761	0.0109529969814575	0.0151789564467442	0.0180250107805088	0.0196636481241914	0.0156964208710651	0.0203536006899525	0.0223372143165157	0.0250970245795601	0.0223372143165157	0.020008624407072	0.0170763260025873	0.0109529969814575	0.0143165157395429	0.0131090987494609	0.0096593359206554	0.0109529969814575	0.008796895213454	0.0085381630012936	0.0175937904269081	0.0180250107805088	0.0096593359206554	0.0182837429926692	0.0163863734368262	0.0081069426476929	0.0080206985769728	0.0230271668822768	0.0217335058214747	0.024407072013799	0.0174213022854678	0.0134540750323415	0.0139715394566623	0.0153514445881845	0.0161276412246658	0	59300
187	Highlands J virus	0.0109337035751475	0.0137972926067337	0.0230822631030892	0.0222145088510933	0.0219541825754946	0.0233425893786879	0.0146650468587296	0.0173550850399166	0.0153592502603262	0.0164873307879208	0.01457827143353	0.0162270045123221	0.0131030892051371	0.0136237417563346	0.0146650468587296	0.0099791738979521	0.0164873307879208	0.0149253731343283	0.0119750086775425	0.0157063519611246	0.0115411315515446	0.0133634154807358	0.013536966331135	0.0118014578271433	0.0118882332523429	0.0164873307879208	0.0162270045123221	0.0170947587643179	0.0161402290871225	0.0133634154807358	0.0219541825754946	0.0148385977091287	0.0141443943075321	0.0162270045123221	0.0148385977091287	0.0165741062131204	0.0190038181187087	0.0221277334258937	0.0225616105518917	0.0222145088510933	0.0176154113155154	0.0161402290871225	0.0100659493231516	0.0153592502603262	0.0150121485595279	0.0123221103783408	0.0120617841027421	0.0101527247483512	0.0144047205831308	0.0178757375911141	0.0184831655675112	0.0105866018743491	0.0180492884415133	0.0130163137799375	0.0163137799375216	0.0126692120791391	0.0201318986463033	0.0170079833391183	0.0211732037486983	0.013536966331135	0.0140576188823325	0.0128427629295383	0.0133634154807358	0.0113675807011454	0	11024
188	Mayaro virus	0.0101674116925234	0.0128845648172495	0.0224384258041896	0.0205977736874397	0.0231396266105706	0.0227890262073801	0.0135857656236304	0.0183188710667017	0.0179682706635112	0.0184941712682969	0.014812867034797	0.0138487159260233	0.012533964414059	0.0144622666316066	0.0107809623981067	0.0064861074590235	0.0165658690507494	0.0147252169339994	0.0107809623981067	0.0137610658252257	0.0134981155228328	0.0140240161276185	0.0160399684459637	0.0145499167324042	0.0140240161276185	0.0160399684459637	0.0163029187483565	0.0181435708651064	0.0120957139100709	0.0111315628012972	0.0209483740906302	0.0137610658252257	0.012533964414059	0.0179682706635112	0.0181435708651064	0.0170041195547374	0.0211236742922254	0.0202471732842492	0.0205101235866421	0.0192830221754755	0.0175300201595231	0.018932421772285	0.0127092646156543	0.0134981155228328	0.0157770181435708	0.0124463143132614	0.0124463143132614	0.0096415110877377	0.014812867034797	0.0163029187483565	0.0205101235866421	0.0081514593741782	0.018932421772285	0.0181435708651064	0.0128845648172495	0.0122710141116662	0.0210360241914278	0.0198089227802611	0.0212989744938206	0.0164782189499517	0.0116574634060829	0.0099044613901305	0.0150758173371899	0.01323516522044	0	59301
189	Mosso das Pedras virus	0.008636482596179	0.011253598534415	0.0205007415161825	0.0178836255779464	0.0206752159120649	0.0214603506935357	0.0151792724417691	0.0196283695367704	0.0169240164005932	0.0196283695367704	0.0139579516705923	0.0150047980458867	0.0144813748582395	0.0148303236500043	0.0151792724417691	0.010381226555003	0.0186687603594172	0.0143069004623571	0.0109046497426502	0.0156154584314751	0.0125621565035331	0.0134345284829451	0.0171857279944168	0.0144813748582395	0.0116025473261798	0.0139579516705923	0.0146558492541219	0.0169240164005932	0.011689784524121	0.0124749193055919	0.0202390299223588	0.0147430864520631	0.0111663613364738	0.0191049463491232	0.0196283695367704	0.0182325743697112	0.0178836255779464	0.0231178574544185	0.0225071970688301	0.0223327226729477	0.0148303236500043	0.017709151182064	0.0119514961179446	0.0140451888685335	0.0184070487655936	0.0129983424932391	0.0119514961179446	0.010817412544709	0.0151792724417691	0.0167495420047108	0.0182325743697112	0.0094216173776498	0.01814533717177	0.0150047980458867	0.0138707144726511	0.0116025473261798	0.019017709151182	0.0187559975573584	0.0188432347552996	0.0144813748582395	0.0150047980458867	0.0136962400767687	0.0134345284829451	0.0128238680973567	0	2083199
190	Mucambo virus	0.0097462463780841	0.013082799192203	0.0210729651418034	0.0163315479848977	0.0198437088418649	0.0220388093774694	0.0152778997278075	0.0177364123276846	0.0164193520063218	0.0191412766704715	0.0135218192993239	0.0134340152778997	0.0138730353850206	0.0143998595135657	0.0118535428922644	0.009219422249539	0.0168583721134427	0.0139608394064448	0.0107998946351742	0.0151022916849591	0.0118535428922644	0.0152778997278075	0.0172095881991395	0.0119413469136886	0.0106242865923259	0.0143998595135657	0.0142242514707173	0.0173851962419878	0.0129949951707788	0.0141364474492931	0.0252875581701641	0.0189656686276231	0.0120291509351128	0.0177364123276846	0.0188778646061989	0.0160681359206251	0.0179998243919571	0.0222144174203178	0.0241461058916498	0.0244973219773465	0.0154535077706558	0.0195802967775924	0.0098340503995082	0.012116954956537	0.0181754324348055	0.013609623320748	0.0124681710422337	0.0085169900781455	0.0193168847133198	0.0166827640705944	0.0185266485205022	0.0100974624637808	0.0163315479848977	0.0146632715778382	0.0153657037492317	0.0151022916849591	0.018438844499078	0.0169461761348669	0.0192290806918956	0.0149266836421108	0.0154535077706558	0.0129949951707788	0.0128193871279304	0.0117657388708402	0	60875
191	Ndumu virus	0.0078726681499229	0.0134348793428033	0.022163272291631	0.0166010610987506	0.0206229676536026	0.0246448742084545	0.0171144959780934	0.0237891494095498	0.0189115180557932	0.0215642649323977	0.0204518226938216	0.0113811398254321	0.0096696902276227	0.0114667123053226	0.0106965599863084	0.0125791545438986	0.0205373951737121	0.0136060243025842	0.0126647270237891	0.0139483142221461	0.0107821324661988	0.0134348793428033	0.0150607564607222	0.0165154886188601	0.0106965599863084	0.0123224371042272	0.0145473215813794	0.0140338867020366	0.0140338867020366	0.0121512921444463	0.023275714530207	0.0123224371042272	0.0129214444634605	0.0202806777340407	0.0204518226938216	0.0163443436590792	0.0167722060585315	0.0225055622111928	0.0261851788464829	0.0219065548519596	0.0159164812596269	0.0201095327742597	0.0152319014205031	0.0116378572651035	0.0169433510183125	0.0135204518226938	0.010439842546637	0.0100975526270751	0.0137771692623652	0.0156597638199555	0.0210508300530549	0.0074448057504706	0.0182269382166695	0.0156597638199555	0.0124080095841177	0.0125791545438986	0.0169433510183125	0.0170289234982029	0.0183980831764504	0.0153174739003936	0.0154886188601745	0.0118090022248844	0.0118090022248844	0.0122368646243368	0	59302
192	O'nyong-nyong virus	0.0075213386292571	0.0114087720780867	0.0244232231893856	0.0206202991633567	0.0263669399138003	0.02763458125581	0.0161412997549226	0.0155497337953181	0.0145356207217104	0.0171554128285303	0.012507394574495	0.0140285641849066	0.0102256401588777	0.0108172061184822	0.0149581678357136	0.0124228851516944	0.019352657821347	0.0133524888025014	0.0100566213132764	0.0133524888025014	0.0102256401588777	0.0078593763204597	0.0109862249640834	0.0128454322656976	0.0119158286148905	0.0182540353249387	0.0158877714865207	0.0192681483985464	0.016986393982929	0.0121693568832924	0.0306769204766331	0.0155497337953181	0.0109862249640834	0.0167328657145271	0.0168173751373278	0.0178314882109355	0.0225640158877714	0.0227330347333727	0.0262824304909997	0.0242542043437843	0.0207048085861573	0.0179159976337361	0.0114932815008873	0.0189301107073438	0.0135215076481027	0.0095495647764725	0.0104791684272796	0.010394659004479	0.011324262655286	0.0206202991633567	0.0179159976337361	0.0100566213132764	0.0182540353249387	0.0126764134200963	0.0128454322656976	0.0096340741992732	0.0210428462773599	0.0191836389757457	0.0199442237809515	0.0109862249640834	0.0164793374461252	0.0107326966956815	0.0125919039972956	0.0094650553536719	0	2169701
193	Pixuna virus	0.010668312466937	0.0168400634808675	0.0186915887850467	0.0188679245283018	0.0201022747310879	0.0202786104743431	0.0143713630752953	0.0224828072650326	0.0184270851701639	0.0233644859813084	0.0156057132780814	0.0134015164873919	0.0120789984129783	0.0124316698994886	0.010668312466937	0.0068770939869511	0.0199259389878328	0.0171927349673778	0.0180744136836536	0.0165755598659848	0.0104038088520543	0.0126961735143713	0.0155175454064538	0.0159583847645917	0.0135778522306471	0.015693881149709	0.0161347205078469	0.0181625815552812	0.0118144947980955	0.0092576265208957	0.0165755598659848	0.0102274731087991	0.0124316698994886	0.0192205960148122	0.0250396755422324	0.0141950273320402	0.0162228883794745	0.0183389172985364	0.0220419679068947	0.017986245812026	0.0149003703050608	0.0178099100687709	0.0177217421971433	0.0130488450008816	0.0169282313524951	0.0126961735143713	0.0113736554399576	0.0096984658790336	0.0116381590548404	0.0145476988185505	0.0220419679068947	0.0098748016222888	0.0208076177041086	0.0169282313524951	0.0105801445953094	0.0078469405748545	0.019044260271557	0.0199259389878328	0.0189560923999294	0.0164873919943572	0.0109328160818197	0.015693881149709	0.0139305237171574	0.0181625815552812	0	60876
194	Rio Negro virus	0.0092238078663418	0.0111381830838844	0.0217542638357118	0.0195788374521406	0.0208840932822833	0.0195788374521406	0.0154020187956839	0.0184476157326836	0.0161851722937695	0.0189697180647406	0.0140097459101983	0.0134876435781413	0.0127915071353985	0.0128785241907413	0.0140967629655412	0.0116602854159415	0.0179255134006265	0.0156630699617124	0.0120953706926557	0.014792899408284	0.0108771319178559	0.0166202575704838	0.0134876435781413	0.0114862513052558	0.0095718760877131	0.014792899408284	0.0142707970762269	0.0165332405151409	0.0123564218586843	0.010790114862513	0.0240167072746258	0.0175774451792551	0.0120953706926557	0.0177514792899408	0.0164462234597981	0.0164462234597981	0.0231465367211973	0.0238426731639401	0.0217542638357118	0.0251479289940828	0.0176644622345979	0.0196658545074834	0.0111381830838844	0.0160111381830838	0.0151409676296554	0.0110511660285415	0.0132265924121127	0.0087887225896275	0.0173163940132265	0.0169683257918552	0.0206230421162547	0.0093978419770274	0.0180995475113122	0.0152279846849982	0.0146188652975983	0.0125304559693699	0.0214061956143404	0.0164462234597981	0.0194918203967977	0.0132265924121127	0.0150539505743125	0.0117473024712843	0.0135746606334841	0.0120083536373129	0	332097
195	Ross River virus	0.007697630167791	0.0136654558034942	0.0211901055180764	0.0198062618924061	0.0224009686905379	0.0222279882373291	0.0150492994291645	0.0175575160006919	0.0177304964539007	0.018681888946549	0.0144438678429337	0.0121951219512195	0.0119356512714063	0.0131465144438678	0.012541082857637	0.0099463760595052	0.0199792423456149	0.0184224182667358	0.0140979069365161	0.0132330046704722	0.0099463760595052	0.0107247880989448	0.0145303580695381	0.0147898287493513	0.0115032001383843	0.0145303580695381	0.0157412212419996	0.0178169866805051	0.0120221414980107	0.0100328662861096	0.0200657325722193	0.0120221414980107	0.0120221414980107	0.018681888946549	0.0202387130254281	0.0147033385227469	0.0200657325722193	0.0230928905033731	0.0258605777547137	0.0224009686905379	0.0175575160006919	0.019114340079571	0.0123681024044282	0.0140114167099117	0.0142708873897249	0.0130600242172634	0.0111572392319667	0.010119356512714	0.0120221414980107	0.0170385746410655	0.019114340079571	0.0094274346998789	0.0185953987199446	0.0172115550942743	0.0112437294585711	0.0094274346998789	0.0216225566510984	0.0198927521190105	0.0222279882373291	0.0166926137346479	0.0142708873897249	0.0144438678429337	0.0139249264833073	0.0144438678429337	0	11029
196	Semliki Forest virus	0.0123251748251748	0.0166083916083916	0.0226398601398601	0.0206293706293706	0.0222027972027972	0.0236013986013986	0.0131118881118881	0.0192307692307692	0.0182692307692307	0.0201923076923076	0.0118881118881118	0.0125874125874125	0.0128496503496503	0.0153846153846153	0.0114510489510489	0.0076048951048951	0.0186188811188811	0.0193181818181818	0.0139860139860139	0.0157342657342657	0.0109265734265734	0.009527972027972	0.0139860139860139	0.0138986013986013	0.0131993006993007	0.015034965034965	0.0194930069930069	0.0162587412587412	0.0111888111888111	0.0091783216783216	0.0199300699300699	0.0117132867132867	0.0148601398601398	0.0166958041958041	0.0183566433566433	0.0164335664335664	0.0186188811188811	0.0215034965034965	0.0229020979020979	0.0222902097902097	0.0168706293706293	0.0147727272727272	0.0139860139860139	0.0145104895104895	0.0143356643356643	0.0118006993006993	0.0114510489510489	0.0073426573426573	0.010576923076923	0.016520979020979	0.0189685314685314	0.0103146853146853	0.0202797202797202	0.0189685314685314	0.0091783216783216	0.0078671328671328	0.0192307692307692	0.0224650349650349	0.0202797202797202	0.0173951048951048	0.0119755244755244	0.0149475524475524	0.0152097902097902	0.016520979020979	0	11033
197	Sindbis virus	0.0122211776771216	0.0159815400393128	0.0229040252969831	0.0204256046491752	0.0215366208016408	0.0234168019827365	0.0154687633535595	0.0129048799247927	0.0143577472010939	0.0205110674301341	0.0141013588582172	0.0145286727630117	0.0129048799247927	0.0128194171438338	0.0113665498675326	0.0099136825912315	0.0173489445346551	0.014272284420135	0.0133321938295872	0.0128194171438338	0.0123066404580805	0.0127339543628749	0.0139304332962994	0.0108537731817793	0.0129048799247927	0.0161524656012306	0.0140158960772583	0.0184599606871207	0.0105119220579437	0.0103409964960259	0.0234168019827365	0.0127339543628749	0.0133321938295872	0.0158960772583539	0.0168361678489018	0.0183744979061618	0.0199982907443808	0.0239295786684898	0.0229040252969831	0.0250405948209554	0.0187163490299974	0.018203572344244	0.0084608153149303	0.0164943167250662	0.0120502521152038	0.0107683104008204	0.0124775660199982	0.0084608153149303	0.013503119391505	0.0155542261345184	0.0197419024015041	0.0099136825912315	0.0170070934108195	0.0193145884967096	0.0113665498675326	0.0101700709341081	0.0217075463635586	0.0183744979061618	0.0210238441158875	0.0187163490299974	0.0151269122297239	0.0160670028202717	0.015041449448765	0.0139304332962994	0	11034
198	Tonate virus	0.0089347675225537	0.0140527411519777	0.0212526023594725	0.0159611380985426	0.0210791117279666	0.0224670367800138	0.015267175572519	0.0172623178348369	0.0169153365718251	0.0196911866759195	0.0147467036780013	0.0150936849410131	0.0120575988896599	0.0148334489937543	0.0142262317834836	0.0091950034698126	0.0165683553088133	0.0143997224149895	0.0111901457321304	0.0161346287300485	0.011884108258154	0.0143997224149895	0.0165683553088133	0.0115371269951422	0.0114503816793893	0.0164816099930603	0.0140527411519777	0.0189104788341429	0.0121443442054129	0.0117973629424011	0.0219465648854961	0.0154406662040249	0.0112768910478834	0.0194309507286606	0.0196911866759195	0.0169153365718251	0.0189104788341429	0.022206800832755	0.0248091603053435	0.0230742539902845	0.0161346287300485	0.0201249132546842	0.0111901457321304	0.0127515614156835	0.0176092990978487	0.0117973629424011	0.0114503816793893	0.0110166551006245	0.0163948646773074	0.0180430256766134	0.0180430256766134	0.0105829285218598	0.0180430256766134	0.0148334489937543	0.0145732130464954	0.0120575988896599	0.0174358084663428	0.0175225537820957	0.0197779319916724	0.0143997224149895	0.0151804302567661	0.01353226925746	0.0111034004163775	0.0121443442054129	0	60877
199	Una virus	0.0118285667989953	0.0146641821275216	0.0219557644008749	0.0222798347241351	0.026411731345702	0.0257635906991817	0.0142590942234464	0.0196062545572389	0.0184720084258284	0.0200113424613141	0.0145021469658915	0.0136919711577412	0.0112614437332901	0.0128817953495908	0.0102892327635096	0.0073725998541683	0.0162845337438224	0.0140970590618164	0.0128817953495908	0.0125577250263307	0.0116665316373653	0.01109940857166	0.0122336547030705	0.0148262172891517	0.0135299359961111	0.0174997974560479	0.0157984282589321	0.0195252369764238	0.0127197601879607	0.0097221096978044	0.0256825731183666	0.0131248480920359	0.0122336547030705	0.017742850198493	0.0186340435874584	0.0157174106781171	0.0203354127845742	0.0189581139107186	0.0244673094061411	0.0216316940776148	0.0196062545572389	0.0195252369764238	0.0099651624402495	0.0153123227740419	0.0141780766426314	0.0097221096978044	0.0123146722838856	0.0087498987280239	0.0125577250263307	0.0166086040670825	0.0187150611682735	0.0098031272786194	0.017742850198493	0.0157984282589321	0.0113424613141051	0.0093980393745442	0.02203678198169	0.0207405006886494	0.0217127116584298	0.0138540063193713	0.0126387426071457	0.0119906019606254	0.013286883253666	0.0141780766426314	0	59304
200	Venezuelan equine encephalitis virus	0.0089145254326166	0.0118860339101555	0.0208879566509351	0.0188778185631882	0.0211501485754238	0.022898094738682	0.0148575423876944	0.0188778185631882	0.0168676804754413	0.0211501485754238	0.0126726096836217	0.0140709666142282	0.0139835693060653	0.0135465827652508	0.0122356231428072	0.0084775388918021	0.0197517916448173	0.0167802831672784	0.0113616500611781	0.0169550777836042	0.011449047369341	0.0147701450795315	0.0142457612305541	0.0102254850550603	0.0112742527530152	0.0168676804754413	0.0126726096836217	0.019052613179514	0.0122356231428072	0.0110120608285264	0.0228106974305191	0.015294528928509	0.0108372662122006	0.0184408320223737	0.0189652158713511	0.0175668589407446	0.0206257647264464	0.0246460409019402	0.0228106974305191	0.0261317951407096	0.0178290508652333	0.0183534347142108	0.0129348016081104	0.0145953504632057	0.0141583639223911	0.0101380877468973	0.0123230204509701	0.0094389092815941	0.0153819262366719	0.0122356231428072	0.0212375458835867	0.0116238419856668	0.0192274077958398	0.0182660374060478	0.0129348016081104	0.0104002796713861	0.0225485055060304	0.0180038454815591	0.0185282293305366	0.0146827477713686	0.0097884985142457	0.0123230204509701	0.013371788148925	0.0115364446775039	0	11036
201	Whataroa virus	0.0124849319786464	0.0154124332701911	0.0214396418116066	0.0210952298949543	0.0249698639572929	0.0221284656449113	0.0130015498536249	0.0117961081453418	0.0148958153952126	0.0166178749784742	0.0104184604787325	0.016359566040985	0.0136903736869295	0.0139486826244188	0.0117961081453418	0.0091269157912863	0.0141208885827449	0.013087652832788	0.0112794902703633	0.013173755811951	0.0123127260203203	0.0148097124160495	0.0138625796452557	0.0096435336662648	0.0126571379369726	0.017478904770105	0.015326330291028	0.0219562596865851	0.012054417082831	0.0114516962286895	0.0289306009987945	0.0139486826244188	0.0133459617702772	0.0146375064577234	0.0137764766660926	0.0166178749784742	0.0211813328741174	0.0232478043740313	0.0245393490614775	0.0263475116239021	0.0216979507490959	0.0161873600826588	0.0074048562080247	0.0161012571034957	0.0125710349578095	0.0110211813328741	0.0126571379369726	0.0086102979163079	0.0143791975202342	0.0149819183743757	0.0168761839159634	0.0105906664370587	0.0171344928534527	0.0161012571034957	0.0125710349578095	0.0111933872912002	0.0224728775615636	0.0223006716032374	0.0236783192698467	0.0170483898742896	0.013087652832788	0.0149819183743757	0.0170483898742896	0.0103323574995694	0	48543
202	Rubella virus	0.0177254098360655	0.0600409836065573	0.01875	0.0260245901639344	0.0090163934426229	0.0142418032786885	0.0050204918032786	0.01875	0.0195696721311475	0.0117827868852459	0.0068647540983606	0.0084016393442622	0.0157786885245901	0.0236680327868852	0.0075819672131147	0.0019467213114754	0.0126024590163934	0.0351434426229508	0.0492827868852459	0.0198770491803278	0.0103483606557377	0.0040983606557377	0.009733606557377	0.0123975409836065	0.0136270491803278	0.0095286885245901	0.0174180327868852	0.0119877049180327	0.0022540983606557	0.0012295081967213	0.0029713114754098	0.0029713114754098	0.0174180327868852	0.008811475409836	0.016905737704918	0.0152663934426229	0.0102459016393442	0.0066598360655737	0.0067622950819672	0.0063524590163934	0.0081967213114754	0.0096311475409836	0.0211065573770491	0.0107581967213114	0.007889344262295	0.0064549180327868	0.0081967213114754	0.007889344262295	0.0043032786885245	0.0109631147540983	0.0254098360655737	0.0206967213114754	0.0235655737704918	0.0479508196721311	0.0027663934426229	0.0031762295081967	0.0251024590163934	0.0190573770491803	0.0270491803278688	0.0420081967213114	0.0038934426229508	0.0459016393442622	0.0218237704918032	0.0271516393442622	0	11041
203	Mamastrovirus 6	0.0026325686348251	0.0030086498683715	0.0195562241444151	0.0191801429108687	0.0274539300488905	0.0229409552463332	0.0195562241444151	0.0225648740127867	0.0319669048514479	0.01692365550959	0.01692365550959	0.0127867619405791	0.0105302745393004	0.0097781120722075	0.013538924407672	0.0090259496051147	0.0116585182399398	0.0082737871380218	0.0030086498683715	0.0142910868747649	0.0214366303121474	0.0210605490786009	0.0289582549830763	0.0195562241444151	0.0075216246709289	0.0146671681083113	0.0022564874012786	0.0206844678450545	0.0188040616773223	0.0184279804437758	0.0297104174501692	0.0244452801805189	0.0041368935690109	0.0270778488153441	0.013538924407672	0.0161714930424971	0.0225648740127867	0.020308386611508	0.0184279804437758	0.0206844678450545	0.01692365550959	0.0297104174501692	0.0056412185031966	0.0161714930424971	0.0191801429108687	0.0210605490786009	0.0154193305754042	0.0150432493418578	0.0199323053779616	0.0146671681083113	0.0161714930424971	0.0071455434373824	0.0131628431741256	0.0071455434373824	0.0191801429108687	0.0176758179766829	0.0236931177134261	0.013538924407672	0.0184279804437758	0.0026325686348251	0.0112824370063933	0.006769462203836	0.0022564874012786	0.0011282437006393	0	1239570
204	Mamastrovirus 8	0.0035211267605633	0.0044396815676668	0.0151561543172075	0.0127066748315982	0.0246478873239436	0.0192896509491733	0.0166870789957134	0.0208205756276791	0.0321494182486221	0.0203612982241273	0.0183710961420698	0.0133190447030006	0.009491733006736	0.011328842620943	0.0125535823637477	0.0093386405388854	0.0200551132884262	0.0136252296387017	0.0041334966319657	0.0143906919779546	0.0122473974280465	0.0199020208205756	0.0274035517452541	0.021586037966932	0.0108695652173913	0.0183710961420698	0.0041334966319657	0.0185241886099203	0.0177587262706674	0.0166870789957134	0.0293937538273116	0.0238824249846907	0.0042865890998162	0.0252602571953459	0.0182180036742192	0.0128597672994488	0.0263319044703	0.0241886099203919	0.0214329454990814	0.0220453153704837	0.0169932639314145	0.0272504592774035	0.0154623392529087	0.0146968769136558	0.0212798530312308	0.0221984078383343	0.0087262706674831	0.0084200857317819	0.0194427434170238	0.015003061849357	0.0137783221065523	0.0070422535211267	0.0169932639314145	0.0110226576852418	0.0169932639314145	0.0177587262706674	0.0186772810777709	0.0125535823637477	0.0137783221065523	0.0044396815676668	0.0099510104102878	0.0082669932639314	0.0041334966319657	0.0033680342927127	0	1239572
205	Sapporo virus	0.0076295007361798	0.0113773256592156	0.0192745281756123	0.0266363271315754	0.0266363271315754	0.0199437826261544	0.0121804309998661	0.0235577566590817	0.0269040289117922	0.0168652121536608	0.0121804309998661	0.0132512381207335	0.015660554142685	0.017266764823986	0.0078972025163967	0.0066925445054209	0.0171329139338776	0.0175344666042029	0.0093695623075893	0.0143220452416008	0.0159282559229018	0.0163298085932271	0.0222192477579975	0.0188729755052871	0.013117387230625	0.0206130370766965	0.0107080712086735	0.0199437826261544	0.0069602462856378	0.0069602462856378	0.0152590014723597	0.0136527907910587	0.011511176549324	0.0187391246151786	0.0160621068130103	0.0141881943514924	0.0286440904832017	0.0145897470218176	0.0137866416811671	0.0123142818899745	0.0195422299558292	0.0184714228349618	0.0161959577031187	0.0137866416811671	0.0191406772855039	0.0178021683844197	0.0144558961317092	0.0104403694284566	0.0141881943514924	0.0127158345602998	0.0179360192745281	0.0135189399009503	0.0184714228349618	0.018203721054745	0.0070940971757462	0.0112434747691072	0.0286440904832017	0.0157944050327934	0.0235577566590817	0.011511176549324	0.007361798955963	0.0208807388569133	0.0069602462856378	0.0093695623075893	0	95342
206	Human torovirus	0.0024019215372297	0.0008006405124099	0.0128102481985588	0.0128102481985588	0.0184147317854283	0.0128102481985588	0.021617293835068	0.0144115292233787	0.0176140912730184	0.0024019215372297	0.0168134507606084	0.0176140912730184	0.010408326661329	0.0088070456365092	0.0152121697357886	0.0128102481985588	0.0064051240992794	0.0048038430744595	0.0008006405124099	0.0120096076861489	0.0232185748598879	0.0752602081665332	0.0344275420336269	0.0168134507606084	0.0120096076861489	0.0208166533226581	0.0040032025620496	0.0224179343474779	0.0272217774219375	0.032826261008807	0.0144115292233787	0.0312249799839871	0.0072057646116893	0.0200160128102481	0.0064051240992794	0.0080064051240992	0.0192153722978382	0.0136108887109687	0.0088070456365092	0.0064051240992794	0.0136108887109687	0.0248198558847077	0.0056044835868694	0.0128102481985588	0.0304243394715772	0.032826261008807	0.0176140912730184	0.0192153722978382	0.0360288230584467	0.0192153722978382	0.0144115292233787	0.0056044835868694	0.0088070456365092	0.0024019215372297	0.0344275420336269	0.0400320256204963	0.0152121697357886	0.0032025620496397	0.0136108887109687	0.0024019215372297	0.0168134507606084	0.0032025620496397	0.0016012810248198		0	67605
207	Influenza A virus	0.0064668289713937	0.0029671332927571	0.0183353621424223	0.0130097382836275	0.0254869141813755	0.0217589774802191	0.016585514303104	0.0133901399878271	0.0244217894096165	0.0263998782714546	0.0203134510042604	0.0153682288496652	0.0110316494217894	0.0106512477175897	0.0115642118076688	0.0095100426049908	0.0190200852099817	0.0121728545343883	0.0041844187461959	0.0117163724893487	0.0135423006695069	0.0143791844187461	0.0185636031649421	0.0104990870359099	0.0097382836275106	0.0204656116859403	0.0052495435179549	0.0179549604382227	0.0168898356664637	0.0148356664637857	0.0351491174680462	0.0294430919050517	0.003043213633597	0.023889227023737	0.0232045039561777	0.0140748630553864	0.0289105295191722	0.0282258064516129	0.0330949482653682	0.0333992696287279	0.0195526475958612	0.0285301278149726	0.0152921485088253	0.0146835057821059	0.0125532562385879	0.0099665246500304	0.0156725502130249	0.0129336579427875	0.0194765672550213	0.0099665246500304	0.0143791844187461	0.0101186853317102	0.0147595861229458	0.009357881923311	0.012477175897748	0.0087492391965916	0.0173463177115033	0.0152160681679853	0.0122489348752282	0.0046409007912355	0.0095861229458307	0.0090535605599513	0.0087492391965916	0.0057821059038344	0	11320
208	Sosuga rubulavirus	0.0043287246414265	0.0038118619976741	0.0188008786664943	0.0149244088383512	0.0224835250032303	0.0214497997157255	0.0166688202610156	0.0115001938234914	0.014730585346944	0.0166688202610156	0.0189947021579015	0.019640780462592	0.0141491148727225	0.0130507817547486	0.0137614678899082	0.0129861739242796	0.0179609768703966	0.011047939010208	0.0032303915234526	0.0127923504328724	0.0167980359219537	0.0172502907352371	0.0201576431063444	0.009884998061765	0.0102080372141103	0.0228711719860447	0.0040056854890812	0.0178317612094585	0.0198346039539992	0.0182194081922729	0.0292027393720118	0.0280397984235689	0.0020028427445406	0.023323426799328	0.0180255847008657	0.013503036568032	0.0290735237110737	0.0230003876469828	0.0273291122884093	0.022031270189947	0.0182840160227419	0.019576172632123	0.0115648016539604	0.0188654864969634	0.0155058793125726	0.0122108799586509	0.0151182323297583	0.0175733298875823	0.0238402894430805	0.0120170564672438	0.0154412714821036	0.0139552913813154	0.0177671533789895	0.0089804884351983	0.0180255847008657	0.0175733298875823	0.0191239178188396	0.014730585346944	0.0146659775164749	0.0056208812508075	0.0100788215531722	0.0125339191109962	0.0064607830469052	0.004910195115648	1	2560773
209	Tioman rubulavirus	0.0061855670103092	0.005090206185567	0.0164948453608247	0.0150128865979381	0.0227448453608247	0.0190721649484536	0.0152061855670103	0.0133376288659793	0.0142396907216494	0.0161726804123711	0.0213917525773195	0.0233891752577319	0.0155927835051546	0.0161726804123711	0.0162371134020618	0.0128865979381443	0.0158505154639175	0.0100515463917525	0.0039948453608247	0.015721649484536	0.0188144329896907	0.014110824742268	0.0186211340206185	0.0097293814432989	0.010180412371134	0.0239046391752577	0.0044458762886597	0.0172680412371134	0.0184922680412371	0.0143041237113402	0.0248067010309278	0.0237113402061855	0.0041237113402061	0.0239046391752577	0.0172680412371134	0.0142396907216494	0.0291881443298969	0.021520618556701	0.025451030927835	0.0201030927835051	0.0183634020618556	0.0202963917525773	0.0110824742268041	0.0184278350515463	0.015721649484536	0.0110824742268041	0.0154639175257731	0.0199742268041237	0.0210051546391752	0.0136597938144329	0.0170103092783505	0.0166237113402061	0.0186211340206185	0.010180412371134	0.020811855670103	0.0168170103092783	0.0173969072164948	0.0132087628865979	0.0146907216494845	0.0068943298969072	0.0101159793814433	0.0112113402061855	0.0064432989690721	0.0058634020618556	0	2560808
210	California encephalitis orthobunyavirus	0.0039313222079589	0.0015243902439024	0.0174101412066752	0.0116335044929396	0.0245507060333761	0.0165275994865211	0.0162066752246469	0.0109916559691912	0.0144415917843388	0.0166078305519897	0.0228658536585365	0.0146822849807445	0.0081033376123234	0.0096277278562259	0.0174101412066752	0.0177310654685494	0.0169287548138639	0.0075417201540436	0.0015243902439024	0.0116335044929396	0.0153241335044929	0.0233472400513478	0.0182124518613607	0.009788189987163	0.0082637997432605	0.0182124518613607	0.0032894736842105	0.0167682926829268	0.0337772785622593	0.0244704749679075	0.0432445442875481	0.0335365853658536	0.0022464698331193	0.0229460847240051	0.0156450577663671	0.0134788189987163	0.0278401797175866	0.0270378690629011	0.0304075738125802	0.0260750962772785	0.0178112965340179	0.0261553273427471	0.0091463414634146	0.0165275994865211	0.0153241335044929	0.0121951219512195	0.0146020539152759	0.014762516046213	0.0290436456996148	0.0143613607188703	0.0149229781771501	0.007461489088575	0.012275353016688	0.0068998716302952	0.0304878048780487	0.0237483953786906	0.0125962772785622	0.009788189987163	0.0092265725288831	0.0020057766367137	0.0121148908857509	0.0057766367137355	0.0044127086007702	0.0025673940949935	1	1933264
211	Sandfly fever Naples phlebovirus	0.0024787242832355	0.0016524828554903	0.0175163182681979	0.0136329835577955	0.0190035528381393	0.0220606461207964	0.0188383045525902	0.017681566553747	0.020242914979757	0.0207386598364042	0.0217301495496984	0.0155333388416095	0.0105758902751383	0.0130546145583739	0.0147897215566388	0.0153680905560604	0.0213170288358258	0.0103280178468148	0.0026439725687845	0.0150375939849624	0.0164422044121292	0.0177641906965215	0.0191688011236883	0.0123936214161778	0.0123936214161778	0.0244567462612575	0.0033875898537552	0.0186730562670412	0.0170205734115508	0.0161943319838056	0.0273485912583656	0.0201602908369825	0.0024787242832355	0.0254482359745517	0.024704618689581	0.0177641906965215	0.0232173841196397	0.0274312154011402	0.0316450466826406	0.0217301495496984	0.0134677352722465	0.0257787325456498	0.0122283731306287	0.0173510699826489	0.0212344046930513	0.0150375939849624	0.0147070974138643	0.0214822771213748	0.0168553251260018	0.0098322729901677	0.0150375939849624	0.0163595802693547	0.0193340494092373	0.0095844005618441	0.0146244732710898	0.0144592249855407	0.0166074526976782	0.0140461042716681	0.011319507560109	0.0019003552838139	0.0098322729901677	0.0085929108485499	0.0043790795670494	0.0019003552838139	0	1933189
212	Uukuniemi phlebovirus	0.0036047125021979	0.0021100756110427	0.0167047652540882	0.0161772463513275	0.0196940390363988	0.0232987515385968	0.0161772463513275	0.0162651661684543	0.02321083172147	0.0247054686126252	0.0216282750131879	0.0186390012308774	0.017583963425356	0.0184631615966238	0.0112537365922278	0.0091436609811851	0.0212765957446808	0.012396694214876	0.0034288728679444	0.0157376472656936	0.0180235625109899	0.0168806048883418	0.018814840865131	0.0118691753121153	0.0107262176894672	0.0272551433093019	0.0040443115878318	0.0212765957446808	0.0094074204325655	0.01037453842096	0.0194302795850184	0.016001406717074	0.0032530332336908	0.0248813082468788	0.0283101811148232	0.0161772463513275	0.0233866713557235	0.0234745911728503	0.0305960963601195	0.0191665201336381	0.0134517320203973	0.0226833128187093	0.0111658167751011	0.0176718832424828	0.016792685071215	0.0138034112889045	0.020397397573413	0.0232987515385968	0.0161772463513275	0.0091436609811851	0.016792685071215	0.021979954281695	0.0239141902584842	0.011605415860735	0.008000703358537	0.008791981712678	0.0204853173905398	0.0160893265342008	0.0135396518375241	0.0037805521364515	0.0072094250043959	0.0088799015298048	0.0050114295762264	0.0044839106734657	0	1933191
213	Macaque simian foamy virus	0.0032382420971472	0.002775636083269	0.0114880493446414	0.0090208172706245	0.0183500385505011	0.0171935235158057	0.015574402467232	0.0114880493446414	0.0184271395528141	0.0198149575944487	0.0171935235158057	0.015420200462606	0.0164996144949884	0.0184271395528141	0.0160370084811102	0.0169622205088666	0.0175019275250578	0.0074016962220508	0.0020046260601387	0.0160370084811102	0.0198149575944487	0.0221279876638396	0.0174248265227447	0.0105628373168851	0.0068619892058596	0.0161912104857363	0.0042405551272166	0.0134155744024672	0.0262914417887432	0.0250578257517347	0.0336931380107941	0.0343870470316114	0.0023130300693909	0.0194294525828835	0.0141094834232845	0.0144178874325366	0.0235929067077872	0.0235929067077872	0.0243639167309175	0.025751734772552	0.0164225134926754	0.0234387047031611	0.0091750192752505	0.0169622205088666	0.0177332305319969	0.0131071703932151	0.0149575944487278	0.0163454124903623	0.0253662297609868	0.015420200462606	0.0137239784117193	0.0150346954510408	0.0168851195065535	0.0087895142636854	0.0255204317656129	0.0259059367771781	0.0172706245181187	0.0120277563608326	0.0133384734001542	0.0029298380878951	0.0147262914417887	0.0090979182729375	0.0054741711642251	0.0018504240555127	0	338478
