repeat,fold,epoch,train_loss,val_loss,train_acc,val_acc
1,1,1,0.6816478371620178,0.6823851466178894,0.7279411764705882,0.7142857142857143
1,1,2,0.676558256149292,0.6776621341705322,0.7279411764705882,0.7142857142857143
1,1,3,0.6711949706077576,0.6727067232131958,0.7279411764705882,0.7142857142857143
1,1,4,0.6654276251792908,0.6674070358276367,0.7279411764705882,0.7142857142857143
1,1,5,0.6592640280723572,0.6617756485939026,0.7279411764705882,0.7142857142857143
1,1,6,0.6525485515594482,0.6556959748268127,0.7279411764705882,0.7142857142857143
1,1,7,0.6450135707855225,0.6489437818527222,0.7279411764705882,0.7142857142857143
1,1,8,0.6366255879402161,0.6415098905563354,0.7279411764705882,0.7142857142857143
1,1,9,0.6275515556335449,0.6335745453834534,0.7279411764705882,0.7142857142857143
1,1,10,0.6179844737052917,0.6253665685653687,0.7279411764705882,0.7142857142857143
1,1,11,0.6081502437591553,0.6171482801437378,0.7279411764705882,0.7142857142857143
1,1,12,0.5985095500946045,0.6093981266021729,0.7279411764705882,0.7142857142857143
1,1,13,0.5895448327064514,0.6026275753974915,0.7279411764705882,0.7142857142857143
1,1,14,0.5817838311195374,0.597396969795227,0.7279411764705882,0.7142857142857143
1,1,15,0.5757429003715515,0.5942219495773315,0.7279411764705882,0.7142857142857143
1,1,16,0.5718021392822266,0.5934800505638123,0.7279411764705882,0.7142857142857143
1,1,17,0.5700879096984863,0.5951750874519348,0.7279411764705882,0.7142857142857143
1,1,18,0.570127546787262,0.5986188650131226,0.7279411764705882,0.7142857142857143
1,1,19,0.5707718729972839,0.6024436354637146,0.7279411764705882,0.7142857142857143
1,1,20,0.5710464715957642,0.6055619120597839,0.7279411764705882,0.7142857142857143
1,1,21,0.5700032711029053,0.6067928075790405,0.7279411764705882,0.7142857142857143
1,1,22,0.5676125288009644,0.6061098575592041,0.7279411764705882,0.7142857142857143
1,1,23,0.5640973448753357,0.6038869619369507,0.7279411764705882,0.7142857142857143
1,1,24,0.5598437190055847,0.6005218625068665,0.7279411764705882,0.7142857142857143
1,1,25,0.5554023385047913,0.5967052578926086,0.7279411764705882,0.7142857142857143
1,1,26,0.5511183142662048,0.5928537249565125,0.7279411764705882,0.7142857142857143
1,1,27,0.5472267270088196,0.5893605947494507,0.7279411764705882,0.7142857142857143
1,1,28,0.5437853336334229,0.5863714814186096,0.7279411764705882,0.7142857142857143
1,1,29,0.5406870245933533,0.5838457345962524,0.7279411764705882,0.7142857142857143
1,1,30,0.5378032326698303,0.5817172527313232,0.7279411764705882,0.7142857142857143
1,1,31,0.5349774956703186,0.5798988342285156,0.7279411764705882,0.7142857142857143
1,1,32,0.5320396423339844,0.5782695412635803,0.7279411764705882,0.7142857142857143
1,1,33,0.5288194417953491,0.5767247080802917,0.7279411764705882,0.7142857142857143
1,1,34,0.5252177119255066,0.575149416923523,0.7279411764705882,0.7142857142857143
1,1,35,0.5211780071258545,0.573511004447937,0.7279411764705882,0.7142857142857143
1,1,36,0.5166675448417664,0.5717872381210327,0.7279411764705882,0.7142857142857143
1,1,37,0.511656641960144,0.5699854493141174,0.7279411764705882,0.7142857142857143
1,1,38,0.5062165260314941,0.5681509375572205,0.7279411764705882,0.7142857142857143
1,1,39,0.5003944039344788,0.5662952661514282,0.7279411764705882,0.7142857142857143
1,1,40,0.49422696232795715,0.5644413232803345,0.7279411764705882,0.7142857142857143
1,1,41,0.48773810267448425,0.5625668168067932,0.7279411764705882,0.7142857142857143
1,1,42,0.48093554377555847,0.5606480836868286,0.7279411764705882,0.7142857142857143
1,1,43,0.473807156085968,0.5585962533950806,0.7279411764705882,0.7142857142857143
1,1,44,0.4663441479206085,0.5562938451766968,0.7279411764705882,0.7142857142857143
1,1,45,0.45852822065353394,0.5536748766899109,0.7279411764705882,0.7142857142857143
1,1,46,0.4503485858440399,0.5506855845451355,0.7279411764705882,0.7142857142857143
1,1,47,0.4418478012084961,0.5472581386566162,0.7279411764705882,0.7142857142857143
1,1,48,0.4330700635910034,0.5434549450874329,0.7279411764705882,0.7142857142857143
1,1,49,0.42413008213043213,0.5393763184547424,0.7279411764705882,0.7142857142857143
1,1,50,0.415101021528244,0.5350562334060669,0.7279411764705882,0.7142857142857143
1,1,51,0.4060558080673218,0.5308112502098083,0.7279411764705882,0.7142857142857143
1,1,52,0.3970491886138916,0.526759922504425,0.7279411764705882,0.7142857142857143
1,1,53,0.3880990743637085,0.5230764150619507,0.7279411764705882,0.7142857142857143
1,1,54,0.37919479608535767,0.5200364589691162,0.7279411764705882,0.7142857142857143
1,1,55,0.3703746199607849,0.5175289511680603,0.7279411764705882,0.7142857142857143
1,1,56,0.3617173433303833,0.5157518982887268,0.7279411764705882,0.7142857142857143
1,1,57,0.35326510667800903,0.514602541923523,0.7279411764705882,0.7142857142857143
1,1,58,0.3450234532356262,0.5138792991638184,0.7279411764705882,0.7142857142857143
1,1,59,0.3370443880558014,0.513295590877533,0.7279411764705882,0.7142857142857143
1,1,60,0.3292761445045471,0.5128339529037476,0.7279411764705882,0.7142857142857143
1,1,61,0.32166773080825806,0.5122271180152893,0.7279411764705882,0.7142857142857143
1,1,62,0.3141977787017822,0.5113922357559204,0.7279411764705882,0.7142857142857143
1,1,63,0.3069117069244385,0.5103534460067749,0.7279411764705882,0.7142857142857143
1,1,64,0.2997753322124481,0.5092781186103821,0.7279411764705882,0.7142857142857143
1,1,65,0.29272404313087463,0.5084350109100342,0.7279411764705882,0.7142857142857143
1,1,66,0.28573736548423767,0.5079560279846191,0.7279411764705882,0.7142857142857143
1,1,67,0.27884405851364136,0.5079381465911865,0.7279411764705882,0.7142857142857143
1,1,68,0.2720893323421478,0.5082706809043884,0.7426470588235294,0.7142857142857143
1,1,69,0.2654612362384796,0.509656548500061,0.9044117647058824,0.7428571428571429
1,1,70,0.25903967022895813,0.5116062164306641,0.9117647058823529,0.7714285714285715
1,1,71,0.25283077359199524,0.5140909552574158,0.9191176470588235,0.7714285714285715
1,1,72,0.2468397170305252,0.5170546174049377,0.9338235294117647,0.7714285714285715
1,1,73,0.2410755753517151,0.5205538868904114,0.9485294117647058,0.7714285714285715
1,1,74,0.23553335666656494,0.5261275172233582,0.9558823529411765,0.7714285714285715
1,1,75,0.23020851612091064,0.5324268341064453,0.9558823529411765,0.7714285714285715
1,1,76,0.22506175935268402,0.5390840768814087,0.9558823529411765,0.7714285714285715
1,1,77,0.22001686692237854,0.5449829697608948,0.9558823529411765,0.7714285714285715
1,1,78,0.21508727967739105,0.5502820014953613,0.9632352941176471,0.7714285714285715
1,1,79,0.21041014790534973,0.5551485419273376,0.9705882352941176,0.7714285714285715
1,1,80,0.206063374876976,0.5624289512634277,0.9852941176470589,0.7714285714285715
1,1,81,0.20196129381656647,0.5718127489089966,0.9926470588235294,0.7714285714285715
1,1,82,0.19802457094192505,0.5846785306930542,0.9926470588235294,0.7714285714285715
1,1,83,0.1942743957042694,0.5984495878219604,0.9852941176470589,0.7714285714285715
1,1,84,0.1906900405883789,0.6143106818199158,0.9852941176470589,0.7714285714285715
1,1,85,0.18734461069107056,0.632874071598053,0.9852941176470589,0.7714285714285715
1,1,86,0.18404732644557953,0.6491204500198364,0.9852941176470589,0.7714285714285715
1,1,87,0.18064716458320618,0.6600377559661865,0.9852941176470589,0.7714285714285715
1,1,88,0.1771971732378006,0.664508581161499,0.9926470588235294,0.7714285714285715
1,1,89,0.17378878593444824,0.6642312407493591,0.9926470588235294,0.7714285714285715
1,1,90,0.1706020087003708,0.6627105474472046,0.9926470588235294,0.7714285714285715
1,1,91,0.16759569942951202,0.6630297899246216,0.9926470588235294,0.7714285714285715
1,1,92,0.16453196108341217,0.6684483885765076,0.9926470588235294,0.7714285714285715
1,1,93,0.1612684279680252,0.6811795830726624,1.0,0.7714285714285715
1,1,94,0.1579417586326599,0.6984428763389587,1.0,0.7714285714285715
1,1,95,0.15466734766960144,0.7179891467094421,1.0,0.7714285714285715
1,1,96,0.1515253186225891,0.7344860434532166,1.0,0.7714285714285715
1,1,97,0.14849774539470673,0.7481769919395447,1.0,0.7714285714285715
1,1,98,0.14562006294727325,0.7582363486289978,1.0,0.7714285714285715
1,1,99,0.14290237426757812,0.7608116269111633,1.0,0.7714285714285715
1,1,100,0.14017455279827118,0.7633697390556335,1.0,0.7714285714285715
1,2,1,0.6830807328224182,0.6825445890426636,0.7226277372262774,0.7352941176470589
1,2,2,0.6777877807617188,0.6769974231719971,0.7226277372262774,0.7352941176470589
1,2,3,0.6720830202102661,0.6710337400436401,0.7226277372262774,0.7352941176470589
1,2,4,0.6663996577262878,0.6650665998458862,0.7226277372262774,0.7352941176470589
1,2,5,0.6607021689414978,0.6591286659240723,0.7226277372262774,0.7352941176470589
1,2,6,0.654355525970459,0.6525698304176331,0.7226277372262774,0.7352941176470589
1,2,7,0.647167444229126,0.6451648473739624,0.7226277372262774,0.7352941176470589
1,2,8,0.639207124710083,0.6369803547859192,0.7226277372262774,0.7352941176470589
1,2,9,0.6306099891662598,0.6281648278236389,0.7226277372262774,0.7352941176470589
1,2,10,0.6215496063232422,0.6188904047012329,0.7226277372262774,0.7352941176470589
1,2,11,0.6123091578483582,0.6094549894332886,0.7226277372262774,0.7352941176470589
1,2,12,0.6032236814498901,0.6002144813537598,0.7226277372262774,0.7352941176470589
1,2,13,0.5946906208992004,0.5915842056274414,0.7226277372262774,0.7352941176470589
1,2,14,0.5871543884277344,0.584033727645874,0.7226277372262774,0.7352941176470589
1,2,15,0.5810339450836182,0.5780284404754639,0.7226277372262774,0.7352941176470589
1,2,16,0.5766723155975342,0.5739325284957886,0.7226277372262774,0.7352941176470589
1,2,17,0.5742737650871277,0.5719623565673828,0.7226277372262774,0.7352941176470589
1,2,18,0.573608934879303,0.5719490051269531,0.7226277372262774,0.7352941176470589
1,2,19,0.5740321278572083,0.5732476711273193,0.7226277372262774,0.7352941176470589
1,2,20,0.5745369791984558,0.5748491883277893,0.7226277372262774,0.7352941176470589
1,2,21,0.5741823315620422,0.5757730007171631,0.7226277372262774,0.7352941176470589
1,2,22,0.5724667906761169,0.5754629373550415,0.7226277372262774,0.7352941176470589
1,2,23,0.5696133375167847,0.5740920305252075,0.7226277372262774,0.7352941176470589
1,2,24,0.5657789707183838,0.5718017816543579,0.7226277372262774,0.7352941176470589
1,2,25,0.5614532828330994,0.5690295100212097,0.7226277372262774,0.7352941176470589
1,2,26,0.5570287704467773,0.5661206841468811,0.7226277372262774,0.7352941176470589
1,2,27,0.5527796149253845,0.5634080171585083,0.7226277372262774,0.7352941176470589
1,2,28,0.5489675998687744,0.5611149668693542,0.7226277372262774,0.7352941176470589
1,2,29,0.5455911159515381,0.55926913022995,0.7226277372262774,0.7352941176470589
1,2,30,0.5425297021865845,0.5577743649482727,0.7226277372262774,0.7352941176470589
1,2,31,0.5396605730056763,0.5565156936645508,0.7226277372262774,0.7352941176470589
1,2,32,0.536777675151825,0.5553115010261536,0.7226277372262774,0.7352941176470589
1,2,33,0.5337172150611877,0.554026186466217,0.7226277372262774,0.7352941176470589
1,2,34,0.5303516387939453,0.5525563955307007,0.7226277372262774,0.7352941176470589
1,2,35,0.526584267616272,0.5508224964141846,0.7226277372262774,0.7352941176470589
1,2,36,0.5223743915557861,0.5488154292106628,0.7226277372262774,0.7352941176470589
1,2,37,0.5176641941070557,0.5465101599693298,0.7226277372262774,0.7352941176470589
1,2,38,0.5124666690826416,0.5439087152481079,0.7226277372262774,0.7352941176470589
1,2,39,0.5068773627281189,0.5411134362220764,0.7226277372262774,0.7352941176470589
1,2,40,0.5009271502494812,0.5381541848182678,0.7226277372262774,0.7352941176470589
1,2,41,0.4946945011615753,0.5350797176361084,0.7226277372262774,0.7352941176470589
1,2,42,0.4882354736328125,0.5319333076477051,0.7226277372262774,0.7352941176470589
1,2,43,0.4815572500228882,0.5286939740180969,0.7226277372262774,0.7352941176470589
1,2,44,0.4745950698852539,0.5252711176872253,0.7226277372262774,0.7352941176470589
1,2,45,0.4673154354095459,0.5216040015220642,0.7226277372262774,0.7352941176470589
1,2,46,0.4597156047821045,0.517687201499939,0.7226277372262774,0.7352941176470589
1,2,47,0.4518115818500519,0.5134568810462952,0.7226277372262774,0.7352941176470589
1,2,48,0.443681925535202,0.5088666081428528,0.7226277372262774,0.7352941176470589
1,2,49,0.4353892505168915,0.5039305090904236,0.7226277372262774,0.7352941176470589
1,2,50,0.4269668161869049,0.49869415163993835,0.7226277372262774,0.7352941176470589
1,2,51,0.4184899926185608,0.4932488799095154,0.7226277372262774,0.7352941176470589
1,2,52,0.41003021597862244,0.4876105487346649,0.7226277372262774,0.7352941176470589
1,2,53,0.4016217291355133,0.48191654682159424,0.7226277372262774,0.7352941176470589
1,2,54,0.39323827624320984,0.4762706756591797,0.7226277372262774,0.7352941176470589
1,2,55,0.3848724365234375,0.47075581550598145,0.7226277372262774,0.7352941176470589
1,2,56,0.37649935483932495,0.4654691815376282,0.7226277372262774,0.7352941176470589
1,2,57,0.3681168854236603,0.4604375660419464,0.7226277372262774,0.7352941176470589
1,2,58,0.3597641587257385,0.4555671215057373,0.7226277372262774,0.7352941176470589
1,2,59,0.35149356722831726,0.4508703947067261,0.7226277372262774,0.7352941176470589
1,2,60,0.3433634042739868,0.44648897647857666,0.7226277372262774,0.7352941176470589
1,2,61,0.33547109365463257,0.44242456555366516,0.7226277372262774,0.7352941176470589
1,2,62,0.3277856409549713,0.4386484920978546,0.7226277372262774,0.7352941176470589
1,2,63,0.3202267289161682,0.4348611831665039,0.7226277372262774,0.7352941176470589
1,2,64,0.31281858682632446,0.4310343861579895,0.7226277372262774,0.7352941176470589
1,2,65,0.30560103058815,0.42707034945487976,0.7226277372262774,0.7352941176470589
1,2,66,0.29857441782951355,0.42308691143989563,0.7226277372262774,0.7352941176470589
1,2,67,0.29176151752471924,0.41950252652168274,0.7226277372262774,0.7352941176470589
1,2,68,0.28515201807022095,0.41654545068740845,0.7299270072992701,0.7352941176470589
1,2,69,0.27867576479911804,0.4143713712692261,0.8832116788321168,0.7647058823529411
1,2,70,0.27233579754829407,0.4128536283969879,0.9051094890510949,0.7647058823529411
1,2,71,0.26611530780792236,0.4119463562965393,0.927007299270073,0.7647058823529411
1,2,72,0.260040819644928,0.4113190174102783,0.9343065693430657,0.7647058823529411
1,2,73,0.2541336119174957,0.41076719760894775,0.9343065693430657,0.7647058823529411
1,2,74,0.24837160110473633,0.41023382544517517,0.948905109489051,0.7941176470588235
1,2,75,0.2427736520767212,0.40958747267723083,0.948905109489051,0.7941176470588235
1,2,76,0.23731017112731934,0.40952956676483154,0.948905109489051,0.7941176470588235
1,2,77,0.2319759726524353,0.40972962975502014,0.9562043795620438,0.7941176470588235
1,2,78,0.22678585350513458,0.41033288836479187,0.9562043795620438,0.7941176470588235
1,2,79,0.22174303233623505,0.411537766456604,0.9635036496350365,0.7941176470588235
1,2,80,0.2168976217508316,0.41382014751434326,0.9635036496350365,0.7941176470588235
1,2,81,0.21226629614830017,0.4159562885761261,0.9635036496350365,0.7941176470588235
1,2,82,0.20778007805347443,0.4184204041957855,0.9708029197080292,0.7941176470588235
1,2,83,0.20346428453922272,0.42125415802001953,0.9854014598540146,0.7941176470588235
1,2,84,0.19943417608737946,0.42602822184562683,0.9927007299270073,0.7941176470588235
1,2,85,0.19563421607017517,0.4317389130592346,0.9927007299270073,0.7941176470588235
1,2,86,0.1919713020324707,0.43922439217567444,0.9927007299270073,0.7941176470588235
1,2,87,0.18838651478290558,0.4484328031539917,0.9927007299270073,0.7647058823529411
1,2,88,0.18485720455646515,0.4577849805355072,0.9927007299270073,0.7647058823529411
1,2,89,0.1813831776380539,0.46615758538246155,0.9927007299270073,0.7647058823529411
1,2,90,0.17782530188560486,0.4687776565551758,0.9927007299270073,0.7647058823529411
1,2,91,0.17429573833942413,0.46900203824043274,0.9927007299270073,0.7647058823529411
1,2,92,0.17106235027313232,0.4691535234451294,0.9927007299270073,0.7647058823529411
1,2,93,0.16799068450927734,0.47065091133117676,0.9927007299270073,0.7941176470588235
1,2,94,0.16478675603866577,0.4766511917114258,0.9927007299270073,0.7647058823529411
1,2,95,0.1615731418132782,0.48441293835639954,0.9927007299270073,0.7647058823529411
1,2,96,0.15842004120349884,0.49334457516670227,1.0,0.7647058823529411
1,2,97,0.15538734197616577,0.5021548867225647,1.0,0.7647058823529411
1,2,98,0.15240584313869476,0.5092616677284241,1.0,0.7647058823529411
1,2,99,0.14944633841514587,0.5136606693267822,1.0,0.7647058823529411
1,2,100,0.14664459228515625,0.5142031311988831,1.0,0.7647058823529411
1,3,1,0.6859799027442932,0.6856276392936707,0.7226277372262774,0.7352941176470589
1,3,2,0.6812543869018555,0.6806967854499817,0.7226277372262774,0.7352941176470589
1,3,3,0.6766695380210876,0.6758847832679749,0.7226277372262774,0.7352941176470589
1,3,4,0.6721770763397217,0.6712157130241394,0.7226277372262774,0.7352941176470589
1,3,5,0.6674994230270386,0.6663546562194824,0.7226277372262774,0.7352941176470589
1,3,6,0.6622034311294556,0.660915732383728,0.7226277372262774,0.7352941176470589
1,3,7,0.6560840010643005,0.6546586155891418,0.7226277372262774,0.7352941176470589
1,3,8,0.6491206884384155,0.64756840467453,0.7226277372262774,0.7352941176470589
1,3,9,0.641399621963501,0.6397188901901245,0.7226277372262774,0.7352941176470589
1,3,10,0.6330245733261108,0.6312347650527954,0.7226277372262774,0.7352941176470589
1,3,11,0.624152421951294,0.6222788095474243,0.7226277372262774,0.7352941176470589
1,3,12,0.6149908900260925,0.6130834221839905,0.7226277372262774,0.7352941176470589
1,3,13,0.6058095693588257,0.6039264798164368,0.7226277372262774,0.7352941176470589
1,3,14,0.5969681739807129,0.5952059030532837,0.7226277372262774,0.7352941176470589
1,3,15,0.5888268351554871,0.5873023867607117,0.7226277372262774,0.7352941176470589
1,3,16,0.581902265548706,0.5807521939277649,0.7226277372262774,0.7352941176470589
1,3,17,0.5766058564186096,0.5760113596916199,0.7226277372262774,0.7352941176470589
1,3,18,0.5732791423797607,0.5734449028968811,0.7226277372262774,0.7352941176470589
1,3,19,0.5718467831611633,0.5730100274085999,0.7226277372262774,0.7352941176470589
1,3,20,0.5718088150024414,0.5742220878601074,0.7226277372262774,0.7352941176470589
1,3,21,0.5722751021385193,0.5761704444885254,0.7226277372262774,0.7352941176470589
1,3,22,0.5722736120223999,0.5778178572654724,0.7226277372262774,0.7352941176470589
1,3,23,0.5711249113082886,0.5784371495246887,0.7226277372262774,0.7352941176470589
1,3,24,0.5685747861862183,0.5776782631874084,0.7226277372262774,0.7352941176470589
1,3,25,0.5649480223655701,0.5758216381072998,0.7226277372262774,0.7352941176470589
1,3,26,0.5606775879859924,0.5733012557029724,0.7226277372262774,0.7352941176470589
1,3,27,0.5562303066253662,0.5705459713935852,0.7226277372262774,0.7352941176470589
1,3,28,0.551855206489563,0.5678390264511108,0.7226277372262774,0.7352941176470589
1,3,29,0.5478734970092773,0.5654886364936829,0.7226277372262774,0.7352941176470589
1,3,30,0.5443402528762817,0.5635813474655151,0.7226277372262774,0.7352941176470589
1,3,31,0.5411684513092041,0.5620735883712769,0.7226277372262774,0.7352941176470589
1,3,32,0.5382372140884399,0.5608623623847961,0.7226277372262774,0.7352941176470589
1,3,33,0.5353843569755554,0.5598180890083313,0.7226277372262774,0.7352941176470589
1,3,34,0.5324176549911499,0.5588016510009766,0.7226277372262774,0.7352941176470589
1,3,35,0.5291841626167297,0.5576946139335632,0.7226277372262774,0.7352941176470589
1,3,36,0.5255659222602844,0.556414008140564,0.7226277372262774,0.7352941176470589
1,3,37,0.5215115547180176,0.5549256801605225,0.7226277372262774,0.7352941176470589
1,3,38,0.516925573348999,0.5531743168830872,0.7226277372262774,0.7352941176470589
1,3,39,0.5118337869644165,0.5511958599090576,0.7226277372262774,0.7352941176470589
1,3,40,0.5063007473945618,0.5490471124649048,0.7226277372262774,0.7352941176470589
1,3,41,0.5003719925880432,0.5467690825462341,0.7226277372262774,0.7352941176470589
1,3,42,0.4940710663795471,0.544405460357666,0.7226277372262774,0.7352941176470589
1,3,43,0.4874400496482849,0.5419874787330627,0.7226277372262774,0.7352941176470589
1,3,44,0.48050427436828613,0.5395212769508362,0.7226277372262774,0.7352941176470589
1,3,45,0.47328007221221924,0.5370002388954163,0.7226277372262774,0.7352941176470589
1,3,46,0.4657402038574219,0.5343697667121887,0.7226277372262774,0.7352941176470589
1,3,47,0.4578815698623657,0.5315757393836975,0.7226277372262774,0.7352941176470589
1,3,48,0.4497411549091339,0.5285525918006897,0.7226277372262774,0.7352941176470589
1,3,49,0.4413275420665741,0.5252054929733276,0.7226277372262774,0.7352941176470589
1,3,50,0.43270018696784973,0.5215327739715576,0.7226277372262774,0.7352941176470589
1,3,51,0.4239210784435272,0.5175479054450989,0.7226277372262774,0.7352941176470589
1,3,52,0.41514062881469727,0.5132806301116943,0.7226277372262774,0.7352941176470589
1,3,53,0.4064177870750427,0.5088595151901245,0.7226277372262774,0.7352941176470589
1,3,54,0.3977859914302826,0.5044057965278625,0.7226277372262774,0.7352941176470589
1,3,55,0.38930007815361023,0.5000190734863281,0.7226277372262774,0.7352941176470589
1,3,56,0.38089829683303833,0.49583619832992554,0.7226277372262774,0.7352941176470589
1,3,57,0.37260404229164124,0.492026150226593,0.7226277372262774,0.7352941176470589
1,3,58,0.3644661009311676,0.488685667514801,0.7226277372262774,0.7352941176470589
1,3,59,0.3565213084220886,0.48582059144973755,0.7226277372262774,0.7352941176470589
1,3,60,0.3488048315048218,0.48350200057029724,0.7226277372262774,0.7352941176470589
1,3,61,0.3413609266281128,0.4815237522125244,0.7226277372262774,0.7352941176470589
1,3,62,0.3341279923915863,0.4797903001308441,0.7226277372262774,0.7352941176470589
1,3,63,0.32707032561302185,0.4780768156051636,0.7226277372262774,0.7352941176470589
1,3,64,0.3201296925544739,0.4759630858898163,0.7226277372262774,0.7352941176470589
1,3,65,0.3132925033569336,0.4735313951969147,0.7226277372262774,0.7352941176470589
1,3,66,0.30657824873924255,0.4709731936454773,0.7226277372262774,0.7352941176470589
1,3,67,0.2999702990055084,0.4680052101612091,0.7226277372262774,0.7352941176470589
1,3,68,0.2934637665748596,0.4647611677646637,0.7226277372262774,0.7352941176470589
1,3,69,0.2870623767375946,0.4613649249076843,0.7226277372262774,0.7352941176470589
1,3,70,0.280811607837677,0.45817017555236816,0.7518248175182481,0.7352941176470589
1,3,71,0.2747359871864319,0.4556747376918793,0.9051094890510949,0.7647058823529411
1,3,72,0.26883819699287415,0.45363786816596985,0.9197080291970803,0.7647058823529411
1,3,73,0.2630698084831238,0.4526441693305969,0.927007299270073,0.7647058823529411
1,3,74,0.2574966549873352,0.4524696171283722,0.927007299270073,0.7941176470588235
1,3,75,0.25210776925086975,0.45340055227279663,0.9416058394160584,0.7941176470588235
1,3,76,0.24689923226833344,0.4546577036380768,0.948905109489051,0.7941176470588235
1,3,77,0.24187617003917694,0.4566241204738617,0.948905109489051,0.7941176470588235
1,3,78,0.23696684837341309,0.45740002393722534,0.9562043795620438,0.7941176470588235
1,3,79,0.2321956306695938,0.45810267329216003,0.9562043795620438,0.7941176470588235
1,3,80,0.22751379013061523,0.4580014646053314,0.9562043795620438,0.7941176470588235
1,3,81,0.2229510098695755,0.4584580063819885,0.9635036496350365,0.7941176470588235
1,3,82,0.21849319338798523,0.4583298861980438,0.9635036496350365,0.7941176470588235
1,3,83,0.21415896713733673,0.4585617184638977,0.9635036496350365,0.7941176470588235
1,3,84,0.20990104973316193,0.45877784490585327,0.9708029197080292,0.7941176470588235
1,3,85,0.20571546256542206,0.4587332606315613,0.9781021897810219,0.7941176470588235
1,3,86,0.20158837735652924,0.45892736315727234,0.9781021897810219,0.7941176470588235
1,3,87,0.19753381609916687,0.4596686065196991,0.9854014598540146,0.7941176470588235
1,3,88,0.19356130063533783,0.4616813361644745,0.9854014598540146,0.7941176470588235
1,3,89,0.18965284526348114,0.4643785357475281,0.9854014598540146,0.7941176470588235
1,3,90,0.18588922917842865,0.46689483523368835,0.9854014598540146,0.7941176470588235
1,3,91,0.18220683932304382,0.4720481336116791,0.9854014598540146,0.7941176470588235
1,3,92,0.17861627042293549,0.477569580078125,0.9854014598540146,0.7941176470588235
1,3,93,0.17511598765850067,0.484174519777298,0.9854014598540146,0.7941176470588235
1,3,94,0.17168544232845306,0.49101296067237854,0.9927007299270073,0.7941176470588235
1,3,95,0.16829459369182587,0.4967356324195862,0.9927007299270073,0.7941176470588235
1,3,96,0.16497226059436798,0.5018383860588074,0.9927007299270073,0.7941176470588235
1,3,97,0.16173435747623444,0.5050279498100281,0.9927007299270073,0.7941176470588235
1,3,98,0.15872058272361755,0.5056313872337341,0.9927007299270073,0.7941176470588235
1,3,99,0.15580162405967712,0.5068483352661133,1.0,0.7941176470588235
1,3,100,0.1529589146375656,0.5090455412864685,1.0,0.7941176470588235
1,4,1,0.6804282069206238,0.6797162890434265,0.7226277372262774,0.7352941176470589
1,4,2,0.6760308146476746,0.6750883460044861,0.7226277372262774,0.7352941176470589
1,4,3,0.6715892553329468,0.6704217195510864,0.7226277372262774,0.7352941176470589
1,4,4,0.6668770909309387,0.6654923558235168,0.7226277372262774,0.7352941176470589
1,4,5,0.6618736982345581,0.6602550148963928,0.7226277372262774,0.7352941176470589
1,4,6,0.6565124988555908,0.6546673774719238,0.7226277372262774,0.7352941176470589
1,4,7,0.6504616737365723,0.6483951210975647,0.7226277372262774,0.7352941176470589
1,4,8,0.6436343789100647,0.6413348317146301,0.7226277372262774,0.7352941176470589
1,4,9,0.6360921263694763,0.6335386037826538,0.7226277372262774,0.7352941176470589
1,4,10,0.6279852986335754,0.6251699924468994,0.7226277372262774,0.7352941176470589
1,4,11,0.6195014715194702,0.6164329648017883,0.7226277372262774,0.7352941176470589
1,4,12,0.6107577085494995,0.607452392578125,0.7226277372262774,0.7352941176470589
1,4,13,0.6020772457122803,0.5985643267631531,0.7226277372262774,0.7352941176470589
1,4,14,0.5938828587532043,0.5902127623558044,0.7226277372262774,0.7352941176470589
1,4,15,0.5865906476974487,0.5828425288200378,0.7226277372262774,0.7352941176470589
1,4,16,0.5806193947792053,0.5769315361976624,0.7226277372262774,0.7352941176470589
1,4,17,0.5763848423957825,0.5729002356529236,0.7226277372262774,0.7352941176470589
1,4,18,0.5740914344787598,0.5710006952285767,0.7226277372262774,0.7352941176470589
1,4,19,0.5735468864440918,0.5710739493370056,0.7226277372262774,0.7352941176470589
1,4,20,0.5739588737487793,0.5723447203636169,0.7226277372262774,0.7352941176470589
1,4,21,0.5742294788360596,0.5737181305885315,0.7226277372262774,0.7352941176470589
1,4,22,0.5736064314842224,0.5743677616119385,0.7226277372262774,0.7352941176470589
1,4,23,0.571804940700531,0.57396000623703,0.7226277372262774,0.7352941176470589
1,4,24,0.5688174366950989,0.5724658966064453,0.7226277372262774,0.7352941176470589
1,4,25,0.5649730563163757,0.5701334476470947,0.7226277372262774,0.7352941176470589
1,4,26,0.5607831478118896,0.5674593448638916,0.7226277372262774,0.7352941176470589
1,4,27,0.5565570592880249,0.5647660493850708,0.7226277372262774,0.7352941176470589
1,4,28,0.5525897741317749,0.5623043179512024,0.7226277372262774,0.7352941176470589
1,4,29,0.5490065217018127,0.5602298378944397,0.7226277372262774,0.7352941176470589
1,4,30,0.5456860065460205,0.5584744811058044,0.7226277372262774,0.7352941176470589
1,4,31,0.5425471663475037,0.556969165802002,0.7226277372262774,0.7352941176470589
1,4,32,0.5394518375396729,0.555587112903595,0.7226277372262774,0.7352941176470589
1,4,33,0.5362352728843689,0.5541960597038269,0.7226277372262774,0.7352941176470589
1,4,34,0.5327503681182861,0.5526773929595947,0.7226277372262774,0.7352941176470589
1,4,35,0.5289309620857239,0.5509839653968811,0.7226277372262774,0.7352941176470589
1,4,36,0.5246883630752563,0.5490614771842957,0.7226277372262774,0.7352941176470589
1,4,37,0.5199658870697021,0.5468685030937195,0.7226277372262774,0.7352941176470589
1,4,38,0.5147740244865417,0.5444406867027283,0.7226277372262774,0.7352941176470589
1,4,39,0.5091524720191956,0.541819155216217,0.7226277372262774,0.7352941176470589
1,4,40,0.5030896067619324,0.5390163064002991,0.7226277372262774,0.7352941176470589
1,4,41,0.49661242961883545,0.5360590815544128,0.7226277372262774,0.7352941176470589
1,4,42,0.4897419214248657,0.5329657196998596,0.7226277372262774,0.7352941176470589
1,4,43,0.48249921202659607,0.5297322869300842,0.7226277372262774,0.7352941176470589
1,4,44,0.47486698627471924,0.5263403654098511,0.7226277372262774,0.7352941176470589
1,4,45,0.46684637665748596,0.5227630138397217,0.7226277372262774,0.7352941176470589
1,4,46,0.4584355652332306,0.5189738869667053,0.7226277372262774,0.7352941176470589
1,4,47,0.4496714472770691,0.5148835182189941,0.7226277372262774,0.7352941176470589
1,4,48,0.4406282901763916,0.5105356574058533,0.7226277372262774,0.7352941176470589
1,4,49,0.431362122297287,0.5060372352600098,0.7226277372262774,0.7352941176470589
1,4,50,0.4220128059387207,0.5014467835426331,0.7226277372262774,0.7352941176470589
1,4,51,0.41262707114219666,0.4969046115875244,0.7226277372262774,0.7352941176470589
1,4,52,0.4032672047615051,0.49266892671585083,0.7226277372262774,0.7352941176470589
1,4,53,0.39400753378868103,0.48877429962158203,0.7226277372262774,0.7352941176470589
1,4,54,0.3848986029624939,0.4852292835712433,0.7226277372262774,0.7352941176470589
1,4,55,0.3759894371032715,0.4821069538593292,0.7226277372262774,0.7352941176470589
1,4,56,0.3673446476459503,0.47954100370407104,0.7226277372262774,0.7352941176470589
1,4,57,0.3589962124824524,0.47757548093795776,0.7226277372262774,0.7352941176470589
1,4,58,0.35108837485313416,0.4763319492340088,0.7226277372262774,0.7352941176470589
1,4,59,0.343609094619751,0.4756615161895752,0.7226277372262774,0.7352941176470589
1,4,60,0.33649498224258423,0.4752698838710785,0.7226277372262774,0.7352941176470589
1,4,61,0.32973745465278625,0.4750623106956482,0.7226277372262774,0.7352941176470589
1,4,62,0.3232300877571106,0.4748679995536804,0.7226277372262774,0.7352941176470589
1,4,63,0.31697776913642883,0.4747072160243988,0.7226277372262774,0.7352941176470589
1,4,64,0.31098419427871704,0.47454744577407837,0.7226277372262774,0.7352941176470589
1,4,65,0.30523186922073364,0.47454115748405457,0.7226277372262774,0.7352941176470589
1,4,66,0.299653559923172,0.47472482919692993,0.7226277372262774,0.7352941176470589
1,4,67,0.29421067237854004,0.4751381576061249,0.7226277372262774,0.7352941176470589
1,4,68,0.28886091709136963,0.47549471259117126,0.7226277372262774,0.7352941176470589
1,4,69,0.28357741236686707,0.47556939721107483,0.7226277372262774,0.7352941176470589
1,4,70,0.2783612012863159,0.4753091633319855,0.7226277372262774,0.7352941176470589
1,4,71,0.2732295095920563,0.47480329871177673,0.7226277372262774,0.7352941176470589
1,4,72,0.2681753933429718,0.4746171832084656,0.7226277372262774,0.7352941176470589
1,4,73,0.2631819248199463,0.47426795959472656,0.7226277372262774,0.7352941176470589
1,4,74,0.2582337260246277,0.47422149777412415,0.7226277372262774,0.7352941176470589
1,4,75,0.25331953167915344,0.47426578402519226,0.7226277372262774,0.7352941176470589
1,4,76,0.24846401810646057,0.47438958287239075,0.7226277372262774,0.7352941176470589
1,4,77,0.2436503916978836,0.47467973828315735,0.9124087591240876,0.7352941176470589
1,4,78,0.23887430131435394,0.47489872574806213,0.9562043795620438,0.8235294117647058
1,4,79,0.23418757319450378,0.47514158487319946,0.9562043795620438,0.8235294117647058
1,4,80,0.2296123057603836,0.4760166108608246,0.9562043795620438,0.8235294117647058
1,4,81,0.22514480352401733,0.47694575786590576,0.9635036496350365,0.8235294117647058
1,4,82,0.22082014381885529,0.47859591245651245,0.9635036496350365,0.8235294117647058
1,4,83,0.21668700873851776,0.48078370094299316,0.9708029197080292,0.8235294117647058
1,4,84,0.21272550523281097,0.4836343824863434,0.9781021897810219,0.8235294117647058
1,4,85,0.20895126461982727,0.48770859837532043,0.9781021897810219,0.8235294117647058
1,4,86,0.20543213188648224,0.4925476014614105,0.9781021897810219,0.8235294117647058
1,4,87,0.20206938683986664,0.4968428909778595,0.9781021897810219,0.8235294117647058
1,4,88,0.19883814454078674,0.5010730028152466,0.9854014598540146,0.8235294117647058
1,4,89,0.19575054943561554,0.5043154358863831,0.9854014598540146,0.8235294117647058
1,4,90,0.1928844004869461,0.5068132877349854,0.9854014598540146,0.8235294117647058
1,4,91,0.1901528537273407,0.5097501277923584,0.9854014598540146,0.8235294117647058
1,4,92,0.18750452995300293,0.5135758519172668,0.9854014598540146,0.8235294117647058
1,4,93,0.1849355846643448,0.5183112025260925,0.9927007299270073,0.8235294117647058
1,4,94,0.1824202686548233,0.5248021483421326,1.0,0.8235294117647058
1,4,95,0.17996546626091003,0.5316991806030273,1.0,0.8235294117647058
1,4,96,0.1776304394006729,0.5396190881729126,1.0,0.8235294117647058
1,4,97,0.17539846897125244,0.5503114461898804,1.0,0.8235294117647058
1,4,98,0.17324095964431763,0.5626695156097412,1.0,0.8235294117647058
1,4,99,0.17122408747673035,0.5759097933769226,1.0,0.8235294117647058
1,4,100,0.16917617619037628,0.5861105918884277,1.0,0.8235294117647058
1,5,1,0.6853541135787964,0.6862378120422363,0.7299270072992701,0.7058823529411765
1,5,2,0.6801276803016663,0.6816533207893372,0.7299270072992701,0.7058823529411765
1,5,3,0.6747623085975647,0.6769769787788391,0.7299270072992701,0.7058823529411765
1,5,4,0.6693407297134399,0.6722961664199829,0.7299270072992701,0.7058823529411765
1,5,5,0.6637666821479797,0.6675277948379517,0.7299270072992701,0.7058823529411765
1,5,6,0.6574724912643433,0.6622466444969177,0.7299270072992701,0.7058823529411765
1,5,7,0.6503207683563232,0.6563294529914856,0.7299270072992701,0.7058823529411765
1,5,8,0.642352283000946,0.649841845035553,0.7299270072992701,0.7058823529411765
1,5,9,0.6335933804512024,0.6428546905517578,0.7299270072992701,0.7058823529411765
1,5,10,0.6242533326148987,0.6355945467948914,0.7299270072992701,0.7058823529411765
1,5,11,0.6144697666168213,0.6282700896263123,0.7299270072992701,0.7058823529411765
1,5,12,0.6045247316360474,0.6211951375007629,0.7299270072992701,0.7058823529411765
1,5,13,0.5948233008384705,0.6148091554641724,0.7299270072992701,0.7058823529411765
1,5,14,0.5857684016227722,0.6095605492591858,0.7299270072992701,0.7058823529411765
1,5,15,0.5777720808982849,0.6059182286262512,0.7299270072992701,0.7058823529411765
1,5,16,0.5713315606117249,0.6043570637702942,0.7299270072992701,0.7058823529411765
1,5,17,0.5667815804481506,0.6051901578903198,0.7299270072992701,0.7058823529411765
1,5,18,0.5642524361610413,0.6084184050559998,0.7299270072992701,0.7058823529411765
1,5,19,0.5634697675704956,0.6136341094970703,0.7299270072992701,0.7058823529411765
1,5,20,0.5637675523757935,0.619745135307312,0.7299270072992701,0.7058823529411765
1,5,21,0.5640923976898193,0.62530517578125,0.7299270072992701,0.7058823529411765
1,5,22,0.5635441541671753,0.6291332244873047,0.7299270072992701,0.7058823529411765
1,5,23,0.5617479681968689,0.6307814121246338,0.7299270072992701,0.7058823529411765
1,5,24,0.5587248206138611,0.630407452583313,0.7299270072992701,0.7058823529411765
1,5,25,0.5546393990516663,0.6280920505523682,0.7299270072992701,0.7058823529411765
1,5,26,0.5499910116195679,0.6246297359466553,0.7299270072992701,0.7058823529411765
1,5,27,0.5451973676681519,0.6205558180809021,0.7299270072992701,0.7058823529411765
1,5,28,0.54054194688797,0.6162938475608826,0.7299270072992701,0.7058823529411765
1,5,29,0.5362897515296936,0.6122993230819702,0.7299270072992701,0.7058823529411765
1,5,30,0.5324723720550537,0.6087718605995178,0.7299270072992701,0.7058823529411765
1,5,31,0.5289931297302246,0.605871856212616,0.7299270072992701,0.7058823529411765
1,5,32,0.5256597399711609,0.6035795211791992,0.7299270072992701,0.7058823529411765
1,5,33,0.5222457647323608,0.6017510890960693,0.7299270072992701,0.7058823529411765
1,5,34,0.5186834335327148,0.6002976298332214,0.7299270072992701,0.7058823529411765
1,5,35,0.5148107409477234,0.5991683006286621,0.7299270072992701,0.7058823529411765
1,5,36,0.5105352401733398,0.5982679724693298,0.7299270072992701,0.7058823529411765
1,5,37,0.505801260471344,0.5975643992424011,0.7299270072992701,0.7058823529411765
1,5,38,0.5005990862846375,0.5970269441604614,0.7299270072992701,0.7058823529411765
1,5,39,0.4948568344116211,0.5966782569885254,0.7299270072992701,0.7058823529411765
1,5,40,0.488601416349411,0.5965594053268433,0.7299270072992701,0.7058823529411765
1,5,41,0.4819009602069855,0.5966516137123108,0.7299270072992701,0.7058823529411765
1,5,42,0.4748013913631439,0.5969954133033752,0.7299270072992701,0.7058823529411765
1,5,43,0.46733105182647705,0.5975743532180786,0.7299270072992701,0.7058823529411765
1,5,44,0.459518164396286,0.5982689261436462,0.7299270072992701,0.7058823529411765
1,5,45,0.4513719379901886,0.5990059971809387,0.7299270072992701,0.7058823529411765
1,5,46,0.4429199993610382,0.59971022605896,0.7299270072992701,0.7058823529411765
1,5,47,0.43416500091552734,0.6001389622688293,0.7299270072992701,0.7058823529411765
1,5,48,0.42515435814857483,0.6002892851829529,0.7299270072992701,0.7058823529411765
1,5,49,0.4159892201423645,0.6002832055091858,0.7299270072992701,0.7058823529411765
1,5,50,0.4068037271499634,0.6001473069190979,0.7299270072992701,0.7058823529411765
1,5,51,0.39772504568099976,0.5999373197555542,0.7299270072992701,0.7058823529411765
1,5,52,0.38877683877944946,0.5999199151992798,0.7299270072992701,0.7058823529411765
1,5,53,0.3799622356891632,0.6003100275993347,0.7299270072992701,0.7058823529411765
1,5,54,0.37129732966423035,0.6012054085731506,0.7299270072992701,0.7058823529411765
1,5,55,0.36277005076408386,0.6024303436279297,0.7299270072992701,0.7058823529411765
1,5,56,0.3543641269207001,0.603835940361023,0.7299270072992701,0.7058823529411765
1,5,57,0.3460642993450165,0.6056767106056213,0.7299270072992701,0.7058823529411765
1,5,58,0.3378564119338989,0.608238160610199,0.7299270072992701,0.7058823529411765
1,5,59,0.3297538757324219,0.6109508275985718,0.7299270072992701,0.7058823529411765
1,5,60,0.3218298554420471,0.6137957572937012,0.7299270072992701,0.7058823529411765
1,5,61,0.31407636404037476,0.616353452205658,0.7299270072992701,0.7058823529411765
1,5,62,0.30657604336738586,0.619090735912323,0.7299270072992701,0.7058823529411765
1,5,63,0.2993523180484772,0.6222072243690491,0.7372262773722628,0.7058823529411765
1,5,64,0.29236534237861633,0.6257051229476929,0.8029197080291971,0.7058823529411765
1,5,65,0.2855777144432068,0.62968510389328,0.8832116788321168,0.7058823529411765
1,5,66,0.2790379822254181,0.6347649693489075,0.8905109489051095,0.7058823529411765
1,5,67,0.272777795791626,0.6413595080375671,0.9124087591240876,0.7058823529411765
1,5,68,0.2667900025844574,0.6501673460006714,0.927007299270073,0.7058823529411765
1,5,69,0.2610567510128021,0.6603794097900391,0.9343065693430657,0.7058823529411765
1,5,70,0.2555007040500641,0.6710586547851562,0.9416058394160584,0.7058823529411765
1,5,71,0.2500896155834198,0.6826233863830566,0.948905109489051,0.7058823529411765
1,5,72,0.24475231766700745,0.6939851641654968,0.948905109489051,0.7058823529411765
1,5,73,0.23938623070716858,0.703834056854248,0.948905109489051,0.7058823529411765
1,5,74,0.23393794894218445,0.7103995680809021,0.948905109489051,0.7058823529411765
1,5,75,0.22850145399570465,0.7154623866081238,0.9562043795620438,0.7058823529411765
1,5,76,0.22315499186515808,0.7180531620979309,0.9635036496350365,0.7058823529411765
1,5,77,0.21797293424606323,0.7205501198768616,0.9635036496350365,0.7058823529411765
1,5,78,0.2129112035036087,0.725399911403656,0.9635036496350365,0.7058823529411765
1,5,79,0.20780833065509796,0.7330366969108582,0.9635036496350365,0.7058823529411765
1,5,80,0.20266161859035492,0.7442819476127625,0.9708029197080292,0.7058823529411765
1,5,81,0.19751329720020294,0.7588015198707581,0.9708029197080292,0.7058823529411765
1,5,82,0.19249475002288818,0.774217426776886,0.9708029197080292,0.7058823529411765
1,5,83,0.18764552474021912,0.7907681465148926,0.9708029197080292,0.7058823529411765
1,5,84,0.1829645186662674,0.808139443397522,0.9781021897810219,0.7058823529411765
1,5,85,0.17835374176502228,0.8236228227615356,0.9927007299270073,0.7058823529411765
1,5,86,0.17380695044994354,0.8387737274169922,0.9927007299270073,0.7058823529411765
1,5,87,0.16937153041362762,0.8536412715911865,0.9927007299270073,0.7058823529411765
1,5,88,0.16515538096427917,0.8666936159133911,1.0,0.7058823529411765
1,5,89,0.1610245704650879,0.8810831904411316,1.0,0.7058823529411765
1,5,90,0.15684519708156586,0.8972950577735901,1.0,0.7058823529411765
1,5,91,0.1525810807943344,0.9155219793319702,1.0,0.7058823529411765
1,5,92,0.14831796288490295,0.9328116178512573,1.0,0.7058823529411765
1,5,93,0.14407528936862946,0.951673150062561,1.0,0.7058823529411765
1,5,94,0.13981255888938904,0.9690489172935486,1.0,0.7058823529411765
1,5,95,0.13552352786064148,0.9816035032272339,1.0,0.7058823529411765
1,5,96,0.1313069462776184,0.9916737675666809,1.0,0.7058823529411765
1,5,97,0.12706336379051208,1.0005505084991455,1.0,0.7058823529411765
1,5,98,0.12278104573488235,1.0091992616653442,1.0,0.7058823529411765
1,5,99,0.11839642375707626,1.0192878246307373,1.0,0.7058823529411765
1,5,100,0.11390965431928635,1.0306497812271118,1.0,0.7058823529411765
2,1,1,0.6764996647834778,0.677601158618927,0.7279411764705882,0.7142857142857143
2,1,2,0.6714850664138794,0.6729736328125,0.7279411764705882,0.7142857142857143
2,1,3,0.6663958430290222,0.668316662311554,0.7279411764705882,0.7142857142857143
2,1,4,0.6611319780349731,0.6635366082191467,0.7279411764705882,0.7142857142857143
2,1,5,0.6555699706077576,0.6585368514060974,0.7279411764705882,0.7142857142857143
2,1,6,0.6494523286819458,0.6531223654747009,0.7279411764705882,0.7142857142857143
2,1,7,0.6425132751464844,0.6470661759376526,0.7279411764705882,0.7142857142857143
2,1,8,0.6347925066947937,0.6404228806495667,0.7279411764705882,0.7142857142857143
2,1,9,0.6264027953147888,0.6333259344100952,0.7279411764705882,0.7142857142857143
2,1,10,0.617474377155304,0.6259570121765137,0.7279411764705882,0.7142857142857143
2,1,11,0.6082676649093628,0.6186022162437439,0.7279411764705882,0.7142857142857143
2,1,12,0.599120557308197,0.611636221408844,0.7279411764705882,0.7142857142857143
2,1,13,0.5904028415679932,0.6054932475090027,0.7279411764705882,0.7142857142857143
2,1,14,0.5825682878494263,0.6006717085838318,0.7279411764705882,0.7142857142857143
2,1,15,0.5761339068412781,0.5977144241333008,0.7279411764705882,0.7142857142857143
2,1,16,0.5715166330337524,0.5970457196235657,0.7279411764705882,0.7142857142857143
2,1,17,0.568950891494751,0.5988319516181946,0.7279411764705882,0.7142857142857143
2,1,18,0.5682181715965271,0.6026961207389832,0.7279411764705882,0.7142857142857143
2,1,19,0.5686173439025879,0.6077057123184204,0.7279411764705882,0.7142857142857143
2,1,20,0.5690545439720154,0.6124213337898254,0.7279411764705882,0.7142857142857143
2,1,21,0.5685098171234131,0.6155844330787659,0.7279411764705882,0.7142857142857143
2,1,22,0.5665110349655151,0.6166055798530579,0.7279411764705882,0.7142857142857143
2,1,23,0.5633864402770996,0.6158381104469299,0.7279411764705882,0.7142857142857143
2,1,24,0.5594183802604675,0.6137537956237793,0.7279411764705882,0.7142857142857143
2,1,25,0.5551090240478516,0.6108956336975098,0.7279411764705882,0.7142857142857143
2,1,26,0.550829291343689,0.6077995300292969,0.7279411764705882,0.7142857142857143
2,1,27,0.5467764139175415,0.6047914624214172,0.7279411764705882,0.7142857142857143
2,1,28,0.5431011915206909,0.6022114157676697,0.7279411764705882,0.7142857142857143
2,1,29,0.5397607088088989,0.6001488566398621,0.7279411764705882,0.7142857142857143
2,1,30,0.536621630191803,0.5985609889030457,0.7279411764705882,0.7142857142857143
2,1,31,0.5335511565208435,0.5973552465438843,0.7279411764705882,0.7142857142857143
2,1,32,0.5303717255592346,0.5964869856834412,0.7279411764705882,0.7142857142857143
2,1,33,0.5269632339477539,0.5958482623100281,0.7279411764705882,0.7142857142857143
2,1,34,0.5232271552085876,0.595411479473114,0.7279411764705882,0.7142857142857143
2,1,35,0.5190751552581787,0.5951648354530334,0.7279411764705882,0.7142857142857143
2,1,36,0.5144639611244202,0.5950927734375,0.7279411764705882,0.7142857142857143
2,1,37,0.509400486946106,0.5951710343360901,0.7279411764705882,0.7142857142857143
2,1,38,0.5039015412330627,0.5954233407974243,0.7279411764705882,0.7142857142857143
2,1,39,0.49798449873924255,0.5958989858627319,0.7279411764705882,0.7142857142857143
2,1,40,0.4916727542877197,0.5966199040412903,0.7279411764705882,0.7142857142857143
2,1,41,0.48500263690948486,0.5975937843322754,0.7279411764705882,0.7142857142857143
2,1,42,0.4779885709285736,0.5987581014633179,0.7279411764705882,0.7142857142857143
2,1,43,0.47066059708595276,0.6000935435295105,0.7279411764705882,0.7142857142857143
2,1,44,0.463029682636261,0.6015427708625793,0.7279411764705882,0.7142857142857143
2,1,45,0.45509281754493713,0.6029551029205322,0.7279411764705882,0.7142857142857143
2,1,46,0.4468345642089844,0.6042606830596924,0.7279411764705882,0.7142857142857143
2,1,47,0.4383001923561096,0.6053653359413147,0.7279411764705882,0.7142857142857143
2,1,48,0.42959848046302795,0.6064041256904602,0.7279411764705882,0.7142857142857143
2,1,49,0.4208259582519531,0.6073211431503296,0.7279411764705882,0.7142857142857143
2,1,50,0.4120239317417145,0.6081795692443848,0.7279411764705882,0.7142857142857143
2,1,51,0.403265118598938,0.609237551689148,0.7279411764705882,0.7142857142857143
2,1,52,0.3945200443267822,0.6106010675430298,0.7279411764705882,0.7142857142857143
2,1,53,0.3857375979423523,0.6123085021972656,0.7279411764705882,0.7142857142857143
2,1,54,0.376874715089798,0.6143359541893005,0.7279411764705882,0.7142857142857143
2,1,55,0.36791011691093445,0.6168038249015808,0.7279411764705882,0.7142857142857143
2,1,56,0.3588499128818512,0.6195528507232666,0.7279411764705882,0.7142857142857143
2,1,57,0.3497130572795868,0.622576892375946,0.7279411764705882,0.7142857142857143
2,1,58,0.3405292332172394,0.6258663535118103,0.7279411764705882,0.7142857142857143
2,1,59,0.33135858178138733,0.6296078562736511,0.7279411764705882,0.7142857142857143
2,1,60,0.3222419023513794,0.6337834000587463,0.7279411764705882,0.7142857142857143
2,1,61,0.3131829500198364,0.6390524506568909,0.7279411764705882,0.7142857142857143
2,1,62,0.30423349142074585,0.6450344920158386,0.7279411764705882,0.7142857142857143
2,1,63,0.2954261004924774,0.652312159538269,0.7279411764705882,0.7142857142857143
2,1,64,0.28681209683418274,0.6615224480628967,0.7279411764705882,0.7142857142857143
2,1,65,0.27843397855758667,0.6719151139259338,0.7279411764705882,0.7142857142857143
2,1,66,0.27031809091567993,0.6828673481941223,0.7279411764705882,0.7142857142857143
2,1,67,0.26247209310531616,0.6935675740242004,0.7279411764705882,0.7142857142857143
2,1,68,0.2550210952758789,0.7043523192405701,0.7352941176470589,0.7142857142857143
2,1,69,0.24796642363071442,0.7151100635528564,0.875,0.7142857142857143
2,1,70,0.24130383133888245,0.7278433442115784,0.9191176470588235,0.7142857142857143
2,1,71,0.2350395768880844,0.7440263032913208,0.9191176470588235,0.7142857142857143
2,1,72,0.22916817665100098,0.7633864283561707,0.9338235294117647,0.7142857142857143
2,1,73,0.22367309033870697,0.7841082811355591,0.9558823529411765,0.7142857142857143
2,1,74,0.21850650012493134,0.8043253421783447,0.9632352941176471,0.7142857142857143
2,1,75,0.21359030902385712,0.822674572467804,0.9632352941176471,0.7142857142857143
2,1,76,0.20890136063098907,0.841402530670166,0.9632352941176471,0.7142857142857143
2,1,77,0.20438064634799957,0.8595936894416809,0.9705882352941176,0.7142857142857143
2,1,78,0.20001347362995148,0.876435399055481,0.9705882352941176,0.7142857142857143
2,1,79,0.19586262106895447,0.8920040726661682,0.9779411764705882,0.7142857142857143
2,1,80,0.19183731079101562,0.9084562659263611,0.9779411764705882,0.7142857142857143
2,1,81,0.18792404234409332,0.9251623749732971,0.9926470588235294,0.7142857142857143
2,1,82,0.18417596817016602,0.9411847591400146,0.9926470588235294,0.7142857142857143
2,1,83,0.180624857544899,0.9636031985282898,1.0,0.7142857142857143
2,1,84,0.17722852528095245,0.9853741526603699,1.0,0.7142857142857143
2,1,85,0.17402499914169312,1.0135064125061035,1.0,0.7142857142857143
2,1,86,0.17116154730319977,1.0425782203674316,1.0,0.7142857142857143
2,1,87,0.16795450448989868,1.0556889772415161,1.0,0.7142857142857143
2,1,88,0.16484536230564117,1.0612895488739014,1.0,0.7142857142857143
2,1,89,0.16190733015537262,1.0655919313430786,1.0,0.7142857142857143
2,1,90,0.15894952416419983,1.0739638805389404,1.0,0.7142857142857143
2,1,91,0.15576587617397308,1.0894362926483154,1.0,0.7142857142857143
2,1,92,0.1524146944284439,1.111447811126709,1.0,0.7142857142857143
2,1,93,0.1490485519170761,1.1301339864730835,1.0,0.7142857142857143
2,1,94,0.1456347405910492,1.1452994346618652,1.0,0.7142857142857143
2,1,95,0.14214779436588287,1.1585302352905273,1.0,0.7142857142857143
2,1,96,0.13884662091732025,1.1504089832305908,1.0,0.7142857142857143
2,1,97,0.1354721337556839,1.1487773656845093,1.0,0.7142857142857143
2,1,98,0.13196201622486115,1.150211215019226,1.0,0.7142857142857143
2,1,99,0.12817350029945374,1.1608203649520874,1.0,0.7142857142857143
2,1,100,0.12418648600578308,1.176793098449707,1.0,0.7142857142857143
2,2,1,0.6855151057243347,0.6851106286048889,0.7226277372262774,0.7352941176470589
2,2,2,0.6801720857620239,0.6794970035552979,0.7226277372262774,0.7352941176470589
2,2,3,0.6744294762611389,0.6734647154808044,0.7226277372262774,0.7352941176470589
2,2,4,0.6684999465942383,0.667220413684845,0.7226277372262774,0.7352941176470589
2,2,5,0.6626144647598267,0.6610426306724548,0.7226277372262774,0.7352941176470589
2,2,6,0.656067430973053,0.6542092561721802,0.7226277372262774,0.7352941176470589
2,2,7,0.6487184166908264,0.6465491056442261,0.7226277372262774,0.7352941176470589
2,2,8,0.6405388116836548,0.6380316615104675,0.7226277372262774,0.7352941176470589
2,2,9,0.6317091584205627,0.6288382411003113,0.7226277372262774,0.7352941176470589
2,2,10,0.6224292516708374,0.6191878318786621,0.7226277372262774,0.7352941176470589
2,2,11,0.6129214763641357,0.6093160510063171,0.7226277372262774,0.7352941176470589
2,2,12,0.6036401391029358,0.5996962189674377,0.7226277372262774,0.7352941176470589
2,2,13,0.5950816869735718,0.59086012840271,0.7226277372262774,0.7352941176470589
2,2,14,0.5877829790115356,0.5833942890167236,0.7226277372262774,0.7352941176470589
2,2,15,0.5822396278381348,0.5778794884681702,0.7226277372262774,0.7352941176470589
2,2,16,0.5788302421569824,0.5747246742248535,0.7226277372262774,0.7352941176470589
2,2,17,0.577566385269165,0.5740272402763367,0.7226277372262774,0.7352941176470589
2,2,18,0.5780712366104126,0.5754133462905884,0.7226277372262774,0.7352941176470589
2,2,19,0.5792376399040222,0.5778007507324219,0.7226277372262774,0.7352941176470589
2,2,20,0.5797650218009949,0.5798699259757996,0.7226277372262774,0.7352941176470589
2,2,21,0.5790373086929321,0.5808871388435364,0.7226277372262774,0.7352941176470589
2,2,22,0.5768226385116577,0.5805327296257019,0.7226277372262774,0.7352941176470589
2,2,23,0.5734198093414307,0.5789844393730164,0.7226277372262774,0.7352941176470589
2,2,24,0.5692824125289917,0.5767185688018799,0.7226277372262774,0.7352941176470589
2,2,25,0.5649673938751221,0.5742432475090027,0.7226277372262774,0.7352941176470589
2,2,26,0.56097412109375,0.5719701051712036,0.7226277372262774,0.7352941176470589
2,2,27,0.5575227737426758,0.5701922178268433,0.7226277372262774,0.7352941176470589
2,2,28,0.5546267032623291,0.5689314603805542,0.7226277372262774,0.7352941176470589
2,2,29,0.5521929860115051,0.5681371092796326,0.7226277372262774,0.7352941176470589
2,2,30,0.5500446557998657,0.5676674246788025,0.7226277372262774,0.7352941176470589
2,2,31,0.5479777455329895,0.5673570036888123,0.7226277372262774,0.7352941176470589
2,2,32,0.5457807779312134,0.5670455694198608,0.7226277372262774,0.7352941176470589
2,2,33,0.5432941913604736,0.566609799861908,0.7226277372262774,0.7352941176470589
2,2,34,0.5404356718063354,0.5659947991371155,0.7226277372262774,0.7352941176470589
2,2,35,0.5371462106704712,0.5651699900627136,0.7226277372262774,0.7352941176470589
2,2,36,0.5333705544471741,0.5641337037086487,0.7226277372262774,0.7352941176470589
2,2,37,0.5291878581047058,0.5629498958587646,0.7226277372262774,0.7352941176470589
2,2,38,0.5246360301971436,0.5616872906684875,0.7226277372262774,0.7352941176470589
2,2,39,0.5197570323944092,0.5604113340377808,0.7226277372262774,0.7352941176470589
2,2,40,0.5146301984786987,0.5591934323310852,0.7226277372262774,0.7352941176470589
2,2,41,0.5092777013778687,0.5580695867538452,0.7226277372262774,0.7352941176470589
2,2,42,0.5037015080451965,0.557021975517273,0.7226277372262774,0.7352941176470589
2,2,43,0.497891902923584,0.5560287237167358,0.7226277372262774,0.7352941176470589
2,2,44,0.4918087422847748,0.5550476312637329,0.7226277372262774,0.7352941176470589
2,2,45,0.4854069650173187,0.5539997816085815,0.7226277372262774,0.7352941176470589
2,2,46,0.4786413609981537,0.5527554750442505,0.7226277372262774,0.7352941176470589
2,2,47,0.4715220332145691,0.5512729287147522,0.7226277372262774,0.7352941176470589
2,2,48,0.4640650153160095,0.5495248436927795,0.7226277372262774,0.7352941176470589
2,2,49,0.45638686418533325,0.5475078821182251,0.7226277372262774,0.7352941176470589
2,2,50,0.44855308532714844,0.545214831829071,0.7226277372262774,0.7352941176470589
2,2,51,0.4406687617301941,0.5427364706993103,0.7226277372262774,0.7352941176470589
2,2,52,0.4327760636806488,0.5401686429977417,0.7226277372262774,0.7352941176470589
2,2,53,0.42489346861839294,0.5375546216964722,0.7226277372262774,0.7352941176470589
2,2,54,0.4170384705066681,0.5349307060241699,0.7226277372262774,0.7352941176470589
2,2,55,0.4091419577598572,0.5325242280960083,0.7226277372262774,0.7352941176470589
2,2,56,0.40116772055625916,0.530484676361084,0.7226277372262774,0.7352941176470589
2,2,57,0.3931398093700409,0.5289973616600037,0.7226277372262774,0.7352941176470589
2,2,58,0.38516122102737427,0.5281054377555847,0.7226277372262774,0.7352941176470589
2,2,59,0.37733593583106995,0.5276922583580017,0.7226277372262774,0.7352941176470589
2,2,60,0.36967039108276367,0.5278500914573669,0.7226277372262774,0.7352941176470589
2,2,61,0.3622148633003235,0.5282440185546875,0.7226277372262774,0.7352941176470589
2,2,62,0.35489213466644287,0.5283933877944946,0.7226277372262774,0.7352941176470589
2,2,63,0.3476414382457733,0.5287269353866577,0.7226277372262774,0.7352941176470589
2,2,64,0.3404214680194855,0.5281217694282532,0.7226277372262774,0.7352941176470589
2,2,65,0.3332989513874054,0.5267996788024902,0.7226277372262774,0.7352941176470589
2,2,66,0.3263244330883026,0.5256100296974182,0.7226277372262774,0.7352941176470589
2,2,67,0.31945347785949707,0.5249987840652466,0.7226277372262774,0.7352941176470589
2,2,68,0.31265655159950256,0.5251425504684448,0.7226277372262774,0.7352941176470589
2,2,69,0.30595454573631287,0.5262935161590576,0.7226277372262774,0.7352941176470589
2,2,70,0.29935210943222046,0.5284982919692993,0.7226277372262774,0.7352941176470589
2,2,71,0.29278990626335144,0.5310577750205994,0.7226277372262774,0.7352941176470589
2,2,72,0.2862643599510193,0.5340750217437744,0.7226277372262774,0.7352941176470589
2,2,73,0.2797459065914154,0.536675751209259,0.7226277372262774,0.7352941176470589
2,2,74,0.2732364535331726,0.5385199189186096,0.7226277372262774,0.7352941176470589
2,2,75,0.26669222116470337,0.5383867621421814,0.8978102189781022,0.7352941176470589
2,2,76,0.26017385721206665,0.5366602540016174,0.9197080291970803,0.7352941176470589
2,2,77,0.2538091838359833,0.5350838899612427,0.927007299270073,0.7352941176470589
2,2,78,0.24765020608901978,0.534967303276062,0.927007299270073,0.7352941176470589
2,2,79,0.24168089032173157,0.5365177392959595,0.9343065693430657,0.7352941176470589
2,2,80,0.23589183390140533,0.5416844487190247,0.948905109489051,0.7352941176470589
2,2,81,0.2303675264120102,0.5504164099693298,0.948905109489051,0.7352941176470589
2,2,82,0.22519458830356598,0.5614652037620544,0.9416058394160584,0.7352941176470589
2,2,83,0.220325767993927,0.5731756687164307,0.9416058394160584,0.7352941176470589
2,2,84,0.21563401818275452,0.5841004252433777,0.9416058394160584,0.7352941176470589
2,2,85,0.2111486792564392,0.5932564735412598,0.9562043795620438,0.7352941176470589
2,2,86,0.20684385299682617,0.6010284423828125,0.9635036496350365,0.7352941176470589
2,2,87,0.202779620885849,0.6088887453079224,0.9708029197080292,0.7352941176470589
2,2,88,0.19893629848957062,0.6180707216262817,0.9708029197080292,0.7352941176470589
2,2,89,0.19531643390655518,0.6298663020133972,0.9781021897810219,0.7352941176470589
2,2,90,0.19184891879558563,0.6465301513671875,0.9854014598540146,0.7352941176470589
2,2,91,0.18856088817119598,0.6656701564788818,0.9927007299270073,0.7352941176470589
2,2,92,0.18545858561992645,0.6836887001991272,0.9927007299270073,0.7352941176470589
2,2,93,0.1823408305644989,0.6974378228187561,1.0,0.7352941176470589
2,2,94,0.1793067306280136,0.7080025672912598,1.0,0.7352941176470589
2,2,95,0.17652776837348938,0.7167832255363464,1.0,0.7352941176470589
2,2,96,0.1739148646593094,0.7318196296691895,1.0,0.7352941176470589
2,2,97,0.17132532596588135,0.7532769441604614,1.0,0.7352941176470589
2,2,98,0.16889607906341553,0.7736251950263977,1.0,0.7352941176470589
2,2,99,0.16628240048885345,0.7822823524475098,1.0,0.7352941176470589
2,2,100,0.1639637053012848,0.7938929796218872,1.0,0.7352941176470589
2,3,1,0.6953263878822327,0.6954925656318665,0.2773722627737226,0.2647058823529412
2,3,2,0.6898043751716614,0.6897040009498596,0.7226277372262774,0.7352941176470589
2,3,3,0.6840580701828003,0.6836885213851929,0.7226277372262774,0.7352941176470589
2,3,4,0.6784169673919678,0.677771270275116,0.7226277372262774,0.7352941176470589
2,3,5,0.6725522875785828,0.6716493964195251,0.7226277372262774,0.7352941176470589
2,3,6,0.6660528182983398,0.6648973822593689,0.7226277372262774,0.7352941176470589
2,3,7,0.6586629748344421,0.6572396755218506,0.7226277372262774,0.7352941176470589
2,3,8,0.6504412889480591,0.648730456829071,0.7226277372262774,0.7352941176470589
2,3,9,0.641433835029602,0.6394256949424744,0.7226277372262774,0.7352941176470589
2,3,10,0.6317745447158813,0.6294582486152649,0.7226277372262774,0.7352941176470589
2,3,11,0.6217615008354187,0.619132936000824,0.7226277372262774,0.7352941176470589
2,3,12,0.6116939783096313,0.6087673306465149,0.7226277372262774,0.7352941176470589
2,3,13,0.602003812789917,0.5988187193870544,0.7226277372262774,0.7352941176470589
2,3,14,0.5931662917137146,0.5897977352142334,0.7226277372262774,0.7352941176470589
2,3,15,0.5857070684432983,0.5822482705116272,0.7226277372262774,0.7352941176470589
2,3,16,0.5801243185997009,0.5767233371734619,0.7226277372262774,0.7352941176470589
2,3,17,0.5767173171043396,0.5735698342323303,0.7226277372262774,0.7352941176470589
2,3,18,0.5755448341369629,0.5728775262832642,0.7226277372262774,0.7352941176470589
2,3,19,0.5760889053344727,0.5741473436355591,0.7226277372262774,0.7352941176470589
2,3,20,0.577177107334137,0.5762352347373962,0.7226277372262774,0.7352941176470589
2,3,21,0.5776512026786804,0.5779486298561096,0.7226277372262774,0.7352941176470589
2,3,22,0.5768718719482422,0.5785773992538452,0.7226277372262774,0.7352941176470589
2,3,23,0.5745906829833984,0.5778199434280396,0.7226277372262774,0.7352941176470589
2,3,24,0.5711916089057922,0.5760214328765869,0.7226277372262774,0.7352941176470589
2,3,25,0.5671555399894714,0.5736086368560791,0.7226277372262774,0.7352941176470589
2,3,26,0.5628937482833862,0.5709629058837891,0.7226277372262774,0.7352941176470589
2,3,27,0.5588648915290833,0.568511962890625,0.7226277372262774,0.7352941176470589
2,3,28,0.5552884936332703,0.5664880871772766,0.7226277372262774,0.7352941176470589
2,3,29,0.552196741104126,0.5649489164352417,0.7226277372262774,0.7352941176470589
2,3,30,0.5495333671569824,0.5638518929481506,0.7226277372262774,0.7352941176470589
2,3,31,0.5471372008323669,0.5630620718002319,0.7226277372262774,0.7352941176470589
2,3,32,0.544870138168335,0.5624409914016724,0.7226277372262774,0.7352941176470589
2,3,33,0.5425294637680054,0.5618305206298828,0.7226277372262774,0.7352941176470589
2,3,34,0.5399741530418396,0.5611181259155273,0.7226277372262774,0.7352941176470589
2,3,35,0.5370813012123108,0.560218095779419,0.7226277372262774,0.7352941176470589
2,3,36,0.533797562122345,0.5590800046920776,0.7226277372262774,0.7352941176470589
2,3,37,0.5301151871681213,0.5577128529548645,0.7226277372262774,0.7352941176470589
2,3,38,0.5260419845581055,0.5561443567276001,0.7226277372262774,0.7352941176470589
2,3,39,0.5216027498245239,0.5544207096099854,0.7226277372262774,0.7352941176470589
2,3,40,0.5168649554252625,0.5526177883148193,0.7226277372262774,0.7352941176470589
2,3,41,0.5118658542633057,0.5507853627204895,0.7226277372262774,0.7352941176470589
2,3,42,0.5065942406654358,0.5489293336868286,0.7226277372262774,0.7352941176470589
2,3,43,0.5011268854141235,0.5470796227455139,0.7226277372262774,0.7352941176470589
2,3,44,0.4954315423965454,0.5452303886413574,0.7226277372262774,0.7352941176470589
2,3,45,0.489450603723526,0.5433101058006287,0.7226277372262774,0.7352941176470589
2,3,46,0.483184814453125,0.5412645936012268,0.7226277372262774,0.7352941176470589
2,3,47,0.4765542447566986,0.5390112400054932,0.7226277372262774,0.7352941176470589
2,3,48,0.46950146555900574,0.536474347114563,0.7226277372262774,0.7352941176470589
2,3,49,0.462088018655777,0.5336704254150391,0.7226277372262774,0.7352941176470589
2,3,50,0.45436203479766846,0.5306485295295715,0.7226277372262774,0.7352941176470589
2,3,51,0.44638386368751526,0.5274770855903625,0.7226277372262774,0.7352941176470589
2,3,52,0.4381643831729889,0.5242059230804443,0.7226277372262774,0.7352941176470589
2,3,53,0.4298091232776642,0.5209438800811768,0.7226277372262774,0.7352941176470589
2,3,54,0.4213261604309082,0.5177717208862305,0.7226277372262774,0.7352941176470589
2,3,55,0.41273611783981323,0.5147923827171326,0.7226277372262774,0.7352941176470589
2,3,56,0.4040510356426239,0.5120511651039124,0.7226277372262774,0.7352941176470589
2,3,57,0.3952719569206238,0.5095632672309875,0.7226277372262774,0.7352941176470589
2,3,58,0.3864341974258423,0.5074324607849121,0.7226277372262774,0.7352941176470589
2,3,59,0.3776187300682068,0.5057656764984131,0.7226277372262774,0.7352941176470589
2,3,60,0.36888962984085083,0.5046454071998596,0.7226277372262774,0.7352941176470589
2,3,61,0.36031848192214966,0.5040755867958069,0.7226277372262774,0.7352941176470589
2,3,62,0.351936012506485,0.5040630102157593,0.7226277372262774,0.7352941176470589
2,3,63,0.3437904417514801,0.5046051144599915,0.7226277372262774,0.7352941176470589
2,3,64,0.335844486951828,0.5055473446846008,0.7226277372262774,0.7352941176470589
2,3,65,0.32805728912353516,0.5067601799964905,0.7226277372262774,0.7352941176470589
2,3,66,0.32041841745376587,0.50808185338974,0.7226277372262774,0.7352941176470589
2,3,67,0.31290769577026367,0.5095028877258301,0.7226277372262774,0.7352941176470589
2,3,68,0.3055342435836792,0.5110700726509094,0.7226277372262774,0.7352941176470589
2,3,69,0.298286110162735,0.5127989649772644,0.7226277372262774,0.7352941176470589
2,3,70,0.2911687195301056,0.5148506164550781,0.7226277372262774,0.7352941176470589
2,3,71,0.2841506004333496,0.5172296166419983,0.781021897810219,0.7352941176470589
2,3,72,0.27720773220062256,0.5200468301773071,0.8978102189781022,0.7941176470588235
2,3,73,0.27036580443382263,0.5231842994689941,0.9124087591240876,0.8235294117647058
2,3,74,0.2636154592037201,0.5265599489212036,0.9197080291970803,0.8235294117647058
2,3,75,0.2569429874420166,0.5299780368804932,0.927007299270073,0.8529411764705882
2,3,76,0.250390887260437,0.5337843894958496,0.9343065693430657,0.8529411764705882
2,3,77,0.24399153888225555,0.5378352999687195,0.9343065693430657,0.8529411764705882
2,3,78,0.23780393600463867,0.542102575302124,0.9343065693430657,0.8529411764705882
2,3,79,0.23183594644069672,0.546410858631134,0.9416058394160584,0.8529411764705882
2,3,80,0.22611545026302338,0.5511369705200195,0.948905109489051,0.8529411764705882
2,3,81,0.22063668072223663,0.5565627217292786,0.9635036496350365,0.8529411764705882
2,3,82,0.21540440618991852,0.5630550384521484,0.9635036496350365,0.8529411764705882
2,3,83,0.2104201763868332,0.5705569982528687,0.9781021897810219,0.8529411764705882
2,3,84,0.20573921501636505,0.5780472755432129,0.9781021897810219,0.8529411764705882
2,3,85,0.20136450231075287,0.5855792760848999,0.9781021897810219,0.8529411764705882
2,3,86,0.197250097990036,0.5931759476661682,0.9781021897810219,0.8529411764705882
2,3,87,0.1933678388595581,0.600630521774292,0.9781021897810219,0.8529411764705882
2,3,88,0.18962836265563965,0.6080727577209473,0.9854014598540146,0.8529411764705882
2,3,89,0.18601350486278534,0.6144735217094421,1.0,0.8529411764705882
2,3,90,0.1825529783964157,0.6218020915985107,1.0,0.8529411764705882
2,3,91,0.17925377190113068,0.6316990852355957,1.0,0.8529411764705882
2,3,92,0.17616301774978638,0.643551766872406,1.0,0.8235294117647058
2,3,93,0.17319577932357788,0.6555768251419067,1.0,0.8235294117647058
2,3,94,0.17010319232940674,0.6631751656532288,1.0,0.8235294117647058
2,3,95,0.1672748625278473,0.6706094741821289,1.0,0.8235294117647058
2,3,96,0.16455745697021484,0.6797444224357605,1.0,0.8235294117647058
2,3,97,0.16188271343708038,0.6882284879684448,1.0,0.8235294117647058
2,3,98,0.15920719504356384,0.6971597075462341,1.0,0.8235294117647058
2,3,99,0.15659476816654205,0.7089088559150696,1.0,0.7941176470588235
2,3,100,0.15380778908729553,0.7152677178382874,1.0,0.8235294117647058
2,4,1,0.6902631521224976,0.6901242733001709,0.7226277372262774,0.7352941176470589
2,4,2,0.6847537755966187,0.6843304634094238,0.7226277372262774,0.7352941176470589
2,4,3,0.6790673136711121,0.6783542633056641,0.7226277372262774,0.7352941176470589
2,4,4,0.6732005476951599,0.6721891760826111,0.7226277372262774,0.7352941176470589
2,4,5,0.6672191619873047,0.6659004092216492,0.7226277372262774,0.7352941176470589
2,4,6,0.6608031988143921,0.6591845154762268,0.7226277372262774,0.7352941176470589
2,4,7,0.6536462306976318,0.651705265045166,0.7226277372262774,0.7352941176470589
2,4,8,0.6456972360610962,0.6434000134468079,0.7226277372262774,0.7352941176470589
2,4,9,0.6370750665664673,0.6343851685523987,0.7226277372262774,0.7352941176470589
2,4,10,0.6279560327529907,0.6248408555984497,0.7226277372262774,0.7352941176470589
2,4,11,0.6185410618782043,0.6149805784225464,0.7226277372262774,0.7352941176470589
2,4,12,0.6091549396514893,0.6051300168037415,0.7226277372262774,0.7352941176470589
2,4,13,0.6001659631729126,0.5956807136535645,0.7226277372262774,0.7352941176470589
2,4,14,0.5920902490615845,0.5871662497520447,0.7226277372262774,0.7352941176470589
2,4,15,0.5853729248046875,0.5800595283508301,0.7226277372262774,0.7352941176470589
2,4,16,0.5804842114448547,0.574887216091156,0.7226277372262774,0.7352941176470589
2,4,17,0.5776938199996948,0.5719538331031799,0.7226277372262774,0.7352941176470589
2,4,18,0.5769132971763611,0.5712315440177917,0.7226277372262774,0.7352941176470589
2,4,19,0.5775405764579773,0.5721805095672607,0.7226277372262774,0.7352941176470589
2,4,20,0.5785102248191833,0.5737337470054626,0.7226277372262774,0.7352941176470589
2,4,21,0.5787721276283264,0.5748229622840881,0.7226277372262774,0.7352941176470589
2,4,22,0.577761709690094,0.5748437643051147,0.7226277372262774,0.7352941176470589
2,4,23,0.5755499601364136,0.5738230347633362,0.7226277372262774,0.7352941176470589
2,4,24,0.5723574757575989,0.5718914270401001,0.7226277372262774,0.7352941176470589
2,4,25,0.5686652064323425,0.5694841742515564,0.7226277372262774,0.7352941176470589
2,4,26,0.5648300051689148,0.566943347454071,0.7226277372262774,0.7352941176470589
2,4,27,0.5611936450004578,0.564612090587616,0.7226277372262774,0.7352941176470589
2,4,28,0.5579783916473389,0.562667965888977,0.7226277372262774,0.7352941176470589
2,4,29,0.5552021861076355,0.5611380338668823,0.7226277372262774,0.7352941176470589
2,4,30,0.5527846217155457,0.5599507689476013,0.7226277372262774,0.7352941176470589
2,4,31,0.5505850911140442,0.5589836239814758,0.7226277372262774,0.7352941176470589
2,4,32,0.5484644770622253,0.5581184029579163,0.7226277372262774,0.7352941176470589
2,4,33,0.5462801456451416,0.5572304129600525,0.7226277372262774,0.7352941176470589
2,4,34,0.5438930988311768,0.556204617023468,0.7226277372262774,0.7352941176470589
2,4,35,0.5412104725837708,0.5549755096435547,0.7226277372262774,0.7352941176470589
2,4,36,0.5381770133972168,0.5535022020339966,0.7226277372262774,0.7352941176470589
2,4,37,0.5348115563392639,0.5518109798431396,0.7226277372262774,0.7352941176470589
2,4,38,0.531098484992981,0.5499046444892883,0.7226277372262774,0.7352941176470589
2,4,39,0.5270324349403381,0.547796368598938,0.7226277372262774,0.7352941176470589
2,4,40,0.522667407989502,0.5455488562583923,0.7226277372262774,0.7352941176470589
2,4,41,0.5180616974830627,0.5432164669036865,0.7226277372262774,0.7352941176470589
2,4,42,0.5132519602775574,0.5408427119255066,0.7226277372262774,0.7352941176470589
2,4,43,0.5082377791404724,0.5384233593940735,0.7226277372262774,0.7352941176470589
2,4,44,0.5030001997947693,0.535921573638916,0.7226277372262774,0.7352941176470589
2,4,45,0.49750447273254395,0.5332981944084167,0.7226277372262774,0.7352941176470589
2,4,46,0.4917146861553192,0.5305017828941345,0.7226277372262774,0.7352941176470589
2,4,47,0.48558321595191956,0.5274606347084045,0.7226277372262774,0.7352941176470589
2,4,48,0.479112446308136,0.5241231322288513,0.7226277372262774,0.7352941176470589
2,4,49,0.47231408953666687,0.5204558372497559,0.7226277372262774,0.7352941176470589
2,4,50,0.4652708172798157,0.5164932608604431,0.7226277372262774,0.7352941176470589
2,4,51,0.458034485578537,0.5122881531715393,0.7226277372262774,0.7352941176470589
2,4,52,0.45063599944114685,0.5079039335250854,0.7226277372262774,0.7352941176470589
2,4,53,0.4431372880935669,0.5033245086669922,0.7226277372262774,0.7352941176470589
2,4,54,0.43553364276885986,0.4986306428909302,0.7226277372262774,0.7352941176470589
2,4,55,0.42781323194503784,0.49395594000816345,0.7226277372262774,0.7352941176470589
2,4,56,0.4200199544429779,0.489313006401062,0.7226277372262774,0.7352941176470589
2,4,57,0.4121612310409546,0.4847750961780548,0.7226277372262774,0.7352941176470589
2,4,58,0.4042322039604187,0.4803324341773987,0.7226277372262774,0.7352941176470589
2,4,59,0.39624351263046265,0.4761032164096832,0.7226277372262774,0.7352941176470589
2,4,60,0.3882092535495758,0.47214430570602417,0.7226277372262774,0.7352941176470589
2,4,61,0.380174845457077,0.46833711862564087,0.7226277372262774,0.7352941176470589
2,4,62,0.3721388876438141,0.46478843688964844,0.7226277372262774,0.7352941176470589
2,4,63,0.3641142249107361,0.46147024631500244,0.7226277372262774,0.7352941176470589
2,4,64,0.35612353682518005,0.458384245634079,0.7226277372262774,0.7352941176470589
2,4,65,0.34821146726608276,0.45546627044677734,0.7226277372262774,0.7352941176470589
2,4,66,0.3403339684009552,0.45266488194465637,0.7226277372262774,0.7352941176470589
2,4,67,0.3325151801109314,0.4498899281024933,0.7226277372262774,0.7352941176470589
2,4,68,0.3247341513633728,0.4474271833896637,0.7226277372262774,0.7352941176470589
2,4,69,0.3169954717159271,0.4451121687889099,0.7299270072992701,0.7352941176470589
2,4,70,0.3092736303806305,0.4431062638759613,0.8467153284671532,0.7352941176470589
2,4,71,0.3015618622303009,0.44179457426071167,0.8759124087591241,0.7647058823529411
2,4,72,0.29387611150741577,0.44102147221565247,0.8978102189781022,0.7647058823529411
2,4,73,0.2862549424171448,0.44088175892829895,0.8978102189781022,0.7647058823529411
2,4,74,0.27869170904159546,0.4410654902458191,0.9051094890510949,0.7647058823529411
2,4,75,0.27120310068130493,0.4412687122821808,0.9124087591240876,0.7647058823529411
2,4,76,0.26384663581848145,0.4417895972728729,0.9124087591240876,0.7647058823529411
2,4,77,0.25658783316612244,0.44232213497161865,0.9197080291970803,0.7647058823529411
2,4,78,0.24958455562591553,0.4433465301990509,0.927007299270073,0.7941176470588235
2,4,79,0.24284875392913818,0.4452771842479706,0.9343065693430657,0.7941176470588235
2,4,80,0.2362886369228363,0.4490874111652374,0.948905109489051,0.7647058823529411
2,4,81,0.23004834353923798,0.45526617765426636,0.948905109489051,0.7647058823529411
2,4,82,0.22426682710647583,0.4632272720336914,0.9562043795620438,0.7647058823529411
2,4,83,0.21889056265354156,0.471264511346817,0.9562043795620438,0.7647058823529411
2,4,84,0.21369104087352753,0.478251576423645,0.948905109489051,0.7647058823529411
2,4,85,0.20863981544971466,0.48362332582473755,0.9562043795620438,0.7647058823529411
2,4,86,0.20384493470191956,0.4889340102672577,0.9781021897810219,0.7647058823529411
2,4,87,0.19924987852573395,0.4961409270763397,0.9854014598540146,0.7647058823529411
2,4,88,0.1948270946741104,0.5049208998680115,0.9854014598540146,0.7647058823529411
2,4,89,0.19050723314285278,0.5156262516975403,0.9927007299270073,0.7647058823529411
2,4,90,0.18647101521492004,0.5228658318519592,0.9927007299270073,0.7647058823529411
2,4,91,0.18259933590888977,0.5321710109710693,1.0,0.7647058823529411
2,4,92,0.17880257964134216,0.5438464879989624,1.0,0.7647058823529411
2,4,93,0.17507623136043549,0.558928906917572,1.0,0.7647058823529411
2,4,94,0.1716149002313614,0.5737926363945007,1.0,0.7647058823529411
2,4,95,0.1681835800409317,0.5832481384277344,1.0,0.7647058823529411
2,4,96,0.16484566032886505,0.5909473299980164,1.0,0.7647058823529411
2,4,97,0.16175797581672668,0.5913816094398499,1.0,0.7647058823529411
2,4,98,0.1586819738149643,0.5981366038322449,1.0,0.7647058823529411
2,4,99,0.15547314286231995,0.6146413683891296,1.0,0.7647058823529411
2,4,100,0.15228703618049622,0.6258456110954285,1.0,0.7647058823529411
2,5,1,0.6955029964447021,0.6952953338623047,0.27007299270072993,0.29411764705882354
2,5,2,0.6904798746109009,0.6908360123634338,0.7299270072992701,0.7058823529411765
2,5,3,0.6851491332054138,0.6861385703086853,0.7299270072992701,0.7058823529411765
2,5,4,0.6793882250785828,0.6810929179191589,0.7299270072992701,0.7058823529411765
2,5,5,0.6732739210128784,0.6757791638374329,0.7299270072992701,0.7058823529411765
2,5,6,0.6662250757217407,0.6697342991828918,0.7299270072992701,0.7058823529411765
2,5,7,0.6582164764404297,0.6629403829574585,0.7299270072992701,0.7058823529411765
2,5,8,0.6493024826049805,0.6554761528968811,0.7299270072992701,0.7058823529411765
2,5,9,0.6395472288131714,0.6474485993385315,0.7299270072992701,0.7058823529411765
2,5,10,0.6290811896324158,0.6390183568000793,0.7299270072992701,0.7058823529411765
2,5,11,0.6181454658508301,0.6304785013198853,0.7299270072992701,0.7058823529411765
2,5,12,0.6070085167884827,0.6221493482589722,0.7299270072992701,0.7058823529411765
2,5,13,0.5962570905685425,0.614629864692688,0.7299270072992701,0.7058823529411765
2,5,14,0.5864656567573547,0.6085264682769775,0.7299270072992701,0.7058823529411765
2,5,15,0.5782437920570374,0.6044532656669617,0.7299270072992701,0.7058823529411765
2,5,16,0.5721257328987122,0.6029408574104309,0.7299270072992701,0.7058823529411765
2,5,17,0.568501353263855,0.6042903065681458,0.7299270072992701,0.7058823529411765
2,5,18,0.5673788189888,0.6083238124847412,0.7299270072992701,0.7058823529411765
2,5,19,0.5680585503578186,0.6140187382698059,0.7299270072992701,0.7058823529411765
2,5,20,0.5695093274116516,0.6200604438781738,0.7299270072992701,0.7058823529411765
2,5,21,0.570311427116394,0.6245909333229065,0.7299270072992701,0.7058823529411765
2,5,22,0.5697644352912903,0.6268858313560486,0.7299270072992701,0.7058823529411765
2,5,23,0.5674911141395569,0.6265236139297485,0.7299270072992701,0.7058823529411765
2,5,24,0.5638658404350281,0.6239312887191772,0.7299270072992701,0.7058823529411765
2,5,25,0.5593206286430359,0.6197659969329834,0.7299270072992701,0.7058823529411765
2,5,26,0.5545288920402527,0.6149612665176392,0.7299270072992701,0.7058823529411765
2,5,27,0.5499525666236877,0.6100095510482788,0.7299270072992701,0.7058823529411765
2,5,28,0.5459204316139221,0.6055452823638916,0.7299270072992701,0.7058823529411765
2,5,29,0.5424358248710632,0.6016973257064819,0.7299270072992701,0.7058823529411765
2,5,30,0.5394561886787415,0.5985668301582336,0.7299270072992701,0.7058823529411765
2,5,31,0.5368723273277283,0.5960870981216431,0.7299270072992701,0.7058823529411765
2,5,32,0.5344371795654297,0.5941252112388611,0.7299270072992701,0.7058823529411765
2,5,33,0.5319586992263794,0.5925612449645996,0.7299270072992701,0.7058823529411765
2,5,34,0.5292209386825562,0.5912443995475769,0.7299270072992701,0.7058823529411765
2,5,35,0.5261532068252563,0.5900277495384216,0.7299270072992701,0.7058823529411765
2,5,36,0.5226624011993408,0.5888781547546387,0.7299270072992701,0.7058823529411765
2,5,37,0.5187419652938843,0.5877586603164673,0.7299270072992701,0.7058823529411765
2,5,38,0.514378547668457,0.5866885781288147,0.7299270072992701,0.7058823529411765
2,5,39,0.5096015334129333,0.5857097506523132,0.7299270072992701,0.7058823529411765
2,5,40,0.5045028924942017,0.5848246812820435,0.7299270072992701,0.7058823529411765
2,5,41,0.4990788400173187,0.584045946598053,0.7299270072992701,0.7058823529411765
2,5,42,0.49344879388809204,0.583384096622467,0.7299270072992701,0.7058823529411765
2,5,43,0.48762187361717224,0.5827973484992981,0.7299270072992701,0.7058823529411765
2,5,44,0.48157939314842224,0.5821460485458374,0.7299270072992701,0.7058823529411765
2,5,45,0.475267618894577,0.5813333988189697,0.7299270072992701,0.7058823529411765
2,5,46,0.46863311529159546,0.5801711678504944,0.7299270072992701,0.7058823529411765
2,5,47,0.46161845326423645,0.5785055160522461,0.7299270072992701,0.7058823529411765
2,5,48,0.45420998334884644,0.5762463808059692,0.7299270072992701,0.7058823529411765
2,5,49,0.4464624524116516,0.5735085010528564,0.7299270072992701,0.7058823529411765
2,5,50,0.4384597837924957,0.5702862739562988,0.7299270072992701,0.7058823529411765
2,5,51,0.43035998940467834,0.5668185949325562,0.7299270072992701,0.7058823529411765
2,5,52,0.4222257137298584,0.5632746815681458,0.7299270072992701,0.7058823529411765
2,5,53,0.4140315353870392,0.5597103238105774,0.7299270072992701,0.7058823529411765
2,5,54,0.40577447414398193,0.5564261674880981,0.7299270072992701,0.7058823529411765
2,5,55,0.39750826358795166,0.5534031987190247,0.7299270072992701,0.7058823529411765
2,5,56,0.3892448842525482,0.5507623553276062,0.7299270072992701,0.7058823529411765
2,5,57,0.3810032308101654,0.5484420657157898,0.7299270072992701,0.7058823529411765
2,5,58,0.3728153109550476,0.546485960483551,0.7299270072992701,0.7058823529411765
2,5,59,0.3646591007709503,0.5448377132415771,0.7299270072992701,0.7058823529411765
2,5,60,0.3565573990345001,0.5434536933898926,0.7372262773722628,0.7058823529411765
2,5,61,0.34850484132766724,0.5424029231071472,0.7445255474452555,0.7058823529411765
2,5,62,0.34050658345222473,0.5416225790977478,0.8029197080291971,0.7058823529411765
2,5,63,0.3325866460800171,0.5410638451576233,0.8394160583941606,0.7058823529411765
2,5,64,0.3247181177139282,0.5406754612922668,0.8540145985401459,0.7058823529411765
2,5,65,0.31686651706695557,0.5400196313858032,0.8613138686131386,0.7352941176470589
2,5,66,0.3090120851993561,0.5390912294387817,0.8759124087591241,0.7352941176470589
2,5,67,0.3011482357978821,0.5377357006072998,0.8759124087591241,0.7352941176470589
2,5,68,0.2933655381202698,0.536388635635376,0.8832116788321168,0.7352941176470589
2,5,69,0.28575053811073303,0.535193681716919,0.8832116788321168,0.7647058823529411
2,5,70,0.2782810926437378,0.5346341729164124,0.8905109489051095,0.7647058823529411
2,5,71,0.2709696292877197,0.5347957611083984,0.9051094890510949,0.7647058823529411
2,5,72,0.2637784481048584,0.5361785292625427,0.9124087591240876,0.7647058823529411
2,5,73,0.25673195719718933,0.5389703512191772,0.927007299270073,0.7647058823529411
2,5,74,0.24992601573467255,0.542383074760437,0.9416058394160584,0.7647058823529411
2,5,75,0.24338208138942719,0.5473907589912415,0.9416058394160584,0.7647058823529411
2,5,76,0.23709116876125336,0.5528018474578857,0.9416058394160584,0.7647058823529411
2,5,77,0.23108206689357758,0.5592055320739746,0.9416058394160584,0.7647058823529411
2,5,78,0.2252371460199356,0.5644800662994385,0.9416058394160584,0.7647058823529411
2,5,79,0.2194926142692566,0.5684061646461487,0.948905109489051,0.7647058823529411
2,5,80,0.21392856538295746,0.5716872811317444,0.9562043795620438,0.7647058823529411
2,5,81,0.20860156416893005,0.5761726498603821,0.9635036496350365,0.7647058823529411
2,5,82,0.20355166494846344,0.5807541012763977,0.9635036496350365,0.7647058823529411
2,5,83,0.19871975481510162,0.5875855684280396,0.9708029197080292,0.7647058823529411
2,5,84,0.19408059120178223,0.5963025093078613,0.9854014598540146,0.7647058823529411
2,5,85,0.18960870802402496,0.6086860299110413,0.9854014598540146,0.7647058823529411
2,5,86,0.18543589115142822,0.623171865940094,0.9854014598540146,0.7647058823529411
2,5,87,0.18157273530960083,0.6368682980537415,0.9854014598540146,0.7647058823529411
2,5,88,0.17791840434074402,0.6513610482215881,0.9854014598540146,0.7647058823529411
2,5,89,0.17436939477920532,0.6626663208007812,0.9854014598540146,0.7647058823529411
2,5,90,0.170949786901474,0.6726264357566833,0.9927007299270073,0.7352941176470589
2,5,91,0.16776546835899353,0.680329442024231,0.9927007299270073,0.7352941176470589
2,5,92,0.16484226286411285,0.6793447136878967,1.0,0.7647058823529411
2,5,93,0.161854088306427,0.6827587485313416,1.0,0.7647058823529411
2,5,94,0.15878212451934814,0.6915274262428284,1.0,0.7647058823529411
2,5,95,0.1559220552444458,0.6984958648681641,1.0,0.7647058823529411
2,5,96,0.15309488773345947,0.7067594528198242,1.0,0.7647058823529411
2,5,97,0.15014903247356415,0.7193287014961243,1.0,0.7647058823529411
2,5,98,0.1472463756799698,0.7327725887298584,1.0,0.7647058823529411
2,5,99,0.1445242017507553,0.7390307188034058,1.0,0.7647058823529411
2,5,100,0.14176642894744873,0.7466912865638733,1.0,0.7647058823529411
3,1,1,0.6951308846473694,0.6950459480285645,0.27205882352941174,0.2857142857142857
3,1,2,0.6889417767524719,0.6892789602279663,0.7279411764705882,0.7142857142857143
3,1,3,0.6824131011962891,0.6832297444343567,0.7279411764705882,0.7142857142857143
3,1,4,0.6757169365882874,0.6770378947257996,0.7279411764705882,0.7142857142857143
3,1,5,0.6690245270729065,0.6708997488021851,0.7279411764705882,0.7142857142857143
3,1,6,0.6616557836532593,0.6642095446586609,0.7279411764705882,0.7142857142857143
3,1,7,0.6533946394920349,0.656781017780304,0.7279411764705882,0.7142857142857143
3,1,8,0.6442767977714539,0.6486631631851196,0.7279411764705882,0.7142857142857143
3,1,9,0.6344528198242188,0.6400279998779297,0.7279411764705882,0.7142857142857143
3,1,10,0.6241684556007385,0.6311432719230652,0.7279411764705882,0.7142857142857143
3,1,11,0.6137225031852722,0.622330904006958,0.7279411764705882,0.7142857142857143
3,1,12,0.6034253835678101,0.6139587163925171,0.7279411764705882,0.7142857142857143
3,1,13,0.5937618613243103,0.6065264940261841,0.7279411764705882,0.7142857142857143
3,1,14,0.5852932929992676,0.6006092429161072,0.7279411764705882,0.7142857142857143
3,1,15,0.5785980224609375,0.5967953205108643,0.7279411764705882,0.7142857142857143
3,1,16,0.5741602182388306,0.5955386757850647,0.7279411764705882,0.7142857142857143
3,1,17,0.5721136927604675,0.5969294309616089,0.7279411764705882,0.7142857142857143
3,1,18,0.5721573233604431,0.6005163192749023,0.7279411764705882,0.7142857142857143
3,1,19,0.5733769536018372,0.6051269769668579,0.7279411764705882,0.7142857142857143
3,1,20,0.5745307803153992,0.609307587146759,0.7279411764705882,0.7142857142857143
3,1,21,0.5744163393974304,0.6116492748260498,0.7279411764705882,0.7142857142857143
3,1,22,0.5727574825286865,0.6118472218513489,0.7279411764705882,0.7142857142857143
3,1,23,0.569672703742981,0.610104501247406,0.7279411764705882,0.7142857142857143
3,1,24,0.5657275915145874,0.607080340385437,0.7279411764705882,0.7142857142857143
3,1,25,0.5613246560096741,0.6032414436340332,0.7279411764705882,0.7142857142857143
3,1,26,0.5569990277290344,0.5992621183395386,0.7279411764705882,0.7142857142857143
3,1,27,0.5531235933303833,0.595596969127655,0.7279411764705882,0.7142857142857143
3,1,28,0.5498231053352356,0.5924921631813049,0.7279411764705882,0.7142857142857143
3,1,29,0.5470983386039734,0.5900246500968933,0.7279411764705882,0.7142857142857143
3,1,30,0.5447888374328613,0.5881104469299316,0.7279411764705882,0.7142857142857143
3,1,31,0.5427095293998718,0.5866414904594421,0.7279411764705882,0.7142857142857143
3,1,32,0.5406497716903687,0.5854717493057251,0.7279411764705882,0.7142857142857143
3,1,33,0.5384169220924377,0.5844547748565674,0.7279411764705882,0.7142857142857143
3,1,34,0.5358814597129822,0.5834805369377136,0.7279411764705882,0.7142857142857143
3,1,35,0.532964289188385,0.5824804306030273,0.7279411764705882,0.7142857142857143
3,1,36,0.5296155214309692,0.5814298391342163,0.7279411764705882,0.7142857142857143
3,1,37,0.5258710980415344,0.5803254246711731,0.7279411764705882,0.7142857142857143
3,1,38,0.5217447876930237,0.5792074799537659,0.7279411764705882,0.7142857142857143
3,1,39,0.5172696709632874,0.5781269073486328,0.7279411764705882,0.7142857142857143
3,1,40,0.5125327706336975,0.577114999294281,0.7279411764705882,0.7142857142857143
3,1,41,0.5075886249542236,0.5761961340904236,0.7279411764705882,0.7142857142857143
3,1,42,0.5024673342704773,0.5753750801086426,0.7279411764705882,0.7142857142857143
3,1,43,0.4971730411052704,0.5745764374732971,0.7279411764705882,0.7142857142857143
3,1,44,0.49166467785835266,0.5737001895904541,0.7279411764705882,0.7142857142857143
3,1,45,0.4858807921409607,0.5726684331893921,0.7279411764705882,0.7142857142857143
3,1,46,0.47979310154914856,0.57138991355896,0.7279411764705882,0.7142857142857143
3,1,47,0.4733112156391144,0.5696946382522583,0.7279411764705882,0.7142857142857143
3,1,48,0.46640217304229736,0.5675011873245239,0.7279411764705882,0.7142857142857143
3,1,49,0.45908692479133606,0.5648416876792908,0.7279411764705882,0.7142857142857143
3,1,50,0.4514537751674652,0.561859130859375,0.7279411764705882,0.7142857142857143
3,1,51,0.4434848725795746,0.5585060715675354,0.7279411764705882,0.7142857142857143
3,1,52,0.4353029131889343,0.554885745048523,0.7279411764705882,0.7142857142857143
3,1,53,0.4269495904445648,0.551148533821106,0.7279411764705882,0.7142857142857143
3,1,54,0.4184388518333435,0.5475766658782959,0.7279411764705882,0.7142857142857143
3,1,55,0.40976861119270325,0.5442713499069214,0.7279411764705882,0.7142857142857143
3,1,56,0.40098366141319275,0.5411887764930725,0.7279411764705882,0.7142857142857143
3,1,57,0.3920774459838867,0.5384477972984314,0.7279411764705882,0.7142857142857143
3,1,58,0.38308513164520264,0.5361684560775757,0.7279411764705882,0.7142857142857143
3,1,59,0.37410295009613037,0.534480631351471,0.7279411764705882,0.7142857142857143
3,1,60,0.3652757704257965,0.5333335995674133,0.7279411764705882,0.7142857142857143
3,1,61,0.3566529154777527,0.5328322649002075,0.7279411764705882,0.7142857142857143
3,1,62,0.3483603894710541,0.5329815745353699,0.7279411764705882,0.7142857142857143
3,1,63,0.340385377407074,0.5335518717765808,0.7279411764705882,0.7142857142857143
3,1,64,0.33263376355171204,0.5342952609062195,0.7279411764705882,0.7142857142857143
3,1,65,0.3250270485877991,0.5347484946250916,0.7279411764705882,0.7142857142857143
3,1,66,0.3175455927848816,0.5348066687583923,0.7279411764705882,0.7142857142857143
3,1,67,0.3102438747882843,0.5349198579788208,0.7279411764705882,0.7142857142857143
3,1,68,0.30311259627342224,0.5351060032844543,0.7279411764705882,0.7142857142857143
3,1,69,0.2961382269859314,0.5352811813354492,0.7352941176470589,0.7142857142857143
3,1,70,0.28930601477622986,0.5354735255241394,0.8455882352941176,0.7428571428571429
3,1,71,0.2825263440608978,0.5359383821487427,0.9044117647058824,0.7428571428571429
3,1,72,0.275774747133255,0.5367047190666199,0.9117647058823529,0.7428571428571429
3,1,73,0.2690824568271637,0.5379424691200256,0.9191176470588235,0.7428571428571429
3,1,74,0.2624473571777344,0.5393308401107788,0.9191176470588235,0.7428571428571429
3,1,75,0.25592976808547974,0.5405032634735107,0.9264705882352942,0.7714285714285715
3,1,76,0.24955831468105316,0.5416202545166016,0.9264705882352942,0.7714285714285715
3,1,77,0.2433861792087555,0.5429193377494812,0.9264705882352942,0.7714285714285715
3,1,78,0.23746369779109955,0.5453226566314697,0.9485294117647058,0.7714285714285715
3,1,79,0.23177841305732727,0.5488426685333252,0.9558823529411765,0.7714285714285715
3,1,80,0.22632870078086853,0.553392767906189,0.9632352941176471,0.7714285714285715
3,1,81,0.2211439162492752,0.5602923035621643,0.9632352941176471,0.7714285714285715
3,1,82,0.21617412567138672,0.5680278539657593,0.9705882352941176,0.7714285714285715
3,1,83,0.21144558489322662,0.5772720575332642,0.9705882352941176,0.7714285714285715
3,1,84,0.2069481909275055,0.5857032537460327,0.9779411764705882,0.7714285714285715
3,1,85,0.20268036425113678,0.5928888320922852,0.9852941176470589,0.7714285714285715
3,1,86,0.19865497946739197,0.5992598533630371,0.9852941176470589,0.7714285714285715
3,1,87,0.19484452903270721,0.6052431464195251,0.9852941176470589,0.7714285714285715
3,1,88,0.19116535782814026,0.6104314923286438,0.9852941176470589,0.7714285714285715
3,1,89,0.187551811337471,0.6142147779464722,0.9926470588235294,0.7714285714285715
3,1,90,0.18398678302764893,0.6180351972579956,0.9926470588235294,0.7714285714285715
3,1,91,0.18045654892921448,0.6214486956596375,0.9926470588235294,0.7714285714285715
3,1,92,0.17698876559734344,0.6256701350212097,0.9926470588235294,0.7714285714285715
3,1,93,0.1735152155160904,0.6357099413871765,0.9926470588235294,0.7714285714285715
3,1,94,0.17013761401176453,0.6492027640342712,0.9926470588235294,0.7714285714285715
3,1,95,0.1668960303068161,0.6610363721847534,0.9926470588235294,0.7714285714285715
3,1,96,0.16361656785011292,0.6687419414520264,0.9926470588235294,0.7714285714285715
3,1,97,0.1603199541568756,0.6694114804267883,0.9926470588235294,0.7714285714285715
3,1,98,0.15724094212055206,0.6689069271087646,0.9926470588235294,0.7714285714285715
3,1,99,0.15427814424037933,0.668093204498291,0.9926470588235294,0.7714285714285715
3,1,100,0.15134932100772858,0.6699013710021973,1.0,0.7714285714285715
3,2,1,0.6869661808013916,0.6876468658447266,0.7299270072992701,0.7058823529411765
3,2,2,0.6821579933166504,0.683390200138092,0.7299270072992701,0.7058823529411765
3,2,3,0.6771064400672913,0.6789523959159851,0.7299270072992701,0.7058823529411765
3,2,4,0.6720736622810364,0.6745366454124451,0.7299270072992701,0.7058823529411765
3,2,5,0.6673079133033752,0.6703774333000183,0.7299270072992701,0.7058823529411765
3,2,6,0.662282407283783,0.6660577654838562,0.7299270072992701,0.7058823529411765
3,2,7,0.6564885973930359,0.661126971244812,0.7299270072992701,0.7058823529411765
3,2,8,0.6499171257019043,0.6555852293968201,0.7299270072992701,0.7058823529411765
3,2,9,0.6425882577896118,0.6494781970977783,0.7299270072992701,0.7058823529411765
3,2,10,0.6345849633216858,0.6429039239883423,0.7299270072992701,0.7058823529411765
3,2,11,0.6260237097740173,0.6360072493553162,0.7299270072992701,0.7058823529411765
3,2,12,0.6170597672462463,0.6289722323417664,0.7299270072992701,0.7058823529411765
3,2,13,0.6079297661781311,0.6220664381980896,0.7299270072992701,0.7058823529411765
3,2,14,0.5989323854446411,0.6156033873558044,0.7299270072992701,0.7058823529411765
3,2,15,0.5905146598815918,0.6100397109985352,0.7299270072992701,0.7058823529411765
3,2,16,0.5830376148223877,0.6057750582695007,0.7299270072992701,0.7058823529411765
3,2,17,0.577033519744873,0.6032935976982117,0.7299270072992701,0.7058823529411765
3,2,18,0.5728411674499512,0.6028940677642822,0.7299270072992701,0.7058823529411765
3,2,19,0.5706197023391724,0.604645311832428,0.7299270072992701,0.7058823529411765
3,2,20,0.5701793432235718,0.6082294583320618,0.7299270072992701,0.7058823529411765
3,2,21,0.5709807872772217,0.6128324866294861,0.7299270072992701,0.7058823529411765
3,2,22,0.5719345211982727,0.617034912109375,0.7299270072992701,0.7058823529411765
3,2,23,0.5721403360366821,0.6198394894599915,0.7299270072992701,0.7058823529411765
3,2,24,0.571230947971344,0.6209260821342468,0.7299270072992701,0.7058823529411765
3,2,25,0.5689513683319092,0.6199231147766113,0.7299270072992701,0.7058823529411765
3,2,26,0.565751314163208,0.6174970865249634,0.7299270072992701,0.7058823529411765
3,2,27,0.5619775652885437,0.6140723824501038,0.7299270072992701,0.7058823529411765
3,2,28,0.5581069588661194,0.6102996468544006,0.7299270072992701,0.7058823529411765
3,2,29,0.5544423460960388,0.6066141724586487,0.7299270072992701,0.7058823529411765
3,2,30,0.5511378049850464,0.6032565832138062,0.7299270072992701,0.7058823529411765
3,2,31,0.5482466816902161,0.600383996963501,0.7299270072992701,0.7058823529411765
3,2,32,0.5457338690757751,0.598049521446228,0.7299270072992701,0.7058823529411765
3,2,33,0.5434514284133911,0.5961415767669678,0.7299270072992701,0.7058823529411765
3,2,34,0.5412226915359497,0.5945623517036438,0.7299270072992701,0.7058823529411765
3,2,35,0.5389783382415771,0.5932460427284241,0.7299270072992701,0.7058823529411765
3,2,36,0.5365925431251526,0.5920754671096802,0.7299270072992701,0.7058823529411765
3,2,37,0.5339847803115845,0.5909848213195801,0.7299270072992701,0.7058823529411765
3,2,38,0.5310774445533752,0.5899407863616943,0.7299270072992701,0.7058823529411765
3,2,39,0.5278303623199463,0.5888932347297668,0.7299270072992701,0.7058823529411765
3,2,40,0.5242273807525635,0.5878439545631409,0.7299270072992701,0.7058823529411765
3,2,41,0.5203084349632263,0.5867782235145569,0.7299270072992701,0.7058823529411765
3,2,42,0.5160747170448303,0.5857171416282654,0.7299270072992701,0.7058823529411765
3,2,43,0.5115616917610168,0.5846676230430603,0.7299270072992701,0.7058823529411765
3,2,44,0.506755530834198,0.5836019515991211,0.7299270072992701,0.7058823529411765
3,2,45,0.5017176866531372,0.5825350284576416,0.7299270072992701,0.7058823529411765
3,2,46,0.49640926718711853,0.5813946723937988,0.7299270072992701,0.7058823529411765
3,2,47,0.49076998233795166,0.580122172832489,0.7299270072992701,0.7058823529411765
3,2,48,0.4848284125328064,0.5786367654800415,0.7299270072992701,0.7058823529411765
3,2,49,0.47856807708740234,0.5768824219703674,0.7299270072992701,0.7058823529411765
3,2,50,0.4719386398792267,0.5748144388198853,0.7299270072992701,0.7058823529411765
3,2,51,0.4649167060852051,0.5723975300788879,0.7299270072992701,0.7058823529411765
3,2,52,0.4575170874595642,0.5696090459823608,0.7299270072992701,0.7058823529411765
3,2,53,0.4497915506362915,0.5664854645729065,0.7299270072992701,0.7058823529411765
3,2,54,0.44176650047302246,0.5631124973297119,0.7299270072992701,0.7058823529411765
3,2,55,0.43347904086112976,0.5595539212226868,0.7299270072992701,0.7058823529411765
3,2,56,0.4250168204307556,0.5559542775154114,0.7299270072992701,0.7058823529411765
3,2,57,0.4164045453071594,0.5523991584777832,0.7299270072992701,0.7058823529411765
3,2,58,0.40756916999816895,0.5489837527275085,0.7299270072992701,0.7058823529411765
3,2,59,0.3985554575920105,0.5457563996315002,0.7299270072992701,0.7058823529411765
3,2,60,0.3894285261631012,0.5428444147109985,0.7299270072992701,0.7058823529411765
3,2,61,0.3802858293056488,0.5402830839157104,0.7299270072992701,0.7058823529411765
3,2,62,0.371201753616333,0.5381839275360107,0.7299270072992701,0.7058823529411765
3,2,63,0.36229488253593445,0.5363304018974304,0.7299270072992701,0.7058823529411765
3,2,64,0.3536076247692108,0.5348784327507019,0.7299270072992701,0.7058823529411765
3,2,65,0.34516143798828125,0.5335860848426819,0.7299270072992701,0.7058823529411765
3,2,66,0.3369409143924713,0.5325210094451904,0.7299270072992701,0.7058823529411765
3,2,67,0.3288702666759491,0.531316339969635,0.7299270072992701,0.7058823529411765
3,2,68,0.32097625732421875,0.529952883720398,0.7299270072992701,0.7058823529411765
3,2,69,0.3132483661174774,0.5286680459976196,0.7299270072992701,0.7058823529411765
3,2,70,0.30573418736457825,0.5274874567985535,0.7299270072992701,0.7058823529411765
3,2,71,0.29840487241744995,0.5266412496566772,0.7299270072992701,0.7058823529411765
3,2,72,0.29119664430618286,0.5260536670684814,0.7299270072992701,0.7058823529411765
3,2,73,0.2840748727321625,0.5256988406181335,0.7299270072992701,0.7058823529411765
3,2,74,0.27708667516708374,0.5257229804992676,0.7299270072992701,0.7058823529411765
3,2,75,0.27023789286613464,0.5262027382850647,0.7299270072992701,0.7058823529411765
3,2,76,0.2635737359523773,0.5270826816558838,0.7299270072992701,0.7058823529411765
3,2,77,0.2571350336074829,0.5282790064811707,0.7372262773722628,0.7058823529411765
3,2,78,0.2509576380252838,0.5302229523658752,0.9051094890510949,0.7058823529411765
3,2,79,0.24499817192554474,0.532319962978363,0.9124087591240876,0.7058823529411765
3,2,80,0.23931391537189484,0.5349573493003845,0.9343065693430657,0.7058823529411765
3,2,81,0.23382918536663055,0.5374811291694641,0.948905109489051,0.7352941176470589
3,2,82,0.2284851372241974,0.5391189455986023,0.948905109489051,0.7647058823529411
3,2,83,0.22330793738365173,0.5407242774963379,0.948905109489051,0.7647058823529411
3,2,84,0.21827059984207153,0.5413187742233276,0.9562043795620438,0.7647058823529411
3,2,85,0.21349936723709106,0.5416579842567444,0.9708029197080292,0.7647058823529411
3,2,86,0.20893050730228424,0.5435245633125305,0.9781021897810219,0.7647058823529411
3,2,87,0.2044660747051239,0.5474424958229065,0.9781021897810219,0.7647058823529411
3,2,88,0.20009060204029083,0.5544734597206116,0.9854014598540146,0.7647058823529411
3,2,89,0.19596533477306366,0.5635729432106018,0.9854014598540146,0.7647058823529411
3,2,90,0.19209130108356476,0.572431206703186,0.9854014598540146,0.7352941176470589
3,2,91,0.18830141425132751,0.5763440728187561,0.9927007299270073,0.7352941176470589
3,2,92,0.18470802903175354,0.5799026489257812,0.9927007299270073,0.7352941176470589
3,2,93,0.18124482035636902,0.584139347076416,0.9927007299270073,0.7058823529411765
3,2,94,0.17789383232593536,0.5887232422828674,0.9927007299270073,0.7058823529411765
3,2,95,0.174618199467659,0.5934743285179138,0.9927007299270073,0.7058823529411765
3,2,96,0.17141006886959076,0.5969715714454651,0.9927007299270073,0.7058823529411765
3,2,97,0.16824814677238464,0.600555956363678,0.9927007299270073,0.7058823529411765
3,2,98,0.165116548538208,0.6022979617118835,0.9927007299270073,0.7058823529411765
3,2,99,0.16207990050315857,0.6004683375358582,1.0,0.7058823529411765
3,2,100,0.15911303460597992,0.5997731685638428,1.0,0.7352941176470589
3,3,1,0.6853464841842651,0.6849346160888672,0.7226277372262774,0.7352941176470589
3,3,2,0.6804533004760742,0.6798009276390076,0.7226277372262774,0.7352941176470589
3,3,3,0.6755238771438599,0.6746275424957275,0.7226277372262774,0.7352941176470589
3,3,4,0.6706079840660095,0.6694726943969727,0.7226277372262774,0.7352941176470589
3,3,5,0.6655904054641724,0.6642144918441772,0.7226277372262774,0.7352941176470589
3,3,6,0.6602267026901245,0.6586382389068604,0.7226277372262774,0.7352941176470589
3,3,7,0.6540988683700562,0.6522946357727051,0.7226277372262774,0.7352941176470589
3,3,8,0.6472440361976624,0.6452042460441589,0.7226277372262774,0.7352941176470589
3,3,9,0.6396585702896118,0.6373754143714905,0.7226277372262774,0.7352941176470589
3,3,10,0.6314952373504639,0.6289552450180054,0.7226277372262774,0.7352941176470589
3,3,11,0.6229404211044312,0.6201453804969788,0.7226277372262774,0.7352941176470589
3,3,12,0.6141836047172546,0.611150324344635,0.7226277372262774,0.7352941176470589
3,3,13,0.6055504083633423,0.6023136377334595,0.7226277372262774,0.7352941176470589
3,3,14,0.5973991751670837,0.5940172672271729,0.7226277372262774,0.7352941176470589
3,3,15,0.5901153683662415,0.5866819024085999,0.7226277372262774,0.7352941176470589
3,3,16,0.5841411352157593,0.580775797367096,0.7226277372262774,0.7352941176470589
3,3,17,0.5798404216766357,0.5767113566398621,0.7226277372262774,0.7352941176470589
3,3,18,0.5774206519126892,0.5747386813163757,0.7226277372262774,0.7352941176470589
3,3,19,0.5767622590065002,0.5747553706169128,0.7226277372262774,0.7352941176470589
3,3,20,0.5772640705108643,0.5761812329292297,0.7226277372262774,0.7352941176470589
3,3,21,0.5779702067375183,0.5780513882637024,0.7226277372262774,0.7352941176470589
3,3,22,0.578098714351654,0.5795283913612366,0.7226277372262774,0.7352941176470589
3,3,23,0.5771797299385071,0.5800861120223999,0.7226277372262774,0.7352941176470589
3,3,24,0.5750923752784729,0.5795316100120544,0.7226277372262774,0.7352941176470589
3,3,25,0.571993887424469,0.5779674649238586,0.7226277372262774,0.7352941176470589
3,3,26,0.5683789253234863,0.5758723020553589,0.7226277372262774,0.7352941176470589
3,3,27,0.5645350217819214,0.5735136270523071,0.7226277372262774,0.7352941176470589
3,3,28,0.5608352422714233,0.5712571740150452,0.7226277372262774,0.7352941176470589
3,3,29,0.5575616955757141,0.5693643093109131,0.7226277372262774,0.7352941176470589
3,3,30,0.554693341255188,0.5678735375404358,0.7226277372262774,0.7352941176470589
3,3,31,0.5521970987319946,0.5667596459388733,0.7226277372262774,0.7352941176470589
3,3,32,0.549933910369873,0.5659219026565552,0.7226277372262774,0.7352941176470589
3,3,33,0.5477129220962524,0.5652269721031189,0.7226277372262774,0.7352941176470589
3,3,34,0.5454079508781433,0.564556360244751,0.7226277372262774,0.7352941176470589
3,3,35,0.5429550409317017,0.5638387203216553,0.7226277372262774,0.7352941176470589
3,3,36,0.5402472019195557,0.5629969239234924,0.7226277372262774,0.7352941176470589
3,3,37,0.5372346043586731,0.5620008111000061,0.7226277372262774,0.7352941176470589
3,3,38,0.5338757038116455,0.5608463287353516,0.7226277372262774,0.7352941176470589
3,3,39,0.5301632881164551,0.5595365166664124,0.7226277372262774,0.7352941176470589
3,3,40,0.5260998606681824,0.5581015348434448,0.7226277372262774,0.7352941176470589
3,3,41,0.5217692852020264,0.5565937161445618,0.7226277372262774,0.7352941176470589
3,3,42,0.5171869397163391,0.5550402402877808,0.7226277372262774,0.7352941176470589
3,3,43,0.5123634934425354,0.5534604787826538,0.7226277372262774,0.7352941176470589
3,3,44,0.50730961561203,0.5518578886985779,0.7226277372262774,0.7352941176470589
3,3,45,0.502004086971283,0.5502122044563293,0.7226277372262774,0.7352941176470589
3,3,46,0.4964096248149872,0.5484693050384521,0.7226277372262774,0.7352941176470589
3,3,47,0.4905053675174713,0.546596109867096,0.7226277372262774,0.7352941176470589
3,3,48,0.48426294326782227,0.5445107221603394,0.7226277372262774,0.7352941176470589
3,3,49,0.4776604473590851,0.5421806573867798,0.7226277372262774,0.7352941176470589
3,3,50,0.47068485617637634,0.5395746231079102,0.7226277372262774,0.7352941176470589
3,3,51,0.46332985162734985,0.5366686582565308,0.7226277372262774,0.7352941176470589
3,3,52,0.45562490820884705,0.5335010886192322,0.7226277372262774,0.7352941176470589
3,3,53,0.44759342074394226,0.5301239490509033,0.7226277372262774,0.7352941176470589
3,3,54,0.43929094076156616,0.5266176462173462,0.7226277372262774,0.7352941176470589
3,3,55,0.4307132959365845,0.5230030417442322,0.7226277372262774,0.7352941176470589
3,3,56,0.42186880111694336,0.5193699598312378,0.7226277372262774,0.7352941176470589
3,3,57,0.41281700134277344,0.515753984451294,0.7226277372262774,0.7352941176470589
3,3,58,0.4035674035549164,0.5122527480125427,0.7226277372262774,0.7352941176470589
3,3,59,0.3941574990749359,0.5089444518089294,0.7226277372262774,0.7352941176470589
3,3,60,0.38464877009391785,0.5059518218040466,0.7226277372262774,0.7352941176470589
3,3,61,0.37508779764175415,0.5032142996788025,0.7226277372262774,0.7352941176470589
3,3,62,0.3655259907245636,0.5007949471473694,0.7226277372262774,0.7352941176470589
3,3,63,0.35602661967277527,0.4986889660358429,0.7226277372262774,0.7352941176470589
3,3,64,0.3466190993785858,0.49690118432044983,0.7226277372262774,0.7352941176470589
3,3,65,0.3373217284679413,0.49545764923095703,0.7226277372262774,0.7352941176470589
3,3,66,0.3281346559524536,0.4941231310367584,0.7226277372262774,0.7352941176470589
3,3,67,0.3190661072731018,0.4928536117076874,0.7226277372262774,0.7352941176470589
3,3,68,0.31018128991127014,0.49199289083480835,0.7372262773722628,0.7352941176470589
3,3,69,0.3015165627002716,0.49208685755729675,0.7591240875912408,0.7352941176470589
3,3,70,0.29306939244270325,0.4926876723766327,0.8394160583941606,0.7352941176470589
3,3,71,0.28483816981315613,0.4941253066062927,0.8832116788321168,0.7647058823529411
3,3,72,0.2768230736255646,0.4963107407093048,0.8905109489051095,0.7647058823529411
3,3,73,0.26904138922691345,0.4990589916706085,0.8978102189781022,0.7647058823529411
3,3,74,0.2614820599555969,0.502918004989624,0.9124087591240876,0.7647058823529411
3,3,75,0.2541513442993164,0.5088511109352112,0.9124087591240876,0.7647058823529411
3,3,76,0.24710923433303833,0.5160008668899536,0.927007299270073,0.7647058823529411
3,3,77,0.24031439423561096,0.5230779051780701,0.9343065693430657,0.7647058823529411
3,3,78,0.233766570687294,0.5293697714805603,0.948905109489051,0.7647058823529411
3,3,79,0.22754721343517303,0.5351899266242981,0.9708029197080292,0.7647058823529411
3,3,80,0.22157220542430878,0.5427650809288025,0.9781021897810219,0.7647058823529411
3,3,81,0.2157014161348343,0.5530259609222412,0.9781021897810219,0.7647058823529411
3,3,82,0.2099677324295044,0.5645528435707092,0.9854014598540146,0.7647058823529411
3,3,83,0.20443856716156006,0.5768042206764221,0.9854014598540146,0.7647058823529411
3,3,84,0.19914937019348145,0.5893493294715881,0.9854014598540146,0.7647058823529411
3,3,85,0.19409878551959991,0.6022105813026428,0.9854014598540146,0.7647058823529411
3,3,86,0.18930992484092712,0.6055241823196411,0.9854014598540146,0.7647058823529411
3,3,87,0.18474233150482178,0.6110653877258301,1.0,0.7647058823529411
3,3,88,0.18013553321361542,0.6195583343505859,1.0,0.7647058823529411
3,3,89,0.17552782595157623,0.6331888437271118,1.0,0.7647058823529411
3,3,90,0.1712867021560669,0.6422288417816162,1.0,0.7647058823529411
3,3,91,0.16705377399921417,0.6524826288223267,1.0,0.7647058823529411
3,3,92,0.16286496818065643,0.6611911654472351,1.0,0.7647058823529411
3,3,93,0.15871135890483856,0.6683302521705627,1.0,0.7647058823529411
3,3,94,0.15455405414104462,0.6743623614311218,1.0,0.7647058823529411
3,3,95,0.15039992332458496,0.6761235594749451,1.0,0.7647058823529411
3,3,96,0.1462436318397522,0.6760361790657043,1.0,0.7647058823529411
3,3,97,0.14193414151668549,0.6774824857711792,1.0,0.7647058823529411
3,3,98,0.13736297190189362,0.6833683252334595,1.0,0.7647058823529411
3,3,99,0.1326451450586319,0.6909142732620239,1.0,0.7647058823529411
3,3,100,0.12775921821594238,0.7033547759056091,1.0,0.7647058823529411
3,4,1,0.6807805895805359,0.6801201105117798,0.7226277372262774,0.7352941176470589
3,4,2,0.6752646565437317,0.6743432879447937,0.7226277372262774,0.7352941176470589
3,4,3,0.6696115732192993,0.6684331297874451,0.7226277372262774,0.7352941176470589
3,4,4,0.6635690927505493,0.662134051322937,0.7226277372262774,0.7352941176470589
3,4,5,0.6572949290275574,0.6556229591369629,0.7226277372262774,0.7352941176470589
3,4,6,0.6503493189811707,0.64847731590271,0.7226277372262774,0.7352941176470589
3,4,7,0.6426159739494324,0.6405525207519531,0.7226277372262774,0.7352941176470589
3,4,8,0.6341614127159119,0.6319168210029602,0.7226277372262774,0.7352941176470589
3,4,9,0.62515789270401,0.6227558255195618,0.7226277372262774,0.7352941176470589
3,4,10,0.6158771514892578,0.613365650177002,0.7226277372262774,0.7352941176470589
3,4,11,0.6066262125968933,0.6040852665901184,0.7226277372262774,0.7352941176470589
3,4,12,0.5978569388389587,0.5954001545906067,0.7226277372262774,0.7352941176470589
3,4,13,0.5900552272796631,0.5878490209579468,0.7226277372262774,0.7352941176470589
3,4,14,0.5836786031723022,0.5819374322891235,0.7226277372262774,0.7352941176470589
3,4,15,0.579216718673706,0.5782018303871155,0.7226277372262774,0.7352941176470589
3,4,16,0.5768585205078125,0.5768844485282898,0.7226277372262774,0.7352941176470589
3,4,17,0.5763846039772034,0.5778121948242188,0.7226277372262774,0.7352941176470589
3,4,18,0.5770766735076904,0.5801978707313538,0.7226277372262774,0.7352941176470589
3,4,19,0.5778334140777588,0.5828993916511536,0.7226277372262774,0.7352941176470589
3,4,20,0.5777133107185364,0.5848960280418396,0.7226277372262774,0.7352941176470589
3,4,21,0.576256513595581,0.5856090784072876,0.7226277372262774,0.7352941176470589
3,4,22,0.573520302772522,0.5850514769554138,0.7226277372262774,0.7352941176470589
3,4,23,0.5698499083518982,0.5834556221961975,0.7226277372262774,0.7352941176470589
3,4,24,0.5656388998031616,0.5812524557113647,0.7226277372262774,0.7352941176470589
3,4,25,0.5613218545913696,0.5789068937301636,0.7226277372262774,0.7352941176470589
3,4,26,0.557349443435669,0.5768142938613892,0.7226277372262774,0.7352941176470589
3,4,27,0.5538749098777771,0.5751670598983765,0.7226277372262774,0.7352941176470589
3,4,28,0.5507908463478088,0.5739695429801941,0.7226277372262774,0.7352941176470589
3,4,29,0.5480077266693115,0.5731316804885864,0.7226277372262774,0.7352941176470589
3,4,30,0.5453827381134033,0.5725669860839844,0.7226277372262774,0.7352941176470589
3,4,31,0.5427582263946533,0.5721541047096252,0.7226277372262774,0.7352941176470589
3,4,32,0.539995014667511,0.5717918276786804,0.7226277372262774,0.7352941176470589
3,4,33,0.5369710326194763,0.5714056491851807,0.7226277372262774,0.7352941176470589
3,4,34,0.5335883498191833,0.5709366798400879,0.7226277372262774,0.7352941176470589
3,4,35,0.5297821164131165,0.5703678727149963,0.7226277372262774,0.7352941176470589
3,4,36,0.5255523920059204,0.5697149038314819,0.7226277372262774,0.7352941176470589
3,4,37,0.5209115147590637,0.5690136551856995,0.7226277372262774,0.7352941176470589
3,4,38,0.5158995389938354,0.5683186054229736,0.7226277372262774,0.7352941176470589
3,4,39,0.5105597376823425,0.5676844716072083,0.7226277372262774,0.7352941176470589
3,4,40,0.50493985414505,0.5671520829200745,0.7226277372262774,0.7352941176470589
3,4,41,0.4990624785423279,0.5667280554771423,0.7226277372262774,0.7352941176470589
3,4,42,0.49291279911994934,0.5663875937461853,0.7226277372262774,0.7352941176470589
3,4,43,0.48645585775375366,0.5660809278488159,0.7226277372262774,0.7352941176470589
3,4,44,0.47965511679649353,0.5656935572624207,0.7226277372262774,0.7352941176470589
3,4,45,0.47247540950775146,0.5651222467422485,0.7226277372262774,0.7352941176470589
3,4,46,0.4649130403995514,0.5643362402915955,0.7226277372262774,0.7352941176470589
3,4,47,0.4570259153842926,0.5633268356323242,0.7226277372262774,0.7352941176470589
3,4,48,0.4488794803619385,0.5620357394218445,0.7226277372262774,0.7352941176470589
3,4,49,0.44062525033950806,0.5605915784835815,0.7226277372262774,0.7352941176470589
3,4,50,0.43230241537094116,0.5591099262237549,0.7226277372262774,0.7352941176470589
3,4,51,0.4239456057548523,0.5577098727226257,0.7226277372262774,0.7352941176470589
3,4,52,0.41553714871406555,0.5565115809440613,0.7226277372262774,0.7352941176470589
3,4,53,0.407051146030426,0.5555997490882874,0.7226277372262774,0.7352941176470589
3,4,54,0.39855125546455383,0.5550951361656189,0.7226277372262774,0.7352941176470589
3,4,55,0.39013397693634033,0.5550416111946106,0.7226277372262774,0.7352941176470589
3,4,56,0.3818598687648773,0.5555194020271301,0.7226277372262774,0.7352941176470589
3,4,57,0.37374454736709595,0.5564165115356445,0.7226277372262774,0.7352941176470589
3,4,58,0.3657543361186981,0.5572747588157654,0.7226277372262774,0.7352941176470589
3,4,59,0.3578672707080841,0.5579252243041992,0.7226277372262774,0.7352941176470589
3,4,60,0.3500104546546936,0.558473527431488,0.7226277372262774,0.7352941176470589
3,4,61,0.34218138456344604,0.5588886141777039,0.7226277372262774,0.7352941176470589
3,4,62,0.334347128868103,0.5583587884902954,0.7226277372262774,0.7352941176470589
3,4,63,0.3265618085861206,0.5573980808258057,0.7226277372262774,0.7352941176470589
3,4,64,0.3188440799713135,0.5562984347343445,0.7226277372262774,0.7352941176470589
3,4,65,0.31117549538612366,0.5555300116539001,0.7226277372262774,0.7352941176470589
3,4,66,0.3035229444503784,0.5555289387702942,0.7226277372262774,0.7352941176470589
3,4,67,0.2958996593952179,0.5561061501502991,0.7299270072992701,0.7352941176470589
3,4,68,0.2882896363735199,0.557304322719574,0.8467153284671532,0.7352941176470589
3,4,69,0.2807580828666687,0.5592947006225586,0.8905109489051095,0.7352941176470589
3,4,70,0.2733355164527893,0.5621566772460938,0.9124087591240876,0.7352941176470589
3,4,71,0.2660536766052246,0.5653039813041687,0.9197080291970803,0.7352941176470589
3,4,72,0.258926123380661,0.5682713985443115,0.9197080291970803,0.7352941176470589
3,4,73,0.2519404888153076,0.5709298849105835,0.927007299270073,0.7352941176470589
3,4,74,0.24516071379184723,0.5738422870635986,0.9416058394160584,0.7352941176470589
3,4,75,0.2386210560798645,0.576713502407074,0.9416058394160584,0.7352941176470589
3,4,76,0.2322687953710556,0.5790576934814453,0.9416058394160584,0.7352941176470589
3,4,77,0.22611650824546814,0.5830214619636536,0.9416058394160584,0.7352941176470589
3,4,78,0.22009386122226715,0.5890142917633057,0.9416058394160584,0.7352941176470589
3,4,79,0.21421098709106445,0.5961835384368896,0.9635036496350365,0.7352941176470589
3,4,80,0.2086094170808792,0.6070573329925537,0.9781021897810219,0.7352941176470589
3,4,81,0.2034381926059723,0.621646523475647,0.9781021897810219,0.7352941176470589
3,4,82,0.19867555797100067,0.6366109848022461,0.9781021897810219,0.7352941176470589
3,4,83,0.19411420822143555,0.6475734114646912,0.9854014598540146,0.7352941176470589
3,4,84,0.19002917408943176,0.655373215675354,0.9927007299270073,0.7352941176470589
3,4,85,0.18644346296787262,0.6590626239776611,0.9927007299270073,0.7352941176470589
3,4,86,0.18294721841812134,0.6673375368118286,1.0,0.7352941176470589
3,4,87,0.17945726215839386,0.6790575385093689,1.0,0.7352941176470589
3,4,88,0.1760658174753189,0.696651816368103,1.0,0.7352941176470589
3,4,89,0.1728764772415161,0.7137477993965149,1.0,0.7352941176470589
3,4,90,0.16964150965213776,0.7246522903442383,1.0,0.7352941176470589
3,4,91,0.16639742255210876,0.7300852537155151,1.0,0.7352941176470589
3,4,92,0.16335409879684448,0.7366947531700134,1.0,0.7352941176470589
3,4,93,0.16034869849681854,0.7469114065170288,1.0,0.7352941176470589
3,4,94,0.15729525685310364,0.7593903541564941,1.0,0.7352941176470589
3,4,95,0.15420624613761902,0.7754645943641663,1.0,0.7352941176470589
3,4,96,0.15116292238235474,0.7903509736061096,1.0,0.7352941176470589
3,4,97,0.14814512431621552,0.8024984002113342,1.0,0.7352941176470589
3,4,98,0.14514394104480743,0.8019406795501709,1.0,0.7647058823529411
3,4,99,0.1422041803598404,0.8020071387290955,1.0,0.7647058823529411
3,4,100,0.13919450342655182,0.8067373633384705,1.0,0.7647058823529411
3,5,1,0.6731169819831848,0.6719648838043213,0.7226277372262774,0.7352941176470589
3,5,2,0.6686849594116211,0.6673111915588379,0.7226277372262774,0.7352941176470589
3,5,3,0.6639545559883118,0.6623580455780029,0.7226277372262774,0.7352941176470589
3,5,4,0.6588965654373169,0.6570662260055542,0.7226277372262774,0.7352941176470589
3,5,5,0.6533585786819458,0.6513091921806335,0.7226277372262774,0.7352941176470589
3,5,6,0.6470850706100464,0.6448203325271606,0.7226277372262774,0.7352941176470589
3,5,7,0.6399261951446533,0.6374412178993225,0.7226277372262774,0.7352941176470589
3,5,8,0.632025957107544,0.6293080449104309,0.7226277372262774,0.7352941176470589
3,5,9,0.6235446333885193,0.6206045150756836,0.7226277372262774,0.7352941176470589
3,5,10,0.6146692633628845,0.6115292906761169,0.7226277372262774,0.7352941176470589
3,5,11,0.6057159304618835,0.6024211049079895,0.7226277372262774,0.7352941176470589
3,5,12,0.5971360802650452,0.5937698483467102,0.7226277372262774,0.7352941176470589
3,5,13,0.5893831849098206,0.5860564112663269,0.7226277372262774,0.7352941176470589
3,5,14,0.5829916000366211,0.5798755884170532,0.7226277372262774,0.7352941176470589
3,5,15,0.5784832835197449,0.5758014917373657,0.7226277372262774,0.7352941176470589
3,5,16,0.5761306881904602,0.5741360783576965,0.7226277372262774,0.7352941176470589
3,5,17,0.5757110714912415,0.5747291445732117,0.7226277372262774,0.7352941176470589
3,5,18,0.5764856338500977,0.5767903327941895,0.7226277372262774,0.7352941176470589
3,5,19,0.5771094560623169,0.5789613127708435,0.7226277372262774,0.7352941176470589
3,5,20,0.5764304995536804,0.579973578453064,0.7226277372262774,0.7352941176470589
3,5,21,0.5742425918579102,0.5795475244522095,0.7226277372262774,0.7352941176470589
3,5,22,0.5708542466163635,0.5778596997261047,0.7226277372262774,0.7352941176470589
3,5,23,0.566834568977356,0.5754960179328918,0.7226277372262774,0.7352941176470589
3,5,24,0.5625640153884888,0.5728958249092102,0.7226277372262774,0.7352941176470589
3,5,25,0.5585505366325378,0.5704930424690247,0.7226277372262774,0.7352941176470589
3,5,26,0.5549207329750061,0.568469762802124,0.7226277372262774,0.7352941176470589
3,5,27,0.551693320274353,0.5668426156044006,0.7226277372262774,0.7352941176470589
3,5,28,0.5488115549087524,0.5656194686889648,0.7226277372262774,0.7352941176470589
3,5,29,0.5460914969444275,0.5646576881408691,0.7226277372262774,0.7352941176470589
3,5,30,0.5433463454246521,0.5638012886047363,0.7226277372262774,0.7352941176470589
3,5,31,0.540416419506073,0.5629283785820007,0.7226277372262774,0.7352941176470589
3,5,32,0.5371090173721313,0.561906635761261,0.7226277372262774,0.7352941176470589
3,5,33,0.5333357453346252,0.5606763362884521,0.7226277372262774,0.7352941176470589
3,5,34,0.5291014909744263,0.5592479705810547,0.7226277372262774,0.7352941176470589
3,5,35,0.5243973731994629,0.557640552520752,0.7226277372262774,0.7352941176470589
3,5,36,0.5192373394966125,0.5558997988700867,0.7226277372262774,0.7352941176470589
3,5,37,0.5136939287185669,0.5540878176689148,0.7226277372262774,0.7352941176470589
3,5,38,0.5077940821647644,0.5522381067276001,0.7226277372262774,0.7352941176470589
3,5,39,0.5015742182731628,0.55037522315979,0.7226277372262774,0.7352941176470589
3,5,40,0.4950108230113983,0.5484886169433594,0.7226277372262774,0.7352941176470589
3,5,41,0.4880780875682831,0.5465492010116577,0.7226277372262774,0.7352941176470589
3,5,42,0.48075681924819946,0.5444648861885071,0.7226277372262774,0.7352941176470589
3,5,43,0.47302478551864624,0.5421514511108398,0.7226277372262774,0.7352941176470589
3,5,44,0.4648299813270569,0.5394635200500488,0.7226277372262774,0.7352941176470589
3,5,45,0.45621639490127563,0.5364293456077576,0.7226277372262774,0.7352941176470589
3,5,46,0.44724464416503906,0.5330603122711182,0.7226277372262774,0.7352941176470589
3,5,47,0.4380132853984833,0.5294252038002014,0.7226277372262774,0.7352941176470589
3,5,48,0.4286327362060547,0.5256132483482361,0.7226277372262774,0.7352941176470589
3,5,49,0.41920363903045654,0.5218461155891418,0.7226277372262774,0.7352941176470589
3,5,50,0.4097437262535095,0.5182697176933289,0.7226277372262774,0.7352941176470589
3,5,51,0.40022778511047363,0.5149645805358887,0.7226277372262774,0.7352941176470589
3,5,52,0.39063993096351624,0.5120552182197571,0.7226277372262774,0.7352941176470589
3,5,53,0.38102054595947266,0.5097627639770508,0.7226277372262774,0.7352941176470589
3,5,54,0.37152913212776184,0.5082522034645081,0.7226277372262774,0.7352941176470589
3,5,55,0.3622962236404419,0.5075703859329224,0.7226277372262774,0.7352941176470589
3,5,56,0.35338208079338074,0.5076241493225098,0.7226277372262774,0.7352941176470589
3,5,57,0.34467464685440063,0.5076737999916077,0.7226277372262774,0.7352941176470589
3,5,58,0.3361402153968811,0.5075024366378784,0.7226277372262774,0.7352941176470589
3,5,59,0.32773929834365845,0.5070167779922485,0.7226277372262774,0.7352941176470589
3,5,60,0.31955376267433167,0.5065534114837646,0.7226277372262774,0.7352941176470589
3,5,61,0.3115374743938446,0.5060179829597473,0.7226277372262774,0.7352941176470589
3,5,62,0.3036680519580841,0.5053880214691162,0.7226277372262774,0.7352941176470589
3,5,63,0.29597774147987366,0.5053611397743225,0.7226277372262774,0.7352941176470589
3,5,64,0.288478821516037,0.506292998790741,0.7226277372262774,0.7352941176470589
3,5,65,0.2811012864112854,0.507728636264801,0.7226277372262774,0.7352941176470589
3,5,66,0.27389129996299744,0.5097095966339111,0.7226277372262774,0.7352941176470589
3,5,67,0.26685094833374023,0.5118231773376465,0.7372262773722628,0.7352941176470589
3,5,68,0.259931355714798,0.5138539671897888,0.9051094890510949,0.7647058823529411
3,5,69,0.25317418575286865,0.5169416069984436,0.927007299270073,0.7941176470588235
3,5,70,0.24653394520282745,0.5195358395576477,0.927007299270073,0.7941176470588235
3,5,71,0.24003547430038452,0.522593080997467,0.9343065693430657,0.7941176470588235
3,5,72,0.23375317454338074,0.5263221263885498,0.9416058394160584,0.7941176470588235
3,5,73,0.2277505248785019,0.5314612984657288,0.948905109489051,0.7941176470588235
3,5,74,0.2219371795654297,0.5402387976646423,0.9562043795620438,0.7941176470588235
3,5,75,0.21634094417095184,0.552031397819519,0.9708029197080292,0.7941176470588235
3,5,76,0.21104037761688232,0.567035436630249,0.9708029197080292,0.7941176470588235
3,5,77,0.20620380342006683,0.5837533473968506,0.9708029197080292,0.7941176470588235
3,5,78,0.20159520208835602,0.5972576141357422,0.9781021897810219,0.7941176470588235
3,5,79,0.19729749858379364,0.6063828468322754,0.9854014598540146,0.7941176470588235
3,5,80,0.19357718527317047,0.6121808886528015,0.9927007299270073,0.7941176470588235
3,5,81,0.19037330150604248,0.6173273921012878,1.0,0.7941176470588235
3,5,82,0.18713968992233276,0.6302210688591003,1.0,0.7941176470588235
3,5,83,0.1837877780199051,0.6485603451728821,1.0,0.7941176470588235
3,5,84,0.1805657595396042,0.6725618243217468,0.9927007299270073,0.7941176470588235
3,5,85,0.17767511308193207,0.6908463835716248,0.9927007299270073,0.7647058823529411
3,5,86,0.1747562438249588,0.7030762434005737,1.0,0.7647058823529411
3,5,87,0.17158280313014984,0.700357973575592,1.0,0.7941176470588235
3,5,88,0.16893383860588074,0.6915643215179443,1.0,0.7941176470588235
3,5,89,0.1662638932466507,0.6895562410354614,1.0,0.7941176470588235
3,5,90,0.16327141225337982,0.6951890587806702,1.0,0.7941176470588235
3,5,91,0.16002218425273895,0.7070993781089783,1.0,0.7941176470588235
3,5,92,0.15671303868293762,0.7206644415855408,1.0,0.7941176470588235
3,5,93,0.1533394157886505,0.7365851998329163,1.0,0.7941176470588235
3,5,94,0.14998479187488556,0.7489648461341858,1.0,0.7941176470588235
3,5,95,0.14664901793003082,0.75217604637146,1.0,0.7941176470588235
3,5,96,0.14321008324623108,0.7559603452682495,1.0,0.7941176470588235
3,5,97,0.1397182196378708,0.7548540234565735,1.0,0.7941176470588235
3,5,98,0.13608042895793915,0.7579101920127869,1.0,0.7941176470588235
3,5,99,0.13238714635372162,0.7567656636238098,1.0,0.7941176470588235
3,5,100,0.12854017317295074,0.7596078515052795,1.0,0.7941176470588235
4,1,1,0.6941192746162415,0.6941033601760864,0.27205882352941174,0.2857142857142857
4,1,2,0.6883521676063538,0.6887309551239014,0.7279411764705882,0.7142857142857143
4,1,3,0.6826082468032837,0.6834089159965515,0.7279411764705882,0.7142857142857143
4,1,4,0.6768406629562378,0.6780692934989929,0.7279411764705882,0.7142857142857143
4,1,5,0.6711090207099915,0.672808825969696,0.7279411764705882,0.7142857142857143
4,1,6,0.664726734161377,0.6670159697532654,0.7279411764705882,0.7142857142857143
4,1,7,0.6574583649635315,0.6604676842689514,0.7279411764705882,0.7142857142857143
4,1,8,0.6493526697158813,0.6532261967658997,0.7279411764705882,0.7142857142857143
4,1,9,0.6404642462730408,0.6453711986541748,0.7279411764705882,0.7142857142857143
4,1,10,0.6308726668357849,0.6370079517364502,0.7279411764705882,0.7142857142857143
4,1,11,0.6208175420761108,0.6283909678459167,0.7279411764705882,0.7142857142857143
4,1,12,0.6106192469596863,0.6198638677597046,0.7279411764705882,0.7142857142857143
4,1,13,0.6005489230155945,0.6117516756057739,0.7279411764705882,0.7142857142857143
4,1,14,0.5911077857017517,0.6045529246330261,0.7279411764705882,0.7142857142857143
4,1,15,0.5828251838684082,0.5988185405731201,0.7279411764705882,0.7142857142857143
4,1,16,0.576183557510376,0.5950468182563782,0.7279411764705882,0.7142857142857143
4,1,17,0.5716069340705872,0.5936559438705444,0.7279411764705882,0.7142857142857143
4,1,18,0.5693547129631042,0.5948235392570496,0.7279411764705882,0.7142857142857143
4,1,19,0.5692535042762756,0.5982058048248291,0.7279411764705882,0.7142857142857143
4,1,20,0.5701975226402283,0.602381706237793,0.7279411764705882,0.7142857142857143
4,1,21,0.5709934234619141,0.6060085892677307,0.7279411764705882,0.7142857142857143
4,1,22,0.5705645084381104,0.607790470123291,0.7279411764705882,0.7142857142857143
4,1,23,0.5685805082321167,0.6073641777038574,0.7279411764705882,0.7142857142857143
4,1,24,0.565432608127594,0.6052875518798828,0.7279411764705882,0.7142857142857143
4,1,25,0.5614304542541504,0.6020436882972717,0.7279411764705882,0.7142857142857143
4,1,26,0.557060718536377,0.5981003642082214,0.7279411764705882,0.7142857142857143
4,1,27,0.5528201460838318,0.594109833240509,0.7279411764705882,0.7142857142857143
4,1,28,0.5489460229873657,0.5903943777084351,0.7279411764705882,0.7142857142857143
4,1,29,0.5454686284065247,0.5870984196662903,0.7279411764705882,0.7142857142857143
4,1,30,0.5424131751060486,0.5842779278755188,0.7279411764705882,0.7142857142857143
4,1,31,0.5397188663482666,0.5819699764251709,0.7279411764705882,0.7142857142857143
4,1,32,0.5371583104133606,0.5800180435180664,0.7279411764705882,0.7142857142857143
4,1,33,0.5345607995986938,0.5783153772354126,0.7279411764705882,0.7142857142857143
4,1,34,0.5318019986152649,0.5767196416854858,0.7279411764705882,0.7142857142857143
4,1,35,0.5286933779716492,0.5751320123672485,0.7279411764705882,0.7142857142857143
4,1,36,0.5251885056495667,0.5735140442848206,0.7279411764705882,0.7142857142857143
4,1,37,0.5212655067443848,0.5718142986297607,0.7279411764705882,0.7142857142857143
4,1,38,0.5169514417648315,0.5700454115867615,0.7279411764705882,0.7142857142857143
4,1,39,0.5122662782669067,0.5682312250137329,0.7279411764705882,0.7142857142857143
4,1,40,0.5072687268257141,0.5663594007492065,0.7279411764705882,0.7142857142857143
4,1,41,0.5019749999046326,0.5644703507423401,0.7279411764705882,0.7142857142857143
4,1,42,0.4964157044887543,0.5625340938568115,0.7279411764705882,0.7142857142857143
4,1,43,0.4906005263328552,0.5605388283729553,0.7279411764705882,0.7142857142857143
4,1,44,0.48453107476234436,0.5584210157394409,0.7279411764705882,0.7142857142857143
4,1,45,0.47817689180374146,0.5561088919639587,0.7279411764705882,0.7142857142857143
4,1,46,0.4715089797973633,0.5535268783569336,0.7279411764705882,0.7142857142857143
4,1,47,0.4645215570926666,0.55058354139328,0.7279411764705882,0.7142857142857143
4,1,48,0.45723310112953186,0.5472732782363892,0.7279411764705882,0.7142857142857143
4,1,49,0.4496222734451294,0.5434454679489136,0.7279411764705882,0.7142857142857143
4,1,50,0.44176191091537476,0.5391700267791748,0.7279411764705882,0.7142857142857143
4,1,51,0.433702677488327,0.5344675779342651,0.7279411764705882,0.7142857142857143
4,1,52,0.4255130887031555,0.5294479131698608,0.7279411764705882,0.7142857142857143
4,1,53,0.4172462821006775,0.5240984559059143,0.7279411764705882,0.7142857142857143
4,1,54,0.4089384078979492,0.5186628103256226,0.7279411764705882,0.7142857142857143
4,1,55,0.40060368180274963,0.5132400989532471,0.7279411764705882,0.7142857142857143
4,1,56,0.39221376180648804,0.5078898072242737,0.7279411764705882,0.7142857142857143
4,1,57,0.38380852341651917,0.502941370010376,0.7279411764705882,0.7142857142857143
4,1,58,0.3754216432571411,0.4983476996421814,0.7279411764705882,0.7142857142857143
4,1,59,0.36715108156204224,0.4941008985042572,0.7279411764705882,0.7142857142857143
4,1,60,0.35903432965278625,0.4899885952472687,0.7279411764705882,0.7142857142857143
4,1,61,0.35104891657829285,0.486104816198349,0.7279411764705882,0.7142857142857143
4,1,62,0.34319597482681274,0.4822932779788971,0.7279411764705882,0.7142857142857143
4,1,63,0.33553075790405273,0.4787611961364746,0.7279411764705882,0.7142857142857143
4,1,64,0.32801881432533264,0.4754369556903839,0.7279411764705882,0.7142857142857143
4,1,65,0.3206762969493866,0.4719260036945343,0.7352941176470589,0.7142857142857143
4,1,66,0.31349608302116394,0.4684099555015564,0.8455882352941176,0.7142857142857143
4,1,67,0.3064940273761749,0.4648723006248474,0.8676470588235294,0.7142857142857143
4,1,68,0.2996731102466583,0.4614277482032776,0.8823529411764706,0.7142857142857143
4,1,69,0.29296499490737915,0.4581516981124878,0.9044117647058824,0.7142857142857143
4,1,70,0.2863443195819855,0.45512914657592773,0.9117647058823529,0.7428571428571429
4,1,71,0.2797774076461792,0.4519147276878357,0.9191176470588235,0.7428571428571429
4,1,72,0.27322080731391907,0.44836297631263733,0.9264705882352942,0.7714285714285715
4,1,73,0.2667226493358612,0.4447917938232422,0.9264705882352942,0.7714285714285715
4,1,74,0.2602618634700775,0.4410291612148285,0.9264705882352942,0.7714285714285715
4,1,75,0.2538506090641022,0.43721693754196167,0.9338235294117647,0.7714285714285715
4,1,76,0.2475063055753708,0.4329495131969452,0.9338235294117647,0.7714285714285715
4,1,77,0.2412642389535904,0.42827677726745605,0.9338235294117647,0.7714285714285715
4,1,78,0.2351732701063156,0.4240265488624573,0.9411764705882353,0.8
4,1,79,0.2292346954345703,0.4201706647872925,0.9485294117647058,0.8
4,1,80,0.22346554696559906,0.41629764437675476,0.9485294117647058,0.8
4,1,81,0.21781228482723236,0.41441190242767334,0.9558823529411765,0.8
4,1,82,0.21227309107780457,0.4137927293777466,0.9632352941176471,0.8
4,1,83,0.2068701684474945,0.4144068658351898,0.9705882352941176,0.8
4,1,84,0.2016270011663437,0.41713035106658936,0.9705882352941176,0.7714285714285715
4,1,85,0.19661131501197815,0.4218445420265198,0.9705882352941176,0.7714285714285715
4,1,86,0.19178886711597443,0.42653629183769226,0.9705882352941176,0.7714285714285715
4,1,87,0.18710105121135712,0.43004223704338074,0.9705882352941176,0.7714285714285715
4,1,88,0.18259958922863007,0.43493714928627014,0.9779411764705882,0.7714285714285715
4,1,89,0.17829813063144684,0.44139230251312256,0.9779411764705882,0.7714285714285715
4,1,90,0.1740838885307312,0.4458007216453552,0.9926470588235294,0.7714285714285715
4,1,91,0.16998204588890076,0.4472598731517792,1.0,0.7714285714285715
4,1,92,0.1660810112953186,0.44965362548828125,1.0,0.7714285714285715
4,1,93,0.16238050162792206,0.45640766620635986,1.0,0.7714285714285715
4,1,94,0.15891075134277344,0.4675699472427368,1.0,0.7714285714285715
4,1,95,0.15560178458690643,0.48143628239631653,1.0,0.7714285714285715
4,1,96,0.15236122906208038,0.48840922117233276,1.0,0.7714285714285715
4,1,97,0.14917458593845367,0.4906730651855469,1.0,0.7714285714285715
4,1,98,0.1460370272397995,0.4941469430923462,1.0,0.7714285714285715
4,1,99,0.14295694231987,0.49300527572631836,1.0,0.7714285714285715
4,1,100,0.13989175856113434,0.49028876423835754,1.0,0.7714285714285715
4,2,1,0.6949025392532349,0.6950505375862122,0.2773722627737226,0.2647058823529412
4,2,2,0.6901182532310486,0.6900421380996704,0.7226277372262774,0.7352941176470589
4,2,3,0.6853014230728149,0.6850169897079468,0.7226277372262774,0.7352941176470589
4,2,4,0.6801846623420715,0.6797000169754028,0.7226277372262774,0.7352941176470589
4,2,5,0.6748401522636414,0.6741538643836975,0.7226277372262774,0.7352941176470589
4,2,6,0.6691677570343018,0.6682974100112915,0.7226277372262774,0.7352941176470589
4,2,7,0.6627185940742493,0.6616950631141663,0.7226277372262774,0.7352941176470589
4,2,8,0.6554195880889893,0.6542498469352722,0.7226277372262774,0.7352941176470589
4,2,9,0.6473223567008972,0.6460241675376892,0.7226277372262774,0.7352941176470589
4,2,10,0.6385310888290405,0.6371225714683533,0.7226277372262774,0.7352941176470589
4,2,11,0.6291405558586121,0.627666711807251,0.7226277372262774,0.7352941176470589
4,2,12,0.6193993091583252,0.6179184913635254,0.7226277372262774,0.7352941176470589
4,2,13,0.6096172332763672,0.6082079410552979,0.7226277372262774,0.7352941176470589
4,2,14,0.6001937985420227,0.5989941358566284,0.7226277372262774,0.7352941176470589
4,2,15,0.5915592312812805,0.5907245874404907,0.7226277372262774,0.7352941176470589
4,2,16,0.5842704176902771,0.5840328335762024,0.7226277372262774,0.7352941176470589
4,2,17,0.5787725448608398,0.5794342756271362,0.7226277372262774,0.7352941176470589
4,2,18,0.575328528881073,0.5772482752799988,0.7226277372262774,0.7352941176470589
4,2,19,0.5739482045173645,0.5774770379066467,0.7226277372262774,0.7352941176470589
4,2,20,0.5741429328918457,0.5796352028846741,0.7226277372262774,0.7352941176470589
4,2,21,0.5749074816703796,0.582665741443634,0.7226277372262774,0.7352941176470589
4,2,22,0.5751205682754517,0.5853287577629089,0.7226277372262774,0.7352941176470589
4,2,23,0.5741461515426636,0.5868860483169556,0.7226277372262774,0.7352941176470589
4,2,24,0.5717519521713257,0.5869840979576111,0.7226277372262774,0.7352941176470589
4,2,25,0.5682594776153564,0.5859153866767883,0.7226277372262774,0.7352941176470589
4,2,26,0.5639962553977966,0.5839414596557617,0.7226277372262774,0.7352941176470589
4,2,27,0.5594825148582458,0.5816024541854858,0.7226277372262774,0.7352941176470589
4,2,28,0.5550961494445801,0.5792469382286072,0.7226277372262774,0.7352941176470589
4,2,29,0.5510595440864563,0.5771647095680237,0.7226277372262774,0.7352941176470589
4,2,30,0.5475206971168518,0.5755696892738342,0.7226277372262774,0.7352941176470589
4,2,31,0.54435795545578,0.5744321346282959,0.7226277372262774,0.7352941176470589
4,2,32,0.5415025949478149,0.5736916661262512,0.7226277372262774,0.7352941176470589
4,2,33,0.5387341380119324,0.5732042193412781,0.7226277372262774,0.7352941176470589
4,2,34,0.5358185768127441,0.5728383660316467,0.7226277372262774,0.7352941176470589
4,2,35,0.5326266288757324,0.5724976658821106,0.7226277372262774,0.7352941176470589
4,2,36,0.5290810465812683,0.5721181035041809,0.7226277372262774,0.7352941176470589
4,2,37,0.5250733494758606,0.5716689825057983,0.7226277372262774,0.7352941176470589
4,2,38,0.5205785632133484,0.5711618065834045,0.7226277372262774,0.7352941176470589
4,2,39,0.5155858993530273,0.570631742477417,0.7226277372262774,0.7352941176470589
4,2,40,0.5101476311683655,0.5701480507850647,0.7226277372262774,0.7352941176470589
4,2,41,0.5043228268623352,0.5697600841522217,0.7226277372262774,0.7352941176470589
4,2,42,0.49815234541893005,0.5695143342018127,0.7226277372262774,0.7352941176470589
4,2,43,0.49166691303253174,0.5694214105606079,0.7226277372262774,0.7352941176470589
4,2,44,0.484861820936203,0.5694410800933838,0.7226277372262774,0.7352941176470589
4,2,45,0.4777212142944336,0.5695652365684509,0.7226277372262774,0.7352941176470589
4,2,46,0.4702199697494507,0.5697340369224548,0.7226277372262774,0.7352941176470589
4,2,47,0.4623285233974457,0.5697869062423706,0.7226277372262774,0.7352941176470589
4,2,48,0.4540756046772003,0.569741427898407,0.7226277372262774,0.7352941176470589
4,2,49,0.44553208351135254,0.5695305466651917,0.7226277372262774,0.7352941176470589
4,2,50,0.4368252158164978,0.5691120028495789,0.7226277372262774,0.7352941176470589
4,2,51,0.4280456602573395,0.5685762763023376,0.7226277372262774,0.7352941176470589
4,2,52,0.4192430078983307,0.5679908394813538,0.7226277372262774,0.7352941176470589
4,2,53,0.41051584482192993,0.5674214363098145,0.7226277372262774,0.7352941176470589
4,2,54,0.4018542468547821,0.566990315914154,0.7226277372262774,0.7352941176470589
4,2,55,0.39327898621559143,0.5668693780899048,0.7226277372262774,0.7352941176470589
4,2,56,0.38477620482444763,0.56707763671875,0.7226277372262774,0.7352941176470589
4,2,57,0.3763270080089569,0.5678209066390991,0.7226277372262774,0.7352941176470589
4,2,58,0.3679993152618408,0.5689928531646729,0.7226277372262774,0.7352941176470589
4,2,59,0.3598087728023529,0.5705243349075317,0.7226277372262774,0.7352941176470589
4,2,60,0.3517795205116272,0.5724896788597107,0.7226277372262774,0.7352941176470589
4,2,61,0.34392669796943665,0.5747567415237427,0.7226277372262774,0.7352941176470589
4,2,62,0.336251437664032,0.5769699215888977,0.7226277372262774,0.7352941176470589
4,2,63,0.32878947257995605,0.579852283000946,0.7226277372262774,0.7352941176470589
4,2,64,0.3215288519859314,0.5825760364532471,0.7226277372262774,0.7352941176470589
4,2,65,0.3145010471343994,0.5850830078125,0.7226277372262774,0.7352941176470589
4,2,66,0.30768105387687683,0.5873072147369385,0.7226277372262774,0.7352941176470589
4,2,67,0.30110034346580505,0.5899518132209778,0.7226277372262774,0.7352941176470589
4,2,68,0.2947038412094116,0.5929099917411804,0.7226277372262774,0.7352941176470589
4,2,69,0.28844740986824036,0.5964513421058655,0.7226277372262774,0.7352941176470589
4,2,70,0.2823532521724701,0.6003400683403015,0.7226277372262774,0.7352941176470589
4,2,71,0.2763880789279938,0.6042038202285767,0.7226277372262774,0.7352941176470589
4,2,72,0.27050355076789856,0.6075471043586731,0.8978102189781022,0.7352941176470589
4,2,73,0.2646750211715698,0.6106604337692261,0.9343065693430657,0.7352941176470589
4,2,74,0.2588914930820465,0.6134742498397827,0.9343065693430657,0.7352941176470589
4,2,75,0.2531754970550537,0.6154075264930725,0.9416058394160584,0.7352941176470589
4,2,76,0.24754872918128967,0.6168911457061768,0.9416058394160584,0.7352941176470589
4,2,77,0.24200116097927094,0.6172508597373962,0.9416058394160584,0.7352941176470589
4,2,78,0.23662066459655762,0.617371678352356,0.948905109489051,0.7352941176470589
4,2,79,0.2313767373561859,0.617556095123291,0.948905109489051,0.7352941176470589
4,2,80,0.22634528577327728,0.619277834892273,0.948905109489051,0.7352941176470589
4,2,81,0.2215040773153305,0.6230444312095642,0.9635036496350365,0.7352941176470589
4,2,82,0.21686477959156036,0.6291976571083069,0.9708029197080292,0.7352941176470589
4,2,83,0.2124418020248413,0.6393262147903442,0.9708029197080292,0.7352941176470589
4,2,84,0.20825956761837006,0.6535528898239136,0.9708029197080292,0.7352941176470589
4,2,85,0.20434723794460297,0.6696067452430725,0.9708029197080292,0.7352941176470589
4,2,86,0.20067904889583588,0.6858855485916138,0.9781021897810219,0.7352941176470589
4,2,87,0.19723263382911682,0.7020224332809448,0.9781021897810219,0.7352941176470589
4,2,88,0.19395367801189423,0.7166697978973389,0.9927007299270073,0.7352941176470589
4,2,89,0.19078485667705536,0.72794508934021,0.9927007299270073,0.7352941176470589
4,2,90,0.187760591506958,0.7364359498023987,0.9927007299270073,0.7352941176470589
4,2,91,0.18495871126651764,0.7457701563835144,0.9927007299270073,0.7352941176470589
4,2,92,0.1823556125164032,0.756083071231842,0.9927007299270073,0.7352941176470589
4,2,93,0.17983229458332062,0.769404947757721,0.9927007299270073,0.7352941176470589
4,2,94,0.17740516364574432,0.7846296429634094,0.9927007299270073,0.7352941176470589
4,2,95,0.17507070302963257,0.7987794876098633,0.9927007299270073,0.7352941176470589
4,2,96,0.17271801829338074,0.8099656701087952,0.9927007299270073,0.7352941176470589
4,2,97,0.1703886091709137,0.8189815282821655,0.9927007299270073,0.7352941176470589
4,2,98,0.1681433916091919,0.8265764713287354,0.9927007299270073,0.7352941176470589
4,2,99,0.1659708470106125,0.8355869054794312,1.0,0.7352941176470589
4,2,100,0.16384927928447723,0.8467873930931091,1.0,0.7352941176470589
4,3,1,0.7006847262382507,0.7011430859565735,0.2773722627737226,0.2647058823529412
4,3,2,0.696270763874054,0.6965269446372986,0.2773722627737226,0.2647058823529412
4,3,3,0.6917021870613098,0.6917606592178345,0.7226277372262774,0.7352941176470589
4,3,4,0.6868026852607727,0.6866596937179565,0.7226277372262774,0.7352941176470589
4,3,5,0.6816399097442627,0.6812874674797058,0.7226277372262774,0.7352941176470589
4,3,6,0.6759129166603088,0.6753745675086975,0.7226277372262774,0.7352941176470589
4,3,7,0.6693351864814758,0.6686097383499146,0.7226277372262774,0.7352941176470589
4,3,8,0.6618908643722534,0.6609687805175781,0.7226277372262774,0.7352941176470589
4,3,9,0.653639018535614,0.652516782283783,0.7226277372262774,0.7352941176470589
4,3,10,0.6446689367294312,0.643356442451477,0.7226277372262774,0.7352941176470589
4,3,11,0.6350924968719482,0.6336121559143066,0.7226277372262774,0.7352941176470589
4,3,12,0.6250728368759155,0.6234577298164368,0.7226277372262774,0.7352941176470589
4,3,13,0.614903450012207,0.6132054924964905,0.7226277372262774,0.7352941176470589
4,3,14,0.6049594283103943,0.6032724976539612,0.7226277372262774,0.7352941176470589
4,3,15,0.5956315398216248,0.5940998196601868,0.7226277372262774,0.7352941176470589
4,3,16,0.587380588054657,0.5861645936965942,0.7226277372262774,0.7352941176470589
4,3,17,0.5807321071624756,0.5800594091415405,0.7226277372262774,0.7352941176470589
4,3,18,0.5760946869850159,0.5762555003166199,0.7226277372262774,0.7352941176470589
4,3,19,0.5736116170883179,0.5749496221542358,0.7226277372262774,0.7352941176470589
4,3,20,0.5730574131011963,0.5759095549583435,0.7226277372262774,0.7352941176470589
4,3,21,0.5736719965934753,0.578335165977478,0.7226277372262774,0.7352941176470589
4,3,22,0.5743874311447144,0.5810865759849548,0.7226277372262774,0.7352941176470589
4,3,23,0.5741188526153564,0.5829218626022339,0.7226277372262774,0.7352941176470589
4,3,24,0.572468638420105,0.5833307504653931,0.7226277372262774,0.7352941176470589
4,3,25,0.5695379972457886,0.5824026465415955,0.7226277372262774,0.7352941176470589
4,3,26,0.5656089186668396,0.5805087089538574,0.7226277372262774,0.7352941176470589
4,3,27,0.5612602233886719,0.5780711770057678,0.7226277372262774,0.7352941176470589
4,3,28,0.556797981262207,0.5754041075706482,0.7226277372262774,0.7352941176470589
4,3,29,0.5525563955307007,0.5729116797447205,0.7226277372262774,0.7352941176470589
4,3,30,0.5486739277839661,0.5707640051841736,0.7226277372262774,0.7352941176470589
4,3,31,0.5452548861503601,0.5690811276435852,0.7226277372262774,0.7352941176470589
4,3,32,0.5422260761260986,0.5678115487098694,0.7226277372262774,0.7352941176470589
4,3,33,0.539379894733429,0.5668459534645081,0.7226277372262774,0.7352941176470589
4,3,34,0.5365283489227295,0.5660344958305359,0.7226277372262774,0.7352941176470589
4,3,35,0.5335237979888916,0.5652647018432617,0.7226277372262774,0.7352941176470589
4,3,36,0.5302373170852661,0.5644449591636658,0.7226277372262774,0.7352941176470589
4,3,37,0.5265727043151855,0.5635249018669128,0.7226277372262774,0.7352941176470589
4,3,38,0.5224516987800598,0.5624679327011108,0.7226277372262774,0.7352941176470589
4,3,39,0.517879068851471,0.5612954497337341,0.7226277372262774,0.7352941176470589
4,3,40,0.5128812193870544,0.5600448250770569,0.7226277372262774,0.7352941176470589
4,3,41,0.5074962377548218,0.5587612986564636,0.7226277372262774,0.7352941176470589
4,3,42,0.5017598867416382,0.5574883818626404,0.7226277372262774,0.7352941176470589
4,3,43,0.4957009255886078,0.5562654137611389,0.7226277372262774,0.7352941176470589
4,3,44,0.4893503785133362,0.5550971627235413,0.7226277372262774,0.7352941176470589
4,3,45,0.48272550106048584,0.5539783835411072,0.7226277372262774,0.7352941176470589
4,3,46,0.4757991135120392,0.5528140664100647,0.7226277372262774,0.7352941176470589
4,3,47,0.46855396032333374,0.5515966415405273,0.7226277372262774,0.7352941176470589
4,3,48,0.46097028255462646,0.550189197063446,0.7226277372262774,0.7352941176470589
4,3,49,0.45308947563171387,0.5485445261001587,0.7226277372262774,0.7352941176470589
4,3,50,0.4449158012866974,0.5465138554573059,0.7226277372262774,0.7352941176470589
4,3,51,0.4365513324737549,0.5441480875015259,0.7226277372262774,0.7352941176470589
4,3,52,0.42804643511772156,0.5414474606513977,0.7226277372262774,0.7352941176470589
4,3,53,0.4194833040237427,0.5384793877601624,0.7226277372262774,0.7352941176470589
4,3,54,0.410920113325119,0.5353991985321045,0.7226277372262774,0.7352941176470589
4,3,55,0.4023532271385193,0.532378613948822,0.7226277372262774,0.7352941176470589
4,3,56,0.39378827810287476,0.5296450257301331,0.7226277372262774,0.7352941176470589
4,3,57,0.3853282332420349,0.5271535515785217,0.7226277372262774,0.7352941176470589
4,3,58,0.37689098715782166,0.525092601776123,0.7226277372262774,0.7352941176470589
4,3,59,0.36846232414245605,0.5237272381782532,0.7226277372262774,0.7352941176470589
4,3,60,0.3601607084274292,0.5232887268066406,0.7226277372262774,0.7352941176470589
4,3,61,0.35209324955940247,0.5233775973320007,0.7226277372262774,0.7352941176470589
4,3,62,0.34429609775543213,0.5238040685653687,0.7226277372262774,0.7352941176470589
4,3,63,0.3366421163082123,0.5243685245513916,0.7299270072992701,0.7352941176470589
4,3,64,0.3290902078151703,0.5253499150276184,0.7883211678832117,0.7352941176470589
4,3,65,0.3215939998626709,0.5261613130569458,0.8467153284671532,0.7352941176470589
4,3,66,0.31410786509513855,0.5261163115501404,0.8686131386861314,0.7352941176470589
4,3,67,0.30665668845176697,0.5251212120056152,0.8832116788321168,0.7352941176470589
4,3,68,0.2993218004703522,0.523465096950531,0.8832116788321168,0.7352941176470589
4,3,69,0.2921147346496582,0.5215578079223633,0.8905109489051095,0.7647058823529411
4,3,70,0.28504353761672974,0.5198129415512085,0.8905109489051095,0.7941176470588235
4,3,71,0.278076708316803,0.518543541431427,0.9051094890510949,0.7941176470588235
4,3,72,0.27121010422706604,0.51861572265625,0.9124087591240876,0.7941176470588235
4,3,73,0.26437294483184814,0.5202518701553345,0.9124087591240876,0.7941176470588235
4,3,74,0.25762033462524414,0.5235714912414551,0.9124087591240876,0.7941176470588235
4,3,75,0.25106075406074524,0.5288212895393372,0.927007299270073,0.7941176470588235
4,3,76,0.24480800330638885,0.5345954895019531,0.9343065693430657,0.7941176470588235
4,3,77,0.23886339366436005,0.5408102869987488,0.9343065693430657,0.7941176470588235
4,3,78,0.2332475781440735,0.5466521382331848,0.9416058394160584,0.7941176470588235
4,3,79,0.22796262800693512,0.5527089238166809,0.9562043795620438,0.7941176470588235
4,3,80,0.22295431792736053,0.5581592321395874,0.9562043795620438,0.7941176470588235
4,3,81,0.2182215303182602,0.5644479393959045,0.9635036496350365,0.7941176470588235
4,3,82,0.21374540030956268,0.5714303255081177,0.9708029197080292,0.7941176470588235
4,3,83,0.20947973430156708,0.5785696506500244,0.9708029197080292,0.7941176470588235
4,3,84,0.20539630949497223,0.587737500667572,0.9854014598540146,0.7941176470588235
4,3,85,0.2014710009098053,0.5983394384384155,0.9854014598540146,0.7941176470588235
4,3,86,0.19769518077373505,0.6091549396514893,0.9854014598540146,0.7941176470588235
4,3,87,0.1940365731716156,0.618999183177948,0.9854014598540146,0.7941176470588235
4,3,88,0.19050101935863495,0.6271311640739441,0.9854014598540146,0.7941176470588235
4,3,89,0.1870892345905304,0.6333444118499756,0.9854014598540146,0.7941176470588235
4,3,90,0.1837928593158722,0.6391592025756836,0.9927007299270073,0.7941176470588235
4,3,91,0.18053613603115082,0.6466958522796631,0.9927007299270073,0.7941176470588235
4,3,92,0.17732343077659607,0.6547713875770569,0.9927007299270073,0.7941176470588235
4,3,93,0.17416289448738098,0.6645551323890686,0.9927007299270073,0.7941176470588235
4,3,94,0.17106208205223083,0.6766461730003357,0.9927007299270073,0.7941176470588235
4,3,95,0.16808636486530304,0.6881917119026184,0.9927007299270073,0.7941176470588235
4,3,96,0.1652323305606842,0.6995263695716858,0.9927007299270073,0.7941176470588235
4,3,97,0.16243179142475128,0.7100454568862915,0.9927007299270073,0.7941176470588235
4,3,98,0.15967194736003876,0.7194446325302124,1.0,0.7941176470588235
4,3,99,0.15689727663993835,0.7252095937728882,1.0,0.7941176470588235
4,3,100,0.1541970819234848,0.7217473983764648,1.0,0.7941176470588235
4,4,1,0.695685088634491,0.6958719491958618,0.2773722627737226,0.2647058823529412
4,4,2,0.6909089684486389,0.6908664107322693,0.7226277372262774,0.7352941176470589
4,4,3,0.6859438419342041,0.6856704354286194,0.7226277372262774,0.7352941176470589
4,4,4,0.6807466745376587,0.6802261471748352,0.7226277372262774,0.7352941176470589
4,4,5,0.6755197048187256,0.6747593879699707,0.7226277372262774,0.7352941176470589
4,4,6,0.669762909412384,0.6687870025634766,0.7226277372262774,0.7352941176470589
4,4,7,0.6631664633750916,0.6619561314582825,0.7226277372262774,0.7352941176470589
4,4,8,0.6557242274284363,0.6542581915855408,0.7226277372262774,0.7352941176470589
4,4,9,0.6475223302841187,0.6457843780517578,0.7226277372262774,0.7352941176470589
4,4,10,0.6386555433273315,0.636629045009613,0.7226277372262774,0.7352941176470589
4,4,11,0.6293135285377502,0.6269878149032593,0.7226277372262774,0.7352941176470589
4,4,12,0.6197195053100586,0.6171041131019592,0.7226277372262774,0.7352941176470589
4,4,13,0.6101604104042053,0.607279896736145,0.7226277372262774,0.7352941176470589
4,4,14,0.600969135761261,0.5978714227676392,0.7226277372262774,0.7352941176470589
4,4,15,0.5926215052604675,0.5893819332122803,0.7226277372262774,0.7352941176470589
4,4,16,0.5855501890182495,0.5822885036468506,0.7226277372262774,0.7352941176470589
4,4,17,0.5801795125007629,0.5770521759986877,0.7226277372262774,0.7352941176470589
4,4,18,0.5767760276794434,0.5739861726760864,0.7226277372262774,0.7352941176470589
4,4,19,0.5753301978111267,0.5731225609779358,0.7226277372262774,0.7352941176470589
4,4,20,0.5753929615020752,0.5740505456924438,0.7226277372262774,0.7352941176470589
4,4,21,0.5761579871177673,0.575941801071167,0.7226277372262774,0.7352941176470589
4,4,22,0.5766426920890808,0.5777764320373535,0.7226277372262774,0.7352941176470589
4,4,23,0.5760945677757263,0.5787348747253418,0.7226277372262774,0.7352941176470589
4,4,24,0.574244499206543,0.5785142183303833,0.7226277372262774,0.7352941176470589
4,4,25,0.5712675452232361,0.5772267580032349,0.7226277372262774,0.7352941176470589
4,4,26,0.567492663860321,0.5751317143440247,0.7226277372262774,0.7352941176470589
4,4,27,0.5634338855743408,0.5727322697639465,0.7226277372262774,0.7352941176470589
4,4,28,0.559418261051178,0.5703467726707458,0.7226277372262774,0.7352941176470589
4,4,29,0.5556989312171936,0.5682007074356079,0.7226277372262774,0.7352941176470589
4,4,30,0.5524013638496399,0.5664437413215637,0.7226277372262774,0.7352941176470589
4,4,31,0.5495286583900452,0.5651140809059143,0.7226277372262774,0.7352941176470589
4,4,32,0.5469675660133362,0.5641191005706787,0.7226277372262774,0.7352941176470589
4,4,33,0.5445700883865356,0.5633405447006226,0.7226277372262774,0.7352941176470589
4,4,34,0.5421451330184937,0.5626384019851685,0.7226277372262774,0.7352941176470589
4,4,35,0.5395678281784058,0.5619034767150879,0.7226277372262774,0.7352941176470589
4,4,36,0.5366884469985962,0.5610385537147522,0.7226277372262774,0.7352941176470589
4,4,37,0.5334552526473999,0.5600056648254395,0.7226277372262774,0.7352941176470589
4,4,38,0.5298444032669067,0.5588068962097168,0.7226277372262774,0.7352941176470589
4,4,39,0.5258776545524597,0.5574670433998108,0.7226277372262774,0.7352941176470589
4,4,40,0.5215381383895874,0.5560017228126526,0.7226277372262774,0.7352941176470589
4,4,41,0.5168613791465759,0.5544613003730774,0.7226277372262774,0.7352941176470589
4,4,42,0.511867344379425,0.5528862476348877,0.7226277372262774,0.7352941176470589
4,4,43,0.506617546081543,0.5513244271278381,0.7226277372262774,0.7352941176470589
4,4,44,0.5011119842529297,0.5497732758522034,0.7226277372262774,0.7352941176470589
4,4,45,0.49534088373184204,0.5481971502304077,0.7226277372262774,0.7352941176470589
4,4,46,0.48926082253456116,0.54656982421875,0.7226277372262774,0.7352941176470589
4,4,47,0.48283854126930237,0.5448529720306396,0.7226277372262774,0.7352941176470589
4,4,48,0.4760512113571167,0.5429829359054565,0.7226277372262774,0.7352941176470589
4,4,49,0.4688819646835327,0.5409091114997864,0.7226277372262774,0.7352941176470589
4,4,50,0.4613420069217682,0.5385854244232178,0.7226277372262774,0.7352941176470589
4,4,51,0.45349258184432983,0.5360384583473206,0.7226277372262774,0.7352941176470589
4,4,52,0.44539207220077515,0.533249020576477,0.7226277372262774,0.7352941176470589
4,4,53,0.43712297081947327,0.5303469300270081,0.7226277372262774,0.7352941176470589
4,4,54,0.4287545680999756,0.5274829268455505,0.7226277372262774,0.7352941176470589
4,4,55,0.42029935121536255,0.5246833562850952,0.7226277372262774,0.7352941176470589
4,4,56,0.4117429256439209,0.5219686031341553,0.7226277372262774,0.7352941176470589
4,4,57,0.4031381607055664,0.5194206237792969,0.7226277372262774,0.7352941176470589
4,4,58,0.39451703429222107,0.5171687006950378,0.7226277372262774,0.7352941176470589
4,4,59,0.38589149713516235,0.515289843082428,0.7226277372262774,0.7352941176470589
4,4,60,0.37732377648353577,0.5138548612594604,0.7226277372262774,0.7352941176470589
4,4,61,0.36887437105178833,0.5129309892654419,0.7226277372262774,0.7352941176470589
4,4,62,0.3606109023094177,0.5124946236610413,0.7226277372262774,0.7352941176470589
4,4,63,0.3525398075580597,0.5125067234039307,0.7226277372262774,0.7352941176470589
4,4,64,0.34465888142585754,0.5127366185188293,0.7226277372262774,0.7352941176470589
4,4,65,0.3369709253311157,0.513153612613678,0.7226277372262774,0.7352941176470589
4,4,66,0.3294498324394226,0.5135545134544373,0.7226277372262774,0.7352941176470589
4,4,67,0.32210060954093933,0.5141072869300842,0.7226277372262774,0.7352941176470589
4,4,68,0.3149048089981079,0.5149440765380859,0.7226277372262774,0.7352941176470589
4,4,69,0.3078416585922241,0.5158548951148987,0.7226277372262774,0.7352941176470589
4,4,70,0.30087554454803467,0.5170064568519592,0.7226277372262774,0.7352941176470589
4,4,71,0.29403987526893616,0.5184153318405151,0.7226277372262774,0.7352941176470589
4,4,72,0.2872895896434784,0.5199880003929138,0.7226277372262774,0.7352941176470589
4,4,73,0.28063714504241943,0.5215752720832825,0.7226277372262774,0.7352941176470589
4,4,74,0.27415889501571655,0.5235241055488586,0.7226277372262774,0.7352941176470589
4,4,75,0.26783472299575806,0.5263479948043823,0.9051094890510949,0.7647058823529411
4,4,76,0.26171156764030457,0.5305653214454651,0.927007299270073,0.7647058823529411
4,4,77,0.25582367181777954,0.5361875891685486,0.927007299270073,0.7647058823529411
4,4,78,0.2501344680786133,0.5428791642189026,0.927007299270073,0.7647058823529411
4,4,79,0.24465613067150116,0.5506329536437988,0.927007299270073,0.7647058823529411
4,4,80,0.23939408361911774,0.5586234927177429,0.9562043795620438,0.7647058823529411
4,4,81,0.23437118530273438,0.5664863586425781,0.9635036496350365,0.7647058823529411
4,4,82,0.22959280014038086,0.5740342140197754,0.9635036496350365,0.7647058823529411
4,4,83,0.22504349052906036,0.5821847319602966,0.9635036496350365,0.7647058823529411
4,4,84,0.22067320346832275,0.5900183320045471,0.9635036496350365,0.7647058823529411
4,4,85,0.2164659947156906,0.5988941788673401,0.9708029197080292,0.7647058823529411
4,4,86,0.21240709722042084,0.6089308261871338,0.9708029197080292,0.7647058823529411
4,4,87,0.20847848057746887,0.6195273399353027,0.9781021897810219,0.7647058823529411
4,4,88,0.20466887950897217,0.6299096345901489,0.9854014598540146,0.7647058823529411
4,4,89,0.20100709795951843,0.6411417722702026,0.9854014598540146,0.7647058823529411
4,4,90,0.19749176502227783,0.6519572734832764,0.9854014598540146,0.7647058823529411
4,4,91,0.19416728615760803,0.6627910733222961,0.9854014598540146,0.7647058823529411
4,4,92,0.19102168083190918,0.6736935973167419,0.9854014598540146,0.7647058823529411
4,4,93,0.1880093812942505,0.6848540902137756,0.9854014598540146,0.7647058823529411
4,4,94,0.1851218342781067,0.6957924962043762,0.9854014598540146,0.7647058823529411
4,4,95,0.18236272037029266,0.7062228918075562,0.9854014598540146,0.7647058823529411
4,4,96,0.17978055775165558,0.7176443934440613,1.0,0.7647058823529411
4,4,97,0.17737534642219543,0.7309627532958984,1.0,0.7647058823529411
4,4,98,0.1751338094472885,0.7436034083366394,1.0,0.7647058823529411
4,4,99,0.17310722172260284,0.7522728443145752,1.0,0.7647058823529411
4,4,100,0.17118632793426514,0.7629667520523071,1.0,0.7647058823529411
4,5,1,0.6972194910049438,0.6968375444412231,0.27007299270072993,0.29411764705882354
4,5,2,0.6910548806190491,0.6913542151451111,0.7299270072992701,0.7058823529411765
4,5,3,0.6844918727874756,0.685556173324585,0.7299270072992701,0.7058823529411765
4,5,4,0.6774218678474426,0.6793603301048279,0.7299270072992701,0.7058823529411765
4,5,5,0.6696556806564331,0.6726226806640625,0.7299270072992701,0.7058823529411765
4,5,6,0.6609184145927429,0.6651259660720825,0.7299270072992701,0.7058823529411765
4,5,7,0.6511649489402771,0.6568706631660461,0.7299270072992701,0.7058823529411765
4,5,8,0.6404687166213989,0.647969663143158,0.7299270072992701,0.7058823529411765
4,5,9,0.6290485262870789,0.6386761665344238,0.7299270072992701,0.7058823529411765
4,5,10,0.6171438097953796,0.629300057888031,0.7299270072992701,0.7058823529411765
4,5,11,0.6053029894828796,0.6203886270523071,0.7299270072992701,0.7058823529411765
4,5,12,0.5941014885902405,0.612573504447937,0.7299270072992701,0.7058823529411765
4,5,13,0.5842384696006775,0.606567919254303,0.7299270072992701,0.7058823529411765
4,5,14,0.5764289498329163,0.6030745506286621,0.7299270072992701,0.7058823529411765
4,5,15,0.5712587833404541,0.602644681930542,0.7299270072992701,0.7058823529411765
4,5,16,0.5689799785614014,0.6053565740585327,0.7299270072992701,0.7058823529411765
4,5,17,0.5692137479782104,0.6105886101722717,0.7299270072992701,0.7058823529411765
4,5,18,0.570773720741272,0.6167886257171631,0.7299270072992701,0.7058823529411765
4,5,19,0.5721055865287781,0.6220801472663879,0.7299270072992701,0.7058823529411765
4,5,20,0.5719517469406128,0.624935507774353,0.7299270072992701,0.7058823529411765
4,5,21,0.569873571395874,0.6249297261238098,0.7299270072992701,0.7058823529411765
4,5,22,0.5660744905471802,0.622310996055603,0.7299270072992701,0.7058823529411765
4,5,23,0.5612786412239075,0.6181017756462097,0.7299270072992701,0.7058823529411765
4,5,24,0.5561264157295227,0.6131024956703186,0.7299270072992701,0.7058823529411765
4,5,25,0.5511288642883301,0.6079586148262024,0.7299270072992701,0.7058823529411765
4,5,26,0.5467066764831543,0.6032758355140686,0.7299270072992701,0.7058823529411765
4,5,27,0.5430164933204651,0.5993495583534241,0.7299270072992701,0.7058823529411765
4,5,28,0.5399460792541504,0.5962668061256409,0.7299270072992701,0.7058823529411765
4,5,29,0.537325918674469,0.5939257740974426,0.7299270072992701,0.7058823529411765
4,5,30,0.5348780155181885,0.5921054482460022,0.7299270072992701,0.7058823529411765
4,5,31,0.5323492884635925,0.5906422734260559,0.7299270072992701,0.7058823529411765
4,5,32,0.5295494794845581,0.5893760323524475,0.7299270072992701,0.7058823529411765
4,5,33,0.5263394713401794,0.5881733894348145,0.7299270072992701,0.7058823529411765
4,5,34,0.5226221084594727,0.5869660973548889,0.7299270072992701,0.7058823529411765
4,5,35,0.5184094905853271,0.5857325196266174,0.7299270072992701,0.7058823529411765
4,5,36,0.5137298107147217,0.5844845771789551,0.7299270072992701,0.7058823529411765
4,5,37,0.5086351037025452,0.5832607746124268,0.7299270072992701,0.7058823529411765
4,5,38,0.5032089948654175,0.5820922255516052,0.7299270072992701,0.7058823529411765
4,5,39,0.49752873182296753,0.5809792876243591,0.7299270072992701,0.7058823529411765
4,5,40,0.4916279911994934,0.5798946022987366,0.7299270072992701,0.7058823529411765
4,5,41,0.48549512028694153,0.5787836313247681,0.7299270072992701,0.7058823529411765
4,5,42,0.47909635305404663,0.5775960087776184,0.7299270072992701,0.7058823529411765
4,5,43,0.47237539291381836,0.5761566162109375,0.7299270072992701,0.7058823529411765
4,5,44,0.4652840197086334,0.5743767619132996,0.7299270072992701,0.7058823529411765
4,5,45,0.4577805697917938,0.5721635222434998,0.7299270072992701,0.7058823529411765
4,5,46,0.44986385107040405,0.569469153881073,0.7299270072992701,0.7058823529411765
4,5,47,0.4415956139564514,0.5663285851478577,0.7299270072992701,0.7058823529411765
4,5,48,0.43307483196258545,0.5628383159637451,0.7299270072992701,0.7058823529411765
4,5,49,0.4243607223033905,0.5590603947639465,0.7299270072992701,0.7058823529411765
4,5,50,0.4155254662036896,0.5551171898841858,0.7299270072992701,0.7058823529411765
4,5,51,0.4066047668457031,0.551209032535553,0.7299270072992701,0.7058823529411765
4,5,52,0.39756762981414795,0.5474761724472046,0.7299270072992701,0.7058823529411765
4,5,53,0.3884410858154297,0.5440948605537415,0.7299270072992701,0.7058823529411765
4,5,54,0.3793145716190338,0.5410788059234619,0.7299270072992701,0.7058823529411765
4,5,55,0.370199590921402,0.5386046171188354,0.7299270072992701,0.7058823529411765
4,5,56,0.3611668348312378,0.536682665348053,0.7299270072992701,0.7058823529411765
4,5,57,0.3523070514202118,0.5353114008903503,0.7299270072992701,0.7058823529411765
4,5,58,0.3435744643211365,0.5342604517936707,0.7299270072992701,0.7058823529411765
4,5,59,0.3349926769733429,0.5335443615913391,0.7299270072992701,0.7058823529411765
4,5,60,0.32662445306777954,0.5329791903495789,0.7299270072992701,0.7058823529411765
4,5,61,0.31844276189804077,0.5328348875045776,0.7299270072992701,0.7058823529411765
4,5,62,0.3104553818702698,0.5327163934707642,0.7299270072992701,0.7058823529411765
4,5,63,0.30264148116111755,0.5327248573303223,0.7299270072992701,0.7058823529411765
4,5,64,0.2950223684310913,0.5330139398574829,0.7299270072992701,0.7058823529411765
4,5,65,0.2875588536262512,0.5337507128715515,0.7299270072992701,0.7058823529411765
4,5,66,0.2802530527114868,0.5352470278739929,0.7299270072992701,0.7058823529411765
4,5,67,0.27311640977859497,0.537371039390564,0.7299270072992701,0.7058823529411765
4,5,68,0.266200989484787,0.5403450727462769,0.7299270072992701,0.7058823529411765
4,5,69,0.25953352451324463,0.5442330241203308,0.7299270072992701,0.7058823529411765
4,5,70,0.25312864780426025,0.5484073758125305,0.8905109489051095,0.7352941176470589
4,5,71,0.24699902534484863,0.5533316135406494,0.9197080291970803,0.7352941176470589
4,5,72,0.24109576642513275,0.5584683418273926,0.9416058394160584,0.7352941176470589
4,5,73,0.23533836007118225,0.5635016560554504,0.9416058394160584,0.7352941176470589
4,5,74,0.22974281013011932,0.5685596466064453,0.9416058394160584,0.7352941176470589
4,5,75,0.22433309257030487,0.573574423789978,0.9416058394160584,0.7352941176470589
4,5,76,0.219119593501091,0.5790848731994629,0.948905109489051,0.7352941176470589
4,5,77,0.21418644487857819,0.5858402252197266,0.9635036496350365,0.7352941176470589
4,5,78,0.20950737595558167,0.594111979007721,0.9781021897810219,0.7352941176470589
4,5,79,0.20506314933300018,0.6030899286270142,0.9781021897810219,0.7352941176470589
4,5,80,0.20083001255989075,0.6127647757530212,0.9781021897810219,0.7352941176470589
4,5,81,0.19682443141937256,0.6224274039268494,0.9781021897810219,0.7352941176470589
4,5,82,0.19305361807346344,0.6323511004447937,0.9781021897810219,0.7352941176470589
4,5,83,0.1895340383052826,0.6425552368164062,0.9854014598540146,0.7352941176470589
4,5,84,0.18634405732154846,0.6533383727073669,0.9927007299270073,0.7352941176470589
4,5,85,0.18349768221378326,0.6642582416534424,0.9927007299270073,0.7352941176470589
4,5,86,0.18092894554138184,0.6755397915840149,0.9927007299270073,0.7352941176470589
4,5,87,0.1785886585712433,0.6874338984489441,0.9927007299270073,0.7352941176470589
4,5,88,0.17642945051193237,0.6992266178131104,0.9927007299270073,0.7352941176470589
4,5,89,0.1743783801794052,0.7094910740852356,1.0,0.7058823529411765
4,5,90,0.17241783440113068,0.7171623110771179,1.0,0.7058823529411765
4,5,91,0.17059992253780365,0.7245578765869141,1.0,0.7058823529411765
4,5,92,0.16895300149917603,0.7335026860237122,1.0,0.7058823529411765
4,5,93,0.16740885376930237,0.744086503982544,1.0,0.7058823529411765
4,5,94,0.16588467359542847,0.7532311677932739,1.0,0.7058823529411765
4,5,95,0.16434966027736664,0.7609367370605469,1.0,0.7058823529411765
4,5,96,0.1628541499376297,0.7684451937675476,1.0,0.7058823529411765
4,5,97,0.16138295829296112,0.7783405780792236,1.0,0.7058823529411765
4,5,98,0.15993157029151917,0.7870923280715942,1.0,0.7058823529411765
4,5,99,0.15847870707511902,0.7942368984222412,1.0,0.7058823529411765
4,5,100,0.15702146291732788,0.8014527559280396,1.0,0.7058823529411765
5,1,1,0.6956167817115784,0.6955165266990662,0.27205882352941174,0.2857142857142857
5,1,2,0.6908256411552429,0.6910581588745117,0.7279411764705882,0.7142857142857143
5,1,3,0.68605637550354,0.6866337060928345,0.7279411764705882,0.7142857142857143
5,1,4,0.6812870502471924,0.6822383403778076,0.7279411764705882,0.7142857142857143
5,1,5,0.6762406826019287,0.6776115298271179,0.7279411764705882,0.7142857142857143
5,1,6,0.6705964207649231,0.672500729560852,0.7279411764705882,0.7142857142857143
5,1,7,0.6641359925270081,0.666692852973938,0.7279411764705882,0.7142857142857143
5,1,8,0.6568056344985962,0.6601601839065552,0.7279411764705882,0.7142857142857143
5,1,9,0.648633599281311,0.6529461741447449,0.7279411764705882,0.7142857142857143
5,1,10,0.6397319436073303,0.6451839804649353,0.7279411764705882,0.7142857142857143
5,1,11,0.6302267909049988,0.6370232701301575,0.7279411764705882,0.7142857142857143
5,1,12,0.6202839016914368,0.6286718249320984,0.7279411764705882,0.7142857142857143
5,1,13,0.6102042198181152,0.6204580664634705,0.7279411764705882,0.7142857142857143
5,1,14,0.6002589464187622,0.6127238273620605,0.7279411764705882,0.7142857142857143
5,1,15,0.5909116268157959,0.605941891670227,0.7279411764705882,0.7142857142857143
5,1,16,0.5826765894889832,0.6006783843040466,0.7279411764705882,0.7142857142857143
5,1,17,0.5760750770568848,0.5974583029747009,0.7279411764705882,0.7142857142857143
5,1,18,0.5714911222457886,0.5967029333114624,0.7279411764705882,0.7142857142857143
5,1,19,0.5691881775856018,0.5985524654388428,0.7279411764705882,0.7142857142857143
5,1,20,0.5688894987106323,0.6026034951210022,0.7279411764705882,0.7142857142857143
5,1,21,0.5698238015174866,0.6078715920448303,0.7279411764705882,0.7142857142857143
5,1,22,0.5707727074623108,0.6127367615699768,0.7279411764705882,0.7142857142857143
5,1,23,0.5707841515541077,0.6161307692527771,0.7279411764705882,0.7142857142857143
5,1,24,0.5694202184677124,0.6175172924995422,0.7279411764705882,0.7142857142857143
5,1,25,0.5667337775230408,0.6169412136077881,0.7279411764705882,0.7142857142857143
5,1,26,0.5629646182060242,0.6146782040596008,0.7279411764705882,0.7142857142857143
5,1,27,0.5586619973182678,0.6114106774330139,0.7279411764705882,0.7142857142857143
5,1,28,0.5542930364608765,0.6077877879142761,0.7279411764705882,0.7142857142857143
5,1,29,0.5501531958580017,0.6041206121444702,0.7279411764705882,0.7142857142857143
5,1,30,0.5464557409286499,0.6008322834968567,0.7279411764705882,0.7142857142857143
5,1,31,0.5432252287864685,0.598085343837738,0.7279411764705882,0.7142857142857143
5,1,32,0.5404446125030518,0.595917284488678,0.7279411764705882,0.7142857142857143
5,1,33,0.5379348993301392,0.5942391753196716,0.7279411764705882,0.7142857142857143
5,1,34,0.5355000495910645,0.5929954648017883,0.7279411764705882,0.7142857142857143
5,1,35,0.5329614281654358,0.592058002948761,0.7279411764705882,0.7142857142857143
5,1,36,0.5301883816719055,0.5913176536560059,0.7279411764705882,0.7142857142857143
5,1,37,0.5270575284957886,0.5907202363014221,0.7279411764705882,0.7142857142857143
5,1,38,0.5235205292701721,0.5902436375617981,0.7279411764705882,0.7142857142857143
5,1,39,0.5195632576942444,0.5898405313491821,0.7279411764705882,0.7142857142857143
5,1,40,0.515200674533844,0.5895729064941406,0.7279411764705882,0.7142857142857143
5,1,41,0.5105262994766235,0.5894279479980469,0.7279411764705882,0.7142857142857143
5,1,42,0.5055471062660217,0.5894111394882202,0.7279411764705882,0.7142857142857143
5,1,43,0.5002967715263367,0.5895472764968872,0.7279411764705882,0.7142857142857143
5,1,44,0.49477118253707886,0.5898600220680237,0.7279411764705882,0.7142857142857143
5,1,45,0.4889734387397766,0.5902800559997559,0.7279411764705882,0.7142857142857143
5,1,46,0.48288699984550476,0.5907283425331116,0.7279411764705882,0.7142857142857143
5,1,47,0.4765221178531647,0.5912420749664307,0.7279411764705882,0.7142857142857143
5,1,48,0.4698631763458252,0.591672420501709,0.7279411764705882,0.7142857142857143
5,1,49,0.46291616559028625,0.5919456481933594,0.7279411764705882,0.7142857142857143
5,1,50,0.45566755533218384,0.5918818116188049,0.7279411764705882,0.7142857142857143
5,1,51,0.4481508135795593,0.5914633870124817,0.7279411764705882,0.7142857142857143
5,1,52,0.4404561221599579,0.5907639861106873,0.7279411764705882,0.7142857142857143
5,1,53,0.43261149525642395,0.5898516178131104,0.7279411764705882,0.7142857142857143
5,1,54,0.42468807101249695,0.5887326598167419,0.7279411764705882,0.7142857142857143
5,1,55,0.41677069664001465,0.5875037908554077,0.7279411764705882,0.7142857142857143
5,1,56,0.40889447927474976,0.586349606513977,0.7279411764705882,0.7142857142857143
5,1,57,0.40110689401626587,0.5853379964828491,0.7279411764705882,0.7142857142857143
5,1,58,0.39337944984436035,0.5846531987190247,0.7279411764705882,0.7142857142857143
5,1,59,0.38568323850631714,0.5844905972480774,0.7279411764705882,0.7142857142857143
5,1,60,0.37797194719314575,0.5850967168807983,0.7279411764705882,0.7142857142857143
5,1,61,0.37029656767845154,0.5862320065498352,0.7279411764705882,0.7142857142857143
5,1,62,0.3626713454723358,0.5879718661308289,0.7279411764705882,0.7142857142857143
5,1,63,0.35510578751564026,0.5898287296295166,0.7279411764705882,0.7142857142857143
5,1,64,0.3475799560546875,0.5916022062301636,0.7279411764705882,0.7142857142857143
5,1,65,0.3401375412940979,0.5934291481971741,0.7279411764705882,0.7142857142857143
5,1,66,0.3327937722206116,0.5951097011566162,0.7279411764705882,0.7142857142857143
5,1,67,0.325579971075058,0.5970346331596375,0.7279411764705882,0.7142857142857143
5,1,68,0.3184778690338135,0.598530113697052,0.7279411764705882,0.7142857142857143
5,1,69,0.31152787804603577,0.6001538634300232,0.8382352941176471,0.7142857142857143
5,1,70,0.30470389127731323,0.6020740270614624,0.8602941176470589,0.7142857142857143
5,1,71,0.29795002937316895,0.6048243045806885,0.875,0.7142857142857143
5,1,72,0.2912471294403076,0.6083260774612427,0.9044117647058824,0.7142857142857143
5,1,73,0.2845954895019531,0.6124584078788757,0.9117647058823529,0.7142857142857143
5,1,74,0.27800071239471436,0.6163557767868042,0.9191176470588235,0.7428571428571429
5,1,75,0.271405965089798,0.6195994019508362,0.9191176470588235,0.7428571428571429
5,1,76,0.2647874653339386,0.6224431991577148,0.9191176470588235,0.7428571428571429
5,1,77,0.25818079710006714,0.6244919896125793,0.9191176470588235,0.7428571428571429
5,1,78,0.25167712569236755,0.6260626912117004,0.9191176470588235,0.7428571428571429
5,1,79,0.24529018998146057,0.627705454826355,0.9191176470588235,0.7428571428571429
5,1,80,0.23906882107257843,0.631057620048523,0.9264705882352942,0.7428571428571429
5,1,81,0.23301538825035095,0.6367655396461487,0.9264705882352942,0.7142857142857143
5,1,82,0.22715891897678375,0.6455315351486206,0.9411764705882353,0.7142857142857143
5,1,83,0.22154296934604645,0.6562789678573608,0.9705882352941176,0.7142857142857143
5,1,84,0.2161778062582016,0.6704083681106567,0.9705882352941176,0.7428571428571429
5,1,85,0.2111196219921112,0.6857277154922485,0.9705882352941176,0.7428571428571429
5,1,86,0.20633698999881744,0.7022461891174316,0.9705882352941176,0.7428571428571429
5,1,87,0.2016417235136032,0.714677095413208,0.9779411764705882,0.7428571428571429
5,1,88,0.1970956176519394,0.7266020774841309,0.9779411764705882,0.7428571428571429
5,1,89,0.19269955158233643,0.7386447787284851,0.9852941176470589,0.7428571428571429
5,1,90,0.18843641877174377,0.7519699335098267,0.9852941176470589,0.7428571428571429
5,1,91,0.1843181848526001,0.7684038877487183,0.9926470588235294,0.7428571428571429
5,1,92,0.18034088611602783,0.7868548035621643,0.9926470588235294,0.7428571428571429
5,1,93,0.17648494243621826,0.8051958680152893,0.9926470588235294,0.7428571428571429
5,1,94,0.1727522313594818,0.8249422907829285,0.9926470588235294,0.7428571428571429
5,1,95,0.16897912323474884,0.8376486301422119,0.9926470588235294,0.7428571428571429
5,1,96,0.16531400382518768,0.8492735028266907,0.9926470588235294,0.7428571428571429
5,1,97,0.16173973679542542,0.8643484711647034,0.9926470588235294,0.7428571428571429
5,1,98,0.15821854770183563,0.8768562078475952,0.9926470588235294,0.7428571428571429
5,1,99,0.15481160581111908,0.8828414082527161,1.0,0.7428571428571429
5,1,100,0.1515749990940094,0.8889791369438171,1.0,0.7428571428571429
5,2,1,0.6885956525802612,0.6883763670921326,0.7226277372262774,0.7352941176470589
5,2,2,0.6839855313301086,0.6835451126098633,0.7226277372262774,0.7352941176470589
5,2,3,0.6791070103645325,0.6784502863883972,0.7226277372262774,0.7352941176470589
5,2,4,0.6738252639770508,0.6729409694671631,0.7226277372262774,0.7352941176470589
5,2,5,0.6682891249656677,0.6671745181083679,0.7226277372262774,0.7352941176470589
5,2,6,0.6621534824371338,0.6608268618583679,0.7226277372262774,0.7352941176470589
5,2,7,0.655152440071106,0.6536148190498352,0.7226277372262774,0.7352941176470589
5,2,8,0.6473095417022705,0.6455478668212891,0.7226277372262774,0.7352941176470589
5,2,9,0.6387520432472229,0.6367703676223755,0.7226277372262774,0.7352941176470589
5,2,10,0.6296243071556091,0.6274361610412598,0.7226277372262774,0.7352941176470589
5,2,11,0.620072603225708,0.6177102327346802,0.7226277372262774,0.7352941176470589
5,2,12,0.6103711724281311,0.6078757643699646,0.7226277372262774,0.7352941176470589
5,2,13,0.6009623408317566,0.5984181761741638,0.7226277372262774,0.7352941176470589
5,2,14,0.5923141241073608,0.589830756187439,0.7226277372262774,0.7352941176470589
5,2,15,0.5849360823631287,0.5826789736747742,0.7226277372262774,0.7352941176470589
5,2,16,0.5793672204017639,0.5775341987609863,0.7226277372262774,0.7352941176470589
5,2,17,0.5759525299072266,0.5748137831687927,0.7226277372262774,0.7352941176470589
5,2,18,0.5747188329696655,0.5745843648910522,0.7226277372262774,0.7352941176470589
5,2,19,0.5751497149467468,0.576293408870697,0.7226277372262774,0.7352941176470589
5,2,20,0.5760869383811951,0.5787752270698547,0.7226277372262774,0.7352941176470589
5,2,21,0.5764986276626587,0.5809047818183899,0.7226277372262774,0.7352941176470589
5,2,22,0.5756101608276367,0.5818231105804443,0.7226277372262774,0.7352941176470589
5,2,23,0.5732009410858154,0.5811892151832581,0.7226277372262774,0.7352941176470589
5,2,24,0.5695995688438416,0.5793604850769043,0.7226277372262774,0.7352941176470589
5,2,25,0.5654551982879639,0.5769069790840149,0.7226277372262774,0.7352941176470589
5,2,26,0.5611587166786194,0.5742292404174805,0.7226277372262774,0.7352941176470589
5,2,27,0.5570904016494751,0.5716939568519592,0.7226277372262774,0.7352941176470589
5,2,28,0.5534083843231201,0.5695227384567261,0.7226277372262774,0.7352941176470589
5,2,29,0.550204336643219,0.5678228735923767,0.7226277372262774,0.7352941176470589
5,2,30,0.5473678112030029,0.5665501952171326,0.7226277372262774,0.7352941176470589
5,2,31,0.5447646975517273,0.5655655860900879,0.7226277372262774,0.7352941176470589
5,2,32,0.5422353148460388,0.5647560358047485,0.7226277372262774,0.7352941176470589
5,2,33,0.5396075248718262,0.5639907121658325,0.7226277372262774,0.7352941176470589
5,2,34,0.5367287993431091,0.5631595253944397,0.7226277372262774,0.7352941176470589
5,2,35,0.5335206389427185,0.5621992945671082,0.7226277372262774,0.7352941176470589
5,2,36,0.5299026370048523,0.561074435710907,0.7226277372262774,0.7352941176470589
5,2,37,0.5258710384368896,0.5597970485687256,0.7226277372262774,0.7352941176470589
5,2,38,0.5213819146156311,0.5583767890930176,0.7226277372262774,0.7352941176470589
5,2,39,0.5165207386016846,0.556887149810791,0.7226277372262774,0.7352941176470589
5,2,40,0.511313259601593,0.5553860664367676,0.7226277372262774,0.7352941176470589
5,2,41,0.5058241486549377,0.553914487361908,0.7226277372262774,0.7352941176470589
5,2,42,0.5000628232955933,0.552493155002594,0.7226277372262774,0.7352941176470589
5,2,43,0.4940290153026581,0.5510806441307068,0.7226277372262774,0.7352941176470589
5,2,44,0.4877074360847473,0.5496495962142944,0.7226277372262774,0.7352941176470589
5,2,45,0.48107486963272095,0.548153281211853,0.7226277372262774,0.7352941176470589
5,2,46,0.4740726947784424,0.5464802980422974,0.7226277372262774,0.7352941176470589
5,2,47,0.46668970584869385,0.5445446968078613,0.7226277372262774,0.7352941176470589
5,2,48,0.4589783847332001,0.5422088503837585,0.7226277372262774,0.7352941176470589
5,2,49,0.45101338624954224,0.53952556848526,0.7226277372262774,0.7352941176470589
5,2,50,0.4427995979785919,0.536483108997345,0.7226277372262774,0.7352941176470589
5,2,51,0.43435072898864746,0.5331946611404419,0.7226277372262774,0.7352941176470589
5,2,52,0.425703227519989,0.5296798944473267,0.7226277372262774,0.7352941176470589
5,2,53,0.4169059693813324,0.5260764956474304,0.7226277372262774,0.7352941176470589
5,2,54,0.40802669525146484,0.5224290490150452,0.7226277372262774,0.7352941176470589
5,2,55,0.3990546464920044,0.5188345909118652,0.7226277372262774,0.7352941176470589
5,2,56,0.38991859555244446,0.5155289769172668,0.7226277372262774,0.7352941176470589
5,2,57,0.38062337040901184,0.5124413371086121,0.7226277372262774,0.7352941176470589
5,2,58,0.3712027966976166,0.5096883177757263,0.7226277372262774,0.7352941176470589
5,2,59,0.3617159426212311,0.5075080394744873,0.7226277372262774,0.7352941176470589
5,2,60,0.3522763252258301,0.5061154365539551,0.7226277372262774,0.7352941176470589
5,2,61,0.34303680062294006,0.5054046511650085,0.7226277372262774,0.7352941176470589
5,2,62,0.3340292274951935,0.5052772164344788,0.7226277372262774,0.7352941176470589
5,2,63,0.3252753019332886,0.5051451921463013,0.7226277372262774,0.7352941176470589
5,2,64,0.3167666792869568,0.5050415396690369,0.7226277372262774,0.7352941176470589
5,2,65,0.30841732025146484,0.504494845867157,0.7664233576642335,0.7352941176470589
5,2,66,0.30021849274635315,0.5037655830383301,0.8321167883211679,0.7352941176470589
5,2,67,0.29220226407051086,0.5033915042877197,0.8686131386861314,0.7352941176470589
5,2,68,0.28435105085372925,0.5036299824714661,0.8905109489051095,0.7352941176470589
5,2,69,0.2766953408718109,0.5044713616371155,0.9051094890510949,0.7352941176470589
5,2,70,0.2692272365093231,0.5060163736343384,0.9124087591240876,0.7352941176470589
5,2,71,0.2619664967060089,0.5082054734230042,0.9197080291970803,0.7647058823529411
5,2,72,0.2549174427986145,0.5111404657363892,0.927007299270073,0.7647058823529411
5,2,73,0.24809961020946503,0.514251172542572,0.927007299270073,0.7941176470588235
5,2,74,0.24143995344638824,0.5178596377372742,0.9343065693430657,0.7941176470588235
5,2,75,0.2349754422903061,0.5211887955665588,0.9343065693430657,0.7941176470588235
5,2,76,0.22872306406497955,0.5245941877365112,0.9343065693430657,0.7941176470588235
5,2,77,0.22274376451969147,0.5294461846351624,0.9562043795620438,0.7941176470588235
5,2,78,0.21706941723823547,0.5354232788085938,0.9635036496350365,0.7941176470588235
5,2,79,0.21170127391815186,0.543070375919342,0.9635036496350365,0.7941176470588235
5,2,80,0.20659266412258148,0.5525014400482178,0.9708029197080292,0.7941176470588235
5,2,81,0.20173345506191254,0.5633734464645386,0.9708029197080292,0.7941176470588235
5,2,82,0.19713164865970612,0.5751541256904602,0.9781021897810219,0.7647058823529411
5,2,83,0.19276385009288788,0.5853719115257263,0.9927007299270073,0.7647058823529411
5,2,84,0.18859484791755676,0.5989165902137756,1.0,0.7647058823529411
5,2,85,0.18463337421417236,0.6145278811454773,0.9927007299270073,0.7647058823529411
5,2,86,0.18091589212417603,0.6291113495826721,0.9927007299270073,0.7352941176470589
5,2,87,0.17739970982074738,0.6438669562339783,0.9927007299270073,0.7352941176470589
5,2,88,0.17404614388942719,0.6576297879219055,0.9927007299270073,0.7352941176470589
5,2,89,0.1708676815032959,0.6696829795837402,1.0,0.7352941176470589
5,2,90,0.1677454560995102,0.6791673302650452,1.0,0.7352941176470589
5,2,91,0.1646306961774826,0.6873477697372437,1.0,0.7352941176470589
5,2,92,0.16144704818725586,0.7013291716575623,1.0,0.7352941176470589
5,2,93,0.15830150246620178,0.7176472544670105,1.0,0.7352941176470589
5,2,94,0.15526339411735535,0.7206176519393921,1.0,0.7352941176470589
5,2,95,0.15234310925006866,0.7218461036682129,1.0,0.7352941176470589
5,2,96,0.14934314787387848,0.7264888286590576,1.0,0.7352941176470589
5,2,97,0.1461603194475174,0.7368545532226562,1.0,0.7352941176470589
5,2,98,0.1429135650396347,0.751329779624939,1.0,0.7352941176470589
5,2,99,0.13967329263687134,0.7633565068244934,1.0,0.7352941176470589
5,2,100,0.13647614419460297,0.7566815614700317,1.0,0.7647058823529411
5,3,1,0.6811239123344421,0.6804630160331726,0.7226277372262774,0.7352941176470589
5,3,2,0.6763039231300354,0.6753920912742615,0.7226277372262774,0.7352941176470589
5,3,3,0.6713662147521973,0.6702180504798889,0.7226277372262774,0.7352941176470589
5,3,4,0.6662243604660034,0.6648250222206116,0.7226277372262774,0.7352941176470589
5,3,5,0.6612638235092163,0.659618079662323,0.7226277372262774,0.7352941176470589
5,3,6,0.655899167060852,0.654056191444397,0.7226277372262774,0.7352941176470589
5,3,7,0.649775505065918,0.6477356553077698,0.7226277372262774,0.7352941176470589
5,3,8,0.642930269241333,0.6406856775283813,0.7226277372262774,0.7352941176470589
5,3,9,0.6354102492332458,0.6329597234725952,0.7226277372262774,0.7352941176470589
5,3,10,0.6273576021194458,0.6247056126594543,0.7226277372262774,0.7352941176470589
5,3,11,0.6189300417900085,0.6161012053489685,0.7226277372262774,0.7352941176470589
5,3,12,0.6103157997131348,0.6073359251022339,0.7226277372262774,0.7352941176470589
5,3,13,0.6018549203872681,0.5987639427185059,0.7226277372262774,0.7352941176470589
5,3,14,0.5939943790435791,0.5908669829368591,0.7226277372262774,0.7352941176470589
5,3,15,0.5871529579162598,0.5841149091720581,0.7226277372262774,0.7352941176470589
5,3,16,0.581754744052887,0.578967273235321,0.7226277372262774,0.7352941176470589
5,3,17,0.5781960487365723,0.5758531093597412,0.7226277372262774,0.7352941176470589
5,3,18,0.5765772461891174,0.57490473985672,0.7226277372262774,0.7352941176470589
5,3,19,0.576530933380127,0.5758084058761597,0.7226277372262774,0.7352941176470589
5,3,20,0.5772472620010376,0.5777345299720764,0.7226277372262774,0.7352941176470589
5,3,21,0.5777307748794556,0.5796514749526978,0.7226277372262774,0.7352941176470589
5,3,22,0.5771937370300293,0.5807291269302368,0.7226277372262774,0.7352941176470589
5,3,23,0.5753603577613831,0.5806221961975098,0.7226277372262774,0.7352941176470589
5,3,24,0.572483241558075,0.5795090794563293,0.7226277372262774,0.7352941176470589
5,3,25,0.568863570690155,0.5776920318603516,0.7226277372262774,0.7352941176470589
5,3,26,0.564895749092102,0.5755300521850586,0.7226277372262774,0.7352941176470589
5,3,27,0.5609896183013916,0.5733766555786133,0.7226277372262774,0.7352941176470589
5,3,28,0.5574290752410889,0.5715049505233765,0.7226277372262774,0.7352941176470589
5,3,29,0.5543038249015808,0.5700550079345703,0.7226277372262774,0.7352941176470589
5,3,30,0.5515959858894348,0.5690293312072754,0.7226277372262774,0.7352941176470589
5,3,31,0.5491437911987305,0.5683324337005615,0.7226277372262774,0.7352941176470589
5,3,32,0.5468156337738037,0.567834734916687,0.7226277372262774,0.7352941176470589
5,3,33,0.544453501701355,0.5673998594284058,0.7226277372262774,0.7352941176470589
5,3,34,0.5419027209281921,0.5669180750846863,0.7226277372262774,0.7352941176470589
5,3,35,0.5390678644180298,0.5663129091262817,0.7226277372262774,0.7352941176470589
5,3,36,0.5358372330665588,0.5655264258384705,0.7226277372262774,0.7352941176470589
5,3,37,0.532168984413147,0.5645318031311035,0.7226277372262774,0.7352941176470589
5,3,38,0.5280972123146057,0.5633716583251953,0.7226277372262774,0.7352941176470589
5,3,39,0.5236598253250122,0.5620973706245422,0.7226277372262774,0.7352941176470589
5,3,40,0.5189089775085449,0.5607637763023376,0.7226277372262774,0.7352941176470589
5,3,41,0.5138914585113525,0.5594161748886108,0.7226277372262774,0.7352941176470589
5,3,42,0.508611798286438,0.5580718517303467,0.7226277372262774,0.7352941176470589
5,3,43,0.5031070113182068,0.5567358732223511,0.7226277372262774,0.7352941176470589
5,3,44,0.49736088514328003,0.5554032325744629,0.7226277372262774,0.7352941176470589
5,3,45,0.49133601784706116,0.5540223121643066,0.7226277372262774,0.7352941176470589
5,3,46,0.4849623441696167,0.5524949431419373,0.7226277372262774,0.7352941176470589
5,3,47,0.4782398045063019,0.5507808327674866,0.7226277372262774,0.7352941176470589
5,3,48,0.4711728096008301,0.5488136410713196,0.7226277372262774,0.7352941176470589
5,3,49,0.4638155698776245,0.5465829372406006,0.7226277372262774,0.7352941176470589
5,3,50,0.456208199262619,0.5441136360168457,0.7226277372262774,0.7352941176470589
5,3,51,0.4484359920024872,0.5413983464241028,0.7226277372262774,0.7352941176470589
5,3,52,0.4405578374862671,0.5385076999664307,0.7226277372262774,0.7352941176470589
5,3,53,0.4326702654361725,0.5354900360107422,0.7226277372262774,0.7352941176470589
5,3,54,0.4247237741947174,0.5324099063873291,0.7226277372262774,0.7352941176470589
5,3,55,0.4166911542415619,0.5293126702308655,0.7226277372262774,0.7352941176470589
5,3,56,0.408577024936676,0.526283860206604,0.7226277372262774,0.7352941176470589
5,3,57,0.400406152009964,0.5233672261238098,0.7226277372262774,0.7352941176470589
5,3,58,0.39222395420074463,0.5204636454582214,0.7226277372262774,0.7352941176470589
5,3,59,0.384078711271286,0.5175889134407043,0.7226277372262774,0.7352941176470589
5,3,60,0.37597978115081787,0.5148179531097412,0.7226277372262774,0.7352941176470589
5,3,61,0.36791735887527466,0.5120714902877808,0.7226277372262774,0.7352941176470589
5,3,62,0.359880268573761,0.5092040300369263,0.7226277372262774,0.7352941176470589
5,3,63,0.35184377431869507,0.5061803460121155,0.7226277372262774,0.7352941176470589
5,3,64,0.3437820374965668,0.5029273629188538,0.7226277372262774,0.7352941176470589
5,3,65,0.33573389053344727,0.4994652271270752,0.7226277372262774,0.7352941176470589
5,3,66,0.32771191000938416,0.4959043562412262,0.7226277372262774,0.7352941176470589
5,3,67,0.31973710656166077,0.49239692091941833,0.7226277372262774,0.7352941176470589
5,3,68,0.31186118721961975,0.4892975389957428,0.7226277372262774,0.7352941176470589
5,3,69,0.3040231168270111,0.48698970675468445,0.7226277372262774,0.7352941176470589
5,3,70,0.296185165643692,0.4858434796333313,0.7226277372262774,0.7352941176470589
5,3,71,0.28852060437202454,0.48587995767593384,0.7226277372262774,0.7352941176470589
5,3,72,0.28119197487831116,0.4867309033870697,0.7226277372262774,0.7352941176470589
5,3,73,0.2741987705230713,0.4878486692905426,0.7226277372262774,0.7352941176470589
5,3,74,0.26747095584869385,0.4883616864681244,0.7226277372262774,0.7352941176470589
5,3,75,0.26106059551239014,0.48897674679756165,0.7664233576642335,0.7352941176470589
5,3,76,0.254852831363678,0.4900488555431366,0.8832116788321168,0.7352941176470589
5,3,77,0.2488320916891098,0.491952121257782,0.9197080291970803,0.7352941176470589
5,3,78,0.24302048981189728,0.4947439134120941,0.9343065693430657,0.7647058823529411
5,3,79,0.2374292016029358,0.49813321232795715,0.948905109489051,0.7647058823529411
5,3,80,0.2320050448179245,0.501689612865448,0.948905109489051,0.7647058823529411
5,3,81,0.22674648463726044,0.5054122805595398,0.9562043795620438,0.7647058823529411
5,3,82,0.22168104350566864,0.5100145936012268,0.9562043795620438,0.7647058823529411
5,3,83,0.2167753130197525,0.5146826505661011,0.9635036496350365,0.7647058823529411
5,3,84,0.2120470255613327,0.5198026299476624,0.9708029197080292,0.7647058823529411
5,3,85,0.2074715793132782,0.5249657034873962,0.9708029197080292,0.7647058823529411
5,3,86,0.20303700864315033,0.528598427772522,0.9854014598540146,0.7647058823529411
5,3,87,0.1987168788909912,0.5338813066482544,0.9927007299270073,0.7647058823529411
5,3,88,0.19458861649036407,0.5407267808914185,0.9927007299270073,0.7647058823529411
5,3,89,0.1906176656484604,0.5515066981315613,0.9927007299270073,0.7647058823529411
5,3,90,0.18690067529678345,0.5641896724700928,0.9927007299270073,0.7647058823529411
5,3,91,0.1833372861146927,0.575390100479126,0.9927007299270073,0.7647058823529411
5,3,92,0.17960810661315918,0.5805960297584534,0.9927007299270073,0.7647058823529411
5,3,93,0.1761057823896408,0.5829721093177795,0.9927007299270073,0.7647058823529411
5,3,94,0.17276139557361603,0.5879063606262207,0.9927007299270073,0.7647058823529411
5,3,95,0.1693257838487625,0.5988871455192566,1.0,0.7647058823529411
5,3,96,0.1660008728504181,0.6063752174377441,1.0,0.7647058823529411
5,3,97,0.16271305084228516,0.6156459450721741,1.0,0.7647058823529411
5,3,98,0.15954478085041046,0.6287683248519897,1.0,0.7647058823529411
5,3,99,0.15657001733779907,0.644848108291626,1.0,0.7647058823529411
5,3,100,0.1536189466714859,0.6575730443000793,1.0,0.7647058823529411
5,4,1,0.6823839545249939,0.6818057298660278,0.7226277372262774,0.7352941176470589
5,4,2,0.6781575083732605,0.6773824691772461,0.7226277372262774,0.7352941176470589
5,4,3,0.6737080812454224,0.672748327255249,0.7226277372262774,0.7352941176470589
5,4,4,0.6689603328704834,0.6678224205970764,0.7226277372262774,0.7352941176470589
5,4,5,0.6642262935638428,0.6628817915916443,0.7226277372262774,0.7352941176470589
5,4,6,0.6590870022773743,0.6576005816459656,0.7226277372262774,0.7352941176470589
5,4,7,0.653245210647583,0.6516324281692505,0.7226277372262774,0.7352941176470589
5,4,8,0.6466903686523438,0.6449557542800903,0.7226277372262774,0.7352941176470589
5,4,9,0.6394463181495667,0.6376100778579712,0.7226277372262774,0.7352941176470589
5,4,10,0.6316112875938416,0.6296911239624023,0.7226277372262774,0.7352941176470589
5,4,11,0.623334527015686,0.6213604211807251,0.7226277372262774,0.7352941176470589
5,4,12,0.6147641539573669,0.6127995848655701,0.7226277372262774,0.7352941176470589
5,4,13,0.6061172485351562,0.6042395234107971,0.7226277372262774,0.7352941176470589
5,4,14,0.5977792143821716,0.5960882902145386,0.7226277372262774,0.7352941176470589
5,4,15,0.5900956392288208,0.5887351632118225,0.7226277372262774,0.7352941176470589
5,4,16,0.5834251642227173,0.5825758576393127,0.7226277372262774,0.7352941176470589
5,4,17,0.5781916975975037,0.5780633091926575,0.7226277372262774,0.7352941176470589
5,4,18,0.5747698545455933,0.5756152868270874,0.7226277372262774,0.7352941176470589
5,4,19,0.5731842517852783,0.575282633304596,0.7226277372262774,0.7352941176470589
5,4,20,0.5730380415916443,0.5766870379447937,0.7226277372262774,0.7352941176470589
5,4,21,0.5735160708427429,0.5789545774459839,0.7226277372262774,0.7352941176470589
5,4,22,0.5736531615257263,0.5810219049453735,0.7226277372262774,0.7352941176470589
5,4,23,0.5727462768554688,0.5821282863616943,0.7226277372262774,0.7352941176470589
5,4,24,0.570667028427124,0.5820403695106506,0.7226277372262774,0.7352941176470589
5,4,25,0.5675960779190063,0.5809059739112854,0.7226277372262774,0.7352941176470589
5,4,26,0.5638600587844849,0.5790466070175171,0.7226277372262774,0.7352941176470589
5,4,27,0.5597534775733948,0.5767852067947388,0.7226277372262774,0.7352941176470589
5,4,28,0.5556510090827942,0.5744466185569763,0.7226277372262774,0.7352941176470589
5,4,29,0.5518176555633545,0.5723434090614319,0.7226277372262774,0.7352941176470589
5,4,30,0.548310399055481,0.5705801844596863,0.7226277372262774,0.7352941176470589
5,4,31,0.5451332926750183,0.56917405128479,0.7226277372262774,0.7352941176470589
5,4,32,0.5421096682548523,0.5680394172668457,0.7226277372262774,0.7352941176470589
5,4,33,0.5391182899475098,0.5670998096466064,0.7226277372262774,0.7352941176470589
5,4,34,0.5360386967658997,0.5662512183189392,0.7226277372262774,0.7352941176470589
5,4,35,0.5327203869819641,0.5654137134552002,0.7226277372262774,0.7352941176470589
5,4,36,0.5290905833244324,0.5645238161087036,0.7226277372262774,0.7352941176470589
5,4,37,0.525104284286499,0.5635330080986023,0.7226277372262774,0.7352941176470589
5,4,38,0.5207078456878662,0.5624290108680725,0.7226277372262774,0.7352941176470589
5,4,39,0.5158946514129639,0.5612267851829529,0.7226277372262774,0.7352941176470589
5,4,40,0.5106660723686218,0.5599454641342163,0.7226277372262774,0.7352941176470589
5,4,41,0.5050678253173828,0.5586157441139221,0.7226277372262774,0.7352941176470589
5,4,42,0.4991094172000885,0.557273268699646,0.7226277372262774,0.7352941176470589
5,4,43,0.4928201138973236,0.5559237003326416,0.7226277372262774,0.7352941176470589
5,4,44,0.48620620369911194,0.5545404553413391,0.7226277372262774,0.7352941176470589
5,4,45,0.47926729917526245,0.5531042218208313,0.7226277372262774,0.7352941176470589
5,4,46,0.4719843566417694,0.5515657067298889,0.7226277372262774,0.7352941176470589
5,4,47,0.464334636926651,0.5498437881469727,0.7226277372262774,0.7352941176470589
5,4,48,0.45630544424057007,0.547847330570221,0.7226277372262774,0.7352941176470589
5,4,49,0.44798344373703003,0.5456293821334839,0.7226277372262774,0.7352941176470589
5,4,50,0.439464807510376,0.5431914925575256,0.7226277372262774,0.7352941176470589
5,4,51,0.4308164715766907,0.540558397769928,0.7226277372262774,0.7352941176470589
5,4,52,0.42208200693130493,0.537823498249054,0.7226277372262774,0.7352941176470589
5,4,53,0.413300484418869,0.5349916219711304,0.7226277372262774,0.7352941176470589
5,4,54,0.40445390343666077,0.5322241187095642,0.7226277372262774,0.7352941176470589
5,4,55,0.3955819308757782,0.5295421481132507,0.7226277372262774,0.7352941176470589
5,4,56,0.38672059774398804,0.5270519256591797,0.7226277372262774,0.7352941176470589
5,4,57,0.37790003418922424,0.5248990654945374,0.7226277372262774,0.7352941176470589
5,4,58,0.36912596225738525,0.5232477784156799,0.7226277372262774,0.7352941176470589
5,4,59,0.3604097366333008,0.5221898555755615,0.7226277372262774,0.7352941176470589
5,4,60,0.3518049120903015,0.5216231942176819,0.7226277372262774,0.7352941176470589
5,4,61,0.34331244230270386,0.5214072465896606,0.7226277372262774,0.7352941176470589
5,4,62,0.33493947982788086,0.5214475393295288,0.7226277372262774,0.7352941176470589
5,4,63,0.32668542861938477,0.5218120217323303,0.7226277372262774,0.7352941176470589
5,4,64,0.31851381063461304,0.5225237011909485,0.7226277372262774,0.7352941176470589
5,4,65,0.3104194700717926,0.523323118686676,0.7226277372262774,0.7352941176470589
5,4,66,0.30248552560806274,0.524470865726471,0.7518248175182481,0.7352941176470589
5,4,67,0.29483988881111145,0.5262271761894226,0.8613138686131386,0.7647058823529411
5,4,68,0.28754591941833496,0.5288625955581665,0.8759124087591241,0.7941176470588235
5,4,69,0.28044232726097107,0.5331795811653137,0.8978102189781022,0.7941176470588235
5,4,70,0.27351072430610657,0.5393344759941101,0.8978102189781022,0.7941176470588235
5,4,71,0.2669089436531067,0.5469834804534912,0.8978102189781022,0.7941176470588235
5,4,72,0.2606762945652008,0.5556415319442749,0.9124087591240876,0.7941176470588235
5,4,73,0.25466713309288025,0.563586950302124,0.9343065693430657,0.7941176470588235
5,4,74,0.248872771859169,0.5701203942298889,0.948905109489051,0.7941176470588235
5,4,75,0.24338464438915253,0.5772334933280945,0.948905109489051,0.7941176470588235
5,4,76,0.238067626953125,0.5850692987442017,0.948905109489051,0.7941176470588235
5,4,77,0.23284532129764557,0.5927114486694336,0.948905109489051,0.7941176470588235
5,4,78,0.22765998542308807,0.5990179777145386,0.9562043795620438,0.7941176470588235
5,4,79,0.22252926230430603,0.6046918630599976,0.9635036496350365,0.7941176470588235
5,4,80,0.21752570569515228,0.6117220520973206,0.9708029197080292,0.7941176470588235
5,4,81,0.2125861644744873,0.6209027767181396,0.9708029197080292,0.7941176470588235
5,4,82,0.2076874077320099,0.6313574314117432,0.9708029197080292,0.7941176470588235
5,4,83,0.20282672345638275,0.6407027244567871,0.9781021897810219,0.7941176470588235
5,4,84,0.19794036448001862,0.6510305404663086,0.9781021897810219,0.7941176470588235
5,4,85,0.19304442405700684,0.6608396172523499,0.9781021897810219,0.7941176470588235
5,4,86,0.18814674019813538,0.6717296242713928,0.9854014598540146,0.7941176470588235
5,4,87,0.1832587569952011,0.6826579570770264,0.9854014598540146,0.7941176470588235
5,4,88,0.17836858332157135,0.6922978162765503,0.9927007299270073,0.7941176470588235
5,4,89,0.17345328629016876,0.7005181908607483,0.9927007299270073,0.7941176470588235
5,4,90,0.16853021085262299,0.7049265503883362,0.9927007299270073,0.7941176470588235
5,4,91,0.16373175382614136,0.7091905474662781,0.9927007299270073,0.7941176470588235
5,4,92,0.15901952981948853,0.7128713130950928,0.9927007299270073,0.7941176470588235
5,4,93,0.15422025322914124,0.7179293036460876,0.9927007299270073,0.7941176470588235
5,4,94,0.14930421113967896,0.7244665622711182,0.9927007299270073,0.7941176470588235
5,4,95,0.1442500203847885,0.7346900701522827,0.9927007299270073,0.7941176470588235
5,4,96,0.13917095959186554,0.7471503019332886,1.0,0.7941176470588235
5,4,97,0.13423310220241547,0.750260055065155,1.0,0.7941176470588235
5,4,98,0.12941071391105652,0.749686598777771,1.0,0.7941176470588235
5,4,99,0.12465659528970718,0.7505046725273132,1.0,0.7941176470588235
5,4,100,0.1197068989276886,0.7570062875747681,1.0,0.7941176470588235
5,5,1,0.6862276196479797,0.6870193481445312,0.7299270072992701,0.7058823529411765
5,5,2,0.67990642786026,0.6814460754394531,0.7299270072992701,0.7058823529411765
5,5,3,0.6734780669212341,0.6758272647857666,0.7299270072992701,0.7058823529411765
5,5,4,0.6666968464851379,0.6699467897415161,0.7299270072992701,0.7058823529411765
5,5,5,0.6598358154296875,0.6640536189079285,0.7299270072992701,0.7058823529411765
5,5,6,0.6522662043571472,0.6576747894287109,0.7299270072992701,0.7058823529411765
5,5,7,0.6437726616859436,0.6506271958351135,0.7299270072992701,0.7058823529411765
5,5,8,0.6344707012176514,0.6430509090423584,0.7299270072992701,0.7058823529411765
5,5,9,0.6245469450950623,0.6351666450500488,0.7299270072992701,0.7058823529411765
5,5,10,0.614267885684967,0.6272799372673035,0.7299270072992701,0.7058823529411765
5,5,11,0.6039314866065979,0.6197394132614136,0.7299270072992701,0.7058823529411765
5,5,12,0.5939826369285583,0.6130163669586182,0.7299270072992701,0.7058823529411765
5,5,13,0.5849143862724304,0.6076398491859436,0.7299270072992701,0.7058823529411765
5,5,14,0.5772053599357605,0.604129433631897,0.7299270072992701,0.7058823529411765
5,5,15,0.571415364742279,0.60300213098526,0.7299270072992701,0.7058823529411765
5,5,16,0.5678595304489136,0.6044943928718567,0.7299270072992701,0.7058823529411765
5,5,17,0.56651771068573,0.6083961129188538,0.7299270072992701,0.7058823529411765
5,5,18,0.5667794942855835,0.6138460636138916,0.7299270072992701,0.7058823529411765
5,5,19,0.5677810907363892,0.6196266412734985,0.7299270072992701,0.7058823529411765
5,5,20,0.5681021809577942,0.6238044500350952,0.7299270072992701,0.7058823529411765
5,5,21,0.5670182704925537,0.6256232857704163,0.7299270072992701,0.7058823529411765
5,5,22,0.5643958449363708,0.6249595880508423,0.7299270072992701,0.7058823529411765
5,5,23,0.5607279539108276,0.622471034526825,0.7299270072992701,0.7058823529411765
5,5,24,0.5562659502029419,0.6186798810958862,0.7299270072992701,0.7058823529411765
5,5,25,0.5516183376312256,0.6141611337661743,0.7299270072992701,0.7058823529411765
5,5,26,0.5471863150596619,0.6096639633178711,0.7299270072992701,0.7058823529411765
5,5,27,0.5430920124053955,0.6053836941719055,0.7299270072992701,0.7058823529411765
5,5,28,0.5394811630249023,0.6016393899917603,0.7299270072992701,0.7058823529411765
5,5,29,0.5362770557403564,0.5985496640205383,0.7299270072992701,0.7058823529411765
5,5,30,0.5333330035209656,0.5960412621498108,0.7299270072992701,0.7058823529411765
5,5,31,0.5304221510887146,0.5939875245094299,0.7299270072992701,0.7058823529411765
5,5,32,0.5273781418800354,0.5922583937644958,0.7299270072992701,0.7058823529411765
5,5,33,0.5240772366523743,0.5907316207885742,0.7299270072992701,0.7058823529411765
5,5,34,0.5204136967658997,0.5893282890319824,0.7299270072992701,0.7058823529411765
5,5,35,0.516296923160553,0.5880423188209534,0.7299270072992701,0.7058823529411765
5,5,36,0.5117277503013611,0.5868359804153442,0.7299270072992701,0.7058823529411765
5,5,37,0.5067373514175415,0.5856871008872986,0.7299270072992701,0.7058823529411765
5,5,38,0.5013583898544312,0.5846512913703918,0.7299270072992701,0.7058823529411765
5,5,39,0.4956311881542206,0.5837690234184265,0.7299270072992701,0.7058823529411765
5,5,40,0.48963555693626404,0.5829532742500305,0.7299270072992701,0.7058823529411765
5,5,41,0.48338261246681213,0.5821917057037354,0.7299270072992701,0.7058823529411765
5,5,42,0.4768802523612976,0.5813755393028259,0.7299270072992701,0.7058823529411765
5,5,43,0.47012004256248474,0.5804424285888672,0.7299270072992701,0.7058823529411765
5,5,44,0.463069885969162,0.5792523622512817,0.7299270072992701,0.7058823529411765
5,5,45,0.45571744441986084,0.5777740478515625,0.7299270072992701,0.7058823529411765
5,5,46,0.4480372369289398,0.5758588314056396,0.7299270072992701,0.7058823529411765
5,5,47,0.44008949398994446,0.5733550190925598,0.7299270072992701,0.7058823529411765
5,5,48,0.4319780468940735,0.5703155398368835,0.7299270072992701,0.7058823529411765
5,5,49,0.423783540725708,0.5667431950569153,0.7299270072992701,0.7058823529411765
5,5,50,0.4155641794204712,0.5628929138183594,0.7299270072992701,0.7058823529411765
5,5,51,0.40733832120895386,0.5589436888694763,0.7299270072992701,0.7058823529411765
5,5,52,0.39921799302101135,0.5552452802658081,0.7299270072992701,0.7058823529411765
5,5,53,0.3911459147930145,0.5520873665809631,0.7299270072992701,0.7058823529411765
5,5,54,0.383107990026474,0.5494751930236816,0.7299270072992701,0.7058823529411765
5,5,55,0.3751445412635803,0.54731684923172,0.7299270072992701,0.7058823529411765
5,5,56,0.3672682046890259,0.5456865429878235,0.7299270072992701,0.7058823529411765
5,5,57,0.3594636023044586,0.5445961952209473,0.7299270072992701,0.7058823529411765
5,5,58,0.3517266809940338,0.5439985990524292,0.7299270072992701,0.7058823529411765
5,5,59,0.34409552812576294,0.5431782007217407,0.7299270072992701,0.7058823529411765
5,5,60,0.3366025388240814,0.5422753691673279,0.7299270072992701,0.7058823529411765
5,5,61,0.3292474150657654,0.5414933562278748,0.7299270072992701,0.7058823529411765
5,5,62,0.32200610637664795,0.5409107208251953,0.7299270072992701,0.7058823529411765
5,5,63,0.31489357352256775,0.5403810143470764,0.7299270072992701,0.7058823529411765
5,5,64,0.3078949749469757,0.5401929020881653,0.7299270072992701,0.7058823529411765
5,5,65,0.3010549247264862,0.5401800274848938,0.7299270072992701,0.7058823529411765
5,5,66,0.29430603981018066,0.5404338836669922,0.7299270072992701,0.7058823529411765
5,5,67,0.2876761555671692,0.5406818389892578,0.7299270072992701,0.7058823529411765
5,5,68,0.28110289573669434,0.5412269234657288,0.7299270072992701,0.7058823529411765
5,5,69,0.2745596468448639,0.5415505766868591,0.7372262773722628,0.7058823529411765
5,5,70,0.26806166768074036,0.5420063138008118,0.8613138686131386,0.7058823529411765
5,5,71,0.26164355874061584,0.5435859560966492,0.9197080291970803,0.7352941176470589
5,5,72,0.25528666377067566,0.5452823638916016,0.9197080291970803,0.7352941176470589
5,5,73,0.2489946484565735,0.5471702218055725,0.927007299270073,0.7352941176470589
5,5,74,0.24272358417510986,0.5491456389427185,0.9343065693430657,0.7352941176470589
5,5,75,0.236555278301239,0.5515357255935669,0.9343065693430657,0.7352941176470589
5,5,76,0.23055678606033325,0.5547128915786743,0.9343065693430657,0.7352941176470589
5,5,77,0.2247745543718338,0.5586916208267212,0.948905109489051,0.7352941176470589
5,5,78,0.21923069655895233,0.5646542906761169,0.9635036496350365,0.7352941176470589
5,5,79,0.21397025883197784,0.5734716057777405,0.9635036496350365,0.7352941176470589
5,5,80,0.20898783206939697,0.5838563442230225,0.9708029197080292,0.7352941176470589
5,5,81,0.20423324406147003,0.594078540802002,0.9781021897810219,0.7352941176470589
5,5,82,0.1997017115354538,0.6040049195289612,0.9927007299270073,0.7352941176470589
5,5,83,0.19538269937038422,0.6140727400779724,0.9927007299270073,0.7352941176470589
5,5,84,0.1912606805562973,0.6242978572845459,0.9927007299270073,0.7352941176470589
5,5,85,0.18742087483406067,0.6337436437606812,0.9927007299270073,0.7352941176470589
5,5,86,0.18374082446098328,0.6449726819992065,0.9927007299270073,0.7352941176470589
5,5,87,0.18009330332279205,0.6605616211891174,0.9927007299270073,0.7352941176470589
5,5,88,0.1765420138835907,0.6780314445495605,0.9927007299270073,0.7352941176470589
5,5,89,0.17304953932762146,0.6932693123817444,0.9927007299270073,0.7352941176470589
5,5,90,0.1695554405450821,0.705357015132904,0.9927007299270073,0.7352941176470589
5,5,91,0.1660212278366089,0.7122581601142883,0.9927007299270073,0.7352941176470589
5,5,92,0.16258005797863007,0.7142863869667053,0.9927007299270073,0.7352941176470589
5,5,93,0.1592855602502823,0.719042956829071,0.9927007299270073,0.7352941176470589
5,5,94,0.15604117512702942,0.7288860082626343,1.0,0.7352941176470589
5,5,95,0.1528031826019287,0.7424045205116272,1.0,0.7352941176470589
5,5,96,0.14962738752365112,0.7547949552536011,1.0,0.7352941176470589
5,5,97,0.14650166034698486,0.7679451107978821,1.0,0.7352941176470589
5,5,98,0.1435030847787857,0.7821416258811951,1.0,0.7352941176470589
5,5,99,0.1405726820230484,0.7904317378997803,1.0,0.7352941176470589
5,5,100,0.1376286894083023,0.7989785671234131,1.0,0.7352941176470589
