repeat,fold,epoch,train_loss,val_loss,train_acc,val_acc
1,1,1,3.0586376190185547,3.213362693786621,0.7279411764705882,0.7142857142857143
1,1,2,0.6709198355674744,0.6722053289413452,0.7279411764705882,0.7142857142857143
1,1,3,0.6699504256248474,0.6714099645614624,0.7279411764705882,0.7142857142857143
1,1,4,0.6589312553405762,0.6611900329589844,0.7279411764705882,0.7142857142857143
1,1,5,0.6465108394622803,0.6497208476066589,0.7279411764705882,0.7142857142857143
1,1,6,0.6298008561134338,0.6344722509384155,0.7279411764705882,0.7142857142857143
1,1,7,0.6077643632888794,0.6149393320083618,0.7279411764705882,0.7142857142857143
1,1,8,0.5881956815719604,0.599564790725708,0.7279411764705882,0.7142857142857143
1,1,9,0.5932901501655579,0.6106153130531311,0.7279411764705882,0.7142857142857143
1,1,10,0.6078205108642578,0.628358006477356,0.7279411764705882,0.7142857142857143
1,1,11,0.597920835018158,0.6169354319572449,0.7279411764705882,0.7142857142857143
1,1,12,0.58678138256073,0.6028636693954468,0.7279411764705882,0.7142857142857143
1,1,13,0.585166335105896,0.5978619456291199,0.7279411764705882,0.7142857142857143
1,1,14,0.5896983742713928,0.6005011200904846,0.7279411764705882,0.7142857142857143
1,1,15,0.5915636420249939,0.6018292307853699,0.7279411764705882,0.7142857142857143
1,1,16,0.5889487862586975,0.5999389886856079,0.7279411764705882,0.7142857142857143
1,1,17,0.5848875045776367,0.597378134727478,0.7279411764705882,0.7142857142857143
1,1,18,0.5821148753166199,0.5963157415390015,0.7279411764705882,0.7142857142857143
1,1,19,0.5810688734054565,0.5968592166900635,0.7279411764705882,0.7142857142857143
1,1,20,0.581058144569397,0.5982029438018799,0.7279411764705882,0.7142857142857143
1,1,21,0.5803170800209045,0.5979546308517456,0.7279411764705882,0.7142857142857143
1,1,22,0.5793004035949707,0.5969892144203186,0.7279411764705882,0.7142857142857143
1,1,23,0.578403890132904,0.5958907008171082,0.7279411764705882,0.7142857142857143
1,1,24,0.5764935612678528,0.5938536524772644,0.7279411764705882,0.7142857142857143
1,1,25,0.5737255215644836,0.5915551781654358,0.7279411764705882,0.7142857142857143
1,1,26,0.5719709992408752,0.5896768569946289,0.7279411764705882,0.7142857142857143
1,1,27,0.56901615858078,0.5876624584197998,0.7279411764705882,0.7142857142857143
1,1,28,0.5653737783432007,0.5854507684707642,0.7279411764705882,0.7142857142857143
1,1,29,0.5622337460517883,0.5827048420906067,0.7279411764705882,0.7142857142857143
1,1,30,0.557339608669281,0.5789076685905457,0.7279411764705882,0.7142857142857143
1,1,31,0.5511197447776794,0.5761203169822693,0.7279411764705882,0.7142857142857143
1,1,32,0.5446252226829529,0.5725196003913879,0.7279411764705882,0.7142857142857143
1,1,33,0.5363971590995789,0.5667378306388855,0.7279411764705882,0.7142857142857143
1,1,34,0.5257517695426941,0.5575969219207764,0.7279411764705882,0.7142857142857143
1,1,35,0.5141530632972717,0.5492121577262878,0.7279411764705882,0.7142857142857143
1,1,36,0.5025435090065002,0.5394110679626465,0.7279411764705882,0.7142857142857143
1,1,37,0.48693981766700745,0.533657431602478,0.7279411764705882,0.7142857142857143
1,1,38,0.4720138609409332,0.5163140892982483,0.7279411764705882,0.7142857142857143
1,1,39,0.45614174008369446,0.5030502080917358,0.7279411764705882,0.7142857142857143
1,1,40,0.44258105754852295,0.5079159736633301,0.7279411764705882,0.7142857142857143
1,1,41,0.4166009724140167,0.4793368875980377,0.7279411764705882,0.7142857142857143
1,1,42,0.3988383412361145,0.4620521664619446,0.8235294117647058,0.7142857142857143
1,1,43,0.37436020374298096,0.45117318630218506,0.875,0.7714285714285715
1,1,44,0.35860475897789,0.45329684019088745,0.8382352941176471,0.7428571428571429
1,1,45,0.33115455508232117,0.42001408338546753,0.8970588235294118,0.8571428571428571
1,1,46,0.31160518527030945,0.4084581732749939,0.9044117647058824,0.8285714285714286
1,1,47,0.28642144799232483,0.39923912286758423,0.9044117647058824,0.8571428571428571
1,1,48,0.2689792513847351,0.3908452093601227,0.9191176470588235,0.8285714285714286
1,1,49,0.2502324879169464,0.3861439824104309,0.9191176470588235,0.8285714285714286
1,1,50,0.23147644102573395,0.3838689923286438,0.9338235294117647,0.8571428571428571
1,1,51,0.23231370747089386,0.4011949598789215,0.9044117647058824,0.8571428571428571
1,1,52,0.2121555358171463,0.41333818435668945,0.9338235294117647,0.8285714285714286
1,1,53,0.18629607558250427,0.39542582631111145,0.9411764705882353,0.8857142857142857
1,1,54,0.17616908252239227,0.3903683125972748,0.9485294117647058,0.8285714285714286
1,1,55,0.16327649354934692,0.404117614030838,0.9411764705882353,0.8857142857142857
1,1,56,0.15594354271888733,0.42923665046691895,0.9485294117647058,0.8
1,1,57,0.15124453604221344,0.41849660873413086,0.9558823529411765,0.8285714285714286
1,1,58,0.12459046393632889,0.4318089187145233,0.9705882352941176,0.8857142857142857
1,1,59,0.11946066468954086,0.4647882878780365,0.9632352941176471,0.8
1,1,60,0.12830324470996857,0.45842525362968445,0.9705882352941176,0.8285714285714286
1,1,61,0.10171736031770706,0.48643603920936584,0.9705882352941176,0.8285714285714286
1,1,62,0.0950411930680275,0.5101872086524963,0.9705882352941176,0.7714285714285715
1,1,63,0.10658637434244156,0.507631242275238,0.9705882352941176,0.8285714285714286
1,1,64,0.08079992979764938,0.5200291275978088,0.9779411764705882,0.7714285714285715
1,1,65,0.07321332395076752,0.5430852770805359,0.9779411764705882,0.8
1,1,66,0.07006168365478516,0.5590818524360657,0.9779411764705882,0.7714285714285715
1,1,67,0.0629924014210701,0.5750044584274292,0.9852941176470589,0.7714285714285715
1,1,68,0.08225132524967194,0.5883565545082092,0.9779411764705882,0.8
1,1,69,0.08194471150636673,0.6681998372077942,0.9705882352941176,0.7428571428571429
1,1,70,0.054249659180641174,0.6065554022789001,0.9852941176470589,0.7714285714285715
1,1,71,0.0831897184252739,0.7028037309646606,0.9705882352941176,0.7714285714285715
1,1,72,0.04686668515205383,0.6260382533073425,0.9926470588235294,0.7428571428571429
1,1,73,0.060580477118492126,0.6136811375617981,0.9926470588235294,0.7714285714285715
1,1,74,0.06638557463884354,0.619049072265625,0.9852941176470589,0.8
1,1,75,0.05457298830151558,0.6179751753807068,0.9852941176470589,0.8
1,1,76,0.05558419227600098,0.6012362837791443,0.9926470588235294,0.7428571428571429
1,1,77,0.05195623263716698,0.5744019746780396,0.9926470588235294,0.8
1,1,78,0.060232773423194885,0.6551728248596191,0.9852941176470589,0.8
1,1,79,0.04886958748102188,0.6358955502510071,0.9926470588235294,0.8
1,1,80,0.043285418301820755,0.6186739206314087,1.0,0.7714285714285715
1,1,81,0.046148691326379776,0.6320528388023376,1.0,0.8
1,1,82,0.04233255982398987,0.6273824572563171,1.0,0.8
1,1,83,0.0416586697101593,0.6205844283103943,1.0,0.8
1,1,84,0.04583454132080078,0.6554295420646667,0.9926470588235294,0.8
1,1,85,0.04332536831498146,0.6321929097175598,1.0,0.8285714285714286
1,1,86,0.04407031834125519,0.6761109232902527,0.9926470588235294,0.8
1,1,87,0.04147041589021683,0.6718032956123352,1.0,0.8
1,1,88,0.03944448009133339,0.6622564196586609,1.0,0.7714285714285715
1,1,89,0.04465740546584129,0.6961267590522766,1.0,0.8
1,1,90,0.03691853582859039,0.7220393419265747,1.0,0.8
1,1,91,0.03133899345993996,0.6943157911300659,1.0,0.8
1,1,92,0.03142884001135826,0.6904175877571106,1.0,0.7714285714285715
1,1,93,0.029788943007588387,0.7493327856063843,1.0,0.8
1,1,94,0.02383829653263092,0.8061957359313965,1.0,0.7714285714285715
1,1,95,0.028795378282666206,0.852962076663971,1.0,0.7714285714285715
1,1,96,0.03082544356584549,0.7276653051376343,0.9926470588235294,0.7428571428571429
1,1,97,0.029424583539366722,0.7388245463371277,0.9926470588235294,0.7428571428571429
1,1,98,0.01942252553999424,0.8512394428253174,1.0,0.7714285714285715
1,1,99,0.053517792373895645,1.0602377653121948,0.9852941176470589,0.7714285714285715
1,1,100,0.02070065401494503,0.7688239812850952,1.0,0.8
1,2,1,3.4707043170928955,3.3141307830810547,0.7226277372262774,0.7352941176470589
1,2,2,0.8370763063430786,0.843390703201294,0.2773722627737226,0.2647058823529412
1,2,3,0.6744586229324341,0.6734311580657959,0.7226277372262774,0.7352941176470589
1,2,4,0.6607786417007446,0.658743679523468,0.7226277372262774,0.7352941176470589
1,2,5,0.6493760943412781,0.6464464068412781,0.7226277372262774,0.7352941176470589
1,2,6,0.6382105350494385,0.6343272924423218,0.7226277372262774,0.7352941176470589
1,2,7,0.6244977712631226,0.6192789077758789,0.7226277372262774,0.7352941176470589
1,2,8,0.6090983152389526,0.6020011901855469,0.7226277372262774,0.7352941176470589
1,2,9,0.5958947539329529,0.5863134860992432,0.7226277372262774,0.7352941176470589
1,2,10,0.5906413197517395,0.5782186985015869,0.7226277372262774,0.7352941176470589
1,2,11,0.5947751402854919,0.5798780918121338,0.7226277372262774,0.7352941176470589
1,2,12,0.5999537110328674,0.583897590637207,0.7226277372262774,0.7352941176470589
1,2,13,0.6000358462333679,0.5841376185417175,0.7226277372262774,0.7352941176470589
1,2,14,0.5951471328735352,0.5803728699684143,0.7226277372262774,0.7352941176470589
1,2,15,0.5917677283287048,0.5780382752418518,0.7226277372262774,0.7352941176470589
1,2,16,0.5903814435005188,0.5779388546943665,0.7226277372262774,0.7352941176470589
1,2,17,0.5908653736114502,0.5795438289642334,0.7226277372262774,0.7352941176470589
1,2,18,0.5924351215362549,0.5820692777633667,0.7226277372262774,0.7352941176470589
1,2,19,0.5942935347557068,0.584609866142273,0.7226277372262774,0.7352941176470589
1,2,20,0.5953501462936401,0.5859780311584473,0.7226277372262774,0.7352941176470589
1,2,21,0.5950161814689636,0.5855496525764465,0.7226277372262774,0.7352941176470589
1,2,22,0.5937066674232483,0.5838307738304138,0.7226277372262774,0.7352941176470589
1,2,23,0.591946542263031,0.5813498497009277,0.7226277372262774,0.7352941176470589
1,2,24,0.5907859206199646,0.5793825387954712,0.7226277372262774,0.7352941176470589
1,2,25,0.590461015701294,0.5782292485237122,0.7226277372262774,0.7352941176470589
1,2,26,0.5908024907112122,0.5779239535331726,0.7226277372262774,0.7352941176470589
1,2,27,0.5914373397827148,0.5780446529388428,0.7226277372262774,0.7352941176470589
1,2,28,0.5917995572090149,0.5781903266906738,0.7226277372262774,0.7352941176470589
1,2,29,0.5917448401451111,0.5781663060188293,0.7226277372262774,0.7352941176470589
1,2,30,0.591424286365509,0.5780401229858398,0.7226277372262774,0.7352941176470589
1,2,31,0.5909135937690735,0.5779231190681458,0.7226277372262774,0.7352941176470589
1,2,32,0.5905042290687561,0.5780925750732422,0.7226277372262774,0.7352941176470589
1,2,33,0.5905219912528992,0.5787216424942017,0.7226277372262774,0.7352941176470589
1,2,34,0.5908493995666504,0.5795122981071472,0.7226277372262774,0.7352941176470589
1,2,35,0.591140866279602,0.5800542235374451,0.7226277372262774,0.7352941176470589
1,2,36,0.5913113951683044,0.5803462266921997,0.7226277372262774,0.7352941176470589
1,2,37,0.5912959575653076,0.5803203582763672,0.7226277372262774,0.7352941176470589
1,2,38,0.5911025404930115,0.579986572265625,0.7226277372262774,0.7352941176470589
1,2,39,0.5908986926078796,0.5796094536781311,0.7226277372262774,0.7352941176470589
1,2,40,0.5906654596328735,0.5791162252426147,0.7226277372262774,0.7352941176470589
1,2,41,0.5905160307884216,0.5787010788917542,0.7226277372262774,0.7352941176470589
1,2,42,0.5904548764228821,0.5783547759056091,0.7226277372262774,0.7352941176470589
1,2,43,0.5904862284660339,0.5781314969062805,0.7226277372262774,0.7352941176470589
1,2,44,0.5905584096908569,0.5780208110809326,0.7226277372262774,0.7352941176470589
1,2,45,0.5905999541282654,0.5779873132705688,0.7226277372262774,0.7352941176470589
1,2,46,0.5905417799949646,0.5780383944511414,0.7226277372262774,0.7352941176470589
1,2,47,0.5904855132102966,0.5781334042549133,0.7226277372262774,0.7352941176470589
1,2,48,0.5904545187950134,0.5783418416976929,0.7226277372262774,0.7352941176470589
1,2,49,0.5904915928840637,0.5786067843437195,0.7226277372262774,0.7352941176470589
1,2,50,0.5905417799949646,0.5787866115570068,0.7226277372262774,0.7352941176470589
1,2,51,0.5905860066413879,0.5789154171943665,0.7226277372262774,0.7352941176470589
1,2,52,0.5906091928482056,0.578977108001709,0.7226277372262774,0.7352941176470589
1,2,53,0.5905904173851013,0.5789273381233215,0.7226277372262774,0.7352941176470589
1,2,54,0.5905383825302124,0.5787760019302368,0.7226277372262774,0.7352941176470589
1,2,55,0.5904823541641235,0.5785650610923767,0.7226277372262774,0.7352941176470589
1,2,56,0.5904614329338074,0.5784391760826111,0.7226277372262774,0.7352941176470589
1,2,57,0.5904561877250671,0.5783818364143372,0.7226277372262774,0.7352941176470589
1,2,58,0.5904604196548462,0.578430712223053,0.7226277372262774,0.7352941176470589
1,2,59,0.5904672145843506,0.5784823298454285,0.7226277372262774,0.7352941176470589
1,2,60,0.5904852747917175,0.5785789489746094,0.7226277372262774,0.7352941176470589
1,2,61,0.5905057191848755,0.5786634087562561,0.7226277372262774,0.7352941176470589
1,2,62,0.5905299186706543,0.5787482857704163,0.7226277372262774,0.7352941176470589
1,2,63,0.590534508228302,0.5787635445594788,0.7226277372262774,0.7352941176470589
1,2,64,0.5905448794364929,0.5787962675094604,0.7226277372262774,0.7352941176470589
1,2,65,0.5905587077140808,0.5788378119468689,0.7226277372262774,0.7352941176470589
1,2,66,0.590577244758606,0.5788910984992981,0.7226277372262774,0.7352941176470589
1,2,67,0.590561032295227,0.5788447260856628,0.7226277372262774,0.7352941176470589
1,2,68,0.5905140042304993,0.5786941647529602,0.7226277372262774,0.7352941176470589
1,2,69,0.5904788374900818,0.578548014163971,0.7226277372262774,0.7352941176470589
1,2,70,0.5904574990272522,0.5783998966217041,0.7226277372262774,0.7352941176470589
1,2,71,0.5904566049575806,0.5783881545066833,0.7226277372262774,0.7352941176470589
1,2,72,0.5904547572135925,0.5783515572547913,0.7226277372262774,0.7352941176470589
1,2,73,0.5904552936553955,0.57828688621521,0.7226277372262774,0.7352941176470589
1,2,74,0.5904664993286133,0.5781983137130737,0.7226277372262774,0.7352941176470589
1,2,75,0.5904910564422607,0.5781198143959045,0.7226277372262774,0.7352941176470589
1,2,76,0.590526819229126,0.578057050704956,0.7226277372262774,0.7352941176470589
1,2,77,0.5905299186706543,0.5780528783798218,0.7226277372262774,0.7352941176470589
1,2,78,0.5904948711395264,0.5781114101409912,0.7226277372262774,0.7352941176470589
1,2,79,0.5904604196548462,0.5782333612442017,0.7226277372262774,0.7352941176470589
1,2,80,0.5904547572135925,0.578352153301239,0.7226277372262774,0.7352941176470589
1,2,81,0.590469241142273,0.5784949660301208,0.7226277372262774,0.7352941176470589
1,2,82,0.5905147790908813,0.5786967873573303,0.7226277372262774,0.7352941176470589
1,2,83,0.5905993580818176,0.5789514183998108,0.7226277372262774,0.7352941176470589
1,2,84,0.5906654000282288,0.5791161060333252,0.7226277372262774,0.7352941176470589
1,2,85,0.5907192826271057,0.5792396664619446,0.7226277372262774,0.7352941176470589
1,2,86,0.5907267332077026,0.5792561173439026,0.7226277372262774,0.7352941176470589
1,2,87,0.5907343029975891,0.5792726874351501,0.7226277372262774,0.7352941176470589
1,2,88,0.5907213091850281,0.5792441368103027,0.7226277372262774,0.7352941176470589
1,2,89,0.5906236171722412,0.5790141820907593,0.7226277372262774,0.7352941176470589
1,2,90,0.5905471444129944,0.578803300857544,0.7226277372262774,0.7352941176470589
1,2,91,0.5905086994171143,0.5786744952201843,0.7226277372262774,0.7352941176470589
1,2,92,0.5904641151428223,0.5784608721733093,0.7226277372262774,0.7352941176470589
1,2,93,0.5904547572135925,0.5783001184463501,0.7226277372262774,0.7352941176470589
1,2,94,0.5904629826545715,0.578217089176178,0.7226277372262774,0.7352941176470589
1,2,95,0.5904646515846252,0.5782080292701721,0.7226277372262774,0.7352941176470589
1,2,96,0.5904934406280518,0.5781145095825195,0.7226277372262774,0.7352941176470589
1,2,97,0.5905017852783203,0.5780973434448242,0.7226277372262774,0.7352941176470589
1,2,98,0.5905081629753113,0.578085720539093,0.7226277372262774,0.7352941176470589
1,2,99,0.5905250310897827,0.5780594944953918,0.7226277372262774,0.7352941176470589
1,2,100,0.5905086994171143,0.5780847072601318,0.7226277372262774,0.7352941176470589
1,3,1,3.232405662536621,3.0864734649658203,0.7226277372262774,0.7352941176470589
1,3,2,0.6713900566101074,0.6701839566230774,0.7226277372262774,0.7352941176470589
1,3,3,0.6800549030303955,0.6792206764221191,0.7226277372262774,0.7352941176470589
1,3,4,0.6655740737915039,0.6638765931129456,0.7226277372262774,0.7352941176470589
1,3,5,0.6531680226325989,0.650484561920166,0.7226277372262774,0.7352941176470589
1,3,6,0.6406532526016235,0.6368363499641418,0.7226277372262774,0.7352941176470589
1,3,7,0.6256973147392273,0.620349109172821,0.7226277372262774,0.7352941176470589
1,3,8,0.6093430519104004,0.6018649935722351,0.7226277372262774,0.7352941176470589
1,3,9,0.5958399772644043,0.5855862498283386,0.7226277372262774,0.7352941176470589
1,3,10,0.591877281665802,0.578349232673645,0.7226277372262774,0.7352941176470589
1,3,11,0.6009916663169861,0.5843493342399597,0.7226277372262774,0.7352941176470589
1,3,12,0.6064146161079407,0.5891367793083191,0.7226277372262774,0.7352941176470589
1,3,13,0.6017071604728699,0.5856805443763733,0.7226277372262774,0.7352941176470589
1,3,14,0.5944231748580933,0.5803388357162476,0.7226277372262774,0.7352941176470589
1,3,15,0.5885128974914551,0.5767883062362671,0.7226277372262774,0.7352941176470589
1,3,16,0.587322473526001,0.5776959657669067,0.7226277372262774,0.7352941176470589
1,3,17,0.589596152305603,0.5814191102981567,0.7226277372262774,0.7352941176470589
1,3,18,0.5926586985588074,0.584976077079773,0.7226277372262774,0.7352941176470589
1,3,19,0.5944692492485046,0.5869388580322266,0.7226277372262774,0.7352941176470589
1,3,20,0.5946269631385803,0.5868402123451233,0.7226277372262774,0.7352941176470589
1,3,21,0.5922152400016785,0.5844717025756836,0.7226277372262774,0.7352941176470589
1,3,22,0.5895243287086487,0.581532895565033,0.7226277372262774,0.7352941176470589
1,3,23,0.5868126153945923,0.5787562131881714,0.7226277372262774,0.7352941176470589
1,3,24,0.5845747590065002,0.5764376521110535,0.7226277372262774,0.7352941176470589
1,3,25,0.5835878849029541,0.5751848816871643,0.7226277372262774,0.7352941176470589
1,3,26,0.5830949544906616,0.5746753811836243,0.7226277372262774,0.7352941176470589
1,3,27,0.5826083421707153,0.5744945406913757,0.7226277372262774,0.7352941176470589
1,3,28,0.5813725590705872,0.574057400226593,0.7226277372262774,0.7352941176470589
1,3,29,0.5790235996246338,0.5730397701263428,0.7226277372262774,0.7352941176470589
1,3,30,0.5763267874717712,0.5718244314193726,0.7226277372262774,0.7352941176470589
1,3,31,0.5742214322090149,0.5712155699729919,0.7226277372262774,0.7352941176470589
1,3,32,0.5726842880249023,0.5709452033042908,0.7226277372262774,0.7352941176470589
1,3,33,0.5695624351501465,0.5700023770332336,0.7226277372262774,0.7352941176470589
1,3,34,0.5643399357795715,0.5673661828041077,0.7226277372262774,0.7352941176470589
1,3,35,0.5589565634727478,0.5644819140434265,0.7226277372262774,0.7352941176470589
1,3,36,0.5539833307266235,0.5623079538345337,0.7226277372262774,0.7352941176470589
1,3,37,0.547899603843689,0.5598776340484619,0.7226277372262774,0.7352941176470589
1,3,38,0.540626049041748,0.5571084022521973,0.7226277372262774,0.7352941176470589
1,3,39,0.5349743366241455,0.5558778047561646,0.7226277372262774,0.7352941176470589
1,3,40,0.5230056047439575,0.5505556464195251,0.7226277372262774,0.7352941176470589
1,3,41,0.5117289423942566,0.5448678135871887,0.7226277372262774,0.7352941176470589
1,3,42,0.4996607303619385,0.5404607057571411,0.7226277372262774,0.7352941176470589
1,3,43,0.48511776328086853,0.5366095900535583,0.7226277372262774,0.7352941176470589
1,3,44,0.4694247245788574,0.5325834155082703,0.7226277372262774,0.7352941176470589
1,3,45,0.4511859714984894,0.5249128341674805,0.7226277372262774,0.7352941176470589
1,3,46,0.43055105209350586,0.5170873403549194,0.7226277372262774,0.7352941176470589
1,3,47,0.4054984450340271,0.5107430219650269,0.7664233576642335,0.7647058823529411
1,3,48,0.3830011188983917,0.505823016166687,0.8029197080291971,0.7941176470588235
1,3,49,0.3636324405670166,0.5096627473831177,0.9051094890510949,0.7647058823529411
1,3,50,0.3391062617301941,0.503197193145752,0.9051094890510949,0.7647058823529411
1,3,51,0.30934759974479675,0.503598153591156,0.9051094890510949,0.7352941176470589
1,3,52,0.2877923548221588,0.507120668888092,0.9051094890510949,0.7647058823529411
1,3,53,0.2707861363887787,0.5173934698104858,0.927007299270073,0.7941176470588235
1,3,54,0.2530898451805115,0.5264092683792114,0.927007299270073,0.7647058823529411
1,3,55,0.24348032474517822,0.541028618812561,0.9343065693430657,0.7352941176470589
1,3,56,0.23059619963169098,0.5503524541854858,0.927007299270073,0.7941176470588235
1,3,57,0.22443614900112152,0.5656898617744446,0.9124087591240876,0.7941176470588235
1,3,58,0.20953458547592163,0.5911496877670288,0.9197080291970803,0.7647058823529411
1,3,59,0.20115694403648376,0.6136702299118042,0.927007299270073,0.7352941176470589
1,3,60,0.1942419856786728,0.6369748115539551,0.9343065693430657,0.7352941176470589
1,3,61,0.17599253356456757,0.6508272290229797,0.9416058394160584,0.7647058823529411
1,3,62,0.16847431659698486,0.6931199431419373,0.948905109489051,0.7352941176470589
1,3,63,0.16431666910648346,0.6689061522483826,0.9562043795620438,0.7647058823529411
1,3,64,0.15989342331886292,0.6718415021896362,0.9635036496350365,0.7647058823529411
1,3,65,0.15677350759506226,0.7267054319381714,0.948905109489051,0.6470588235294118
1,3,66,0.14192107319831848,0.724237859249115,0.9708029197080292,0.6470588235294118
1,3,67,0.14498378336429596,0.7230048775672913,0.9635036496350365,0.7647058823529411
1,3,68,0.13706931471824646,0.7530372738838196,0.9708029197080292,0.7352941176470589
1,3,69,0.12944811582565308,0.7494587898254395,0.9708029197080292,0.7058823529411765
1,3,70,0.12564204633235931,0.7674612402915955,0.9781021897810219,0.6764705882352942
1,3,71,0.110993891954422,0.7902312874794006,0.9781021897810219,0.7058823529411765
1,3,72,0.10708574205636978,0.7807689905166626,0.9781021897810219,0.6764705882352942
1,3,73,0.09970594942569733,0.7951958179473877,0.9781021897810219,0.6764705882352942
1,3,74,0.11233402043581009,0.8101583123207092,0.9708029197080292,0.6764705882352942
1,3,75,0.09550319612026215,0.8424391150474548,0.9708029197080292,0.6764705882352942
1,3,76,0.07870882749557495,0.868111252784729,0.9781021897810219,0.6764705882352942
1,3,77,0.07726337760686874,0.8719993233680725,0.9781021897810219,0.6470588235294118
1,3,78,0.07405867427587509,0.864206850528717,0.9854014598540146,0.7058823529411765
1,3,79,0.0840144157409668,0.8914581537246704,0.9781021897810219,0.7058823529411765
1,3,80,0.06928783655166626,0.9047419428825378,0.9781021897810219,0.6764705882352942
1,3,81,0.06407632678747177,0.9100285768508911,0.9781021897810219,0.6470588235294118
1,3,82,0.057110536843538284,0.8970072269439697,0.9927007299270073,0.6764705882352942
1,3,83,0.07405653595924377,0.9381585717201233,0.9781021897810219,0.7058823529411765
1,3,84,0.06705949455499649,0.958539605140686,0.9781021897810219,0.7058823529411765
1,3,85,0.04892110452055931,0.9326648116111755,0.9927007299270073,0.7058823529411765
1,3,86,0.05698886141180992,0.9374149441719055,0.9854014598540146,0.6470588235294118
1,3,87,0.0484253466129303,0.9567607641220093,0.9927007299270073,0.6764705882352942
1,3,88,0.07720836997032166,1.0154296159744263,0.9781021897810219,0.7058823529411765
1,3,89,0.043637461960315704,0.958926796913147,0.9927007299270073,0.6764705882352942
1,3,90,0.05246073752641678,0.956996500492096,0.9927007299270073,0.6470588235294118
1,3,91,0.03688783198595047,0.9612298607826233,0.9927007299270073,0.7058823529411765
1,3,92,0.0640564113855362,1.003589153289795,0.9781021897810219,0.7058823529411765
1,3,93,0.04900988191366196,0.9934396147727966,0.9854014598540146,0.7058823529411765
1,3,94,0.031572118401527405,0.9906066656112671,0.9927007299270073,0.7058823529411765
1,3,95,0.032468751072883606,0.9866368770599365,1.0,0.7058823529411765
1,3,96,0.03674907982349396,0.9677108526229858,0.9927007299270073,0.7058823529411765
1,3,97,0.035298533737659454,1.0022125244140625,0.9927007299270073,0.7058823529411765
1,3,98,0.023903928697109222,1.052391529083252,1.0,0.7058823529411765
1,3,99,0.022091763094067574,1.0780020952224731,0.9927007299270073,0.7058823529411765
1,3,100,0.027963589876890182,1.0662940740585327,0.9927007299270073,0.6764705882352942
1,4,1,3.398890495300293,3.2457528114318848,0.7226277372262774,0.7352941176470589
1,4,2,0.6977347731590271,0.6978340148925781,0.2773722627737226,0.2647058823529412
1,4,3,0.6698757410049438,0.6684414148330688,0.7226277372262774,0.7352941176470589
1,4,4,0.662537157535553,0.6606338024139404,0.7226277372262774,0.7352941176470589
1,4,5,0.6552641987800598,0.6528405547142029,0.7226277372262774,0.7352941176470589
1,4,6,0.6464613080024719,0.6433648467063904,0.7226277372262774,0.7352941176470589
1,4,7,0.6333483457565308,0.6291347146034241,0.7226277372262774,0.7352941176470589
1,4,8,0.6163398027420044,0.610373318195343,0.7226277372262774,0.7352941176470589
1,4,9,0.5996021628379822,0.5911082029342651,0.7226277372262774,0.7352941176470589
1,4,10,0.5907001495361328,0.5790431499481201,0.7226277372262774,0.7352941176470589
1,4,11,0.5942083597183228,0.5795971751213074,0.7226277372262774,0.7352941176470589
1,4,12,0.6021780967712402,0.5858238339424133,0.7226277372262774,0.7352941176470589
1,4,13,0.6013244986534119,0.5852574706077576,0.7226277372262774,0.7352941176470589
1,4,14,0.596095860004425,0.5812132358551025,0.7226277372262774,0.7352941176470589
1,4,15,0.590916097164154,0.577669620513916,0.7226277372262774,0.7352941176470589
1,4,16,0.5890699028968811,0.5773176550865173,0.7226277372262774,0.7352941176470589
1,4,17,0.5904790759086609,0.5798146724700928,0.7226277372262774,0.7352941176470589
1,4,18,0.592477560043335,0.5823097825050354,0.7226277372262774,0.7352941176470589
1,4,19,0.5939105749130249,0.5840675234794617,0.7226277372262774,0.7352941176470589
1,4,20,0.5946701765060425,0.5849042534828186,0.7226277372262774,0.7352941176470589
1,4,21,0.594589352607727,0.5846858620643616,0.7226277372262774,0.7352941176470589
1,4,22,0.593666672706604,0.5835996270179749,0.7226277372262774,0.7352941176470589
1,4,23,0.5927271842956543,0.5824858546257019,0.7226277372262774,0.7352941176470589
1,4,24,0.5917980670928955,0.5811241269111633,0.7226277372262774,0.7352941176470589
1,4,25,0.5910503268241882,0.5798930525779724,0.7226277372262774,0.7352941176470589
1,4,26,0.5906043648719788,0.5789645910263062,0.7226277372262774,0.7352941176470589
1,4,27,0.5904552936553955,0.578366219997406,0.7226277372262774,0.7352941176470589
1,4,28,0.5905261039733887,0.5780580043792725,0.7226277372262774,0.7352941176470589
1,4,29,0.5906901359558105,0.5779450535774231,0.7226277372262774,0.7352941176470589
1,4,30,0.5908611416816711,0.5779218077659607,0.7226277372262774,0.7352941176470589
1,4,31,0.5909717679023743,0.5779281854629517,0.7226277372262774,0.7352941176470589
1,4,32,0.5909737944602966,0.5779284238815308,0.7226277372262774,0.7352941176470589
1,4,33,0.590854823589325,0.5779218077659607,0.7226277372262774,0.7352941176470589
1,4,34,0.5906740427017212,0.5779504179954529,0.7226277372262774,0.7352941176470589
1,4,35,0.5905458331108093,0.5780338644981384,0.7226277372262774,0.7352941176470589
1,4,36,0.5904678106307983,0.5781923532485962,0.7226277372262774,0.7352941176470589
1,4,37,0.5904563069343567,0.5783830285072327,0.7226277372262774,0.7352941176470589
1,4,38,0.5905086994171143,0.5786745548248291,0.7226277372262774,0.7352941176470589
1,4,39,0.5906115770339966,0.5789833068847656,0.7226277372262774,0.7352941176470589
1,4,40,0.590747058391571,0.5793004631996155,0.7226277372262774,0.7352941176470589
1,4,41,0.5908837914466858,0.5795804262161255,0.7226277372262774,0.7352941176470589
1,4,42,0.5909938216209412,0.5797897577285767,0.7226277372262774,0.7352941176470589
1,4,43,0.5910063982009888,0.5798128843307495,0.7226277372262774,0.7352941176470589
1,4,44,0.5909538865089417,0.5797150731086731,0.7226277372262774,0.7352941176470589
1,4,45,0.5908832550048828,0.5795795321464539,0.7226277372262774,0.7352941176470589
1,4,46,0.5907759070396423,0.5793619751930237,0.7226277372262774,0.7352941176470589
1,4,47,0.5906833410263062,0.5791581869125366,0.7226277372262774,0.7352941176470589
1,4,48,0.5905975103378296,0.5789464712142944,0.7226277372262774,0.7352941176470589
1,4,49,0.5905321836471558,0.5787559151649475,0.7226277372262774,0.7352941176470589
1,4,50,0.5904866456985474,0.5785852074623108,0.7226277372262774,0.7352941176470589
1,4,51,0.5904680490493774,0.5784876346588135,0.7226277372262774,0.7352941176470589
1,4,52,0.5904550552368164,0.5783591270446777,0.7226277372262774,0.7352941176470589
1,4,53,0.5904587507247925,0.5782463550567627,0.7226277372262774,0.7352941176470589
1,4,54,0.5904681086540222,0.5781911611557007,0.7226277372262774,0.7352941176470589
1,4,55,0.5904785990715027,0.5781529545783997,0.7226277372262774,0.7352941176470589
1,4,56,0.5904829502105713,0.5781403183937073,0.7226277372262774,0.7352941176470589
1,4,57,0.5904877185821533,0.578127920627594,0.7226277372262774,0.7352941176470589
1,4,58,0.5904828310012817,0.5781405568122864,0.7226277372262774,0.7352941176470589
1,4,59,0.590472936630249,0.5781718492507935,0.7226277372262774,0.7352941176470589
1,4,60,0.590465784072876,0.578201413154602,0.7226277372262774,0.7352941176470589
1,4,61,0.5904567837715149,0.5782666802406311,0.7226277372262774,0.7352941176470589
1,4,62,0.5904547572135925,0.5783525705337524,0.7226277372262774,0.7352941176470589
1,4,63,0.5904602408409119,0.5784285664558411,0.7226277372262774,0.7352941176470589
1,4,64,0.590477466583252,0.578541100025177,0.7226277372262774,0.7352941176470589
1,4,65,0.5905207991600037,0.5787178874015808,0.7226277372262774,0.7352941176470589
1,4,66,0.5905429720878601,0.5787902474403381,0.7226277372262774,0.7352941176470589
1,4,67,0.5905547738075256,0.5788264870643616,0.7226277372262774,0.7352941176470589
1,4,68,0.5905479788780212,0.5788055658340454,0.7226277372262774,0.7352941176470589
1,4,69,0.5905298590660095,0.5787481665611267,0.7226277372262774,0.7352941176470589
1,4,70,0.5905129909515381,0.5786904692649841,0.7226277372262774,0.7352941176470589
1,4,71,0.5904927849769592,0.5786119103431702,0.7226277372262774,0.7352941176470589
1,4,72,0.5904836058616638,0.5785713195800781,0.7226277372262774,0.7352941176470589
1,4,73,0.5904704928398132,0.5785024166107178,0.7226277372262774,0.7352941176470589
1,4,74,0.5904567837715149,0.578390896320343,0.7226277372262774,0.7352941176470589
1,4,75,0.5904560089111328,0.5782764554023743,0.7226277372262774,0.7352941176470589
1,4,76,0.5904653668403625,0.578204333782196,0.7226277372262774,0.7352941176470589
1,4,77,0.5904920101165771,0.5781176090240479,0.7226277372262774,0.7352941176470589
1,4,78,0.5905206203460693,0.5780656933784485,0.7226277372262774,0.7352941176470589
1,4,79,0.5905343890190125,0.5780471563339233,0.7226277372262774,0.7352941176470589
1,4,80,0.5905196070671082,0.578067421913147,0.7226277372262774,0.7352941176470589
1,4,81,0.590490460395813,0.5781212449073792,0.7226277372262774,0.7352941176470589
1,4,82,0.5904632210731506,0.5782157778739929,0.7226277372262774,0.7352941176470589
1,4,83,0.5904557108879089,0.5783731937408447,0.7226277372262774,0.7352941176470589
1,4,84,0.5904789566993713,0.5785484910011292,0.7226277372262774,0.7352941176470589
1,4,85,0.5905230045318604,0.5787252187728882,0.7226277372262774,0.7352941176470589
1,4,86,0.590580940246582,0.578901469707489,0.7226277372262774,0.7352941176470589
1,4,87,0.5906224846839905,0.5790112018585205,0.7226277372262774,0.7352941176470589
1,4,88,0.5906770825386047,0.5791435241699219,0.7226277372262774,0.7352941176470589
1,4,89,0.5907365083694458,0.5792774558067322,0.7226277372262774,0.7352941176470589
1,4,90,0.5907837748527527,0.5793783664703369,0.7226277372262774,0.7352941176470589
1,4,91,0.590797483921051,0.5794069766998291,0.7226277372262774,0.7352941176470589
1,4,92,0.5907723307609558,0.5793545246124268,0.7226277372262774,0.7352941176470589
1,4,93,0.5907298922538757,0.5792630314826965,0.7226277372262774,0.7352941176470589
1,4,94,0.5906453132629395,0.5790680050849915,0.7226277372262774,0.7352941176470589
1,4,95,0.5905614495277405,0.5788460373878479,0.7226277372262774,0.7352941176470589
1,4,96,0.5905078649520874,0.5786717534065247,0.7226277372262774,0.7352941176470589
1,4,97,0.5904855728149414,0.5785803198814392,0.7226277372262774,0.7352941176470589
1,4,98,0.5904731750488281,0.5785181522369385,0.7226277372262774,0.7352941176470589
1,4,99,0.5904662013053894,0.578475296497345,0.7226277372262774,0.7352941176470589
1,4,100,0.5904632210731506,0.5784537196159363,0.7226277372262774,0.7352941176470589
1,5,1,2.8055484294891357,3.058008909225464,0.7299270072992701,0.7058823529411765
1,5,2,0.8199002742767334,0.8092199563980103,0.27007299270072993,0.29411764705882354
1,5,3,0.6826971769332886,0.6838422417640686,0.7299270072992701,0.7058823529411765
1,5,4,0.6597040295600891,0.6634581089019775,0.7299270072992701,0.7058823529411765
1,5,5,0.6412918567657471,0.6473222374916077,0.7299270072992701,0.7058823529411765
1,5,6,0.6210930943489075,0.6300854682922363,0.7299270072992701,0.7058823529411765
1,5,7,0.5978341102600098,0.6119599938392639,0.7299270072992701,0.7058823529411765
1,5,8,0.5843688249588013,0.6070607304573059,0.7299270072992701,0.7058823529411765
1,5,9,0.5967122316360474,0.6294545531272888,0.7299270072992701,0.7058823529411765
1,5,10,0.5978819131851196,0.6335885524749756,0.7299270072992701,0.7058823529411765
1,5,11,0.5851134061813354,0.6175739169120789,0.7299270072992701,0.7058823529411765
1,5,12,0.5785736441612244,0.6067379117012024,0.7299270072992701,0.7058823529411765
1,5,13,0.5806256532669067,0.6049847602844238,0.7299270072992701,0.7058823529411765
1,5,14,0.5820302367210388,0.6050981879234314,0.7299270072992701,0.7058823529411765
1,5,15,0.5797848701477051,0.6048457026481628,0.7299270072992701,0.7058823529411765
1,5,16,0.5770156979560852,0.6045083999633789,0.7299270072992701,0.7058823529411765
1,5,17,0.5735517144203186,0.6051494479179382,0.7299270072992701,0.7058823529411765
1,5,18,0.570827841758728,0.608004093170166,0.7299270072992701,0.7058823529411765
1,5,19,0.5689184665679932,0.611495316028595,0.7299270072992701,0.7058823529411765
1,5,20,0.5654908418655396,0.612413227558136,0.7299270072992701,0.7058823529411765
1,5,21,0.560206413269043,0.6105043888092041,0.7299270072992701,0.7058823529411765
1,5,22,0.5544466972351074,0.6071251034736633,0.7299270072992701,0.7058823529411765
1,5,23,0.5480486154556274,0.6040981411933899,0.7299270072992701,0.7058823529411765
1,5,24,0.5377930998802185,0.6043155789375305,0.7299270072992701,0.7058823529411765
1,5,25,0.5264269709587097,0.607568085193634,0.7299270072992701,0.7058823529411765
1,5,26,0.5148295760154724,0.6105621457099915,0.7299270072992701,0.7058823529411765
1,5,27,0.49769124388694763,0.6074286103248596,0.7299270072992701,0.7058823529411765
1,5,28,0.4818815290927887,0.5979631543159485,0.7299270072992701,0.7058823529411765
1,5,29,0.46186062693595886,0.5995278358459473,0.7299270072992701,0.7058823529411765
1,5,30,0.43893682956695557,0.6090752482414246,0.7299270072992701,0.7058823529411765
1,5,31,0.412534236907959,0.6165135502815247,0.7299270072992701,0.7058823529411765
1,5,32,0.3904746174812317,0.5962380170822144,0.8613138686131386,0.6764705882352942
1,5,33,0.3587673306465149,0.6141722202301025,0.8686131386861314,0.6764705882352942
1,5,34,0.33563104271888733,0.6496108770370483,0.8686131386861314,0.6764705882352942
1,5,35,0.3126382529735565,0.6290947198867798,0.9124087591240876,0.6764705882352942
1,5,36,0.28917521238327026,0.6542162895202637,0.9197080291970803,0.6764705882352942
1,5,37,0.279746949672699,0.730838418006897,0.8759124087591241,0.6764705882352942
1,5,38,0.2666319012641907,0.656420111656189,0.8978102189781022,0.7058823529411765
1,5,39,0.24186059832572937,0.7258286476135254,0.9416058394160584,0.7058823529411765
1,5,40,0.25898703932762146,0.8717806339263916,0.9197080291970803,0.6764705882352942
1,5,41,0.22433020174503326,0.7473053932189941,0.9124087591240876,0.6764705882352942
1,5,42,0.21255415678024292,0.7822760343551636,0.9197080291970803,0.6764705882352942
1,5,43,0.2100866138935089,0.8749669194221497,0.9416058394160584,0.7058823529411765
1,5,44,0.2048332244157791,0.8821406960487366,0.9416058394160584,0.7058823529411765
1,5,45,0.1917772740125656,0.8836304545402527,0.9416058394160584,0.7058823529411765
1,5,46,0.18147020041942596,0.9104517102241516,0.948905109489051,0.6470588235294118
1,5,47,0.175096333026886,0.8689441680908203,0.9197080291970803,0.6764705882352942
1,5,48,0.1663171499967575,0.9110316634178162,0.948905109489051,0.6764705882352942
1,5,49,0.16327476501464844,0.981613278388977,0.948905109489051,0.6764705882352942
1,5,50,0.1650458723306656,0.8997058868408203,0.9416058394160584,0.7352941176470589
1,5,51,0.13897091150283813,0.9730598330497742,0.9635036496350365,0.6470588235294118
1,5,52,0.15545645356178284,1.1190394163131714,0.9416058394160584,0.6470588235294118
1,5,53,0.13071423768997192,0.957599401473999,0.9635036496350365,0.6764705882352942
1,5,54,0.12278686463832855,0.9837918281555176,0.9708029197080292,0.7058823529411765
1,5,55,0.11873875558376312,1.1079961061477661,0.9562043795620438,0.6470588235294118
1,5,56,0.10850924998521805,1.143250823020935,0.9562043795620438,0.6764705882352942
1,5,57,0.10729611665010452,1.0538852214813232,0.9562043795620438,0.7058823529411765
1,5,58,0.0971040204167366,1.1753015518188477,0.9708029197080292,0.6470588235294118
1,5,59,0.10379649698734283,1.2688781023025513,0.9562043795620438,0.6470588235294118
1,5,60,0.08426070958375931,1.1403495073318481,0.9708029197080292,0.6470588235294118
1,5,61,0.07977911829948425,1.1734412908554077,0.9708029197080292,0.6470588235294118
1,5,62,0.08339588344097137,1.3749154806137085,0.9635036496350365,0.6470588235294118
1,5,63,0.06965139508247375,1.3338896036148071,0.9781021897810219,0.6764705882352942
1,5,64,0.07371703535318375,1.204026699066162,0.9708029197080292,0.6470588235294118
1,5,65,0.06947322189807892,1.4436955451965332,0.9708029197080292,0.6470588235294118
1,5,66,0.05734752118587494,1.4178626537322998,0.9781021897810219,0.6764705882352942
1,5,67,0.051428407430648804,1.3899222612380981,0.9927007299270073,0.6470588235294118
1,5,68,0.04924140125513077,1.4246106147766113,0.9927007299270073,0.6470588235294118
1,5,69,0.0571427121758461,1.5430431365966797,0.9781021897810219,0.6764705882352942
1,5,70,0.05164634436368942,1.5264124870300293,0.9781021897810219,0.6764705882352942
1,5,71,0.04197162017226219,1.451928734779358,0.9927007299270073,0.6470588235294118
1,5,72,0.04436589032411575,1.3741655349731445,0.9854014598540146,0.6470588235294118
1,5,73,0.042011793702840805,1.530652642250061,0.9927007299270073,0.6470588235294118
1,5,74,0.0415620282292366,1.418976068496704,1.0,0.6470588235294118
1,5,75,0.04142313078045845,1.5635126829147339,0.9854014598540146,0.6764705882352942
1,5,76,0.03889429569244385,1.560570240020752,0.9927007299270073,0.6470588235294118
1,5,77,0.04156555235385895,1.474599003791809,1.0,0.6764705882352942
1,5,78,0.031116262078285217,1.610329031944275,1.0,0.6470588235294118
1,5,79,0.03257238119840622,1.7395585775375366,0.9927007299270073,0.6764705882352942
1,5,80,0.03633188083767891,1.7477723360061646,0.9927007299270073,0.6764705882352942
1,5,81,0.027720915153622627,1.5584030151367188,1.0,0.6764705882352942
1,5,82,0.033908046782016754,1.5366625785827637,0.9927007299270073,0.6470588235294118
1,5,83,0.04189731925725937,2.112985134124756,0.9854014598540146,0.6764705882352942
1,5,84,0.01934788003563881,1.9074276685714722,1.0,0.6764705882352942
1,5,85,0.016289683058857918,1.7928447723388672,1.0,0.6470588235294118
1,5,86,0.014689231291413307,1.8583664894104004,1.0,0.6764705882352942
1,5,87,0.020884158089756966,2.071694850921631,0.9927007299270073,0.6764705882352942
1,5,88,0.01846318691968918,2.083418130874634,1.0,0.6764705882352942
1,5,89,0.012178368866443634,1.8473073244094849,1.0,0.6470588235294118
1,5,90,0.010022399947047234,1.9468966722488403,1.0,0.6764705882352942
1,5,91,0.015475847758352757,2.2034363746643066,1.0,0.6764705882352942
1,5,92,0.016126012429594994,2.216339111328125,1.0,0.6764705882352942
1,5,93,0.01128586009144783,2.163761615753174,1.0,0.6764705882352942
1,5,94,0.008955887518823147,2.126760721206665,1.0,0.6764705882352942
1,5,95,0.008532658219337463,2.1483078002929688,1.0,0.6764705882352942
1,5,96,0.010557829402387142,2.2347614765167236,1.0,0.6764705882352942
1,5,97,0.026473309844732285,2.5774526596069336,0.9927007299270073,0.6764705882352942
1,5,98,0.008731449954211712,2.0284483432769775,1.0,0.6764705882352942
1,5,99,0.023320559412240982,1.7984381914138794,1.0,0.7058823529411765
1,5,100,0.014985443092882633,2.2071480751037598,1.0,0.6764705882352942
2,1,1,3.6713662147521973,3.8581485748291016,0.7279411764705882,0.7142857142857143
2,1,2,0.6591747999191284,0.6616225242614746,0.7279411764705882,0.7142857142857143
2,1,3,0.6832354664802551,0.6839538812637329,0.7279411764705882,0.7142857142857143
2,1,4,0.6720083355903625,0.6733972430229187,0.7279411764705882,0.7142857142857143
2,1,5,0.6669095158576965,0.6684787273406982,0.7279411764705882,0.7142857142857143
2,1,6,0.6612653136253357,0.6631582975387573,0.7279411764705882,0.7142857142857143
2,1,7,0.648767352104187,0.6515487432479858,0.7279411764705882,0.7142857142857143
2,1,8,0.6291108131408691,0.6335479617118835,0.7279411764705882,0.7142857142857143
2,1,9,0.6067689061164856,0.6137582063674927,0.7279411764705882,0.7142857142857143
2,1,10,0.5895453095436096,0.6000171303749084,0.7279411764705882,0.7142857142857143
2,1,11,0.5864890813827515,0.6011102795600891,0.7279411764705882,0.7142857142857143
2,1,12,0.5925253629684448,0.6100680232048035,0.7279411764705882,0.7142857142857143
2,1,13,0.5932133793830872,0.6115474104881287,0.7279411764705882,0.7142857142857143
2,1,14,0.5903144478797913,0.6083397269248962,0.7279411764705882,0.7142857142857143
2,1,15,0.5860729813575745,0.6030842661857605,0.7279411764705882,0.7142857142857143
2,1,16,0.5833919048309326,0.5987303256988525,0.7279411764705882,0.7142857142857143
2,1,17,0.5838069319725037,0.5976896286010742,0.7279411764705882,0.7142857142857143
2,1,18,0.5848056674003601,0.5980534553527832,0.7279411764705882,0.7142857142857143
2,1,19,0.5866111516952515,0.598853588104248,0.7279411764705882,0.7142857142857143
2,1,20,0.5870581269264221,0.5990616083145142,0.7279411764705882,0.7142857142857143
2,1,21,0.5863977670669556,0.5986893773078918,0.7279411764705882,0.7142857142857143
2,1,22,0.5855236649513245,0.5982843637466431,0.7279411764705882,0.7142857142857143
2,1,23,0.5844709277153015,0.5979264378547668,0.7279411764705882,0.7142857142857143
2,1,24,0.5833918452262878,0.5976203680038452,0.7279411764705882,0.7142857142857143
2,1,25,0.5822547674179077,0.5974313020706177,0.7279411764705882,0.7142857142857143
2,1,26,0.581535816192627,0.5974636673927307,0.7279411764705882,0.7142857142857143
2,1,27,0.5809476971626282,0.5975599884986877,0.7279411764705882,0.7142857142857143
2,1,28,0.5804129242897034,0.5975443720817566,0.7279411764705882,0.7142857142857143
2,1,29,0.5798368453979492,0.5974863767623901,0.7279411764705882,0.7142857142857143
2,1,30,0.5791593790054321,0.5973921418190002,0.7279411764705882,0.7142857142857143
2,1,31,0.578365683555603,0.5972495079040527,0.7279411764705882,0.7142857142857143
2,1,32,0.5773977041244507,0.5971344113349915,0.7279411764705882,0.7142857142857143
2,1,33,0.576397180557251,0.5971391201019287,0.7279411764705882,0.7142857142857143
2,1,34,0.5754772424697876,0.5970539450645447,0.7279411764705882,0.7142857142857143
2,1,35,0.574224591255188,0.5966342687606812,0.7279411764705882,0.7142857142857143
2,1,36,0.5723743438720703,0.5961945652961731,0.7279411764705882,0.7142857142857143
2,1,37,0.5704125165939331,0.5956634283065796,0.7279411764705882,0.7142857142857143
2,1,38,0.5685413479804993,0.5949512124061584,0.7279411764705882,0.7142857142857143
2,1,39,0.5667364597320557,0.5942336916923523,0.7279411764705882,0.7142857142857143
2,1,40,0.5641523003578186,0.5934566855430603,0.7279411764705882,0.7142857142857143
2,1,41,0.560401201248169,0.5932029485702515,0.7279411764705882,0.7142857142857143
2,1,42,0.5568010807037354,0.592786967754364,0.7279411764705882,0.7142857142857143
2,1,43,0.5536055564880371,0.5913738012313843,0.7279411764705882,0.7142857142857143
2,1,44,0.5481436848640442,0.5903850197792053,0.7279411764705882,0.7142857142857143
2,1,45,0.54245924949646,0.589171290397644,0.7279411764705882,0.7142857142857143
2,1,46,0.537396252155304,0.586914598941803,0.7279411764705882,0.7142857142857143
2,1,47,0.5303651094436646,0.5849025249481201,0.7279411764705882,0.7142857142857143
2,1,48,0.5196102261543274,0.5838690400123596,0.7279411764705882,0.7142857142857143
2,1,49,0.5098040699958801,0.5833545923233032,0.7279411764705882,0.7142857142857143
2,1,50,0.498460590839386,0.581879198551178,0.7279411764705882,0.7142857142857143
2,1,51,0.48338913917541504,0.5779228210449219,0.7279411764705882,0.7142857142857143
2,1,52,0.47011879086494446,0.5716588497161865,0.7279411764705882,0.7142857142857143
2,1,53,0.4571465849876404,0.5688501596450806,0.7279411764705882,0.7142857142857143
2,1,54,0.4385167956352234,0.5721437931060791,0.7279411764705882,0.7142857142857143
2,1,55,0.4190332889556885,0.5627235174179077,0.7279411764705882,0.7142857142857143
2,1,56,0.4013855755329132,0.5591443777084351,0.8382352941176471,0.7142857142857143
2,1,57,0.3776531219482422,0.5605985522270203,0.875,0.7142857142857143
2,1,58,0.3569307029247284,0.5682740807533264,0.875,0.7142857142857143
2,1,59,0.33498650789260864,0.5730336308479309,0.9044117647058824,0.7142857142857143
2,1,60,0.3238128423690796,0.5790135264396667,0.9044117647058824,0.7142857142857143
2,1,61,0.3080612123012543,0.5707501173019409,0.9191176470588235,0.7714285714285715
2,1,62,0.2860223948955536,0.5855982899665833,0.9191176470588235,0.7714285714285715
2,1,63,0.27937209606170654,0.6339232921600342,0.9117647058823529,0.7142857142857143
2,1,64,0.25951793789863586,0.6113377213478088,0.9191176470588235,0.7428571428571429
2,1,65,0.24762700498104095,0.6016373634338379,0.9191176470588235,0.8
2,1,66,0.22835387289524078,0.6192070841789246,0.9117647058823529,0.8
2,1,67,0.22637632489204407,0.6987172365188599,0.9264705882352942,0.7428571428571429
2,1,68,0.21215130388736725,0.6814606785774231,0.9264705882352942,0.8
2,1,69,0.2017364352941513,0.6710895299911499,0.9338235294117647,0.7714285714285715
2,1,70,0.19520603120326996,0.6729846596717834,0.9191176470588235,0.7428571428571429
2,1,71,0.18393045663833618,0.7009625434875488,0.9264705882352942,0.7428571428571429
2,1,72,0.17903973162174225,0.7829497456550598,0.9338235294117647,0.7714285714285715
2,1,73,0.16802343726158142,0.7971206307411194,0.9338235294117647,0.7428571428571429
2,1,74,0.16915397346019745,0.7435963153839111,0.9338235294117647,0.7428571428571429
2,1,75,0.1547211855649948,0.7594143748283386,0.9485294117647058,0.7428571428571429
2,1,76,0.15127499401569366,0.8523523211479187,0.9485294117647058,0.7142857142857143
2,1,77,0.16069544851779938,0.9341374039649963,0.9338235294117647,0.6857142857142857
2,1,78,0.13602972030639648,0.799043595790863,0.9558823529411765,0.7428571428571429
2,1,79,0.16602705419063568,0.8198769092559814,0.9191176470588235,0.6857142857142857
2,1,80,0.13552865386009216,0.8038279414176941,0.9632352941176471,0.7428571428571429
2,1,81,0.13615353405475616,0.9156437516212463,0.9558823529411765,0.6857142857142857
2,1,82,0.12253905832767487,0.9921635389328003,0.9632352941176471,0.6571428571428571
2,1,83,0.10286634415388107,0.9234244227409363,0.9852941176470589,0.7428571428571429
2,1,84,0.11185993254184723,0.8950217962265015,0.9558823529411765,0.7428571428571429
2,1,85,0.102887824177742,0.9084699153900146,0.9852941176470589,0.7142857142857143
2,1,86,0.10261796414852142,0.974668562412262,0.9705882352941176,0.6571428571428571
2,1,87,0.08895263820886612,0.9593974351882935,0.9852941176470589,0.7428571428571429
2,1,88,0.07669324427843094,0.9948573708534241,0.9852941176470589,0.7142857142857143
2,1,89,0.0812121108174324,1.063266634941101,0.9852941176470589,0.6857142857142857
2,1,90,0.0737268328666687,1.0677919387817383,0.9852941176470589,0.6857142857142857
2,1,91,0.06540099531412125,1.0885533094406128,0.9852941176470589,0.7142857142857143
2,1,92,0.05884763225913048,1.0880937576293945,0.9926470588235294,0.7142857142857143
2,1,93,0.05332536622881889,1.1269352436065674,0.9926470588235294,0.7142857142857143
2,1,94,0.056394487619400024,1.2077924013137817,0.9926470588235294,0.6857142857142857
2,1,95,0.0473313108086586,1.1886546611785889,0.9926470588235294,0.7428571428571429
2,1,96,0.04277417063713074,1.185281753540039,0.9926470588235294,0.7142857142857143
2,1,97,0.04097823426127434,1.2141680717468262,1.0,0.7142857142857143
2,1,98,0.06798214465379715,1.4505280256271362,0.9852941176470589,0.6285714285714286
2,1,99,0.03957979008555412,1.2322849035263062,0.9926470588235294,0.7142857142857143
2,1,100,0.03721034526824951,1.26229727268219,0.9926470588235294,0.7142857142857143
2,2,1,3.1118545532226562,2.9701032638549805,0.7226277372262774,0.7352941176470589
2,2,2,0.6943697929382324,0.694268524646759,0.27007299270072993,0.2647058823529412
2,2,3,0.6693498492240906,0.6678213477134705,0.7226277372262774,0.7352941176470589
2,2,4,0.6599767208099365,0.6578975319862366,0.7226277372262774,0.7352941176470589
2,2,5,0.6515408158302307,0.6488345861434937,0.7226277372262774,0.7352941176470589
2,2,6,0.6417117118835449,0.6382152438163757,0.7226277372262774,0.7352941176470589
2,2,7,0.6280476450920105,0.6233234405517578,0.7226277372262774,0.7352941176470589
2,2,8,0.6123033165931702,0.6058368682861328,0.7226277372262774,0.7352941176470589
2,2,9,0.5974321365356445,0.5885183215141296,0.7226277372262774,0.7352941176470589
2,2,10,0.5904185175895691,0.5785782337188721,0.7226277372262774,0.7352941176470589
2,2,11,0.5955714583396912,0.580752432346344,0.7226277372262774,0.7352941176470589
2,2,12,0.6017867922782898,0.5858379006385803,0.7226277372262774,0.7352941176470589
2,2,13,0.6006516814231873,0.5851818919181824,0.7226277372262774,0.7352941176470589
2,2,14,0.5951374769210815,0.5810272693634033,0.7226277372262774,0.7352941176470589
2,2,15,0.5901139974594116,0.5778165459632874,0.7226277372262774,0.7352941176470589
2,2,16,0.5890927314758301,0.578281044960022,0.7226277372262774,0.7352941176470589
2,2,17,0.590735137462616,0.5808112025260925,0.7226277372262774,0.7352941176470589
2,2,18,0.5923337340354919,0.5829192996025085,0.7226277372262774,0.7352941176470589
2,2,19,0.5926975607872009,0.5834981203079224,0.7226277372262774,0.7352941176470589
2,2,20,0.5919294357299805,0.5827089548110962,0.7226277372262774,0.7352941176470589
2,2,21,0.5904785990715027,0.5810937285423279,0.7226277372262774,0.7352941176470589
2,2,22,0.5891111493110657,0.5795924067497253,0.7226277372262774,0.7352941176470589
2,2,23,0.5879888534545898,0.5783673524856567,0.7226277372262774,0.7352941176470589
2,2,24,0.5872504115104675,0.5778511762619019,0.7226277372262774,0.7352941176470589
2,2,25,0.5865818858146667,0.5776476860046387,0.7226277372262774,0.7352941176470589
2,2,26,0.5857356190681458,0.5775802135467529,0.7226277372262774,0.7352941176470589
2,2,27,0.5845679044723511,0.5775993466377258,0.7226277372262774,0.7352941176470589
2,2,28,0.5833360552787781,0.5777655243873596,0.7226277372262774,0.7352941176470589
2,2,29,0.5843212604522705,0.5784860253334045,0.7226277372262774,0.7352941176470589
2,2,30,0.5807238817214966,0.577370822429657,0.7226277372262774,0.7352941176470589
2,2,31,0.5774933695793152,0.5761091113090515,0.7226277372262774,0.7352941176470589
2,2,32,0.5759564638137817,0.5756043791770935,0.7226277372262774,0.7352941176470589
2,2,33,0.5737960934638977,0.5753063559532166,0.7226277372262774,0.7352941176470589
2,2,34,0.5706408023834229,0.5752679705619812,0.7226277372262774,0.7352941176470589
2,2,35,0.5693802833557129,0.5766136646270752,0.7226277372262774,0.7352941176470589
2,2,36,0.5676763653755188,0.5773991346359253,0.7226277372262774,0.7352941176470589
2,2,37,0.5634317398071289,0.5766714215278625,0.7226277372262774,0.7352941176470589
2,2,38,0.5564113855361938,0.5734756588935852,0.7226277372262774,0.7352941176470589
2,2,39,0.5515292882919312,0.5716453194618225,0.7226277372262774,0.7352941176470589
2,2,40,0.5456125140190125,0.5709149241447449,0.7226277372262774,0.7352941176470589
2,2,41,0.5416759848594666,0.5714944005012512,0.7226277372262774,0.7352941176470589
2,2,42,0.5360274314880371,0.5700594782829285,0.7226277372262774,0.7352941176470589
2,2,43,0.5261600613594055,0.5657793283462524,0.7226277372262774,0.7352941176470589
2,2,44,0.5185610055923462,0.5630035996437073,0.7226277372262774,0.7352941176470589
2,2,45,0.509513795375824,0.5619350075721741,0.7226277372262774,0.7352941176470589
2,2,46,0.5072321891784668,0.5667644143104553,0.7226277372262774,0.7352941176470589
2,2,47,0.4925142228603363,0.5621026754379272,0.7226277372262774,0.7352941176470589
2,2,48,0.47657012939453125,0.5570143461227417,0.7226277372262774,0.7352941176470589
2,2,49,0.4654591679573059,0.5560078024864197,0.7226277372262774,0.7352941176470589
2,2,50,0.4651414453983307,0.5612978339195251,0.7226277372262774,0.7352941176470589
2,2,51,0.4511321783065796,0.5547550916671753,0.7226277372262774,0.7352941176470589
2,2,52,0.43656259775161743,0.5485256314277649,0.7226277372262774,0.7352941176470589
2,2,53,0.4318920075893402,0.5464689135551453,0.7226277372262774,0.7352941176470589
2,2,54,0.43210896849632263,0.5473009347915649,0.7226277372262774,0.7352941176470589
2,2,55,0.41381746530532837,0.5411420464515686,0.7226277372262774,0.7352941176470589
2,2,56,0.39897552132606506,0.5395686030387878,0.8248175182481752,0.7352941176470589
2,2,57,0.39505285024642944,0.5411729216575623,0.9124087591240876,0.7352941176470589
2,2,58,0.37818145751953125,0.5349140167236328,0.9197080291970803,0.7352941176470589
2,2,59,0.36394980549812317,0.529674768447876,0.8759124087591241,0.7647058823529411
2,2,60,0.3573147654533386,0.5277639031410217,0.9197080291970803,0.7647058823529411
2,2,61,0.3797977566719055,0.5470417141914368,0.8978102189781022,0.7352941176470589
2,2,62,0.35744208097457886,0.5282221436500549,0.9051094890510949,0.7647058823529411
2,2,63,0.346573144197464,0.5254669785499573,0.9051094890510949,0.7647058823529411
2,2,64,0.34990212321281433,0.5319477319717407,0.8759124087591241,0.7647058823529411
2,2,65,0.34720975160598755,0.5195860266685486,0.9197080291970803,0.7941176470588235
2,2,66,0.36188095808029175,0.5286971926689148,0.9124087591240876,0.7352941176470589
2,2,67,0.35872167348861694,0.5307794213294983,0.9124087591240876,0.7058823529411765
2,2,68,0.3291521370410919,0.5113950967788696,0.9197080291970803,0.7941176470588235
2,2,69,0.31984347105026245,0.5214111804962158,0.9124087591240876,0.7647058823529411
2,2,70,0.31155478954315186,0.5209982395172119,0.9124087591240876,0.7647058823529411
2,2,71,0.30564290285110474,0.506642758846283,0.9124087591240876,0.7647058823529411
2,2,72,0.32132402062416077,0.5127435922622681,0.9197080291970803,0.7352941176470589
2,2,73,0.3301043212413788,0.5124879479408264,0.9197080291970803,0.7352941176470589
2,2,74,0.3282182216644287,0.5189201235771179,0.9197080291970803,0.7941176470588235
2,2,75,0.33604228496551514,0.5272942781448364,0.7226277372262774,0.7352941176470589
2,2,76,0.3325037658214569,0.5179920792579651,0.7226277372262774,0.7352941176470589
2,2,77,0.3309685289859772,0.5116373896598816,0.9343065693430657,0.7352941176470589
2,2,78,0.32221490144729614,0.509982705116272,0.9562043795620438,0.7352941176470589
2,2,79,0.30106574296951294,0.5121131539344788,0.927007299270073,0.7352941176470589
2,2,80,0.29277539253234863,0.5278480648994446,0.8978102189781022,0.7647058823529411
2,2,81,0.2762015759944916,0.5115308165550232,0.927007299270073,0.7352941176470589
2,2,82,0.2963525056838989,0.514584481716156,0.948905109489051,0.7058823529411765
2,2,83,0.2656114995479584,0.512224018573761,0.9708029197080292,0.7058823529411765
2,2,84,0.2498140037059784,0.5165488719940186,0.9343065693430657,0.7352941176470589
2,2,85,0.2469918429851532,0.5171293616294861,0.948905109489051,0.7352941176470589
2,2,86,0.2532191276550293,0.5161406397819519,0.9562043795620438,0.7352941176470589
2,2,87,0.2829863131046295,0.5108042359352112,0.9562043795620438,0.7058823529411765
2,2,88,0.265151709318161,0.5197513699531555,0.9635036496350365,0.7352941176470589
2,2,89,0.26412978768348694,0.5539437532424927,0.9124087591240876,0.7647058823529411
2,2,90,0.25814247131347656,0.5534459352493286,0.9343065693430657,0.7352941176470589
2,2,91,0.24877211451530457,0.5385499000549316,0.948905109489051,0.7352941176470589
2,2,92,0.2547030746936798,0.5214421153068542,0.9635036496350365,0.7352941176470589
2,2,93,0.2444690763950348,0.5313187837600708,0.9708029197080292,0.7352941176470589
2,2,94,0.23419702053070068,0.5599957704544067,0.9416058394160584,0.7352941176470589
2,2,95,0.2260076105594635,0.5691738724708557,0.9416058394160584,0.7352941176470589
2,2,96,0.2200319617986679,0.5454253554344177,0.9708029197080292,0.7352941176470589
2,2,97,0.22429464757442474,0.5383713245391846,0.9708029197080292,0.7352941176470589
2,2,98,0.21362429857254028,0.548774003982544,0.9781021897810219,0.7352941176470589
2,2,99,0.21175625920295715,0.5677759647369385,0.9708029197080292,0.7352941176470589
2,2,100,0.2097390741109848,0.5743523240089417,0.9708029197080292,0.7352941176470589
2,3,1,2.959540367126465,2.8274481296539307,0.7226277372262774,0.7352941176470589
2,3,2,0.7477377653121948,0.7506822347640991,0.2773722627737226,0.2647058823529412
2,3,3,0.6896336674690247,0.6895142793655396,0.7226277372262774,0.7352941176470589
2,3,4,0.6722044348716736,0.6709246635437012,0.7226277372262774,0.7352941176470589
2,3,5,0.6613385081291199,0.65923672914505,0.7226277372262774,0.7352941176470589
2,3,6,0.6506169438362122,0.647625207901001,0.7226277372262774,0.7352941176470589
2,3,7,0.635690450668335,0.6313559412956238,0.7226277372262774,0.7352941176470589
2,3,8,0.616694986820221,0.610300600528717,0.7226277372262774,0.7352941176470589
2,3,9,0.5981711745262146,0.5887246131896973,0.7226277372262774,0.7352941176470589
2,3,10,0.5913708806037903,0.5781513452529907,0.7226277372262774,0.7352941176470589
2,3,11,0.6000156998634338,0.5835362672805786,0.7226277372262774,0.7352941176470589
2,3,12,0.6099839806556702,0.5920743346214294,0.7226277372262774,0.7352941176470589
2,3,13,0.6069386005401611,0.5899350643157959,0.7226277372262774,0.7352941176470589
2,3,14,0.5959306955337524,0.5813557505607605,0.7226277372262774,0.7352941176470589
2,3,15,0.5891312956809998,0.5775782465934753,0.7226277372262774,0.7352941176470589
2,3,16,0.5914692282676697,0.5821500420570374,0.7226277372262774,0.7352941176470589
2,3,17,0.5961925983428955,0.5881242156028748,0.7226277372262774,0.7352941176470589
2,3,18,0.5991230010986328,0.5914114713668823,0.7226277372262774,0.7352941176470589
2,3,19,0.5991618633270264,0.591071605682373,0.7226277372262774,0.7352941176470589
2,3,20,0.5967919230461121,0.5879811644554138,0.7226277372262774,0.7352941176470589
2,3,21,0.5939275026321411,0.5845297574996948,0.7226277372262774,0.7352941176470589
2,3,22,0.5911402702331543,0.5812221169471741,0.7226277372262774,0.7352941176470589
2,3,23,0.5893664956092834,0.5789452791213989,0.7226277372262774,0.7352941176470589
2,3,24,0.5885505080223083,0.5776811242103577,0.7226277372262774,0.7352941176470589
2,3,25,0.5884169936180115,0.577229380607605,0.7226277372262774,0.7352941176470589
2,3,26,0.5888523459434509,0.5771812200546265,0.7226277372262774,0.7352941176470589
2,3,27,0.5893600583076477,0.5774036645889282,0.7226277372262774,0.7352941176470589
2,3,28,0.5891683101654053,0.5773386359214783,0.7226277372262774,0.7352941176470589
2,3,29,0.5882318019866943,0.57696533203125,0.7226277372262774,0.7352941176470589
2,3,30,0.5875411629676819,0.5768543481826782,0.7226277372262774,0.7352941176470589
2,3,31,0.5865578651428223,0.576449453830719,0.7226277372262774,0.7352941176470589
2,3,32,0.5855188965797424,0.5758838653564453,0.7226277372262774,0.7352941176470589
2,3,33,0.5844089388847351,0.5754984617233276,0.7226277372262774,0.7352941176470589
2,3,34,0.58299720287323,0.5750119090080261,0.7226277372262774,0.7352941176470589
2,3,35,0.5812314748764038,0.5745255947113037,0.7226277372262774,0.7352941176470589
2,3,36,0.5795113444328308,0.5740932822227478,0.7226277372262774,0.7352941176470589
2,3,37,0.5777959823608398,0.5736153721809387,0.7226277372262774,0.7352941176470589
2,3,38,0.5760324001312256,0.5730323791503906,0.7226277372262774,0.7352941176470589
2,3,39,0.5739911794662476,0.5724114775657654,0.7226277372262774,0.7352941176470589
2,3,40,0.5718032121658325,0.571792721748352,0.7226277372262774,0.7352941176470589
2,3,41,0.5694106817245483,0.5710883736610413,0.7226277372262774,0.7352941176470589
2,3,42,0.5665247440338135,0.5700623989105225,0.7226277372262774,0.7352941176470589
2,3,43,0.5625056624412537,0.5681324005126953,0.7226277372262774,0.7352941176470589
2,3,44,0.5578032732009888,0.5657334923744202,0.7226277372262774,0.7352941176470589
2,3,45,0.5528517961502075,0.563273549079895,0.7226277372262774,0.7352941176470589
2,3,46,0.54670649766922,0.559988260269165,0.7226277372262774,0.7352941176470589
2,3,47,0.5399339199066162,0.5563609600067139,0.7226277372262774,0.7352941176470589
2,3,48,0.5323107242584229,0.5532912015914917,0.7226277372262774,0.7352941176470589
2,3,49,0.5224663019180298,0.5484147667884827,0.7226277372262774,0.7352941176470589
2,3,50,0.5163580775260925,0.5446100234985352,0.7226277372262774,0.7352941176470589
2,3,51,0.5031934380531311,0.5384256839752197,0.7226277372262774,0.7352941176470589
2,3,52,0.48932909965515137,0.5332915186882019,0.7226277372262774,0.7352941176470589
2,3,53,0.47444409132003784,0.5266256928443909,0.7226277372262774,0.7352941176470589
2,3,54,0.465303897857666,0.5240193009376526,0.7226277372262774,0.7352941176470589
2,3,55,0.4488133192062378,0.5182583332061768,0.7226277372262774,0.7352941176470589
2,3,56,0.42401355504989624,0.5049379467964172,0.7226277372262774,0.7352941176470589
2,3,57,0.4068279266357422,0.5030871033668518,0.7883211678832117,0.7352941176470589
2,3,58,0.38680580258369446,0.4951036274433136,0.8759124087591241,0.8529411764705882
2,3,59,0.37066182494163513,0.4947066009044647,0.9124087591240876,0.8235294117647058
2,3,60,0.34488677978515625,0.48399409651756287,0.8832116788321168,0.8529411764705882
2,3,61,0.3290996551513672,0.48547419905662537,0.9124087591240876,0.7941176470588235
2,3,62,0.3200652599334717,0.4960939884185791,0.9051094890510949,0.7941176470588235
2,3,63,0.2965608537197113,0.4877166748046875,0.9124087591240876,0.8529411764705882
2,3,64,0.2817460298538208,0.4924171566963196,0.9197080291970803,0.7941176470588235
2,3,65,0.2717876136302948,0.5021774172782898,0.9197080291970803,0.7647058823529411
2,3,66,0.26253679394721985,0.5124348998069763,0.9197080291970803,0.7647058823529411
2,3,67,0.25238776206970215,0.5196096301078796,0.927007299270073,0.7647058823529411
2,3,68,0.26286065578460693,0.5460267066955566,0.9124087591240876,0.8529411764705882
2,3,69,0.2404605746269226,0.5438461303710938,0.9197080291970803,0.7647058823529411
2,3,70,0.2553253769874573,0.5724561810493469,0.927007299270073,0.7647058823529411
2,3,71,0.22117602825164795,0.5685168504714966,0.927007299270073,0.7647058823529411
2,3,72,0.24741029739379883,0.6086199283599854,0.9124087591240876,0.8529411764705882
2,3,73,0.21241456270217896,0.5937586426734924,0.927007299270073,0.7647058823529411
2,3,74,0.24108964204788208,0.6199678182601929,0.9197080291970803,0.6764705882352942
2,3,75,0.19847683608531952,0.6211785674095154,0.948905109489051,0.7647058823529411
2,3,76,0.2318376898765564,0.6699151396751404,0.9197080291970803,0.8529411764705882
2,3,77,0.2156461775302887,0.6758577823638916,0.9197080291970803,0.8529411764705882
2,3,78,0.1749172955751419,0.6512824296951294,0.948905109489051,0.7647058823529411
2,3,79,0.19892151653766632,0.6825826168060303,0.9343065693430657,0.6764705882352942
2,3,80,0.15272092819213867,0.6703125238418579,0.948905109489051,0.7647058823529411
2,3,81,0.1867561936378479,0.7164349555969238,0.9197080291970803,0.8529411764705882
2,3,82,0.16428141295909882,0.7125124335289001,0.9416058394160584,0.8529411764705882
2,3,83,0.14256896078586578,0.7165054082870483,0.9416058394160584,0.6764705882352942
2,3,84,0.14978863298892975,0.7454224824905396,0.9416058394160584,0.6470588235294118
2,3,85,0.12461242079734802,0.723224401473999,0.9635036496350365,0.7352941176470589
2,3,86,0.13385964930057526,0.7432711124420166,0.9635036496350365,0.8235294117647058
2,3,87,0.11857204139232635,0.7425487041473389,0.9635036496350365,0.7352941176470589
2,3,88,0.12648949027061462,0.7717604637145996,0.948905109489051,0.6764705882352942
2,3,89,0.12025468051433563,0.7726117372512817,0.9708029197080292,0.7058823529411765
2,3,90,0.12196327745914459,0.7823701500892639,0.9635036496350365,0.8235294117647058
2,3,91,0.11651146411895752,0.7890193462371826,0.9635036496350365,0.8235294117647058
2,3,92,0.10620275884866714,0.7882426977157593,0.9708029197080292,0.7352941176470589
2,3,93,0.10317680984735489,0.798866331577301,0.9927007299270073,0.7058823529411765
2,3,94,0.09245987236499786,0.8034628629684448,0.9781021897810219,0.7647058823529411
2,3,95,0.0902819111943245,0.8101108074188232,0.9708029197080292,0.8235294117647058
2,3,96,0.08773394674062729,0.813573956489563,0.9927007299270073,0.7352941176470589
2,3,97,0.0906202644109726,0.8059499263763428,0.9927007299270073,0.7352941176470589
2,3,98,0.08567234873771667,0.827713668346405,0.9854014598540146,0.7941176470588235
2,3,99,0.08236073702573776,0.8401803970336914,0.9854014598540146,0.7941176470588235
2,3,100,0.07581949979066849,0.8494473099708557,0.9927007299270073,0.7941176470588235
2,4,1,3.5449678897857666,3.3849692344665527,0.7226277372262774,0.7352941176470589
2,4,2,0.6615381240844727,0.6594403982162476,0.7226277372262774,0.7352941176470589
2,4,3,0.6897517442703247,0.6895615458488464,0.7226277372262774,0.7352941176470589
2,4,4,0.6803050637245178,0.6795498728752136,0.7226277372262774,0.7352941176470589
2,4,5,0.6726509928703308,0.6714205741882324,0.7226277372262774,0.7352941176470589
2,4,6,0.6629772186279297,0.6611066460609436,0.7226277372262774,0.7352941176470589
2,4,7,0.6511678099632263,0.6484457850456238,0.7226277372262774,0.7352941176470589
2,4,8,0.6371580958366394,0.6333054900169373,0.7226277372262774,0.7352941176470589
2,4,9,0.6225093603134155,0.6172606348991394,0.7226277372262774,0.7352941176470589
2,4,10,0.6084070205688477,0.6014361381530762,0.7226277372262774,0.7352941176470589
2,4,11,0.5970169901847839,0.5879659652709961,0.7226277372262774,0.7352941176470589
2,4,12,0.5911647081375122,0.5796920657157898,0.7226277372262774,0.7352941176470589
2,4,13,0.5923413038253784,0.5787152647972107,0.7226277372262774,0.7352941176470589
2,4,14,0.5971457958221436,0.5818939805030823,0.7226277372262774,0.7352941176470589
2,4,15,0.6008116006851196,0.5847765207290649,0.7226277372262774,0.7352941176470589
2,4,16,0.6015299558639526,0.5854049921035767,0.7226277372262774,0.7352941176470589
2,4,17,0.5980901718139648,0.5827037692070007,0.7226277372262774,0.7352941176470589
2,4,18,0.5937774181365967,0.5795081257820129,0.7226277372262774,0.7352941176470589
2,4,19,0.5906172394752502,0.5776007175445557,0.7226277372262774,0.7352941176470589
2,4,20,0.5894500017166138,0.5775951147079468,0.7226277372262774,0.7352941176470589
2,4,21,0.5898237824440002,0.578934371471405,0.7226277372262774,0.7352941176470589
2,4,22,0.5909475088119507,0.5807009339332581,0.7226277372262774,0.7352941176470589
2,4,23,0.5925576686859131,0.5827133059501648,0.7226277372262774,0.7352941176470589
2,4,24,0.5934159755706787,0.5838528871536255,0.7226277372262774,0.7352941176470589
2,4,25,0.5939602851867676,0.5844436287879944,0.7226277372262774,0.7352941176470589
2,4,26,0.5943906307220459,0.5848065614700317,0.7226277372262774,0.7352941176470589
2,4,27,0.5942124128341675,0.5845199823379517,0.7226277372262774,0.7352941176470589
2,4,28,0.5937330722808838,0.5838699340820312,0.7226277372262774,0.7352941176470589
2,4,29,0.593166172504425,0.5831015110015869,0.7226277372262774,0.7352941176470589
2,4,30,0.5925502777099609,0.5822405219078064,0.7226277372262774,0.7352941176470589
2,4,31,0.5919387936592102,0.5813435316085815,0.7226277372262774,0.7352941176470589
2,4,32,0.5914157629013062,0.5805237293243408,0.7226277372262774,0.7352941176470589
2,4,33,0.5910392999649048,0.5798775553703308,0.7226277372262774,0.7352941176470589
2,4,34,0.5907607078552246,0.5793343186378479,0.7226277372262774,0.7352941176470589
2,4,35,0.5906020998954773,0.5789636969566345,0.7226277372262774,0.7352941176470589
2,4,36,0.5905128121376038,0.5786958336830139,0.7226277372262774,0.7352941176470589
2,4,37,0.590470016002655,0.5785127282142639,0.7226277372262774,0.7352941176470589
2,4,38,0.5904543399810791,0.5783849358558655,0.7226277372262774,0.7352941176470589
2,4,39,0.5904533267021179,0.5782876014709473,0.7226277372262774,0.7352941176470589
2,4,40,0.5904588103294373,0.578230619430542,0.7226277372262774,0.7352941176470589
2,4,41,0.5904631018638611,0.5782054662704468,0.7226277372262774,0.7352941176470589
2,4,42,0.5904610753059387,0.5782166123390198,0.7226277372262774,0.7352941176470589
2,4,43,0.5904592871665955,0.5782281160354614,0.7226277372262774,0.7352941176470589
2,4,44,0.5904582142829895,0.5782350897789001,0.7226277372262774,0.7352941176470589
2,4,45,0.5904544591903687,0.5782684683799744,0.7226277372262774,0.7352941176470589
2,4,46,0.5904523134231567,0.5783131718635559,0.7226277372262774,0.7352941176470589
2,4,47,0.5904524922370911,0.5783467888832092,0.7226277372262774,0.7352941176470589
2,4,48,0.5904548764228821,0.5783941745758057,0.7226277372262774,0.7352941176470589
2,4,49,0.5904597640037537,0.5784438848495483,0.7226277372262774,0.7352941176470589
2,4,50,0.590469479560852,0.5785093903541565,0.7226277372262774,0.7352941176470589
2,4,51,0.590479850769043,0.5785636901855469,0.7226277372262774,0.7352941176470589
2,4,52,0.5904968976974487,0.5786381959915161,0.7226277372262774,0.7352941176470589
2,4,53,0.5905149579048157,0.5787056088447571,0.7226277372262774,0.7352941176470589
2,4,54,0.590516984462738,0.5787128210067749,0.7226277372262774,0.7352941176470589
2,4,55,0.5905061960220337,0.5786744356155396,0.7226277372262774,0.7352941176470589
2,4,56,0.590492308139801,0.5786204934120178,0.7226277372262774,0.7352941176470589
2,4,57,0.5904810428619385,0.5785716772079468,0.7226277372262774,0.7352941176470589
2,4,58,0.5904674530029297,0.5785005688667297,0.7226277372262774,0.7352941176470589
2,4,59,0.5904643535614014,0.5784808397293091,0.7226277372262774,0.7352941176470589
2,4,60,0.5904562473297119,0.5784174799919128,0.7226277372262774,0.7352941176470589
2,4,61,0.5904525518417358,0.5783692598342896,0.7226277372262774,0.7352941176470589
2,4,62,0.5904514193534851,0.5783286094665527,0.7226277372262774,0.7352941176470589
2,4,63,0.5904513597488403,0.5783226490020752,0.7226277372262774,0.7352941176470589
2,4,64,0.5904513001441956,0.5783299207687378,0.7226277372262774,0.7352941176470589
2,4,65,0.590451180934906,0.5783326625823975,0.7226277372262774,0.7352941176470589
2,4,66,0.5904510617256165,0.5783194303512573,0.7226277372262774,0.7352941176470589
2,4,67,0.590451180934906,0.5783097147941589,0.7226277372262774,0.7352941176470589
2,4,68,0.5904510617256165,0.5783429741859436,0.7226277372262774,0.7352941176470589
2,4,69,0.5904529690742493,0.5783853530883789,0.7226277372262774,0.7352941176470589
2,4,70,0.5904595255851746,0.5784528255462646,0.7226277372262774,0.7352941176470589
2,4,71,0.5904676914215088,0.5785067081451416,0.7226277372262774,0.7352941176470589
2,4,72,0.5904754996299744,0.5785495638847351,0.7226277372262774,0.7352941176470589
2,4,73,0.590488851070404,0.5786106586456299,0.7226277372262774,0.7352941176470589
2,4,74,0.5905079245567322,0.5786852240562439,0.7226277372262774,0.7352941176470589
2,4,75,0.590531587600708,0.5787656903266907,0.7226277372262774,0.7352941176470589
2,4,76,0.5905435085296631,0.578803300857544,0.7226277372262774,0.7352941176470589
2,4,77,0.5905638933181763,0.5788636803627014,0.7226277372262774,0.7352941176470589
2,4,78,0.5905892252922058,0.5789341926574707,0.7226277372262774,0.7352941176470589
2,4,79,0.590599000453949,0.5789600014686584,0.7226277372262774,0.7352941176470589
2,4,80,0.5906063318252563,0.5789793729782104,0.7226277372262774,0.7352941176470589
2,4,81,0.5905969738960266,0.5789549350738525,0.7226277372262774,0.7352941176470589
2,4,82,0.5905817151069641,0.5789142847061157,0.7226277372262774,0.7352941176470589
2,4,83,0.590564489364624,0.5788659453392029,0.7226277372262774,0.7352941176470589
2,4,84,0.5905620455741882,0.5788590908050537,0.7226277372262774,0.7352941176470589
2,4,85,0.5905583500862122,0.5788483619689941,0.7226277372262774,0.7352941176470589
2,4,86,0.5905553698539734,0.5788397192955017,0.7226277372262774,0.7352941176470589
2,4,87,0.5905487537384033,0.5788198113441467,0.7226277372262774,0.7352941176470589
2,4,88,0.5905601382255554,0.5788532495498657,0.7226277372262774,0.7352941176470589
2,4,89,0.5905687212944031,0.5788777470588684,0.7226277372262774,0.7352941176470589
2,4,90,0.590560257434845,0.5788534879684448,0.7226277372262774,0.7352941176470589
2,4,91,0.5905516743659973,0.5788280963897705,0.7226277372262774,0.7352941176470589
2,4,92,0.5905429720878601,0.5788019895553589,0.7226277372262774,0.7352941176470589
2,4,93,0.5905269980430603,0.5787515044212341,0.7226277372262774,0.7352941176470589
2,4,94,0.590506911277771,0.5786829590797424,0.7226277372262774,0.7352941176470589
2,4,95,0.5904850959777832,0.578597366809845,0.7226277372262774,0.7352941176470589
2,4,96,0.5904716849327087,0.5785346627235413,0.7226277372262774,0.7352941176470589
2,4,97,0.5904591083526611,0.5784608125686646,0.7226277372262774,0.7352941176470589
2,4,98,0.5904505252838135,0.5783815979957581,0.7226277372262774,0.7352941176470589
2,4,99,0.5904479622840881,0.5783205628395081,0.7226277372262774,0.7352941176470589
2,4,100,0.5904482007026672,0.5782884955406189,0.7226277372262774,0.7352941176470589
2,5,1,3.3167638778686523,3.6142654418945312,0.7299270072992701,0.7058823529411765
2,5,2,0.700553834438324,0.6998554468154907,0.27007299270072993,0.29411764705882354
2,5,3,0.6774818301200867,0.6791971921920776,0.7299270072992701,0.7058823529411765
2,5,4,0.6676322221755981,0.6704917550086975,0.7299270072992701,0.7058823529411765
2,5,5,0.6577954888343811,0.6618212461471558,0.7299270072992701,0.7058823529411765
2,5,6,0.6456239223480225,0.6512210965156555,0.7299270072992701,0.7058823529411765
2,5,7,0.6280685663223267,0.6362841129302979,0.7299270072992701,0.7058823529411765
2,5,8,0.6049655675888062,0.6177528500556946,0.7299270072992701,0.7058823529411765
2,5,9,0.5861533880233765,0.6061691641807556,0.7299270072992701,0.7058823529411765
2,5,10,0.5874497890472412,0.6157028079032898,0.7299270072992701,0.7058823529411765
2,5,11,0.5956172347068787,0.6282621026039124,0.7299270072992701,0.7058823529411765
2,5,12,0.5929483771324158,0.6251757144927979,0.7299270072992701,0.7058823529411765
2,5,13,0.5848078727722168,0.6132343411445618,0.7299270072992701,0.7058823529411765
2,5,14,0.5821424126625061,0.6064077019691467,0.7299270072992701,0.7058823529411765
2,5,15,0.58447265625,0.6054880619049072,0.7299270072992701,0.7058823529411765
2,5,16,0.5871213674545288,0.6064702272415161,0.7299270072992701,0.7058823529411765
2,5,17,0.5873697400093079,0.6065756678581238,0.7299270072992701,0.7058823529411765
2,5,18,0.5858750939369202,0.6059833765029907,0.7299270072992701,0.7058823529411765
2,5,19,0.583905041217804,0.6055076718330383,0.7299270072992701,0.7058823529411765
2,5,20,0.5823779702186584,0.6057544350624084,0.7299270072992701,0.7058823529411765
2,5,21,0.5815609097480774,0.6068426966667175,0.7299270072992701,0.7058823529411765
2,5,22,0.5815274715423584,0.6081713438034058,0.7299270072992701,0.7058823529411765
2,5,23,0.5817948579788208,0.609448254108429,0.7299270072992701,0.7058823529411765
2,5,24,0.5819008946418762,0.6099477410316467,0.7299270072992701,0.7058823529411765
2,5,25,0.5819204449653625,0.6095835566520691,0.7299270072992701,0.7058823529411765
2,5,26,0.5810736417770386,0.6085000038146973,0.7299270072992701,0.7058823529411765
2,5,27,0.5792954564094543,0.607128918170929,0.7299270072992701,0.7058823529411765
2,5,28,0.5779128074645996,0.6063604950904846,0.7299270072992701,0.7058823529411765
2,5,29,0.5766692757606506,0.605337917804718,0.7299270072992701,0.7058823529411765
2,5,30,0.5754975080490112,0.6042565703392029,0.7299270072992701,0.7058823529411765
2,5,31,0.5741844177246094,0.6031408905982971,0.7299270072992701,0.7058823529411765
2,5,32,0.5727318525314331,0.602001428604126,0.7299270072992701,0.7058823529411765
2,5,33,0.5709407925605774,0.6010175943374634,0.7299270072992701,0.7058823529411765
2,5,34,0.5688938498497009,0.5997179746627808,0.7299270072992701,0.7058823529411765
2,5,35,0.5664722919464111,0.5982316136360168,0.7299270072992701,0.7058823529411765
2,5,36,0.5642105340957642,0.5964621901512146,0.7299270072992701,0.7058823529411765
2,5,37,0.5602301359176636,0.5946625471115112,0.7299270072992701,0.7058823529411765
2,5,38,0.5556555986404419,0.5926201343536377,0.7299270072992701,0.7058823529411765
2,5,39,0.5505513548851013,0.5903115272521973,0.7299270072992701,0.7058823529411765
2,5,40,0.5452805757522583,0.5874324440956116,0.7299270072992701,0.7058823529411765
2,5,41,0.5392727255821228,0.5836693048477173,0.7299270072992701,0.7058823529411765
2,5,42,0.5315293073654175,0.5802922248840332,0.7299270072992701,0.7058823529411765
2,5,43,0.522600531578064,0.5794063210487366,0.7299270072992701,0.7058823529411765
2,5,44,0.5135297179222107,0.572741687297821,0.7299270072992701,0.7058823529411765
2,5,45,0.5092512965202332,0.5633994936943054,0.7299270072992701,0.7058823529411765
2,5,46,0.4955483376979828,0.5561527013778687,0.7299270072992701,0.7058823529411765
2,5,47,0.4781210124492645,0.5524628758430481,0.7299270072992701,0.7058823529411765
2,5,48,0.46325528621673584,0.544762909412384,0.7299270072992701,0.7058823529411765
2,5,49,0.4482179582118988,0.5320368409156799,0.7299270072992701,0.7058823529411765
2,5,50,0.4332403540611267,0.5215831398963928,0.7299270072992701,0.7058823529411765
2,5,51,0.41384992003440857,0.52232426404953,0.7664233576642335,0.7058823529411765
2,5,52,0.4057469666004181,0.5069441199302673,0.8686131386861314,0.7941176470588235
2,5,53,0.4157625138759613,0.5186787247657776,0.8832116788321168,0.7647058823529411
2,5,54,0.37831053137779236,0.49380314350128174,0.8686131386861314,0.8235294117647058
2,5,55,0.3611243665218353,0.48747703433036804,0.8759124087591241,0.7941176470588235
2,5,56,0.3550739884376526,0.483930379152298,0.8759124087591241,0.8235294117647058
2,5,57,0.3588153123855591,0.4919261932373047,0.8978102189781022,0.7647058823529411
2,5,58,0.34727218747138977,0.48796260356903076,0.8905109489051095,0.7941176470588235
2,5,59,0.3544944226741791,0.4973349869251251,0.9124087591240876,0.7352941176470589
2,5,60,0.346041202545166,0.4944913685321808,0.9051094890510949,0.7647058823529411
2,5,61,0.34028443694114685,0.4959569275379181,0.7299270072992701,0.7058823529411765
2,5,62,0.3380204737186432,0.5015503168106079,0.7299270072992701,0.7058823529411765
2,5,63,0.33306676149368286,0.501020610332489,0.7299270072992701,0.7058823529411765
2,5,64,0.31761497259140015,0.49931448698043823,0.9124087591240876,0.8235294117647058
2,5,65,0.3058839738368988,0.4964427351951599,0.927007299270073,0.7647058823529411
2,5,66,0.2819567918777466,0.490643173456192,0.9197080291970803,0.8235294117647058
2,5,67,0.2654302418231964,0.4889768064022064,0.8978102189781022,0.8235294117647058
2,5,68,0.26418551802635193,0.49454694986343384,0.9416058394160584,0.7352941176470589
2,5,69,0.2569449543952942,0.500471293926239,0.9416058394160584,0.7058823529411765
2,5,70,0.22796913981437683,0.48423531651496887,0.9343065693430657,0.8235294117647058
2,5,71,0.23393850028514862,0.4938156008720398,0.9416058394160584,0.7647058823529411
2,5,72,0.24564224481582642,0.5041770935058594,0.9416058394160584,0.7352941176470589
2,5,73,0.2525861859321594,0.50775146484375,0.9562043795620438,0.7647058823529411
2,5,74,0.2656829059123993,0.5207792520523071,0.9343065693430657,0.8235294117647058
2,5,75,0.2719946503639221,0.537432849407196,0.7299270072992701,0.7058823529411765
2,5,76,0.27216431498527527,0.5300740003585815,0.7299270072992701,0.7058823529411765
2,5,77,0.25461772084236145,0.5342425107955933,0.9416058394160584,0.8235294117647058
2,5,78,0.2401597499847412,0.5263637900352478,0.9635036496350365,0.7352941176470589
2,5,79,0.21685127913951874,0.5236847400665283,0.9562043795620438,0.8529411764705882
2,5,80,0.2249423712491989,0.5207613706588745,0.9708029197080292,0.7058823529411765
2,5,81,0.20527297258377075,0.5147828459739685,0.9781021897810219,0.7352941176470589
2,5,82,0.19686025381088257,0.5287184119224548,0.9343065693430657,0.8529411764705882
2,5,83,0.19106322526931763,0.5240740180015564,0.9343065693430657,0.8529411764705882
2,5,84,0.2312289923429489,0.5237037539482117,0.9635036496350365,0.6470588235294118
2,5,85,0.21831057965755463,0.515591561794281,0.9708029197080292,0.7058823529411765
2,5,86,0.20563535392284393,0.5466304421424866,0.9343065693430657,0.8529411764705882
2,5,87,0.2389022409915924,0.5985274314880371,0.8832116788321168,0.8529411764705882
2,5,88,0.2208268940448761,0.5322762727737427,0.9708029197080292,0.8235294117647058
2,5,89,0.23536431789398193,0.5119979381561279,0.9781021897810219,0.7058823529411765
2,5,90,0.21982844173908234,0.5143212080001831,0.9781021897810219,0.7058823529411765
2,5,91,0.17659837007522583,0.5266945958137512,0.9781021897810219,0.7647058823529411
2,5,92,0.1782970130443573,0.5746399164199829,0.9562043795620438,0.8529411764705882
2,5,93,0.16468414664268494,0.5270119309425354,0.9781021897810219,0.7647058823529411
2,5,94,0.18996946513652802,0.5237570405006409,0.9708029197080292,0.6470588235294118
2,5,95,0.1972859501838684,0.5186233520507812,0.9708029197080292,0.6470588235294118
2,5,96,0.17418600618839264,0.5362182855606079,0.9781021897810219,0.7941176470588235
2,5,97,0.1881958395242691,0.5840601921081543,0.9635036496350365,0.8529411764705882
2,5,98,0.19602258503437042,0.5693565011024475,0.9781021897810219,0.8529411764705882
2,5,99,0.21288257837295532,0.5487008690834045,0.9781021897810219,0.8235294117647058
2,5,100,0.22209373116493225,0.5312492847442627,0.9781021897810219,0.7647058823529411
3,1,1,3.0651535987854004,3.219552516937256,0.7279411764705882,0.7142857142857143
3,1,2,0.6465229988098145,0.6497320532798767,0.7279411764705882,0.7142857142857143
3,1,3,0.682141900062561,0.6828141212463379,0.7279411764705882,0.7142857142857143
3,1,4,0.6693103313446045,0.6708256006240845,0.7279411764705882,0.7142857142857143
3,1,5,0.6584596037864685,0.6607180237770081,0.7279411764705882,0.7142857142857143
3,1,6,0.6459523439407349,0.6491555571556091,0.7279411764705882,0.7142857142857143
3,1,7,0.6307471990585327,0.6352420449256897,0.7279411764705882,0.7142857142857143
3,1,8,0.6116796731948853,0.6181923151016235,0.7279411764705882,0.7142857142857143
3,1,9,0.5936190485954285,0.6030676364898682,0.7279411764705882,0.7142857142857143
3,1,10,0.5857431888580322,0.5991301536560059,0.7279411764705882,0.7142857142857143
3,1,11,0.5942769646644592,0.6117117404937744,0.7279411764705882,0.7142857142857143
3,1,12,0.5969612002372742,0.6152531504631042,0.7279411764705882,0.7142857142857143
3,1,13,0.5918352603912354,0.6091694831848145,0.7279411764705882,0.7142857142857143
3,1,14,0.5865753293037415,0.6023074388504028,0.7279411764705882,0.7142857142857143
3,1,15,0.5844107270240784,0.5982872843742371,0.7279411764705882,0.7142857142857143
3,1,16,0.5853241682052612,0.5978347063064575,0.7279411764705882,0.7142857142857143
3,1,17,0.5873932242393494,0.5988945960998535,0.7279411764705882,0.7142857142857143
3,1,18,0.5891375541687012,0.6000511646270752,0.7279411764705882,0.7142857142857143
3,1,19,0.589996874332428,0.6006613373756409,0.7279411764705882,0.7142857142857143
3,1,20,0.5895938873291016,0.6003559231758118,0.7279411764705882,0.7142857142857143
3,1,21,0.58859783411026,0.5996232628822327,0.7279411764705882,0.7142857142857143
3,1,22,0.5869562029838562,0.5985780954360962,0.7279411764705882,0.7142857142857143
3,1,23,0.5851845741271973,0.5976475477218628,0.7279411764705882,0.7142857142857143
3,1,24,0.5837644934654236,0.5972132086753845,0.7279411764705882,0.7142857142857143
3,1,25,0.5830555558204651,0.5974887013435364,0.7279411764705882,0.7142857142857143
3,1,26,0.5829400420188904,0.5981785655021667,0.7279411764705882,0.7142857142857143
3,1,27,0.5831124782562256,0.5989983081817627,0.7279411764705882,0.7142857142857143
3,1,28,0.5833289623260498,0.5996686816215515,0.7279411764705882,0.7142857142857143
3,1,29,0.5833518505096436,0.5998479723930359,0.7279411764705882,0.7142857142857143
3,1,30,0.582917332649231,0.5994436144828796,0.7279411764705882,0.7142857142857143
3,1,31,0.5820411443710327,0.598525881767273,0.7279411764705882,0.7142857142857143
3,1,32,0.581383228302002,0.5977691411972046,0.7279411764705882,0.7142857142857143
3,1,33,0.5808797478675842,0.5970206260681152,0.7279411764705882,0.7142857142857143
3,1,34,0.5798605680465698,0.5960602164268494,0.7279411764705882,0.7142857142857143
3,1,35,0.5789201259613037,0.5951483249664307,0.7279411764705882,0.7142857142857143
3,1,36,0.5780119299888611,0.5945276618003845,0.7279411764705882,0.7142857142857143
3,1,37,0.5770804286003113,0.5939676761627197,0.7279411764705882,0.7142857142857143
3,1,38,0.5760682821273804,0.5933928489685059,0.7279411764705882,0.7142857142857143
3,1,39,0.5749313235282898,0.5927565693855286,0.7279411764705882,0.7142857142857143
3,1,40,0.5735892057418823,0.5920589566230774,0.7279411764705882,0.7142857142857143
3,1,41,0.5719810128211975,0.5911264419555664,0.7279411764705882,0.7142857142857143
3,1,42,0.570000946521759,0.590068519115448,0.7279411764705882,0.7142857142857143
3,1,43,0.5676858425140381,0.588793158531189,0.7279411764705882,0.7142857142857143
3,1,44,0.5647145509719849,0.5873377323150635,0.7279411764705882,0.7142857142857143
3,1,45,0.5612125396728516,0.5858497619628906,0.7279411764705882,0.7142857142857143
3,1,46,0.5568456053733826,0.5832497477531433,0.7279411764705882,0.7142857142857143
3,1,47,0.5515634417533875,0.5793175101280212,0.7279411764705882,0.7142857142857143
3,1,48,0.5465103387832642,0.5746311545372009,0.7279411764705882,0.7142857142857143
3,1,49,0.54029780626297,0.5704121589660645,0.7279411764705882,0.7142857142857143
3,1,50,0.5313426852226257,0.5656049251556396,0.7279411764705882,0.7142857142857143
3,1,51,0.5207008123397827,0.5617784857749939,0.7279411764705882,0.7142857142857143
3,1,52,0.5113232731819153,0.5598114132881165,0.7279411764705882,0.7142857142857143
3,1,53,0.496804416179657,0.5476242899894714,0.7279411764705882,0.7142857142857143
3,1,54,0.4917590320110321,0.5412033200263977,0.7279411764705882,0.7142857142857143
3,1,55,0.4705278277397156,0.5296199917793274,0.7279411764705882,0.7142857142857143
3,1,56,0.451298326253891,0.522686243057251,0.7279411764705882,0.7142857142857143
3,1,57,0.43835973739624023,0.5189608931541443,0.7279411764705882,0.7142857142857143
3,1,58,0.42788273096084595,0.5068748593330383,0.7279411764705882,0.7142857142857143
3,1,59,0.40652740001678467,0.49797576665878296,0.7279411764705882,0.7142857142857143
3,1,60,0.3889301121234894,0.4952736496925354,0.7279411764705882,0.7142857142857143
3,1,61,0.3832995295524597,0.48556676506996155,0.8455882352941176,0.8
3,1,62,0.3657880425453186,0.4815644323825836,0.8529411764705882,0.8
3,1,63,0.3477002680301666,0.4833579957485199,0.8676470588235294,0.8
3,1,64,0.3288727402687073,0.470476359128952,0.9117647058823529,0.8
3,1,65,0.3189113736152649,0.466519832611084,0.9117647058823529,0.7714285714285715
3,1,66,0.302232027053833,0.46425431966781616,0.8897058823529411,0.7714285714285715
3,1,67,0.28653839230537415,0.48284727334976196,0.9191176470588235,0.7714285714285715
3,1,68,0.26896193623542786,0.47497227787971497,0.8897058823529411,0.7428571428571429
3,1,69,0.26183632016181946,0.4646371006965637,0.9264705882352942,0.7428571428571429
3,1,70,0.2409040778875351,0.47582975029945374,0.9264705882352942,0.7428571428571429
3,1,71,0.233149915933609,0.521412193775177,0.9191176470588235,0.7714285714285715
3,1,72,0.21613435447216034,0.4786587953567505,0.9264705882352942,0.7714285714285715
3,1,73,0.21051305532455444,0.4720880687236786,0.9264705882352942,0.7142857142857143
3,1,74,0.19435304403305054,0.5125424861907959,0.9264705882352942,0.7428571428571429
3,1,75,0.18669450283050537,0.5381543040275574,0.9264705882352942,0.7714285714285715
3,1,76,0.1818431168794632,0.5163217782974243,0.9338235294117647,0.7142857142857143
3,1,77,0.18799476325511932,0.4811817705631256,0.9485294117647058,0.7142857142857143
3,1,78,0.16938874125480652,0.5389416813850403,0.9485294117647058,0.7714285714285715
3,1,79,0.1850997358560562,0.6663545966148376,0.9264705882352942,0.7428571428571429
3,1,80,0.15966665744781494,0.5025407075881958,0.9632352941176471,0.7428571428571429
3,1,81,0.1560155302286148,0.4931500554084778,0.9705882352941176,0.7428571428571429
3,1,82,0.15495449304580688,0.6123318076133728,0.9558823529411765,0.7428571428571429
3,1,83,0.12664510309696198,0.5744892954826355,0.9705882352941176,0.7142857142857143
3,1,84,0.1253049522638321,0.5517785549163818,0.9632352941176471,0.7428571428571429
3,1,85,0.12351126223802567,0.6536449193954468,0.9779411764705882,0.7714285714285715
3,1,86,0.1158377006649971,0.6194490790367126,0.9632352941176471,0.7428571428571429
3,1,87,0.10678696632385254,0.5945333242416382,0.9632352941176471,0.7142857142857143
3,1,88,0.10125093907117844,0.6906048655509949,0.9852941176470589,0.7714285714285715
3,1,89,0.09222866594791412,0.6330100893974304,0.9779411764705882,0.7428571428571429
3,1,90,0.0884586051106453,0.6220554113388062,0.9779411764705882,0.7142857142857143
3,1,91,0.08225755393505096,0.6559295058250427,0.9852941176470589,0.7428571428571429
3,1,92,0.07481726258993149,0.7237492203712463,0.9852941176470589,0.7714285714285715
3,1,93,0.09036682546138763,0.8499156832695007,0.9852941176470589,0.7428571428571429
3,1,94,0.08624710887670517,0.7511504888534546,0.9852941176470589,0.7714285714285715
3,1,95,0.07570163160562515,0.6964123845100403,0.9926470588235294,0.7142857142857143
3,1,96,0.062478095293045044,0.7324038743972778,0.9926470588235294,0.7142857142857143
3,1,97,0.059380967170000076,0.8352026343345642,0.9852941176470589,0.7714285714285715
3,1,98,0.07120830565690994,0.9223991632461548,0.9852941176470589,0.7428571428571429
3,1,99,0.0497305728495121,0.8120445013046265,0.9926470588235294,0.7714285714285715
3,1,100,0.04917103424668312,0.8387079834938049,0.9926470588235294,0.7714285714285715
3,2,1,3.111522674560547,3.388960838317871,0.7299270072992701,0.7058823529411765
3,2,2,0.6911088824272156,0.691177487373352,0.7299270072992701,0.7058823529411765
3,2,3,0.6810738444328308,0.6823381781578064,0.7299270072992701,0.7058823529411765
3,2,4,0.6657251715660095,0.668792724609375,0.7299270072992701,0.7058823529411765
3,2,5,0.6512607336044312,0.6561334133148193,0.7299270072992701,0.7058823529411765
3,2,6,0.6341301202774048,0.6414378881454468,0.7299270072992701,0.7058823529411765
3,2,7,0.6111383438110352,0.6226142644882202,0.7299270072992701,0.7058823529411765
3,2,8,0.5889255404472351,0.6073064208030701,0.7299270072992701,0.7058823529411765
3,2,9,0.5861693024635315,0.6136994957923889,0.7299270072992701,0.7058823529411765
3,2,10,0.602033793926239,0.6371376514434814,0.7299270072992701,0.7058823529411765
3,2,11,0.5976971983909607,0.6319844126701355,0.7299270072992701,0.7058823529411765
3,2,12,0.586118757724762,0.6158237457275391,0.7299270072992701,0.7058823529411765
3,2,13,0.5821810960769653,0.6061025261878967,0.7299270072992701,0.7058823529411765
3,2,14,0.5867758393287659,0.6064093112945557,0.7299270072992701,0.7058823529411765
3,2,15,0.592027485370636,0.609258234500885,0.7299270072992701,0.7058823529411765
3,2,16,0.5927484631538391,0.6094927191734314,0.7299270072992701,0.7058823529411765
3,2,17,0.5891717076301575,0.6074113249778748,0.7299270072992701,0.7058823529411765
3,2,18,0.5846832394599915,0.6055570244789124,0.7299270072992701,0.7058823529411765
3,2,19,0.5818561315536499,0.6056240200996399,0.7299270072992701,0.7058823529411765
3,2,20,0.5808656811714172,0.6073213219642639,0.7299270072992701,0.7058823529411765
3,2,21,0.5805604457855225,0.6090816259384155,0.7299270072992701,0.7058823529411765
3,2,22,0.5803505778312683,0.6095477938652039,0.7299270072992701,0.7058823529411765
3,2,23,0.5808587670326233,0.6103830933570862,0.7299270072992701,0.7058823529411765
3,2,24,0.5800870656967163,0.6097264289855957,0.7299270072992701,0.7058823529411765
3,2,25,0.5780519843101501,0.6077439785003662,0.7299270072992701,0.7058823529411765
3,2,26,0.5768135786056519,0.6065552830696106,0.7299270072992701,0.7058823529411765
3,2,27,0.5744966864585876,0.6047577857971191,0.7299270072992701,0.7058823529411765
3,2,28,0.572347104549408,0.6040470004081726,0.7299270072992701,0.7058823529411765
3,2,29,0.5702718496322632,0.6032277345657349,0.7299270072992701,0.7058823529411765
3,2,30,0.5680184364318848,0.6016283631324768,0.7299270072992701,0.7058823529411765
3,2,31,0.5655413866043091,0.6000757813453674,0.7299270072992701,0.7058823529411765
3,2,32,0.5627017021179199,0.598644495010376,0.7299270072992701,0.7058823529411765
3,2,33,0.559516429901123,0.5969582796096802,0.7299270072992701,0.7058823529411765
3,2,34,0.556172251701355,0.5950877070426941,0.7299270072992701,0.7058823529411765
3,2,35,0.551672637462616,0.5935095548629761,0.7299270072992701,0.7058823529411765
3,2,36,0.5468723177909851,0.5911563634872437,0.7299270072992701,0.7058823529411765
3,2,37,0.5403968691825867,0.5897231101989746,0.7299270072992701,0.7058823529411765
3,2,38,0.5339248776435852,0.5874469876289368,0.7299270072992701,0.7058823529411765
3,2,39,0.5275896191596985,0.5834720730781555,0.7299270072992701,0.7058823529411765
3,2,40,0.5220563411712646,0.5802330374717712,0.7299270072992701,0.7058823529411765
3,2,41,0.5096848607063293,0.5769683718681335,0.7299270072992701,0.7058823529411765
3,2,42,0.4989645779132843,0.5752379298210144,0.7299270072992701,0.7058823529411765
3,2,43,0.48753708600997925,0.5712708830833435,0.7299270072992701,0.7058823529411765
3,2,44,0.47530481219291687,0.563568651676178,0.7299270072992701,0.7058823529411765
3,2,45,0.4716132879257202,0.5654421448707581,0.7299270072992701,0.7058823529411765
3,2,46,0.4463711678981781,0.5546573400497437,0.7299270072992701,0.7058823529411765
3,2,47,0.43093225359916687,0.5529112219810486,0.7299270072992701,0.7058823529411765
3,2,48,0.41542214155197144,0.5486716032028198,0.7664233576642335,0.7058823529411765
3,2,49,0.3965986967086792,0.5448394417762756,0.8175182481751825,0.7058823529411765
3,2,50,0.3775624930858612,0.5441619753837585,0.8759124087591241,0.7941176470588235
3,2,51,0.36126431822776794,0.5465855598449707,0.9051094890510949,0.7941176470588235
3,2,52,0.3407585918903351,0.5426097512245178,0.8978102189781022,0.8235294117647058
3,2,53,0.32830631732940674,0.5488091707229614,0.9124087591240876,0.7352941176470589
3,2,54,0.3173297345638275,0.5547669529914856,0.9197080291970803,0.7058823529411765
3,2,55,0.3068358600139618,0.5515565276145935,0.9051094890510949,0.8235294117647058
3,2,56,0.2901543378829956,0.5548670291900635,0.9051094890510949,0.8235294117647058
3,2,57,0.2786133289337158,0.579376757144928,0.9124087591240876,0.7058823529411765
3,2,58,0.26989611983299255,0.5961518883705139,0.9124087591240876,0.6764705882352942
3,2,59,0.2546769678592682,0.5915265679359436,0.9343065693430657,0.7058823529411765
3,2,60,0.2569282054901123,0.5846796035766602,0.9124087591240876,0.7352941176470589
3,2,61,0.23798632621765137,0.5943970680236816,0.927007299270073,0.7647058823529411
3,2,62,0.24554786086082458,0.6538288593292236,0.9197080291970803,0.6470588235294118
3,2,63,0.2210165113210678,0.6198216676712036,0.927007299270073,0.6764705882352942
3,2,64,0.25834888219833374,0.6288920044898987,0.9051094890510949,0.7941176470588235
3,2,65,0.21519319713115692,0.626354992389679,0.927007299270073,0.7647058823529411
3,2,66,0.22385753691196442,0.6560445427894592,0.9197080291970803,0.6176470588235294
3,2,67,0.22135911881923676,0.6198558211326599,0.9343065693430657,0.6470588235294118
3,2,68,0.22836025059223175,0.6026726365089417,0.927007299270073,0.7647058823529411
3,2,69,0.22079269587993622,0.6269099116325378,0.927007299270073,0.7647058823529411
3,2,70,0.18481355905532837,0.6532783508300781,0.9416058394160584,0.7058823529411765
3,2,71,0.18000347912311554,0.6412456631660461,0.948905109489051,0.7058823529411765
3,2,72,0.18054181337356567,0.6077576875686646,0.948905109489051,0.7352941176470589
3,2,73,0.17760592699050903,0.6455066204071045,0.9562043795620438,0.6764705882352942
3,2,74,0.17019280791282654,0.6733288168907166,0.9562043795620438,0.6764705882352942
3,2,75,0.16859596967697144,0.6474432349205017,0.9416058394160584,0.7352941176470589
3,2,76,0.19236771762371063,0.6259995698928833,0.927007299270073,0.7647058823529411
3,2,77,0.17946872115135193,0.6128162145614624,0.927007299270073,0.7647058823529411
3,2,78,0.17281384766101837,0.6493745446205139,0.9416058394160584,0.6470588235294118
3,2,79,0.14249368011951447,0.6452440619468689,0.9635036496350365,0.7647058823529411
3,2,80,0.18129611015319824,0.6723363399505615,0.927007299270073,0.7352941176470589
3,2,81,0.14245274662971497,0.673724889755249,0.9343065693430657,0.7647058823529411
3,2,82,0.12430670112371445,0.6629052758216858,0.9781021897810219,0.7352941176470589
3,2,83,0.13433396816253662,0.6720699071884155,0.9708029197080292,0.6764705882352942
3,2,84,0.11075186729431152,0.6624053716659546,0.9635036496350365,0.7647058823529411
3,2,85,0.11060149222612381,0.6921325325965881,0.9635036496350365,0.7647058823529411
3,2,86,0.09689133614301682,0.6905351281166077,0.9781021897810219,0.7352941176470589
3,2,87,0.09695043414831161,0.6857137084007263,0.9781021897810219,0.7352941176470589
3,2,88,0.09697123616933823,0.6788694262504578,0.9781021897810219,0.7352941176470589
3,2,89,0.09768705815076828,0.6773030757904053,0.9781021897810219,0.7647058823529411
3,2,90,0.10530907660722733,0.6833438873291016,0.9708029197080292,0.7352941176470589
3,2,91,0.10440687090158463,0.6714920997619629,0.9781021897810219,0.7352941176470589
3,2,92,0.11036569625139236,0.6419024467468262,0.9854014598540146,0.7352941176470589
3,2,93,0.11243452876806259,0.6387549042701721,0.9854014598540146,0.7352941176470589
3,2,94,0.10009637475013733,0.6596706509590149,0.9927007299270073,0.7352941176470589
3,2,95,0.08983635902404785,0.6935719847679138,0.9927007299270073,0.7352941176470589
3,2,96,0.09160298854112625,0.6855889558792114,0.9927007299270073,0.7058823529411765
3,2,97,0.08426439017057419,0.6814675331115723,0.9927007299270073,0.7352941176470589
3,2,98,0.09278043359518051,0.6761703491210938,0.9927007299270073,0.7352941176470589
3,2,99,0.08918394893407822,0.689545214176178,0.9927007299270073,0.7352941176470589
3,2,100,0.10768372565507889,0.7095245122909546,0.9708029197080292,0.7058823529411765
3,3,1,2.9144484996795654,2.7832138538360596,0.7226277372262774,0.7352941176470589
3,3,2,0.7307685613632202,0.7326131463050842,0.2773722627737226,0.2647058823529412
3,3,3,0.6876044869422913,0.6872937083244324,0.7226277372262774,0.7352941176470589
3,3,4,0.6737446784973145,0.6725820899009705,0.7226277372262774,0.7352941176470589
3,3,5,0.6610662937164307,0.6589968800544739,0.7226277372262774,0.7352941176470589
3,3,6,0.6474409103393555,0.644285261631012,0.7226277372262774,0.7352941176470589
3,3,7,0.6296631693840027,0.6248836517333984,0.7226277372262774,0.7352941176470589
3,3,8,0.6093539595603943,0.6021667122840881,0.7226277372262774,0.7352941176470589
3,3,9,0.5936290621757507,0.5831173658370972,0.7226277372262774,0.7352941176470589
3,3,10,0.592553436756134,0.5784536600112915,0.7226277372262774,0.7352941176470589
3,3,11,0.6014046669006348,0.5850145816802979,0.7226277372262774,0.7352941176470589
3,3,12,0.6037106513977051,0.5871939063072205,0.7226277372262774,0.7352941176470589
3,3,13,0.5976327657699585,0.5825524926185608,0.7226277372262774,0.7352941176470589
3,3,14,0.5908278822898865,0.5779182314872742,0.7226277372262774,0.7352941176470589
3,3,15,0.5893573760986328,0.5784615874290466,0.7226277372262774,0.7352941176470589
3,3,16,0.5922002792358398,0.582397997379303,0.7226277372262774,0.7352941176470589
3,3,17,0.5943175554275513,0.5851352214813232,0.7226277372262774,0.7352941176470589
3,3,18,0.5954533219337463,0.5865294337272644,0.7226277372262774,0.7352941176470589
3,3,19,0.5946834683418274,0.5857759118080139,0.7226277372262774,0.7352941176470589
3,3,20,0.5933123826980591,0.584153950214386,0.7226277372262774,0.7352941176470589
3,3,21,0.5918564796447754,0.582416296005249,0.7226277372262774,0.7352941176470589
3,3,22,0.5901992917060852,0.580447256565094,0.7226277372262774,0.7352941176470589
3,3,23,0.588954508304596,0.5788806676864624,0.7226277372262774,0.7352941176470589
3,3,24,0.5882123708724976,0.5778241753578186,0.7226277372262774,0.7352941176470589
3,3,25,0.5882765054702759,0.5773253440856934,0.7226277372262774,0.7352941176470589
3,3,26,0.5882834196090698,0.576978325843811,0.7226277372262774,0.7352941176470589
3,3,27,0.5883453488349915,0.5768725275993347,0.7226277372262774,0.7352941176470589
3,3,28,0.5882403254508972,0.5767653584480286,0.7226277372262774,0.7352941176470589
3,3,29,0.5879371166229248,0.5765815377235413,0.7226277372262774,0.7352941176470589
3,3,30,0.5875526070594788,0.5763410925865173,0.7226277372262774,0.7352941176470589
3,3,31,0.5869096517562866,0.5760468244552612,0.7226277372262774,0.7352941176470589
3,3,32,0.5861192941665649,0.575799286365509,0.7226277372262774,0.7352941176470589
3,3,33,0.5852571129798889,0.5755941867828369,0.7226277372262774,0.7352941176470589
3,3,34,0.5844588279724121,0.5754461884498596,0.7226277372262774,0.7352941176470589
3,3,35,0.5835745930671692,0.5752251744270325,0.7226277372262774,0.7352941176470589
3,3,36,0.5825667381286621,0.5749005079269409,0.7226277372262774,0.7352941176470589
3,3,37,0.5813814401626587,0.5743621587753296,0.7226277372262774,0.7352941176470589
3,3,38,0.5800861120223999,0.57371586561203,0.7226277372262774,0.7352941176470589
3,3,39,0.5785507559776306,0.5728214979171753,0.7226277372262774,0.7352941176470589
3,3,40,0.5769256353378296,0.5718969702720642,0.7226277372262774,0.7352941176470589
3,3,41,0.5752333998680115,0.5709816217422485,0.7226277372262774,0.7352941176470589
3,3,42,0.5733892917633057,0.5700187683105469,0.7226277372262774,0.7352941176470589
3,3,43,0.5712139010429382,0.5689338445663452,0.7226277372262774,0.7352941176470589
3,3,44,0.569186270236969,0.5682139992713928,0.7226277372262774,0.7352941176470589
3,3,45,0.5675508975982666,0.5677391290664673,0.7226277372262774,0.7352941176470589
3,3,46,0.5656567811965942,0.566809356212616,0.7226277372262774,0.7352941176470589
3,3,47,0.5626346468925476,0.5649208426475525,0.7226277372262774,0.7352941176470589
3,3,48,0.556634783744812,0.5614879727363586,0.7226277372262774,0.7352941176470589
3,3,49,0.55196213722229,0.5587759613990784,0.7226277372262774,0.7352941176470589
3,3,50,0.5476081371307373,0.5562057495117188,0.7226277372262774,0.7352941176470589
3,3,51,0.5433616042137146,0.5532194972038269,0.7226277372262774,0.7352941176470589
3,3,52,0.5353636741638184,0.5494136810302734,0.7226277372262774,0.7352941176470589
3,3,53,0.5280333161354065,0.5458576083183289,0.7226277372262774,0.7352941176470589
3,3,54,0.5218207836151123,0.541317880153656,0.7226277372262774,0.7352941176470589
3,3,55,0.5168982148170471,0.5377489924430847,0.7226277372262774,0.7352941176470589
3,3,56,0.5044934749603271,0.5320954322814941,0.7226277372262774,0.7352941176470589
3,3,57,0.4923287332057953,0.5283078551292419,0.7226277372262774,0.7352941176470589
3,3,58,0.4810931384563446,0.521155595779419,0.7226277372262774,0.7352941176470589
3,3,59,0.47481051087379456,0.5164638757705688,0.7226277372262774,0.7352941176470589
3,3,60,0.4605715572834015,0.5092830657958984,0.7226277372262774,0.7352941176470589
3,3,61,0.4414505660533905,0.5017462372779846,0.7226277372262774,0.7352941176470589
3,3,62,0.429218053817749,0.49324309825897217,0.7226277372262774,0.7352941176470589
3,3,63,0.43301498889923096,0.49333375692367554,0.8759124087591241,0.7647058823529411
3,3,64,0.40256091952323914,0.4769487977027893,0.8321167883211679,0.7647058823529411
3,3,65,0.3905048072338104,0.46932271122932434,0.8613138686131386,0.7647058823529411
3,3,66,0.38952988386154175,0.4659225642681122,0.8905109489051095,0.8235294117647058
3,3,67,0.36607325077056885,0.45655015110969543,0.8686131386861314,0.7647058823529411
3,3,68,0.3567337095737457,0.45493754744529724,0.8613138686131386,0.7647058823529411
3,3,69,0.34873166680336,0.4517554044723511,0.8686131386861314,0.7647058823529411
3,3,70,0.35020434856414795,0.44537314772605896,0.9051094890510949,0.8529411764705882
3,3,71,0.3449891209602356,0.445568323135376,0.9124087591240876,0.8529411764705882
3,3,72,0.3312667906284332,0.4443311095237732,0.8978102189781022,0.7647058823529411
3,3,73,0.32218435406684875,0.4423827528953552,0.8978102189781022,0.7941176470588235
3,3,74,0.3089592456817627,0.4354490339756012,0.9124087591240876,0.8529411764705882
3,3,75,0.304130882024765,0.4371030628681183,0.9051094890510949,0.8529411764705882
3,3,76,0.2763940691947937,0.4261266887187958,0.927007299270073,0.8823529411764706
3,3,77,0.2662440240383148,0.42893901467323303,0.9197080291970803,0.8529411764705882
3,3,78,0.25517377257347107,0.4200742840766907,0.9197080291970803,0.8823529411764706
3,3,79,0.24610170722007751,0.4207583963871002,0.9343065693430657,0.8529411764705882
3,3,80,0.2329542189836502,0.42286449670791626,0.9343065693430657,0.9117647058823529
3,3,81,0.23599092662334442,0.4280076324939728,0.948905109489051,0.8529411764705882
3,3,82,0.2256200611591339,0.426205575466156,0.948905109489051,0.8823529411764706
3,3,83,0.2235366851091385,0.4358889162540436,0.9343065693430657,0.8823529411764706
3,3,84,0.2329215258359909,0.4460922181606293,0.9562043795620438,0.8823529411764706
3,3,85,0.23451322317123413,0.45192673802375793,0.948905109489051,0.8529411764705882
3,3,86,0.2359086126089096,0.47218450903892517,0.9124087591240876,0.8235294117647058
3,3,87,0.24432174861431122,0.4726264774799347,0.9708029197080292,0.8823529411764706
3,3,88,0.24972344934940338,0.4890225827693939,0.9562043795620438,0.8235294117647058
3,3,89,0.21415983140468597,0.46617916226387024,0.9635036496350365,0.8235294117647058
3,3,90,0.2426755577325821,0.5516891479492188,0.8540145985401459,0.7352941176470589
3,3,91,0.19537703692913055,0.4653084874153137,0.9708029197080292,0.8529411764705882
3,3,92,0.22348982095718384,0.4952998459339142,0.9562043795620438,0.8235294117647058
3,3,93,0.20843446254730225,0.48413988947868347,0.9708029197080292,0.8235294117647058
3,3,94,0.17772576212882996,0.47728997468948364,0.9562043795620438,0.8823529411764706
3,3,95,0.21311695873737335,0.5494937896728516,0.8978102189781022,0.7647058823529411
3,3,96,0.1858646720647812,0.46874645352363586,0.9708029197080292,0.8529411764705882
3,3,97,0.23144911229610443,0.5095065832138062,0.9416058394160584,0.7941176470588235
3,3,98,0.232204407453537,0.506564736366272,0.948905109489051,0.8235294117647058
3,3,99,0.1990506500005722,0.47665467858314514,0.9708029197080292,0.8823529411764706
3,3,100,0.20894372463226318,0.5468771457672119,0.9197080291970803,0.7941176470588235
3,4,1,3.23211669921875,3.0855696201324463,0.7226277372262774,0.7352941176470589
3,4,2,0.808894157409668,0.814043402671814,0.2773722627737226,0.2647058823529412
3,4,3,0.6783679127693176,0.6775496006011963,0.7226277372262774,0.7352941176470589
3,4,4,0.6645873188972473,0.6628226041793823,0.7226277372262774,0.7352941176470589
3,4,5,0.653276801109314,0.6506817936897278,0.7226277372262774,0.7352941176470589
3,4,6,0.6412280797958374,0.6376617550849915,0.7226277372262774,0.7352941176470589
3,4,7,0.6273629665374756,0.6225206255912781,0.7226277372262774,0.7352941176470589
3,4,8,0.6117035150527954,0.6050923466682434,0.7226277372262774,0.7352941176470589
3,4,9,0.5976404547691345,0.5886982083320618,0.7226277372262774,0.7352941176470589
3,4,10,0.5905255079269409,0.5787490606307983,0.7226277372262774,0.7352941176470589
3,4,11,0.5947051644325256,0.5800012350082397,0.7226277372262774,0.7352941176470589
3,4,12,0.6057330369949341,0.5888885259628296,0.7226277372262774,0.7352941176470589
3,4,13,0.6082122325897217,0.5913032293319702,0.7226277372262774,0.7352941176470589
3,4,14,0.6016927361488342,0.5861456394195557,0.7226277372262774,0.7352941176470589
3,4,15,0.59368896484375,0.5800706148147583,0.7226277372262774,0.7352941176470589
3,4,16,0.58896803855896,0.5772138237953186,0.7226277372262774,0.7352941176470589
3,4,17,0.589465856552124,0.578544557094574,0.7226277372262774,0.7352941176470589
3,4,18,0.5924218893051147,0.582102358341217,0.7226277372262774,0.7352941176470589
3,4,19,0.5946865677833557,0.5851218700408936,0.7226277372262774,0.7352941176470589
3,4,20,0.5960894227027893,0.5869134068489075,0.7226277372262774,0.7352941176470589
3,4,21,0.5959312319755554,0.5867141485214233,0.7226277372262774,0.7352941176470589
3,4,22,0.5947421789169312,0.5851940512657166,0.7226277372262774,0.7352941176470589
3,4,23,0.5928559899330139,0.5826650261878967,0.7226277372262774,0.7352941176470589
3,4,24,0.5913393497467041,0.5803912878036499,0.7226277372262774,0.7352941176470589
3,4,25,0.5905197858810425,0.5787125825881958,0.7226277372262774,0.7352941176470589
3,4,26,0.590566873550415,0.578011155128479,0.7226277372262774,0.7352941176470589
3,4,27,0.5910184979438782,0.5779322385787964,0.7226277372262774,0.7352941176470589
3,4,28,0.5914819836616516,0.5780588984489441,0.7226277372262774,0.7352941176470589
3,4,29,0.5916697978973389,0.5781325697898865,0.7226277372262774,0.7352941176470589
3,4,30,0.5915602445602417,0.5780884623527527,0.7226277372262774,0.7352941176470589
3,4,31,0.5912851095199585,0.5779934525489807,0.7226277372262774,0.7352941176470589
3,4,32,0.590912401676178,0.5779212713241577,0.7226277372262774,0.7352941176470589
3,4,33,0.5905781984329224,0.5780012607574463,0.7226277372262774,0.7352941176470589
3,4,34,0.5904544591903687,0.5783118009567261,0.7226277372262774,0.7352941176470589
3,4,35,0.5905839800834656,0.5789077281951904,0.7226277372262774,0.7352941176470589
3,4,36,0.5909099578857422,0.5796293616294861,0.7226277372262774,0.7352941176470589
3,4,37,0.591167688369751,0.5800992250442505,0.7226277372262774,0.7352941176470589
3,4,38,0.591301441192627,0.5803276300430298,0.7226277372262774,0.7352941176470589
3,4,39,0.5912111401557922,0.5801742076873779,0.7226277372262774,0.7352941176470589
3,4,40,0.5909466743469238,0.5796993374824524,0.7226277372262774,0.7352941176470589
3,4,41,0.590701162815094,0.5791969895362854,0.7226277372262774,0.7352941176470589
3,4,42,0.5905468463897705,0.5788003206253052,0.7226277372262774,0.7352941176470589
3,4,43,0.5904603600502014,0.5784275531768799,0.7226277372262774,0.7352941176470589
3,4,44,0.590488612651825,0.5781236290931702,0.7226277372262774,0.7352941176470589
3,4,45,0.5905956625938416,0.57798832654953,0.7226277372262774,0.7352941176470589
3,4,46,0.5907395482063293,0.5779309272766113,0.7226277372262774,0.7352941176470589
3,4,47,0.5907363295555115,0.5779316425323486,0.7226277372262774,0.7352941176470589
3,4,48,0.5906233787536621,0.5779715776443481,0.7226277372262774,0.7352941176470589
3,4,49,0.5904878377914429,0.5781260132789612,0.7226277372262774,0.7352941176470589
3,4,50,0.5904582738876343,0.5784071683883667,0.7226277372262774,0.7352941176470589
3,4,51,0.5905192494392395,0.5787110924720764,0.7226277372262774,0.7352941176470589
3,4,52,0.590609610080719,0.5789769291877747,0.7226277372262774,0.7352941176470589
3,4,53,0.5906844139099121,0.5791598558425903,0.7226277372262774,0.7352941176470589
3,4,54,0.5907514691352844,0.5793089270591736,0.7226277372262774,0.7352941176470589
3,4,55,0.5907673835754395,0.5793430805206299,0.7226277372262774,0.7352941176470589
3,4,56,0.5906859636306763,0.5791632533073425,0.7226277372262774,0.7352941176470589
3,4,57,0.5906343460083008,0.5790401101112366,0.7226277372262774,0.7352941176470589
3,4,58,0.5905718803405762,0.5788751244544983,0.7226277372262774,0.7352941176470589
3,4,59,0.590505838394165,0.578663170337677,0.7226277372262774,0.7352941176470589
3,4,60,0.5904725790023804,0.5785138607025146,0.7226277372262774,0.7352941176470589
3,4,61,0.5904545783996582,0.5783453583717346,0.7226277372262774,0.7352941176470589
3,4,62,0.5904631018638611,0.5782154202461243,0.7226277372262774,0.7352941176470589
3,4,63,0.5904715657234192,0.578175961971283,0.7226277372262774,0.7352941176470589
3,4,64,0.5904765129089355,0.5781589150428772,0.7226277372262774,0.7352941176470589
3,4,65,0.590471088886261,0.5781781673431396,0.7226277372262774,0.7352941176470589
3,4,66,0.5904766321182251,0.5781581997871399,0.7226277372262774,0.7352941176470589
3,4,67,0.5904723405838013,0.5781732797622681,0.7226277372262774,0.7352941176470589
3,4,68,0.5904582142829895,0.5782504081726074,0.7226277372262774,0.7352941176470589
3,4,69,0.5904543995857239,0.5783228874206543,0.7226277372262774,0.7352941176470589
3,4,70,0.5904573202133179,0.5783968567848206,0.7226277372262774,0.7352941176470589
3,4,71,0.5904645323753357,0.5784623622894287,0.7226277372262774,0.7352941176470589
3,4,72,0.5904795527458191,0.5785508751869202,0.7226277372262774,0.7352941176470589
3,4,73,0.5904871225357056,0.5785866975784302,0.7226277372262774,0.7352941176470589
3,4,74,0.5904874205589294,0.5785877108573914,0.7226277372262774,0.7352941176470589
3,4,75,0.5904750227928162,0.5785276889801025,0.7226277372262774,0.7352941176470589
3,4,76,0.5904678106307983,0.5784852504730225,0.7226277372262774,0.7352941176470589
3,4,77,0.590461254119873,0.578437089920044,0.7226277372262774,0.7352941176470589
3,4,78,0.5904595851898193,0.5784216523170471,0.7226277372262774,0.7352941176470589
3,4,79,0.5904644727706909,0.5784624218940735,0.7226277372262774,0.7352941176470589
3,4,80,0.5904716849327087,0.5785088539123535,0.7226277372262774,0.7352941176470589
3,4,81,0.590478241443634,0.5785444974899292,0.7226277372262774,0.7352941176470589
3,4,82,0.5904975533485413,0.5786306858062744,0.7226277372262774,0.7352941176470589
3,4,83,0.5904967784881592,0.5786277055740356,0.7226277372262774,0.7352941176470589
3,4,84,0.5905098915100098,0.5786784887313843,0.7226277372262774,0.7352941176470589
3,4,85,0.5905085802078247,0.5786734223365784,0.7226277372262774,0.7352941176470589
3,4,86,0.5905064344406128,0.5786654353141785,0.7226277372262774,0.7352941176470589
3,4,87,0.5905183553695679,0.5787086486816406,0.7226277372262774,0.7352941176470589
3,4,88,0.5905320644378662,0.5787549018859863,0.7226277372262774,0.7352941176470589
3,4,89,0.5905603766441345,0.5788421034812927,0.7226277372262774,0.7352941176470589
3,4,90,0.590552031993866,0.5788173675537109,0.7226277372262774,0.7352941176470589
3,4,91,0.5905289053916931,0.5787443518638611,0.7226277372262774,0.7352941176470589
3,4,92,0.5905161499977112,0.5787007808685303,0.7226277372262774,0.7352941176470589
3,4,93,0.5905129313468933,0.578689455986023,0.7226277372262774,0.7352941176470589
3,4,94,0.5905008912086487,0.5786440372467041,0.7226277372262774,0.7352941176470589
3,4,95,0.5904948711395264,0.5786198377609253,0.7226277372262774,0.7352941176470589
3,4,96,0.590484082698822,0.5785725712776184,0.7226277372262774,0.7352941176470589
3,4,97,0.5904809832572937,0.5785579681396484,0.7226277372262774,0.7352941176470589
3,4,98,0.590476393699646,0.5785346627235413,0.7226277372262774,0.7352941176470589
3,4,99,0.5904637575149536,0.5784571766853333,0.7226277372262774,0.7352941176470589
3,4,100,0.5904569029808044,0.5783910155296326,0.7226277372262774,0.7352941176470589
3,5,1,3.2650198936462402,3.1190741062164307,0.7226277372262774,0.7352941176470589
3,5,2,0.9359201192855835,0.9453073143959045,0.2773722627737226,0.2647058823529412
3,5,3,0.6732252240180969,0.6720188856124878,0.7226277372262774,0.7352941176470589
3,5,4,0.6617308855056763,0.6597753167152405,0.7226277372262774,0.7352941176470589
3,5,5,0.6584903597831726,0.656313419342041,0.7226277372262774,0.7352941176470589
3,5,6,0.6595215201377869,0.6573973298072815,0.7226277372262774,0.7352941176470589
3,5,7,0.6585326790809631,0.6563433408737183,0.7226277372262774,0.7352941176470589
3,5,8,0.6537665724754333,0.651238739490509,0.7226277372262774,0.7352941176470589
3,5,9,0.6453168988227844,0.6421511173248291,0.7226277372262774,0.7352941176470589
3,5,10,0.6343151330947876,0.6302326321601868,0.7226277372262774,0.7352941176470589
3,5,11,0.6224953532218933,0.617276132106781,0.7226277372262774,0.7352941176470589
3,5,12,0.6116279363632202,0.6051421761512756,0.7226277372262774,0.7352941176470589
3,5,13,0.6025232672691345,0.5946716666221619,0.7226277372262774,0.7352941176470589
3,5,14,0.5958442091941833,0.5866058468818665,0.7226277372262774,0.7352941176470589
3,5,15,0.5917096734046936,0.5810750722885132,0.7226277372262774,0.7352941176470589
3,5,16,0.5902568697929382,0.5782762169837952,0.7226277372262774,0.7352941176470589
3,5,17,0.5909597277641296,0.5779415369033813,0.7226277372262774,0.7352941176470589
3,5,18,0.5924567580223083,0.5787676572799683,0.7226277372262774,0.7352941176470589
3,5,19,0.5937644243240356,0.5797529816627502,0.7226277372262774,0.7352941176470589
3,5,20,0.5935155749320984,0.579693078994751,0.7226277372262774,0.7352941176470589
3,5,21,0.5924863815307617,0.5790925621986389,0.7226277372262774,0.7352941176470589
3,5,22,0.5912729501724243,0.5781485438346863,0.7226277372262774,0.7352941176470589
3,5,23,0.5923776626586914,0.5784868597984314,0.7226277372262774,0.7352941176470589
3,5,24,0.5919572710990906,0.5782631635665894,0.7226277372262774,0.7352941176470589
3,5,25,0.5914673209190369,0.5780557990074158,0.7226277372262774,0.7352941176470589
3,5,26,0.5910607576370239,0.577941358089447,0.7226277372262774,0.7352941176470589
3,5,27,0.5907561779022217,0.5779298543930054,0.7226277372262774,0.7352941176470589
3,5,28,0.5905642509460449,0.5780154466629028,0.7226277372262774,0.7352941176470589
3,5,29,0.5904712677001953,0.5781784653663635,0.7226277372262774,0.7352941176470589
3,5,30,0.5904554724693298,0.578370213508606,0.7226277372262774,0.7352941176470589
3,5,31,0.5904951095581055,0.5786216259002686,0.7226277372262774,0.7352941176470589
3,5,32,0.5905637741088867,0.5788528919219971,0.7226277372262774,0.7352941176470589
3,5,33,0.590653657913208,0.5790883302688599,0.7226277372262774,0.7352941176470589
3,5,34,0.5907235145568848,0.5792490243911743,0.7226277372262774,0.7352941176470589
3,5,35,0.5907804369926453,0.5793716311454773,0.7226277372262774,0.7352941176470589
3,5,36,0.5908070802688599,0.5794268846511841,0.7226277372262774,0.7352941176470589
3,5,37,0.5908235907554626,0.5794606804847717,0.7226277372262774,0.7352941176470589
3,5,38,0.5908177495002747,0.5794486999511719,0.7226277372262774,0.7352941176470589
3,5,39,0.5908145904541016,0.5794423222541809,0.7226277372262774,0.7352941176470589
3,5,40,0.5908002257347107,0.5794128179550171,0.7226277372262774,0.7352941176470589
3,5,41,0.5907638669013977,0.5793363451957703,0.7226277372262774,0.7352941176470589
3,5,42,0.5907258987426758,0.5792544484138489,0.7226277372262774,0.7352941176470589
3,5,43,0.590670645236969,0.579128623008728,0.7226277372262774,0.7352941176470589
3,5,44,0.5906190872192383,0.5790027379989624,0.7226277372262774,0.7352941176470589
3,5,45,0.5905632376670837,0.5788512825965881,0.7226277372262774,0.7352941176470589
3,5,46,0.5905201435089111,0.5787155032157898,0.7226277372262774,0.7352941176470589
3,5,47,0.5904833674430847,0.5785702466964722,0.7226277372262774,0.7352941176470589
3,5,48,0.5904617309570312,0.5784420371055603,0.7226277372262774,0.7352941176470589
3,5,49,0.5904543399810791,0.5783286690711975,0.7226277372262774,0.7352941176470589
3,5,50,0.5904615521430969,0.5782254934310913,0.7226277372262774,0.7352941176470589
3,5,51,0.5904841423034668,0.5781369805335999,0.7226277372262774,0.7352941176470589
3,5,52,0.5905147790908813,0.5780747532844543,0.7226277372262774,0.7352941176470589
3,5,53,0.590550422668457,0.5780288577079773,0.7226277372262774,0.7352941176470589
3,5,54,0.5905765891075134,0.5780047178268433,0.7226277372262774,0.7352941176470589
3,5,55,0.5905975699424744,0.5779889822006226,0.7226277372262774,0.7352941176470589
3,5,56,0.5906013250350952,0.5779864192008972,0.7226277372262774,0.7352941176470589
3,5,57,0.5905840992927551,0.5779987573623657,0.7226277372262774,0.7352941176470589
3,5,58,0.5905570387840271,0.5780223608016968,0.7226277372262774,0.7352941176470589
3,5,59,0.5905232429504395,0.5780621767044067,0.7226277372262774,0.7352941176470589
3,5,60,0.5904971957206726,0.5781065225601196,0.7226277372262774,0.7352941176470589
3,5,61,0.5904707312583923,0.5781804323196411,0.7226277372262774,0.7352941176470589
3,5,62,0.5904563665390015,0.5782710313796997,0.7226277372262774,0.7352941176470589
3,5,63,0.5904557704925537,0.5783742070198059,0.7226277372262774,0.7352941176470589
3,5,64,0.5904664397239685,0.5784774422645569,0.7226277372262774,0.7352941176470589
3,5,65,0.5904867053031921,0.5785858035087585,0.7226277372262774,0.7352941176470589
3,5,66,0.5905148386955261,0.5786970853805542,0.7226277372262774,0.7352941176470589
3,5,67,0.590552568435669,0.5788195729255676,0.7226277372262774,0.7352941176470589
3,5,68,0.5905901193618774,0.578926682472229,0.7226277372262774,0.7352941176470589
3,5,69,0.5906195044517517,0.5790037512779236,0.7226277372262774,0.7352941176470589
3,5,70,0.5906354188919067,0.5790438055992126,0.7226277372262774,0.7352941176470589
3,5,71,0.5906382203102112,0.5790507197380066,0.7226277372262774,0.7352941176470589
3,5,72,0.59062659740448,0.5790218114852905,0.7226277372262774,0.7352941176470589
3,5,73,0.5906131267547607,0.5789873600006104,0.7226277372262774,0.7352941176470589
3,5,74,0.5905983448028564,0.5789486169815063,0.7226277372262774,0.7352941176470589
3,5,75,0.5905778408050537,0.5788929462432861,0.7226277372262774,0.7352941176470589
3,5,76,0.5905517935752869,0.5788171291351318,0.7226277372262774,0.7352941176470589
3,5,77,0.5905247926712036,0.5787314176559448,0.7226277372262774,0.7352941176470589
3,5,78,0.590493381023407,0.578614354133606,0.7226277372262774,0.7352941176470589
3,5,79,0.5904718041419983,0.5785102844238281,0.7226277372262774,0.7352941176470589
3,5,80,0.5904614329338074,0.5784390568733215,0.7226277372262774,0.7352941176470589
3,5,81,0.5904558897018433,0.5783774256706238,0.7226277372262774,0.7352941176470589
3,5,82,0.5904543399810791,0.5783289670944214,0.7226277372262774,0.7352941176470589
3,5,83,0.5904560089111328,0.5782757997512817,0.7226277372262774,0.7352941176470589
3,5,84,0.5904607772827148,0.578231155872345,0.7226277372262774,0.7352941176470589
3,5,85,0.5904662609100342,0.5781998038291931,0.7226277372262774,0.7352941176470589
3,5,86,0.5904719233512878,0.5781756043434143,0.7226277372262774,0.7352941176470589
3,5,87,0.5904799103736877,0.5781490206718445,0.7226277372262774,0.7352941176470589
3,5,88,0.5904875993728638,0.5781280994415283,0.7226277372262774,0.7352941176470589
3,5,89,0.5904899835586548,0.578122615814209,0.7226277372262774,0.7352941176470589
3,5,90,0.5904930233955383,0.5781155824661255,0.7226277372262774,0.7352941176470589
3,5,91,0.5904901623725891,0.5781219005584717,0.7226277372262774,0.7352941176470589
3,5,92,0.5904833674430847,0.5781391263008118,0.7226277372262774,0.7352941176470589
3,5,93,0.5904761552810669,0.5781607031822205,0.7226277372262774,0.7352941176470589
3,5,94,0.590470552444458,0.5781812071800232,0.7226277372262774,0.7352941176470589
3,5,95,0.5904659032821655,0.5782016515731812,0.7226277372262774,0.7352941176470589
3,5,96,0.5904626846313477,0.578218936920166,0.7226277372262774,0.7352941176470589
3,5,97,0.5904638767242432,0.578211784362793,0.7226277372262774,0.7352941176470589
3,5,98,0.590466320514679,0.5781993269920349,0.7226277372262774,0.7352941176470589
3,5,99,0.5904687643051147,0.578188419342041,0.7226277372262774,0.7352941176470589
3,5,100,0.5904711484909058,0.5781788229942322,0.7226277372262774,0.7352941176470589
4,1,1,2.97768497467041,3.128831386566162,0.7279411764705882,0.7142857142857143
4,1,2,0.748327374458313,0.7454151511192322,0.27205882352941174,0.2857142857142857
4,1,3,0.6762188076972961,0.677308976650238,0.7279411764705882,0.7142857142857143
4,1,4,0.6616947650909424,0.6637370586395264,0.7279411764705882,0.7142857142857143
4,1,5,0.6521479487419128,0.6548414826393127,0.7279411764705882,0.7142857142857143
4,1,6,0.6418366432189941,0.6453210711479187,0.7279411764705882,0.7142857142857143
4,1,7,0.628520131111145,0.6331642270088196,0.7279411764705882,0.7142857142857143
4,1,8,0.6129226684570312,0.6192220449447632,0.7279411764705882,0.7142857142857143
4,1,9,0.5975572466850281,0.6061511635780334,0.7279411764705882,0.7142857142857143
4,1,10,0.5875786542892456,0.5991092920303345,0.7279411764705882,0.7142857142857143
4,1,11,0.5875669121742249,0.6024612188339233,0.7279411764705882,0.7142857142857143
4,1,12,0.5944339632987976,0.6120409369468689,0.7279411764705882,0.7142857142857143
4,1,13,0.5967910885810852,0.615382194519043,0.7279411764705882,0.7142857142857143
4,1,14,0.5916828513145447,0.6094682812690735,0.7279411764705882,0.7142857142857143
4,1,15,0.5861740112304688,0.6025195717811584,0.7279411764705882,0.7142857142857143
4,1,16,0.5833491683006287,0.5983511805534363,0.7279411764705882,0.7142857142857143
4,1,17,0.5829218029975891,0.596682608127594,0.7279411764705882,0.7142857142857143
4,1,18,0.5845981240272522,0.5974295735359192,0.7279411764705882,0.7142857142857143
4,1,19,0.5853056311607361,0.5975080728530884,0.7279411764705882,0.7142857142857143
4,1,20,0.5858858823776245,0.597780704498291,0.7279411764705882,0.7142857142857143
4,1,21,0.5857094526290894,0.5976145267486572,0.7279411764705882,0.7142857142857143
4,1,22,0.5849050879478455,0.5971604585647583,0.7279411764705882,0.7142857142857143
4,1,23,0.5840498805046082,0.5967894196510315,0.7279411764705882,0.7142857142857143
4,1,24,0.5830055475234985,0.5964430570602417,0.7279411764705882,0.7142857142857143
4,1,25,0.5819984674453735,0.5963844656944275,0.7279411764705882,0.7142857142857143
4,1,26,0.5814309120178223,0.5964912176132202,0.7279411764705882,0.7142857142857143
4,1,27,0.5808490514755249,0.5963723659515381,0.7279411764705882,0.7142857142857143
4,1,28,0.5800966024398804,0.5961107015609741,0.7279411764705882,0.7142857142857143
4,1,29,0.5791082978248596,0.5954778790473938,0.7279411764705882,0.7142857142857143
4,1,30,0.5777269005775452,0.5943807363510132,0.7279411764705882,0.7142857142857143
4,1,31,0.5760929584503174,0.5927947163581848,0.7279411764705882,0.7142857142857143
4,1,32,0.5747254490852356,0.590850293636322,0.7279411764705882,0.7142857142857143
4,1,33,0.5733861923217773,0.5890591144561768,0.7279411764705882,0.7142857142857143
4,1,34,0.5717349052429199,0.5874007940292358,0.7279411764705882,0.7142857142857143
4,1,35,0.5688327550888062,0.5852638483047485,0.7279411764705882,0.7142857142857143
4,1,36,0.565414547920227,0.5831935405731201,0.7279411764705882,0.7142857142857143
4,1,37,0.5618488192558289,0.5811907649040222,0.7279411764705882,0.7142857142857143
4,1,38,0.5579661130905151,0.5783310532569885,0.7279411764705882,0.7142857142857143
4,1,39,0.553473711013794,0.5746153593063354,0.7279411764705882,0.7142857142857143
4,1,40,0.548005223274231,0.5706021189689636,0.7279411764705882,0.7142857142857143
4,1,41,0.5430787205696106,0.5657275915145874,0.7279411764705882,0.7142857142857143
4,1,42,0.5377771854400635,0.5609649419784546,0.7279411764705882,0.7142857142857143
4,1,43,0.5287235379219055,0.5552875995635986,0.7279411764705882,0.7142857142857143
4,1,44,0.5205735564231873,0.5492352247238159,0.7279411764705882,0.7142857142857143
4,1,45,0.5115178823471069,0.5424946546554565,0.7279411764705882,0.7142857142857143
4,1,46,0.5032558441162109,0.5345249176025391,0.7279411764705882,0.7142857142857143
4,1,47,0.5000160336494446,0.5275293588638306,0.7279411764705882,0.7142857142857143
4,1,48,0.48196905851364136,0.5177045464515686,0.7279411764705882,0.7142857142857143
4,1,49,0.4687751233577728,0.5097125768661499,0.7279411764705882,0.7142857142857143
4,1,50,0.4576418101787567,0.4995480179786682,0.7279411764705882,0.7142857142857143
4,1,51,0.4436120092868805,0.48914578557014465,0.7279411764705882,0.7142857142857143
4,1,52,0.43048346042633057,0.4765288829803467,0.7279411764705882,0.7142857142857143
4,1,53,0.41315722465515137,0.4664343297481537,0.7279411764705882,0.7142857142857143
4,1,54,0.4091126024723053,0.45230793952941895,0.8897058823529411,0.8285714285714286
4,1,55,0.3920954465866089,0.4393020570278168,0.8970588235294118,0.8285714285714286
4,1,56,0.3711129426956177,0.43968498706817627,0.8602941176470589,0.7428571428571429
4,1,57,0.36341795325279236,0.41847410798072815,0.8970588235294118,0.8285714285714286
4,1,58,0.373794287443161,0.42010289430618286,0.9117647058823529,0.8571428571428571
4,1,59,0.3604944348335266,0.4096240997314453,0.9117647058823529,0.8571428571428571
4,1,60,0.332437127828598,0.40943533182144165,0.8897058823529411,0.8285714285714286
4,1,61,0.3286580443382263,0.39742106199264526,0.9117647058823529,0.8285714285714286
4,1,62,0.33485010266304016,0.3909105062484741,0.9191176470588235,0.8571428571428571
4,1,63,0.3359050750732422,0.39021098613739014,0.9191176470588235,0.8571428571428571
4,1,64,0.32683831453323364,0.38837265968322754,0.9117647058823529,0.8285714285714286
4,1,65,0.32054203748703003,0.38826897740364075,0.9191176470588235,0.8285714285714286
4,1,66,0.31098130345344543,0.380548894405365,0.9264705882352942,0.8285714285714286
4,1,67,0.3048461377620697,0.37038159370422363,0.9191176470588235,0.8571428571428571
4,1,68,0.3011890947818756,0.36358919739723206,0.9338235294117647,0.8571428571428571
4,1,69,0.2734381854534149,0.3661845028400421,0.9264705882352942,0.8285714285714286
4,1,70,0.26615145802497864,0.3653670847415924,0.9264705882352942,0.8285714285714286
4,1,71,0.26946452260017395,0.3471875786781311,0.9411764705882353,0.8571428571428571
4,1,72,0.2928423583507538,0.35973700881004333,0.9338235294117647,0.7714285714285715
4,1,73,0.2616068720817566,0.34981831908226013,0.9338235294117647,0.8571428571428571
4,1,74,0.26504603028297424,0.38299959897994995,0.9191176470588235,0.8285714285714286
4,1,75,0.2623540163040161,0.3703298270702362,0.9264705882352942,0.8285714285714286
4,1,76,0.26537641882896423,0.35454800724983215,0.9485294117647058,0.8571428571428571
4,1,77,0.2723389267921448,0.3512410819530487,0.9705882352941176,0.8571428571428571
4,1,78,0.24439270794391632,0.34925323724746704,0.9485294117647058,0.8285714285714286
4,1,79,0.2353307008743286,0.34897831082344055,0.9485294117647058,0.8285714285714286
4,1,80,0.2310735136270523,0.3374384939670563,0.9632352941176471,0.8571428571428571
4,1,81,0.2204447239637375,0.3306789994239807,0.9705882352941176,0.8571428571428571
4,1,82,0.20895960927009583,0.3301478326320648,0.9705882352941176,0.8285714285714286
4,1,83,0.205625981092453,0.3529781103134155,0.9411764705882353,0.8285714285714286
4,1,84,0.19931036233901978,0.3305293917655945,0.9705882352941176,0.8285714285714286
4,1,85,0.2110563963651657,0.32117271423339844,0.9926470588235294,0.8571428571428571
4,1,86,0.21074266731739044,0.33552804589271545,0.9779411764705882,0.8285714285714286
4,1,87,0.2175559103488922,0.37912771105766296,0.9485294117647058,0.8285714285714286
4,1,88,0.21367360651493073,0.3553794324398041,0.9705882352941176,0.8285714285714286
4,1,89,0.20774208009243011,0.3363395631313324,0.9852941176470589,0.8285714285714286
4,1,90,0.18522395193576813,0.32423079013824463,0.9926470588235294,0.8285714285714286
4,1,91,0.16362950205802917,0.3293549716472626,0.9779411764705882,0.8285714285714286
4,1,92,0.15141642093658447,0.29917290806770325,1.0,0.8285714285714286
4,1,93,0.15468746423721313,0.2962026298046112,1.0,0.8857142857142857
4,1,94,0.14733381569385529,0.31402528285980225,1.0,0.8285714285714286
4,1,95,0.15370739996433258,0.32160311937332153,1.0,0.8285714285714286
4,1,96,0.1691591441631317,0.33323535323143005,1.0,0.8285714285714286
4,1,97,0.19312462210655212,0.32021278142929077,1.0,0.8
4,1,98,0.1893569678068161,0.35042300820350647,1.0,0.8285714285714286
4,1,99,0.1875736564397812,0.3965851366519928,0.9558823529411765,0.8285714285714286
4,1,100,0.18217360973358154,0.31641465425491333,1.0,0.8
4,2,1,3.7946670055389404,3.6207330226898193,0.7226277372262774,0.7352941176470589
4,2,2,0.6769709587097168,0.6755870580673218,0.7226277372262774,0.7352941176470589
4,2,3,0.6723188757896423,0.6709498763084412,0.7226277372262774,0.7352941176470589
4,2,4,0.6617840528488159,0.6598337888717651,0.7226277372262774,0.7352941176470589
4,2,5,0.654189944267273,0.6517173647880554,0.7226277372262774,0.7352941176470589
4,2,6,0.6446744203567505,0.6414733529090881,0.7226277372262774,0.7352941176470589
4,2,7,0.6327481269836426,0.6285330057144165,0.7226277372262774,0.7352941176470589
4,2,8,0.6187847256660461,0.6131728887557983,0.7226277372262774,0.7352941176470589
4,2,9,0.6046552062034607,0.5972006320953369,0.7226277372262774,0.7352941176470589
4,2,10,0.5939563512802124,0.5842345952987671,0.7226277372262774,0.7352941176470589
4,2,11,0.5906190276145935,0.5783262252807617,0.7226277372262774,0.7352941176470589
4,2,12,0.5941171050071716,0.5800005793571472,0.7226277372262774,0.7352941176470589
4,2,13,0.5975717306137085,0.5827108025550842,0.7226277372262774,0.7352941176470589
4,2,14,0.5966852903366089,0.5821892023086548,0.7226277372262774,0.7352941176470589
4,2,15,0.593849241733551,0.5801774263381958,0.7226277372262774,0.7352941176470589
4,2,16,0.5908793210983276,0.578240692615509,0.7226277372262774,0.7352941176470589
4,2,17,0.5900400876998901,0.5778712034225464,0.7226277372262774,0.7352941176470589
4,2,18,0.5904362201690674,0.5783175230026245,0.7226277372262774,0.7352941176470589
4,2,19,0.5906714200973511,0.5791302919387817,0.7226277372262774,0.7352941176470589
4,2,20,0.5912192463874817,0.5801904201507568,0.7226277372262774,0.7352941176470589
4,2,21,0.5918511152267456,0.5812053680419922,0.7226277372262774,0.7352941176470589
4,2,22,0.5921405553817749,0.5816398859024048,0.7226277372262774,0.7352941176470589
4,2,23,0.5921592712402344,0.5816674828529358,0.7226277372262774,0.7352941176470589
4,2,24,0.591942548751831,0.5813440680503845,0.7226277372262774,0.7352941176470589
4,2,25,0.5915706753730774,0.5807688236236572,0.7226277372262774,0.7352941176470589
4,2,26,0.591106116771698,0.5799931287765503,0.7226277372262774,0.7352941176470589
4,2,27,0.5907140374183655,0.5792279243469238,0.7226277372262774,0.7352941176470589
4,2,28,0.5905134677886963,0.5786919593811035,0.7226277372262774,0.7352941176470589
4,2,29,0.5904547572135925,0.5783513784408569,0.7226277372262774,0.7352941176470589
4,2,30,0.590465784072876,0.578201949596405,0.7226277372262774,0.7352941176470589
4,2,31,0.5905178785324097,0.5780699849128723,0.7226277372262774,0.7352941176470589
4,2,32,0.5905638337135315,0.5780156850814819,0.7226277372262774,0.7352941176470589
4,2,33,0.5905997157096863,0.5779874920845032,0.7226277372262774,0.7352941176470589
4,2,34,0.5906271934509277,0.5779711008071899,0.7226277372262774,0.7352941176470589
4,2,35,0.5906320810317993,0.5779685378074646,0.7226277372262774,0.7352941176470589
4,2,36,0.590558648109436,0.5780206322669983,0.7226277372262774,0.7352941176470589
4,2,37,0.5904711484909058,0.5781785845756531,0.7226277372262774,0.7352941176470589
4,2,38,0.5904563069343567,0.5783838629722595,0.7226277372262774,0.7352941176470589
4,2,39,0.5905349850654602,0.578765332698822,0.7226277372262774,0.7352941176470589
4,2,40,0.5906553268432617,0.5790922045707703,0.7226277372262774,0.7352941176470589
4,2,41,0.5908232927322388,0.5794600248336792,0.7226277372262774,0.7352941176470589
4,2,42,0.5909759998321533,0.5797566175460815,0.7226277372262774,0.7352941176470589
4,2,43,0.5910391211509705,0.5798727869987488,0.7226277372262774,0.7352941176470589
4,2,44,0.5910086631774902,0.5798170566558838,0.7226277372262774,0.7352941176470589
4,2,45,0.5909252166748047,0.5796606540679932,0.7226277372262774,0.7352941176470589
4,2,46,0.5907958149909973,0.5794034600257874,0.7226277372262774,0.7352941176470589
4,2,47,0.590633749961853,0.5790393948554993,0.7226277372262774,0.7352941176470589
4,2,48,0.5905331969261169,0.5787593126296997,0.7226277372262774,0.7352941176470589
4,2,49,0.5904805064201355,0.5785561800003052,0.7226277372262774,0.7352941176470589
4,2,50,0.5904560089111328,0.578378438949585,0.7226277372262774,0.7352941176470589
4,2,51,0.5904660224914551,0.5782010555267334,0.7226277372262774,0.7352941176470589
4,2,52,0.5904785394668579,0.5781530141830444,0.7226277372262774,0.7352941176470589
4,2,53,0.5905115008354187,0.5780799984931946,0.7226277372262774,0.7352941176470589
4,2,54,0.5905296206474304,0.5780532360076904,0.7226277372262774,0.7352941176470589
4,2,55,0.5905040502548218,0.5780931711196899,0.7226277372262774,0.7352941176470589
4,2,56,0.5904837250709534,0.5781380534172058,0.7226277372262774,0.7352941176470589
4,2,57,0.5904645919799805,0.5782082676887512,0.7226277372262774,0.7352941176470589
4,2,58,0.5904566049575806,0.5782683491706848,0.7226277372262774,0.7352941176470589
4,2,59,0.590454638004303,0.5783463716506958,0.7226277372262774,0.7352941176470589
4,2,60,0.5904672145843506,0.5784817934036255,0.7226277372262774,0.7352941176470589
4,2,61,0.5904978513717651,0.5786328911781311,0.7226277372262774,0.7352941176470589
4,2,62,0.5905223488807678,0.5787233114242554,0.7226277372262774,0.7352941176470589
4,2,63,0.5905270576477051,0.5787390470504761,0.7226277372262774,0.7352941176470589
4,2,64,0.5905137658119202,0.5786935687065125,0.7226277372262774,0.7352941176470589
4,2,65,0.590516209602356,0.5787016749382019,0.7226277372262774,0.7352941176470589
4,2,66,0.590519368648529,0.5787126421928406,0.7226277372262774,0.7352941176470589
4,2,67,0.5905417203903198,0.578786313533783,0.7226277372262774,0.7352941176470589
4,2,68,0.5905854105949402,0.5789137482643127,0.7226277372262774,0.7352941176470589
4,2,69,0.5906041264533997,0.5789639949798584,0.7226277372262774,0.7352941176470589
4,2,70,0.5905964970588684,0.5789437294006348,0.7226277372262774,0.7352941176470589
4,2,71,0.5906074047088623,0.5789724588394165,0.7226277372262774,0.7352941176470589
4,2,72,0.5905728340148926,0.57887864112854,0.7226277372262774,0.7352941176470589
4,2,73,0.5905150175094604,0.5786975622177124,0.7226277372262774,0.7352941176470589
4,2,74,0.5904641151428223,0.5784609317779541,0.7226277372262774,0.7352941176470589
4,2,75,0.5904626250267029,0.5782193541526794,0.7226277372262774,0.7352941176470589
4,2,76,0.5905293822288513,0.5780537128448486,0.7226277372262774,0.7352941176470589
4,2,77,0.5905793309211731,0.5780023336410522,0.7226277372262774,0.7352941176470589
4,2,78,0.590622067451477,0.5779738426208496,0.7226277372262774,0.7352941176470589
4,2,79,0.5905921459197998,0.5779927372932434,0.7226277372262774,0.7352941176470589
4,2,80,0.590542197227478,0.5780377984046936,0.7226277372262774,0.7352941176470589
4,2,81,0.5904797315597534,0.5781494975090027,0.7226277372262774,0.7352941176470589
4,2,82,0.5904545187950134,0.5783089995384216,0.7226277372262774,0.7352941176470589
4,2,83,0.5904754996299744,0.5785309076309204,0.7226277372262774,0.7352941176470589
4,2,84,0.5905266404151917,0.578737735748291,0.7226277372262774,0.7352941176470589
4,2,85,0.590614378452301,0.5789905786514282,0.7226277372262774,0.7352941176470589
4,2,86,0.5907095074653625,0.579217791557312,0.7226277372262774,0.7352941176470589
4,2,87,0.5907707214355469,0.5793509483337402,0.7226277372262774,0.7352941176470589
4,2,88,0.5908713340759277,0.5795560479164124,0.7226277372262774,0.7352941176470589
4,2,89,0.5909311175346375,0.5796718597412109,0.7226277372262774,0.7352941176470589
4,2,90,0.5909944176673889,0.5797908902168274,0.7226277372262774,0.7352941176470589
4,2,91,0.5909761190414429,0.5797567367553711,0.7226277372262774,0.7352941176470589
4,2,92,0.5908770561218262,0.5795673131942749,0.7226277372262774,0.7352941176470589
4,2,93,0.5907477736473083,0.5793019533157349,0.7226277372262774,0.7352941176470589
4,2,94,0.5906351208686829,0.5790429711341858,0.7226277372262774,0.7352941176470589
4,2,95,0.5905578136444092,0.5788353681564331,0.7226277372262774,0.7352941176470589
4,2,96,0.5904991030693054,0.5786376595497131,0.7226277372262774,0.7352941176470589
4,2,97,0.590458333492279,0.5784093141555786,0.7226277372262774,0.7352941176470589
4,2,98,0.5904554128646851,0.5782846808433533,0.7226277372262774,0.7352941176470589
4,2,99,0.5904616713523865,0.578224778175354,0.7226277372262774,0.7352941176470589
4,2,100,0.5904643535614014,0.5782091617584229,0.7226277372262774,0.7352941176470589
4,3,1,3.2482919692993164,3.1035711765289307,0.7226277372262774,0.7352941176470589
4,3,2,0.6874454617500305,0.6872519254684448,0.7226277372262774,0.7352941176470589
4,3,3,0.6800035834312439,0.6793229579925537,0.7226277372262774,0.7352941176470589
4,3,4,0.6661049127578735,0.6644752621650696,0.7226277372262774,0.7352941176470589
4,3,5,0.6578846573829651,0.6555981636047363,0.7226277372262774,0.7352941176470589
4,3,6,0.6493933200836182,0.6463937163352966,0.7226277372262774,0.7352941176470589
4,3,7,0.6399213671684265,0.6360584497451782,0.7226277372262774,0.7352941176470589
4,3,8,0.6281207203865051,0.6230489611625671,0.7226277372262774,0.7352941176470589
4,3,9,0.6144658923149109,0.6077292561531067,0.7226277372262774,0.7352941176470589
4,3,10,0.6013200879096985,0.5923864841461182,0.7226277372262774,0.7352941176470589
4,3,11,0.5927984118461609,0.5812286138534546,0.7226277372262774,0.7352941176470589
4,3,12,0.5927788615226746,0.5782561898231506,0.7226277372262774,0.7352941176470589
4,3,13,0.599029541015625,0.582567572593689,0.7226277372262774,0.7352941176470589
4,3,14,0.6051334142684937,0.5877869129180908,0.7226277372262774,0.7352941176470589
4,3,15,0.6030091643333435,0.5864344835281372,0.7226277372262774,0.7352941176470589
4,3,16,0.5972620248794556,0.5821533799171448,0.7226277372262774,0.7352941176470589
4,3,17,0.5913510322570801,0.5780772566795349,0.7226277372262774,0.7352941176470589
4,3,18,0.5884903073310852,0.5769514441490173,0.7226277372262774,0.7352941176470589
4,3,19,0.5888260006904602,0.5786071419715881,0.7226277372262774,0.7352941176470589
4,3,20,0.5908817052841187,0.5814290642738342,0.7226277372262774,0.7352941176470589
4,3,21,0.5935388207435608,0.5840567946434021,0.7226277372262774,0.7352941176470589
4,3,22,0.5946992635726929,0.5852245092391968,0.7226277372262774,0.7352941176470589
4,3,23,0.5950501561164856,0.5856238007545471,0.7226277372262774,0.7352941176470589
4,3,24,0.5948008894920349,0.585303008556366,0.7226277372262774,0.7352941176470589
4,3,25,0.5939911007881165,0.5842703580856323,0.7226277372262774,0.7352941176470589
4,3,26,0.5927329659461975,0.5827234983444214,0.7226277372262774,0.7352941176470589
4,3,27,0.5914797782897949,0.5811219811439514,0.7226277372262774,0.7352941176470589
4,3,28,0.5904150009155273,0.5796526670455933,0.7226277372262774,0.7352941176470589
4,3,29,0.5896230936050415,0.5784544348716736,0.7226277372262774,0.7352941176470589
4,3,30,0.5892224907875061,0.5777238011360168,0.7226277372262774,0.7352941176470589
4,3,31,0.5890865921974182,0.5773269534111023,0.7226277372262774,0.7352941176470589
4,3,32,0.5891786217689514,0.5772204995155334,0.7226277372262774,0.7352941176470589
4,3,33,0.5891271233558655,0.5771942734718323,0.7226277372262774,0.7352941176470589
4,3,34,0.5889179706573486,0.5771268010139465,0.7226277372262774,0.7352941176470589
4,3,35,0.5885776877403259,0.5770294666290283,0.7226277372262774,0.7352941176470589
4,3,36,0.587908923625946,0.5767684578895569,0.7226277372262774,0.7352941176470589
4,3,37,0.5871127843856812,0.5764389634132385,0.7226277372262774,0.7352941176470589
4,3,38,0.5863730907440186,0.5761725306510925,0.7226277372262774,0.7352941176470589
4,3,39,0.5857637524604797,0.5759690999984741,0.7226277372262774,0.7352941176470589
4,3,40,0.5851879715919495,0.5757781863212585,0.7226277372262774,0.7352941176470589
4,3,41,0.5847472548484802,0.5756520628929138,0.7226277372262774,0.7352941176470589
4,3,42,0.5843120217323303,0.575549840927124,0.7226277372262774,0.7352941176470589
4,3,43,0.5829708576202393,0.5752093195915222,0.7226277372262774,0.7352941176470589
4,3,44,0.5810051560401917,0.5745801329612732,0.7226277372262774,0.7352941176470589
4,3,45,0.5792371034622192,0.5738162994384766,0.7226277372262774,0.7352941176470589
4,3,46,0.5773605108261108,0.5729519128799438,0.7226277372262774,0.7352941176470589
4,3,47,0.5752518773078918,0.5720115303993225,0.7226277372262774,0.7352941176470589
4,3,48,0.5729940533638,0.5710192322731018,0.7226277372262774,0.7352941176470589
4,3,49,0.5706824064254761,0.5700724720954895,0.7226277372262774,0.7352941176470589
4,3,50,0.5679163336753845,0.5688731074333191,0.7226277372262774,0.7352941176470589
4,3,51,0.5643418431282043,0.5672898292541504,0.7226277372262774,0.7352941176470589
4,3,52,0.5608586072921753,0.5655853152275085,0.7226277372262774,0.7352941176470589
4,3,53,0.5561500191688538,0.5633500814437866,0.7226277372262774,0.7352941176470589
4,3,54,0.550225555896759,0.5607390999794006,0.7226277372262774,0.7352941176470589
4,3,55,0.5437340140342712,0.5577952265739441,0.7226277372262774,0.7352941176470589
4,3,56,0.5370147824287415,0.554331362247467,0.7226277372262774,0.7352941176470589
4,3,57,0.5295463800430298,0.5503259301185608,0.7226277372262774,0.7352941176470589
4,3,58,0.5182145833969116,0.5473467707633972,0.7226277372262774,0.7352941176470589
4,3,59,0.5081608891487122,0.5423965454101562,0.7226277372262774,0.7352941176470589
4,3,60,0.500989556312561,0.534960150718689,0.7226277372262774,0.7352941176470589
4,3,61,0.48878517746925354,0.5290443897247314,0.7226277372262774,0.7352941176470589
4,3,62,0.47133949398994446,0.5253782868385315,0.7226277372262774,0.7352941176470589
4,3,63,0.4557853937149048,0.5193787217140198,0.7226277372262774,0.7352941176470589
4,3,64,0.43803855776786804,0.5161373615264893,0.7226277372262774,0.7352941176470589
4,3,65,0.4278201460838318,0.5021454095840454,0.7226277372262774,0.7352941176470589
4,3,66,0.42345884442329407,0.49355238676071167,0.8905109489051095,0.7647058823529411
4,3,67,0.3879566490650177,0.4939400255680084,0.8613138686131386,0.7352941176470589
4,3,68,0.37077564001083374,0.49350032210350037,0.8686131386861314,0.7352941176470589
4,3,69,0.36498501896858215,0.4785987138748169,0.8905109489051095,0.7647058823529411
4,3,70,0.35667234659194946,0.4718601703643799,0.9197080291970803,0.7647058823529411
4,3,71,0.33986687660217285,0.47112274169921875,0.9197080291970803,0.7647058823529411
4,3,72,0.32154473662376404,0.48719775676727295,0.8905109489051095,0.7647058823529411
4,3,73,0.31729674339294434,0.47175782918930054,0.9197080291970803,0.7647058823529411
4,3,74,0.3411858081817627,0.45422878861427307,0.927007299270073,0.7647058823529411
4,3,75,0.3183176517486572,0.46564385294914246,0.9343065693430657,0.7647058823529411
4,3,76,0.3096136152744293,0.49209001660346985,0.9197080291970803,0.7647058823529411
4,3,77,0.3069579303264618,0.5072206854820251,0.9051094890510949,0.7647058823529411
4,3,78,0.31136929988861084,0.47348752617836,0.927007299270073,0.7647058823529411
4,3,79,0.32343757152557373,0.4571966230869293,0.9343065693430657,0.7647058823529411
4,3,80,0.2978036105632782,0.5039002299308777,0.9197080291970803,0.7647058823529411
4,3,81,0.2888244092464447,0.5344614386558533,0.9197080291970803,0.7647058823529411
4,3,82,0.2882215976715088,0.47266629338264465,0.9416058394160584,0.7647058823529411
4,3,83,0.2980112135410309,0.45083847641944885,0.9635036496350365,0.7647058823529411
4,3,84,0.270658016204834,0.480844110250473,0.948905109489051,0.7647058823529411
4,3,85,0.2593928873538971,0.5417525768280029,0.927007299270073,0.7647058823529411
4,3,86,0.2534193694591522,0.572686493396759,0.9197080291970803,0.7647058823529411
4,3,87,0.24226748943328857,0.495749294757843,0.9562043795620438,0.7647058823529411
4,3,88,0.2695331573486328,0.4468095600605011,0.9781021897810219,0.7941176470588235
4,3,89,0.24775837361812592,0.477186381816864,0.9854014598540146,0.7647058823529411
4,3,90,0.2348385751247406,0.5545971393585205,0.9416058394160584,0.7647058823529411
4,3,91,0.22468037903308868,0.5593942403793335,0.9416058394160584,0.7647058823529411
4,3,92,0.2195856124162674,0.5234000086784363,0.9708029197080292,0.7647058823529411
4,3,93,0.22028927505016327,0.5102811455726624,0.9854014598540146,0.7647058823529411
4,3,94,0.21339167654514313,0.5167073011398315,0.9927007299270073,0.7647058823529411
4,3,95,0.20267829298973083,0.5169941782951355,0.9927007299270073,0.7647058823529411
4,3,96,0.19501319527626038,0.5044047236442566,0.9854014598540146,0.7647058823529411
4,3,97,0.17957915365695953,0.5301385521888733,0.9927007299270073,0.7647058823529411
4,3,98,0.1688864827156067,0.5549625158309937,0.9927007299270073,0.7647058823529411
4,3,99,0.17086635529994965,0.5193715691566467,0.9854014598540146,0.7352941176470589
4,3,100,0.173898845911026,0.5106782913208008,0.9781021897810219,0.7647058823529411
4,4,1,3.626431941986084,3.460954427719116,0.7226277372262774,0.7352941176470589
4,4,2,0.654610276222229,0.6523515582084656,0.7226277372262774,0.7352941176470589
4,4,3,0.690144956111908,0.6900036931037903,0.7226277372262774,0.7352941176470589
4,4,4,0.6786891222000122,0.6778411865234375,0.7226277372262774,0.7352941176470589
4,4,5,0.6696318984031677,0.6681365370750427,0.7226277372262774,0.7352941176470589
4,4,6,0.6582415699958801,0.6558972001075745,0.7226277372262774,0.7352941176470589
4,4,7,0.6450156569480896,0.6415985822677612,0.7226277372262774,0.7352941176470589
4,4,8,0.6292514204978943,0.6243995428085327,0.7226277372262774,0.7352941176470589
4,4,9,0.6129302978515625,0.6062016487121582,0.7226277372262774,0.7352941176470589
4,4,10,0.5988494753837585,0.5897712707519531,0.7226277372262774,0.7352941176470589
4,4,11,0.5914641618728638,0.5797225832939148,0.7226277372262774,0.7352941176470589
4,4,12,0.5931787490844727,0.5787203311920166,0.7226277372262774,0.7352941176470589
4,4,13,0.600534200668335,0.5841707587242126,0.7226277372262774,0.7352941176470589
4,4,14,0.6043781042098999,0.5875189304351807,0.7226277372262774,0.7352941176470589
4,4,15,0.599926233291626,0.5841143131256104,0.7226277372262774,0.7352941176470589
4,4,16,0.5943361520767212,0.5799919366836548,0.7226277372262774,0.7352941176470589
4,4,17,0.5903323888778687,0.5775437355041504,0.7226277372262774,0.7352941176470589
4,4,18,0.5890263319015503,0.5776768922805786,0.7226277372262774,0.7352941176470589
4,4,19,0.5899783968925476,0.5796919465065002,0.7226277372262774,0.7352941176470589
4,4,20,0.591372549533844,0.5816112160682678,0.7226277372262774,0.7352941176470589
4,4,21,0.5928345322608948,0.5830243825912476,0.7226277372262774,0.7352941176470589
4,4,22,0.5933922529220581,0.5834250450134277,0.7226277372262774,0.7352941176470589
4,4,23,0.5929949283599854,0.5828633308410645,0.7226277372262774,0.7352941176470589
4,4,24,0.5922900438308716,0.5818591117858887,0.7226277372262774,0.7352941176470589
4,4,25,0.5915690064430237,0.5807661414146423,0.7226277372262774,0.7352941176470589
4,4,26,0.5910409092903137,0.5798758268356323,0.7226277372262774,0.7352941176470589
4,4,27,0.5906708836555481,0.5791289210319519,0.7226277372262774,0.7352941176470589
4,4,28,0.5904912948608398,0.5786056518554688,0.7226277372262774,0.7352941176470589
4,4,29,0.5904552936553955,0.5782896876335144,0.7226277372262774,0.7352941176470589
4,4,30,0.5904818177223206,0.578143298625946,0.7226277372262774,0.7352941176470589
4,4,31,0.5905096530914307,0.5780829191207886,0.7226277372262774,0.7352941176470589
4,4,32,0.5905020833015442,0.5780965685844421,0.7226277372262774,0.7352941176470589
4,4,33,0.5904884338378906,0.5781259536743164,0.7226277372262774,0.7352941176470589
4,4,34,0.5904691815376282,0.5781863927841187,0.7226277372262774,0.7352941176470589
4,4,35,0.5904548764228821,0.5782970190048218,0.7226277372262774,0.7352941176470589
4,4,36,0.5904606580734253,0.5784322023391724,0.7226277372262774,0.7352941176470589
4,4,37,0.5904815793037415,0.5785613656044006,0.7226277372262774,0.7352941176470589
4,4,38,0.5905078053474426,0.5786712765693665,0.7226277372262774,0.7352941176470589
4,4,39,0.5905333757400513,0.5787597298622131,0.7226277372262774,0.7352941176470589
4,4,40,0.5905672311782837,0.578862726688385,0.7226277372262774,0.7352941176470589
4,4,41,0.5906379818916321,0.5790497064590454,0.7226277372262774,0.7352941176470589
4,4,42,0.5906773805618286,0.5791441202163696,0.7226277372262774,0.7352941176470589
4,4,43,0.5907071232795715,0.5792123079299927,0.7226277372262774,0.7352941176470589
4,4,44,0.5906959176063538,0.5791868567466736,0.7226277372262774,0.7352941176470589
4,4,45,0.5906851887702942,0.5791623592376709,0.7226277372262774,0.7352941176470589
4,4,46,0.5906466245651245,0.5790709853172302,0.7226277372262774,0.7352941176470589
4,4,47,0.5906023383140564,0.578959047794342,0.7226277372262774,0.7352941176470589
4,4,48,0.590556263923645,0.5788305997848511,0.7226277372262774,0.7352941176470589
4,4,49,0.5905044674873352,0.5786582827568054,0.7226277372262774,0.7352941176470589
4,4,50,0.5904672145843506,0.5784822106361389,0.7226277372262774,0.7352941176470589
4,4,51,0.5904543399810791,0.5783289670944214,0.7226277372262774,0.7352941176470589
4,4,52,0.5904630422592163,0.5782164335250854,0.7226277372262774,0.7352941176470589
4,4,53,0.590487539768219,0.5781283974647522,0.7226277372262774,0.7352941176470589
4,4,54,0.5905023813247681,0.5780959129333496,0.7226277372262774,0.7352941176470589
4,4,55,0.5905057787895203,0.5780897736549377,0.7226277372262774,0.7352941176470589
4,4,56,0.5904926061630249,0.5781161189079285,0.7226277372262774,0.7352941176470589
4,4,57,0.5904714465141296,0.578177273273468,0.7226277372262774,0.7352941176470589
4,4,58,0.5904600024223328,0.5782358646392822,0.7226277372262774,0.7352941176470589
4,4,59,0.5904545187950134,0.5783096551895142,0.7226277372262774,0.7352941176470589
4,4,60,0.5904558300971985,0.5783759951591492,0.7226277372262774,0.7352941176470589
4,4,61,0.5904642939567566,0.5784615874290466,0.7226277372262774,0.7352941176470589
4,4,62,0.5904838442802429,0.5785718560218811,0.7226277372262774,0.7352941176470589
4,4,63,0.5905078649520874,0.5786713361740112,0.7226277372262774,0.7352941176470589
4,4,64,0.5905339121818542,0.5787613987922668,0.7226277372262774,0.7352941176470589
4,4,65,0.5905889868736267,0.5789230465888977,0.7226277372262774,0.7352941176470589
4,4,66,0.5906341671943665,0.57904052734375,0.7226277372262774,0.7352941176470589
4,4,67,0.5906435251235962,0.5790632963180542,0.7226277372262774,0.7352941176470589
4,4,68,0.5906481146812439,0.5790746808052063,0.7226277372262774,0.7352941176470589
4,4,69,0.5906301140785217,0.5790302157402039,0.7226277372262774,0.7352941176470589
4,4,70,0.5906310677528381,0.5790325999259949,0.7226277372262774,0.7352941176470589
4,4,71,0.5906202793121338,0.5790055394172668,0.7226277372262774,0.7352941176470589
4,4,72,0.5906107425689697,0.5789809823036194,0.7226277372262774,0.7352941176470589
4,4,73,0.5906060934066772,0.5789689421653748,0.7226277372262774,0.7352941176470589
4,4,74,0.5905721187591553,0.5788764953613281,0.7226277372262774,0.7352941176470589
4,4,75,0.5905347466468811,0.5787640810012817,0.7226277372262774,0.7352941176470589
4,4,76,0.5904938578605652,0.5786166191101074,0.7226277372262774,0.7352941176470589
4,4,77,0.590469241142273,0.5784947872161865,0.7226277372262774,0.7352941176470589
4,4,78,0.5904567837715149,0.5783902406692505,0.7226277372262774,0.7352941176470589
4,4,79,0.5904552340507507,0.5782904028892517,0.7226277372262774,0.7352941176470589
4,4,80,0.5904606580734253,0.578231692314148,0.7226277372262774,0.7352941176470589
4,4,81,0.590465784072876,0.5782015919685364,0.7226277372262774,0.7352941176470589
4,4,82,0.5904706120491028,0.5781804323196411,0.7226277372262774,0.7352941176470589
4,4,83,0.5904659032821655,0.578201174736023,0.7226277372262774,0.7352941176470589
4,4,84,0.5904623866081238,0.5782202482223511,0.7226277372262774,0.7352941176470589
4,4,85,0.5904558897018433,0.5782780647277832,0.7226277372262774,0.7352941176470589
4,4,86,0.5904567837715149,0.57839035987854,0.7226277372262774,0.7352941176470589
4,4,87,0.5904765129089355,0.5785357356071472,0.7226277372262774,0.7352941176470589
4,4,88,0.5905086994171143,0.5786746740341187,0.7226277372262774,0.7352941176470589
4,4,89,0.5905563235282898,0.5788307785987854,0.7226277372262774,0.7352941176470589
4,4,90,0.5906309485435486,0.5790322422981262,0.7226277372262774,0.7352941176470589
4,4,91,0.5907177329063416,0.5792360901832581,0.7226277372262774,0.7352941176470589
4,4,92,0.5908070802688599,0.5794265866279602,0.7226277372262774,0.7352941176470589
4,4,93,0.5908572673797607,0.5795280337333679,0.7226277372262774,0.7352941176470589
4,4,94,0.5908922553062439,0.5795969367027283,0.7226277372262774,0.7352941176470589
4,4,95,0.5908901691436768,0.5795928835868835,0.7226277372262774,0.7352941176470589
4,4,96,0.590862512588501,0.5795384645462036,0.7226277372262774,0.7352941176470589
4,4,97,0.5908333659172058,0.5794802904129028,0.7226277372262774,0.7352941176470589
4,4,98,0.5907901525497437,0.579391598701477,0.7226277372262774,0.7352941176470589
4,4,99,0.5907326936721802,0.5792690515518188,0.7226277372262774,0.7352941176470589
4,4,100,0.5906634330749512,0.5791114568710327,0.7226277372262774,0.7352941176470589
4,5,1,3.3529820442199707,3.653426170349121,0.7299270072992701,0.7058823529411765
4,5,2,0.6731834411621094,0.6753710508346558,0.7299270072992701,0.7058823529411765
4,5,3,0.6740103363990784,0.676101803779602,0.7299270072992701,0.7058823529411765
4,5,4,0.6689375042915344,0.6716271638870239,0.7299270072992701,0.7058823529411765
4,5,5,0.6639013290405273,0.6671715974807739,0.7299270072992701,0.7058823529411765
4,5,6,0.657528281211853,0.6615843772888184,0.7299270072992701,0.7058823529411765
4,5,7,0.6473214030265808,0.6527197360992432,0.7299270072992701,0.7058823529411765
4,5,8,0.6328020095825195,0.6403297781944275,0.7299270072992701,0.7058823529411765
4,5,9,0.6165609955787659,0.6269254088401794,0.7299270072992701,0.7058823529411765
4,5,10,0.6012661457061768,0.6151098608970642,0.7299270072992701,0.7058823529411765
4,5,11,0.589447557926178,0.6074047088623047,0.7299270072992701,0.7058823529411765
4,5,12,0.5836358666419983,0.6061819791793823,0.7299270072992701,0.7058823529411765
4,5,13,0.584740400314331,0.6120553016662598,0.7299270072992701,0.7058823529411765
4,5,14,0.5900336503982544,0.6212651133537292,0.7299270072992701,0.7058823529411765
4,5,15,0.5932080149650574,0.6263168454170227,0.7299270072992701,0.7058823529411765
4,5,16,0.5918247103691101,0.6247775554656982,0.7299270072992701,0.7058823529411765
4,5,17,0.5884534120559692,0.6202834248542786,0.7299270072992701,0.7058823529411765
4,5,18,0.58453369140625,0.6144548058509827,0.7299270072992701,0.7058823529411765
4,5,19,0.5818066596984863,0.609570324420929,0.7299270072992701,0.7058823529411765
4,5,20,0.5809866786003113,0.6065192818641663,0.7299270072992701,0.7058823529411765
4,5,21,0.5824507474899292,0.6059393286705017,0.7299270072992701,0.7058823529411765
4,5,22,0.5830802917480469,0.605448305606842,0.7299270072992701,0.7058823529411765
4,5,23,0.5838189125061035,0.6053381562232971,0.7299270072992701,0.7058823529411765
4,5,24,0.5845069289207458,0.6054055094718933,0.7299270072992701,0.7058823529411765
4,5,25,0.5849962830543518,0.6054659485816956,0.7299270072992701,0.7058823529411765
4,5,26,0.5852491855621338,0.6055113077163696,0.7299270072992701,0.7058823529411765
4,5,27,0.5852124691009521,0.605532705783844,0.7299270072992701,0.7058823529411765
4,5,28,0.5847485065460205,0.6054106950759888,0.7299270072992701,0.7058823529411765
4,5,29,0.5839806795120239,0.6052425503730774,0.7299270072992701,0.7058823529411765
4,5,30,0.583215057849884,0.6052183508872986,0.7299270072992701,0.7058823529411765
4,5,31,0.582568883895874,0.6054035425186157,0.7299270072992701,0.7058823529411765
4,5,32,0.5820662975311279,0.6057262420654297,0.7299270072992701,0.7058823529411765
4,5,33,0.5817229747772217,0.606140673160553,0.7299270072992701,0.7058823529411765
4,5,34,0.5814859867095947,0.6067067980766296,0.7299270072992701,0.7058823529411765
4,5,35,0.5813422799110413,0.6072516441345215,0.7299270072992701,0.7058823529411765
4,5,36,0.5812530517578125,0.6077837347984314,0.7299270072992701,0.7058823529411765
4,5,37,0.5811232924461365,0.6080718636512756,0.7299270072992701,0.7058823529411765
4,5,38,0.5809499025344849,0.60831618309021,0.7299270072992701,0.7058823529411765
4,5,39,0.5806761980056763,0.6082703471183777,0.7299270072992701,0.7058823529411765
4,5,40,0.5803142189979553,0.6080079674720764,0.7299270072992701,0.7058823529411765
4,5,41,0.5798208117485046,0.607326865196228,0.7299270072992701,0.7058823529411765
4,5,42,0.5793222188949585,0.6064346432685852,0.7299270072992701,0.7058823529411765
4,5,43,0.5788717269897461,0.6055283546447754,0.7299270072992701,0.7058823529411765
4,5,44,0.5784571170806885,0.6047049164772034,0.7299270072992701,0.7058823529411765
4,5,45,0.5780822038650513,0.6039860248565674,0.7299270072992701,0.7058823529411765
4,5,46,0.5777571201324463,0.6033219695091248,0.7299270072992701,0.7058823529411765
4,5,47,0.577239990234375,0.6028162240982056,0.7299270072992701,0.7058823529411765
4,5,48,0.5764436721801758,0.6023960113525391,0.7299270072992701,0.7058823529411765
4,5,49,0.575394868850708,0.6020722985267639,0.7299270072992701,0.7058823529411765
4,5,50,0.5742080807685852,0.6019207239151001,0.7299270072992701,0.7058823529411765
4,5,51,0.5730830430984497,0.6019248962402344,0.7299270072992701,0.7058823529411765
4,5,52,0.5717533826828003,0.6016623973846436,0.7299270072992701,0.7058823529411765
4,5,53,0.5702645182609558,0.6008631587028503,0.7299270072992701,0.7058823529411765
4,5,54,0.5687691569328308,0.5999897718429565,0.7299270072992701,0.7058823529411765
4,5,55,0.5672076940536499,0.5986958742141724,0.7299270072992701,0.7058823529411765
4,5,56,0.5654932856559753,0.5974060297012329,0.7299270072992701,0.7058823529411765
4,5,57,0.563748300075531,0.5958229899406433,0.7299270072992701,0.7058823529411765
4,5,58,0.5624643564224243,0.5938748717308044,0.7299270072992701,0.7058823529411765
4,5,59,0.560787558555603,0.5917653441429138,0.7299270072992701,0.7058823529411765
4,5,60,0.5581743121147156,0.5896674990653992,0.7299270072992701,0.7058823529411765
4,5,61,0.5542544722557068,0.5876535177230835,0.7299270072992701,0.7058823529411765
4,5,62,0.5485337972640991,0.5869659781455994,0.7299270072992701,0.7058823529411765
4,5,63,0.5436305999755859,0.5866332054138184,0.7299270072992701,0.7058823529411765
4,5,64,0.5392258167266846,0.5857971906661987,0.7299270072992701,0.7058823529411765
4,5,65,0.5332315564155579,0.5812603235244751,0.7299270072992701,0.7058823529411765
4,5,66,0.5274191498756409,0.5736034512519836,0.7299270072992701,0.7058823529411765
4,5,67,0.5267821550369263,0.5661754012107849,0.7299270072992701,0.7058823529411765
4,5,68,0.5194950103759766,0.5613165497779846,0.7299270072992701,0.7058823529411765
4,5,69,0.5043079853057861,0.5581231713294983,0.7299270072992701,0.7058823529411765
4,5,70,0.4942929446697235,0.55745530128479,0.7299270072992701,0.7058823529411765
4,5,71,0.4857003390789032,0.5550888180732727,0.7299270072992701,0.7058823529411765
4,5,72,0.4710722267627716,0.5419853329658508,0.7299270072992701,0.7058823529411765
4,5,73,0.4647786319255829,0.5338006615638733,0.7299270072992701,0.7058823529411765
4,5,74,0.4648730158805847,0.5314611792564392,0.7299270072992701,0.7058823529411765
4,5,75,0.44238340854644775,0.5201403498649597,0.8175182481751825,0.6764705882352942
4,5,76,0.42289918661117554,0.5112623572349548,0.7883211678832117,0.6764705882352942
4,5,77,0.4101225435733795,0.5046528577804565,0.8029197080291971,0.6764705882352942
4,5,78,0.4060072898864746,0.49645256996154785,0.8467153284671532,0.7352941176470589
4,5,79,0.41016000509262085,0.5004281401634216,0.8759124087591241,0.8235294117647058
4,5,80,0.38309746980667114,0.48104941844940186,0.8832116788321168,0.7941176470588235
4,5,81,0.36647889018058777,0.4741986095905304,0.8467153284671532,0.7352941176470589
4,5,82,0.3589140772819519,0.4680229425430298,0.8540145985401459,0.7352941176470589
4,5,83,0.3624761998653412,0.4673217236995697,0.8978102189781022,0.8235294117647058
4,5,84,0.37110573053359985,0.4779985249042511,0.9197080291970803,0.7941176470588235
4,5,85,0.35626864433288574,0.46275416016578674,0.9051094890510949,0.7941176470588235
4,5,86,0.34355130791664124,0.44974878430366516,0.8759124087591241,0.8235294117647058
4,5,87,0.33800262212753296,0.4451710283756256,0.8832116788321168,0.7941176470588235
4,5,88,0.3327825367450714,0.4421626925468445,0.8905109489051095,0.8235294117647058
4,5,89,0.34118521213531494,0.45878562331199646,0.9343065693430657,0.7941176470588235
4,5,90,0.343563050031662,0.46647852659225464,0.927007299270073,0.7647058823529411
4,5,91,0.31290826201438904,0.43744030594825745,0.927007299270073,0.7941176470588235
4,5,92,0.3011346757411957,0.4269713759422302,0.9124087591240876,0.7941176470588235
4,5,93,0.29109492897987366,0.423079252243042,0.9197080291970803,0.7941176470588235
4,5,94,0.2844253182411194,0.4306061565876007,0.9416058394160584,0.7941176470588235
4,5,95,0.29349687695503235,0.4540916681289673,0.9343065693430657,0.7352941176470589
4,5,96,0.27796801924705505,0.44191455841064453,0.9416058394160584,0.7647058823529411
4,5,97,0.2602052390575409,0.4151153564453125,0.9197080291970803,0.7941176470588235
4,5,98,0.2534690499305725,0.4171360433101654,0.9343065693430657,0.8235294117647058
4,5,99,0.26309674978256226,0.4477977156639099,0.948905109489051,0.7058823529411765
4,5,100,0.2636811137199402,0.45829635858535767,0.9635036496350365,0.7352941176470589
5,1,1,3.506993532180786,3.6849474906921387,0.7279411764705882,0.7142857142857143
5,1,2,0.7039695382118225,0.7032310962677002,0.27205882352941174,0.2857142857142857
5,1,3,0.6822776794433594,0.6828547716140747,0.7279411764705882,0.7142857142857143
5,1,4,0.6691802740097046,0.6707103252410889,0.7279411764705882,0.7142857142857143
5,1,5,0.6644498705863953,0.6662920713424683,0.7279411764705882,0.7142857142857143
5,1,6,0.6612886190414429,0.6633337140083313,0.7279411764705882,0.7142857142857143
5,1,7,0.6527063846588135,0.6553738117218018,0.7279411764705882,0.7142857142857143
5,1,8,0.6381598711013794,0.6420035362243652,0.7279411764705882,0.7142857142857143
5,1,9,0.6214941143989563,0.626909077167511,0.7279411764705882,0.7142857142857143
5,1,10,0.6043862700462341,0.6118929386138916,0.7279411764705882,0.7142857142857143
5,1,11,0.5913650989532471,0.6013798117637634,0.7279411764705882,0.7142857142857143
5,1,12,0.5856428742408752,0.598580539226532,0.7279411764705882,0.7142857142857143
5,1,13,0.5872113704681396,0.6026931405067444,0.7279411764705882,0.7142857142857143
5,1,14,0.5913907289505005,0.6089752316474915,0.7279411764705882,0.7142857142857143
5,1,15,0.5932238101959229,0.6119666695594788,0.7279411764705882,0.7142857142857143
5,1,16,0.5902001857757568,0.6087499260902405,0.7279411764705882,0.7142857142857143
5,1,17,0.587121844291687,0.6039482951164246,0.7279411764705882,0.7142857142857143
5,1,18,0.5847446918487549,0.6002381443977356,0.7279411764705882,0.7142857142857143
5,1,19,0.5840797424316406,0.5982288122177124,0.7279411764705882,0.7142857142857143
5,1,20,0.5848580002784729,0.5978831648826599,0.7279411764705882,0.7142857142857143
5,1,21,0.5862029790878296,0.5983632802963257,0.7279411764705882,0.7142857142857143
5,1,22,0.5870576500892639,0.598796546459198,0.7279411764705882,0.7142857142857143
5,1,23,0.5871515274047852,0.5988432168960571,0.7279411764705882,0.7142857142857143
5,1,24,0.5868527889251709,0.5986576080322266,0.7279411764705882,0.7142857142857143
5,1,25,0.5862187147140503,0.5983037352561951,0.7279411764705882,0.7142857142857143
5,1,26,0.585466742515564,0.5979978442192078,0.7279411764705882,0.7142857142857143
5,1,27,0.5846872925758362,0.5977514982223511,0.7279411764705882,0.7142857142857143
5,1,28,0.5841695070266724,0.5975826978683472,0.7279411764705882,0.7142857142857143
5,1,29,0.5840092897415161,0.5975133776664734,0.7279411764705882,0.7142857142857143
5,1,30,0.5838266015052795,0.5974894165992737,0.7279411764705882,0.7142857142857143
5,1,31,0.5834574699401855,0.5974663496017456,0.7279411764705882,0.7142857142857143
5,1,32,0.5828333497047424,0.5974854826927185,0.7279411764705882,0.7142857142857143
5,1,33,0.5821642279624939,0.5975252389907837,0.7279411764705882,0.7142857142857143
5,1,34,0.5817265510559082,0.5976311564445496,0.7279411764705882,0.7142857142857143
5,1,35,0.5812594294548035,0.5975804924964905,0.7279411764705882,0.7142857142857143
5,1,36,0.5807441473007202,0.5974698662757874,0.7279411764705882,0.7142857142857143
5,1,37,0.5802137851715088,0.5973889231681824,0.7279411764705882,0.7142857142857143
5,1,38,0.5796113610267639,0.5971280932426453,0.7279411764705882,0.7142857142857143
5,1,39,0.5789374113082886,0.5967682003974915,0.7279411764705882,0.7142857142857143
5,1,40,0.5781579613685608,0.5963389873504639,0.7279411764705882,0.7142857142857143
5,1,41,0.5772679448127747,0.5958284735679626,0.7279411764705882,0.7142857142857143
5,1,42,0.57646244764328,0.5951789021492004,0.7279411764705882,0.7142857142857143
5,1,43,0.5750632882118225,0.594697117805481,0.7279411764705882,0.7142857142857143
5,1,44,0.5734227299690247,0.5942124724388123,0.7279411764705882,0.7142857142857143
5,1,45,0.5715731382369995,0.5936331748962402,0.7279411764705882,0.7142857142857143
5,1,46,0.5695300698280334,0.5929233431816101,0.7279411764705882,0.7142857142857143
5,1,47,0.5670315623283386,0.5922149419784546,0.7279411764705882,0.7142857142857143
5,1,48,0.5642881989479065,0.5909647345542908,0.7279411764705882,0.7142857142857143
5,1,49,0.5610558986663818,0.5895867347717285,0.7279411764705882,0.7142857142857143
5,1,50,0.557337760925293,0.5883406400680542,0.7279411764705882,0.7142857142857143
5,1,51,0.5526722073554993,0.586659848690033,0.7279411764705882,0.7142857142857143
5,1,52,0.54716956615448,0.5845921039581299,0.7279411764705882,0.7142857142857143
5,1,53,0.5411083102226257,0.5820747017860413,0.7279411764705882,0.7142857142857143
5,1,54,0.5334267020225525,0.5799155235290527,0.7279411764705882,0.7142857142857143
5,1,55,0.5247007012367249,0.5764832496643066,0.7279411764705882,0.7142857142857143
5,1,56,0.5159903168678284,0.5729367733001709,0.7279411764705882,0.7142857142857143
5,1,57,0.507075309753418,0.5696917772293091,0.7279411764705882,0.7142857142857143
5,1,58,0.48931223154067993,0.5687424540519714,0.7279411764705882,0.7142857142857143
5,1,59,0.47653916478157043,0.5609680414199829,0.7279411764705882,0.7142857142857143
5,1,60,0.46360039710998535,0.5568880438804626,0.7279411764705882,0.7142857142857143
5,1,61,0.44550833106040955,0.5521383285522461,0.7279411764705882,0.7142857142857143
5,1,62,0.4266791045665741,0.5520855188369751,0.8235294117647058,0.7142857142857143
5,1,63,0.40988171100616455,0.5540869832038879,0.8308823529411765,0.7142857142857143
5,1,64,0.3952350616455078,0.5586917400360107,0.8382352941176471,0.7428571428571429
5,1,65,0.3758172392845154,0.5426957011222839,0.8897058823529411,0.7428571428571429
5,1,66,0.3726527988910675,0.5332813262939453,0.9117647058823529,0.6857142857142857
5,1,67,0.35082536935806274,0.5430620908737183,0.8970588235294118,0.6857142857142857
5,1,68,0.3296997845172882,0.543760359287262,0.8970588235294118,0.7142857142857143
5,1,69,0.321277916431427,0.5507683157920837,0.9044117647058824,0.7142857142857143
5,1,70,0.3262524902820587,0.5938045978546143,0.8897058823529411,0.7428571428571429
5,1,71,0.3213905990123749,0.6250314116477966,0.8897058823529411,0.7428571428571429
5,1,72,0.2953965961933136,0.5957300662994385,0.8970588235294118,0.7142857142857143
5,1,73,0.2855856716632843,0.5613313913345337,0.9117647058823529,0.7142857142857143
5,1,74,0.299685537815094,0.5489462614059448,0.9264705882352942,0.7142857142857143
5,1,75,0.2748987078666687,0.5760075449943542,0.9191176470588235,0.7142857142857143
5,1,76,0.28740590810775757,0.6459779143333435,0.8970588235294118,0.7142857142857143
5,1,77,0.3032415807247162,0.6815366744995117,0.8970588235294118,0.7428571428571429
5,1,78,0.28438663482666016,0.6298123002052307,0.9044117647058824,0.6857142857142857
5,1,79,0.2729699909687042,0.5696848034858704,0.9117647058823529,0.7142857142857143
5,1,80,0.27436503767967224,0.5688233971595764,0.9338235294117647,0.7142857142857143
5,1,81,0.26124510169029236,0.5977165102958679,0.9264705882352942,0.7142857142857143
5,1,82,0.2635563015937805,0.6245768070220947,0.9191176470588235,0.7142857142857143
5,1,83,0.2640675902366638,0.6334159970283508,0.9191176470588235,0.7142857142857143
5,1,84,0.2556925415992737,0.6263991594314575,0.9191176470588235,0.7142857142857143
5,1,85,0.2521875500679016,0.607254683971405,0.9338235294117647,0.7142857142857143
5,1,86,0.2591114640235901,0.5789331793785095,0.9338235294117647,0.7142857142857143
5,1,87,0.24536581337451935,0.6040752530097961,0.9558823529411765,0.7142857142857143
5,1,88,0.2384549081325531,0.6466630101203918,0.9264705882352942,0.7428571428571429
5,1,89,0.2313162386417389,0.6557166576385498,0.9338235294117647,0.7428571428571429
5,1,90,0.22004157304763794,0.6338460445404053,0.9411764705882353,0.7142857142857143
5,1,91,0.21340592205524445,0.6201793551445007,0.9558823529411765,0.7142857142857143
5,1,92,0.206014022231102,0.6207719445228577,0.9558823529411765,0.7142857142857143
5,1,93,0.19830910861492157,0.6218411922454834,0.9485294117647058,0.7142857142857143
5,1,94,0.1879078894853592,0.6480689644813538,0.9558823529411765,0.7142857142857143
5,1,95,0.17915357649326324,0.6634339690208435,0.9558823529411765,0.7142857142857143
5,1,96,0.1723465919494629,0.6733738780021667,0.9558823529411765,0.7142857142857143
5,1,97,0.16895917057991028,0.6913390755653381,0.9558823529411765,0.7428571428571429
5,1,98,0.16819268465042114,0.7002208828926086,0.9558823529411765,0.7428571428571429
5,1,99,0.1632927507162094,0.7112034559249878,0.9558823529411765,0.7428571428571429
5,1,100,0.15921874344348907,0.7204142212867737,0.9558823529411765,0.7428571428571429
5,2,1,3.1053013801574707,2.965165615081787,0.7226277372262774,0.7352941176470589
5,2,2,0.7959985136985779,0.8010067939758301,0.2773722627737226,0.2647058823529412
5,2,3,0.7021602988243103,0.7027116417884827,0.2773722627737226,0.2647058823529412
5,2,4,0.6798141598701477,0.6790319085121155,0.7226277372262774,0.7352941176470589
5,2,5,0.6666153073310852,0.6648809909820557,0.7226277372262774,0.7352941176470589
5,2,6,0.6534842252731323,0.6507077813148499,0.7226277372262774,0.7352941176470589
5,2,7,0.6371423006057739,0.6329277157783508,0.7226277372262774,0.7352941176470589
5,2,8,0.617656946182251,0.6113404035568237,0.7226277372262774,0.7352941176470589
5,2,9,0.5990567207336426,0.5897528529167175,0.7226277372262774,0.7352941176470589
5,2,10,0.5914968252182007,0.5784026980400085,0.7226277372262774,0.7352941176470589
5,2,11,0.6028848886489868,0.5857502222061157,0.7226277372262774,0.7352941176470589
5,2,12,0.6119463443756104,0.5935774445533752,0.7226277372262774,0.7352941176470589
5,2,13,0.6047030091285706,0.5878300666809082,0.7226277372262774,0.7352941176470589
5,2,14,0.5942608118057251,0.5798490643501282,0.7226277372262774,0.7352941176470589
5,2,15,0.5890650749206543,0.577013373374939,0.7226277372262774,0.7352941176470589
5,2,16,0.5899335145950317,0.5791059136390686,0.7226277372262774,0.7352941176470589
5,2,17,0.5912903547286987,0.5814806222915649,0.7226277372262774,0.7352941176470589
5,2,18,0.592700719833374,0.5835797190666199,0.7226277372262774,0.7352941176470589
5,2,19,0.593065083026886,0.5842456221580505,0.7226277372262774,0.7352941176470589
5,2,20,0.5922200083732605,0.5833700895309448,0.7226277372262774,0.7352941176470589
5,2,21,0.590359628200531,0.581172525882721,0.7226277372262774,0.7352941176470589
5,2,22,0.5885521173477173,0.5789175629615784,0.7226277372262774,0.7352941176470589
5,2,23,0.587232768535614,0.5770614743232727,0.7226277372262774,0.7352941176470589
5,2,24,0.5867609977722168,0.5761620998382568,0.7226277372262774,0.7352941176470589
5,2,25,0.5866055488586426,0.5758923888206482,0.7226277372262774,0.7352941176470589
5,2,26,0.586193323135376,0.5756956934928894,0.7226277372262774,0.7352941176470589
5,2,27,0.5853339433670044,0.5753207802772522,0.7226277372262774,0.7352941176470589
5,2,28,0.5838402509689331,0.5746007561683655,0.7226277372262774,0.7352941176470589
5,2,29,0.5819641947746277,0.5738180875778198,0.7226277372262774,0.7352941176470589
5,2,30,0.5807608366012573,0.5735281109809875,0.7226277372262774,0.7352941176470589
5,2,31,0.5807684659957886,0.5743793845176697,0.7226277372262774,0.7352941176470589
5,2,32,0.5807123184204102,0.5750336647033691,0.7226277372262774,0.7352941176470589
5,2,33,0.578425943851471,0.574018120765686,0.7226277372262774,0.7352941176470589
5,2,34,0.5740708112716675,0.5709485411643982,0.7226277372262774,0.7352941176470589
5,2,35,0.5703026056289673,0.5685548186302185,0.7226277372262774,0.7352941176470589
5,2,36,0.5684942603111267,0.5674967169761658,0.7226277372262774,0.7352941176470589
5,2,37,0.566875159740448,0.5669927000999451,0.7226277372262774,0.7352941176470589
5,2,38,0.5643278360366821,0.5662557482719421,0.7226277372262774,0.7352941176470589
5,2,39,0.5583772659301758,0.5628892183303833,0.7226277372262774,0.7352941176470589
5,2,40,0.552241325378418,0.5599591732025146,0.7226277372262774,0.7352941176470589
5,2,41,0.552620530128479,0.5623735785484314,0.7226277372262774,0.7352941176470589
5,2,42,0.5526522994041443,0.5644907355308533,0.7226277372262774,0.7352941176470589
5,2,43,0.5461037158966064,0.5604975819587708,0.7226277372262774,0.7352941176470589
5,2,44,0.5330954194068909,0.5508978366851807,0.7226277372262774,0.7352941176470589
5,2,45,0.5250741243362427,0.5464348793029785,0.7226277372262774,0.7352941176470589
5,2,46,0.5201922655105591,0.5451085567474365,0.7226277372262774,0.7352941176470589
5,2,47,0.5101727247238159,0.5389261841773987,0.7226277372262774,0.7352941176470589
5,2,48,0.5079272985458374,0.5374823212623596,0.7226277372262774,0.7352941176470589
5,2,49,0.5003931522369385,0.534030556678772,0.7226277372262774,0.7352941176470589
5,2,50,0.48559069633483887,0.526331901550293,0.7226277372262774,0.7352941176470589
5,2,51,0.47376906871795654,0.5207827091217041,0.7226277372262774,0.7352941176470589
5,2,52,0.4625740349292755,0.5158822536468506,0.7226277372262774,0.7352941176470589
5,2,53,0.45072364807128906,0.5105229616165161,0.7226277372262774,0.7352941176470589
5,2,54,0.4468148648738861,0.5090212225914001,0.7226277372262774,0.7352941176470589
5,2,55,0.4357340931892395,0.5045470595359802,0.7226277372262774,0.7352941176470589
5,2,56,0.4143923223018646,0.49501723051071167,0.8248175182481752,0.7647058823529411
5,2,57,0.40335777401924133,0.49057966470718384,0.8540145985401459,0.7647058823529411
5,2,58,0.39688071608543396,0.48815611004829407,0.8832116788321168,0.7647058823529411
5,2,59,0.38072681427001953,0.4825820326805115,0.8759124087591241,0.7647058823529411
5,2,60,0.3749481439590454,0.47956207394599915,0.9051094890510949,0.7647058823529411
5,2,61,0.365309476852417,0.47709718346595764,0.9051094890510949,0.7647058823529411
5,2,62,0.3682628571987152,0.476430207490921,0.9124087591240876,0.7647058823529411
5,2,63,0.3502952456474304,0.47507789731025696,0.9051094890510949,0.7647058823529411
5,2,64,0.34086886048316956,0.4809236526489258,0.8832116788321168,0.7647058823529411
5,2,65,0.3350580036640167,0.4704696834087372,0.9124087591240876,0.7647058823529411
5,2,66,0.3439178466796875,0.47466030716896057,0.9197080291970803,0.7647058823529411
5,2,67,0.31254687905311584,0.4752044677734375,0.9124087591240876,0.7647058823529411
5,2,68,0.3230611979961395,0.5361095666885376,0.8540145985401459,0.7058823529411765
5,2,69,0.2897145748138428,0.46695128083229065,0.927007299270073,0.7352941176470589
5,2,70,0.34727153182029724,0.5064268708229065,0.8978102189781022,0.7352941176470589
5,2,71,0.2830834686756134,0.47184911370277405,0.9343065693430657,0.7647058823529411
5,2,72,0.26409807801246643,0.49858391284942627,0.9124087591240876,0.7352941176470589
5,2,73,0.2734934091567993,0.530805766582489,0.9051094890510949,0.7352941176470589
5,2,74,0.25488364696502686,0.47360801696777344,0.927007299270073,0.7352941176470589
5,2,75,0.3079233169555664,0.4921855926513672,0.927007299270073,0.7352941176470589
5,2,76,0.2835261821746826,0.47784602642059326,0.9708029197080292,0.7352941176470589
5,2,77,0.26164501905441284,0.48503240942955017,0.927007299270073,0.7647058823529411
5,2,78,0.278314471244812,0.5325416922569275,0.9051094890510949,0.7352941176470589
5,2,79,0.27401331067085266,0.5203776955604553,0.9124087591240876,0.7352941176470589
5,2,80,0.270124226808548,0.48320797085762024,0.9343065693430657,0.7352941176470589
5,2,81,0.30359965562820435,0.4737820327281952,0.9635036496350365,0.7352941176470589
5,2,82,0.2933379113674164,0.4738694429397583,0.9708029197080292,0.7352941176470589
5,2,83,0.25816160440444946,0.5006706714630127,0.9416058394160584,0.7058823529411765
5,2,84,0.24497082829475403,0.5349705815315247,0.927007299270073,0.7352941176470589
5,2,85,0.22679820656776428,0.5159417390823364,0.948905109489051,0.7058823529411765
5,2,86,0.21779242157936096,0.5058278441429138,0.9635036496350365,0.7058823529411765
5,2,87,0.21458694338798523,0.5024891495704651,0.9781021897810219,0.7352941176470589
5,2,88,0.20763647556304932,0.5137962698936462,0.9781021897810219,0.7058823529411765
5,2,89,0.2051076889038086,0.5309886932373047,0.9635036496350365,0.7058823529411765
5,2,90,0.20610687136650085,0.5483193397521973,0.9562043795620438,0.7058823529411765
5,2,91,0.20441623032093048,0.556326150894165,0.9562043795620438,0.7058823529411765
5,2,92,0.2017894685268402,0.5430947542190552,0.9708029197080292,0.7058823529411765
5,2,93,0.19727206230163574,0.5458411574363708,0.9781021897810219,0.7058823529411765
5,2,94,0.1896679401397705,0.5709124803543091,0.9635036496350365,0.7058823529411765
5,2,95,0.19111059606075287,0.6067484021186829,0.948905109489051,0.7058823529411765
5,2,96,0.1850956529378891,0.5914844274520874,0.9635036496350365,0.7058823529411765
5,2,97,0.19687572121620178,0.5400393605232239,0.9781021897810219,0.7058823529411765
5,2,98,0.19520153105258942,0.5397408604621887,0.9854014598540146,0.7058823529411765
5,2,99,0.1699417680501938,0.5974891185760498,0.9781021897810219,0.7058823529411765
5,2,100,0.16570232808589935,0.659123957157135,0.948905109489051,0.7058823529411765
5,3,1,3.230865716934204,3.0839076042175293,0.7226277372262774,0.7352941176470589
5,3,2,0.6707562208175659,0.6693716645240784,0.7226277372262774,0.7352941176470589
5,3,3,0.6844726800918579,0.6839801669120789,0.7226277372262774,0.7352941176470589
5,3,4,0.6717352271080017,0.6704345345497131,0.7226277372262774,0.7352941176470589
5,3,5,0.6567283868789673,0.6543402671813965,0.7226277372262774,0.7352941176470589
5,3,6,0.639274537563324,0.6354535222053528,0.7226277372262774,0.7352941176470589
5,3,7,0.6185426712036133,0.6126320958137512,0.7226277372262774,0.7352941176470589
5,3,8,0.5986742377281189,0.589712917804718,0.7226277372262774,0.7352941176470589
5,3,9,0.5913234949111938,0.5782464742660522,0.7226277372262774,0.7352941176470589
5,3,10,0.6011328101158142,0.5848069787025452,0.7226277372262774,0.7352941176470589
5,3,11,0.6049150824546814,0.5880584716796875,0.7226277372262774,0.7352941176470589
5,3,12,0.5979129672050476,0.5825973153114319,0.7226277372262774,0.7352941176470589
5,3,13,0.5912048816680908,0.5780378580093384,0.7226277372262774,0.7352941176470589
5,3,14,0.589260458946228,0.5780186653137207,0.7226277372262774,0.7352941176470589
5,3,15,0.5907132625579834,0.5809115767478943,0.7226277372262774,0.7352941176470589
5,3,16,0.5927428007125854,0.5837574601173401,0.7226277372262774,0.7352941176470589
5,3,17,0.593842625617981,0.585229218006134,0.7226277372262774,0.7352941176470589
5,3,18,0.5929970741271973,0.5843179225921631,0.7226277372262774,0.7352941176470589
5,3,19,0.5913382768630981,0.5824021697044373,0.7226277372262774,0.7352941176470589
5,3,20,0.5894224047660828,0.5800824761390686,0.7226277372262774,0.7352941176470589
5,3,21,0.5876940488815308,0.5778936743736267,0.7226277372262774,0.7352941176470589
5,3,22,0.5867900848388672,0.5765146613121033,0.7226277372262774,0.7352941176470589
5,3,23,0.5868054628372192,0.576059103012085,0.7226277372262774,0.7352941176470589
5,3,24,0.5865861177444458,0.5759290456771851,0.7226277372262774,0.7352941176470589
5,3,25,0.5858545899391174,0.575658917427063,0.7226277372262774,0.7352941176470589
5,3,26,0.5844857096672058,0.5750271677970886,0.7226277372262774,0.7352941176470589
5,3,27,0.5829640030860901,0.5743737816810608,0.7226277372262774,0.7352941176470589
5,3,28,0.5812427401542664,0.5737795233726501,0.7226277372262774,0.7352941176470589
5,3,29,0.5806037187576294,0.5739847421646118,0.7226277372262774,0.7352941176470589
5,3,30,0.579928994178772,0.5742052793502808,0.7226277372262774,0.7352941176470589
5,3,31,0.5779840350151062,0.573714554309845,0.7226277372262774,0.7352941176470589
5,3,32,0.5748216509819031,0.5722993612289429,0.7226277372262774,0.7352941176470589
5,3,33,0.5719709992408752,0.5707190036773682,0.7226277372262774,0.7352941176470589
5,3,34,0.5689276456832886,0.5688464045524597,0.7226277372262774,0.7352941176470589
5,3,35,0.56568843126297,0.5668164491653442,0.7226277372262774,0.7352941176470589
5,3,36,0.5622825622558594,0.5650390386581421,0.7226277372262774,0.7352941176470589
5,3,37,0.5582348704338074,0.5631142258644104,0.7226277372262774,0.7352941176470589
5,3,38,0.5528263449668884,0.5608901381492615,0.7226277372262774,0.7352941176470589
5,3,39,0.5474997758865356,0.559163510799408,0.7226277372262774,0.7352941176470589
5,3,40,0.5412474870681763,0.5574315786361694,0.7226277372262774,0.7352941176470589
5,3,41,0.5366014838218689,0.5551853179931641,0.7226277372262774,0.7352941176470589
5,3,42,0.5269145369529724,0.5493674874305725,0.7226277372262774,0.7352941176470589
5,3,43,0.5185635089874268,0.5440075993537903,0.7226277372262774,0.7352941176470589
5,3,44,0.5060514807701111,0.538850724697113,0.7226277372262774,0.7352941176470589
5,3,45,0.5023589730262756,0.5418859124183655,0.7226277372262774,0.7352941176470589
5,3,46,0.49124690890312195,0.5381748080253601,0.7226277372262774,0.7352941176470589
5,3,47,0.46989819407463074,0.5219771265983582,0.7226277372262774,0.7352941176470589
5,3,48,0.4626874625682831,0.5162326693534851,0.7226277372262774,0.7352941176470589
5,3,49,0.4421429932117462,0.5072586536407471,0.7372262773722628,0.7352941176470589
5,3,50,0.4309726357460022,0.5156132578849792,0.8540145985401459,0.7647058823529411
5,3,51,0.43630361557006836,0.5399227738380432,0.8978102189781022,0.8235294117647058
5,3,52,0.39788177609443665,0.5002024173736572,0.8613138686131386,0.7647058823529411
5,3,53,0.3873605728149414,0.4788190722465515,0.8321167883211679,0.7352941176470589
5,3,54,0.37133756279945374,0.47115594148635864,0.8467153284671532,0.7352941176470589
5,3,55,0.35153791308403015,0.4767802655696869,0.8759124087591241,0.7941176470588235
5,3,56,0.35017040371894836,0.5048303008079529,0.8832116788321168,0.7941176470588235
5,3,57,0.32726794481277466,0.4640424847602844,0.8978102189781022,0.8235294117647058
5,3,58,0.3305360972881317,0.4471462368965149,0.8613138686131386,0.7941176470588235
5,3,59,0.3059280216693878,0.4587577283382416,0.9051094890510949,0.8235294117647058
5,3,60,0.31287211179733276,0.5136961340904236,0.8613138686131386,0.7647058823529411
5,3,61,0.28978627920150757,0.45524513721466064,0.9051094890510949,0.7941176470588235
5,3,62,0.2973030209541321,0.43154993653297424,0.8832116788321168,0.7941176470588235
5,3,63,0.2774062752723694,0.44174298644065857,0.9051094890510949,0.8235294117647058
5,3,64,0.2882418632507324,0.5262032747268677,0.8686131386861314,0.7941176470588235
5,3,65,0.26871517300605774,0.47450122237205505,0.8978102189781022,0.7941176470588235
5,3,66,0.2817786633968353,0.43196946382522583,0.8832116788321168,0.8529411764705882
5,3,67,0.2699386477470398,0.4276077449321747,0.8978102189781022,0.8235294117647058
5,3,68,0.2513314485549927,0.5018707513809204,0.8832116788321168,0.7941176470588235
5,3,69,0.2680961489677429,0.5728187561035156,0.8978102189781022,0.6764705882352942
5,3,70,0.23290100693702698,0.4827438294887543,0.9197080291970803,0.7941176470588235
5,3,71,0.24164068698883057,0.43224766850471497,0.9124087591240876,0.8235294117647058
5,3,72,0.22556334733963013,0.45673027634620667,0.927007299270073,0.8235294117647058
5,3,73,0.22918623685836792,0.535719096660614,0.9124087591240876,0.7352941176470589
5,3,74,0.2157590538263321,0.5006465911865234,0.9197080291970803,0.7352941176470589
5,3,75,0.2119589000940323,0.4583713412284851,0.927007299270073,0.8235294117647058
5,3,76,0.21403230726718903,0.4506315290927887,0.927007299270073,0.7941176470588235
5,3,77,0.1932063102722168,0.48654434084892273,0.9343065693430657,0.7647058823529411
5,3,78,0.18942099809646606,0.5288208723068237,0.9562043795620438,0.7352941176470589
5,3,79,0.18253345787525177,0.47474271059036255,0.9343065693430657,0.8235294117647058
5,3,80,0.17613966763019562,0.4723651111125946,0.9343065693430657,0.8235294117647058
5,3,81,0.16297772526741028,0.5309039950370789,0.9562043795620438,0.7352941176470589
5,3,82,0.16224554181098938,0.5723550915718079,0.9635036496350365,0.7352941176470589
5,3,83,0.1484457105398178,0.5238381028175354,0.9635036496350365,0.7647058823529411
5,3,84,0.15380945801734924,0.48528873920440674,0.9416058394160584,0.7647058823529411
5,3,85,0.1438618302345276,0.4981699585914612,0.9635036496350365,0.7647058823529411
5,3,86,0.13367442786693573,0.594876229763031,0.9635036496350365,0.7352941176470589
5,3,87,0.1229260265827179,0.5460229516029358,0.9635036496350365,0.7647058823529411
5,3,88,0.12268108129501343,0.5199273228645325,0.9635036496350365,0.7647058823529411
5,3,89,0.12389316409826279,0.5118759274482727,0.9635036496350365,0.7647058823529411
5,3,90,0.11469815671443939,0.5549176335334778,0.9635036496350365,0.7647058823529411
5,3,91,0.1182960569858551,0.5460561513900757,0.9708029197080292,0.7647058823529411
5,3,92,0.11334938555955887,0.5757591128349304,0.9781021897810219,0.7647058823529411
5,3,93,0.10833822190761566,0.5550561547279358,0.9635036496350365,0.7647058823529411
5,3,94,0.10391366481781006,0.5500801205635071,0.9781021897810219,0.7647058823529411
5,3,95,0.115433469414711,0.5898717045783997,0.9781021897810219,0.7352941176470589
5,3,96,0.10475054383277893,0.5939103364944458,0.9854014598540146,0.7647058823529411
5,3,97,0.11312656104564667,0.547063946723938,0.9635036496350365,0.7352941176470589
5,3,98,0.1074194386601448,0.5547495484352112,0.9781021897810219,0.7647058823529411
5,3,99,0.09754347056150436,0.619208037853241,0.9927007299270073,0.7647058823529411
5,3,100,0.09223619103431702,0.618736207485199,0.9927007299270073,0.7647058823529411
5,4,1,3.1185662746429443,2.978525400161743,0.7226277372262774,0.7352941176470589
5,4,2,0.833966076374054,0.8400765061378479,0.2773722627737226,0.2647058823529412
5,4,3,0.6839250922203064,0.6833937168121338,0.7226277372262774,0.7352941176470589
5,4,4,0.6666706204414368,0.6650412082672119,0.7226277372262774,0.7352941176470589
5,4,5,0.6539607048034668,0.6513646841049194,0.7226277372262774,0.7352941176470589
5,4,6,0.642327070236206,0.6387372612953186,0.7226277372262774,0.7352941176470589
5,4,7,0.6270419955253601,0.6219719052314758,0.7226277372262774,0.7352941176470589
5,4,8,0.6087939143180847,0.6014804840087891,0.7226277372262774,0.7352941176470589
5,4,9,0.5940188765525818,0.5835925936698914,0.7226277372262774,0.7352941176470589
5,4,10,0.5925900340080261,0.5787383913993835,0.7226277372262774,0.7352941176470589
5,4,11,0.5990739464759827,0.583585798740387,0.7226277372262774,0.7352941176470589
5,4,12,0.5976625084877014,0.5829729437828064,0.7226277372262774,0.7352941176470589
5,4,13,0.5925594568252563,0.5795809626579285,0.7226277372262774,0.7352941176470589
5,4,14,0.5882849097251892,0.5771680474281311,0.7226277372262774,0.7352941176470589
5,4,15,0.588078498840332,0.578295111656189,0.7226277372262774,0.7352941176470589
5,4,16,0.5885167121887207,0.57975834608078,0.7226277372262774,0.7352941176470589
5,4,17,0.5877127647399902,0.579706072807312,0.7226277372262774,0.7352941176470589
5,4,18,0.5861833095550537,0.5783917903900146,0.7226277372262774,0.7352941176470589
5,4,19,0.5842458605766296,0.5766451358795166,0.7226277372262774,0.7352941176470589
5,4,20,0.5825086236000061,0.5752595663070679,0.7226277372262774,0.7352941176470589
5,4,21,0.5808877944946289,0.574385941028595,0.7226277372262774,0.7352941176470589
5,4,22,0.5791957974433899,0.5735754370689392,0.7226277372262774,0.7352941176470589
5,4,23,0.5774086117744446,0.5729667544364929,0.7226277372262774,0.7352941176470589
5,4,24,0.5748091340065002,0.5720058083534241,0.7226277372262774,0.7352941176470589
5,4,25,0.5721327662467957,0.5709592700004578,0.7226277372262774,0.7352941176470589
5,4,26,0.5687820911407471,0.5696866512298584,0.7226277372262774,0.7352941176470589
5,4,27,0.5645886063575745,0.568141758441925,0.7226277372262774,0.7352941176470589
5,4,28,0.5592713952064514,0.566349983215332,0.7226277372262774,0.7352941176470589
5,4,29,0.5534488558769226,0.5642811059951782,0.7226277372262774,0.7352941176470589
5,4,30,0.5469860434532166,0.5617517828941345,0.7226277372262774,0.7352941176470589
5,4,31,0.5386645197868347,0.5595332980155945,0.7226277372262774,0.7352941176470589
5,4,32,0.5297651886940002,0.5558755397796631,0.7226277372262774,0.7352941176470589
5,4,33,0.520470380783081,0.5520629286766052,0.7226277372262774,0.7352941176470589
5,4,34,0.5064093470573425,0.5476930141448975,0.7226277372262774,0.7352941176470589
5,4,35,0.49164921045303345,0.5426145195960999,0.7226277372262774,0.7352941176470589
5,4,36,0.483791708946228,0.5368488430976868,0.7226277372262774,0.7352941176470589
5,4,37,0.46269604563713074,0.5308864712715149,0.7226277372262774,0.7352941176470589
5,4,38,0.4361623525619507,0.5366470217704773,0.7226277372262774,0.7352941176470589
5,4,39,0.4039350152015686,0.530019998550415,0.7518248175182481,0.7352941176470589
5,4,40,0.37870270013809204,0.5094414949417114,0.8248175182481752,0.7352941176470589
5,4,41,0.34184661507606506,0.5217224359512329,0.8686131386861314,0.7058823529411765
5,4,42,0.31257951259613037,0.5365865230560303,0.9051094890510949,0.7352941176470589
5,4,43,0.29400473833084106,0.5686745643615723,0.9124087591240876,0.7352941176470589
5,4,44,0.27433016896247864,0.5663171410560608,0.8978102189781022,0.7647058823529411
5,4,45,0.291044145822525,0.6933780908584595,0.9124087591240876,0.7647058823529411
5,4,46,0.293142169713974,0.5532218217849731,0.8759124087591241,0.7352941176470589
5,4,47,0.2526368200778961,0.5864046812057495,0.9197080291970803,0.7352941176470589
5,4,48,0.23217032849788666,0.6264501214027405,0.9197080291970803,0.7647058823529411
5,4,49,0.22080713510513306,0.6918879151344299,0.9197080291970803,0.7352941176470589
5,4,50,0.2123267650604248,0.758478581905365,0.9197080291970803,0.7352941176470589
5,4,51,0.18044829368591309,0.7536535859107971,0.9343065693430657,0.7352941176470589
5,4,52,0.17490015923976898,0.7453709840774536,0.948905109489051,0.7058823529411765
5,4,53,0.21281300485134125,0.9792724847793579,0.9197080291970803,0.7352941176470589
5,4,54,0.16280336678028107,0.7857787609100342,0.9635036496350365,0.6764705882352942
5,4,55,0.14941877126693726,0.8281999230384827,0.9343065693430657,0.7352941176470589
5,4,56,0.18117497861385345,0.9456875920295715,0.9197080291970803,0.7352941176470589
5,4,57,0.13814525306224823,0.8569542765617371,0.9635036496350365,0.7058823529411765
5,4,58,0.12495071440935135,0.8848716616630554,0.9708029197080292,0.7352941176470589
5,4,59,0.12453773617744446,0.9257879853248596,0.9635036496350365,0.7058823529411765
5,4,60,0.13751496374607086,0.9454067349433899,0.9343065693430657,0.7352941176470589
5,4,61,0.12787005305290222,0.9049290418624878,0.9635036496350365,0.6470588235294118
5,4,62,0.11028673499822617,1.0129034519195557,0.9708029197080292,0.7352941176470589
5,4,63,0.11895447224378586,1.2038050889968872,0.9635036496350365,0.7058823529411765
5,4,64,0.0987958237528801,1.1178771257400513,0.9635036496350365,0.7352941176470589
5,4,65,0.09339061379432678,1.1405253410339355,0.9635036496350365,0.7352941176470589
5,4,66,0.08607274293899536,1.1472803354263306,0.9708029197080292,0.7058823529411765
5,4,67,0.08209129422903061,1.336472749710083,0.9562043795620438,0.7058823529411765
5,4,68,0.07008689641952515,1.3805675506591797,0.9635036496350365,0.7058823529411765
5,4,69,0.07134217768907547,1.3533012866973877,0.9781021897810219,0.7058823529411765
5,4,70,0.0622631199657917,1.4985206127166748,0.9635036496350365,0.7058823529411765
5,4,71,0.07404299825429916,1.607434630393982,0.9635036496350365,0.7058823529411765
5,4,72,0.051839228719472885,1.5525065660476685,0.9781021897810219,0.7058823529411765
5,4,73,0.10717164725065231,1.41398286819458,0.9562043795620438,0.6764705882352942
5,4,74,0.09169527143239975,1.8854423761367798,0.9708029197080292,0.7058823529411765
5,4,75,0.044407572597265244,1.7066254615783691,0.9854014598540146,0.7058823529411765
5,4,76,0.0504424013197422,1.6025385856628418,0.9854014598540146,0.6764705882352942
5,4,77,0.048524439334869385,1.8655414581298828,0.9854014598540146,0.7058823529411765
5,4,78,0.04016503319144249,1.8098688125610352,0.9781021897810219,0.7058823529411765
5,4,79,0.03958253934979439,1.756911039352417,0.9927007299270073,0.6764705882352942
5,4,80,0.03621387481689453,1.8441886901855469,0.9927007299270073,0.6764705882352942
5,4,81,0.05087600275874138,2.0646612644195557,0.9854014598540146,0.7058823529411765
5,4,82,0.033610038459300995,1.8770476579666138,0.9927007299270073,0.6764705882352942
5,4,83,0.034495092928409576,1.8479920625686646,0.9927007299270073,0.6764705882352942
5,4,84,0.028536250814795494,2.09455943107605,0.9927007299270073,0.6764705882352942
5,4,85,0.026210680603981018,2.188448190689087,0.9927007299270073,0.7058823529411765
5,4,86,0.019561538472771645,2.1095545291900635,0.9927007299270073,0.6764705882352942
5,4,87,0.017805684357881546,2.262408971786499,1.0,0.7058823529411765
5,4,88,0.016972996294498444,2.3057687282562256,1.0,0.7058823529411765
5,4,89,0.014098805375397205,2.313081741333008,1.0,0.7058823529411765
5,4,90,0.013291061855852604,2.3169479370117188,1.0,0.6764705882352942
5,4,91,0.012745779007673264,2.446505308151245,1.0,0.7058823529411765
5,4,92,0.017260350286960602,2.5490975379943848,1.0,0.7058823529411765
5,4,93,0.015066944062709808,2.6387991905212402,1.0,0.7058823529411765
5,4,94,0.013051370158791542,2.7092015743255615,1.0,0.7058823529411765
5,4,95,0.008617095649242401,2.5674285888671875,1.0,0.7058823529411765
5,4,96,0.009310100227594376,2.4829537868499756,1.0,0.6764705882352942
5,4,97,0.01898648962378502,2.8434112071990967,1.0,0.7058823529411765
5,4,98,0.015312587842345238,2.873731851577759,1.0,0.7058823529411765
5,4,99,0.008550570346415043,2.6137330532073975,1.0,0.7058823529411765
5,4,100,0.011016272939741611,2.482046127319336,1.0,0.6764705882352942
5,5,1,3.85815167427063,4.20448112487793,0.7299270072992701,0.7058823529411765
5,5,2,0.6094263792037964,0.6214747428894043,0.7299270072992701,0.7058823529411765
5,5,3,0.6919083595275879,0.6920357942581177,0.7299270072992701,0.7058823529411765
5,5,4,0.6851778626441956,0.686037540435791,0.7299270072992701,0.7058823529411765
5,5,5,0.6811825037002563,0.6824614405632019,0.7299270072992701,0.7058823529411765
5,5,6,0.678021252155304,0.6796374917030334,0.7299270072992701,0.7058823529411765
5,5,7,0.6726543307304382,0.6748800873756409,0.7299270072992701,0.7058823529411765
5,5,8,0.6646385192871094,0.6678223609924316,0.7299270072992701,0.7058823529411765
5,5,9,0.6558316946029663,0.6601364016532898,0.7299270072992701,0.7058823529411765
5,5,10,0.6474648714065552,0.6528975367546082,0.7299270072992701,0.7058823529411765
5,5,11,0.63978511095047,0.64631587266922,0.7299270072992701,0.7058823529411765
5,5,12,0.6324576735496521,0.6401208639144897,0.7299270072992701,0.7058823529411765
5,5,13,0.6261849999427795,0.6348899602890015,0.7299270072992701,0.7058823529411765
5,5,14,0.6205849051475525,0.630287230014801,0.7299270072992701,0.7058823529411765
5,5,15,0.6154413819313049,0.6261292099952698,0.7299270072992701,0.7058823529411765
5,5,16,0.6107454895973206,0.6224085092544556,0.7299270072992701,0.7058823529411765
5,5,17,0.6064966320991516,0.6191208958625793,0.7299270072992701,0.7058823529411765
5,5,18,0.602687656879425,0.6162557601928711,0.7299270072992701,0.7058823529411765
5,5,19,0.5993058681488037,0.6137973666191101,0.7299270072992701,0.7058823529411765
5,5,20,0.5963340401649475,0.6117255687713623,0.7299270072992701,0.7058823529411765
5,5,21,0.5937512516975403,0.6100167632102966,0.7299270072992701,0.7058823529411765
5,5,22,0.5915336608886719,0.6086447834968567,0.7299270072992701,0.7058823529411765
5,5,23,0.5896550416946411,0.6075809001922607,0.7299270072992701,0.7058823529411765
5,5,24,0.5880876779556274,0.6067957282066345,0.7299270072992701,0.7058823529411765
5,5,25,0.5868027806282043,0.6062582731246948,0.7299270072992701,0.7058823529411765
5,5,26,0.5857713222503662,0.6059383153915405,0.7299270072992701,0.7058823529411765
5,5,27,0.584964394569397,0.6058053970336914,0.7299270072992701,0.7058823529411765
5,5,28,0.584353506565094,0.6058300137519836,0.7299270072992701,0.7058823529411765
5,5,29,0.5839114189147949,0.6059841513633728,0.7299270072992701,0.7058823529411765
5,5,30,0.5836119055747986,0.6062408685684204,0.7299270072992701,0.7058823529411765
5,5,31,0.5834307670593262,0.6065757870674133,0.7299270072992701,0.7058823529411765
5,5,32,0.5833454132080078,0.6069660186767578,0.7299270072992701,0.7058823529411765
5,5,33,0.583335280418396,0.6073912382125854,0.7299270072992701,0.7058823529411765
5,5,34,0.5833818912506104,0.6078333258628845,0.7299270072992701,0.7058823529411765
5,5,35,0.583469033241272,0.6082765460014343,0.7299270072992701,0.7058823529411765
5,5,36,0.5835826396942139,0.60870760679245,0.7299270072992701,0.7058823529411765
5,5,37,0.5837104916572571,0.6091153025627136,0.7299270072992701,0.7058823529411765
5,5,38,0.5838428139686584,0.6094908714294434,0.7299270072992701,0.7058823529411765
5,5,39,0.5839713215827942,0.6098273396492004,0.7299270072992701,0.7058823529411765
5,5,40,0.5840898156166077,0.6101198792457581,0.7299270072992701,0.7058823529411765
5,5,41,0.5841935276985168,0.6103653907775879,0.7299270072992701,0.7058823529411765
5,5,42,0.5842793583869934,0.6105620265007019,0.7299270072992701,0.7058823529411765
5,5,43,0.5843452215194702,0.6107097864151001,0.7299270072992701,0.7058823529411765
5,5,44,0.5843903422355652,0.6108093857765198,0.7299270072992701,0.7058823529411765
5,5,45,0.5844147801399231,0.6108629107475281,0.7299270072992701,0.7058823529411765
5,5,46,0.5844194293022156,0.6108730435371399,0.7299270072992701,0.7058823529411765
5,5,47,0.584405779838562,0.6108432412147522,0.7299270072992701,0.7058823529411765
5,5,48,0.5843756198883057,0.6107770204544067,0.7299270072992701,0.7058823529411765
5,5,49,0.5843313336372375,0.6106787919998169,0.7299270072992701,0.7058823529411765
5,5,50,0.5842753052711487,0.6105528473854065,0.7299270072992701,0.7058823529411765
5,5,51,0.5842100977897644,0.6104035973548889,0.7299270072992701,0.7058823529411765
5,5,52,0.5841380953788757,0.6102352142333984,0.7299270072992701,0.7058823529411765
5,5,53,0.5840618014335632,0.6100519895553589,0.7299270072992701,0.7058823529411765
5,5,54,0.5839834809303284,0.6098580360412598,0.7299270072992701,0.7058823529411765
5,5,55,0.583905041217804,0.6096568703651428,0.7299270072992701,0.7058823529411765
5,5,56,0.5838285088539124,0.609451949596405,0.7299270072992701,0.7058823529411765
5,5,57,0.5837552547454834,0.6092464923858643,0.7299270072992701,0.7058823529411765
5,5,58,0.5836865305900574,0.6090429425239563,0.7299270072992701,0.7058823529411765
5,5,59,0.5836232900619507,0.6088437438011169,0.7299270072992701,0.7058823529411765
5,5,60,0.5835663080215454,0.6086509227752686,0.7299270072992701,0.7058823529411765
5,5,61,0.5835158824920654,0.6084659099578857,0.7299270072992701,0.7058823529411765
5,5,62,0.5834722518920898,0.6082901954650879,0.7299270072992701,0.7058823529411765
5,5,63,0.5834353566169739,0.6081244349479675,0.7299270072992701,0.7058823529411765
5,5,64,0.5834049582481384,0.6079695820808411,0.7299270072992701,0.7058823529411765
5,5,65,0.5833806991577148,0.6078258156776428,0.7299270072992701,0.7058823529411765
5,5,66,0.5833621025085449,0.6076933741569519,0.7299270072992701,0.7058823529411765
5,5,67,0.5833485126495361,0.6075723171234131,0.7299270072992701,0.7058823529411765
5,5,68,0.5833393931388855,0.6074625253677368,0.7299270072992701,0.7058823529411765
5,5,69,0.5833340287208557,0.6073635816574097,0.7299270072992701,0.7058823529411765
5,5,70,0.5833317041397095,0.6072751879692078,0.7299270072992701,0.7058823529411765
5,5,71,0.5833317041397095,0.6071968078613281,0.7299270072992701,0.7058823529411765
5,5,72,0.5833336114883423,0.6071279644966125,0.7299270072992701,0.7058823529411765
5,5,73,0.5833366513252258,0.6070681810379028,0.7299270072992701,0.7058823529411765
5,5,74,0.5833404660224915,0.607016921043396,0.7299270072992701,0.7058823529411765
5,5,75,0.583344578742981,0.6069735288619995,0.7299270072992701,0.7058823529411765
5,5,76,0.5833486318588257,0.6069376468658447,0.7299270072992701,0.7058823529411765
5,5,77,0.5833523869514465,0.6069085597991943,0.7299270072992701,0.7058823529411765
5,5,78,0.5833556056022644,0.6068859696388245,0.7299270072992701,0.7058823529411765
5,5,79,0.5833581686019897,0.6068692803382874,0.7299270072992701,0.7058823529411765
5,5,80,0.5833598971366882,0.6068580150604248,0.7299270072992701,0.7058823529411765
5,5,81,0.5833609104156494,0.6068518161773682,0.7299270072992701,0.7058823529411765
5,5,82,0.5833612084388733,0.606850266456604,0.7299270072992701,0.7058823529411765
5,5,83,0.5833607912063599,0.6068529486656189,0.7299270072992701,0.7058823529411765
5,5,84,0.5833597779273987,0.6068594455718994,0.7299270072992701,0.7058823529411765
5,5,85,0.583358108997345,0.6068693399429321,0.7299270072992701,0.7058823529411765
5,5,86,0.5833562016487122,0.6068824529647827,0.7299270072992701,0.7058823529411765
5,5,87,0.5833538174629211,0.6068980693817139,0.7299270072992701,0.7058823529411765
5,5,88,0.5833513736724854,0.6069161891937256,0.7299270072992701,0.7058823529411765
5,5,89,0.58334881067276,0.6069362759590149,0.7299270072992701,0.7058823529411765
5,5,90,0.5833463072776794,0.6069580316543579,0.7299270072992701,0.7058823529411765
5,5,91,0.5833438634872437,0.6069810390472412,0.7299270072992701,0.7058823529411765
5,5,92,0.5833414793014526,0.6070050597190857,0.7299270072992701,0.7058823529411765
5,5,93,0.5833393931388855,0.6070296764373779,0.7299270072992701,0.7058823529411765
5,5,94,0.5833376049995422,0.6070546507835388,0.7299270072992701,0.7058823529411765
5,5,95,0.5833359360694885,0.6070795655250549,0.7299270072992701,0.7058823529411765
5,5,96,0.5833346247673035,0.6071043014526367,0.7299270072992701,0.7058823529411765
5,5,97,0.5833335518836975,0.6071285009384155,0.7299270072992701,0.7058823529411765
5,5,98,0.5833327174186707,0.6071518659591675,0.7299270072992701,0.7058823529411765
5,5,99,0.5833321213722229,0.6071743369102478,0.7299270072992701,0.7058823529411765
5,5,100,0.583331823348999,0.6071954965591431,0.7299270072992701,0.7058823529411765
