repeat,fold,epoch,train_loss,val_loss,train_acc,val_acc
1,1,1,0.5906135439872742,0.6009336113929749,0.7279411764705882,0.7142857142857143
1,1,2,0.7180711030960083,0.7498058676719666,0.7279411764705882,0.7142857142857143
1,1,3,0.5946425199508667,0.6130908131599426,0.7279411764705882,0.7142857142857143
1,1,4,0.5977039933204651,0.6065754890441895,0.7279411764705882,0.7142857142857143
1,1,5,0.6231729388237,0.6287219524383545,0.7279411764705882,0.7142857142857143
1,1,6,0.6279591917991638,0.6330926418304443,0.7279411764705882,0.7142857142857143
1,1,7,0.6191856265068054,0.625321090221405,0.7279411764705882,0.7142857142857143
1,1,8,0.6029898524284363,0.6112639307975769,0.7279411764705882,0.7142857142857143
1,1,9,0.5866514444351196,0.5981650352478027,0.7279411764705882,0.7142857142857143
1,1,10,0.5802488327026367,0.5959751009941101,0.7279411764705882,0.7142857142857143
1,1,11,0.5887266993522644,0.6086066961288452,0.7279411764705882,0.7142857142857143
1,1,12,0.5966089963912964,0.6186110973358154,0.7279411764705882,0.7142857142857143
1,1,13,0.5905162692070007,0.6118753552436829,0.7279411764705882,0.7142857142857143
1,1,14,0.5796324610710144,0.5986175537109375,0.7279411764705882,0.7142857142857143
1,1,15,0.5752179622650146,0.5915528535842896,0.7279411764705882,0.7142857142857143
1,1,16,0.5773995518684387,0.5916563868522644,0.7279411764705882,0.7142857142857143
1,1,17,0.5809096097946167,0.5940459966659546,0.7279411764705882,0.7142857142857143
1,1,18,0.5815353989601135,0.5945729613304138,0.7279411764705882,0.7142857142857143
1,1,19,0.5783420205116272,0.5922205448150635,0.7279411764705882,0.7142857142857143
1,1,20,0.5728437304496765,0.5883671641349792,0.7279411764705882,0.7142857142857143
1,1,21,0.5678897500038147,0.5857267379760742,0.7279411764705882,0.7142857142857143
1,1,22,0.5663438439369202,0.5868870615959167,0.7279411764705882,0.7142857142857143
1,1,23,0.5674989223480225,0.5903443694114685,0.7279411764705882,0.7142857142857143
1,1,24,0.5671526789665222,0.5913441181182861,0.7279411764705882,0.7142857142857143
1,1,25,0.5632195472717285,0.5876894593238831,0.7279411764705882,0.7142857142857143
1,1,26,0.5577027201652527,0.5814247131347656,0.7279411764705882,0.7142857142857143
1,1,27,0.5545236468315125,0.5772950053215027,0.7279411764705882,0.7142857142857143
1,1,28,0.5528813004493713,0.5752894282341003,0.7279411764705882,0.7142857142857143
1,1,29,0.5504158735275269,0.5733398199081421,0.7279411764705882,0.7142857142857143
1,1,30,0.5454737544059753,0.570217490196228,0.7279411764705882,0.7142857142857143
1,1,31,0.540658712387085,0.5677269697189331,0.7279411764705882,0.7142857142857143
1,1,32,0.538203775882721,0.568250834941864,0.7279411764705882,0.7142857142857143
1,1,33,0.5359878540039062,0.5683675408363342,0.7279411764705882,0.7142857142857143
1,1,34,0.5308688879013062,0.5641002058982849,0.7279411764705882,0.7142857142857143
1,1,35,0.5264497399330139,0.5591805577278137,0.7279411764705882,0.7142857142857143
1,1,36,0.5236049890518188,0.5563453435897827,0.7279411764705882,0.7142857142857143
1,1,37,0.5175923705101013,0.5527461767196655,0.7279411764705882,0.7142857142857143
1,1,38,0.5127844214439392,0.5511555075645447,0.7279411764705882,0.7142857142857143
1,1,39,0.5102149844169617,0.5510377287864685,0.7279411764705882,0.7142857142857143
1,1,40,0.5061519145965576,0.5472124218940735,0.7279411764705882,0.7142857142857143
1,1,41,0.5028225183486938,0.5434214472770691,0.7279411764705882,0.7142857142857143
1,1,42,0.49933746457099915,0.5415216684341431,0.7279411764705882,0.7142857142857143
1,1,43,0.4960913360118866,0.538530707359314,0.7279411764705882,0.7142857142857143
1,1,44,0.49305590987205505,0.5355108976364136,0.7279411764705882,0.7142857142857143
1,1,45,0.49015453457832336,0.5326287150382996,0.7279411764705882,0.7142857142857143
1,1,46,0.48715388774871826,0.5318621397018433,0.7279411764705882,0.7142857142857143
1,1,47,0.48372167348861694,0.5281631946563721,0.7279411764705882,0.7142857142857143
1,1,48,0.48036620020866394,0.5239171981811523,0.7279411764705882,0.7142857142857143
1,1,49,0.47769513726234436,0.5198792815208435,0.7426470588235294,0.7142857142857143
1,1,50,0.4745272397994995,0.518900990486145,0.7647058823529411,0.7428571428571429
1,1,51,0.4711782932281494,0.5137939453125,0.7720588235294118,0.7428571428571429
1,1,52,0.4678833782672882,0.5093496441841125,0.7794117647058824,0.8
1,1,53,0.4644293189048767,0.5097803473472595,0.7720588235294118,0.8
1,1,54,0.46057331562042236,0.5056261420249939,0.7941176470588235,0.8
1,1,55,0.4570222795009613,0.5010913610458374,0.7941176470588235,0.8
1,1,56,0.4528118371963501,0.5007142424583435,0.7941176470588235,0.8
1,1,57,0.4493529796600342,0.5001901984214783,0.7941176470588235,0.8
1,1,58,0.44472625851631165,0.49217578768730164,0.8088235294117647,0.8
1,1,59,0.44031184911727905,0.49033302068710327,0.8088235294117647,0.8
1,1,60,0.43946996331214905,0.5039739608764648,0.7794117647058824,0.8
1,1,61,0.4323253035545349,0.4846774935722351,0.8161764705882353,0.7714285714285715
1,1,62,0.4268002510070801,0.4849829077720642,0.8235294117647058,0.7714285714285715
1,1,63,0.4290538728237152,0.5060080885887146,0.7867647058823529,0.8
1,1,64,0.42129018902778625,0.4750112295150757,0.8308823529411765,0.8
1,1,65,0.41333669424057007,0.48198917508125305,0.8308823529411765,0.8
1,1,66,0.4161178171634674,0.5047712326049805,0.8088235294117647,0.7714285714285715
1,1,67,0.4064469039440155,0.4713270962238312,0.8529411764705882,0.8
1,1,68,0.3981306552886963,0.47787317633628845,0.8308823529411765,0.8
1,1,69,0.398904412984848,0.5006694197654724,0.8382352941176471,0.7714285714285715
1,1,70,0.4006410241127014,0.4596658945083618,0.8529411764705882,0.7428571428571429
1,1,71,0.395470529794693,0.5097175240516663,0.8088235294117647,0.7714285714285715
1,1,72,0.38070639967918396,0.47022169828414917,0.8455882352941176,0.8
1,1,73,0.3774843215942383,0.4631716012954712,0.8676470588235294,0.8
1,1,74,0.3846820592880249,0.5309547185897827,0.8308823529411765,0.8
1,1,75,0.36671265959739685,0.4649789035320282,0.8676470588235294,0.7428571428571429
1,1,76,0.35943958163261414,0.47460228204727173,0.8602941176470589,0.8
1,1,77,0.3566216230392456,0.5012768507003784,0.8529411764705882,0.8
1,1,78,0.3485490679740906,0.49004146456718445,0.8676470588235294,0.8
1,1,79,0.34358951449394226,0.48547685146331787,0.8676470588235294,0.7428571428571429
1,1,80,0.34179726243019104,0.5164697766304016,0.8529411764705882,0.8
1,1,81,0.3416653871536255,0.46685323119163513,0.8602941176470589,0.7714285714285715
1,1,82,0.35749226808547974,0.5845250487327576,0.8235294117647058,0.8
1,1,83,0.3337775468826294,0.4679749608039856,0.8529411764705882,0.7714285714285715
1,1,84,0.3183681070804596,0.516160249710083,0.875,0.7714285714285715
1,1,85,0.3167785108089447,0.5406152009963989,0.8676470588235294,0.8
1,1,86,0.32538649439811707,0.4710950553417206,0.8602941176470589,0.7714285714285715
1,1,87,0.32274824380874634,0.5894930958747864,0.8529411764705882,0.8
1,1,88,0.3097529113292694,0.4803262948989868,0.875,0.7714285714285715
1,1,89,0.2977529764175415,0.5489640831947327,0.8823529411764706,0.7428571428571429
1,1,90,0.2972067594528198,0.5681388974189758,0.875,0.7714285714285715
1,1,91,0.3236195743083954,0.47249025106430054,0.8676470588235294,0.7714285714285715
1,1,92,0.34645703434944153,0.6889814138412476,0.8235294117647058,0.8
1,1,93,0.27837780117988586,0.5150497555732727,0.9117647058823529,0.7714285714285715
1,1,94,0.31948116421699524,0.4754560887813568,0.8676470588235294,0.7714285714285715
1,1,95,0.33373716473579407,0.6884981989860535,0.8308823529411765,0.8
1,1,96,0.2681582272052765,0.5478769540786743,0.8897058823529411,0.7714285714285715
1,1,97,0.3297686278820038,0.4737909734249115,0.8382352941176471,0.7428571428571429
1,1,98,0.29792049527168274,0.646145761013031,0.8455882352941176,0.7714285714285715
1,1,99,0.28725430369377136,0.6344300508499146,0.8602941176470589,0.7714285714285715
1,1,100,0.31443196535110474,0.4809294044971466,0.8602941176470589,0.7428571428571429
1,2,1,0.6017887592315674,0.5938886404037476,0.7226277372262774,0.7352941176470589
1,2,2,0.6589673161506653,0.6357619166374207,0.7226277372262774,0.7352941176470589
1,2,3,0.5978225469589233,0.5820609331130981,0.7226277372262774,0.7352941176470589
1,2,4,0.59510737657547,0.585895299911499,0.7226277372262774,0.7352941176470589
1,2,5,0.6087886691093445,0.6019927859306335,0.7226277372262774,0.7352941176470589
1,2,6,0.6098381280899048,0.6031785607337952,0.7226277372262774,0.7352941176470589
1,2,7,0.6015472412109375,0.5936954617500305,0.7226277372262774,0.7352941176470589
1,2,8,0.5907142758369446,0.5805619955062866,0.7226277372262774,0.7352941176470589
1,2,9,0.5862419009208679,0.5730288028717041,0.7226277372262774,0.7352941176470589
1,2,10,0.5914016366004944,0.5752772092819214,0.7226277372262774,0.7352941176470589
1,2,11,0.5961273312568665,0.5785499811172485,0.7226277372262774,0.7352941176470589
1,2,12,0.5908762216567993,0.5740512013435364,0.7226277372262774,0.7352941176470589
1,2,13,0.5836870670318604,0.5688149929046631,0.7226277372262774,0.7352941176470589
1,2,14,0.5817577242851257,0.5689283013343811,0.7226277372262774,0.7352941176470589
1,2,15,0.5837948322296143,0.5723841190338135,0.7226277372262774,0.7352941176470589
1,2,16,0.5852563977241516,0.5744054317474365,0.7226277372262774,0.7352941176470589
1,2,17,0.583590567111969,0.5723937153816223,0.7226277372262774,0.7352941176470589
1,2,18,0.5794883370399475,0.5672556161880493,0.7226277372262774,0.7352941176470589
1,2,19,0.5753129720687866,0.5614222288131714,0.7226277372262774,0.7352941176470589
1,2,20,0.5739140510559082,0.5579323768615723,0.7226277372262774,0.7352941176470589
1,2,21,0.5745746493339539,0.5569369792938232,0.7226277372262774,0.7352941176470589
1,2,22,0.5728121995925903,0.5545881390571594,0.7226277372262774,0.7352941176470589
1,2,23,0.5686283111572266,0.550527811050415,0.7226277372262774,0.7352941176470589
1,2,24,0.5650891661643982,0.5473251938819885,0.7226277372262774,0.7352941176470589
1,2,25,0.5628631711006165,0.5453544855117798,0.7226277372262774,0.7352941176470589
1,2,26,0.5608724355697632,0.5430226922035217,0.7226277372262774,0.7352941176470589
1,2,27,0.5569862723350525,0.538218080997467,0.7226277372262774,0.7352941176470589
1,2,28,0.5523440837860107,0.5319743156433105,0.7226277372262774,0.7352941176470589
1,2,29,0.5488173365592957,0.5263829827308655,0.7226277372262774,0.7352941176470589
1,2,30,0.5456854701042175,0.5213103890419006,0.7226277372262774,0.7352941176470589
1,2,31,0.5411603450775146,0.514597475528717,0.7226277372262774,0.7352941176470589
1,2,32,0.5365757346153259,0.5077500939369202,0.7226277372262774,0.7352941176470589
1,2,33,0.5323142409324646,0.5013272762298584,0.7226277372262774,0.7352941176470589
1,2,34,0.5275352001190186,0.49421215057373047,0.7226277372262774,0.7352941176470589
1,2,35,0.5229411125183105,0.4871339797973633,0.7226277372262774,0.7352941176470589
1,2,36,0.5193661451339722,0.4811381697654724,0.7226277372262774,0.7352941176470589
1,2,37,0.515073835849762,0.47396889328956604,0.7226277372262774,0.7352941176470589
1,2,38,0.5115308165550232,0.46831247210502625,0.7226277372262774,0.7352941176470589
1,2,39,0.5077541470527649,0.4626155495643616,0.7226277372262774,0.7352941176470589
1,2,40,0.503684937953949,0.4567001163959503,0.7226277372262774,0.7352941176470589
1,2,41,0.5002792477607727,0.45234718918800354,0.7226277372262774,0.7352941176470589
1,2,42,0.4966510832309723,0.4471752941608429,0.7226277372262774,0.7352941176470589
1,2,43,0.492040753364563,0.4426136314868927,0.7226277372262774,0.7352941176470589
1,2,44,0.4883195459842682,0.4392065703868866,0.7226277372262774,0.7352941176470589
1,2,45,0.48421338200569153,0.43485698103904724,0.7518248175182481,0.7352941176470589
1,2,46,0.47999849915504456,0.4316368103027344,0.7591240875912408,0.7352941176470589
1,2,47,0.47659027576446533,0.43169525265693665,0.7518248175182481,0.7352941176470589
1,2,48,0.4708676338195801,0.4255949556827545,0.781021897810219,0.7352941176470589
1,2,49,0.4669254720211029,0.4227418303489685,0.7956204379562044,0.7941176470588235
1,2,50,0.46327337622642517,0.42482343316078186,0.7737226277372263,0.7352941176470589
1,2,51,0.4580991268157959,0.4223141372203827,0.7956204379562044,0.7941176470588235
1,2,52,0.4547492265701294,0.41927313804626465,0.8102189781021898,0.7941176470588235
1,2,53,0.4504936635494232,0.4212290942668915,0.7737226277372263,0.7352941176470589
1,2,54,0.44334933161735535,0.41577696800231934,0.8029197080291971,0.7941176470588235
1,2,55,0.4399545192718506,0.413665771484375,0.7956204379562044,0.8235294117647058
1,2,56,0.4370519816875458,0.41806378960609436,0.7956204379562044,0.7352941176470589
1,2,57,0.4282025098800659,0.40908390283584595,0.7956204379562044,0.8235294117647058
1,2,58,0.4216808080673218,0.4078882038593292,0.8029197080291971,0.8235294117647058
1,2,59,0.4178279936313629,0.41178709268569946,0.8029197080291971,0.7941176470588235
1,2,60,0.41306164860725403,0.41106534004211426,0.8175182481751825,0.7647058823529411
1,2,61,0.4186435341835022,0.4327646791934967,0.7883211678832117,0.7352941176470589
1,2,62,0.4063398838043213,0.4165554940700531,0.8102189781021898,0.7647058823529411
1,2,63,0.39671140909194946,0.41686442494392395,0.8102189781021898,0.7941176470588235
1,2,64,0.39524734020233154,0.4227043688297272,0.8029197080291971,0.7941176470588235
1,2,65,0.3978038728237152,0.421220600605011,0.8029197080291971,0.7647058823529411
1,2,66,0.3887016177177429,0.4288630783557892,0.8029197080291971,0.7941176470588235
1,2,67,0.372279554605484,0.4144385755062103,0.8394160583941606,0.7352941176470589
1,2,68,0.37533795833587646,0.4189244210720062,0.8175182481751825,0.7352941176470589
1,2,69,0.39137953519821167,0.452793151140213,0.8029197080291971,0.7647058823529411
1,2,70,0.3653518259525299,0.420695424079895,0.8248175182481752,0.7647058823529411
1,2,71,0.35543450713157654,0.42105311155319214,0.8467153284671532,0.7941176470588235
1,2,72,0.3850061893463135,0.46623992919921875,0.8029197080291971,0.7352941176470589
1,2,73,0.3640754222869873,0.43318644165992737,0.8248175182481752,0.7352941176470589
1,2,74,0.34610655903816223,0.42782384157180786,0.8394160583941606,0.7647058823529411
1,2,75,0.3712620735168457,0.46986517310142517,0.8029197080291971,0.7352941176470589
1,2,76,0.33704984188079834,0.43042224645614624,0.8394160583941606,0.7647058823529411
1,2,77,0.3387193977832794,0.43392816185951233,0.8467153284671532,0.7352941176470589
1,2,78,0.3469533622264862,0.45750826597213745,0.8248175182481752,0.7058823529411765
1,2,79,0.3261014223098755,0.43798619508743286,0.8613138686131386,0.7647058823529411
1,2,80,0.3238272964954376,0.44270578026771545,0.8613138686131386,0.7647058823529411
1,2,81,0.33320745825767517,0.47391775250434875,0.8248175182481752,0.7058823529411765
1,2,82,0.31702902913093567,0.4501483738422394,0.8686131386861314,0.7647058823529411
1,2,83,0.30761635303497314,0.45513972640037537,0.8686131386861314,0.7647058823529411
1,2,84,0.31279921531677246,0.4696294665336609,0.8540145985401459,0.7058823529411765
1,2,85,0.30920475721359253,0.4594198763370514,0.8759124087591241,0.7352941176470589
1,2,86,0.30455395579338074,0.47605907917022705,0.8613138686131386,0.7058823529411765
1,2,87,0.2952117919921875,0.4722251892089844,0.8759124087591241,0.7941176470588235
1,2,88,0.2993928790092468,0.46610918641090393,0.8832116788321168,0.7647058823529411
1,2,89,0.31960734724998474,0.5208485722541809,0.8175182481751825,0.6764705882352942
1,2,90,0.2924768924713135,0.46768882870674133,0.8832116788321168,0.7647058823529411
1,2,91,0.27925094962120056,0.4680733382701874,0.8832116788321168,0.7941176470588235
1,2,92,0.2853814959526062,0.486066997051239,0.8759124087591241,0.7058823529411765
1,2,93,0.27322354912757874,0.46734946966171265,0.8905109489051095,0.7647058823529411
1,2,94,0.26811692118644714,0.4688332974910736,0.8832116788321168,0.7941176470588235
1,2,95,0.26632383465766907,0.4802820682525635,0.8832116788321168,0.7647058823529411
1,2,96,0.28198176622390747,0.4795973300933838,0.8759124087591241,0.7647058823529411
1,2,97,0.33787256479263306,0.589354932308197,0.8175182481751825,0.7058823529411765
1,2,98,0.30323562026023865,0.4911331832408905,0.8613138686131386,0.7941176470588235
1,2,99,0.2530888020992279,0.4789569675922394,0.8905109489051095,0.7647058823529411
1,2,100,0.26783818006515503,0.5074201226234436,0.8686131386861314,0.6470588235294118
1,3,1,0.6002528071403503,0.5920628905296326,0.7226277372262774,0.7352941176470589
1,3,2,0.6738208532333374,0.6494112610816956,0.7226277372262774,0.7352941176470589
1,3,3,0.5982096791267395,0.5828355550765991,0.7226277372262774,0.7352941176470589
1,3,4,0.5961742401123047,0.5879483819007874,0.7226277372262774,0.7352941176470589
1,3,5,0.611431896686554,0.6058105230331421,0.7226277372262774,0.7352941176470589
1,3,6,0.6126277446746826,0.6074619889259338,0.7226277372262774,0.7352941176470589
1,3,7,0.6044725179672241,0.5987754464149475,0.7226277372262774,0.7352941176470589
1,3,8,0.5930052399635315,0.5860552191734314,0.7226277372262774,0.7352941176470589
1,3,9,0.5852893590927124,0.5764738917350769,0.7226277372262774,0.7352941176470589
1,3,10,0.5870873332023621,0.5763756036758423,0.7226277372262774,0.7352941176470589
1,3,11,0.5921000242233276,0.580643355846405,0.7226277372262774,0.7352941176470589
1,3,12,0.5903764963150024,0.5797810554504395,0.7226277372262774,0.7352941176470589
1,3,13,0.5833141803741455,0.5748203992843628,0.7226277372262774,0.7352941176470589
1,3,14,0.5787403583526611,0.5726380944252014,0.7226277372262774,0.7352941176470589
1,3,15,0.5786817669868469,0.574711799621582,0.7226277372262774,0.7352941176470589
1,3,16,0.5800948143005371,0.5777630805969238,0.7226277372262774,0.7352941176470589
1,3,17,0.5793867111206055,0.5781980156898499,0.7226277372262774,0.7352941176470589
1,3,18,0.5758471488952637,0.5754707455635071,0.7226277372262774,0.7352941176470589
1,3,19,0.5709563493728638,0.5711011290550232,0.7226277372262774,0.7352941176470589
1,3,20,0.5672539472579956,0.5677748918533325,0.7226277372262774,0.7352941176470589
1,3,21,0.5658038854598999,0.5670604705810547,0.7226277372262774,0.7352941176470589
1,3,22,0.5639547109603882,0.5667575597763062,0.7226277372262774,0.7352941176470589
1,3,23,0.5595025420188904,0.5649179816246033,0.7226277372262774,0.7352941176470589
1,3,24,0.5546250343322754,0.5631956458091736,0.7226277372262774,0.7352941176470589
1,3,25,0.5509049892425537,0.5630029439926147,0.7226277372262774,0.7352941176470589
1,3,26,0.5470085144042969,0.5628324151039124,0.7226277372262774,0.7352941176470589
1,3,27,0.5413089990615845,0.5605026483535767,0.7226277372262774,0.7352941176470589
1,3,28,0.5348029136657715,0.5568671822547913,0.7226277372262774,0.7352941176470589
1,3,29,0.5297560095787048,0.5552434325218201,0.7226277372262774,0.7352941176470589
1,3,30,0.5243698954582214,0.5543567538261414,0.7226277372262774,0.7352941176470589
1,3,31,0.5176946520805359,0.5534675717353821,0.7226277372262774,0.7352941176470589
1,3,32,0.5122827291488647,0.5544237494468689,0.7226277372262774,0.7352941176470589
1,3,33,0.5057035088539124,0.5540218353271484,0.7226277372262774,0.7352941176470589
1,3,34,0.4992700219154358,0.5529091358184814,0.7226277372262774,0.7352941176470589
1,3,35,0.495174378156662,0.5546441078186035,0.7226277372262774,0.7352941176470589
1,3,36,0.48951566219329834,0.5551816821098328,0.7226277372262774,0.7352941176470589
1,3,37,0.48561975359916687,0.5568467378616333,0.7226277372262774,0.7352941176470589
1,3,38,0.48142319917678833,0.5576238036155701,0.7226277372262774,0.7352941176470589
1,3,39,0.47839316725730896,0.5600718855857849,0.7226277372262774,0.7352941176470589
1,3,40,0.4730978012084961,0.5599904656410217,0.7226277372262774,0.7352941176470589
1,3,41,0.4694792926311493,0.560577929019928,0.7226277372262774,0.7352941176470589
1,3,42,0.46497777104377747,0.5613974332809448,0.7226277372262774,0.7352941176470589
1,3,43,0.4614966809749603,0.5613616108894348,0.7226277372262774,0.7352941176470589
1,3,44,0.4570762515068054,0.5606710910797119,0.7445255474452555,0.7941176470588235
1,3,45,0.4525192975997925,0.56112140417099,0.7664233576642335,0.7941176470588235
1,3,46,0.4484899640083313,0.5616011023521423,0.7956204379562044,0.7647058823529411
1,3,47,0.4441204369068146,0.5616193413734436,0.7956204379562044,0.7647058823529411
1,3,48,0.44034644961357117,0.5631891489028931,0.7883211678832117,0.7647058823529411
1,3,49,0.43600860238075256,0.56321781873703,0.7956204379562044,0.7941176470588235
1,3,50,0.42957642674446106,0.563602089881897,0.7956204379562044,0.7647058823529411
1,3,51,0.425591379404068,0.564584493637085,0.7883211678832117,0.7647058823529411
1,3,52,0.4210779368877411,0.5629231333732605,0.7956204379562044,0.7941176470588235
1,3,53,0.41570794582366943,0.5643818974494934,0.8029197080291971,0.7941176470588235
1,3,54,0.4101921021938324,0.5665830969810486,0.7883211678832117,0.7941176470588235
1,3,55,0.4046066701412201,0.5677005648612976,0.8175182481751825,0.7647058823529411
1,3,56,0.40026289224624634,0.5676190257072449,0.7956204379562044,0.7647058823529411
1,3,57,0.3931976556777954,0.5692689418792725,0.8321167883211679,0.7647058823529411
1,3,58,0.38666316866874695,0.5719305872917175,0.8321167883211679,0.7352941176470589
1,3,59,0.38505643606185913,0.5774112343788147,0.8102189781021898,0.7647058823529411
1,3,60,0.3833690881729126,0.5801078677177429,0.8394160583941606,0.7647058823529411
1,3,61,0.38520434498786926,0.5902081727981567,0.7883211678832117,0.7941176470588235
1,3,62,0.3693603575229645,0.5833902955055237,0.8321167883211679,0.7647058823529411
1,3,63,0.36015093326568604,0.5835278630256653,0.8394160583941606,0.7352941176470589
1,3,64,0.3738269507884979,0.6041757464408875,0.7956204379562044,0.7647058823529411
1,3,65,0.3637715280056,0.5975759029388428,0.8321167883211679,0.6764705882352942
1,3,66,0.345844030380249,0.5911294221878052,0.8540145985401459,0.7352941176470589
1,3,67,0.35286745429039,0.6056815385818481,0.8248175182481752,0.7647058823529411
1,3,68,0.35586804151535034,0.6147621273994446,0.8248175182481752,0.6176470588235294
1,3,69,0.33057844638824463,0.6101552844047546,0.8467153284671532,0.7352941176470589
1,3,70,0.33880916237831116,0.6263620853424072,0.8394160583941606,0.7352941176470589
1,3,71,0.3336651921272278,0.6220517754554749,0.8394160583941606,0.6764705882352942
1,3,72,0.31895893812179565,0.6188059449195862,0.8540145985401459,0.7647058823529411
1,3,73,0.32288894057273865,0.6330005526542664,0.8613138686131386,0.7352941176470589
1,3,74,0.3217797875404358,0.636029064655304,0.8248175182481752,0.7058823529411765
1,3,75,0.30419018864631653,0.6331160068511963,0.8540145985401459,0.7647058823529411
1,3,76,0.309822678565979,0.6518869400024414,0.8613138686131386,0.7352941176470589
1,3,77,0.31510284543037415,0.6578870415687561,0.8467153284671532,0.6176470588235294
1,3,78,0.3023283779621124,0.6588224768638611,0.8613138686131386,0.7352941176470589
1,3,79,0.2882644236087799,0.6522065997123718,0.8540145985401459,0.7058823529411765
1,3,80,0.29332196712493896,0.6607652306556702,0.8467153284671532,0.6764705882352942
1,3,81,0.29858654737472534,0.6782786846160889,0.8686131386861314,0.7352941176470589
1,3,82,0.2788020670413971,0.6714457273483276,0.8540145985401459,0.6764705882352942
1,3,83,0.27231359481811523,0.6812127232551575,0.8613138686131386,0.7058823529411765
1,3,84,0.2714218199253082,0.6897895336151123,0.8686131386861314,0.7352941176470589
1,3,85,0.26743823289871216,0.6885893940925598,0.8613138686131386,0.6764705882352942
1,3,86,0.2650578022003174,0.6922168731689453,0.8613138686131386,0.7352941176470589
1,3,87,0.25800299644470215,0.6889939904212952,0.8832116788321168,0.7058823529411765
1,3,88,0.2596609890460968,0.6954196691513062,0.8759124087591241,0.6764705882352942
1,3,89,0.26736995577812195,0.7153068780899048,0.8759124087591241,0.7941176470588235
1,3,90,0.26074710488319397,0.7133148312568665,0.8832116788321168,0.6470588235294118
1,3,91,0.24524378776550293,0.709071934223175,0.8832116788321168,0.7352941176470589
1,3,92,0.25159525871276855,0.7262913584709167,0.8905109489051095,0.7941176470588235
1,3,93,0.2847203314304352,0.7648130059242249,0.8832116788321168,0.6176470588235294
1,3,94,0.30508512258529663,0.7913176417350769,0.8321167883211679,0.7647058823529411
1,3,95,0.23306173086166382,0.7106113433837891,0.9051094890510949,0.6764705882352942
1,3,96,0.25651833415031433,0.739510715007782,0.8905109489051095,0.6176470588235294
1,3,97,0.2686741352081299,0.7544217705726624,0.8686131386861314,0.7647058823529411
1,3,98,0.22610579431056976,0.7172881960868835,0.8978102189781022,0.7352941176470589
1,3,99,0.23561067879199982,0.7420973181724548,0.8905109489051095,0.6470588235294118
1,3,100,0.23858264088630676,0.7604993581771851,0.8905109489051095,0.7647058823529411
1,4,1,0.5925622582435608,0.5822932124137878,0.7226277372262774,0.7352941176470589
1,4,2,0.7014155387878418,0.6747186779975891,0.7226277372262774,0.7352941176470589
1,4,3,0.5958357453346252,0.5806555151939392,0.7226277372262774,0.7352941176470589
1,4,4,0.6025063991546631,0.5949737429618835,0.7226277372262774,0.7352941176470589
1,4,5,0.6222071051597595,0.617165744304657,0.7226277372262774,0.7352941176470589
1,4,6,0.6244921088218689,0.6197077631950378,0.7226277372262774,0.7352941176470589
1,4,7,0.6168801784515381,0.6113952398300171,0.7226277372262774,0.7352941176470589
1,4,8,0.6049630045890808,0.5981764197349548,0.7226277372262774,0.7352941176470589
1,4,9,0.592525064945221,0.5837659239768982,0.7226277372262774,0.7352941176470589
1,4,10,0.5858626961708069,0.5745781064033508,0.7226277372262774,0.7352941176470589
1,4,11,0.5897846817970276,0.5758388638496399,0.7226277372262774,0.7352941176470589
1,4,12,0.5969598293304443,0.5815228223800659,0.7226277372262774,0.7352941176470589
1,4,13,0.5950306057929993,0.5799909234046936,0.7226277372262774,0.7352941176470589
1,4,14,0.5871766805648804,0.5737627744674683,0.7226277372262774,0.7352941176470589
1,4,15,0.5814298987388611,0.5700513124465942,0.7226277372262774,0.7352941176470589
1,4,16,0.5809248089790344,0.5712611079216003,0.7226277372262774,0.7352941176470589
1,4,17,0.5828986763954163,0.5744157433509827,0.7226277372262774,0.7352941176470589
1,4,18,0.5836042165756226,0.575747013092041,0.7226277372262774,0.7352941176470589
1,4,19,0.5817305445671082,0.5740972757339478,0.7226277372262774,0.7352941176470589
1,4,20,0.5774920582771301,0.5697252750396729,0.7226277372262774,0.7352941176470589
1,4,21,0.5729873776435852,0.564763069152832,0.7226277372262774,0.7352941176470589
1,4,22,0.5707701444625854,0.5620373487472534,0.7226277372262774,0.7352941176470589
1,4,23,0.5708305239677429,0.5618599057197571,0.7226277372262774,0.7352941176470589
1,4,24,0.5700600147247314,0.5615176558494568,0.7226277372262774,0.7352941176470589
1,4,25,0.5656381845474243,0.5584256052970886,0.7226277372262774,0.7352941176470589
1,4,26,0.5609886050224304,0.5554890632629395,0.7226277372262774,0.7352941176470589
1,4,27,0.5583320260047913,0.554510772228241,0.7226277372262774,0.7352941176470589
1,4,28,0.5555079579353333,0.5535545349121094,0.7226277372262774,0.7352941176470589
1,4,29,0.5500657558441162,0.5500271320343018,0.7226277372262774,0.7352941176470589
1,4,30,0.5447435975074768,0.5462093353271484,0.7226277372262774,0.7352941176470589
1,4,31,0.5411118268966675,0.5445266366004944,0.7226277372262774,0.7352941176470589
1,4,32,0.5360435843467712,0.5425631403923035,0.7226277372262774,0.7352941176470589
1,4,33,0.5301468372344971,0.5402811765670776,0.7226277372262774,0.7352941176470589
1,4,34,0.5244353413581848,0.5387842655181885,0.7226277372262774,0.7352941176470589
1,4,35,0.5175577998161316,0.5370398163795471,0.7226277372262774,0.7352941176470589
1,4,36,0.5111923217773438,0.5359673500061035,0.7226277372262774,0.7352941176470589
1,4,37,0.5064166784286499,0.5367664098739624,0.7226277372262774,0.7352941176470589
1,4,38,0.5002676844596863,0.5368174314498901,0.7226277372262774,0.7352941176470589
1,4,39,0.49490639567375183,0.5381446480751038,0.7226277372262774,0.7352941176470589
1,4,40,0.48965057730674744,0.5398649573326111,0.7226277372262774,0.7352941176470589
1,4,41,0.48456010222435,0.5413858294487,0.7226277372262774,0.7352941176470589
1,4,42,0.4795624017715454,0.5444049835205078,0.7226277372262774,0.7352941176470589
1,4,43,0.47456181049346924,0.5469287633895874,0.7226277372262774,0.7352941176470589
1,4,44,0.46985769271850586,0.5485477447509766,0.7226277372262774,0.7352941176470589
1,4,45,0.4657391309738159,0.5506023168563843,0.7737226277372263,0.7647058823529411
1,4,46,0.46112093329429626,0.5530215501785278,0.7883211678832117,0.7941176470588235
1,4,47,0.45750531554222107,0.556359589099884,0.7883211678832117,0.7941176470588235
1,4,48,0.45185139775276184,0.5570051074028015,0.781021897810219,0.7647058823529411
1,4,49,0.4466727375984192,0.5580041408538818,0.7883211678832117,0.7647058823529411
1,4,50,0.442247211933136,0.5587151646614075,0.7883211678832117,0.7647058823529411
1,4,51,0.4390670359134674,0.5603240132331848,0.8029197080291971,0.7058823529411765
1,4,52,0.43768876791000366,0.5634769201278687,0.7883211678832117,0.7647058823529411
1,4,53,0.4266354441642761,0.5650032758712769,0.8029197080291971,0.7647058823529411
1,4,54,0.4271109402179718,0.5722011923789978,0.8102189781021898,0.7058823529411765
1,4,55,0.424764484167099,0.5761224031448364,0.8029197080291971,0.7647058823529411
1,4,56,0.41122618317604065,0.5724921226501465,0.8102189781021898,0.7058823529411765
1,4,57,0.40737786889076233,0.5754402875900269,0.8248175182481752,0.7058823529411765
1,4,58,0.4014299511909485,0.5787069797515869,0.8102189781021898,0.6764705882352942
1,4,59,0.3961198925971985,0.5795630216598511,0.8175182481751825,0.7058823529411765
1,4,60,0.3919496238231659,0.5777135491371155,0.8175182481751825,0.7058823529411765
1,4,61,0.3851727247238159,0.5795056223869324,0.8394160583941606,0.7058823529411765
1,4,62,0.3790064752101898,0.5805219411849976,0.8321167883211679,0.7058823529411765
1,4,63,0.37569460272789,0.5788810849189758,0.8248175182481752,0.7058823529411765
1,4,64,0.37201985716819763,0.5796785950660706,0.8540145985401459,0.6764705882352942
1,4,65,0.39101120829582214,0.5901670455932617,0.8102189781021898,0.7352941176470589
1,4,66,0.409543514251709,0.6063181757926941,0.7883211678832117,0.6176470588235294
1,4,67,0.35924071073532104,0.5727254152297974,0.8321167883211679,0.7058823529411765
1,4,68,0.3858189284801483,0.5884584784507751,0.8102189781021898,0.7941176470588235
1,4,69,0.3598228394985199,0.5844906568527222,0.8613138686131386,0.6764705882352942
1,4,70,0.3523003160953522,0.5840087532997131,0.8686131386861314,0.6764705882352942
1,4,71,0.36892154812812805,0.5846744775772095,0.8102189781021898,0.7647058823529411
1,4,72,0.3422592580318451,0.5779249668121338,0.8394160583941606,0.7058823529411765
1,4,73,0.34910380840301514,0.5979182124137878,0.8686131386861314,0.6764705882352942
1,4,74,0.3334853947162628,0.5831103920936584,0.8321167883211679,0.7058823529411765
1,4,75,0.34236714243888855,0.5840954780578613,0.8394160583941606,0.7058823529411765
1,4,76,0.33049702644348145,0.5855497717857361,0.8832116788321168,0.6764705882352942
1,4,77,0.3252326250076294,0.5847412943840027,0.8832116788321168,0.6764705882352942
1,4,78,0.3267079293727875,0.580163300037384,0.8394160583941606,0.7058823529411765
1,4,79,0.3159603774547577,0.5819602608680725,0.8540145985401459,0.6764705882352942
1,4,80,0.3131692707538605,0.5885536074638367,0.8759124087591241,0.6764705882352942
1,4,81,0.3122590184211731,0.5820373892784119,0.8540145985401459,0.6764705882352942
1,4,82,0.303909033536911,0.5892653465270996,0.8686131386861314,0.6764705882352942
1,4,83,0.30050477385520935,0.5882439613342285,0.8686131386861314,0.6764705882352942
1,4,84,0.29722490906715393,0.5909045934677124,0.8686131386861314,0.6764705882352942
1,4,85,0.29753366112709045,0.5857923030853271,0.8613138686131386,0.6764705882352942
1,4,86,0.2978256046772003,0.6086687445640564,0.8978102189781022,0.6764705882352942
1,4,87,0.2869424819946289,0.5898109674453735,0.8686131386861314,0.6764705882352942
1,4,88,0.3018280267715454,0.6003486514091492,0.8467153284671532,0.7352941176470589
1,4,89,0.3236248791217804,0.657405436038971,0.8540145985401459,0.6470588235294118
1,4,90,0.3044061064720154,0.6048656105995178,0.8467153284671532,0.7058823529411765
1,4,91,0.2718294858932495,0.6049017906188965,0.8759124087591241,0.6764705882352942
1,4,92,0.2896931767463684,0.6513696908950806,0.8759124087591241,0.6764705882352942
1,4,93,0.30421918630599976,0.6261528134346008,0.8467153284671532,0.7058823529411765
1,4,94,0.26378920674324036,0.6226335763931274,0.9051094890510949,0.6764705882352942
1,4,95,0.26808616518974304,0.6330726742744446,0.8905109489051095,0.6764705882352942
1,4,96,0.28150784969329834,0.6208018660545349,0.8540145985401459,0.7352941176470589
1,4,97,0.25806987285614014,0.6349101662635803,0.9051094890510949,0.6764705882352942
1,4,98,0.2590053975582123,0.654390811920166,0.8905109489051095,0.6764705882352942
1,4,99,0.2720775008201599,0.6437891125679016,0.8613138686131386,0.7352941176470589
1,4,100,0.243250772356987,0.6515141725540161,0.9051094890510949,0.6764705882352942
1,5,1,0.5898711681365967,0.6076722741127014,0.7299270072992701,0.7058823529411765
1,5,2,0.6932538747787476,0.7448897361755371,0.7299270072992701,0.7058823529411765
1,5,3,0.5906802415847778,0.621667206287384,0.7299270072992701,0.7058823529411765
1,5,4,0.593372642993927,0.6094368100166321,0.7299270072992701,0.7058823529411765
1,5,5,0.6144891381263733,0.6252344846725464,0.7299270072992701,0.7058823529411765
1,5,6,0.6179614663124084,0.6280164122581482,0.7299270072992701,0.7058823529411765
1,5,7,0.6093804240226746,0.6210762858390808,0.7299270072992701,0.7058823529411765
1,5,8,0.5946746468544006,0.6099441051483154,0.7299270072992701,0.7058823529411765
1,5,9,0.5816654562950134,0.6022675633430481,0.7299270072992701,0.7058823529411765
1,5,10,0.5791382193565369,0.6065031886100769,0.7299270072992701,0.7058823529411765
1,5,11,0.5883373618125916,0.6217984557151794,0.7299270072992701,0.7058823529411765
1,5,12,0.5924041867256165,0.6278762221336365,0.7299270072992701,0.7058823529411765
1,5,13,0.5846183896064758,0.6178276538848877,0.7299270072992701,0.7058823529411765
1,5,14,0.5754453539848328,0.604007363319397,0.7299270072992701,0.7058823529411765
1,5,15,0.5733450651168823,0.5974555611610413,0.7299270072992701,0.7058823529411765
1,5,16,0.5762982368469238,0.5970343351364136,0.7299270072992701,0.7058823529411765
1,5,17,0.5789476633071899,0.5980767607688904,0.7299270072992701,0.7058823529411765
1,5,18,0.5781707763671875,0.5972813963890076,0.7299270072992701,0.7058823529411765
1,5,19,0.5736621618270874,0.594309389591217,0.7299270072992701,0.7058823529411765
1,5,20,0.5680857300758362,0.5915894508361816,0.7299270072992701,0.7058823529411765
1,5,21,0.5647535920143127,0.5918257832527161,0.7299270072992701,0.7058823529411765
1,5,22,0.5643890500068665,0.5947860479354858,0.7299270072992701,0.7058823529411765
1,5,23,0.5646378993988037,0.5972994565963745,0.7299270072992701,0.7058823529411765
1,5,24,0.5621020197868347,0.5950611233711243,0.7299270072992701,0.7058823529411765
1,5,25,0.5570559501647949,0.5880777835845947,0.7299270072992701,0.7058823529411765
1,5,26,0.5535665154457092,0.5821658372879028,0.7299270072992701,0.7058823529411765
1,5,27,0.5517864227294922,0.5785395503044128,0.7299270072992701,0.7058823529411765
1,5,28,0.549088716506958,0.5754539370536804,0.7299270072992701,0.7058823529411765
1,5,29,0.5439128279685974,0.5720143914222717,0.7299270072992701,0.7058823529411765
1,5,30,0.5390141606330872,0.5703036785125732,0.7299270072992701,0.7058823529411765
1,5,31,0.5363755226135254,0.5711861252784729,0.7299270072992701,0.7058823529411765
1,5,32,0.5328732132911682,0.5693099498748779,0.7299270072992701,0.7058823529411765
1,5,33,0.5269335508346558,0.5620874762535095,0.7299270072992701,0.7058823529411765
1,5,34,0.5228520631790161,0.5567054748535156,0.7299270072992701,0.7058823529411765
1,5,35,0.517687201499939,0.5524758696556091,0.7299270072992701,0.7058823529411765
1,5,36,0.5111667513847351,0.5502984523773193,0.7299270072992701,0.7058823529411765
1,5,37,0.506909966468811,0.5495045781135559,0.7299270072992701,0.7058823529411765
1,5,38,0.5018390417098999,0.5449044108390808,0.7299270072992701,0.7058823529411765
1,5,39,0.4983883500099182,0.5409858226776123,0.7299270072992701,0.7058823529411765
1,5,40,0.4939156472682953,0.5398193001747131,0.7299270072992701,0.7058823529411765
1,5,41,0.48956185579299927,0.5406808257102966,0.7299270072992701,0.7058823529411765
1,5,42,0.4860934019088745,0.5406090021133423,0.7299270072992701,0.7058823529411765
1,5,43,0.48083585500717163,0.5343757271766663,0.7299270072992701,0.7058823529411765
1,5,44,0.47841957211494446,0.533620297908783,0.7299270072992701,0.7058823529411765
1,5,45,0.47370418906211853,0.5355435609817505,0.7299270072992701,0.7058823529411765
1,5,46,0.4711046814918518,0.5373107194900513,0.7299270072992701,0.7058823529411765
1,5,47,0.4658244848251343,0.5329971313476562,0.7299270072992701,0.7058823529411765
1,5,48,0.46253567934036255,0.5322012305259705,0.7299270072992701,0.7058823529411765
1,5,49,0.4592892825603485,0.5350774526596069,0.7445255474452555,0.7058823529411765
1,5,50,0.4548560380935669,0.531825602054596,0.7664233576642335,0.7058823529411765
1,5,51,0.4519156217575073,0.5308156609535217,0.7883211678832117,0.7058823529411765
1,5,52,0.4479294717311859,0.5297718644142151,0.7883211678832117,0.7352941176470589
1,5,53,0.44429120421409607,0.5303763151168823,0.7883211678832117,0.7352941176470589
1,5,54,0.4399578273296356,0.5271759033203125,0.781021897810219,0.7647058823529411
1,5,55,0.4361173212528229,0.5267699956893921,0.7883211678832117,0.7352941176470589
1,5,56,0.43223047256469727,0.5263962745666504,0.7883211678832117,0.7352941176470589
1,5,57,0.42828574776649475,0.5257237553596497,0.7883211678832117,0.7352941176470589
1,5,58,0.42351120710372925,0.520513117313385,0.7956204379562044,0.7647058823529411
1,5,59,0.4201628267765045,0.5197240114212036,0.7883211678832117,0.7647058823529411
1,5,60,0.41791361570358276,0.5267193913459778,0.7956204379562044,0.7647058823529411
1,5,61,0.41339510679244995,0.5108695030212402,0.8248175182481752,0.7647058823529411
1,5,62,0.409255713224411,0.5238722562789917,0.7956204379562044,0.7647058823529411
1,5,63,0.40166446566581726,0.5160403847694397,0.8175182481751825,0.7647058823529411
1,5,64,0.4039333462715149,0.5038092136383057,0.8321167883211679,0.7647058823529411
1,5,65,0.40368029475212097,0.5343301892280579,0.8029197080291971,0.7352941176470589
1,5,66,0.3892273008823395,0.5002458095550537,0.8321167883211679,0.7647058823529411
1,5,67,0.3840542435646057,0.49928340315818787,0.8321167883211679,0.7647058823529411
1,5,68,0.3847692906856537,0.5181847214698792,0.8248175182481752,0.7647058823529411
1,5,69,0.38020002841949463,0.49222877621650696,0.8394160583941606,0.7647058823529411
1,5,70,0.3723042607307434,0.5110793113708496,0.8321167883211679,0.7647058823529411
1,5,71,0.3641234338283539,0.4927268922328949,0.8321167883211679,0.7647058823529411
1,5,72,0.3579188883304596,0.49691373109817505,0.8321167883211679,0.7647058823529411
1,5,73,0.35204437375068665,0.4944629669189453,0.8321167883211679,0.7647058823529411
1,5,74,0.34717392921447754,0.4886673092842102,0.8540145985401459,0.7647058823529411
1,5,75,0.3471302092075348,0.5108506083488464,0.8394160583941606,0.7647058823529411
1,5,76,0.36489996314048767,0.4821552336215973,0.8467153284671532,0.7941176470588235
1,5,77,0.35429900884628296,0.5417647957801819,0.8467153284671532,0.7352941176470589
1,5,78,0.32725653052330017,0.4811251163482666,0.8613138686131386,0.7647058823529411
1,5,79,0.31994345784187317,0.48926499485969543,0.8759124087591241,0.7647058823529411
1,5,80,0.3209518790245056,0.5111579298973083,0.8540145985401459,0.7647058823529411
1,5,81,0.3297039568424225,0.4756290912628174,0.8467153284671532,0.7941176470588235
1,5,82,0.3268413543701172,0.5426626801490784,0.8540145985401459,0.7352941176470589
1,5,83,0.30375465750694275,0.47797998785972595,0.8686131386861314,0.7647058823529411
1,5,84,0.2957266867160797,0.48574548959732056,0.8613138686131386,0.7647058823529411
1,5,85,0.3020877540111542,0.5270406007766724,0.8613138686131386,0.7352941176470589
1,5,86,0.30634570121765137,0.4696567952632904,0.8613138686131386,0.7941176470588235
1,5,87,0.3069298565387726,0.5492792129516602,0.8540145985401459,0.7352941176470589
1,5,88,0.2787626087665558,0.4782484769821167,0.8832116788321168,0.7647058823529411
1,5,89,0.27400484681129456,0.4796067476272583,0.8832116788321168,0.7647058823529411
1,5,90,0.2909606695175171,0.5527820587158203,0.8613138686131386,0.7352941176470589
1,5,91,0.324246883392334,0.48521512746810913,0.8540145985401459,0.7352941176470589
1,5,92,0.28387653827667236,0.5534842610359192,0.8613138686131386,0.7352941176470589
1,5,93,0.26323968172073364,0.5226767659187317,0.9051094890510949,0.7352941176470589
1,5,94,0.28706520795822144,0.4756670594215393,0.8686131386861314,0.7647058823529411
1,5,95,0.259596586227417,0.528656542301178,0.9051094890510949,0.7352941176470589
1,5,96,0.2488326132297516,0.5103737711906433,0.8978102189781022,0.7352941176470589
1,5,97,0.25220534205436707,0.47728195786476135,0.8832116788321168,0.7647058823529411
1,5,98,0.26351410150527954,0.5703522562980652,0.8832116788321168,0.7352941176470589
1,5,99,0.23323127627372742,0.49335983395576477,0.8905109489051095,0.7352941176470589
1,5,100,0.23054084181785583,0.4918425977230072,0.8978102189781022,0.7352941176470589
2,1,1,0.5923321843147278,0.6022350788116455,0.7279411764705882,0.7142857142857143
2,1,2,0.691051185131073,0.7203465700149536,0.7279411764705882,0.7142857142857143
2,1,3,0.5935050845146179,0.6114168763160706,0.7279411764705882,0.7142857142857143
2,1,4,0.5950754880905151,0.6043737530708313,0.7279411764705882,0.7142857142857143
2,1,5,0.616212010383606,0.6224826574325562,0.7279411764705882,0.7142857142857143
2,1,6,0.6197586059570312,0.6257032752037048,0.7279411764705882,0.7142857142857143
2,1,7,0.6107004880905151,0.6177788376808167,0.7279411764705882,0.7142857142857143
2,1,8,0.5960399508476257,0.605331301689148,0.7279411764705882,0.7142857142857143
2,1,9,0.58329838514328,0.5958235859870911,0.7279411764705882,0.7142857142857143
2,1,10,0.581344723701477,0.5977574586868286,0.7279411764705882,0.7142857142857143
2,1,11,0.5895605683326721,0.609235405921936,0.7279411764705882,0.7142857142857143
2,1,12,0.5925126671791077,0.6132766604423523,0.7279411764705882,0.7142857142857143
2,1,13,0.5851661562919617,0.6048218607902527,0.7279411764705882,0.7142857142857143
2,1,14,0.577312171459198,0.5947825908660889,0.7279411764705882,0.7142857142857143
2,1,15,0.5757369995117188,0.5908938050270081,0.7279411764705882,0.7142857142857143
2,1,16,0.5787516236305237,0.5923128128051758,0.7279411764705882,0.7142857142857143
2,1,17,0.5813562273979187,0.5942384600639343,0.7279411764705882,0.7142857142857143
2,1,18,0.5809818506240845,0.5940194725990295,0.7279411764705882,0.7142857142857143
2,1,19,0.5769720673561096,0.5910394787788391,0.7279411764705882,0.7142857142857143
2,1,20,0.5712127685546875,0.5870863199234009,0.7279411764705882,0.7142857142857143
2,1,21,0.5670639872550964,0.5851793885231018,0.7279411764705882,0.7142857142857143
2,1,22,0.5662378072738647,0.5866738557815552,0.7279411764705882,0.7142857142857143
2,1,23,0.5672612190246582,0.5895974040031433,0.7279411764705882,0.7142857142857143
2,1,24,0.565674364566803,0.5888238549232483,0.7279411764705882,0.7142857142857143
2,1,25,0.5608001947402954,0.5836722254753113,0.7279411764705882,0.7142857142857143
2,1,26,0.5562767386436462,0.5781456828117371,0.7279411764705882,0.7142857142857143
2,1,27,0.55433589220047,0.5753236413002014,0.7279411764705882,0.7142857142857143
2,1,28,0.5528494715690613,0.5738456845283508,0.7279411764705882,0.7142857142857143
2,1,29,0.5493783354759216,0.5714452266693115,0.7279411764705882,0.7142857142857143
2,1,30,0.5435138940811157,0.567665159702301,0.7279411764705882,0.7142857142857143
2,1,31,0.5382403135299683,0.5649389028549194,0.7279411764705882,0.7142857142857143
2,1,32,0.5348299145698547,0.5639262795448303,0.7279411764705882,0.7142857142857143
2,1,33,0.5310145020484924,0.5619651675224304,0.7279411764705882,0.7142857142857143
2,1,34,0.5255270600318909,0.5571298599243164,0.7279411764705882,0.7142857142857143
2,1,35,0.5213599801063538,0.5527781844139099,0.7279411764705882,0.7142857142857143
2,1,36,0.5177307724952698,0.5498679280281067,0.7279411764705882,0.7142857142857143
2,1,37,0.5114545822143555,0.546157717704773,0.7279411764705882,0.7142857142857143
2,1,38,0.5059965252876282,0.544437825679779,0.7279411764705882,0.7142857142857143
2,1,39,0.5026538372039795,0.544114351272583,0.7279411764705882,0.7142857142857143
2,1,40,0.4973765015602112,0.5382131338119507,0.7279411764705882,0.7142857142857143
2,1,41,0.4950007200241089,0.5344659686088562,0.7279411764705882,0.7142857142857143
2,1,42,0.49156346917152405,0.5322955846786499,0.7279411764705882,0.7142857142857143
2,1,43,0.48811060190200806,0.5327396988868713,0.7279411764705882,0.7142857142857143
2,1,44,0.484197735786438,0.5305644273757935,0.7279411764705882,0.7142857142857143
2,1,45,0.4804042875766754,0.5252715945243835,0.7279411764705882,0.7142857142857143
2,1,46,0.4771617352962494,0.5227518677711487,0.7279411764705882,0.7142857142857143
2,1,47,0.4738309979438782,0.5206998586654663,0.7279411764705882,0.7142857142857143
2,1,48,0.4703138470649719,0.5197945237159729,0.7279411764705882,0.7142857142857143
2,1,49,0.4672079086303711,0.5174906253814697,0.7279411764705882,0.7142857142857143
2,1,50,0.46411824226379395,0.5127999782562256,0.75,0.7142857142857143
2,1,51,0.46078529953956604,0.5108815431594849,0.7720588235294118,0.7428571428571429
2,1,52,0.45722344517707825,0.5093796849250793,0.7720588235294118,0.7428571428571429
2,1,53,0.45359763503074646,0.5061312913894653,0.7647058823529411,0.7428571428571429
2,1,54,0.4500521123409271,0.5036669969558716,0.7720588235294118,0.7428571428571429
2,1,55,0.4472983181476593,0.5031426548957825,0.7720588235294118,0.7428571428571429
2,1,56,0.4442746937274933,0.4970993101596832,0.7867647058823529,0.7428571428571429
2,1,57,0.44032949209213257,0.49494585394859314,0.7794117647058824,0.7142857142857143
2,1,58,0.4363814890384674,0.49400657415390015,0.7867647058823529,0.7428571428571429
2,1,59,0.4330395460128784,0.4921151399612427,0.7941176470588235,0.7428571428571429
2,1,60,0.4292074739933014,0.48606163263320923,0.7867647058823529,0.7142857142857143
2,1,61,0.4253353178501129,0.4859083890914917,0.7941176470588235,0.7142857142857143
2,1,62,0.4207177460193634,0.48267021775245667,0.7794117647058824,0.7142857142857143
2,1,63,0.4174796938896179,0.481292188167572,0.7941176470588235,0.7142857142857143
2,1,64,0.4136565625667572,0.4775914251804352,0.8014705882352942,0.7142857142857143
2,1,65,0.4107245206832886,0.4714936912059784,0.8088235294117647,0.7142857142857143
2,1,66,0.41078317165374756,0.486145555973053,0.7867647058823529,0.7428571428571429
2,1,67,0.403012752532959,0.463910847902298,0.8308823529411765,0.7142857142857143
2,1,68,0.39994093775749207,0.4791840612888336,0.7941176470588235,0.7142857142857143
2,1,69,0.3915354013442993,0.4648386240005493,0.8161764705882353,0.7142857142857143
2,1,70,0.3892434239387512,0.4608832895755768,0.8382352941176471,0.6857142857142857
2,1,71,0.3883722126483917,0.4719160497188568,0.8014705882352942,0.7142857142857143
2,1,72,0.3795728087425232,0.45741239190101624,0.8308823529411765,0.7142857142857143
2,1,73,0.37471917271614075,0.46002480387687683,0.8308823529411765,0.7142857142857143
2,1,74,0.3714989423751831,0.46222633123397827,0.8235294117647058,0.7142857142857143
2,1,75,0.3784666657447815,0.4527915120124817,0.8455882352941176,0.7142857142857143
2,1,76,0.3855747580528259,0.4918532371520996,0.8014705882352942,0.7428571428571429
2,1,77,0.3622143566608429,0.44818058609962463,0.8455882352941176,0.7428571428571429
2,1,78,0.3507463335990906,0.44795286655426025,0.8382352941176471,0.7142857142857143
2,1,79,0.36667516827583313,0.4892898499965668,0.8161764705882353,0.7142857142857143
2,1,80,0.3578924238681793,0.44807156920433044,0.8382352941176471,0.7142857142857143
2,1,81,0.33553433418273926,0.4541596472263336,0.8382352941176471,0.7142857142857143
2,1,82,0.34109094738960266,0.47582000494003296,0.8529411764705882,0.7142857142857143
2,1,83,0.3497369885444641,0.4494437277317047,0.8455882352941176,0.7428571428571429
2,1,84,0.33118578791618347,0.4711894392967224,0.8602941176470589,0.7142857142857143
2,1,85,0.31895509362220764,0.45945391058921814,0.8455882352941176,0.7142857142857143
2,1,86,0.3203757107257843,0.4493326246738434,0.8602941176470589,0.7142857142857143
2,1,87,0.33371269702911377,0.49752873182296753,0.8382352941176471,0.7142857142857143
2,1,88,0.3147963881492615,0.4513980746269226,0.8455882352941176,0.7142857142857143
2,1,89,0.2990320026874542,0.46351727843284607,0.8602941176470589,0.7142857142857143
2,1,90,0.2983167767524719,0.47445863485336304,0.8676470588235294,0.7142857142857143
2,1,91,0.3095534145832062,0.45868727564811707,0.8676470588235294,0.7428571428571429
2,1,92,0.3199557363986969,0.5105927586555481,0.8455882352941176,0.7142857142857143
2,1,93,0.28210094571113586,0.46526196599006653,0.8823529411764706,0.7142857142857143
2,1,94,0.3119176924228668,0.4714552164077759,0.8676470588235294,0.7142857142857143
2,1,95,0.3190048336982727,0.5269525647163391,0.8455882352941176,0.7142857142857143
2,1,96,0.27262750267982483,0.46689051389694214,0.8897058823529411,0.7428571428571429
2,1,97,0.29384592175483704,0.4754326343536377,0.875,0.7428571428571429
2,1,98,0.32251104712486267,0.5413524508476257,0.8455882352941176,0.7142857142857143
2,1,99,0.25997188687324524,0.47728049755096436,0.9117647058823529,0.7428571428571429
2,1,100,0.29872795939445496,0.49291980266571045,0.8823529411764706,0.6571428571428571
2,2,1,0.5962417721748352,0.5870950222015381,0.7226277372262774,0.7352941176470589
2,2,2,0.695686399936676,0.6690812706947327,0.7226277372262774,0.7352941176470589
2,2,3,0.5996443033218384,0.5835113525390625,0.7226277372262774,0.7352941176470589
2,2,4,0.598261296749115,0.5897821187973022,0.7226277372262774,0.7352941176470589
2,2,5,0.6182304620742798,0.6126107573509216,0.7226277372262774,0.7352941176470589
2,2,6,0.6245335340499878,0.6195524334907532,0.7226277372262774,0.7352941176470589
2,2,7,0.6195639967918396,0.614086389541626,0.7226277372262774,0.7352941176470589
2,2,8,0.6077343821525574,0.6009356379508972,0.7226277372262774,0.7352941176470589
2,2,9,0.594353199005127,0.5855296850204468,0.7226277372262774,0.7352941176470589
2,2,10,0.5868735313415527,0.5755305886268616,0.7226277372262774,0.7352941176470589
2,2,11,0.5905137658119202,0.5767460465431213,0.7226277372262774,0.7352941176470589
2,2,12,0.5982966423034668,0.5831665992736816,0.7226277372262774,0.7352941176470589
2,2,13,0.5970582365989685,0.5822558999061584,0.7226277372262774,0.7352941176470589
2,2,14,0.5891061425209045,0.575728178024292,0.7226277372262774,0.7352941176470589
2,2,15,0.5835475325584412,0.5718281865119934,0.7226277372262774,0.7352941176470589
2,2,16,0.5833011865615845,0.5730530619621277,0.7226277372262774,0.7352941176470589
2,2,17,0.5856078267097473,0.5763154029846191,0.7226277372262774,0.7352941176470589
2,2,18,0.587129533290863,0.5783271789550781,0.7226277372262774,0.7352941176470589
2,2,19,0.5862089395523071,0.5774437785148621,0.7226277372262774,0.7352941176470589
2,2,20,0.5829030275344849,0.5737992525100708,0.7226277372262774,0.7352941176470589
2,2,21,0.5788451433181763,0.569166362285614,0.7226277372262774,0.7352941176470589
2,2,22,0.5762792229652405,0.5660516023635864,0.7226277372262774,0.7352941176470589
2,2,23,0.5761562585830688,0.5655818581581116,0.7226277372262774,0.7352941176470589
2,2,24,0.5767746567726135,0.5662662386894226,0.7226277372262774,0.7352941176470589
2,2,25,0.5750269889831543,0.5649537444114685,0.7226277372262774,0.7352941176470589
2,2,26,0.5711809396743774,0.5617864727973938,0.7226277372262774,0.7352941176470589
2,2,27,0.5680896639823914,0.5594387054443359,0.7226277372262774,0.7352941176470589
2,2,28,0.5665779709815979,0.5585874915122986,0.7226277372262774,0.7352941176470589
2,2,29,0.5655650496482849,0.558139443397522,0.7226277372262774,0.7352941176470589
2,2,30,0.5630377531051636,0.5559465289115906,0.7226277372262774,0.7352941176470589
2,2,31,0.5589345097541809,0.5521792769432068,0.7226277372262774,0.7352941176470589
2,2,32,0.5550958514213562,0.5490856170654297,0.7226277372262774,0.7352941176470589
2,2,33,0.552222490310669,0.5474860072135925,0.7226277372262774,0.7352941176470589
2,2,34,0.5495055913925171,0.5464907288551331,0.7226277372262774,0.7352941176470589
2,2,35,0.5452945232391357,0.5439702868461609,0.7226277372262774,0.7352941176470589
2,2,36,0.5403457283973694,0.5404368042945862,0.7226277372262774,0.7352941176470589
2,2,37,0.5362862944602966,0.537622332572937,0.7226277372262774,0.7352941176470589
2,2,38,0.5314323306083679,0.5342625975608826,0.7226277372262774,0.7352941176470589
2,2,39,0.5259808897972107,0.5312772393226624,0.7226277372262774,0.7352941176470589
2,2,40,0.5225468277931213,0.5321962237358093,0.7226277372262774,0.7352941176470589
2,2,41,0.5173618793487549,0.5301059484481812,0.7226277372262774,0.7352941176470589
2,2,42,0.5119853019714355,0.525765597820282,0.7226277372262774,0.7352941176470589
2,2,43,0.5074276924133301,0.5236684083938599,0.7226277372262774,0.7352941176470589
2,2,44,0.5032705068588257,0.5233099460601807,0.7226277372262774,0.7352941176470589
2,2,45,0.4992319941520691,0.5231592655181885,0.7226277372262774,0.7352941176470589
2,2,46,0.4943632185459137,0.5231167078018188,0.7226277372262774,0.7352941176470589
2,2,47,0.48990553617477417,0.5176690220832825,0.7226277372262774,0.7352941176470589
2,2,48,0.48685726523399353,0.5154820680618286,0.7226277372262774,0.7352941176470589
2,2,49,0.48350244760513306,0.5181284546852112,0.7226277372262774,0.7352941176470589
2,2,50,0.47909122705459595,0.5173808932304382,0.7226277372262774,0.7352941176470589
2,2,51,0.4755547046661377,0.5105735063552856,0.7226277372262774,0.7352941176470589
2,2,52,0.4717681109905243,0.5151190161705017,0.7226277372262774,0.7352941176470589
2,2,53,0.4690026044845581,0.521859347820282,0.7299270072992701,0.7352941176470589
2,2,54,0.4650008976459503,0.5125537514686584,0.7299270072992701,0.8235294117647058
2,2,55,0.4619010388851166,0.5225518345832825,0.7299270072992701,0.8235294117647058
2,2,56,0.4592888057231903,0.5286825895309448,0.7299270072992701,0.8235294117647058
2,2,57,0.4548412263393402,0.520619809627533,0.7664233576642335,0.8235294117647058
2,2,58,0.4502728283405304,0.5297539830207825,0.7664233576642335,0.8235294117647058
2,2,59,0.4488238990306854,0.5425309538841248,0.7518248175182481,0.8235294117647058
2,2,60,0.4447921812534332,0.5258651375770569,0.781021897810219,0.8235294117647058
2,2,61,0.4400991201400757,0.5419613718986511,0.7664233576642335,0.8235294117647058
2,2,62,0.4359818696975708,0.5488853454589844,0.7591240875912408,0.8235294117647058
2,2,63,0.4313129782676697,0.5389518737792969,0.7956204379562044,0.7941176470588235
2,2,64,0.4264220595359802,0.554003119468689,0.781021897810219,0.8235294117647058
2,2,65,0.4221698045730591,0.5516324639320374,0.7956204379562044,0.8235294117647058
2,2,66,0.4195327162742615,0.5651387572288513,0.781021897810219,0.8235294117647058
2,2,67,0.4149901270866394,0.5544312596321106,0.7883211678832117,0.8235294117647058
2,2,68,0.4105520248413086,0.5646713972091675,0.7956204379562044,0.8235294117647058
2,2,69,0.4075990319252014,0.5754196047782898,0.7956204379562044,0.8235294117647058
2,2,70,0.4021896421909332,0.5680532455444336,0.7956204379562044,0.8235294117647058
2,2,71,0.3989056646823883,0.5610061883926392,0.8175182481751825,0.8235294117647058
2,2,72,0.40220579504966736,0.6115368008613586,0.781021897810219,0.8235294117647058
2,2,73,0.40185508131980896,0.5486859083175659,0.8102189781021898,0.7941176470588235
2,2,74,0.40321338176727295,0.6290088295936584,0.781021897810219,0.8235294117647058
2,2,75,0.38336241245269775,0.5915069580078125,0.8102189781021898,0.8235294117647058
2,2,76,0.3913940489292145,0.5529943108558655,0.8029197080291971,0.8235294117647058
2,2,77,0.4007621109485626,0.6614254713058472,0.781021897810219,0.8235294117647058
2,2,78,0.38290244340896606,0.5631488561630249,0.8102189781021898,0.8235294117647058
2,2,79,0.3762306272983551,0.5750626921653748,0.8029197080291971,0.7941176470588235
2,2,80,0.39979568123817444,0.6898915767669678,0.7518248175182481,0.8235294117647058
2,2,81,0.3659975230693817,0.6120597720146179,0.8175182481751825,0.8235294117647058
2,2,82,0.3745560348033905,0.5831421613693237,0.8467153284671532,0.8529411764705882
2,2,83,0.3749951720237732,0.6814879179000854,0.7883211678832117,0.8235294117647058
2,2,84,0.3613456189632416,0.6639574766159058,0.8102189781021898,0.8235294117647058
2,2,85,0.37439823150634766,0.5968930721282959,0.8248175182481752,0.8529411764705882
2,2,86,0.3555375933647156,0.676523745059967,0.8248175182481752,0.8235294117647058
2,2,87,0.36684802174568176,0.7272345423698425,0.7956204379562044,0.8235294117647058
2,2,88,0.3658759593963623,0.6185814142227173,0.8248175182481752,0.8529411764705882
2,2,89,0.3463662564754486,0.6574806571006775,0.8175182481751825,0.8235294117647058
2,2,90,0.3740844130516052,0.7740762829780579,0.7883211678832117,0.8235294117647058
2,2,91,0.34367409348487854,0.6600411534309387,0.8540145985401459,0.8529411764705882
2,2,92,0.3608955442905426,0.6322490572929382,0.8467153284671532,0.8529411764705882
2,2,93,0.3628333508968353,0.7758612632751465,0.7883211678832117,0.8235294117647058
2,2,94,0.34408625960350037,0.7442312836647034,0.8102189781021898,0.8235294117647058
2,2,95,0.3614557981491089,0.6417261958122253,0.8467153284671532,0.8529411764705882
2,2,96,0.3306325078010559,0.7104932069778442,0.8540145985401459,0.8235294117647058
2,2,97,0.3441562056541443,0.7910398840904236,0.8102189781021898,0.8235294117647058
2,2,98,0.33887332677841187,0.6740151643753052,0.8467153284671532,0.8529411764705882
2,2,99,0.3268228769302368,0.7042477130889893,0.8540145985401459,0.8529411764705882
2,2,100,0.3359784185886383,0.7935309410095215,0.8248175182481752,0.8235294117647058
2,3,1,0.5942209959030151,0.5845224857330322,0.7226277372262774,0.7352941176470589
2,3,2,0.6855480670928955,0.6607187390327454,0.7226277372262774,0.7352941176470589
2,3,3,0.5951237678527832,0.5805209875106812,0.7226277372262774,0.7352941176470589
2,3,4,0.599967360496521,0.5922611951828003,0.7226277372262774,0.7352941176470589
2,3,5,0.6174564361572266,0.6121251583099365,0.7226277372262774,0.7352941176470589
2,3,6,0.6213034987449646,0.6164613366127014,0.7226277372262774,0.7352941176470589
2,3,7,0.6159705519676208,0.6107407808303833,0.7226277372262774,0.7352941176470589
2,3,8,0.605356752872467,0.5991017818450928,0.7226277372262774,0.7352941176470589
2,3,9,0.5936681628227234,0.5858436822891235,0.7226277372262774,0.7352941176470589
2,3,10,0.5861953496932983,0.5763412117958069,0.7226277372262774,0.7352941176470589
2,3,11,0.5878028273582458,0.575728714466095,0.7226277372262774,0.7352941176470589
2,3,12,0.5947537422180176,0.5812737345695496,0.7226277372262774,0.7352941176470589
2,3,13,0.5954039692878723,0.5820947885513306,0.7226277372262774,0.7352941176470589
2,3,14,0.5886244773864746,0.5767903923988342,0.7226277372262774,0.7352941176470589
2,3,15,0.5823269486427307,0.5724201798439026,0.7226277372262774,0.7352941176470589
2,3,16,0.5804082155227661,0.5722740292549133,0.7226277372262774,0.7352941176470589
2,3,17,0.5814915299415588,0.5747015476226807,0.7226277372262774,0.7352941176470589
2,3,18,0.5827208161354065,0.5768800377845764,0.7226277372262774,0.7352941176470589
2,3,19,0.5819225907325745,0.5766454935073853,0.7226277372262774,0.7352941176470589
2,3,20,0.5789576768875122,0.5739948153495789,0.7226277372262774,0.7352941176470589
2,3,21,0.5749990940093994,0.5701375007629395,0.7226277372262774,0.7352941176470589
2,3,22,0.5716612339019775,0.5667896866798401,0.7226277372262774,0.7352941176470589
2,3,23,0.5700209140777588,0.5652685761451721,0.7226277372262774,0.7352941176470589
2,3,24,0.5688294172286987,0.564614474773407,0.7226277372262774,0.7352941176470589
2,3,25,0.5665801763534546,0.5633508563041687,0.7226277372262774,0.7352941176470589
2,3,26,0.5628805160522461,0.5610107183456421,0.7226277372262774,0.7352941176470589
2,3,27,0.5589629411697388,0.5586367249488831,0.7226277372262774,0.7352941176470589
2,3,28,0.5557247996330261,0.5569876432418823,0.7226277372262774,0.7352941176470589
2,3,29,0.5524955987930298,0.5553976893424988,0.7226277372262774,0.7352941176470589
2,3,30,0.5477451086044312,0.5524866580963135,0.7226277372262774,0.7352941176470589
2,3,31,0.541725218296051,0.5483705997467041,0.7226277372262774,0.7352941176470589
2,3,32,0.5367752313613892,0.5453590154647827,0.7226277372262774,0.7352941176470589
2,3,33,0.5321617722511292,0.542797327041626,0.7226277372262774,0.7352941176470589
2,3,34,0.5259026885032654,0.5385350584983826,0.7226277372262774,0.7352941176470589
2,3,35,0.5204272866249084,0.5346468687057495,0.7226277372262774,0.7352941176470589
2,3,36,0.5153859853744507,0.5314151644706726,0.7226277372262774,0.7352941176470589
2,3,37,0.5091274380683899,0.5274779200553894,0.7226277372262774,0.7352941176470589
2,3,38,0.5033801794052124,0.5243798494338989,0.7226277372262774,0.7352941176470589
2,3,39,0.4991793632507324,0.522430956363678,0.7226277372262774,0.7352941176470589
2,3,40,0.49337512254714966,0.5180004835128784,0.7226277372262774,0.7352941176470589
2,3,41,0.4893333315849304,0.5154237747192383,0.7226277372262774,0.7352941176470589
2,3,42,0.48384517431259155,0.512764573097229,0.7226277372262774,0.7352941176470589
2,3,43,0.4812834858894348,0.5130846500396729,0.7226277372262774,0.7352941176470589
2,3,44,0.473800390958786,0.5077852606773376,0.7226277372262774,0.7352941176470589
2,3,45,0.47112390398979187,0.5069941282272339,0.7226277372262774,0.7352941176470589
2,3,46,0.4669528901576996,0.504781186580658,0.7226277372262774,0.7352941176470589
2,3,47,0.4620160460472107,0.5030825138092041,0.7226277372262774,0.7352941176470589
2,3,48,0.45756644010543823,0.5025330781936646,0.7226277372262774,0.7352941176470589
2,3,49,0.4529038667678833,0.5000823736190796,0.7226277372262774,0.7352941176470589
2,3,50,0.44930100440979004,0.49929696321487427,0.7226277372262774,0.7352941176470589
2,3,51,0.44614681601524353,0.4993158280849457,0.7226277372262774,0.7352941176470589
2,3,52,0.44232070446014404,0.4968331754207611,0.7226277372262774,0.7352941176470589
2,3,53,0.43786460161209106,0.49647584557533264,0.7226277372262774,0.7352941176470589
2,3,54,0.434138685464859,0.49695587158203125,0.7226277372262774,0.7352941176470589
2,3,55,0.43067413568496704,0.4951325058937073,0.7226277372262774,0.7352941176470589
2,3,56,0.42640653252601624,0.4942835569381714,0.7591240875912408,0.7647058823529411
2,3,57,0.42220234870910645,0.49457886815071106,0.7737226277372263,0.7941176470588235
2,3,58,0.41866686940193176,0.49852830171585083,0.7956204379562044,0.7941176470588235
2,3,59,0.4145495295524597,0.49435266852378845,0.781021897810219,0.7941176470588235
2,3,60,0.41024184226989746,0.4940284192562103,0.7883211678832117,0.7941176470588235
2,3,61,0.4060169458389282,0.4948080778121948,0.781021897810219,0.7941176470588235
2,3,62,0.4024067223072052,0.4950507581233978,0.7883211678832117,0.7647058823529411
2,3,63,0.39850956201553345,0.49620941281318665,0.8175182481751825,0.7647058823529411
2,3,64,0.39484789967536926,0.4916161894798279,0.7956204379562044,0.7647058823529411
2,3,65,0.3909088671207428,0.49353542923927307,0.8175182481751825,0.7941176470588235
2,3,66,0.3898548185825348,0.49011725187301636,0.8029197080291971,0.7941176470588235
2,3,67,0.3897756338119507,0.5016931891441345,0.8394160583941606,0.7058823529411765
2,3,68,0.38547196984291077,0.49265366792678833,0.7956204379562044,0.7941176470588235
2,3,69,0.37298429012298584,0.4917450547218323,0.8321167883211679,0.7941176470588235
2,3,70,0.36835411190986633,0.49021777510643005,0.8248175182481752,0.7352941176470589
2,3,71,0.36835551261901855,0.48840707540512085,0.8175182481751825,0.7352941176470589
2,3,72,0.37059709429740906,0.5016688108444214,0.8394160583941606,0.7058823529411765
2,3,73,0.3669853210449219,0.4938914477825165,0.8175182481751825,0.7941176470588235
2,3,74,0.352987676858902,0.49071529507637024,0.8467153284671532,0.7647058823529411
2,3,75,0.3531506359577179,0.49711716175079346,0.8321167883211679,0.7352941176470589
2,3,76,0.36397993564605713,0.500366747379303,0.8175182481751825,0.7941176470588235
2,3,77,0.3515744209289551,0.5040757656097412,0.8394160583941606,0.7058823529411765
2,3,78,0.3420017659664154,0.48811912536621094,0.8394160583941606,0.7647058823529411
2,3,79,0.33656221628189087,0.4876241087913513,0.8467153284671532,0.7941176470588235
2,3,80,0.3396855294704437,0.502884030342102,0.8467153284671532,0.7058823529411765
2,3,81,0.34221887588500977,0.49640515446662903,0.8394160583941606,0.7941176470588235
2,3,82,0.3283730447292328,0.4946562349796295,0.8540145985401459,0.7058823529411765
2,3,83,0.32606077194213867,0.4957520067691803,0.8613138686131386,0.7352941176470589
2,3,84,0.3422892987728119,0.5086630582809448,0.8248175182481752,0.7941176470588235
2,3,85,0.3336828947067261,0.517476499080658,0.8321167883211679,0.7058823529411765
2,3,86,0.3142187297344208,0.48760464787483215,0.8467153284671532,0.7647058823529411
2,3,87,0.3397923409938812,0.5177646279335022,0.8175182481751825,0.7941176470588235
2,3,88,0.3236270248889923,0.5111932754516602,0.8540145985401459,0.7058823529411765
2,3,89,0.3081676661968231,0.48504284024238586,0.8613138686131386,0.7352941176470589
2,3,90,0.3225230276584625,0.5024020671844482,0.8321167883211679,0.7941176470588235
2,3,91,0.304544597864151,0.49306049942970276,0.8686131386861314,0.7647058823529411
2,3,92,0.2985150218009949,0.48790180683135986,0.8540145985401459,0.7352941176470589
2,3,93,0.2982587516307831,0.49200037121772766,0.8613138686131386,0.7941176470588235
2,3,94,0.2982245087623596,0.5064149498939514,0.8832116788321168,0.7647058823529411
2,3,95,0.2949933707714081,0.5039646029472351,0.8686131386861314,0.7941176470588235
2,3,96,0.2835347652435303,0.4984268844127655,0.8613138686131386,0.7647058823529411
2,3,97,0.2872677147388458,0.5087276101112366,0.8832116788321168,0.7647058823529411
2,3,98,0.32283923029899597,0.5565082430839539,0.8102189781021898,0.7941176470588235
2,3,99,0.3079261779785156,0.5434281826019287,0.8613138686131386,0.6764705882352942
2,3,100,0.2715493142604828,0.5032413601875305,0.8905109489051095,0.7647058823529411
2,4,1,0.6008936762809753,0.5929645299911499,0.7226277372262774,0.7352941176470589
2,4,2,0.6834887266159058,0.6588452458381653,0.7226277372262774,0.7352941176470589
2,4,3,0.5959198474884033,0.5814351439476013,0.7226277372262774,0.7352941176470589
2,4,4,0.6007940173149109,0.5936554670333862,0.7226277372262774,0.7352941176470589
2,4,5,0.6199806332588196,0.6154355406761169,0.7226277372262774,0.7352941176470589
2,4,6,0.6192198991775513,0.614924967288971,0.7226277372262774,0.7352941176470589
2,4,7,0.6065337657928467,0.6013455390930176,0.7226277372262774,0.7352941176470589
2,4,8,0.5915572047233582,0.5846105813980103,0.7226277372262774,0.7352941176470589
2,4,9,0.5854400396347046,0.5761127471923828,0.7226277372262774,0.7352941176470589
2,4,10,0.5919375419616699,0.5806213021278381,0.7226277372262774,0.7352941176470589
2,4,11,0.5965415835380554,0.5849875807762146,0.7226277372262774,0.7352941176470589
2,4,12,0.589911162853241,0.580098569393158,0.7226277372262774,0.7352941176470589
2,4,13,0.5820094347000122,0.5747226476669312,0.7226277372262774,0.7352941176470589
2,4,14,0.579517662525177,0.5747283697128296,0.7226277372262774,0.7352941176470589
2,4,15,0.5811668038368225,0.5782567262649536,0.7226277372262774,0.7352941176470589
2,4,16,0.5822398066520691,0.5807491540908813,0.7226277372262774,0.7352941176470589
2,4,17,0.5798192024230957,0.5793212056159973,0.7226277372262774,0.7352941176470589
2,4,18,0.5748423337936401,0.5750753879547119,0.7226277372262774,0.7352941176470589
2,4,19,0.5702587962150574,0.5709274411201477,0.7226277372262774,0.7352941176470589
2,4,20,0.5685592889785767,0.5697968602180481,0.7226277372262774,0.7352941176470589
2,4,21,0.5679190754890442,0.5702717900276184,0.7226277372262774,0.7352941176470589
2,4,22,0.5648936033248901,0.5692543983459473,0.7226277372262774,0.7352941176470589
2,4,23,0.5597644448280334,0.5668371915817261,0.7226277372262774,0.7352941176470589
2,4,24,0.5556558966636658,0.5658133625984192,0.7226277372262774,0.7352941176470589
2,4,25,0.5523515939712524,0.5657722353935242,0.7226277372262774,0.7352941176470589
2,4,26,0.5479073524475098,0.564681887626648,0.7226277372262774,0.7352941176470589
2,4,27,0.5417865514755249,0.5619979500770569,0.7226277372262774,0.7352941176470589
2,4,28,0.5357559323310852,0.5592847466468811,0.7226277372262774,0.7352941176470589
2,4,29,0.5308994054794312,0.5580904483795166,0.7226277372262774,0.7352941176470589
2,4,30,0.5251193642616272,0.5569189786911011,0.7226277372262774,0.7352941176470589
2,4,31,0.5178930163383484,0.555423378944397,0.7226277372262774,0.7352941176470589
2,4,32,0.5124073624610901,0.5557227730751038,0.7226277372262774,0.7352941176470589
2,4,33,0.5058025121688843,0.5552240610122681,0.7226277372262774,0.7352941176470589
2,4,34,0.4988592565059662,0.553828775882721,0.7226277372262774,0.7352941176470589
2,4,35,0.4933370351791382,0.5536119937896729,0.7226277372262774,0.7352941176470589
2,4,36,0.48724937438964844,0.5541643500328064,0.7226277372262774,0.7352941176470589
2,4,37,0.48105213046073914,0.555766224861145,0.7226277372262774,0.7352941176470589
2,4,38,0.47588464617729187,0.556908905506134,0.7226277372262774,0.7352941176470589
2,4,39,0.47039762139320374,0.5581788420677185,0.7226277372262774,0.7352941176470589
2,4,40,0.46495968103408813,0.5606456995010376,0.7226277372262774,0.7352941176470589
2,4,41,0.45902809500694275,0.5618167519569397,0.7226277372262774,0.7352941176470589
2,4,42,0.4539758563041687,0.5627164840698242,0.7518248175182481,0.7647058823529411
2,4,43,0.4483706057071686,0.5650401711463928,0.7591240875912408,0.7941176470588235
2,4,44,0.4436521530151367,0.5658712983131409,0.7664233576642335,0.7941176470588235
2,4,45,0.43830475211143494,0.5665925145149231,0.781021897810219,0.7941176470588235
2,4,46,0.4330410957336426,0.567634642124176,0.781021897810219,0.7352941176470589
2,4,47,0.42673060297966003,0.5699175596237183,0.781021897810219,0.7352941176470589
2,4,48,0.4210153818130493,0.5729137063026428,0.7956204379562044,0.7352941176470589
2,4,49,0.415353924036026,0.5731626152992249,0.7956204379562044,0.7352941176470589
2,4,50,0.4130690395832062,0.5803743600845337,0.7883211678832117,0.7352941176470589
2,4,51,0.40661853551864624,0.5766980648040771,0.8029197080291971,0.6764705882352942
2,4,52,0.40026968717575073,0.5788331627845764,0.8029197080291971,0.6764705882352942
2,4,53,0.4057166278362274,0.5961155891418457,0.7956204379562044,0.7647058823529411
2,4,54,0.3944850564002991,0.5817907452583313,0.8394160583941606,0.6764705882352942
2,4,55,0.38410595059394836,0.5888266563415527,0.8029197080291971,0.7058823529411765
2,4,56,0.3833957314491272,0.6004343628883362,0.8102189781021898,0.7058823529411765
2,4,57,0.3806478679180145,0.591393232345581,0.8175182481751825,0.6470588235294118
2,4,58,0.3712821900844574,0.6097961664199829,0.8029197080291971,0.7058823529411765
2,4,59,0.36761045455932617,0.6155515313148499,0.8102189781021898,0.7058823529411765
2,4,60,0.3659950792789459,0.6030936241149902,0.8394160583941606,0.6764705882352942
2,4,61,0.3603828549385071,0.6300965547561646,0.8102189781021898,0.7058823529411765
2,4,62,0.35141730308532715,0.6312189698219299,0.8467153284671532,0.6764705882352942
2,4,63,0.3545057773590088,0.6215319037437439,0.8467153284671532,0.6764705882352942
2,4,64,0.3536205589771271,0.6571923494338989,0.8175182481751825,0.7058823529411765
2,4,65,0.3460029661655426,0.6366481781005859,0.8540145985401459,0.6764705882352942
2,4,66,0.335928350687027,0.659927248954773,0.8467153284671532,0.6764705882352942
2,4,67,0.33494845032691956,0.6760154366493225,0.8321167883211679,0.6764705882352942
2,4,68,0.33264634013175964,0.6580674052238464,0.8540145985401459,0.6764705882352942
2,4,69,0.32910218834877014,0.6883333921432495,0.8467153284671532,0.6764705882352942
2,4,70,0.3198957145214081,0.6794079542160034,0.8686131386861314,0.6764705882352942
2,4,71,0.31672099232673645,0.6855471134185791,0.8686131386861314,0.6764705882352942
2,4,72,0.31429341435432434,0.7091624140739441,0.8613138686131386,0.6764705882352942
2,4,73,0.3146035075187683,0.6938470602035522,0.8540145985401459,0.6470588235294118
2,4,74,0.32258740067481995,0.7448028326034546,0.8467153284671532,0.7058823529411765
2,4,75,0.3265534043312073,0.6995747685432434,0.8321167883211679,0.6470588235294118
2,4,76,0.31553372740745544,0.7546153664588928,0.8467153284671532,0.7058823529411765
2,4,77,0.30269554257392883,0.7179970145225525,0.8613138686131386,0.6764705882352942
2,4,78,0.29537349939346313,0.7277025580406189,0.8759124087591241,0.6764705882352942
2,4,79,0.3000079393386841,0.7555160522460938,0.8540145985401459,0.7058823529411765
2,4,80,0.29684126377105713,0.7321557402610779,0.8540145985401459,0.6470588235294118
2,4,81,0.3096899390220642,0.7794234156608582,0.8540145985401459,0.7058823529411765
2,4,82,0.2871095538139343,0.7453171014785767,0.8686131386861314,0.6764705882352942
2,4,83,0.28573793172836304,0.7532962560653687,0.8613138686131386,0.6764705882352942
2,4,84,0.30485567450523376,0.8122080564498901,0.8540145985401459,0.7058823529411765
2,4,85,0.2898210883140564,0.7554892301559448,0.8686131386861314,0.6470588235294118
2,4,86,0.27441227436065674,0.7678396701812744,0.8759124087591241,0.6764705882352942
2,4,87,0.2893449664115906,0.798123300075531,0.8759124087591241,0.7058823529411765
2,4,88,0.2881441116333008,0.7549477219581604,0.8686131386861314,0.6470588235294118
2,4,89,0.26692789793014526,0.7703788876533508,0.8832116788321168,0.6764705882352942
2,4,90,0.2788810729980469,0.7964358329772949,0.8978102189781022,0.7352941176470589
2,4,91,0.27582961320877075,0.7645400166511536,0.8832116788321168,0.6764705882352942
2,4,92,0.26448678970336914,0.7841402888298035,0.8905109489051095,0.6764705882352942
2,4,93,0.2584365904331207,0.7822141051292419,0.8832116788321168,0.6764705882352942
2,4,94,0.25746282935142517,0.7767622470855713,0.8832116788321168,0.6764705882352942
2,4,95,0.2574036419391632,0.7891764640808105,0.8905109489051095,0.6764705882352942
2,4,96,0.25273773074150085,0.7805036902427673,0.8832116788321168,0.6764705882352942
2,4,97,0.25686392188072205,0.8063657283782959,0.8905109489051095,0.7058823529411765
2,4,98,0.25073012709617615,0.7853055596351624,0.8905109489051095,0.7058823529411765
2,4,99,0.24128076434135437,0.7932677865028381,0.8978102189781022,0.6764705882352942
2,4,100,0.23826098442077637,0.7904394865036011,0.8978102189781022,0.6764705882352942
2,5,1,0.5941087603569031,0.61030513048172,0.7299270072992701,0.7058823529411765
2,5,2,0.6702716946601868,0.7192385196685791,0.7299270072992701,0.7058823529411765
2,5,3,0.5905900597572327,0.6218955516815186,0.7299270072992701,0.7058823529411765
2,5,4,0.5917453169822693,0.6088163256645203,0.7299270072992701,0.7058823529411765
2,5,5,0.609959065914154,0.6220165491104126,0.7299270072992701,0.7058823529411765
2,5,6,0.6110283732414246,0.6229298114776611,0.7299270072992701,0.7058823529411765
2,5,7,0.600494921207428,0.6149218082427979,0.7299270072992701,0.7058823529411765
2,5,8,0.5866727232933044,0.605667769908905,0.7299270072992701,0.7058823529411765
2,5,9,0.578597903251648,0.6040733456611633,0.7299270072992701,0.7058823529411765
2,5,10,0.5836912989616394,0.6162407398223877,0.7299270072992701,0.7058823529411765
2,5,11,0.5907320976257324,0.6271504759788513,0.7299270072992701,0.7058823529411765
2,5,12,0.5861713886260986,0.6217572689056396,0.7299270072992701,0.7058823529411765
2,5,13,0.5771054625511169,0.6089106202125549,0.7299270072992701,0.7058823529411765
2,5,14,0.5734045505523682,0.6007094979286194,0.7299270072992701,0.7058823529411765
2,5,15,0.5755512714385986,0.5993704199790955,0.7299270072992701,0.7058823529411765
2,5,16,0.5781617164611816,0.6002793908119202,0.7299270072992701,0.7058823529411765
2,5,17,0.5774420499801636,0.5996893644332886,0.7299270072992701,0.7058823529411765
2,5,18,0.5731313228607178,0.5973328351974487,0.7299270072992701,0.7058823529411765
2,5,19,0.567730724811554,0.5954666137695312,0.7299270072992701,0.7058823529411765
2,5,20,0.5650623440742493,0.5974374413490295,0.7299270072992701,0.7058823529411765
2,5,21,0.5660334825515747,0.6026186943054199,0.7299270072992701,0.7058823529411765
2,5,22,0.5662844777107239,0.6053096055984497,0.7299270072992701,0.7058823529411765
2,5,23,0.5614895820617676,0.5996707677841187,0.7299270072992701,0.7058823529411765
2,5,24,0.55614173412323,0.591437041759491,0.7299270072992701,0.7058823529411765
2,5,25,0.5544963479042053,0.5866906642913818,0.7299270072992701,0.7058823529411765
2,5,26,0.5546039342880249,0.5847338438034058,0.7299270072992701,0.7058823529411765
2,5,27,0.5515217781066895,0.5822979211807251,0.7299270072992701,0.7058823529411765
2,5,28,0.5452562570571899,0.5793218016624451,0.7299270072992701,0.7058823529411765
2,5,29,0.5402084589004517,0.5796366333961487,0.7299270072992701,0.7058823529411765
2,5,30,0.5387734770774841,0.5828664302825928,0.7299270072992701,0.7058823529411765
2,5,31,0.536584198474884,0.5827442407608032,0.7299270072992701,0.7058823529411765
2,5,32,0.5305975675582886,0.5745967626571655,0.7299270072992701,0.7058823529411765
2,5,33,0.5261260271072388,0.5662277340888977,0.7299270072992701,0.7058823529411765
2,5,34,0.5238221287727356,0.5607419610023499,0.7299270072992701,0.7058823529411765
2,5,35,0.5183858275413513,0.5567731261253357,0.7299270072992701,0.7058823529411765
2,5,36,0.5123426914215088,0.5571126341819763,0.7299270072992701,0.7058823529411765
2,5,37,0.5105640888214111,0.5615934133529663,0.7299270072992701,0.7058823529411765
2,5,38,0.5052793025970459,0.554581344127655,0.7299270072992701,0.7058823529411765
2,5,39,0.5013218522071838,0.5426614284515381,0.7299270072992701,0.7058823529411765
2,5,40,0.49831846356391907,0.537743091583252,0.7299270072992701,0.7058823529411765
2,5,41,0.49183815717697144,0.538321852684021,0.7299270072992701,0.7058823529411765
2,5,42,0.48863688111305237,0.5404547452926636,0.7299270072992701,0.7058823529411765
2,5,43,0.48251163959503174,0.5282780528068542,0.7299270072992701,0.7058823529411765
2,5,44,0.48009762167930603,0.5193877220153809,0.7299270072992701,0.7058823529411765
2,5,45,0.47532621026039124,0.5228889584541321,0.7299270072992701,0.7058823529411765
2,5,46,0.4727162718772888,0.5238056182861328,0.7299270072992701,0.7058823529411765
2,5,47,0.4682101011276245,0.5123634338378906,0.7664233576642335,0.6764705882352942
2,5,48,0.46515968441963196,0.5082429647445679,0.781021897810219,0.6764705882352942
2,5,49,0.46166032552719116,0.5146974921226501,0.7737226277372263,0.6470588235294118
2,5,50,0.45694079995155334,0.5087835788726807,0.781021897810219,0.6764705882352942
2,5,51,0.453685998916626,0.49957185983657837,0.781021897810219,0.6764705882352942
2,5,52,0.44922304153442383,0.5057496428489685,0.781021897810219,0.6764705882352942
2,5,53,0.4450782537460327,0.5035742521286011,0.781021897810219,0.6470588235294118
2,5,54,0.44011062383651733,0.4935278594493866,0.7956204379562044,0.6764705882352942
2,5,55,0.4370673596858978,0.49664777517318726,0.7737226277372263,0.6764705882352942
2,5,56,0.43273013830184937,0.49323132634162903,0.781021897810219,0.6764705882352942
2,5,57,0.42893722653388977,0.483388215303421,0.8102189781021898,0.7352941176470589
2,5,58,0.42547929286956787,0.49314823746681213,0.7737226277372263,0.7058823529411765
2,5,59,0.4193975329399109,0.4828566908836365,0.7956204379562044,0.7352941176470589
2,5,60,0.41514965891838074,0.47918981313705444,0.8102189781021898,0.7647058823529411
2,5,61,0.41009050607681274,0.48263639211654663,0.7956204379562044,0.7647058823529411
2,5,62,0.40367308259010315,0.4693538248538971,0.8394160583941606,0.7647058823529411
2,5,63,0.40396061539649963,0.4862929582595825,0.7883211678832117,0.7352941176470589
2,5,64,0.39641621708869934,0.4606247544288635,0.8467153284671532,0.7941176470588235
2,5,65,0.3880288004875183,0.4700077772140503,0.8248175182481752,0.7647058823529411
2,5,66,0.37999430298805237,0.4595613479614258,0.8321167883211679,0.7352941176470589
2,5,67,0.3772702217102051,0.45097899436950684,0.8394160583941606,0.7941176470588235
2,5,68,0.3841423988342285,0.4809565842151642,0.7956204379562044,0.7647058823529411
2,5,69,0.39931994676589966,0.4522213339805603,0.8102189781021898,0.7941176470588235
2,5,70,0.37373384833335876,0.47423481941223145,0.8102189781021898,0.7647058823529411
2,5,71,0.3603374660015106,0.45702216029167175,0.8467153284671532,0.7352941176470589
2,5,72,0.379280686378479,0.44448161125183105,0.8248175182481752,0.7941176470588235
2,5,73,0.3648003339767456,0.4722130596637726,0.8102189781021898,0.7647058823529411
2,5,74,0.3484344482421875,0.4517802596092224,0.8394160583941606,0.7352941176470589
2,5,75,0.3640858829021454,0.44115889072418213,0.8321167883211679,0.7941176470588235
2,5,76,0.34691882133483887,0.4589541256427765,0.8321167883211679,0.7647058823529411
2,5,77,0.3410431742668152,0.45574143528938293,0.8321167883211679,0.7352941176470589
2,5,78,0.34143713116645813,0.436520516872406,0.8759124087591241,0.7941176470588235
2,5,79,0.32918453216552734,0.4450114071369171,0.8686131386861314,0.7647058823529411
2,5,80,0.3263080418109894,0.4437994658946991,0.8686131386861314,0.7647058823529411
2,5,81,0.32350561022758484,0.4354201555252075,0.8832116788321168,0.7941176470588235
2,5,82,0.3261698782444,0.45545274019241333,0.8248175182481752,0.7352941176470589
2,5,83,0.3153969347476959,0.435775488615036,0.8832116788321168,0.7647058823529411
2,5,84,0.3091910779476166,0.4392612874507904,0.8686131386861314,0.7647058823529411
2,5,85,0.306708961725235,0.4430655241012573,0.8686131386861314,0.7647058823529411
2,5,86,0.30289265513420105,0.4344720244407654,0.8905109489051095,0.7647058823529411
2,5,87,0.31264805793762207,0.45925047993659973,0.8540145985401459,0.7058823529411765
2,5,88,0.3077460825443268,0.43858349323272705,0.8613138686131386,0.7647058823529411
2,5,89,0.2988556921482086,0.44863662123680115,0.8759124087591241,0.7647058823529411
2,5,90,0.2843359112739563,0.4319503605365753,0.8759124087591241,0.7647058823529411
2,5,91,0.28523871302604675,0.4328632354736328,0.8905109489051095,0.7647058823529411
2,5,92,0.31599217653274536,0.48072847723960876,0.8467153284671532,0.7647058823529411
2,5,93,0.31143882870674133,0.45076361298561096,0.8686131386861314,0.7352941176470589
2,5,94,0.28973233699798584,0.4539927840232849,0.8686131386861314,0.7647058823529411
2,5,95,0.2681281566619873,0.42927029728889465,0.8905109489051095,0.7647058823529411
2,5,96,0.28051650524139404,0.4372054934501648,0.8686131386861314,0.7352941176470589
2,5,97,0.29652392864227295,0.4740774631500244,0.8613138686131386,0.7647058823529411
2,5,98,0.2762223482131958,0.44377827644348145,0.8759124087591241,0.7352941176470589
2,5,99,0.25397536158561707,0.43612927198410034,0.8905109489051095,0.7647058823529411
2,5,100,0.26662689447402954,0.4569459855556488,0.8832116788321168,0.7647058823529411
3,1,1,0.5865681767463684,0.598417341709137,0.7279411764705882,0.7142857142857143
3,1,2,0.6958655118942261,0.727005660533905,0.7279411764705882,0.7142857142857143
3,1,3,0.5867636203765869,0.6045119166374207,0.7279411764705882,0.7142857142857143
3,1,4,0.6021323800086975,0.6112306714057922,0.7279411764705882,0.7142857142857143
3,1,5,0.6206176280975342,0.6275198459625244,0.7279411764705882,0.7142857142857143
3,1,6,0.6179302334785461,0.6255753040313721,0.7279411764705882,0.7142857142857143
3,1,7,0.6036816239356995,0.6138511896133423,0.7279411764705882,0.7142857142857143
3,1,8,0.5866746306419373,0.6008793711662292,0.7279411764705882,0.7142857142857143
3,1,9,0.5779417753219604,0.597367525100708,0.7279411764705882,0.7142857142857143
3,1,10,0.5841772556304932,0.6091222167015076,0.7279411764705882,0.7142857142857143
3,1,11,0.5900238156318665,0.6181440949440002,0.7279411764705882,0.7142857142857143
3,1,12,0.5830563902854919,0.6114895343780518,0.7279411764705882,0.7142857142857143
3,1,13,0.5731313824653625,0.6002832055091858,0.7279411764705882,0.7142857142857143
3,1,14,0.5698987245559692,0.5953149199485779,0.7279411764705882,0.7142857142857143
3,1,15,0.5722390413284302,0.5967270135879517,0.7279411764705882,0.7142857142857143
3,1,16,0.5742276310920715,0.5990849137306213,0.7279411764705882,0.7142857142857143
3,1,17,0.5715014934539795,0.5985170602798462,0.7279411764705882,0.7142857142857143
3,1,18,0.5646393299102783,0.5954596400260925,0.7279411764705882,0.7142857142857143
3,1,19,0.5578212738037109,0.5934619307518005,0.7279411764705882,0.7142857142857143
3,1,20,0.5551083087921143,0.595848023891449,0.7279411764705882,0.7142857142857143
3,1,21,0.5551906228065491,0.6007777452468872,0.7279411764705882,0.7142857142857143
3,1,22,0.5520904064178467,0.6014512181282043,0.7279411764705882,0.7142857142857143
3,1,23,0.5449717044830322,0.5969902276992798,0.7279411764705882,0.7142857142857143
3,1,24,0.5385570526123047,0.5924645662307739,0.7279411764705882,0.7142857142857143
3,1,25,0.5357754230499268,0.5920904278755188,0.7279411764705882,0.7142857142857143
3,1,26,0.531304121017456,0.5926434397697449,0.7279411764705882,0.7142857142857143
3,1,27,0.5219239592552185,0.5920328497886658,0.7279411764705882,0.7142857142857143
3,1,28,0.5141173005104065,0.593687117099762,0.7279411764705882,0.7142857142857143
3,1,29,0.5098915696144104,0.5983962416648865,0.7279411764705882,0.7142857142857143
3,1,30,0.5023503303527832,0.5985761284828186,0.7279411764705882,0.7142857142857143
3,1,31,0.4945882260799408,0.5972359776496887,0.7279411764705882,0.7142857142857143
3,1,32,0.48812612891197205,0.599812388420105,0.7279411764705882,0.7142857142857143
3,1,33,0.47907695174217224,0.6031368970870972,0.7279411764705882,0.7142857142857143
3,1,34,0.47197845578193665,0.6100767850875854,0.7279411764705882,0.7142857142857143
3,1,35,0.46669134497642517,0.6183062195777893,0.7279411764705882,0.7142857142857143
3,1,36,0.45890724658966064,0.6222283244132996,0.7279411764705882,0.7142857142857143
3,1,37,0.45497962832450867,0.6280106902122498,0.7279411764705882,0.7142857142857143
3,1,38,0.4489458203315735,0.6362552046775818,0.7279411764705882,0.7142857142857143
3,1,39,0.4451974034309387,0.6505982279777527,0.7279411764705882,0.7142857142857143
3,1,40,0.4377066195011139,0.6596225500106812,0.7279411764705882,0.7142857142857143
3,1,41,0.4337256848812103,0.6658698916435242,0.7279411764705882,0.7142857142857143
3,1,42,0.4282422363758087,0.6751936078071594,0.7279411764705882,0.6857142857142857
3,1,43,0.4256480634212494,0.6874719262123108,0.7794117647058824,0.7142857142857143
3,1,44,0.4190409779548645,0.6940090656280518,0.7867647058823529,0.7714285714285715
3,1,45,0.4158572852611542,0.7005267143249512,0.7941176470588235,0.6857142857142857
3,1,46,0.41417577862739563,0.7102081179618835,0.7867647058823529,0.7714285714285715
3,1,47,0.40822187066078186,0.712746262550354,0.8014705882352942,0.6857142857142857
3,1,48,0.40700337290763855,0.7121279835700989,0.8088235294117647,0.6571428571428571
3,1,49,0.4043455719947815,0.7216406464576721,0.8014705882352942,0.7142857142857143
3,1,50,0.3990592956542969,0.7277714610099792,0.8014705882352942,0.7142857142857143
3,1,51,0.3959055542945862,0.7256852388381958,0.8308823529411765,0.6285714285714286
3,1,52,0.390546590089798,0.7386018633842468,0.7941176470588235,0.6857142857142857
3,1,53,0.3831581771373749,0.7372019290924072,0.8088235294117647,0.6571428571428571
3,1,54,0.37849292159080505,0.7430615425109863,0.8088235294117647,0.6571428571428571
3,1,55,0.37448176741600037,0.7488818764686584,0.8161764705882353,0.6571428571428571
3,1,56,0.3709023892879486,0.7502781748771667,0.8161764705882353,0.6857142857142857
3,1,57,0.36758843064308167,0.7472668886184692,0.8382352941176471,0.5714285714285714
3,1,58,0.3686221241950989,0.7624797224998474,0.8014705882352942,0.6571428571428571
3,1,59,0.3587358593940735,0.7559198141098022,0.8455882352941176,0.5714285714285714
3,1,60,0.3549741804599762,0.7587683796882629,0.8455882352941176,0.5714285714285714
3,1,61,0.35391759872436523,0.7714459300041199,0.8235294117647058,0.6857142857142857
3,1,62,0.3504325747489929,0.762081503868103,0.8455882352941176,0.5714285714285714
3,1,63,0.34647151827812195,0.7676989436149597,0.8382352941176471,0.6571428571428571
3,1,64,0.3410802483558655,0.7631143927574158,0.8455882352941176,0.6
3,1,65,0.33563709259033203,0.7636385560035706,0.8455882352941176,0.6
3,1,66,0.33414116501808167,0.7641422748565674,0.8455882352941176,0.6571428571428571
3,1,67,0.3332202434539795,0.7660129070281982,0.8529411764705882,0.6
3,1,68,0.3373822569847107,0.7666462659835815,0.8235294117647058,0.7142857142857143
3,1,69,0.3235557973384857,0.7642934322357178,0.8455882352941176,0.6285714285714286
3,1,70,0.3189367949962616,0.7671234011650085,0.8455882352941176,0.6285714285714286
3,1,71,0.3173190951347351,0.7706536650657654,0.8529411764705882,0.7142857142857143
3,1,72,0.31810876727104187,0.7826271057128906,0.8602941176470589,0.6
3,1,73,0.3155995309352875,0.7796992659568787,0.8382352941176471,0.6857142857142857
3,1,74,0.30810272693634033,0.7862625122070312,0.8602941176470589,0.6285714285714286
3,1,75,0.30312037467956543,0.778562068939209,0.8529411764705882,0.6571428571428571
3,1,76,0.2993725538253784,0.7870747447013855,0.8529411764705882,0.6285714285714286
3,1,77,0.295620858669281,0.7914953827857971,0.8602941176470589,0.6285714285714286
3,1,78,0.30538272857666016,0.7792676091194153,0.8602941176470589,0.6857142857142857
3,1,79,0.3047213852405548,0.7949556708335876,0.8602941176470589,0.5714285714285714
3,1,80,0.2985062897205353,0.7625560164451599,0.8676470588235294,0.7142857142857143
3,1,81,0.283262699842453,0.7627966403961182,0.8602941176470589,0.7142857142857143
3,1,82,0.288512647151947,0.7873822450637817,0.8823529411764706,0.5714285714285714
3,1,83,0.2840840816497803,0.7666541337966919,0.8602941176470589,0.7142857142857143
3,1,84,0.27259522676467896,0.7797733545303345,0.8676470588235294,0.6857142857142857
3,1,85,0.27542901039123535,0.8066842555999756,0.8897058823529411,0.5714285714285714
3,1,86,0.2850043475627899,0.7912890911102295,0.8676470588235294,0.7142857142857143
3,1,87,0.2939813435077667,0.8254378437995911,0.8602941176470589,0.5714285714285714
3,1,88,0.2753549814224243,0.7765561938285828,0.875,0.7142857142857143
3,1,89,0.2571505308151245,0.7794625163078308,0.8602941176470589,0.6857142857142857
3,1,90,0.25630122423171997,0.7902733087539673,0.8897058823529411,0.6571428571428571
3,1,91,0.2594352066516876,0.7794957756996155,0.8676470588235294,0.7142857142857143
3,1,92,0.2532162666320801,0.7966358661651611,0.8897058823529411,0.6285714285714286
3,1,93,0.2452641725540161,0.7857025265693665,0.8823529411764706,0.6857142857142857
3,1,94,0.25656622648239136,0.7879675626754761,0.875,0.7142857142857143
3,1,95,0.2922136187553406,0.8539578318595886,0.8602941176470589,0.5428571428571428
3,1,96,0.24255920946598053,0.798357367515564,0.875,0.7142857142857143
3,1,97,0.26983314752578735,0.8056551814079285,0.8823529411764706,0.7428571428571429
3,1,98,0.28823262453079224,0.8539851903915405,0.8602941176470589,0.5428571428571428
3,1,99,0.2308942675590515,0.7811843752861023,0.9044117647058824,0.6857142857142857
3,1,100,0.2924695312976837,0.7875694036483765,0.8676470588235294,0.7142857142857143
3,2,1,0.5933971405029297,0.6096990704536438,0.7299270072992701,0.7058823529411765
3,2,2,0.6887288093566895,0.7399706244468689,0.7299270072992701,0.7058823529411765
3,2,3,0.5940642952919006,0.626800000667572,0.7299270072992701,0.7058823529411765
3,2,4,0.5910696983337402,0.6086094379425049,0.7299270072992701,0.7058823529411765
3,2,5,0.6139582395553589,0.6256217360496521,0.7299270072992701,0.7058823529411765
3,2,6,0.6198235750198364,0.6305869817733765,0.7299270072992701,0.7058823529411765
3,2,7,0.6118718385696411,0.6244645714759827,0.7299270072992701,0.7058823529411765
3,2,8,0.596713125705719,0.6131881475448608,0.7299270072992701,0.7058823529411765
3,2,9,0.5820781588554382,0.6042982339859009,0.7299270072992701,0.7058823529411765
3,2,10,0.5777766108512878,0.607122004032135,0.7299270072992701,0.7058823529411765
3,2,11,0.5858380198478699,0.6213796138763428,0.7299270072992701,0.7058823529411765
3,2,12,0.5909681916236877,0.6292306184768677,0.7299270072992701,0.7058823529411765
3,2,13,0.5843815207481384,0.6214137673377991,0.7299270072992701,0.7058823529411765
3,2,14,0.574996829032898,0.608603298664093,0.7299270072992701,0.7058823529411765
3,2,15,0.571388840675354,0.601375937461853,0.7299270072992701,0.7058823529411765
3,2,16,0.5729534029960632,0.600375235080719,0.7299270072992701,0.7058823529411765
3,2,17,0.5749214291572571,0.6013155579566956,0.7299270072992701,0.7058823529411765
3,2,18,0.5741520524024963,0.6010257601737976,0.7299270072992701,0.7058823529411765
3,2,19,0.570091962814331,0.598871111869812,0.7299270072992701,0.7058823529411765
3,2,20,0.5644780397415161,0.5963953733444214,0.7299270072992701,0.7058823529411765
3,2,21,0.5605690479278564,0.5963998436927795,0.7299270072992701,0.7058823529411765
3,2,22,0.5596495270729065,0.599005401134491,0.7299270072992701,0.7058823529411765
3,2,23,0.5588107705116272,0.6005669832229614,0.7299270072992701,0.7058823529411765
3,2,24,0.5549917817115784,0.5977111458778381,0.7299270072992701,0.7058823529411765
3,2,25,0.5497460961341858,0.5925632119178772,0.7299270072992701,0.7058823529411765
3,2,26,0.5456080436706543,0.5884249210357666,0.7299270072992701,0.7058823529411765
3,2,27,0.5428462028503418,0.5863304734230042,0.7299270072992701,0.7058823529411765
3,2,28,0.5387742519378662,0.5838950872421265,0.7299270072992701,0.7058823529411765
3,2,29,0.5325061678886414,0.5800986886024475,0.7299270072992701,0.7058823529411765
3,2,30,0.5266827344894409,0.576978862285614,0.7299270072992701,0.7058823529411765
3,2,31,0.5226176381111145,0.5754472613334656,0.7299270072992701,0.7058823529411765
3,2,32,0.5177580714225769,0.5726991891860962,0.7299270072992701,0.7058823529411765
3,2,33,0.5112112164497375,0.5681312680244446,0.7299270072992701,0.7058823529411765
3,2,34,0.5060251951217651,0.5649450421333313,0.7299270072992701,0.7058823529411765
3,2,35,0.5009382367134094,0.5618531703948975,0.7299270072992701,0.7058823529411765
3,2,36,0.49514108896255493,0.5573902130126953,0.7299270072992701,0.7058823529411765
3,2,37,0.4909623861312866,0.5545933246612549,0.7299270072992701,0.7058823529411765
3,2,38,0.4864901900291443,0.5516985654830933,0.7299270072992701,0.7058823529411765
3,2,39,0.4833873510360718,0.5499796867370605,0.7299270072992701,0.7058823529411765
3,2,40,0.47983595728874207,0.546466052532196,0.7299270072992701,0.7058823529411765
3,2,41,0.4767550826072693,0.5436316728591919,0.7299270072992701,0.7058823529411765
3,2,42,0.4731491506099701,0.5407726764678955,0.7299270072992701,0.7058823529411765
3,2,43,0.47090038657188416,0.5381714701652527,0.7299270072992701,0.7058823529411765
3,2,44,0.46753430366516113,0.5345684289932251,0.7299270072992701,0.7058823529411765
3,2,45,0.46518534421920776,0.532348096370697,0.7372262773722628,0.7058823529411765
3,2,46,0.4612281620502472,0.527979850769043,0.7737226277372263,0.7647058823529411
3,2,47,0.45886218547821045,0.5254985690116882,0.8102189781021898,0.7941176470588235
3,2,48,0.4566315710544586,0.5232077836990356,0.7883211678832117,0.7647058823529411
3,2,49,0.45417240262031555,0.5210891366004944,0.8029197080291971,0.7941176470588235
3,2,50,0.4502459168434143,0.5162825584411621,0.8102189781021898,0.7941176470588235
3,2,51,0.44786688685417175,0.5136826634407043,0.8029197080291971,0.7941176470588235
3,2,52,0.4468076229095459,0.5148643851280212,0.8029197080291971,0.7941176470588235
3,2,53,0.4425944983959198,0.5091866850852966,0.8029197080291971,0.7941176470588235
3,2,54,0.4396633505821228,0.5066696405410767,0.7956204379562044,0.7941176470588235
3,2,55,0.437012255191803,0.5062633156776428,0.8029197080291971,0.7941176470588235
3,2,56,0.4323499798774719,0.5010218024253845,0.7883211678832117,0.7941176470588235
3,2,57,0.42975398898124695,0.49778321385383606,0.7956204379562044,0.7941176470588235
3,2,58,0.4267689883708954,0.49748560786247253,0.7956204379562044,0.7941176470588235
3,2,59,0.42365026473999023,0.4945210814476013,0.7956204379562044,0.7941176470588235
3,2,60,0.42116549611091614,0.4882562756538391,0.8029197080291971,0.7941176470588235
3,2,61,0.41566625237464905,0.48544445633888245,0.7956204379562044,0.7941176470588235
3,2,62,0.41612279415130615,0.48939278721809387,0.8029197080291971,0.7941176470588235
3,2,63,0.41094449162483215,0.4786440432071686,0.8029197080291971,0.7941176470588235
3,2,64,0.4044618606567383,0.4732062518596649,0.8029197080291971,0.7941176470588235
3,2,65,0.4088818430900574,0.4838557541370392,0.7956204379562044,0.7941176470588235
3,2,66,0.39952319860458374,0.4685375988483429,0.8175182481751825,0.7941176470588235
3,2,67,0.3913666307926178,0.46302905678749084,0.8102189781021898,0.7941176470588235
3,2,68,0.39341074228286743,0.47094833850860596,0.7956204379562044,0.7941176470588235
3,2,69,0.38561052083969116,0.4599290192127228,0.8321167883211679,0.7941176470588235
3,2,70,0.3823637068271637,0.45824745297431946,0.8321167883211679,0.7941176470588235
3,2,71,0.3875654637813568,0.47144636511802673,0.8175182481751825,0.7941176470588235
3,2,72,0.3787837028503418,0.45702722668647766,0.8175182481751825,0.8235294117647058
3,2,73,0.3678368330001831,0.4506484568119049,0.8394160583941606,0.7941176470588235
3,2,74,0.3780965209007263,0.46963393688201904,0.8175182481751825,0.8235294117647058
3,2,75,0.36966466903686523,0.4556419253349304,0.8102189781021898,0.8235294117647058
3,2,76,0.35566258430480957,0.447662353515625,0.8467153284671532,0.7941176470588235
3,2,77,0.36109328269958496,0.46070384979248047,0.8175182481751825,0.7941176470588235
3,2,78,0.3593299686908722,0.4537491202354431,0.8248175182481752,0.8235294117647058
3,2,79,0.34540534019470215,0.4469950199127197,0.8467153284671532,0.7941176470588235
3,2,80,0.34483271837234497,0.4492851197719574,0.8394160583941606,0.7941176470588235
3,2,81,0.35130971670150757,0.4499807357788086,0.8248175182481752,0.8235294117647058
3,2,82,0.3399108946323395,0.4477529227733612,0.8394160583941606,0.7941176470588235
3,2,83,0.32928165793418884,0.4386276602745056,0.8321167883211679,0.7941176470588235
3,2,84,0.3398817777633667,0.4478429853916168,0.8248175182481752,0.7941176470588235
3,2,85,0.35700350999832153,0.47460538148880005,0.8248175182481752,0.7941176470588235
3,2,86,0.3175932466983795,0.4356876313686371,0.8321167883211679,0.7647058823529411
3,2,87,0.3394292891025543,0.4537549614906311,0.8394160583941606,0.7352941176470589
3,2,88,0.33670681715011597,0.46122175455093384,0.8321167883211679,0.7941176470588235
3,2,89,0.3127664029598236,0.4382654130458832,0.8540145985401459,0.7941176470588235
3,2,90,0.3348695933818817,0.45382246375083923,0.8394160583941606,0.7352941176470589
3,2,91,0.31757888197898865,0.44885990023612976,0.8540145985401459,0.7941176470588235
3,2,92,0.30204281210899353,0.43948400020599365,0.8540145985401459,0.7941176470588235
3,2,93,0.3092983365058899,0.44956910610198975,0.8540145985401459,0.7647058823529411
3,2,94,0.29739201068878174,0.44578197598457336,0.8613138686131386,0.7941176470588235
3,2,95,0.28910699486732483,0.4416351318359375,0.8394160583941606,0.7647058823529411
3,2,96,0.30050697922706604,0.4519083797931671,0.8686131386861314,0.7647058823529411
3,2,97,0.2982955574989319,0.4617560803890228,0.8613138686131386,0.7647058823529411
3,2,98,0.2779523730278015,0.4416128098964691,0.8540145985401459,0.7647058823529411
3,2,99,0.296266108751297,0.45385390520095825,0.8686131386861314,0.7647058823529411
3,2,100,0.2871137857437134,0.45559197664260864,0.8686131386861314,0.7647058823529411
3,3,1,0.5956323742866516,0.5864768028259277,0.7226277372262774,0.7352941176470589
3,3,2,0.7063383460044861,0.6809669137001038,0.7226277372262774,0.7352941176470589
3,3,3,0.5967467427253723,0.5825175642967224,0.7226277372262774,0.7352941176470589
3,3,4,0.6033387780189514,0.5968758463859558,0.7226277372262774,0.7352941176470589
3,3,5,0.6267496347427368,0.6229459643363953,0.7226277372262774,0.7352941176470589
3,3,6,0.629643440246582,0.6262889504432678,0.7226277372262774,0.7352941176470589
3,3,7,0.620262622833252,0.6164640784263611,0.7226277372262774,0.7352941176470589
3,3,8,0.6047805547714233,0.5999141931533813,0.7226277372262774,0.7352941176470589
3,3,9,0.5899715423583984,0.583427906036377,0.7226277372262774,0.7352941176470589
3,3,10,0.5849625468254089,0.5763205289840698,0.7226277372262774,0.7352941176470589
3,3,11,0.5926833152770996,0.5822927355766296,0.7226277372262774,0.7352941176470589
3,3,12,0.5978924632072449,0.5874149203300476,0.7226277372262774,0.7352941176470589
3,3,13,0.5921577215194702,0.5831769108772278,0.7226277372262774,0.7352941176470589
3,3,14,0.5829817652702332,0.5763168334960938,0.7226277372262774,0.7352941176470589
3,3,15,0.5791571140289307,0.5748345851898193,0.7226277372262774,0.7352941176470589
3,3,16,0.5814427137374878,0.5789286494255066,0.7226277372262774,0.7352941176470589
3,3,17,0.5845077037811279,0.5832175612449646,0.7226277372262774,0.7352941176470589
3,3,18,0.5846086144447327,0.5841858983039856,0.7226277372262774,0.7352941176470589
3,3,19,0.5809613466262817,0.5812467932701111,0.7226277372262774,0.7352941176470589
3,3,20,0.5750923752784729,0.5759909152984619,0.7226277372262774,0.7352941176470589
3,3,21,0.5703897476196289,0.5717596411705017,0.7226277372262774,0.7352941176470589
3,3,22,0.569194495677948,0.5710671544075012,0.7226277372262774,0.7352941176470589
3,3,23,0.570162832736969,0.5728431940078735,0.7226277372262774,0.7352941176470589
3,3,24,0.5683163404464722,0.5723534226417542,0.7226277372262774,0.7352941176470589
3,3,25,0.5631327629089355,0.5688506364822388,0.7226277372262774,0.7352941176470589
3,3,26,0.5586702823638916,0.5657236576080322,0.7226277372262774,0.7352941176470589
3,3,27,0.5567609071731567,0.5647732019424438,0.7226277372262774,0.7352941176470589
3,3,28,0.5556157827377319,0.564489483833313,0.7226277372262774,0.7352941176470589
3,3,29,0.5513352155685425,0.5617519021034241,0.7226277372262774,0.7352941176470589
3,3,30,0.5454583764076233,0.5579867959022522,0.7226277372262774,0.7352941176470589
3,3,31,0.5414916276931763,0.5563701391220093,0.7226277372262774,0.7352941176470589
3,3,32,0.5392553210258484,0.5563356876373291,0.7226277372262774,0.7352941176470589
3,3,33,0.5341998934745789,0.5524805188179016,0.7226277372262774,0.7352941176470589
3,3,34,0.5279532074928284,0.5453917384147644,0.7226277372262774,0.7352941176470589
3,3,35,0.5249878168106079,0.5404676198959351,0.7226277372262774,0.7352941176470589
3,3,36,0.5205520391464233,0.5359905958175659,0.7226277372262774,0.7352941176470589
3,3,37,0.5142787098884583,0.5319555997848511,0.7226277372262774,0.7352941176470589
3,3,38,0.5105776786804199,0.5311298370361328,0.7226277372262774,0.7352941176470589
3,3,39,0.5071072578430176,0.5283128619194031,0.7226277372262774,0.7352941176470589
3,3,40,0.5016388297080994,0.5198533535003662,0.7226277372262774,0.7352941176470589
3,3,41,0.4978356957435608,0.5123667120933533,0.7226277372262774,0.7352941176470589
3,3,42,0.4945547878742218,0.5075206160545349,0.7226277372262774,0.7352941176470589
3,3,43,0.49029138684272766,0.5060911178588867,0.7226277372262774,0.7352941176470589
3,3,44,0.48843762278556824,0.508294939994812,0.7226277372262774,0.7352941176470589
3,3,45,0.4820299446582794,0.49751630425453186,0.7226277372262774,0.7352941176470589
3,3,46,0.4790458381175995,0.48946839570999146,0.7445255474452555,0.7352941176470589
3,3,47,0.4741148054599762,0.48755860328674316,0.7737226277372263,0.7352941176470589
3,3,48,0.4739690124988556,0.49480360746383667,0.7591240875912408,0.7352941176470589
3,3,49,0.4652232825756073,0.4798632860183716,0.8102189781021898,0.7941176470588235
3,3,50,0.4622125029563904,0.47380009293556213,0.8102189781021898,0.7941176470588235
3,3,51,0.45933645963668823,0.4785837233066559,0.8102189781021898,0.7941176470588235
3,3,52,0.45456433296203613,0.47432181239128113,0.8248175182481752,0.7941176470588235
3,3,53,0.4498004913330078,0.4650478959083557,0.8175182481751825,0.7941176470588235
3,3,54,0.4459172189235687,0.4621948003768921,0.8175182481751825,0.7941176470588235
3,3,55,0.4445299506187439,0.46866321563720703,0.8175182481751825,0.7941176470588235
3,3,56,0.4365503787994385,0.45642736554145813,0.8175182481751825,0.7941176470588235
3,3,57,0.43363991379737854,0.45209363102912903,0.8175182481751825,0.7941176470588235
3,3,58,0.43454432487487793,0.4649055600166321,0.8102189781021898,0.7941176470588235
3,3,59,0.42718803882598877,0.45804983377456665,0.8102189781021898,0.7941176470588235
3,3,60,0.4232642650604248,0.44339361786842346,0.7956204379562044,0.7941176470588235
3,3,61,0.41454586386680603,0.4433744251728058,0.8102189781021898,0.7941176470588235
3,3,62,0.4164668023586273,0.4557074308395386,0.8029197080291971,0.7941176470588235
3,3,63,0.40593624114990234,0.4354274868965149,0.8029197080291971,0.8235294117647058
3,3,64,0.40012815594673157,0.4347880780696869,0.8029197080291971,0.8235294117647058
3,3,65,0.3982250988483429,0.442286878824234,0.8102189781021898,0.7941176470588235
3,3,66,0.39064738154411316,0.43259453773498535,0.8029197080291971,0.8235294117647058
3,3,67,0.38530433177948,0.43105363845825195,0.8248175182481752,0.8235294117647058
3,3,68,0.3841547966003418,0.44267475605010986,0.8102189781021898,0.7941176470588235
3,3,69,0.3781118392944336,0.42628753185272217,0.8394160583941606,0.8235294117647058
3,3,70,0.3741036355495453,0.43712830543518066,0.8175182481751825,0.7941176470588235
3,3,71,0.3666016459465027,0.4297044575214386,0.8613138686131386,0.8235294117647058
3,3,72,0.3605583906173706,0.42896679043769836,0.8321167883211679,0.8235294117647058
3,3,73,0.3660971224308014,0.4602506458759308,0.8175182481751825,0.7941176470588235
3,3,74,0.37141868472099304,0.4337221086025238,0.8102189781021898,0.7647058823529411
3,3,75,0.3502037227153778,0.4460080564022064,0.8686131386861314,0.8235294117647058
3,3,76,0.34868571162223816,0.4594476521015167,0.8394160583941606,0.7941176470588235
3,3,77,0.35474205017089844,0.43608397245407104,0.8321167883211679,0.7647058823529411
3,3,78,0.3415788412094116,0.4665011465549469,0.8540145985401459,0.8235294117647058
3,3,79,0.33237236738204956,0.46031734347343445,0.8613138686131386,0.8235294117647058
3,3,80,0.3614155054092407,0.44834163784980774,0.8248175182481752,0.7352941176470589
3,3,81,0.3313942849636078,0.47363415360450745,0.8686131386861314,0.8235294117647058
3,3,82,0.32112690806388855,0.4628395140171051,0.8686131386861314,0.8235294117647058
3,3,83,0.32102397084236145,0.4319804608821869,0.8467153284671532,0.7647058823529411
3,3,84,0.31143978238105774,0.45784637331962585,0.8759124087591241,0.8235294117647058
3,3,85,0.3042766749858856,0.45329171419143677,0.8832116788321168,0.8235294117647058
3,3,86,0.30152425169944763,0.43837976455688477,0.8540145985401459,0.7941176470588235
3,3,87,0.30083903670310974,0.4816610813140869,0.8905109489051095,0.8235294117647058
3,3,88,0.29186350107192993,0.44165128469467163,0.8686131386861314,0.7647058823529411
3,3,89,0.2852931022644043,0.4641162157058716,0.8832116788321168,0.8235294117647058
3,3,90,0.28080254793167114,0.46712568402290344,0.8832116788321168,0.8235294117647058
3,3,91,0.29801949858665466,0.44507691264152527,0.8540145985401459,0.7647058823529411
3,3,92,0.3069247007369995,0.5424778461456299,0.8832116788321168,0.7941176470588235
3,3,93,0.26925787329673767,0.4430646300315857,0.8832116788321168,0.7647058823529411
3,3,94,0.26448553800582886,0.44400569796562195,0.8832116788321168,0.7647058823529411
3,3,95,0.2754742205142975,0.5063742399215698,0.8978102189781022,0.8235294117647058
3,3,96,0.2572423815727234,0.43965816497802734,0.8832116788321168,0.7647058823529411
3,3,97,0.25233086943626404,0.4440244734287262,0.9051094890510949,0.8529411764705882
3,3,98,0.25414273142814636,0.48392194509506226,0.9051094890510949,0.8235294117647058
3,3,99,0.25085410475730896,0.43550506234169006,0.8905109489051095,0.7647058823529411
3,3,100,0.24893663823604584,0.49655500054359436,0.9051094890510949,0.8235294117647058
3,4,1,0.590506911277771,0.5782166123390198,0.7226277372262774,0.7352941176470589
3,4,2,0.6335752010345459,0.6137566566467285,0.7226277372262774,0.7352941176470589
3,4,3,0.5881481766700745,0.576492190361023,0.7226277372262774,0.7352941176470589
3,4,4,0.6008468270301819,0.5933542847633362,0.7226277372262774,0.7352941176470589
3,4,5,0.6048769950866699,0.598128080368042,0.7226277372262774,0.7352941176470589
3,4,6,0.5965348482131958,0.5888867974281311,0.7226277372262774,0.7352941176470589
3,4,7,0.5859251618385315,0.5764575600624084,0.7226277372262774,0.7352941176470589
3,4,8,0.5845494866371155,0.5731263756752014,0.7226277372262774,0.7352941176470589
3,4,9,0.5904155969619751,0.5781481266021729,0.7226277372262774,0.7352941176470589
3,4,10,0.5877513885498047,0.5762943029403687,0.7226277372262774,0.7352941176470589
3,4,11,0.5792773365974426,0.5694190859794617,0.7226277372262774,0.7352941176470589
3,4,12,0.5767543911933899,0.5683330297470093,0.7226277372262774,0.7352941176470589
3,4,13,0.5787284970283508,0.5711994171142578,0.7226277372262774,0.7352941176470589
3,4,14,0.5783906579017639,0.5714607238769531,0.7226277372262774,0.7352941176470589
3,4,15,0.5732861161231995,0.5667977929115295,0.7226277372262774,0.7352941176470589
3,4,16,0.5667527318000793,0.5607674717903137,0.7226277372262774,0.7352941176470589
3,4,17,0.5636519193649292,0.5584666132926941,0.7226277372262774,0.7352941176470589
3,4,18,0.5632857084274292,0.55946946144104,0.7226277372262774,0.7352941176470589
3,4,19,0.5590226650238037,0.5564006567001343,0.7226277372262774,0.7352941176470589
3,4,20,0.5520396828651428,0.5494049191474915,0.7226277372262774,0.7352941176470589
3,4,21,0.5476858019828796,0.5440244078636169,0.7226277372262774,0.7352941176470589
3,4,22,0.5441733002662659,0.5400130152702332,0.7226277372262774,0.7352941176470589
3,4,23,0.537272572517395,0.5348016619682312,0.7226277372262774,0.7352941176470589
3,4,24,0.5300472378730774,0.5315040349960327,0.7226277372262774,0.7352941176470589
3,4,25,0.525879979133606,0.531601071357727,0.7226277372262774,0.7352941176470589
3,4,26,0.519966185092926,0.5265735983848572,0.7226277372262774,0.7352941176470589
3,4,27,0.512935996055603,0.5142906308174133,0.7226277372262774,0.7352941176470589
3,4,28,0.5087682604789734,0.5063976049423218,0.7226277372262774,0.7352941176470589
3,4,29,0.5033301115036011,0.5033489465713501,0.7226277372262774,0.7352941176470589
3,4,30,0.499834269285202,0.5049858093261719,0.7226277372262774,0.7352941176470589
3,4,31,0.4958707094192505,0.5021488070487976,0.7226277372262774,0.7352941176470589
3,4,32,0.4908016622066498,0.48721885681152344,0.7226277372262774,0.7352941176470589
3,4,33,0.4864899516105652,0.48558443784713745,0.7226277372262774,0.7352941176470589
3,4,34,0.4839221239089966,0.4899778962135315,0.7226277372262774,0.7352941176470589
3,4,35,0.4790516197681427,0.4787522554397583,0.7226277372262774,0.7352941176470589
3,4,36,0.47711238265037537,0.4648773968219757,0.7226277372262774,0.7352941176470589
3,4,37,0.4714077413082123,0.4668261706829071,0.7664233576642335,0.7352941176470589
3,4,38,0.4687686562538147,0.4736090898513794,0.7737226277372263,0.7352941176470589
3,4,39,0.4634473919868469,0.4597388505935669,0.781021897810219,0.7352941176470589
3,4,40,0.4595032334327698,0.45196405053138733,0.8102189781021898,0.7647058823529411
3,4,41,0.455661416053772,0.46133020520210266,0.781021897810219,0.7352941176470589
3,4,42,0.45096370577812195,0.45129942893981934,0.8029197080291971,0.7647058823529411
3,4,43,0.44723939895629883,0.4412071704864502,0.7956204379562044,0.7647058823529411
3,4,44,0.44318491220474243,0.45238617062568665,0.8029197080291971,0.7941176470588235
3,4,45,0.43786120414733887,0.44196179509162903,0.8102189781021898,0.7647058823529411
3,4,46,0.4338902235031128,0.4339519739151001,0.8102189781021898,0.7647058823529411
3,4,47,0.43022289872169495,0.4485824406147003,0.8102189781021898,0.7647058823529411
3,4,48,0.4234538972377777,0.4296337068080902,0.8175182481751825,0.7647058823529411
3,4,49,0.41757118701934814,0.4315679967403412,0.8175182481751825,0.7647058823529411
3,4,50,0.4149218797683716,0.4449836015701294,0.7956204379562044,0.7647058823529411
3,4,51,0.414569228887558,0.4150408208370209,0.8321167883211679,0.7647058823529411
3,4,52,0.41364580392837524,0.46190130710601807,0.8102189781021898,0.7941176470588235
3,4,53,0.40100669860839844,0.42859429121017456,0.8175182481751825,0.7647058823529411
3,4,54,0.3991008698940277,0.41747620701789856,0.8321167883211679,0.7647058823529411
3,4,55,0.39718398451805115,0.4533692002296448,0.8248175182481752,0.7647058823529411
3,4,56,0.3886232376098633,0.42269235849380493,0.8394160583941606,0.7647058823529411
3,4,57,0.3835504353046417,0.4317777752876282,0.8467153284671532,0.7647058823529411
3,4,58,0.3793112337589264,0.43871667981147766,0.8467153284671532,0.7647058823529411
3,4,59,0.3761017918586731,0.4201052486896515,0.8248175182481752,0.7647058823529411
3,4,60,0.38193562626838684,0.477078378200531,0.8175182481751825,0.7647058823529411
3,4,61,0.3740960955619812,0.41203659772872925,0.8102189781021898,0.7647058823529411
3,4,62,0.3645719289779663,0.44313207268714905,0.8540145985401459,0.7647058823529411
3,4,63,0.3611690104007721,0.4499531686306,0.8540145985401459,0.7647058823529411
3,4,64,0.3589181900024414,0.4132354259490967,0.8102189781021898,0.7941176470588235
3,4,65,0.36044588685035706,0.47837525606155396,0.8613138686131386,0.7941176470588235
3,4,66,0.3635895252227783,0.40710392594337463,0.8248175182481752,0.8235294117647058
3,4,67,0.355263352394104,0.4807598888874054,0.8613138686131386,0.7647058823529411
3,4,68,0.3412318229675293,0.4431943893432617,0.8394160583941606,0.7647058823529411
3,4,69,0.34371107816696167,0.41633233428001404,0.8175182481751825,0.7941176470588235
3,4,70,0.3484145700931549,0.4942589998245239,0.8613138686131386,0.7941176470588235
3,4,71,0.3347301185131073,0.4159870445728302,0.8102189781021898,0.7941176470588235
3,4,72,0.3271958827972412,0.43197575211524963,0.8248175182481752,0.8235294117647058
3,4,73,0.3346114158630371,0.48713409900665283,0.8686131386861314,0.7941176470588235
3,4,74,0.3352298140525818,0.4095536470413208,0.8321167883211679,0.8235294117647058
3,4,75,0.3216009736061096,0.4547775089740753,0.8613138686131386,0.7647058823529411
3,4,76,0.3168397843837738,0.4479887783527374,0.8686131386861314,0.7647058823529411
3,4,77,0.3150101900100708,0.4181309640407562,0.8175182481751825,0.8235294117647058
3,4,78,0.31414443254470825,0.46891850233078003,0.8686131386861314,0.7647058823529411
3,4,79,0.31029120087623596,0.41307589411735535,0.8248175182481752,0.8235294117647058
3,4,80,0.30652329325675964,0.4727531373500824,0.8832116788321168,0.7941176470588235
3,4,81,0.29608917236328125,0.4246683120727539,0.8467153284671532,0.8235294117647058
3,4,82,0.2921777069568634,0.4263264536857605,0.8613138686131386,0.8235294117647058
3,4,83,0.2942546010017395,0.46797868609428406,0.8832116788321168,0.7941176470588235
3,4,84,0.3194628357887268,0.3983176648616791,0.8540145985401459,0.7941176470588235
3,4,85,0.37083664536476135,0.6268115639686584,0.8102189781021898,0.7352941176470589
3,4,86,0.28926005959510803,0.3953434228897095,0.8540145985401459,0.8529411764705882
3,4,87,0.2911348044872284,0.39351731538772583,0.8686131386861314,0.8529411764705882
3,4,88,0.30865150690078735,0.537693202495575,0.8613138686131386,0.7941176470588235
3,4,89,0.2709183394908905,0.4041142165660858,0.8540145985401459,0.8235294117647058
3,4,90,0.28178584575653076,0.39682483673095703,0.8832116788321168,0.7941176470588235
3,4,91,0.29442429542541504,0.5257545113563538,0.8686131386861314,0.7941176470588235
3,4,92,0.2577957510948181,0.4208134710788727,0.8686131386861314,0.8235294117647058
3,4,93,0.28153589367866516,0.3934504985809326,0.8832116788321168,0.7941176470588235
3,4,94,0.28337424993515015,0.5158474445343018,0.8759124087591241,0.7941176470588235
3,4,95,0.2515641450881958,0.4335293471813202,0.8978102189781022,0.8235294117647058
3,4,96,0.29855525493621826,0.39152202010154724,0.8686131386861314,0.7941176470588235
3,4,97,0.26144349575042725,0.48365190625190735,0.8978102189781022,0.8235294117647058
3,4,98,0.24808652698993683,0.4546012282371521,0.8978102189781022,0.8235294117647058
3,4,99,0.27936843037605286,0.3889782726764679,0.8613138686131386,0.7941176470588235
3,4,100,0.23795655369758606,0.43724706768989563,0.8978102189781022,0.8235294117647058
3,5,1,0.590648353099823,0.5790964365005493,0.7226277372262774,0.7352941176470589
3,5,2,0.672243058681488,0.6469643712043762,0.7226277372262774,0.7352941176470589
3,5,3,0.5896981358528137,0.5760419368743896,0.7226277372262774,0.7352941176470589
3,5,4,0.6048826575279236,0.597881555557251,0.7226277372262774,0.7352941176470589
3,5,5,0.6185723543167114,0.6133258938789368,0.7226277372262774,0.7352941176470589
3,5,6,0.6161909699440002,0.6107637286186218,0.7226277372262774,0.7352941176470589
3,5,7,0.6055898666381836,0.5989485383033752,0.7226277372262774,0.7352941176470589
3,5,8,0.5924131274223328,0.5835064053535461,0.7226277372262774,0.7352941176470589
3,5,9,0.5851956009864807,0.5730211734771729,0.7226277372262774,0.7352941176470589
3,5,10,0.5894081592559814,0.5737685561180115,0.7226277372262774,0.7352941176470589
3,5,11,0.5960963368415833,0.578316867351532,0.7226277372262774,0.7352941176470589
3,5,12,0.5930311679840088,0.575545608997345,0.7226277372262774,0.7352941176470589
3,5,13,0.5844573378562927,0.569161593914032,0.7226277372262774,0.7352941176470589
3,5,14,0.5800406336784363,0.5673655271530151,0.7226277372262774,0.7352941176470589
3,5,15,0.5810401439666748,0.5706581473350525,0.7226277372262774,0.7352941176470589
3,5,16,0.5835976600646973,0.5746757388114929,0.7226277372262774,0.7352941176470589
3,5,17,0.5839582085609436,0.5755382776260376,0.7226277372262774,0.7352941176470589
3,5,18,0.5808658599853516,0.5719333291053772,0.7226277372262774,0.7352941176470589
3,5,19,0.5757388472557068,0.5653334856033325,0.7226277372262774,0.7352941176470589
3,5,20,0.571448564529419,0.5588796138763428,0.7226277372262774,0.7352941176470589
3,5,21,0.5698766708374023,0.5548675060272217,0.7226277372262774,0.7352941176470589
3,5,22,0.5700265765190125,0.5529297590255737,0.7226277372262774,0.7352941176470589
3,5,23,0.5680381655693054,0.5503196716308594,0.7226277372262774,0.7352941176470589
3,5,24,0.5635286569595337,0.5466690063476562,0.7226277372262774,0.7352941176470589
3,5,25,0.5592532157897949,0.5442256927490234,0.7226277372262774,0.7352941176470589
3,5,26,0.5572181940078735,0.5445351600646973,0.7226277372262774,0.7352941176470589
3,5,27,0.5557335615158081,0.5445266366004944,0.7226277372262774,0.7352941176470589
3,5,28,0.5515096783638,0.5393539071083069,0.7226277372262774,0.7352941176470589
3,5,29,0.5453022122383118,0.5298793315887451,0.7226277372262774,0.7352941176470589
3,5,30,0.5406926870346069,0.5206542611122131,0.7226277372262774,0.7352941176470589
3,5,31,0.5376831293106079,0.5140494704246521,0.7226277372262774,0.7352941176470589
3,5,32,0.5326129794120789,0.5082759857177734,0.7226277372262774,0.7352941176470589
3,5,33,0.5269812345504761,0.505017876625061,0.7226277372262774,0.7352941176470589
3,5,34,0.52257239818573,0.5032432675361633,0.7226277372262774,0.7352941176470589
3,5,35,0.5176845192909241,0.497250497341156,0.7226277372262774,0.7352941176470589
3,5,36,0.5121316313743591,0.4868375062942505,0.7226277372262774,0.7352941176470589
3,5,37,0.5075299143791199,0.4778449833393097,0.7226277372262774,0.7352941176470589
3,5,38,0.5024784207344055,0.4727945327758789,0.7226277372262774,0.7352941176470589
3,5,39,0.49811118841171265,0.4704984128475189,0.7226277372262774,0.7352941176470589
3,5,40,0.49461692571640015,0.46830645203590393,0.7226277372262774,0.7352941176470589
3,5,41,0.4909701347351074,0.45836886763572693,0.7226277372262774,0.7352941176470589
3,5,42,0.4875880181789398,0.4528346061706543,0.7226277372262774,0.7352941176470589
3,5,43,0.4820212423801422,0.45053964853286743,0.7226277372262774,0.7352941176470589
3,5,44,0.4783180356025696,0.4491354525089264,0.7226277372262774,0.7352941176470589
3,5,45,0.473564475774765,0.44071611762046814,0.7226277372262774,0.7352941176470589
3,5,46,0.47244006395339966,0.43387845158576965,0.7226277372262774,0.7352941176470589
3,5,47,0.46708744764328003,0.43580710887908936,0.7226277372262774,0.7352941176470589
3,5,48,0.46458899974823,0.438610702753067,0.7299270072992701,0.7352941176470589
3,5,49,0.46020054817199707,0.43106186389923096,0.7445255474452555,0.7647058823529411
3,5,50,0.4564051628112793,0.42931756377220154,0.7591240875912408,0.7647058823529411
3,5,51,0.45191052556037903,0.42606040835380554,0.7883211678832117,0.8529411764705882
3,5,52,0.446952760219574,0.4286021590232849,0.7883211678832117,0.7941176470588235
3,5,53,0.44230127334594727,0.42377185821533203,0.7956204379562044,0.7941176470588235
3,5,54,0.44064050912857056,0.4215938448905945,0.7956204379562044,0.8529411764705882
3,5,55,0.43687164783477783,0.4301973283290863,0.8029197080291971,0.7941176470588235
3,5,56,0.43167510628700256,0.4203019440174103,0.8029197080291971,0.7941176470588235
3,5,57,0.42917588353157043,0.415840208530426,0.7956204379562044,0.8235294117647058
3,5,58,0.4252174496650696,0.4296082854270935,0.7956204379562044,0.7941176470588235
3,5,59,0.4188530743122101,0.41633108258247375,0.8029197080291971,0.7941176470588235
3,5,60,0.4174332320690155,0.4113744795322418,0.8029197080291971,0.8235294117647058
3,5,61,0.4145796298980713,0.43184709548950195,0.7737226277372263,0.7647058823529411
3,5,62,0.4047878682613373,0.41353920102119446,0.8029197080291971,0.7941176470588235
3,5,63,0.4046212136745453,0.40914490818977356,0.8102189781021898,0.7941176470588235
3,5,64,0.396325021982193,0.4191132187843323,0.8029197080291971,0.7941176470588235
3,5,65,0.390785276889801,0.41054096817970276,0.8029197080291971,0.7941176470588235
3,5,66,0.3913504481315613,0.40639951825141907,0.8102189781021898,0.7941176470588235
3,5,67,0.3867604732513428,0.42518728971481323,0.781021897810219,0.8235294117647058
3,5,68,0.3766891360282898,0.40904009342193604,0.7956204379562044,0.7941176470588235
3,5,69,0.3839211165904999,0.4066723585128784,0.8102189781021898,0.7941176470588235
3,5,70,0.38346683979034424,0.438888818025589,0.7956204379562044,0.8235294117647058
3,5,71,0.3707227110862732,0.40398335456848145,0.8102189781021898,0.7941176470588235
3,5,72,0.36457306146621704,0.40272146463394165,0.8248175182481752,0.7647058823529411
3,5,73,0.36921313405036926,0.4336712658405304,0.8029197080291971,0.8235294117647058
3,5,74,0.36085498332977295,0.40263330936431885,0.8175182481751825,0.7647058823529411
3,5,75,0.34938666224479675,0.4047568142414093,0.8029197080291971,0.8235294117647058
3,5,76,0.34599828720092773,0.41301488876342773,0.8029197080291971,0.8235294117647058
3,5,77,0.3427571654319763,0.402360737323761,0.8175182481751825,0.8235294117647058
3,5,78,0.3411095440387726,0.401701420545578,0.8321167883211679,0.8235294117647058
3,5,79,0.34049808979034424,0.42561468482017517,0.8029197080291971,0.7941176470588235
3,5,80,0.3557802736759186,0.40837737917900085,0.8248175182481752,0.8235294117647058
3,5,81,0.3478260934352875,0.4483852982521057,0.8467153284671532,0.7352941176470589
3,5,82,0.325113445520401,0.4011986553668976,0.8175182481751825,0.8235294117647058
3,5,83,0.33798807859420776,0.4023158848285675,0.8394160583941606,0.7941176470588235
3,5,84,0.3218948543071747,0.41922590136528015,0.8175182481751825,0.7941176470588235
3,5,85,0.31773385405540466,0.41414716839790344,0.8248175182481752,0.8235294117647058
3,5,86,0.3286978602409363,0.4034414291381836,0.8394160583941606,0.7941176470588235
3,5,87,0.3134097158908844,0.42155444622039795,0.8248175182481752,0.7941176470588235
3,5,88,0.3070327937602997,0.4103562533855438,0.8321167883211679,0.7941176470588235
3,5,89,0.32731544971466064,0.4075033962726593,0.8394160583941606,0.8235294117647058
3,5,90,0.3348044455051422,0.4725382328033447,0.8467153284671532,0.7058823529411765
3,5,91,0.3034780025482178,0.4018577039241791,0.8540145985401459,0.8235294117647058
3,5,92,0.30142495036125183,0.40146884322166443,0.8540145985401459,0.8235294117647058
3,5,93,0.2976526618003845,0.4248892664909363,0.8394160583941606,0.7941176470588235
3,5,94,0.2938428521156311,0.3987448811531067,0.8540145985401459,0.8235294117647058
3,5,95,0.2853791415691376,0.407914400100708,0.8394160583941606,0.7941176470588235
3,5,96,0.28187984228134155,0.3971519470214844,0.8686131386861314,0.8235294117647058
3,5,97,0.2773962616920471,0.39870601892471313,0.8686131386861314,0.8235294117647058
3,5,98,0.27573350071907043,0.40833327174186707,0.8467153284671532,0.7941176470588235
3,5,99,0.27908873558044434,0.39589923620224,0.8686131386861314,0.8235294117647058
3,5,100,0.2826361060142517,0.4362432360649109,0.8686131386861314,0.7941176470588235
4,1,1,0.5946105718612671,0.6038757562637329,0.7279411764705882,0.7142857142857143
4,1,2,0.6813315153121948,0.7098461389541626,0.7279411764705882,0.7142857142857143
4,1,3,0.5923988223075867,0.610828697681427,0.7279411764705882,0.7142857142857143
4,1,4,0.5941340327262878,0.604552149772644,0.7279411764705882,0.7142857142857143
4,1,5,0.6132894158363342,0.6210636496543884,0.7279411764705882,0.7142857142857143
4,1,6,0.6141725182533264,0.622355043888092,0.7279411764705882,0.7142857142857143
4,1,7,0.6032043695449829,0.6136829853057861,0.7279411764705882,0.7142857142857143
4,1,8,0.5883086323738098,0.6027477979660034,0.7279411764705882,0.7142857142857143
4,1,9,0.5794956088066101,0.5994977951049805,0.7279411764705882,0.7142857142857143
4,1,10,0.583063542842865,0.6087721586227417,0.7279411764705882,0.7142857142857143
4,1,11,0.5881835222244263,0.6178678274154663,0.7279411764705882,0.7142857142857143
4,1,12,0.5842701196670532,0.6151918768882751,0.7279411764705882,0.7142857142857143
4,1,13,0.5763438940048218,0.606514573097229,0.7279411764705882,0.7142857142857143
4,1,14,0.5724321603775024,0.6010211110115051,0.7279411764705882,0.7142857142857143
4,1,15,0.573184609413147,0.6008132696151733,0.7279411764705882,0.7142857142857143
4,1,16,0.5738226175308228,0.6021912693977356,0.7279411764705882,0.7142857142857143
4,1,17,0.571485161781311,0.6025110483169556,0.7279411764705882,0.7142857142857143
4,1,18,0.5664990544319153,0.6020377278327942,0.7279411764705882,0.7142857142857143
4,1,19,0.561416745185852,0.6032094359397888,0.7279411764705882,0.7142857142857143
4,1,20,0.5589490532875061,0.6076174974441528,0.7279411764705882,0.7142857142857143
4,1,21,0.557411789894104,0.6127036213874817,0.7279411764705882,0.7142857142857143
4,1,22,0.5530906915664673,0.6133788228034973,0.7279411764705882,0.7142857142857143
4,1,23,0.5472002029418945,0.6111448407173157,0.7279411764705882,0.7142857142857143
4,1,24,0.5424195528030396,0.6100322008132935,0.7279411764705882,0.7142857142857143
4,1,25,0.5379036664962769,0.6111711263656616,0.7279411764705882,0.7142857142857143
4,1,26,0.5316222310066223,0.613807737827301,0.7279411764705882,0.7142857142857143
4,1,27,0.524371325969696,0.6182743906974792,0.7279411764705882,0.7142857142857143
4,1,28,0.5176616907119751,0.6241399049758911,0.7279411764705882,0.7142857142857143
4,1,29,0.5109737515449524,0.6305128931999207,0.7279411764705882,0.7142857142857143
4,1,30,0.5030732154846191,0.6354780197143555,0.7279411764705882,0.7142857142857143
4,1,31,0.494922012090683,0.6395148038864136,0.7279411764705882,0.7142857142857143
4,1,32,0.4873521625995636,0.6473729610443115,0.7279411764705882,0.7142857142857143
4,1,33,0.4799608290195465,0.6579244136810303,0.7279411764705882,0.7142857142857143
4,1,34,0.4722181260585785,0.6685176491737366,0.7279411764705882,0.7142857142857143
4,1,35,0.46534767746925354,0.6808871626853943,0.7279411764705882,0.7142857142857143
4,1,36,0.4606737792491913,0.6972740292549133,0.7279411764705882,0.7142857142857143
4,1,37,0.4521844685077667,0.7019484043121338,0.7279411764705882,0.7142857142857143
4,1,38,0.44557109475135803,0.7143374681472778,0.7279411764705882,0.7142857142857143
4,1,39,0.44047024846076965,0.7379287481307983,0.7279411764705882,0.7142857142857143
4,1,40,0.43285784125328064,0.749146044254303,0.7279411764705882,0.7142857142857143
4,1,41,0.42745354771614075,0.7620940804481506,0.7279411764705882,0.7142857142857143
4,1,42,0.4251938462257385,0.7958389520645142,0.75,0.7142857142857143
4,1,43,0.41725799441337585,0.7916765809059143,0.7720588235294118,0.6857142857142857
4,1,44,0.41080495715141296,0.8114825487136841,0.7720588235294118,0.7428571428571429
4,1,45,0.4096401035785675,0.850102961063385,0.7720588235294118,0.7714285714285715
4,1,46,0.4010307788848877,0.8415536284446716,0.7867647058823529,0.7142857142857143
4,1,47,0.3962833285331726,0.872986376285553,0.7867647058823529,0.7142857142857143
4,1,48,0.39316850900650024,0.8673719763755798,0.8088235294117647,0.6285714285714286
4,1,49,0.38724425435066223,0.9047324061393738,0.7867647058823529,0.6857142857142857
4,1,50,0.3804536461830139,0.9066045880317688,0.8088235294117647,0.6571428571428571
4,1,51,0.3765407204627991,0.9151980876922607,0.8088235294117647,0.6285714285714286
4,1,52,0.3729495406150818,0.9228681325912476,0.8014705882352942,0.6285714285714286
4,1,53,0.3717499375343323,0.9587230086326599,0.7941176470588235,0.6857142857142857
4,1,54,0.38073423504829407,0.9060742259025574,0.875,0.6
4,1,55,0.40567705035209656,1.0287468433380127,0.7867647058823529,0.7428571428571429
4,1,56,0.3588959574699402,0.9391078352928162,0.8308823529411765,0.6285714285714286
4,1,57,0.3793674409389496,0.9081174731254578,0.875,0.6
4,1,58,0.37789517641067505,1.0143213272094727,0.7867647058823529,0.7428571428571429
4,1,59,0.34926921129226685,0.9772297739982605,0.7941176470588235,0.6285714285714286
4,1,60,0.367759644985199,0.9163637757301331,0.8897058823529411,0.6
4,1,61,0.34405818581581116,0.977934718132019,0.8161764705882353,0.6
4,1,62,0.35522499680519104,1.0219405889511108,0.7941176470588235,0.6571428571428571
4,1,63,0.33614227175712585,0.9619487524032593,0.8897058823529411,0.6285714285714286
4,1,64,0.33495649695396423,0.9604958891868591,0.8897058823529411,0.6285714285714286
4,1,65,0.3414950966835022,1.0367416143417358,0.8161764705882353,0.6571428571428571
4,1,66,0.32301127910614014,0.995680034160614,0.875,0.6285714285714286
4,1,67,0.3283929228782654,0.9831403493881226,0.8897058823529411,0.6
4,1,68,0.3267301023006439,1.060092568397522,0.8161764705882353,0.6285714285714286
4,1,69,0.31360676884651184,1.057671308517456,0.8602941176470589,0.6285714285714286
4,1,70,0.3124900162220001,1.03042471408844,0.8897058823529411,0.6
4,1,71,0.30494633316993713,1.0806879997253418,0.8823529411764706,0.6285714285714286
4,1,72,0.3004973232746124,1.1078059673309326,0.8823529411764706,0.6285714285714286
4,1,73,0.2942862808704376,1.1069622039794922,0.8970588235294118,0.6285714285714286
4,1,74,0.29206550121307373,1.1127504110336304,0.8897058823529411,0.6285714285714286
4,1,75,0.28767240047454834,1.1561157703399658,0.8970588235294118,0.6285714285714286
4,1,76,0.28273633122444153,1.1599929332733154,0.8970588235294118,0.6285714285714286
4,1,77,0.2803306579589844,1.1638902425765991,0.8970588235294118,0.6285714285714286
4,1,78,0.30304038524627686,1.2616978883743286,0.8455882352941176,0.6
4,1,79,0.3045390248298645,1.1397818326950073,0.875,0.5714285714285714
4,1,80,0.2842007279396057,1.2497055530548096,0.8676470588235294,0.6285714285714286
4,1,81,0.2719058394432068,1.2387726306915283,0.8970588235294118,0.6285714285714286
4,1,82,0.29225215315818787,1.1655607223510742,0.875,0.6
4,1,83,0.28636062145233154,1.2732057571411133,0.8602941176470589,0.6571428571428571
4,1,84,0.26033949851989746,1.2381255626678467,0.8970588235294118,0.6285714285714286
4,1,85,0.2732348144054413,1.2030707597732544,0.8970588235294118,0.5714285714285714
4,1,86,0.27122944593429565,1.2919961214065552,0.8823529411764706,0.6285714285714286
4,1,87,0.2524297833442688,1.2501041889190674,0.9264705882352942,0.6285714285714286
4,1,88,0.2577272951602936,1.238102912902832,0.9338235294117647,0.5714285714285714
4,1,89,0.26866573095321655,1.314661979675293,0.8823529411764706,0.6857142857142857
4,1,90,0.2507113814353943,1.2650903463363647,0.9338235294117647,0.5714285714285714
4,1,91,0.2444767951965332,1.2876757383346558,0.9338235294117647,0.6285714285714286
4,1,92,0.26576879620552063,1.3676091432571411,0.8823529411764706,0.6857142857142857
4,1,93,0.2609805464744568,1.2765936851501465,0.8970588235294118,0.6
4,1,94,0.24526090919971466,1.3381084203720093,0.9044117647058824,0.6285714285714286
4,1,95,0.23702818155288696,1.3358635902404785,0.9044117647058824,0.6285714285714286
4,1,96,0.2451106458902359,1.304674506187439,0.9338235294117647,0.5714285714285714
4,1,97,0.24383579194545746,1.3792698383331299,0.8970588235294118,0.6571428571428571
4,1,98,0.2289363592863083,1.3431965112686157,0.9264705882352942,0.6285714285714286
4,1,99,0.2314717173576355,1.3374615907669067,0.9411764705882353,0.6
4,1,100,0.24333398044109344,1.4266449213027954,0.8823529411764706,0.6857142857142857
4,2,1,0.5912010669708252,0.5802120566368103,0.7226277372262774,0.7352941176470589
4,2,2,0.6967855095863342,0.6693699359893799,0.7226277372262774,0.7352941176470589
4,2,3,0.5939475893974304,0.5784810781478882,0.7226277372262774,0.7352941176470589
4,2,4,0.6034340858459473,0.5955937504768372,0.7226277372262774,0.7352941176470589
4,2,5,0.6231149435043335,0.6178157925605774,0.7226277372262774,0.7352941176470589
4,2,6,0.6262437105178833,0.6212403178215027,0.7226277372262774,0.7352941176470589
4,2,7,0.6191315650939941,0.6133082509040833,0.7226277372262774,0.7352941176470589
4,2,8,0.6069802641868591,0.5995067358016968,0.7226277372262774,0.7352941176470589
4,2,9,0.5941521525382996,0.5841177701950073,0.7226277372262774,0.7352941176470589
4,2,10,0.587414562702179,0.5739132165908813,0.7226277372262774,0.7352941176470589
4,2,11,0.5915326476097107,0.574285626411438,0.7226277372262774,0.7352941176470589
4,2,12,0.5982467532157898,0.5786061882972717,0.7226277372262774,0.7352941176470589
4,2,13,0.5970183610916138,0.5771336555480957,0.7226277372262774,0.7352941176470589
4,2,14,0.5897347927093506,0.5713918209075928,0.7226277372262774,0.7352941176470589
4,2,15,0.5847789645195007,0.5687732100486755,0.7226277372262774,0.7352941176470589
4,2,16,0.5850343108177185,0.5710949897766113,0.7226277372262774,0.7352941176470589
4,2,17,0.5876887440681458,0.5751050114631653,0.7226277372262774,0.7352941176470589
4,2,18,0.5894191861152649,0.5773776769638062,0.7226277372262774,0.7352941176470589
4,2,19,0.58859783411026,0.5762153267860413,0.7226277372262774,0.7352941176470589
4,2,20,0.5855869054794312,0.5720639824867249,0.7226277372262774,0.7352941176470589
4,2,21,0.5818053483963013,0.5663509368896484,0.7226277372262774,0.7352941176470589
4,2,22,0.5794438123703003,0.5615702271461487,0.7226277372262774,0.7352941176470589
4,2,23,0.5793609023094177,0.5588822960853577,0.7226277372262774,0.7352941176470589
4,2,24,0.5802613496780396,0.5576891303062439,0.7226277372262774,0.7352941176470589
4,2,25,0.5796247720718384,0.5559898614883423,0.7226277372262774,0.7352941176470589
4,2,26,0.5769385099411011,0.5535362958908081,0.7226277372262774,0.7352941176470589
4,2,27,0.5739158987998962,0.5519375801086426,0.7226277372262774,0.7352941176470589
4,2,28,0.5724560618400574,0.5520942807197571,0.7226277372262774,0.7352941176470589
4,2,29,0.571899950504303,0.5525476336479187,0.7226277372262774,0.7352941176470589
4,2,30,0.570522665977478,0.5507173538208008,0.7226277372262774,0.7352941176470589
4,2,31,0.5677782893180847,0.5460001826286316,0.7226277372262774,0.7352941176470589
4,2,32,0.564578115940094,0.5396583080291748,0.7226277372262774,0.7352941176470589
4,2,33,0.5622571110725403,0.5340445637702942,0.7226277372262774,0.7352941176470589
4,2,34,0.5606421232223511,0.5294132232666016,0.7226277372262774,0.7352941176470589
4,2,35,0.5582824349403381,0.5253669023513794,0.7226277372262774,0.7352941176470589
4,2,36,0.5545622110366821,0.5224658250808716,0.7226277372262774,0.7352941176470589
4,2,37,0.5511965751647949,0.5206637978553772,0.7226277372262774,0.7352941176470589
4,2,38,0.5482615232467651,0.5187115669250488,0.7226277372262774,0.7352941176470589
4,2,39,0.544253408908844,0.5122582912445068,0.7226277372262774,0.7352941176470589
4,2,40,0.5398457050323486,0.502329409122467,0.7226277372262774,0.7352941176470589
4,2,41,0.5363349318504333,0.4942946135997772,0.7226277372262774,0.7352941176470589
4,2,42,0.5322689414024353,0.4889361560344696,0.7226277372262774,0.7352941176470589
4,2,43,0.5282639265060425,0.4883759319782257,0.7226277372262774,0.7352941176470589
4,2,44,0.5253438353538513,0.4883573651313782,0.7226277372262774,0.7352941176470589
4,2,45,0.5203787088394165,0.4777037799358368,0.7226277372262774,0.7352941176470589
4,2,46,0.5166131258010864,0.4648289978504181,0.7226277372262774,0.7352941176470589
4,2,47,0.5123728513717651,0.459546834230423,0.7226277372262774,0.7352941176470589
4,2,48,0.5080968141555786,0.46040305495262146,0.7226277372262774,0.7352941176470589
4,2,49,0.5049037337303162,0.45940494537353516,0.7226277372262774,0.7352941176470589
4,2,50,0.5004150867462158,0.45070406794548035,0.7226277372262774,0.7352941176470589
4,2,51,0.4960796535015106,0.44183579087257385,0.7226277372262774,0.7352941176470589
4,2,52,0.49179700016975403,0.4412577450275421,0.7226277372262774,0.7352941176470589
4,2,53,0.4882752299308777,0.4393618106842041,0.7226277372262774,0.7352941176470589
4,2,54,0.4849419593811035,0.42574724555015564,0.7226277372262774,0.7352941176470589
4,2,55,0.47842562198638916,0.4249058663845062,0.7226277372262774,0.7352941176470589
4,2,56,0.4769417345523834,0.43247631192207336,0.7226277372262774,0.7352941176470589
4,2,57,0.4728087782859802,0.4179598391056061,0.7226277372262774,0.7352941176470589
4,2,58,0.4698072075843811,0.4141503572463989,0.7299270072992701,0.7941176470588235
4,2,59,0.46379387378692627,0.4154650866985321,0.7591240875912408,0.8529411764705882
4,2,60,0.4591657221317291,0.41697803139686584,0.7591240875912408,0.8529411764705882
4,2,61,0.4539779722690582,0.40538784861564636,0.7591240875912408,0.8529411764705882
4,2,62,0.4482870399951935,0.40687641501426697,0.7591240875912408,0.8529411764705882
4,2,63,0.44415703415870667,0.40036076307296753,0.7664233576642335,0.8529411764705882
4,2,64,0.4384153485298157,0.3985327482223511,0.7591240875912408,0.8529411764705882
4,2,65,0.4327048659324646,0.3979107439517975,0.7883211678832117,0.8529411764705882
4,2,66,0.42810359597206116,0.39493057131767273,0.7883211678832117,0.8529411764705882
4,2,67,0.4251531958580017,0.39122632145881653,0.7883211678832117,0.8529411764705882
4,2,68,0.41851264238357544,0.39350107312202454,0.7883211678832117,0.8529411764705882
4,2,69,0.413555383682251,0.3856988847255707,0.7956204379562044,0.8529411764705882
4,2,70,0.40783730149269104,0.3904290497303009,0.7883211678832117,0.8235294117647058
4,2,71,0.40671876072883606,0.3833093047142029,0.7956204379562044,0.8529411764705882
4,2,72,0.4120168685913086,0.4124005138874054,0.8029197080291971,0.8529411764705882
4,2,73,0.4233023524284363,0.3897532820701599,0.7664233576642335,0.8235294117647058
4,2,74,0.39469432830810547,0.3972592055797577,0.8102189781021898,0.8529411764705882
4,2,75,0.3840498924255371,0.38353076577186584,0.8102189781021898,0.8529411764705882
4,2,76,0.39168715476989746,0.38067829608917236,0.7956204379562044,0.8235294117647058
4,2,77,0.38529038429260254,0.39895209670066833,0.8102189781021898,0.8529411764705882
4,2,78,0.3721320927143097,0.3792990446090698,0.8175182481751825,0.8235294117647058
4,2,79,0.3765237033367157,0.37700775265693665,0.8102189781021898,0.7941176470588235
4,2,80,0.3859643340110779,0.41164475679397583,0.8248175182481752,0.8529411764705882
4,2,81,0.3621668517589569,0.37561580538749695,0.8248175182481752,0.8235294117647058
4,2,82,0.3668789565563202,0.3728848099708557,0.8175182481751825,0.7941176470588235
4,2,83,0.37087222933769226,0.4027324616909027,0.8394160583941606,0.8529411764705882
4,2,84,0.34790945053100586,0.3697545528411865,0.8248175182481752,0.8529411764705882
4,2,85,0.35661834478378296,0.36759451031684875,0.7956204379562044,0.7941176470588235
4,2,86,0.3660498857498169,0.4026687443256378,0.8175182481751825,0.8529411764705882
4,2,87,0.33672085404396057,0.3637508749961853,0.8394160583941606,0.8823529411764706
4,2,88,0.3562745451927185,0.3666251599788666,0.8248175182481752,0.8235294117647058
4,2,89,0.3521862030029297,0.39565733075141907,0.8248175182481752,0.8529411764705882
4,2,90,0.3243575692176819,0.3612658977508545,0.8540145985401459,0.8823529411764706
4,2,91,0.3425668776035309,0.3656821846961975,0.8248175182481752,0.8235294117647058
4,2,92,0.32851409912109375,0.38295143842697144,0.8540145985401459,0.8529411764705882
4,2,93,0.31635144352912903,0.3671761453151703,0.8540145985401459,0.8529411764705882
4,2,94,0.3129560351371765,0.36840900778770447,0.8540145985401459,0.7941176470588235
4,2,95,0.3194237947463989,0.3873881697654724,0.8613138686131386,0.8529411764705882
4,2,96,0.3106366991996765,0.3652074635028839,0.8394160583941606,0.8235294117647058
4,2,97,0.296642005443573,0.3634258210659027,0.8540145985401459,0.8235294117647058
4,2,98,0.31448185443878174,0.39251744747161865,0.8686131386861314,0.8529411764705882
4,2,99,0.3488452732563019,0.39209404587745667,0.8394160583941606,0.8529411764705882
4,2,100,0.3050147294998169,0.38915565609931946,0.8832116788321168,0.8529411764705882
4,3,1,0.5910391807556152,0.5798455476760864,0.7226277372262774,0.7352941176470589
4,3,2,0.6705963611602783,0.6453331112861633,0.7226277372262774,0.7352941176470589
4,3,3,0.5898079872131348,0.5763482451438904,0.7226277372262774,0.7352941176470589
4,3,4,0.6096101999282837,0.6028472185134888,0.7226277372262774,0.7352941176470589
4,3,5,0.6209891438484192,0.6155953407287598,0.7226277372262774,0.7352941176470589
4,3,6,0.6153236031532288,0.6092801094055176,0.7226277372262774,0.7352941176470589
4,3,7,0.6027703881263733,0.5949687957763672,0.7226277372262774,0.7352941176470589
4,3,8,0.5907838940620422,0.5802382230758667,0.7226277372262774,0.7352941176470589
4,3,9,0.5870906710624695,0.572994589805603,0.7226277372262774,0.7352941176470589
4,3,10,0.5929182171821594,0.5755510926246643,0.7226277372262774,0.7352941176470589
4,3,11,0.5965555906295776,0.577686607837677,0.7226277372262774,0.7352941176470589
4,3,12,0.5910903811454773,0.5730915069580078,0.7226277372262774,0.7352941176470589
4,3,13,0.5844587683677673,0.5687282085418701,0.7226277372262774,0.7352941176470589
4,3,14,0.583080530166626,0.5697605013847351,0.7226277372262774,0.7352941176470589
4,3,15,0.5856339931488037,0.5741371512413025,0.7226277372262774,0.7352941176470589
4,3,16,0.5874689221382141,0.5767714381217957,0.7226277372262774,0.7352941176470589
4,3,17,0.58611661195755,0.5751644372940063,0.7226277372262774,0.7352941176470589
4,3,18,0.5821173191070557,0.5699028968811035,0.7226277372262774,0.7352941176470589
4,3,19,0.5778656005859375,0.563498318195343,0.7226277372262774,0.7352941176470589
4,3,20,0.5760837197303772,0.5590201020240784,0.7226277372262774,0.7352941176470589
4,3,21,0.5767313241958618,0.5572406649589539,0.7226277372262774,0.7352941176470589
4,3,22,0.5762358903884888,0.5556046366691589,0.7226277372262774,0.7352941176470589
4,3,23,0.5730490684509277,0.5528682470321655,0.7226277372262774,0.7352941176470589
4,3,24,0.569148063659668,0.550557553768158,0.7226277372262774,0.7352941176470589
4,3,25,0.5667622089385986,0.5502809882164001,0.7226277372262774,0.7352941176470589
4,3,26,0.5654628872871399,0.5505906343460083,0.7226277372262774,0.7352941176470589
4,3,27,0.562846839427948,0.548145055770874,0.7226277372262774,0.7352941176470589
4,3,28,0.558234691619873,0.5415536165237427,0.7226277372262774,0.7352941176470589
4,3,29,0.5540603399276733,0.5340963006019592,0.7226277372262774,0.7352941176470589
4,3,30,0.5510905385017395,0.5285311341285706,0.7226277372262774,0.7352941176470589
4,3,31,0.5470203161239624,0.5247332453727722,0.7226277372262774,0.7352941176470589
4,3,32,0.542116641998291,0.523048996925354,0.7226277372262774,0.7352941176470589
4,3,33,0.5376759767532349,0.5217017531394958,0.7226277372262774,0.7352941176470589
4,3,34,0.5318466424942017,0.5163955092430115,0.7226277372262774,0.7352941176470589
4,3,35,0.5259808301925659,0.5088551640510559,0.7226277372262774,0.7352941176470589
4,3,36,0.5212627649307251,0.5023763179779053,0.7226277372262774,0.7352941176470589
4,3,37,0.5151655673980713,0.5013476014137268,0.7226277372262774,0.7352941176470589
4,3,38,0.5104618668556213,0.5020061135292053,0.7226277372262774,0.7352941176470589
4,3,39,0.5047578811645508,0.4979117810726166,0.7226277372262774,0.7352941176470589
4,3,40,0.4991552531719208,0.4950738847255707,0.7226277372262774,0.7352941176470589
4,3,41,0.49417492747306824,0.4927881956100464,0.7226277372262774,0.7352941176470589
4,3,42,0.48953163623809814,0.4901884198188782,0.7226277372262774,0.7352941176470589
4,3,43,0.4835832118988037,0.4920371472835541,0.7226277372262774,0.7352941176470589
4,3,44,0.4788574278354645,0.48940256237983704,0.7226277372262774,0.7352941176470589
4,3,45,0.47343289852142334,0.4893439710140228,0.7226277372262774,0.7352941176470589
4,3,46,0.4703576862812042,0.4964439868927002,0.7226277372262774,0.7352941176470589
4,3,47,0.4665401875972748,0.4849368929862976,0.7226277372262774,0.7352941176470589
4,3,48,0.4599883258342743,0.488372802734375,0.7226277372262774,0.7352941176470589
4,3,49,0.4569478929042816,0.4934215545654297,0.7226277372262774,0.7352941176470589
4,3,50,0.4529777467250824,0.4841485917568207,0.7226277372262774,0.7352941176470589
4,3,51,0.4469560384750366,0.4850669205188751,0.7445255474452555,0.7647058823529411
4,3,52,0.44273266196250916,0.4897799789905548,0.7664233576642335,0.8235294117647058
4,3,53,0.4399567246437073,0.4826432466506958,0.7591240875912408,0.8235294117647058
4,3,54,0.43350380659103394,0.48725980520248413,0.7737226277372263,0.8235294117647058
4,3,55,0.4285106658935547,0.48281651735305786,0.781021897810219,0.8235294117647058
4,3,56,0.4241574704647064,0.480938196182251,0.7737226277372263,0.8235294117647058
4,3,57,0.41877880692481995,0.4821881055831909,0.7737226277372263,0.8235294117647058
4,3,58,0.4156138300895691,0.4790768325328827,0.781021897810219,0.8235294117647058
4,3,59,0.41854530572891235,0.4890609085559845,0.8102189781021898,0.7647058823529411
4,3,60,0.42424121499061584,0.48549917340278625,0.7664233576642335,0.8235294117647058
4,3,61,0.407789945602417,0.4856741428375244,0.8175182481751825,0.7647058823529411
4,3,62,0.3985978066921234,0.4817350208759308,0.8102189781021898,0.7941176470588235
4,3,63,0.4077428877353668,0.48787757754325867,0.7664233576642335,0.8235294117647058
4,3,64,0.3952251374721527,0.4845699965953827,0.8102189781021898,0.7647058823529411
4,3,65,0.3855148255825043,0.47883784770965576,0.7956204379562044,0.7941176470588235
4,3,66,0.3901476263999939,0.4843257963657379,0.7956204379562044,0.8235294117647058
4,3,67,0.3831256330013275,0.4789975583553314,0.8102189781021898,0.7647058823529411
4,3,68,0.3748003840446472,0.47146013379096985,0.7956204379562044,0.7941176470588235
4,3,69,0.3824971914291382,0.47889721393585205,0.8029197080291971,0.8235294117647058
4,3,70,0.3720855712890625,0.47509124875068665,0.8321167883211679,0.7941176470588235
4,3,71,0.3605639636516571,0.4706774950027466,0.8248175182481752,0.7647058823529411
4,3,72,0.3676990270614624,0.4793935716152191,0.7956204379562044,0.7941176470588235
4,3,73,0.3570418655872345,0.4689996838569641,0.8467153284671532,0.7941176470588235
4,3,74,0.348716139793396,0.4671517610549927,0.8175182481751825,0.7941176470588235
4,3,75,0.3585776686668396,0.48038482666015625,0.8029197080291971,0.7941176470588235
4,3,76,0.37057211995124817,0.47950127720832825,0.8102189781021898,0.7352941176470589
4,3,77,0.354390949010849,0.48376166820526123,0.7956204379562044,0.7941176470588235
4,3,78,0.33603939414024353,0.4704715609550476,0.8248175182481752,0.7941176470588235
4,3,79,0.35478729009628296,0.47404277324676514,0.8248175182481752,0.7352941176470589
4,3,80,0.33384737372398376,0.47621986269950867,0.8102189781021898,0.7941176470588235
4,3,81,0.3297939598560333,0.4742858111858368,0.8175182481751825,0.7941176470588235
4,3,82,0.3487899601459503,0.474256306886673,0.8467153284671532,0.7352941176470589
4,3,83,0.33091703057289124,0.4849495589733124,0.8175182481751825,0.7941176470588235
4,3,84,0.3135267496109009,0.46969106793403625,0.8467153284671532,0.7647058823529411
4,3,85,0.32206490635871887,0.4693758189678192,0.8686131386861314,0.7941176470588235
4,3,86,0.3181047737598419,0.4899307191371918,0.8321167883211679,0.7941176470588235
4,3,87,0.3002234399318695,0.47136610746383667,0.8540145985401459,0.7941176470588235
4,3,88,0.2983801066875458,0.4731453061103821,0.8394160583941606,0.7941176470588235
4,3,89,0.29531270265579224,0.4803752899169922,0.8467153284671532,0.7941176470588235
4,3,90,0.29011592268943787,0.47503000497817993,0.8540145985401459,0.7941176470588235
4,3,91,0.2872209846973419,0.4855235517024994,0.8540145985401459,0.7941176470588235
4,3,92,0.28111669421195984,0.4748038649559021,0.8613138686131386,0.7941176470588235
4,3,93,0.27989041805267334,0.4779077470302582,0.8613138686131386,0.8235294117647058
4,3,94,0.27866336703300476,0.46452051401138306,0.8905109489051095,0.7941176470588235
4,3,95,0.27479997277259827,0.48331260681152344,0.8686131386861314,0.8235294117647058
4,3,96,0.2704673409461975,0.46749505400657654,0.8978102189781022,0.7941176470588235
4,3,97,0.2670840919017792,0.4877176880836487,0.8686131386861314,0.8235294117647058
4,3,98,0.27069413661956787,0.46806198358535767,0.8978102189781022,0.7647058823529411
4,3,99,0.3007636070251465,0.5304832458496094,0.8248175182481752,0.7941176470588235
4,3,100,0.2972693145275116,0.47633054852485657,0.8905109489051095,0.8235294117647058
4,4,1,0.6037135720252991,0.5960894227027893,0.7226277372262774,0.7352941176470589
4,4,2,0.6707097887992859,0.6465001106262207,0.7226277372262774,0.7352941176470589
4,4,3,0.597088098526001,0.5817385315895081,0.7226277372262774,0.7352941176470589
4,4,4,0.598609983921051,0.5903012156486511,0.7226277372262774,0.7352941176470589
4,4,5,0.6150733232498169,0.6091989874839783,0.7226277372262774,0.7352941176470589
4,4,6,0.6163602471351624,0.6106909513473511,0.7226277372262774,0.7352941176470589
4,4,7,0.6062735915184021,0.5995198488235474,0.7226277372262774,0.7352941176470589
4,4,8,0.5927966833114624,0.5840099453926086,0.7226277372262774,0.7352941176470589
4,4,9,0.5862934589385986,0.5748732089996338,0.7226277372262774,0.7352941176470589
4,4,10,0.5926573872566223,0.5788256525993347,0.7226277372262774,0.7352941176470589
4,4,11,0.5981612801551819,0.5836399793624878,0.7226277372262774,0.7352941176470589
4,4,12,0.5925490856170654,0.5790715217590332,0.7226277372262774,0.7352941176470589
4,4,13,0.5843701362609863,0.5727330446243286,0.7226277372262774,0.7352941176470589
4,4,14,0.5819067358970642,0.5721059441566467,0.7226277372262774,0.7352941176470589
4,4,15,0.5842863321304321,0.5758113861083984,0.7226277372262774,0.7352941176470589
4,4,16,0.5862676501274109,0.5784761905670166,0.7226277372262774,0.7352941176470589
4,4,17,0.5850069522857666,0.5773960947990417,0.7226277372262774,0.7352941176470589
4,4,18,0.5808828473091125,0.5730945467948914,0.7226277372262774,0.7352941176470589
4,4,19,0.57634437084198,0.5681476593017578,0.7226277372262774,0.7352941176470589
4,4,20,0.5744114518165588,0.5658258199691772,0.7226277372262774,0.7352941176470589
4,4,21,0.5752474665641785,0.566634476184845,0.7226277372262774,0.7352941176470589
4,4,22,0.574807345867157,0.5666933059692383,0.7226277372262774,0.7352941176470589
4,4,23,0.5709691643714905,0.563683807849884,0.7226277372262774,0.7352941176470589
4,4,24,0.5664189457893372,0.559878408908844,0.7226277372262774,0.7352941176470589
4,4,25,0.564130961894989,0.5579280853271484,0.7226277372262774,0.7352941176470589
4,4,26,0.5628752708435059,0.5570335984230042,0.7226277372262774,0.7352941176470589
4,4,27,0.5600621104240417,0.5548997521400452,0.7226277372262774,0.7352941176470589
4,4,28,0.5547304749488831,0.5510028600692749,0.7226277372262774,0.7352941176470589
4,4,29,0.5498685240745544,0.547879159450531,0.7226277372262774,0.7352941176470589
4,4,30,0.5467592477798462,0.5464704036712646,0.7226277372262774,0.7352941176470589
4,4,31,0.543515145778656,0.5445635318756104,0.7226277372262774,0.7352941176470589
4,4,32,0.5379082560539246,0.5388458967208862,0.7226277372262774,0.7352941176470589
4,4,33,0.5331528782844543,0.5322477221488953,0.7226277372262774,0.7352941176470589
4,4,34,0.5292550921440125,0.5274457335472107,0.7226277372262774,0.7352941176470589
4,4,35,0.5217400789260864,0.5229737162590027,0.7226277372262774,0.7352941176470589
4,4,36,0.5159218311309814,0.5217825770378113,0.7226277372262774,0.7352941176470589
4,4,37,0.5122145414352417,0.5211024880409241,0.7226277372262774,0.7352941176470589
4,4,38,0.5057118535041809,0.5108318328857422,0.7226277372262774,0.7352941176470589
4,4,39,0.5028824806213379,0.5045080780982971,0.7226277372262774,0.7352941176470589
4,4,40,0.49806636571884155,0.5027415752410889,0.7226277372262774,0.7352941176470589
4,4,41,0.4946278929710388,0.5046597123146057,0.7226277372262774,0.7352941176470589
4,4,42,0.48945823311805725,0.49886590242385864,0.7226277372262774,0.7352941176470589
4,4,43,0.48494213819503784,0.4896456301212311,0.7226277372262774,0.7352941176470589
4,4,44,0.48161572217941284,0.4869924485683441,0.7226277372262774,0.7352941176470589
4,4,45,0.47864803671836853,0.49029216170310974,0.7226277372262774,0.7352941176470589
4,4,46,0.47452718019485474,0.4869896471500397,0.7299270072992701,0.7352941176470589
4,4,47,0.4715624451637268,0.4787018597126007,0.7518248175182481,0.7352941176470589
4,4,48,0.46650421619415283,0.48221179842948914,0.7518248175182481,0.7352941176470589
4,4,49,0.46284323930740356,0.48175308108329773,0.7883211678832117,0.7352941176470589
4,4,50,0.45870479941368103,0.47249165177345276,0.781021897810219,0.7352941176470589
4,4,51,0.4546433985233307,0.4726285934448242,0.7883211678832117,0.7352941176470589
4,4,52,0.45539405941963196,0.4855384826660156,0.7518248175182481,0.7352941176470589
4,4,53,0.4470005929470062,0.47051116824150085,0.7883211678832117,0.7352941176470589
4,4,54,0.44193312525749207,0.47112444043159485,0.781021897810219,0.7352941176470589
4,4,55,0.4398907721042633,0.4810502827167511,0.8029197080291971,0.7352941176470589
4,4,56,0.43281251192092896,0.46822860836982727,0.7956204379562044,0.7352941176470589
4,4,57,0.4297265410423279,0.4666188657283783,0.8029197080291971,0.7352941176470589
4,4,58,0.42530643939971924,0.4729549288749695,0.7883211678832117,0.7352941176470589
4,4,59,0.42149463295936584,0.47442951798439026,0.781021897810219,0.7352941176470589
4,4,60,0.419308066368103,0.4688072204589844,0.8029197080291971,0.7647058823529411
4,4,61,0.41889601945877075,0.4894895553588867,0.8029197080291971,0.7352941176470589
4,4,62,0.4095331132411957,0.47047609090805054,0.8102189781021898,0.7647058823529411
4,4,63,0.40418845415115356,0.4730256497859955,0.8102189781021898,0.7647058823529411
4,4,64,0.40428271889686584,0.48677322268486023,0.8248175182481752,0.7352941176470589
4,4,65,0.3999045789241791,0.4735352098941803,0.8321167883211679,0.7647058823529411
4,4,66,0.39548152685165405,0.4891394376754761,0.8248175182481752,0.7058823529411765
4,4,67,0.38689124584198,0.4786682724952698,0.8102189781021898,0.7647058823529411
4,4,68,0.38232868909835815,0.478413850069046,0.8248175182481752,0.7647058823529411
4,4,69,0.38664981722831726,0.50636887550354,0.8248175182481752,0.7058823529411765
4,4,70,0.38030698895454407,0.4800202548503876,0.8102189781021898,0.7647058823529411
4,4,71,0.37388938665390015,0.5014344453811646,0.8248175182481752,0.7647058823529411
4,4,72,0.3662106990814209,0.48400095105171204,0.8029197080291971,0.8235294117647058
4,4,73,0.3602829575538635,0.48890596628189087,0.8321167883211679,0.8235294117647058
4,4,74,0.35664883255958557,0.5016201138496399,0.8321167883211679,0.7647058823529411
4,4,75,0.35077089071273804,0.4923369586467743,0.8175182481751825,0.7941176470588235
4,4,76,0.34662169218063354,0.506675660610199,0.8467153284671532,0.7941176470588235
4,4,77,0.3457740843296051,0.4906562268733978,0.8394160583941606,0.7941176470588235
4,4,78,0.3575670123100281,0.548535168170929,0.8175182481751825,0.7352941176470589
4,4,79,0.3546313941478729,0.5018885135650635,0.8394160583941606,0.7352941176470589
4,4,80,0.3377334177494049,0.5354529619216919,0.8467153284671532,0.7647058823529411
4,4,81,0.3209232985973358,0.5063343048095703,0.8175182481751825,0.7647058823529411
4,4,82,0.318681001663208,0.5016846656799316,0.8321167883211679,0.7941176470588235
4,4,83,0.3272484540939331,0.5478141903877258,0.8394160583941606,0.7647058823529411
4,4,84,0.3164026141166687,0.5048314929008484,0.8686131386861314,0.7941176470588235
4,4,85,0.3019683063030243,0.5275537371635437,0.8540145985401459,0.7941176470588235
4,4,86,0.2929956316947937,0.5166636109352112,0.8759124087591241,0.7941176470588235
4,4,87,0.28943562507629395,0.5190965533256531,0.8613138686131386,0.7941176470588235
4,4,88,0.29051685333251953,0.5039539933204651,0.8978102189781022,0.7941176470588235
4,4,89,0.3146858513355255,0.5607832670211792,0.8394160583941606,0.7352941176470589
4,4,90,0.34029674530029297,0.5384129881858826,0.8321167883211679,0.6764705882352942
4,4,91,0.3217722475528717,0.5827443599700928,0.8394160583941606,0.7352941176470589
4,4,92,0.2700360119342804,0.5160048007965088,0.8832116788321168,0.7941176470588235
4,4,93,0.3009423613548279,0.5243002772331238,0.8467153284671532,0.7058823529411765
4,4,94,0.30108025670051575,0.5700513124465942,0.8467153284671532,0.7647058823529411
4,4,95,0.2555311620235443,0.5118690133094788,0.8978102189781022,0.7941176470588235
4,4,96,0.29031309485435486,0.5273733735084534,0.8467153284671532,0.6764705882352942
4,4,97,0.29776713252067566,0.5852185487747192,0.8613138686131386,0.7647058823529411
4,4,98,0.2435828149318695,0.5095673203468323,0.9343065693430657,0.7941176470588235
4,4,99,0.2757776081562042,0.5226913094520569,0.8686131386861314,0.6764705882352942
4,4,100,0.2717786133289337,0.5615496039390564,0.8613138686131386,0.8235294117647058
4,5,1,0.5907819867134094,0.6082943081855774,0.7299270072992701,0.7058823529411765
4,5,2,0.6949780583381653,0.7481092810630798,0.7299270072992701,0.7058823529411765
4,5,3,0.5920962691307068,0.6245517730712891,0.7299270072992701,0.7058823529411765
4,5,4,0.5935888290405273,0.6101529002189636,0.7299270072992701,0.7058823529411765
4,5,5,0.617294192314148,0.6279081702232361,0.7299270072992701,0.7058823529411765
4,5,6,0.6230931878089905,0.6326912045478821,0.7299270072992701,0.7058823529411765
4,5,7,0.6151739954948425,0.6263692378997803,0.7299270072992701,0.7058823529411765
4,5,8,0.6004296541213989,0.615117609500885,0.7299270072992701,0.7058823529411765
4,5,9,0.5854715704917908,0.6055072546005249,0.7299270072992701,0.7058823529411765
4,5,10,0.5792012214660645,0.6061226725578308,0.7299270072992701,0.7058823529411765
4,5,11,0.5856891870498657,0.6194846034049988,0.7299270072992701,0.7058823529411765
4,5,12,0.593246340751648,0.630962073802948,0.7299270072992701,0.7058823529411765
4,5,13,0.5899081230163574,0.627207338809967,0.7299270072992701,0.7058823529411765
4,5,14,0.5807693600654602,0.6145647168159485,0.7299270072992701,0.7058823529411765
4,5,15,0.5754552483558655,0.6046279668807983,0.7299270072992701,0.7058823529411765
4,5,16,0.5765472650527954,0.6017270088195801,0.7299270072992701,0.7058823529411765
4,5,17,0.5795706510543823,0.6024735569953918,0.7299270072992701,0.7058823529411765
4,5,18,0.5804067254066467,0.6028851866722107,0.7299270072992701,0.7058823529411765
4,5,19,0.5780395865440369,0.6017159819602966,0.7299270072992701,0.7058823529411765
4,5,20,0.5735253095626831,0.5999202728271484,0.7299270072992701,0.7058823529411765
4,5,21,0.5694174766540527,0.5996485352516174,0.7299270072992701,0.7058823529411765
4,5,22,0.5676863789558411,0.6021886467933655,0.7299270072992701,0.7058823529411765
4,5,23,0.5678240656852722,0.6059853434562683,0.7299270072992701,0.7058823529411765
4,5,24,0.5671327710151672,0.60738605260849,0.7299270072992701,0.7058823529411765
4,5,25,0.5640856623649597,0.6044268608093262,0.7299270072992701,0.7058823529411765
4,5,26,0.5606064796447754,0.5997520089149475,0.7299270072992701,0.7058823529411765
4,5,27,0.5581037998199463,0.5955021977424622,0.7299270072992701,0.7058823529411765
4,5,28,0.5562662482261658,0.5930577516555786,0.7299270072992701,0.7058823529411765
4,5,29,0.5539474487304688,0.5914416909217834,0.7299270072992701,0.7058823529411765
4,5,30,0.5504220724105835,0.590520441532135,0.7299270072992701,0.7058823529411765
4,5,31,0.5463560819625854,0.5904109477996826,0.7299270072992701,0.7058823529411765
4,5,32,0.5427343845367432,0.5915015935897827,0.7299270072992701,0.7058823529411765
4,5,33,0.5394083857536316,0.5920701026916504,0.7299270072992701,0.7058823529411765
4,5,34,0.5353991389274597,0.5900158882141113,0.7299270072992701,0.7058823529411765
4,5,35,0.531097412109375,0.5863159894943237,0.7299270072992701,0.7058823529411765
4,5,36,0.5267767310142517,0.5820148587226868,0.7299270072992701,0.7058823529411765
4,5,37,0.5218750834465027,0.5787441730499268,0.7299270072992701,0.7058823529411765
4,5,38,0.5165837407112122,0.5773028135299683,0.7299270072992701,0.7058823529411765
4,5,39,0.51188725233078,0.5792303681373596,0.7299270072992701,0.7058823529411765
4,5,40,0.5082517862319946,0.5812928676605225,0.7299270072992701,0.7058823529411765
4,5,41,0.503086507320404,0.5759420990943909,0.7299270072992701,0.7058823529411765
4,5,42,0.49846532940864563,0.5689783096313477,0.7299270072992701,0.7058823529411765
4,5,43,0.493847519159317,0.5652108788490295,0.7299270072992701,0.7058823529411765
4,5,44,0.48870766162872314,0.5680456757545471,0.7299270072992701,0.7058823529411765
4,5,45,0.48493778705596924,0.5696119666099548,0.7299270072992701,0.7058823529411765
4,5,46,0.48140478134155273,0.568698525428772,0.7299270072992701,0.7058823529411765
4,5,47,0.47746583819389343,0.5594919919967651,0.7299270072992701,0.7058823529411765
4,5,48,0.4730845093727112,0.5634440779685974,0.7299270072992701,0.7058823529411765
4,5,49,0.4698285162448883,0.5711072087287903,0.7299270072992701,0.7058823529411765
4,5,50,0.4648340046405792,0.5607030391693115,0.7299270072992701,0.7058823529411765
4,5,51,0.46170154213905334,0.5605873465538025,0.7664233576642335,0.6764705882352942
4,5,52,0.4592476785182953,0.5735346674919128,0.7591240875912408,0.6764705882352942
4,5,53,0.45343485474586487,0.5678158402442932,0.7591240875912408,0.6764705882352942
4,5,54,0.4498932957649231,0.562341570854187,0.7883211678832117,0.6470588235294118
4,5,55,0.445884644985199,0.5741007328033447,0.7883211678832117,0.6470588235294118
4,5,56,0.4420245885848999,0.5731472969055176,0.7883211678832117,0.6470588235294118
4,5,57,0.43839335441589355,0.5670104622840881,0.7956204379562044,0.6470588235294118
4,5,58,0.4339209794998169,0.5747609734535217,0.7956204379562044,0.6470588235294118
4,5,59,0.43015918135643005,0.5865386128425598,0.7956204379562044,0.6470588235294118
4,5,60,0.4247070550918579,0.5682889223098755,0.8102189781021898,0.6470588235294118
4,5,61,0.4192185699939728,0.5845906138420105,0.7956204379562044,0.7058823529411765
4,5,62,0.4152664244174957,0.5839157104492188,0.7956204379562044,0.7058823529411765
4,5,63,0.41050028800964355,0.5775679349899292,0.8175182481751825,0.6470588235294118
4,5,64,0.4059886634349823,0.5868285894393921,0.8029197080291971,0.6470588235294118
4,5,65,0.40026530623435974,0.5846912264823914,0.8102189781021898,0.6470588235294118
4,5,66,0.3963119685649872,0.581692636013031,0.8102189781021898,0.6470588235294118
4,5,67,0.39300352334976196,0.5966058373451233,0.8029197080291971,0.6764705882352942
4,5,68,0.3899504244327545,0.5755822658538818,0.8467153284671532,0.6470588235294118
4,5,69,0.3904637396335602,0.6244135499000549,0.8029197080291971,0.7058823529411765
4,5,70,0.37596362829208374,0.5813475251197815,0.8540145985401459,0.6470588235294118
4,5,71,0.3684018552303314,0.6003224849700928,0.8248175182481752,0.6470588235294118
4,5,72,0.36169564723968506,0.5942984223365784,0.8321167883211679,0.6764705882352942
4,5,73,0.3573952913284302,0.5899102091789246,0.8540145985401459,0.6764705882352942
4,5,74,0.35455426573753357,0.6208965182304382,0.8248175182481752,0.6764705882352942
4,5,75,0.3567611873149872,0.5854356288909912,0.8613138686131386,0.6764705882352942
4,5,76,0.3591362535953522,0.6523111462593079,0.8175182481751825,0.6764705882352942
4,5,77,0.3400888442993164,0.5892001986503601,0.8686131386861314,0.6470588235294118
4,5,78,0.3264928162097931,0.6113201379776001,0.8613138686131386,0.6764705882352942
4,5,79,0.32138004899024963,0.6145208477973938,0.8613138686131386,0.6764705882352942
4,5,80,0.32081338763237,0.5952958464622498,0.8759124087591241,0.6470588235294118
4,5,81,0.31931254267692566,0.6377967596054077,0.8321167883211679,0.7058823529411765
4,5,82,0.3152104318141937,0.5962761640548706,0.8905109489051095,0.7058823529411765
4,5,83,0.3175523281097412,0.6580782532691956,0.8321167883211679,0.6764705882352942
4,5,84,0.32441896200180054,0.6022713780403137,0.8978102189781022,0.7352941176470589
4,5,85,0.33025074005126953,0.70015549659729,0.8248175182481752,0.6764705882352942
4,5,86,0.29528340697288513,0.6030851006507874,0.9051094890510949,0.7058823529411765
4,5,87,0.284837543964386,0.6146132946014404,0.8905109489051095,0.7058823529411765
4,5,88,0.3002161681652069,0.6776447892189026,0.8613138686131386,0.7058823529411765
4,5,89,0.2870970666408539,0.6144680380821228,0.9124087591240876,0.7058823529411765
4,5,90,0.2741909623146057,0.6436198949813843,0.8832116788321168,0.6764705882352942
4,5,91,0.27253618836402893,0.6553610563278198,0.8759124087591241,0.6764705882352942
4,5,92,0.275136798620224,0.6240708231925964,0.9197080291970803,0.7058823529411765
4,5,93,0.2731150686740875,0.6810756325721741,0.8613138686131386,0.7058823529411765
4,5,94,0.2625616788864136,0.6373751759529114,0.9124087591240876,0.7058823529411765
4,5,95,0.25678175687789917,0.6595372557640076,0.8978102189781022,0.7352941176470589
4,5,96,0.25326213240623474,0.6610819697380066,0.8978102189781022,0.7058823529411765
4,5,97,0.25214701890945435,0.6543520092964172,0.9124087591240876,0.7058823529411765
4,5,98,0.2556975781917572,0.7025465369224548,0.8905109489051095,0.6764705882352942
4,5,99,0.2627786099910736,0.6495195031166077,0.927007299270073,0.7352941176470589
4,5,100,0.27088499069213867,0.7487369179725647,0.8759124087591241,0.7058823529411765
5,1,1,0.6012222766876221,0.6092904806137085,0.7279411764705882,0.7142857142857143
5,1,2,0.6382008194923401,0.6624979972839355,0.7279411764705882,0.7142857142857143
5,1,3,0.5922433137893677,0.6102195978164673,0.7279411764705882,0.7142857142857143
5,1,4,0.5890224575996399,0.6004037857055664,0.7279411764705882,0.7142857142857143
5,1,5,0.5996843576431274,0.6092264652252197,0.7279411764705882,0.7142857142857143
5,1,6,0.5974217653274536,0.6079314947128296,0.7279411764705882,0.7142857142857143
5,1,7,0.5871437191963196,0.600541889667511,0.7279411764705882,0.7142857142857143
5,1,8,0.5797656774520874,0.5974612832069397,0.7279411764705882,0.7142857142857143
5,1,9,0.5829458236694336,0.6050800085067749,0.7279411764705882,0.7142857142857143
5,1,10,0.5855790972709656,0.6100961565971375,0.7279411764705882,0.7142857142857143
5,1,11,0.5800288915634155,0.6045805811882019,0.7279411764705882,0.7142857142857143
5,1,12,0.5744132995605469,0.5977110862731934,0.7279411764705882,0.7142857142857143
5,1,13,0.5741286873817444,0.5960448980331421,0.7279411764705882,0.7142857142857143
5,1,14,0.5758375525474548,0.5974618196487427,0.7279411764705882,0.7142857142857143
5,1,15,0.5744251012802124,0.5974333882331848,0.7279411764705882,0.7142857142857143
5,1,16,0.5696524977684021,0.5955153107643127,0.7279411764705882,0.7142857142857143
5,1,17,0.5647516846656799,0.5943812727928162,0.7279411764705882,0.7142857142857143
5,1,18,0.5627220273017883,0.5963183045387268,0.7279411764705882,0.7142857142857143
5,1,19,0.5619720220565796,0.5989806652069092,0.7279411764705882,0.7142857142857143
5,1,20,0.5586035847663879,0.5979923009872437,0.7279411764705882,0.7142857142857143
5,1,21,0.553179919719696,0.5941322445869446,0.7279411764705882,0.7142857142857143
5,1,22,0.5496401786804199,0.5915133953094482,0.7279411764705882,0.7142857142857143
5,1,23,0.5476426482200623,0.5913391709327698,0.7279411764705882,0.7142857142857143
5,1,24,0.5430229306221008,0.590715765953064,0.7279411764705882,0.7142857142857143
5,1,25,0.5355773568153381,0.58930903673172,0.7279411764705882,0.7142857142857143
5,1,26,0.5302322506904602,0.5905375480651855,0.7279411764705882,0.7142857142857143
5,1,27,0.525981068611145,0.5922436118125916,0.7279411764705882,0.7142857142857143
5,1,28,0.5190387964248657,0.5902109146118164,0.7279411764705882,0.7142857142857143
5,1,29,0.5131540894508362,0.5884405970573425,0.7279411764705882,0.7142857142857143
5,1,30,0.509268045425415,0.5884472131729126,0.7279411764705882,0.7142857142857143
5,1,31,0.5029057860374451,0.5878048539161682,0.7279411764705882,0.7142857142857143
5,1,32,0.49746379256248474,0.5886346697807312,0.7279411764705882,0.7142857142857143
5,1,33,0.4931931793689728,0.5894244909286499,0.7279411764705882,0.7142857142857143
5,1,34,0.4885009229183197,0.587909460067749,0.7279411764705882,0.7142857142857143
5,1,35,0.4854688048362732,0.5875592231750488,0.7279411764705882,0.7142857142857143
5,1,36,0.48088186979293823,0.5868418216705322,0.7279411764705882,0.7142857142857143
5,1,37,0.47902870178222656,0.5885376930236816,0.7279411764705882,0.7142857142857143
5,1,38,0.4742051959037781,0.5872299075126648,0.7279411764705882,0.7142857142857143
5,1,39,0.47182005643844604,0.5838065147399902,0.7279411764705882,0.7142857142857143
5,1,40,0.4685395658016205,0.5817175507545471,0.7279411764705882,0.7142857142857143
5,1,41,0.46479883790016174,0.5812943577766418,0.7279411764705882,0.7142857142857143
5,1,42,0.4598667323589325,0.5781323313713074,0.7279411764705882,0.7142857142857143
5,1,43,0.45713379979133606,0.5762674808502197,0.7426470588235294,0.7142857142857143
5,1,44,0.4548247158527374,0.5747982859611511,0.7647058823529411,0.7142857142857143
5,1,45,0.44983404874801636,0.5732313990592957,0.7794117647058824,0.7428571428571429
5,1,46,0.4467492401599884,0.571121335029602,0.7794117647058824,0.7428571428571429
5,1,47,0.4437868297100067,0.573978841304779,0.7794117647058824,0.7428571428571429
5,1,48,0.4380253553390503,0.5726864337921143,0.7720588235294118,0.7428571428571429
5,1,49,0.43308699131011963,0.5744187831878662,0.7720588235294118,0.7428571428571429
5,1,50,0.4312044382095337,0.5757532119750977,0.7867647058823529,0.7714285714285715
5,1,51,0.4256437122821808,0.5710562467575073,0.7867647058823529,0.7428571428571429
5,1,52,0.42115020751953125,0.5730441808700562,0.7794117647058824,0.7428571428571429
5,1,53,0.4167301058769226,0.574131429195404,0.7794117647058824,0.7428571428571429
5,1,54,0.41149216890335083,0.5706720948219299,0.7794117647058824,0.7142857142857143
5,1,55,0.4081844389438629,0.5702880620956421,0.7720588235294118,0.7142857142857143
5,1,56,0.4044308066368103,0.575351893901825,0.7794117647058824,0.7428571428571429
5,1,57,0.3981131911277771,0.5702597498893738,0.7941176470588235,0.7142857142857143
5,1,58,0.3947046995162964,0.576292097568512,0.7867647058823529,0.7142857142857143
5,1,59,0.39115241169929504,0.5688326358795166,0.8382352941176471,0.6857142857142857
5,1,60,0.39127764105796814,0.5810019969940186,0.7941176470588235,0.7428571428571429
5,1,61,0.3844655454158783,0.5624758005142212,0.8602941176470589,0.6857142857142857
5,1,62,0.37549978494644165,0.5655322670936584,0.8088235294117647,0.7142857142857143
5,1,63,0.37371498346328735,0.568062961101532,0.8088235294117647,0.7142857142857143
5,1,64,0.38058218359947205,0.5573937892913818,0.8382352941176471,0.6571428571428571
5,1,65,0.3941659927368164,0.5969046354293823,0.7794117647058824,0.7428571428571429
5,1,66,0.36358803510665894,0.5572946071624756,0.8676470588235294,0.6571428571428571
5,1,67,0.36033642292022705,0.5604649186134338,0.8602941176470589,0.6571428571428571
5,1,68,0.3808858096599579,0.6008772850036621,0.7941176470588235,0.7714285714285715
5,1,69,0.353178471326828,0.5611329078674316,0.8676470588235294,0.6571428571428571
5,1,70,0.35367438197135925,0.558630108833313,0.8602941176470589,0.6571428571428571
5,1,71,0.3573889434337616,0.5854012370109558,0.8382352941176471,0.7428571428571429
5,1,72,0.3396572172641754,0.5684416890144348,0.8676470588235294,0.6857142857142857
5,1,73,0.34495240449905396,0.567782998085022,0.8602941176470589,0.6857142857142857
5,1,74,0.35548269748687744,0.6102476119995117,0.8308823529411765,0.7142857142857143
5,1,75,0.33200156688690186,0.5839325189590454,0.8676470588235294,0.6571428571428571
5,1,76,0.33106690645217896,0.590461015701294,0.8529411764705882,0.6571428571428571
5,1,77,0.34267404675483704,0.6329746842384338,0.8382352941176471,0.7142857142857143
5,1,78,0.322199285030365,0.6006180047988892,0.8676470588235294,0.6571428571428571
5,1,79,0.31990504264831543,0.6017362475395203,0.8676470588235294,0.6571428571428571
5,1,80,0.3301008939743042,0.6368312835693359,0.8529411764705882,0.7142857142857143
5,1,81,0.31762924790382385,0.6005011200904846,0.875,0.6857142857142857
5,1,82,0.3059581220149994,0.6050397157669067,0.875,0.6571428571428571
5,1,83,0.3139386475086212,0.6282374262809753,0.8455882352941176,0.7142857142857143
5,1,84,0.3085882067680359,0.6075339317321777,0.8823529411764706,0.6857142857142857
5,1,85,0.2960129976272583,0.6173640489578247,0.875,0.6857142857142857
5,1,86,0.34349510073661804,0.6919947862625122,0.8308823529411765,0.7142857142857143
5,1,87,0.31901708245277405,0.6235254406929016,0.8602941176470589,0.6857142857142857
5,1,88,0.2981528639793396,0.6267454028129578,0.8970588235294118,0.6571428571428571
5,1,89,0.3643820583820343,0.7293710708618164,0.8014705882352942,0.7142857142857143
5,1,90,0.2843782603740692,0.6240903735160828,0.8970588235294118,0.7142857142857143
5,1,91,0.31141185760498047,0.6215349435806274,0.8676470588235294,0.6857142857142857
5,1,92,0.2957588732242584,0.6519871950149536,0.8455882352941176,0.7142857142857143
5,1,93,0.2720499038696289,0.6366249918937683,0.8676470588235294,0.6857142857142857
5,1,94,0.29183170199394226,0.63448166847229,0.875,0.6857142857142857
5,1,95,0.2643849849700928,0.6502317190170288,0.8897058823529411,0.7142857142857143
5,1,96,0.28938692808151245,0.6882919073104858,0.8602941176470589,0.6857142857142857
5,1,97,0.2691557705402374,0.6456836462020874,0.9044117647058824,0.6857142857142857
5,1,98,0.2640291452407837,0.643760085105896,0.9044117647058824,0.6857142857142857
5,1,99,0.2856554388999939,0.6893783211708069,0.8529411764705882,0.7142857142857143
5,1,100,0.24982687830924988,0.6472917199134827,0.9044117647058824,0.7142857142857143
5,2,1,0.5938807129859924,0.5841699838638306,0.7226277372262774,0.7352941176470589
5,2,2,0.7114802002906799,0.6840941309928894,0.7226277372262774,0.7352941176470589
5,2,3,0.5950954556465149,0.5800295472145081,0.7226277372262774,0.7352941176470589
5,2,4,0.6071170568466187,0.6002961993217468,0.7226277372262774,0.7352941176470589
5,2,5,0.6309543251991272,0.6267402768135071,0.7226277372262774,0.7352941176470589
5,2,6,0.6316474676132202,0.6275234222412109,0.7226277372262774,0.7352941176470589
5,2,7,0.6202918291091919,0.6151242852210999,0.7226277372262774,0.7352941176470589
5,2,8,0.6037805676460266,0.5966636538505554,0.7226277372262774,0.7352941176470589
5,2,9,0.5896189212799072,0.5796273350715637,0.7226277372262774,0.7352941176470589
5,2,10,0.5870957374572754,0.573674738407135,0.7226277372262774,0.7352941176470589
5,2,11,0.596561074256897,0.5800352692604065,0.7226277372262774,0.7352941176470589
5,2,12,0.6015084981918335,0.5838963389396667,0.7226277372262774,0.7352941176470589
5,2,13,0.5938233137130737,0.577454149723053,0.7226277372262774,0.7352941176470589
5,2,14,0.5846104621887207,0.5706570744514465,0.7226277372262774,0.7352941176470589
5,2,15,0.5822513103485107,0.5707698464393616,0.7226277372262774,0.7352941176470589
5,2,16,0.5850578546524048,0.5753408074378967,0.7226277372262774,0.7352941176470589
5,2,17,0.5880333781242371,0.5793128609657288,0.7226277372262774,0.7352941176470589
5,2,18,0.588188111782074,0.5797311067581177,0.7226277372262774,0.7352941176470589
5,2,19,0.5850642919540405,0.5761727690696716,0.7226277372262774,0.7352941176470589
5,2,20,0.5800690054893494,0.5700753927230835,0.7226277372262774,0.7352941176470589
5,2,21,0.5761204957962036,0.5645407438278198,0.7226277372262774,0.7352941176470589
5,2,22,0.575165331363678,0.5619073510169983,0.7226277372262774,0.7352941176470589
5,2,23,0.5757997632026672,0.5613758563995361,0.7226277372262774,0.7352941176470589
5,2,24,0.5754708647727966,0.5605708956718445,0.7226277372262774,0.7352941176470589
5,2,25,0.5724049806594849,0.5580090880393982,0.7226277372262774,0.7352941176470589
5,2,26,0.5683465003967285,0.5552010536193848,0.7226277372262774,0.7352941176470589
5,2,27,0.5656690001487732,0.5541225075721741,0.7226277372262774,0.7352941176470589
5,2,28,0.5645334124565125,0.5543377995491028,0.7226277372262774,0.7352941176470589
5,2,29,0.5629240274429321,0.5534297823905945,0.7226277372262774,0.7352941176470589
5,2,30,0.5593463182449341,0.5496662259101868,0.7226277372262774,0.7352941176470589
5,2,31,0.5550820231437683,0.544424295425415,0.7226277372262774,0.7352941176470589
5,2,32,0.5520412921905518,0.5401509404182434,0.7226277372262774,0.7352941176470589
5,2,33,0.5495263338088989,0.5370005369186401,0.7226277372262774,0.7352941176470589
5,2,34,0.5456264019012451,0.5339034199714661,0.7226277372262774,0.7352941176470589
5,2,35,0.5412325263023376,0.5313693881034851,0.7226277372262774,0.7352941176470589
5,2,36,0.5379160046577454,0.5300887823104858,0.7226277372262774,0.7352941176470589
5,2,37,0.5335093140602112,0.5272299647331238,0.7226277372262774,0.7352941176470589
5,2,38,0.5272871851921082,0.5208726525306702,0.7226277372262774,0.7352941176470589
5,2,39,0.5229300856590271,0.5154984593391418,0.7226277372262774,0.7352941176470589
5,2,40,0.5193787813186646,0.5123251676559448,0.7226277372262774,0.7352941176470589
5,2,41,0.5148153305053711,0.5102363228797913,0.7226277372262774,0.7352941176470589
5,2,42,0.5111151337623596,0.5089112520217896,0.7226277372262774,0.7352941176470589
5,2,43,0.5059913992881775,0.5065406560897827,0.7226277372262774,0.7352941176470589
5,2,44,0.5009773373603821,0.5019636154174805,0.7226277372262774,0.7352941176470589
5,2,45,0.49721041321754456,0.49836209416389465,0.7226277372262774,0.7352941176470589
5,2,46,0.4915867745876312,0.4966697692871094,0.7226277372262774,0.7352941176470589
5,2,47,0.4884010851383209,0.4970909059047699,0.7226277372262774,0.7352941176470589
5,2,48,0.48366573452949524,0.49401429295539856,0.7226277372262774,0.7352941176470589
5,2,49,0.47895121574401855,0.49124985933303833,0.7226277372262774,0.7352941176470589
5,2,50,0.47353607416152954,0.4903300702571869,0.7226277372262774,0.7352941176470589
5,2,51,0.4693879783153534,0.4901653826236725,0.7226277372262774,0.7352941176470589
5,2,52,0.46548953652381897,0.48909664154052734,0.7591240875912408,0.7647058823529411
5,2,53,0.46105578541755676,0.4876110553741455,0.7664233576642335,0.8235294117647058
5,2,54,0.4563646912574768,0.4875146150588989,0.7591240875912408,0.8235294117647058
5,2,55,0.45135554671287537,0.49118727445602417,0.7664233576642335,0.7941176470588235
5,2,56,0.4465709924697876,0.4901524782180786,0.7664233576642335,0.7941176470588235
5,2,57,0.4413217008113861,0.4933840334415436,0.7591240875912408,0.7941176470588235
5,2,58,0.43718862533569336,0.4931812286376953,0.7591240875912408,0.7941176470588235
5,2,59,0.43288737535476685,0.4936327636241913,0.7591240875912408,0.7941176470588235
5,2,60,0.42841780185699463,0.49512168765068054,0.7591240875912408,0.7941176470588235
5,2,61,0.423200786113739,0.49753740429878235,0.7664233576642335,0.7941176470588235
5,2,62,0.4180780053138733,0.49916672706604004,0.7737226277372263,0.7941176470588235
5,2,63,0.4116603136062622,0.5028541684150696,0.7956204379562044,0.7941176470588235
5,2,64,0.40680617094039917,0.5077449679374695,0.8029197080291971,0.7941176470588235
5,2,65,0.40286844968795776,0.5117067098617554,0.8175182481751825,0.7647058823529411
5,2,66,0.40710604190826416,0.5190222263336182,0.7737226277372263,0.7941176470588235
5,2,67,0.40616095066070557,0.5260667204856873,0.8102189781021898,0.7058823529411765
5,2,68,0.392441064119339,0.528957724571228,0.8029197080291971,0.7941176470588235
5,2,69,0.3840689957141876,0.5311630368232727,0.8175182481751825,0.7647058823529411
5,2,70,0.38699251413345337,0.5321760773658752,0.8321167883211679,0.7058823529411765
5,2,71,0.3855864107608795,0.5393186807632446,0.8102189781021898,0.7941176470588235
5,2,72,0.37343722581863403,0.5376859307289124,0.8394160583941606,0.7058823529411765
5,2,73,0.37124165892601013,0.5412887930870056,0.8321167883211679,0.7058823529411765
5,2,74,0.3827965557575226,0.5537530779838562,0.8029197080291971,0.8235294117647058
5,2,75,0.37578994035720825,0.5493643283843994,0.8248175182481752,0.6764705882352942
5,2,76,0.36006319522857666,0.5464667081832886,0.8248175182481752,0.7058823529411765
5,2,77,0.3586929142475128,0.5563383102416992,0.8175182481751825,0.7352941176470589
5,2,78,0.36747926473617554,0.5627701878547668,0.8540145985401459,0.6764705882352942
5,2,79,0.3763778805732727,0.5795881748199463,0.8175182481751825,0.8235294117647058
5,2,80,0.3526022732257843,0.5617966651916504,0.8467153284671532,0.6764705882352942
5,2,81,0.3457969129085541,0.5596946477890015,0.8467153284671532,0.7058823529411765
5,2,82,0.3438147008419037,0.5621595978736877,0.8175182481751825,0.7058823529411765
5,2,83,0.3381241261959076,0.5643211603164673,0.8467153284671532,0.7058823529411765
5,2,84,0.33468466997146606,0.5673602223396301,0.8467153284671532,0.7058823529411765
5,2,85,0.33692309260368347,0.573438286781311,0.8321167883211679,0.7058823529411765
5,2,86,0.33251094818115234,0.5760716795921326,0.8540145985401459,0.6764705882352942
5,2,87,0.32691696286201477,0.5715907216072083,0.8394160583941606,0.7058823529411765
5,2,88,0.3225967586040497,0.5710302591323853,0.8613138686131386,0.7058823529411765
5,2,89,0.3201881945133209,0.5682626366615295,0.8540145985401459,0.7058823529411765
5,2,90,0.3170766234397888,0.5681477785110474,0.8540145985401459,0.7058823529411765
5,2,91,0.31874123215675354,0.572070300579071,0.8540145985401459,0.7058823529411765
5,2,92,0.31344836950302124,0.571622908115387,0.8613138686131386,0.6764705882352942
5,2,93,0.3117690682411194,0.5728441476821899,0.8613138686131386,0.7352941176470589
5,2,94,0.30949947237968445,0.5779218077659607,0.8759124087591241,0.6764705882352942
5,2,95,0.3025378882884979,0.581303060054779,0.8832116788321168,0.7058823529411765
5,2,96,0.2982718050479889,0.579128623008728,0.8686131386861314,0.6764705882352942
5,2,97,0.2934867739677429,0.5846028923988342,0.8759124087591241,0.7058823529411765
5,2,98,0.2849683463573456,0.5792083144187927,0.8686131386861314,0.7058823529411765
5,2,99,0.28184613585472107,0.5821019411087036,0.8905109489051095,0.7058823529411765
5,2,100,0.27879849076271057,0.5832878351211548,0.8905109489051095,0.7058823529411765
5,3,1,0.5919430255889893,0.581296980381012,0.7226277372262774,0.7352941176470589
5,3,2,0.7000638842582703,0.6730653047561646,0.7226277372262774,0.7352941176470589
5,3,3,0.5935612916946411,0.5788174867630005,0.7226277372262774,0.7352941176470589
5,3,4,0.6052030920982361,0.5981386303901672,0.7226277372262774,0.7352941176470589
5,3,5,0.6257831454277039,0.6211845874786377,0.7226277372262774,0.7352941176470589
5,3,6,0.6281625628471375,0.6238736510276794,0.7226277372262774,0.7352941176470589
5,3,7,0.620032787322998,0.615061342716217,0.7226277372262774,0.7352941176470589
5,3,8,0.6065863966941833,0.6001898050308228,0.7226277372262774,0.7352941176470589
5,3,9,0.5932589769363403,0.5847141742706299,0.7226277372262774,0.7352941176470589
5,3,10,0.5864255428314209,0.5749757289886475,0.7226277372262774,0.7352941176470589
5,3,11,0.5906876921653748,0.5761335492134094,0.7226277372262774,0.7352941176470589
5,3,12,0.5981734991073608,0.5816826820373535,0.7226277372262774,0.7352941176470589
5,3,13,0.5964767336845398,0.5802313685417175,0.7226277372262774,0.7352941176470589
5,3,14,0.5889155864715576,0.5744310021400452,0.7226277372262774,0.7352941176470589
5,3,15,0.5828450918197632,0.5708101987838745,0.7226277372262774,0.7352941176470589
5,3,16,0.5819780826568604,0.572246253490448,0.7226277372262774,0.7352941176470589
5,3,17,0.5843775272369385,0.5763474702835083,0.7226277372262774,0.7352941176470589
5,3,18,0.5860046148300171,0.5789160132408142,0.7226277372262774,0.7352941176470589
5,3,19,0.5850511789321899,0.5782411694526672,0.7226277372262774,0.7352941176470589
5,3,20,0.581420361995697,0.5742538571357727,0.7226277372262774,0.7352941176470589
5,3,21,0.5770653486251831,0.5690352320671082,0.7226277372262774,0.7352941176470589
5,3,22,0.5741833448410034,0.5647909641265869,0.7226277372262774,0.7352941176470589
5,3,23,0.5737380981445312,0.5628665685653687,0.7226277372262774,0.7352941176470589
5,3,24,0.5739458799362183,0.5621837377548218,0.7226277372262774,0.7352941176470589
5,3,25,0.5719267725944519,0.5604796409606934,0.7226277372262774,0.7352941176470589
5,3,26,0.5679522752761841,0.5579173564910889,0.7226277372262774,0.7352941176470589
5,3,27,0.5645445585250854,0.5565155148506165,0.7226277372262774,0.7352941176470589
5,3,28,0.5630889534950256,0.5569429993629456,0.7226277372262774,0.7352941176470589
5,3,29,0.5617642402648926,0.5571753978729248,0.7226277372262774,0.7352941176470589
5,3,30,0.5580832362174988,0.55431067943573,0.7226277372262774,0.7352941176470589
5,3,31,0.552981972694397,0.5490517020225525,0.7226277372262774,0.7352941176470589
5,3,32,0.5491187572479248,0.5441870093345642,0.7226277372262774,0.7352941176470589
5,3,33,0.5466615557670593,0.5409554243087769,0.7226277372262774,0.7352941176470589
5,3,34,0.5426573753356934,0.5376277565956116,0.7226277372262774,0.7352941176470589
5,3,35,0.5375081896781921,0.5344483852386475,0.7226277372262774,0.7352941176470589
5,3,36,0.5341351628303528,0.5327775478363037,0.7226277372262774,0.7352941176470589
5,3,37,0.5305542349815369,0.5304192304611206,0.7226277372262774,0.7352941176470589
5,3,38,0.5242277383804321,0.5244108438491821,0.7226277372262774,0.7352941176470589
5,3,39,0.5200655460357666,0.5192422866821289,0.7226277372262774,0.7352941176470589
5,3,40,0.5156638026237488,0.5150684118270874,0.7226277372262774,0.7352941176470589
5,3,41,0.5103934407234192,0.5119488835334778,0.7226277372262774,0.7352941176470589
5,3,42,0.507458508014679,0.5103651285171509,0.7226277372262774,0.7352941176470589
5,3,43,0.5044442415237427,0.5074594616889954,0.7226277372262774,0.7352941176470589
5,3,44,0.5017749667167664,0.5043957233428955,0.7226277372262774,0.7352941176470589
5,3,45,0.4968135356903076,0.5014650821685791,0.7226277372262774,0.7352941176470589
5,3,46,0.4935477674007416,0.5006077289581299,0.7226277372262774,0.7352941176470589
5,3,47,0.489250123500824,0.49774113297462463,0.7226277372262774,0.7352941176470589
5,3,48,0.4861336648464203,0.4947960674762726,0.7226277372262774,0.7352941176470589
5,3,49,0.4820185601711273,0.49293753504753113,0.7226277372262774,0.7352941176470589
5,3,50,0.47924214601516724,0.4931751787662506,0.7226277372262774,0.7352941176470589
5,3,51,0.4751996695995331,0.49157771468162537,0.7226277372262774,0.7352941176470589
5,3,52,0.4727686941623688,0.4901268780231476,0.7226277372262774,0.7352941176470589
5,3,53,0.4675616919994354,0.48840445280075073,0.7445255474452555,0.7058823529411765
5,3,54,0.46403953433036804,0.4898602068424225,0.781021897810219,0.7058823529411765
5,3,55,0.46019771695137024,0.4874071180820465,0.781021897810219,0.7058823529411765
5,3,56,0.45610731840133667,0.4865449368953705,0.781021897810219,0.7058823529411765
5,3,57,0.4513695240020752,0.4861921966075897,0.7956204379562044,0.6764705882352942
5,3,58,0.44625961780548096,0.4846549332141876,0.7883211678832117,0.7058823529411765
5,3,59,0.44140303134918213,0.4835652709007263,0.7883211678832117,0.6764705882352942
5,3,60,0.43814143538475037,0.4821782410144806,0.7883211678832117,0.7058823529411765
5,3,61,0.43359607458114624,0.4824083149433136,0.7883211678832117,0.6764705882352942
5,3,62,0.4317995607852936,0.48791205883026123,0.8029197080291971,0.6764705882352942
5,3,63,0.4273582696914673,0.4804861545562744,0.7883211678832117,0.6764705882352942
5,3,64,0.41940605640411377,0.47956734895706177,0.8029197080291971,0.6764705882352942
5,3,65,0.41970551013946533,0.4889982044696808,0.8102189781021898,0.6470588235294118
5,3,66,0.4167379140853882,0.4775921404361725,0.781021897810219,0.7058823529411765
5,3,67,0.40565225481987,0.4787226915359497,0.8102189781021898,0.6764705882352942
5,3,68,0.401777058839798,0.48087939620018005,0.8175182481751825,0.6470588235294118
5,3,69,0.4010166823863983,0.47399672865867615,0.8102189781021898,0.6764705882352942
5,3,70,0.39381980895996094,0.48320165276527405,0.7956204379562044,0.6470588235294118
5,3,71,0.38941359519958496,0.4809568524360657,0.8175182481751825,0.6470588235294118
5,3,72,0.3978383541107178,0.47259992361068726,0.8029197080291971,0.6764705882352942
5,3,73,0.3997117578983307,0.5089202523231506,0.7956204379562044,0.7058823529411765
5,3,74,0.38121137022972107,0.47040224075317383,0.8175182481751825,0.6764705882352942
5,3,75,0.378278911113739,0.4706733822822571,0.8175182481751825,0.6764705882352942
5,3,76,0.37681084871292114,0.49764716625213623,0.7883211678832117,0.6764705882352942
5,3,77,0.36841824650764465,0.47165432572364807,0.8248175182481752,0.6764705882352942
5,3,78,0.36664050817489624,0.4729370176792145,0.8175182481751825,0.6764705882352942
5,3,79,0.38935962319374084,0.5373504161834717,0.8321167883211679,0.7352941176470589
5,3,80,0.3695480525493622,0.4724864363670349,0.8248175182481752,0.6764705882352942
5,3,81,0.36272871494293213,0.470837265253067,0.8175182481751825,0.6764705882352942
5,3,82,0.37175771594047546,0.5315808653831482,0.8467153284671532,0.7352941176470589
5,3,83,0.35485008358955383,0.4730125367641449,0.8175182481751825,0.6764705882352942
5,3,84,0.34752359986305237,0.4762970507144928,0.8248175182481752,0.6470588235294118
5,3,85,0.35139286518096924,0.5129796266555786,0.8248175182481752,0.7058823529411765
5,3,86,0.3407127857208252,0.4866163730621338,0.8029197080291971,0.6764705882352942
5,3,87,0.34837257862091064,0.4715302884578705,0.8175182481751825,0.6764705882352942
5,3,88,0.34192824363708496,0.5075802803039551,0.8175182481751825,0.7058823529411765
5,3,89,0.33453574776649475,0.4864249527454376,0.8102189781021898,0.6764705882352942
5,3,90,0.33554428815841675,0.4720335006713867,0.8248175182481752,0.7058823529411765
5,3,91,0.32852935791015625,0.49726587533950806,0.8321167883211679,0.7352941176470589
5,3,92,0.3236634433269501,0.47972315549850464,0.8029197080291971,0.6764705882352942
5,3,93,0.3204980492591858,0.4941937029361725,0.8321167883211679,0.7058823529411765
5,3,94,0.3257271349430084,0.4620674252510071,0.8248175182481752,0.6764705882352942
5,3,95,0.3206774890422821,0.5116400718688965,0.8540145985401459,0.7058823529411765
5,3,96,0.31521105766296387,0.4646069407463074,0.8248175182481752,0.6764705882352942
5,3,97,0.30759456753730774,0.48466524481773376,0.8467153284671532,0.7058823529411765
5,3,98,0.3058270514011383,0.465048611164093,0.8175182481751825,0.7058823529411765
5,3,99,0.30462777614593506,0.4941714107990265,0.8540145985401459,0.7352941176470589
5,3,100,0.3013194799423218,0.4528852701187134,0.8248175182481752,0.7058823529411765
5,4,1,0.5971841812133789,0.5882163643836975,0.7226277372262774,0.7352941176470589
5,4,2,0.6862179636955261,0.6604792475700378,0.7226277372262774,0.7352941176470589
5,4,3,0.5983964800834656,0.5826844573020935,0.7226277372262774,0.7352941176470589
5,4,4,0.5978575944900513,0.5898255705833435,0.7226277372262774,0.7352941176470589
5,4,5,0.6170977354049683,0.6120308637619019,0.7226277372262774,0.7352941176470589
5,4,6,0.6212316155433655,0.6168237328529358,0.7226277372262774,0.7352941176470589
5,4,7,0.6149735450744629,0.6102386116981506,0.7226277372262774,0.7352941176470589
5,4,8,0.6024320125579834,0.5966126322746277,0.7226277372262774,0.7352941176470589
5,4,9,0.5898787379264832,0.5821648836135864,0.7226277372262774,0.7352941176470589
5,4,10,0.5860422849655151,0.5757576823234558,0.7226277372262774,0.7352941176470589
5,4,11,0.593563437461853,0.5809751152992249,0.7226277372262774,0.7352941176470589
5,4,12,0.5986607670783997,0.585497260093689,0.7226277372262774,0.7352941176470589
5,4,13,0.5926470160484314,0.580942690372467,0.7226277372262774,0.7352941176470589
5,4,14,0.5843110084533691,0.5750474333763123,0.7226277372262774,0.7352941176470589
5,4,15,0.5813500881195068,0.5745499134063721,0.7226277372262774,0.7352941176470589
5,4,16,0.5832433700561523,0.578354001045227,0.7226277372262774,0.7352941176470589
5,4,17,0.5855293869972229,0.58186936378479,0.7226277372262774,0.7352941176470589
5,4,18,0.5855343341827393,0.582568883895874,0.7226277372262774,0.7352941176470589
5,4,19,0.5827562808990479,0.5800156593322754,0.7226277372262774,0.7352941176470589
5,4,20,0.5784842371940613,0.5755515694618225,0.7226277372262774,0.7352941176470589
5,4,21,0.5750418305397034,0.571596086025238,0.7226277372262774,0.7352941176470589
5,4,22,0.57439124584198,0.5703036189079285,0.7226277372262774,0.7352941176470589
5,4,23,0.5754266381263733,0.5711173415184021,0.7226277372262774,0.7352941176470589
5,4,24,0.5748341679573059,0.5710470676422119,0.7226277372262774,0.7352941176470589
5,4,25,0.5712436437606812,0.5687785148620605,0.7226277372262774,0.7352941176470589
5,4,26,0.567436695098877,0.5666510462760925,0.7226277372262774,0.7352941176470589
5,4,27,0.565742015838623,0.5665931701660156,0.7226277372262774,0.7352941176470589
5,4,28,0.5656788349151611,0.5678935647010803,0.7226277372262774,0.7352941176470589
5,4,29,0.5644505023956299,0.5675941109657288,0.7226277372262774,0.7352941176470589
5,4,30,0.5605990886688232,0.564145028591156,0.7226277372262774,0.7352941176470589
5,4,31,0.5565205812454224,0.5599796175956726,0.7226277372262774,0.7352941176470589
5,4,32,0.5546283721923828,0.5577411651611328,0.7226277372262774,0.7352941176470589
5,4,33,0.5531410574913025,0.5560892820358276,0.7226277372262774,0.7352941176470589
5,4,34,0.5495995283126831,0.552836000919342,0.7226277372262774,0.7352941176470589
5,4,35,0.5465612411499023,0.5500137209892273,0.7226277372262774,0.7352941176470589
5,4,36,0.5450471639633179,0.5481637120246887,0.7226277372262774,0.7352941176470589
5,4,37,0.5423696637153625,0.544040322303772,0.7226277372262774,0.7352941176470589
5,4,38,0.5384082794189453,0.5375153422355652,0.7226277372262774,0.7352941176470589
5,4,39,0.5361424684524536,0.5321493744850159,0.7226277372262774,0.7352941176470589
5,4,40,0.5331124663352966,0.5261340737342834,0.7226277372262774,0.7352941176470589
5,4,41,0.5290587544441223,0.5191209316253662,0.7226277372262774,0.7352941176470589
5,4,42,0.5263951420783997,0.5129783153533936,0.7226277372262774,0.7352941176470589
5,4,43,0.5232942700386047,0.5062362551689148,0.7226277372262774,0.7352941176470589
5,4,44,0.5193150639533997,0.4971338212490082,0.7226277372262774,0.7352941176470589
5,4,45,0.516338050365448,0.48918992280960083,0.7226277372262774,0.7352941176470589
5,4,46,0.5118868350982666,0.4802688658237457,0.7226277372262774,0.7352941176470589
5,4,47,0.508364737033844,0.473109632730484,0.7226277372262774,0.7352941176470589
5,4,48,0.5052362680435181,0.46584662795066833,0.7226277372262774,0.7352941176470589
5,4,49,0.5017903447151184,0.458516925573349,0.7226277372262774,0.7352941176470589
5,4,50,0.49884143471717834,0.4527744948863983,0.7226277372262774,0.7352941176470589
5,4,51,0.4952581226825714,0.4470016360282898,0.7226277372262774,0.7352941176470589
5,4,52,0.49137935042381287,0.44056540727615356,0.7226277372262774,0.7352941176470589
5,4,53,0.48763158917427063,0.4335278868675232,0.7226277372262774,0.7352941176470589
5,4,54,0.4840056002140045,0.4287348985671997,0.7518248175182481,0.7352941176470589
5,4,55,0.4824219346046448,0.42691895365715027,0.7518248175182481,0.7352941176470589
5,4,56,0.4815775156021118,0.4286707043647766,0.7883211678832117,0.7647058823529411
5,4,57,0.47371089458465576,0.42024844884872437,0.7664233576642335,0.7352941176470589
5,4,58,0.4737647473812103,0.4223182499408722,0.7445255474452555,0.7352941176470589
5,4,59,0.4664652943611145,0.41395270824432373,0.781021897810219,0.7647058823529411
5,4,60,0.46187272667884827,0.40883395075798035,0.781021897810219,0.7647058823529411
5,4,61,0.45969754457473755,0.40923136472702026,0.781021897810219,0.7352941176470589
5,4,62,0.45414507389068604,0.40441808104515076,0.7883211678832117,0.7647058823529411
5,4,63,0.4526303708553314,0.4052130877971649,0.781021897810219,0.7647058823529411
5,4,64,0.45029929280281067,0.40665385127067566,0.781021897810219,0.7352941176470589
5,4,65,0.44376349449157715,0.4002884030342102,0.7883211678832117,0.7647058823529411
5,4,66,0.4420114755630493,0.39879822731018066,0.7664233576642335,0.7647058823529411
5,4,67,0.4450172781944275,0.4120490849018097,0.7664233576642335,0.7352941176470589
5,4,68,0.4395206868648529,0.3995378017425537,0.8102189781021898,0.7941176470588235
5,4,69,0.4293358325958252,0.39618968963623047,0.7956204379562044,0.7647058823529411
5,4,70,0.42561468482017517,0.3950807750225067,0.7956204379562044,0.7647058823529411
5,4,71,0.42202502489089966,0.38640838861465454,0.8102189781021898,0.8235294117647058
5,4,72,0.41933268308639526,0.39546388387680054,0.7883211678832117,0.7647058823529411
5,4,73,0.4122220277786255,0.38665181398391724,0.7956204379562044,0.7647058823529411
5,4,74,0.4089646637439728,0.38002970814704895,0.7956204379562044,0.7941176470588235
5,4,75,0.4038991928100586,0.3790750503540039,0.7956204379562044,0.7941176470588235
5,4,76,0.39915692806243896,0.37400245666503906,0.8102189781021898,0.8235294117647058
5,4,77,0.3995663523674011,0.3892076909542084,0.7956204379562044,0.7647058823529411
5,4,78,0.4041551947593689,0.3760164976119995,0.8175182481751825,0.8529411764705882
5,4,79,0.4228672385215759,0.4437679350376129,0.7737226277372263,0.7352941176470589
5,4,80,0.39634254574775696,0.37453728914260864,0.8175182481751825,0.8529411764705882
5,4,81,0.3846271336078644,0.3697570264339447,0.8175182481751825,0.8529411764705882
5,4,82,0.4093124568462372,0.44081440567970276,0.7883211678832117,0.7352941176470589
5,4,83,0.3762998878955841,0.3723740875720978,0.8394160583941606,0.8529411764705882
5,4,84,0.37501809000968933,0.37365198135375977,0.8394160583941606,0.8529411764705882
5,4,85,0.3864923119544983,0.42622822523117065,0.7956204379562044,0.7352941176470589
5,4,86,0.3674851953983307,0.36917996406555176,0.8467153284671532,0.8529411764705882
5,4,87,0.35905712842941284,0.3776525557041168,0.8540145985401459,0.8823529411764706
5,4,88,0.3561418056488037,0.38434499502182007,0.8321167883211679,0.8529411764705882
5,4,89,0.35396382212638855,0.364764004945755,0.8613138686131386,0.8529411764705882
5,4,90,0.3471592664718628,0.3798070251941681,0.8540145985401459,0.8823529411764706
5,4,91,0.34199249744415283,0.3720039129257202,0.8686131386861314,0.8823529411764706
5,4,92,0.33871152997016907,0.3745998442173004,0.8759124087591241,0.8823529411764706
5,4,93,0.33309534192085266,0.36266466975212097,0.8832116788321168,0.8529411764705882
5,4,94,0.33166006207466125,0.3919430375099182,0.8613138686131386,0.8529411764705882
5,4,95,0.3346695601940155,0.3596961796283722,0.8467153284671532,0.8235294117647058
5,4,96,0.3587132394313812,0.4642026126384735,0.8029197080291971,0.7647058823529411
5,4,97,0.35497695207595825,0.3779546320438385,0.8248175182481752,0.8529411764705882
5,4,98,0.34260404109954834,0.45313671231269836,0.8175182481751825,0.7647058823529411
5,4,99,0.3115515112876892,0.390931099653244,0.8832116788321168,0.8529411764705882
5,4,100,0.3272664546966553,0.3757058382034302,0.8613138686131386,0.8529411764705882
5,5,1,0.5975000858306885,0.6125489473342896,0.7299270072992701,0.7058823529411765
5,5,2,0.6448990106582642,0.6899750828742981,0.7299270072992701,0.7058823529411765
5,5,3,0.5886947512626648,0.6201671361923218,0.7299270072992701,0.7058823529411765
5,5,4,0.588162362575531,0.6074195504188538,0.7299270072992701,0.7058823529411765
5,5,5,0.6008737087249756,0.6159526109695435,0.7299270072992701,0.7058823529411765
5,5,6,0.5997678637504578,0.6156436800956726,0.7299270072992701,0.7058823529411765
5,5,7,0.5893930792808533,0.6095100045204163,0.7299270072992701,0.7058823529411765
5,5,8,0.5788482427597046,0.6064679026603699,0.7299270072992701,0.7058823529411765
5,5,9,0.5779168009757996,0.6150684356689453,0.7299270072992701,0.7058823529411765
5,5,10,0.5832694172859192,0.6282589435577393,0.7299270072992701,0.7058823529411765
5,5,11,0.581213116645813,0.6286071538925171,0.7299270072992701,0.7058823529411765
5,5,12,0.5735481381416321,0.6185584664344788,0.7299270072992701,0.7058823529411765
5,5,13,0.569779098033905,0.6104186773300171,0.7299270072992701,0.7058823529411765
5,5,14,0.571159303188324,0.6082461476325989,0.7299270072992701,0.7058823529411765
5,5,15,0.5722530484199524,0.6088859438896179,0.7299270072992701,0.7058823529411765
5,5,16,0.5694950819015503,0.6093669533729553,0.7299270072992701,0.7058823529411765
5,5,17,0.5635924935340881,0.6106230616569519,0.7299270072992701,0.7058823529411765
5,5,18,0.5584088563919067,0.6158687472343445,0.7299270072992701,0.7058823529411765
5,5,19,0.5569722056388855,0.6264415979385376,0.7299270072992701,0.7058823529411765
5,5,20,0.5567641258239746,0.6369235515594482,0.7299270072992701,0.7058823529411765
5,5,21,0.5519139766693115,0.6376317739486694,0.7299270072992701,0.7058823529411765
5,5,22,0.5449787974357605,0.6300027370452881,0.7299270072992701,0.7058823529411765
5,5,23,0.5421818494796753,0.6249629855155945,0.7299270072992701,0.7058823529411765
5,5,24,0.540367066860199,0.6250885128974915,0.7299270072992701,0.7058823529411765
5,5,25,0.5340607166290283,0.6304170489311218,0.7299270072992701,0.7058823529411765
5,5,26,0.5269449949264526,0.642437756061554,0.7299270072992701,0.7058823529411765
5,5,27,0.5231432318687439,0.6591343879699707,0.7299270072992701,0.7058823529411765
5,5,28,0.5185773968696594,0.669802188873291,0.7299270072992701,0.7058823529411765
5,5,29,0.5109837651252747,0.6669009923934937,0.7299270072992701,0.7058823529411765
5,5,30,0.5069375038146973,0.662902295589447,0.7299270072992701,0.7058823529411765
5,5,31,0.502041757106781,0.6683936715126038,0.7299270072992701,0.7058823529411765
5,5,32,0.49520227313041687,0.688724160194397,0.7299270072992701,0.7058823529411765
5,5,33,0.4932352900505066,0.7143393158912659,0.7299270072992701,0.7058823529411765
5,5,34,0.48566964268684387,0.7121347784996033,0.7299270072992701,0.7058823529411765
5,5,35,0.4808056652545929,0.6948438286781311,0.7299270072992701,0.7058823529411765
5,5,36,0.47473517060279846,0.7011647820472717,0.7299270072992701,0.7058823529411765
5,5,37,0.46906575560569763,0.7294679284095764,0.7299270072992701,0.7058823529411765
5,5,38,0.4633525609970093,0.7393861413002014,0.7299270072992701,0.7058823529411765
5,5,39,0.45643121004104614,0.7267348170280457,0.7299270072992701,0.7058823529411765
5,5,40,0.4504825174808502,0.7260090112686157,0.7299270072992701,0.7058823529411765
5,5,41,0.4456098675727844,0.754150927066803,0.7299270072992701,0.7058823529411765
5,5,42,0.44103842973709106,0.7597697377204895,0.7299270072992701,0.7058823529411765
5,5,43,0.4357631802558899,0.7520763278007507,0.7883211678832117,0.7352941176470589
5,5,44,0.4322817027568817,0.7977264523506165,0.7883211678832117,0.7352941176470589
5,5,45,0.42533349990844727,0.7863922715187073,0.7737226277372263,0.7352941176470589
5,5,46,0.42141762375831604,0.7852054238319397,0.7737226277372263,0.7058823529411765
5,5,47,0.4175725281238556,0.8405017256736755,0.7737226277372263,0.7058823529411765
5,5,48,0.4092153310775757,0.8418318033218384,0.7737226277372263,0.7058823529411765
5,5,49,0.40742409229278564,0.8295331001281738,0.8029197080291971,0.7058823529411765
5,5,50,0.4104746878147125,0.9303917288780212,0.7737226277372263,0.7058823529411765
5,5,51,0.400110125541687,0.8606570959091187,0.8248175182481752,0.6764705882352942
5,5,52,0.394466757774353,0.9244830012321472,0.781021897810219,0.7058823529411765
5,5,53,0.38879838585853577,0.9343050718307495,0.7883211678832117,0.7058823529411765
5,5,54,0.38655582070350647,0.912769079208374,0.8394160583941606,0.6470588235294118
5,5,55,0.386461466550827,0.9886882901191711,0.781021897810219,0.7058823529411765
5,5,56,0.3785644471645355,0.9403672218322754,0.8321167883211679,0.6764705882352942
5,5,57,0.37393635511398315,0.967190682888031,0.8321167883211679,0.7058823529411765
5,5,58,0.37062951922416687,0.986443042755127,0.8175182481751825,0.7058823529411765
5,5,59,0.3700534403324127,0.9347625374794006,0.8467153284671532,0.6176470588235294
5,5,60,0.3828795254230499,1.0603660345077515,0.781021897810219,0.7058823529411765
5,5,61,0.3693103492259979,0.9216204881668091,0.8467153284671532,0.6470588235294118
5,5,62,0.357097864151001,0.9730307459831238,0.8540145985401459,0.6470588235294118
5,5,63,0.36941301822662354,1.057374119758606,0.7956204379562044,0.7058823529411765
5,5,64,0.36522355675697327,0.9147027134895325,0.8540145985401459,0.6470588235294118
5,5,65,0.3524705767631531,1.0104448795318604,0.8321167883211679,0.7058823529411765
5,5,66,0.3561365306377411,1.0488091707229614,0.8029197080291971,0.7058823529411765
5,5,67,0.3665845990180969,0.9099563956260681,0.8394160583941606,0.6764705882352942
5,5,68,0.3437737822532654,1.0077522993087769,0.8467153284671532,0.6470588235294118
5,5,69,0.35280463099479675,1.0798981189727783,0.8102189781021898,0.7058823529411765
5,5,70,0.34008827805519104,0.9622286558151245,0.8613138686131386,0.6470588235294118
5,5,71,0.3337119519710541,0.9787470698356628,0.8832116788321168,0.6764705882352942
5,5,72,0.34059181809425354,1.0722122192382812,0.8175182481751825,0.7058823529411765
5,5,73,0.32763031125068665,0.9882045984268188,0.8905109489051095,0.6470588235294118
5,5,74,0.3291381299495697,0.9606735110282898,0.8832116788321168,0.6764705882352942
5,5,75,0.3311479091644287,1.0634132623672485,0.8321167883211679,0.6764705882352942
5,5,76,0.3242630064487457,0.9659771919250488,0.8759124087591241,0.6764705882352942
5,5,77,0.3186209499835968,1.033505916595459,0.8759124087591241,0.6470588235294118
5,5,78,0.3150255084037781,1.031370759010315,0.8832116788321168,0.6470588235294118
5,5,79,0.3249230980873108,0.948699414730072,0.8613138686131386,0.6470588235294118
5,5,80,0.3182680308818817,1.0842254161834717,0.8467153284671532,0.6764705882352942
5,5,81,0.3099983334541321,1.068482518196106,0.8759124087591241,0.6470588235294118
5,5,82,0.32366475462913513,0.9371410012245178,0.8686131386861314,0.6470588235294118
5,5,83,0.33050402998924255,1.1471829414367676,0.8321167883211679,0.6764705882352942
5,5,84,0.29991817474365234,1.024065375328064,0.8832116788321168,0.6470588235294118
5,5,85,0.32277411222457886,0.9219121932983398,0.8759124087591241,0.6470588235294118
5,5,86,0.3313709497451782,1.1712181568145752,0.8175182481751825,0.7058823529411765
5,5,87,0.29276877641677856,1.0191497802734375,0.8905109489051095,0.6470588235294118
5,5,88,0.31481680274009705,0.9230771064758301,0.8832116788321168,0.6470588235294118
5,5,89,0.301371693611145,1.1090182065963745,0.8540145985401459,0.6764705882352942
5,5,90,0.2866135537624359,1.041879653930664,0.8905109489051095,0.6470588235294118
5,5,91,0.30039161443710327,0.9418193697929382,0.8905109489051095,0.6470588235294118
5,5,92,0.2843885123729706,1.0591676235198975,0.8905109489051095,0.6470588235294118
5,5,93,0.2820287048816681,1.063647747039795,0.8905109489051095,0.6470588235294118
5,5,94,0.284336656332016,0.9742187261581421,0.8978102189781022,0.6764705882352942
5,5,95,0.2786019742488861,1.0836677551269531,0.8832116788321168,0.6470588235294118
5,5,96,0.27872487902641296,1.0948573350906372,0.8759124087591241,0.6470588235294118
5,5,97,0.29049548506736755,0.9305615425109863,0.8905109489051095,0.6764705882352942
5,5,98,0.27021554112434387,1.0130798816680908,0.9051094890510949,0.6764705882352942
5,5,99,0.2900756001472473,1.1443202495574951,0.8467153284671532,0.7058823529411765
5,5,100,0.2827714681625366,0.9231941103935242,0.8978102189781022,0.6764705882352942
