repeat,fold,epoch,train_loss,val_loss,train_acc,val_acc
1,1,1,0.6128084659576416,0.633846640586853,0.7279411764705882,0.7142857142857143
1,1,2,0.5871684551239014,0.598739504814148,0.7279411764705882,0.7142857142857143
1,1,3,0.5910657048225403,0.6013256907463074,0.7279411764705882,0.7142857142857143
1,1,4,0.5844200849533081,0.5975040197372437,0.7279411764705882,0.7142857142857143
1,1,5,0.5857006311416626,0.602242648601532,0.7279411764705882,0.7142857142857143
1,1,6,0.5852895379066467,0.6023942232131958,0.7279411764705882,0.7142857142857143
1,1,7,0.5814176797866821,0.5969508290290833,0.7279411764705882,0.7142857142857143
1,1,8,0.5812255144119263,0.595138430595398,0.7279411764705882,0.7142857142857143
1,1,9,0.5819006562232971,0.5952799320220947,0.7279411764705882,0.7142857142857143
1,1,10,0.5787996053695679,0.5936532020568848,0.7279411764705882,0.7142857142857143
1,1,11,0.5767472982406616,0.5940147638320923,0.7279411764705882,0.7142857142857143
1,1,12,0.5777583122253418,0.5973269939422607,0.7279411764705882,0.7142857142857143
1,1,13,0.5760897994041443,0.5961430072784424,0.7279411764705882,0.7142857142857143
1,1,14,0.5722307562828064,0.5908520221710205,0.7279411764705882,0.7142857142857143
1,1,15,0.5716142058372498,0.5887613892555237,0.7279411764705882,0.7142857142857143
1,1,16,0.5704925656318665,0.5878337621688843,0.7279411764705882,0.7142857142857143
1,1,17,0.566958487033844,0.586031973361969,0.7279411764705882,0.7142857142857143
1,1,18,0.5640755295753479,0.5853523015975952,0.7279411764705882,0.7142857142857143
1,1,19,0.5625057220458984,0.5857930779457092,0.7279411764705882,0.7142857142857143
1,1,20,0.5596534013748169,0.5840347409248352,0.7279411764705882,0.7142857142857143
1,1,21,0.555601179599762,0.5797615051269531,0.7279411764705882,0.7142857142857143
1,1,22,0.553100049495697,0.5772940516471863,0.7279411764705882,0.7142857142857143
1,1,23,0.5489915609359741,0.5748684406280518,0.7279411764705882,0.7142857142857143
1,1,24,0.5443112254142761,0.5726041793823242,0.7279411764705882,0.7142857142857143
1,1,25,0.5405633449554443,0.5723166465759277,0.7279411764705882,0.7142857142857143
1,1,26,0.5356335639953613,0.5692828893661499,0.7279411764705882,0.7142857142857143
1,1,27,0.5307552218437195,0.5655209422111511,0.7279411764705882,0.7142857142857143
1,1,28,0.5260536670684814,0.5628039836883545,0.7279411764705882,0.7142857142857143
1,1,29,0.5218019485473633,0.5613306164741516,0.7279411764705882,0.7142857142857143
1,1,30,0.5176315307617188,0.5582374334335327,0.7279411764705882,0.7142857142857143
1,1,31,0.5134580731391907,0.5538709163665771,0.7279411764705882,0.7142857142857143
1,1,32,0.509686291217804,0.5527842044830322,0.7279411764705882,0.7142857142857143
1,1,33,0.5076506733894348,0.5537081360816956,0.7279411764705882,0.7142857142857143
1,1,34,0.5041203498840332,0.5466130971908569,0.75,0.7428571428571429
1,1,35,0.5015754699707031,0.5438055992126465,0.7647058823529411,0.7428571428571429
1,1,36,0.50181645154953,0.5492676496505737,0.75,0.7428571428571429
1,1,37,0.4968758225440979,0.5387483835220337,0.7647058823529411,0.7714285714285715
1,1,38,0.496562123298645,0.5337018966674805,0.7794117647058824,0.8
1,1,39,0.49404609203338623,0.531705915927887,0.7720588235294118,0.8
1,1,40,0.49343883991241455,0.5344634056091309,0.7720588235294118,0.7428571428571429
1,1,41,0.49004578590393066,0.5250059962272644,0.7867647058823529,0.8
1,1,42,0.4879107177257538,0.5222479701042175,0.7867647058823529,0.8
1,1,43,0.4856230914592743,0.5193824172019958,0.7941176470588235,0.8
1,1,44,0.4831710159778595,0.5158038139343262,0.7941176470588235,0.8
1,1,45,0.4848354458808899,0.5245251059532166,0.7720588235294118,0.8
1,1,46,0.4804523289203644,0.5069920420646667,0.7941176470588235,0.8
1,1,47,0.47657832503318787,0.5083070397377014,0.7941176470588235,0.8
1,1,48,0.473868191242218,0.5057739615440369,0.7941176470588235,0.8
1,1,49,0.47140300273895264,0.5032044649124146,0.7941176470588235,0.8
1,1,50,0.46874627470970154,0.5004139542579651,0.7867647058823529,0.8
1,1,51,0.4700149595737457,0.5117403864860535,0.7867647058823529,0.8
1,1,52,0.46298009157180786,0.49658116698265076,0.7867647058823529,0.8
1,1,53,0.46149298548698425,0.4938802421092987,0.7941176470588235,0.8
1,1,54,0.4647243320941925,0.511456310749054,0.7941176470588235,0.8
1,1,55,0.4623930752277374,0.48762816190719604,0.8235294117647058,0.7714285714285715
1,1,56,0.45602813363075256,0.5011829137802124,0.7867647058823529,0.8
1,1,57,0.45038464665412903,0.49063578248023987,0.8014705882352942,0.8
1,1,58,0.45220014452934265,0.4814247190952301,0.8235294117647058,0.7714285714285715
1,1,59,0.45098191499710083,0.5035643577575684,0.7867647058823529,0.8
1,1,60,0.44423606991767883,0.479925274848938,0.8161764705882353,0.8
1,1,61,0.4408028721809387,0.48199981451034546,0.8161764705882353,0.8
1,1,62,0.44739460945129395,0.5064644813537598,0.7941176470588235,0.8
1,1,63,0.45020821690559387,0.47886472940444946,0.8235294117647058,0.7714285714285715
1,1,64,0.43554484844207764,0.48629024624824524,0.8014705882352942,0.8
1,1,65,0.4540731906890869,0.5263402462005615,0.7794117647058824,0.8
1,1,66,0.43722811341285706,0.47695356607437134,0.8235294117647058,0.7714285714285715
1,1,67,0.4370166063308716,0.4763124883174896,0.8161764705882353,0.7714285714285715
1,1,68,0.4446176588535309,0.5177344083786011,0.8014705882352942,0.7714285714285715
1,1,69,0.4285317361354828,0.48441433906555176,0.8308823529411765,0.8
1,1,70,0.43625056743621826,0.4728005528450012,0.8308823529411765,0.7714285714285715
1,1,71,0.43226736783981323,0.49855536222457886,0.8088235294117647,0.7714285714285715
1,1,72,0.42888474464416504,0.49272555112838745,0.8088235294117647,0.7714285714285715
1,1,73,0.4248720705509186,0.4718274772167206,0.8161764705882353,0.8
1,1,74,0.4225817024707794,0.4760884940624237,0.8308823529411765,0.8
1,1,75,0.4224454164505005,0.4876902997493744,0.8088235294117647,0.8
1,1,76,0.41839659214019775,0.47804179787635803,0.8235294117647058,0.8
1,1,77,0.41604822874069214,0.48196905851364136,0.8235294117647058,0.8
1,1,78,0.4193284809589386,0.5068314075469971,0.8088235294117647,0.8
1,1,79,0.41265496611595154,0.48728930950164795,0.8308823529411765,0.8
1,1,80,0.41163715720176697,0.4890356957912445,0.8308823529411765,0.8
1,1,81,0.4136395752429962,0.508150041103363,0.8235294117647058,0.8
1,1,82,0.4158723056316376,0.4744087755680084,0.8161764705882353,0.8285714285714286
1,1,83,0.40921449661254883,0.5099298357963562,0.8308823529411765,0.8
1,1,84,0.40643101930618286,0.5067091584205627,0.8308823529411765,0.8
1,1,85,0.41397857666015625,0.4728529751300812,0.8088235294117647,0.8285714285714286
1,1,86,0.4288955330848694,0.5595574378967285,0.8161764705882353,0.7714285714285715
1,1,87,0.4012281894683838,0.4862644672393799,0.8382352941176471,0.8
1,1,88,0.4178083539009094,0.472396582365036,0.7941176470588235,0.8
1,1,89,0.41623935103416443,0.5459697246551514,0.8161764705882353,0.8
1,1,90,0.4016874134540558,0.5214341282844543,0.8235294117647058,0.8
1,1,91,0.4191347658634186,0.4750731289386749,0.7941176470588235,0.7714285714285715
1,1,92,0.40090566873550415,0.5295423269271851,0.8308823529411765,0.8
1,1,93,0.399795264005661,0.5304561257362366,0.8308823529411765,0.8
1,1,94,0.4143831133842468,0.47676730155944824,0.7941176470588235,0.7714285714285715
1,1,95,0.39009928703308105,0.5099011063575745,0.8382352941176471,0.8
1,1,96,0.3951592445373535,0.537335216999054,0.8308823529411765,0.8
1,1,97,0.39314302802085876,0.4914126694202423,0.8235294117647058,0.8
1,1,98,0.38647425174713135,0.5043477416038513,0.8382352941176471,0.8285714285714286
1,1,99,0.39530983567237854,0.5512322783470154,0.8235294117647058,0.8
1,1,100,0.38617610931396484,0.4957382082939148,0.8382352941176471,0.8285714285714286
1,2,1,0.62115079164505,0.601966142654419,0.7226277372262774,0.7352941176470589
1,2,2,0.5904842019081116,0.5779538750648499,0.7226277372262774,0.7352941176470589
1,2,3,0.597669780254364,0.5889642834663391,0.7226277372262774,0.7352941176470589
1,2,4,0.5965890288352966,0.5876932740211487,0.7226277372262774,0.7352941176470589
1,2,5,0.5896171927452087,0.578486979007721,0.7226277372262774,0.7352941176470589
1,2,6,0.5896649360656738,0.5756576657295227,0.7226277372262774,0.7352941176470589
1,2,7,0.5926882028579712,0.5771654844284058,0.7226277372262774,0.7352941176470589
1,2,8,0.5885061025619507,0.5739218592643738,0.7226277372262774,0.7352941176470589
1,2,9,0.5856302976608276,0.5732050538063049,0.7226277372262774,0.7352941176470589
1,2,10,0.5869691371917725,0.5758204460144043,0.7226277372262774,0.7352941176470589
1,2,11,0.5867716073989868,0.5757326483726501,0.7226277372262774,0.7352941176470589
1,2,12,0.5840683579444885,0.5721673369407654,0.7226277372262774,0.7352941176470589
1,2,13,0.5813418030738831,0.5678039789199829,0.7226277372262774,0.7352941176470589
1,2,14,0.5812925696372986,0.5659294128417969,0.7226277372262774,0.7352941176470589
1,2,15,0.5807474851608276,0.5646533966064453,0.7226277372262774,0.7352941176470589
1,2,16,0.5778558850288391,0.5620816349983215,0.7226277372262774,0.7352941176470589
1,2,17,0.5755113959312439,0.5603923797607422,0.7226277372262774,0.7352941176470589
1,2,18,0.5746389627456665,0.5600703954696655,0.7226277372262774,0.7352941176470589
1,2,19,0.5722962617874146,0.5572208762168884,0.7226277372262774,0.7352941176470589
1,2,20,0.568967878818512,0.5524739623069763,0.7226277372262774,0.7352941176470589
1,2,21,0.5666685700416565,0.5484887361526489,0.7226277372262774,0.7352941176470589
1,2,22,0.5636603236198425,0.544671893119812,0.7226277372262774,0.7352941176470589
1,2,23,0.5599873065948486,0.5402080416679382,0.7226277372262774,0.7352941176470589
1,2,24,0.5568398237228394,0.5357798337936401,0.7226277372262774,0.7352941176470589
1,2,25,0.552953839302063,0.5302236080169678,0.7226277372262774,0.7352941176470589
1,2,26,0.5481102466583252,0.5230128169059753,0.7226277372262774,0.7352941176470589
1,2,27,0.5440248847007751,0.5163475871086121,0.7226277372262774,0.7352941176470589
1,2,28,0.5392182469367981,0.5089319348335266,0.7226277372262774,0.7352941176470589
1,2,29,0.5356245636940002,0.5024228692054749,0.7226277372262774,0.7352941176470589
1,2,30,0.5316261053085327,0.4953758120536804,0.7226277372262774,0.7352941176470589
1,2,31,0.5286924839019775,0.4895588457584381,0.7226277372262774,0.7352941176470589
1,2,32,0.5245649814605713,0.4822703003883362,0.7226277372262774,0.7352941176470589
1,2,33,0.5204310417175293,0.4745056927204132,0.7226277372262774,0.7352941176470589
1,2,34,0.5187593698501587,0.4698731601238251,0.7226277372262774,0.7352941176470589
1,2,35,0.5155228972434998,0.4658510982990265,0.7226277372262774,0.7352941176470589
1,2,36,0.5126448273658752,0.4610254466533661,0.7226277372262774,0.7352941176470589
1,2,37,0.5103267431259155,0.456441193819046,0.7591240875912408,0.7352941176470589
1,2,38,0.5092632174491882,0.4567401111125946,0.7445255474452555,0.7352941176470589
1,2,39,0.5078298449516296,0.4538043439388275,0.7664233576642335,0.7352941176470589
1,2,40,0.5048415660858154,0.4535047113895416,0.7591240875912408,0.7352941176470589
1,2,41,0.5040065050125122,0.4540150463581085,0.7591240875912408,0.7352941176470589
1,2,42,0.5009475946426392,0.44879913330078125,0.7664233576642335,0.7352941176470589
1,2,43,0.4987771213054657,0.44803646206855774,0.7518248175182481,0.7352941176470589
1,2,44,0.4959966838359833,0.44483307003974915,0.7737226277372263,0.7352941176470589
1,2,45,0.49422287940979004,0.4412555694580078,0.7956204379562044,0.7647058823529411
1,2,46,0.4965895414352417,0.44861969351768494,0.7518248175182481,0.7352941176470589
1,2,47,0.4882470667362213,0.43558961153030396,0.7956204379562044,0.7352941176470589
1,2,48,0.489877849817276,0.43675485253334045,0.781021897810219,0.7941176470588235
1,2,49,0.4880025088787079,0.4387310743331909,0.7591240875912408,0.7352941176470589
1,2,50,0.4837081730365753,0.4352158010005951,0.7737226277372263,0.7352941176470589
1,2,51,0.48551294207572937,0.4347226023674011,0.7956204379562044,0.7941176470588235
1,2,52,0.4781617224216461,0.4297063946723938,0.7883211678832117,0.7941176470588235
1,2,53,0.4869062304496765,0.4431224763393402,0.7664233576642335,0.7352941176470589
1,2,54,0.4794118106365204,0.4304865896701813,0.7956204379562044,0.8235294117647058
1,2,55,0.47385093569755554,0.42547106742858887,0.7956204379562044,0.8235294117647058
1,2,56,0.4830942749977112,0.44127365946769714,0.7664233576642335,0.7352941176470589
1,2,57,0.4672290086746216,0.42022114992141724,0.7883211678832117,0.7941176470588235
1,2,58,0.4744355082511902,0.42799973487854004,0.781021897810219,0.8235294117647058
1,2,59,0.46377837657928467,0.41902661323547363,0.7883211678832117,0.7941176470588235
1,2,60,0.4815593659877777,0.44467440247535706,0.7591240875912408,0.7352941176470589
1,2,61,0.45961976051330566,0.41833898425102234,0.7883211678832117,0.7941176470588235
1,2,62,0.4728354513645172,0.43195924162864685,0.7956204379562044,0.7647058823529411
1,2,63,0.458370566368103,0.42152416706085205,0.7956204379562044,0.7941176470588235
1,2,64,0.47773241996765137,0.44773179292678833,0.7737226277372263,0.7352941176470589
1,2,65,0.4543514847755432,0.41528576612472534,0.7956204379562044,0.8235294117647058
1,2,66,0.47078588604927063,0.4319531321525574,0.781021897810219,0.7647058823529411
1,2,67,0.453152060508728,0.4153313636779785,0.8029197080291971,0.7941176470588235
1,2,68,0.4684053957462311,0.43469709157943726,0.781021897810219,0.7352941176470589
1,2,69,0.4500548541545868,0.4138849377632141,0.7883211678832117,0.8235294117647058
1,2,70,0.4610174894332886,0.4266342222690582,0.781021897810219,0.7647058823529411
1,2,71,0.4486398696899414,0.41824519634246826,0.8029197080291971,0.7941176470588235
1,2,72,0.4565677046775818,0.42936497926712036,0.781021897810219,0.7941176470588235
1,2,73,0.44702333211898804,0.41605904698371887,0.781021897810219,0.7647058823529411
1,2,74,0.4495846629142761,0.420412540435791,0.7883211678832117,0.7941176470588235
1,2,75,0.4453602135181427,0.4218428432941437,0.8029197080291971,0.8235294117647058
1,2,76,0.449312299489975,0.4287808835506439,0.8029197080291971,0.7941176470588235
1,2,77,0.4372600018978119,0.41307762265205383,0.781021897810219,0.7352941176470589
1,2,78,0.43915536999702454,0.4161345660686493,0.7737226277372263,0.7647058823529411
1,2,79,0.4383152425289154,0.41892921924591064,0.7956204379562044,0.8235294117647058
1,2,80,0.437616765499115,0.4211692810058594,0.8029197080291971,0.8235294117647058
1,2,81,0.43193337321281433,0.41455718874931335,0.7883211678832117,0.7352941176470589
1,2,82,0.4311227798461914,0.4148061275482178,0.781021897810219,0.7647058823529411
1,2,83,0.42982497811317444,0.41641324758529663,0.7883211678832117,0.7941176470588235
1,2,84,0.42803215980529785,0.4160432517528534,0.7883211678832117,0.7941176470588235
1,2,85,0.4270137548446655,0.41701966524124146,0.8175182481751825,0.7941176470588235
1,2,86,0.42381393909454346,0.4163185656070709,0.7883211678832117,0.7941176470588235
1,2,87,0.4280649423599243,0.4239569306373596,0.8029197080291971,0.7941176470588235
1,2,88,0.42030078172683716,0.4155060946941376,0.781021897810219,0.7647058823529411
1,2,89,0.42038285732269287,0.4146144688129425,0.8029197080291971,0.7941176470588235
1,2,90,0.42016929388046265,0.41491296887397766,0.7956204379562044,0.7352941176470589
1,2,91,0.41670823097229004,0.41078460216522217,0.7883211678832117,0.7647058823529411
1,2,92,0.4183427095413208,0.41366103291511536,0.8102189781021898,0.7647058823529411
1,2,93,0.42059293389320374,0.41968244314193726,0.8029197080291971,0.7941176470588235
1,2,94,0.4131721556186676,0.41435158252716064,0.7956204379562044,0.7647058823529411
1,2,95,0.4155639410018921,0.4167926013469696,0.8175182481751825,0.7647058823529411
1,2,96,0.41551825404167175,0.42344945669174194,0.8102189781021898,0.7941176470588235
1,2,97,0.4087839722633362,0.4196787476539612,0.8029197080291971,0.7352941176470589
1,2,98,0.4092802405357361,0.42120787501335144,0.8248175182481752,0.7647058823529411
1,2,99,0.4096456468105316,0.42691829800605774,0.8175182481751825,0.7352941176470589
1,2,100,0.40298083424568176,0.4220680296421051,0.8102189781021898,0.7352941176470589
1,3,1,0.6132627725601196,0.5948098301887512,0.7226277372262774,0.7352941176470589
1,3,2,0.591086745262146,0.5801981091499329,0.7226277372262774,0.7352941176470589
1,3,3,0.5950369834899902,0.5861319899559021,0.7226277372262774,0.7352941176470589
1,3,4,0.5901967287063599,0.580150842666626,0.7226277372262774,0.7352941176470589
1,3,5,0.589004397392273,0.5769311785697937,0.7226277372262774,0.7352941176470589
1,3,6,0.5900146961212158,0.5775965452194214,0.7226277372262774,0.7352941176470589
1,3,7,0.5862633585929871,0.5756784081459045,0.7226277372262774,0.7352941176470589
1,3,8,0.5850740671157837,0.5767611861228943,0.7226277372262774,0.7352941176470589
1,3,9,0.5857257843017578,0.5789995789527893,0.7226277372262774,0.7352941176470589
1,3,10,0.583172619342804,0.5767433047294617,0.7226277372262774,0.7352941176470589
1,3,11,0.580150842666626,0.5734633207321167,0.7226277372262774,0.7352941176470589
1,3,12,0.5794804096221924,0.5725580453872681,0.7226277372262774,0.7352941176470589
1,3,13,0.577739417552948,0.5718242526054382,0.7226277372262774,0.7352941176470589
1,3,14,0.5744179487228394,0.5705430507659912,0.7226277372262774,0.7352941176470589
1,3,15,0.5723689794540405,0.5707460045814514,0.7226277372262774,0.7352941176470589
1,3,16,0.570275604724884,0.5704939365386963,0.7226277372262774,0.7352941176470589
1,3,17,0.5663721561431885,0.5679993629455566,0.7226277372262774,0.7352941176470589
1,3,18,0.5623967051506042,0.5654535293579102,0.7226277372262774,0.7352941176470589
1,3,19,0.558722972869873,0.5638931393623352,0.7226277372262774,0.7352941176470589
1,3,20,0.553999125957489,0.5625892877578735,0.7226277372262774,0.7352941176470589
1,3,21,0.5491278171539307,0.5616850256919861,0.7226277372262774,0.7352941176470589
1,3,22,0.5434587597846985,0.5602006316184998,0.7226277372262774,0.7352941176470589
1,3,23,0.5363994240760803,0.5572189688682556,0.7226277372262774,0.7352941176470589
1,3,24,0.5304915308952332,0.5550230145454407,0.7226277372262774,0.7352941176470589
1,3,25,0.523059606552124,0.553726077079773,0.7226277372262774,0.7352941176470589
1,3,26,0.5162893533706665,0.5549241304397583,0.7226277372262774,0.7352941176470589
1,3,27,0.5087646842002869,0.5534627437591553,0.7226277372262774,0.7352941176470589
1,3,28,0.5046127438545227,0.5542126297950745,0.7226277372262774,0.7352941176470589
1,3,29,0.4989676773548126,0.5572932958602905,0.7226277372262774,0.7352941176470589
1,3,30,0.4950018525123596,0.5586684346199036,0.7226277372262774,0.7352941176470589
1,3,31,0.4950796961784363,0.5618407726287842,0.7226277372262774,0.7352941176470589
1,3,32,0.4865339994430542,0.5616265535354614,0.7372262773722628,0.7941176470588235
1,3,33,0.4843820631504059,0.5646229982376099,0.7737226277372263,0.7941176470588235
1,3,34,0.4828079044818878,0.5657365918159485,0.7518248175182481,0.7941176470588235
1,3,35,0.47817882895469666,0.5643042325973511,0.781021897810219,0.7941176470588235
1,3,36,0.4791983664035797,0.5685338377952576,0.7883211678832117,0.7647058823529411
1,3,37,0.47603845596313477,0.5687708258628845,0.7664233576642335,0.7941176470588235
1,3,38,0.4704125225543976,0.5652731657028198,0.7956204379562044,0.7647058823529411
1,3,39,0.4716503918170929,0.5681393146514893,0.7956204379562044,0.7647058823529411
1,3,40,0.46610134840011597,0.5643600821495056,0.7956204379562044,0.7647058823529411
1,3,41,0.46391379833221436,0.5662007927894592,0.7883211678832117,0.7647058823529411
1,3,42,0.4648393988609314,0.5703610777854919,0.7956204379562044,0.7941176470588235
1,3,43,0.45874345302581787,0.5667496919631958,0.781021897810219,0.7647058823529411
1,3,44,0.45712772011756897,0.568719208240509,0.781021897810219,0.7647058823529411
1,3,45,0.4561300575733185,0.5739233493804932,0.781021897810219,0.7647058823529411
1,3,46,0.4474489986896515,0.5683443546295166,0.7883211678832117,0.7647058823529411
1,3,47,0.4555525481700897,0.5779881477355957,0.781021897810219,0.7647058823529411
1,3,48,0.4460514783859253,0.5754649639129639,0.7883211678832117,0.7647058823529411
1,3,49,0.43967047333717346,0.5733919739723206,0.781021897810219,0.7647058823529411
1,3,50,0.4446796178817749,0.5795891880989075,0.781021897810219,0.7647058823529411
1,3,51,0.4348103106021881,0.5752179622650146,0.7737226277372263,0.7647058823529411
1,3,52,0.4370383024215698,0.5816358327865601,0.8102189781021898,0.7352941176470589
1,3,53,0.4351208508014679,0.5817045569419861,0.7883211678832117,0.7941176470588235
1,3,54,0.426040381193161,0.5791190266609192,0.7737226277372263,0.7647058823529411
1,3,55,0.4337978661060333,0.5938453078269958,0.8248175182481752,0.7058823529411765
1,3,56,0.4227886497974396,0.5851629972457886,0.7883211678832117,0.7647058823529411
1,3,57,0.4206361472606659,0.5884471535682678,0.7883211678832117,0.7647058823529411
1,3,58,0.42080944776535034,0.5951552987098694,0.8248175182481752,0.7058823529411765
1,3,59,0.4165780544281006,0.5948905944824219,0.781021897810219,0.7647058823529411
1,3,60,0.41412726044654846,0.5982683897018433,0.781021897810219,0.7647058823529411
1,3,61,0.41213876008987427,0.598694920539856,0.8321167883211679,0.7058823529411765
1,3,62,0.40633833408355713,0.5926178097724915,0.781021897810219,0.7647058823529411
1,3,63,0.4050135314464569,0.5934040546417236,0.781021897810219,0.7647058823529411
1,3,64,0.41323933005332947,0.6060370206832886,0.8248175182481752,0.6764705882352942
1,3,65,0.40758925676345825,0.604458749294281,0.7883211678832117,0.7647058823529411
1,3,66,0.4038234353065491,0.6066223382949829,0.7883211678832117,0.7647058823529411
1,3,67,0.4209761917591095,0.6309879422187805,0.8321167883211679,0.6470588235294118
1,3,68,0.40230366587638855,0.613296627998352,0.781021897810219,0.7647058823529411
1,3,69,0.41152098774909973,0.6236504912376404,0.7883211678832117,0.7647058823529411
1,3,70,0.40418943762779236,0.6230771541595459,0.8394160583941606,0.6470588235294118
1,3,71,0.38970351219177246,0.6054126620292664,0.8175182481751825,0.7352941176470589
1,3,72,0.4140069782733917,0.6266864538192749,0.7883211678832117,0.7647058823529411
1,3,73,0.3898431658744812,0.6101937890052795,0.8394160583941606,0.6764705882352942
1,3,74,0.38772180676460266,0.6132782101631165,0.8248175182481752,0.6764705882352942
1,3,75,0.3866981863975525,0.6107932925224304,0.7956204379562044,0.7647058823529411
1,3,76,0.3833357095718384,0.6120195984840393,0.8029197080291971,0.7352941176470589
1,3,77,0.3889105021953583,0.6279216408729553,0.8248175182481752,0.6176470588235294
1,3,78,0.38486236333847046,0.6276026368141174,0.7956204379562044,0.7352941176470589
1,3,79,0.3806615173816681,0.6297214031219482,0.8175182481751825,0.7352941176470589
1,3,80,0.3850977420806885,0.6343221664428711,0.8248175182481752,0.6470588235294118
1,3,81,0.4005025625228882,0.6415217518806458,0.7956204379562044,0.7647058823529411
1,3,82,0.37482285499572754,0.621677577495575,0.8248175182481752,0.6764705882352942
1,3,83,0.38209325075149536,0.6301130652427673,0.8394160583941606,0.6764705882352942
1,3,84,0.388954758644104,0.6401691436767578,0.8029197080291971,0.7647058823529411
1,3,85,0.3714066445827484,0.628376841545105,0.8394160583941606,0.7058823529411765
1,3,86,0.3769442141056061,0.6377714276313782,0.8394160583941606,0.6764705882352942
1,3,87,0.36936771869659424,0.6320756077766418,0.8394160583941606,0.7352941176470589
1,3,88,0.3774578273296356,0.6341937780380249,0.8175182481751825,0.7647058823529411
1,3,89,0.37856146693229675,0.640512228012085,0.8394160583941606,0.6470588235294118
1,3,90,0.36599016189575195,0.625135064125061,0.8175182481751825,0.6764705882352942
1,3,91,0.3806033134460449,0.6359620690345764,0.7883211678832117,0.7647058823529411
1,3,92,0.36347904801368713,0.6269166469573975,0.8248175182481752,0.6764705882352942
1,3,93,0.36569520831108093,0.6368094682693481,0.8321167883211679,0.6764705882352942
1,3,94,0.3696208596229553,0.6363456845283508,0.8175182481751825,0.7647058823529411
1,3,95,0.36025339365005493,0.6353354454040527,0.8321167883211679,0.7058823529411765
1,3,96,0.35788193345069885,0.6362894773483276,0.8321167883211679,0.6764705882352942
1,3,97,0.370705246925354,0.6460406184196472,0.8102189781021898,0.7647058823529411
1,3,98,0.35589393973350525,0.6404675841331482,0.8321167883211679,0.6764705882352942
1,3,99,0.35499417781829834,0.6431733965873718,0.8175182481751825,0.6764705882352942
1,3,100,0.3612082004547119,0.6502128839492798,0.8175182481751825,0.7352941176470589
1,4,1,0.6114633083343506,0.5930767059326172,0.7226277372262774,0.7352941176470589
1,4,2,0.5906405448913574,0.5790061950683594,0.7226277372262774,0.7352941176470589
1,4,3,0.5949015617370605,0.5853318572044373,0.7226277372262774,0.7352941176470589
1,4,4,0.590511679649353,0.5795667767524719,0.7226277372262774,0.7352941176470589
1,4,5,0.5893697142601013,0.575787365436554,0.7226277372262774,0.7352941176470589
1,4,6,0.5905762910842896,0.5761138796806335,0.7226277372262774,0.7352941176470589
1,4,7,0.5877581834793091,0.5742955207824707,0.7226277372262774,0.7352941176470589
1,4,8,0.586247444152832,0.5747352838516235,0.7226277372262774,0.7352941176470589
1,4,9,0.5865607857704163,0.576007604598999,0.7226277372262774,0.7352941176470589
1,4,10,0.5847324728965759,0.5738942623138428,0.7226277372262774,0.7352941176470589
1,4,11,0.5827083587646484,0.5708622932434082,0.7226277372262774,0.7352941176470589
1,4,12,0.5826631784439087,0.5697814226150513,0.7226277372262774,0.7352941176470589
1,4,13,0.5811960697174072,0.5685633420944214,0.7226277372262774,0.7352941176470589
1,4,14,0.578743040561676,0.5670384764671326,0.7226277372262774,0.7352941176470589
1,4,15,0.577122151851654,0.566430389881134,0.7226277372262774,0.7352941176470589
1,4,16,0.5756059885025024,0.5656810402870178,0.7226277372262774,0.7352941176470589
1,4,17,0.5729751586914062,0.5633112788200378,0.7226277372262774,0.7352941176470589
1,4,18,0.5702101588249207,0.560638427734375,0.7226277372262774,0.7352941176470589
1,4,19,0.5675457715988159,0.5584006309509277,0.7226277372262774,0.7352941176470589
1,4,20,0.5646234154701233,0.556149959564209,0.7226277372262774,0.7352941176470589
1,4,21,0.5609506964683533,0.5536737442016602,0.7226277372262774,0.7352941176470589
1,4,22,0.5568779706954956,0.5512092709541321,0.7226277372262774,0.7352941176470589
1,4,23,0.5520319938659668,0.5480238199234009,0.7226277372262774,0.7352941176470589
1,4,24,0.5465748906135559,0.544577956199646,0.7226277372262774,0.7352941176470589
1,4,25,0.5408961176872253,0.5413844585418701,0.7226277372262774,0.7352941176470589
1,4,26,0.5352035760879517,0.5383896827697754,0.7226277372262774,0.7352941176470589
1,4,27,0.5288781523704529,0.5359576940536499,0.7226277372262774,0.7352941176470589
1,4,28,0.5220496654510498,0.5339111089706421,0.7226277372262774,0.7352941176470589
1,4,29,0.5152071118354797,0.5330425500869751,0.7226277372262774,0.7352941176470589
1,4,30,0.5087190270423889,0.5326400995254517,0.7226277372262774,0.7352941176470589
1,4,31,0.5026459097862244,0.5337109565734863,0.7518248175182481,0.7352941176470589
1,4,32,0.4974401295185089,0.5348080992698669,0.7591240875912408,0.7352941176470589
1,4,33,0.49400484561920166,0.5376496911048889,0.7591240875912408,0.7352941176470589
1,4,34,0.48925378918647766,0.5406659245491028,0.781021897810219,0.7647058823529411
1,4,35,0.486439049243927,0.5437098145484924,0.781021897810219,0.7647058823529411
1,4,36,0.4833846092224121,0.545358419418335,0.7737226277372263,0.7647058823529411
1,4,37,0.48001354932785034,0.5449919104576111,0.781021897810219,0.7647058823529411
1,4,38,0.4796096980571747,0.5484748482704163,0.781021897810219,0.7647058823529411
1,4,39,0.484462708234787,0.5583388209342957,0.7883211678832117,0.6764705882352942
1,4,40,0.47503000497817993,0.5561143159866333,0.781021897810219,0.7647058823529411
1,4,41,0.46709105372428894,0.5565452575683594,0.7737226277372263,0.7352941176470589
1,4,42,0.4647076725959778,0.5603960752487183,0.7883211678832117,0.7352941176470589
1,4,43,0.46192753314971924,0.5623511672019958,0.781021897810219,0.7352941176470589
1,4,44,0.4593357741832733,0.5653091669082642,0.781021897810219,0.7352941176470589
1,4,45,0.4565683901309967,0.5688734650611877,0.7956204379562044,0.7352941176470589
1,4,46,0.457705557346344,0.5728340148925781,0.781021897810219,0.7352941176470589
1,4,47,0.4611629843711853,0.5811267495155334,0.7737226277372263,0.6176470588235294
1,4,48,0.45610877871513367,0.5759328007698059,0.781021897810219,0.7352941176470589
1,4,49,0.44834160804748535,0.5736871361732483,0.7956204379562044,0.7352941176470589
1,4,50,0.4515218436717987,0.5807238221168518,0.781021897810219,0.6764705882352942
1,4,51,0.44610753655433655,0.5759405493736267,0.7883211678832117,0.7352941176470589
1,4,52,0.442202091217041,0.5750253796577454,0.7956204379562044,0.7352941176470589
1,4,53,0.43955761194229126,0.5772413611412048,0.8029197080291971,0.7058823529411765
1,4,54,0.43688929080963135,0.5764842629432678,0.8029197080291971,0.7058823529411765
1,4,55,0.4383949041366577,0.5769058465957642,0.7956204379562044,0.7352941176470589
1,4,56,0.4382164478302002,0.5844113826751709,0.7737226277372263,0.6764705882352942
1,4,57,0.44240158796310425,0.5776975750923157,0.7956204379562044,0.7352941176470589
1,4,58,0.43031248450279236,0.5729793906211853,0.8102189781021898,0.6764705882352942
1,4,59,0.4354769289493561,0.5841412544250488,0.7883211678832117,0.7058823529411765
1,4,60,0.43093597888946533,0.5718757510185242,0.7956204379562044,0.7352941176470589
1,4,61,0.42445167899131775,0.5722614526748657,0.8029197080291971,0.7058823529411765
1,4,62,0.43729421496391296,0.5911065340042114,0.7883211678832117,0.6470588235294118
1,4,63,0.43116217851638794,0.5741645097732544,0.8029197080291971,0.7352941176470589
1,4,64,0.43110910058021545,0.5739699602127075,0.8029197080291971,0.7352941176470589
1,4,65,0.4281620681285858,0.5834856033325195,0.8175182481751825,0.7058823529411765
1,4,66,0.4165476858615875,0.5706742405891418,0.7956204379562044,0.6764705882352942
1,4,67,0.42458516359329224,0.5709220170974731,0.8029197080291971,0.7352941176470589
1,4,68,0.4126631021499634,0.5741488337516785,0.7956204379562044,0.6764705882352942
1,4,69,0.41158437728881836,0.5763728618621826,0.7883211678832117,0.6764705882352942
1,4,70,0.4103836119174957,0.5700822472572327,0.8102189781021898,0.6764705882352942
1,4,71,0.40765443444252014,0.5694661736488342,0.8102189781021898,0.7058823529411765
1,4,72,0.4072524607181549,0.576365053653717,0.8029197080291971,0.7058823529411765
1,4,73,0.40425747632980347,0.5725467801094055,0.8175182481751825,0.6764705882352942
1,4,74,0.40703198313713074,0.5735289454460144,0.8175182481751825,0.7352941176470589
1,4,75,0.4023601710796356,0.5750117897987366,0.8102189781021898,0.7058823529411765
1,4,76,0.40098321437835693,0.5750409364700317,0.8029197080291971,0.7058823529411765
1,4,77,0.4043859541416168,0.5745679140090942,0.8175182481751825,0.7352941176470589
1,4,78,0.3986528217792511,0.5828199982643127,0.8248175182481752,0.7058823529411765
1,4,79,0.39587363600730896,0.5758674740791321,0.8102189781021898,0.6764705882352942
1,4,80,0.3928796648979187,0.5772001147270203,0.8029197080291971,0.6764705882352942
1,4,81,0.3943865895271301,0.5889577865600586,0.8321167883211679,0.7058823529411765
1,4,82,0.3996370732784271,0.5786228775978088,0.8102189781021898,0.7058823529411765
1,4,83,0.38530054688453674,0.5825995206832886,0.8248175182481752,0.7058823529411765
1,4,84,0.3825461268424988,0.5771342515945435,0.8248175182481752,0.7058823529411765
1,4,85,0.40875059366226196,0.5779786109924316,0.8029197080291971,0.7352941176470589
1,4,86,0.39190131425857544,0.5838719010353088,0.8321167883211679,0.6764705882352942
1,4,87,0.38053134083747864,0.5633266568183899,0.8175182481751825,0.6764705882352942
1,4,88,0.3776564598083496,0.5689821839332581,0.8175182481751825,0.6764705882352942
1,4,89,0.3806900084018707,0.5907326936721802,0.8613138686131386,0.7058823529411765
1,4,90,0.38376951217651367,0.5814969539642334,0.8102189781021898,0.6764705882352942
1,4,91,0.37072649598121643,0.5889504551887512,0.8321167883211679,0.7058823529411765
1,4,92,0.36801719665527344,0.5944787263870239,0.8394160583941606,0.7058823529411765
1,4,93,0.36797627806663513,0.5859081149101257,0.8248175182481752,0.6764705882352942
1,4,94,0.36494776606559753,0.5839848518371582,0.8321167883211679,0.7058823529411765
1,4,95,0.36564552783966064,0.5934298038482666,0.8467153284671532,0.6764705882352942
1,4,96,0.3777160048484802,0.586501955986023,0.8175182481751825,0.7058823529411765
1,4,97,0.3825863301753998,0.6283766627311707,0.8248175182481752,0.5882352941176471
1,4,98,0.37564897537231445,0.5968713164329529,0.8248175182481752,0.6764705882352942
1,4,99,0.35733404755592346,0.6095051765441895,0.8613138686131386,0.6764705882352942
1,4,100,0.35346871614456177,0.6052239537239075,0.8467153284671532,0.7058823529411765
1,5,1,0.5961971879005432,0.6290551424026489,0.7299270072992701,0.7058823529411765
1,5,2,0.5830158591270447,0.6069080233573914,0.7299270072992701,0.7058823529411765
1,5,3,0.5862690806388855,0.6056624054908752,0.7299270072992701,0.7058823529411765
1,5,4,0.58184814453125,0.6049678921699524,0.7299270072992701,0.7058823529411765
1,5,5,0.582413911819458,0.6098894476890564,0.7299270072992701,0.7058823529411765
1,5,6,0.5804983973503113,0.6070089936256409,0.7299270072992701,0.7058823529411765
1,5,7,0.5793739557266235,0.6019997000694275,0.7299270072992701,0.7058823529411765
1,5,8,0.579172670841217,0.6008815765380859,0.7299270072992701,0.7058823529411765
1,5,9,0.5766724944114685,0.6005327105522156,0.7299270072992701,0.7058823529411765
1,5,10,0.5761428475379944,0.603076159954071,0.7299270072992701,0.7058823529411765
1,5,11,0.5757007598876953,0.603714108467102,0.7299270072992701,0.7058823529411765
1,5,12,0.572981595993042,0.5995646119117737,0.7299270072992701,0.7058823529411765
1,5,13,0.5709853172302246,0.5952188968658447,0.7299270072992701,0.7058823529411765
1,5,14,0.5693313479423523,0.5929688215255737,0.7299270072992701,0.7058823529411765
1,5,15,0.5665919780731201,0.5915630459785461,0.7299270072992701,0.7058823529411765
1,5,16,0.5642786026000977,0.5910184979438782,0.7299270072992701,0.7058823529411765
1,5,17,0.5616306662559509,0.5890449285507202,0.7299270072992701,0.7058823529411765
1,5,18,0.5578601956367493,0.583804190158844,0.7299270072992701,0.7058823529411765
1,5,19,0.5544803142547607,0.5797703266143799,0.7299270072992701,0.7058823529411765
1,5,20,0.5498899817466736,0.575342059135437,0.7299270072992701,0.7058823529411765
1,5,21,0.5451952815055847,0.5718733072280884,0.7299270072992701,0.7058823529411765
1,5,22,0.5406324863433838,0.5689660906791687,0.7299270072992701,0.7058823529411765
1,5,23,0.5349489450454712,0.5633830428123474,0.7299270072992701,0.7058823529411765
1,5,24,0.5289051532745361,0.5571479797363281,0.7299270072992701,0.7058823529411765
1,5,25,0.5229922533035278,0.5515294075012207,0.7299270072992701,0.7058823529411765
1,5,26,0.5160974264144897,0.5476208925247192,0.7299270072992701,0.7058823529411765
1,5,27,0.5113103985786438,0.5450043678283691,0.7299270072992701,0.7058823529411765
1,5,28,0.5044757127761841,0.5375968217849731,0.7299270072992701,0.7058823529411765
1,5,29,0.49854984879493713,0.5342069864273071,0.7518248175182481,0.7647058823529411
1,5,30,0.49389737844467163,0.5327874422073364,0.7591240875912408,0.7058823529411765
1,5,31,0.48915478587150574,0.5302178263664246,0.7664233576642335,0.7058823529411765
1,5,32,0.48469141125679016,0.5284003019332886,0.7737226277372263,0.7352941176470589
1,5,33,0.48144909739494324,0.5285035371780396,0.781021897810219,0.7647058823529411
1,5,34,0.47838741540908813,0.5259601473808289,0.7883211678832117,0.7647058823529411
1,5,35,0.48603373765945435,0.5378190279006958,0.7664233576642335,0.7058823529411765
1,5,36,0.4813131093978882,0.5297558307647705,0.781021897810219,0.7941176470588235
1,5,37,0.4695281982421875,0.5222030878067017,0.781021897810219,0.7647058823529411
1,5,38,0.4889571964740753,0.5465198159217834,0.7737226277372263,0.7352941176470589
1,5,39,0.4730309247970581,0.5278700590133667,0.781021897810219,0.7941176470588235
1,5,40,0.46735209226608276,0.524255096912384,0.7883211678832117,0.7941176470588235
1,5,41,0.48212170600891113,0.542709231376648,0.781021897810219,0.7647058823529411
1,5,42,0.461820513010025,0.52280193567276,0.781021897810219,0.7647058823529411
1,5,43,0.4652353823184967,0.5249744057655334,0.781021897810219,0.7941176470588235
1,5,44,0.45878612995147705,0.5197826623916626,0.7883211678832117,0.7647058823529411
1,5,45,0.46234214305877686,0.5260276198387146,0.781021897810219,0.7647058823529411
1,5,46,0.4556761085987091,0.5187788009643555,0.7956204379562044,0.7941176470588235
1,5,47,0.45635145902633667,0.5188643932342529,0.7956204379562044,0.7941176470588235
1,5,48,0.4567738175392151,0.5244050621986389,0.781021897810219,0.7647058823529411
1,5,49,0.4516458213329315,0.5194393396377563,0.7883211678832117,0.7647058823529411
1,5,50,0.45603203773498535,0.5207936763763428,0.8102189781021898,0.7647058823529411
1,5,51,0.4492778182029724,0.5198656916618347,0.7883211678832117,0.7941176470588235
1,5,52,0.44800543785095215,0.5198138356208801,0.7883211678832117,0.7941176470588235
1,5,53,0.44590240716934204,0.5163605809211731,0.7883211678832117,0.7941176470588235
1,5,54,0.44387465715408325,0.5161032676696777,0.7883211678832117,0.7941176470588235
1,5,55,0.4422098994255066,0.5156570672988892,0.7956204379562044,0.7941176470588235
1,5,56,0.4407801330089569,0.5157264471054077,0.7956204379562044,0.7941176470588235
1,5,57,0.43950027227401733,0.5158299803733826,0.7956204379562044,0.7941176470588235
1,5,58,0.4377136826515198,0.5153536200523376,0.7956204379562044,0.7941176470588235
1,5,59,0.43840351700782776,0.5212802886962891,0.7883211678832117,0.7941176470588235
1,5,60,0.43492254614830017,0.5185933113098145,0.8029197080291971,0.7941176470588235
1,5,61,0.4344543218612671,0.5157999992370605,0.8029197080291971,0.7647058823529411
1,5,62,0.43344658613204956,0.5175873041152954,0.8029197080291971,0.7941176470588235
1,5,63,0.4309815764427185,0.5154361724853516,0.8029197080291971,0.7941176470588235
1,5,64,0.42786258459091187,0.5128881335258484,0.8029197080291971,0.7941176470588235
1,5,65,0.4268034100532532,0.5095154047012329,0.8029197080291971,0.7647058823529411
1,5,66,0.43414661288261414,0.5238403081893921,0.7883211678832117,0.7941176470588235
1,5,67,0.42384102940559387,0.5085054039955139,0.8029197080291971,0.7647058823529411
1,5,68,0.4205373525619507,0.5073885321617126,0.8029197080291971,0.7647058823529411
1,5,69,0.4229750633239746,0.5145925283432007,0.8029197080291971,0.7941176470588235
1,5,70,0.41582682728767395,0.5037978887557983,0.8029197080291971,0.7647058823529411
1,5,71,0.4154825806617737,0.5034216642379761,0.8029197080291971,0.7647058823529411
1,5,72,0.4173501431941986,0.508837878704071,0.8029197080291971,0.7941176470588235
1,5,73,0.41116371750831604,0.5002354979515076,0.8029197080291971,0.7941176470588235
1,5,74,0.41021066904067993,0.5013651847839355,0.8248175182481752,0.7941176470588235
1,5,75,0.4076545834541321,0.5005220770835876,0.8102189781021898,0.7941176470588235
1,5,76,0.4078144431114197,0.5017514824867249,0.7956204379562044,0.7647058823529411
1,5,77,0.4093320071697235,0.509192168712616,0.8102189781021898,0.7941176470588235
1,5,78,0.4020742177963257,0.49952244758605957,0.8029197080291971,0.7647058823529411
1,5,79,0.40127429366111755,0.5003699064254761,0.8248175182481752,0.7941176470588235
1,5,80,0.40451622009277344,0.49744337797164917,0.8102189781021898,0.7647058823529411
1,5,81,0.409204363822937,0.5082603096961975,0.8029197080291971,0.7941176470588235
1,5,82,0.39506250619888306,0.48995476961135864,0.8102189781021898,0.7941176470588235
1,5,83,0.39091208577156067,0.49051526188850403,0.8102189781021898,0.7941176470588235
1,5,84,0.39559826254844666,0.4973146915435791,0.8175182481751825,0.7941176470588235
1,5,85,0.39650318026542664,0.4932849109172821,0.8248175182481752,0.7647058823529411
1,5,86,0.4021395444869995,0.5017926692962646,0.8102189781021898,0.7941176470588235
1,5,87,0.39388325810432434,0.49277064204216003,0.8321167883211679,0.7647058823529411
1,5,88,0.38277962803840637,0.4869330823421478,0.8175182481751825,0.7941176470588235
1,5,89,0.4074406325817108,0.5113314390182495,0.8029197080291971,0.7941176470588235
1,5,90,0.40303274989128113,0.5040870904922485,0.8029197080291971,0.7941176470588235
1,5,91,0.38347169756889343,0.4960918426513672,0.8248175182481752,0.7941176470588235
1,5,92,0.3975083827972412,0.5153178572654724,0.8102189781021898,0.7941176470588235
1,5,93,0.39823785424232483,0.507458508014679,0.7956204379562044,0.7941176470588235
1,5,94,0.3763091266155243,0.4963424801826477,0.8321167883211679,0.7941176470588235
1,5,95,0.3906247317790985,0.5094903111457825,0.8102189781021898,0.7941176470588235
1,5,96,0.3903888761997223,0.5028148293495178,0.8029197080291971,0.7941176470588235
1,5,97,0.371097594499588,0.4916660189628601,0.8248175182481752,0.7647058823529411
1,5,98,0.40291884541511536,0.5253905057907104,0.8102189781021898,0.7941176470588235
1,5,99,0.3848627507686615,0.5006872415542603,0.8029197080291971,0.7941176470588235
1,5,100,0.3715517818927765,0.4947749972343445,0.8248175182481752,0.7647058823529411
2,1,1,0.6497589945793152,0.6751016974449158,0.7279411764705882,0.7142857142857143
2,1,2,0.585235595703125,0.5990390181541443,0.7279411764705882,0.7142857142857143
2,1,3,0.5987805128097534,0.6072468161582947,0.7279411764705882,0.7142857142857143
2,1,4,0.5986689925193787,0.6071940064430237,0.7279411764705882,0.7142857142857143
2,1,5,0.5889853239059448,0.5996792912483215,0.7279411764705882,0.7142857142857143
2,1,6,0.5836677551269531,0.5978874564170837,0.7279411764705882,0.7142857142857143
2,1,7,0.5882928967475891,0.6055517792701721,0.7279411764705882,0.7142857142857143
2,1,8,0.5893213748931885,0.6072864532470703,0.7279411764705882,0.7142857142857143
2,1,9,0.5836387872695923,0.6000967025756836,0.7279411764705882,0.7142857142857143
2,1,10,0.5808305144309998,0.5950828790664673,0.7279411764705882,0.7142857142857143
2,1,11,0.5823553800582886,0.5950296521186829,0.7279411764705882,0.7142857142857143
2,1,12,0.5840346217155457,0.5959964394569397,0.7279411764705882,0.7142857142857143
2,1,13,0.5827618837356567,0.5950409173965454,0.7279411764705882,0.7142857142857143
2,1,14,0.579020082950592,0.5926453471183777,0.7279411764705882,0.7142857142857143
2,1,15,0.5761030912399292,0.5916736125946045,0.7279411764705882,0.7142857142857143
2,1,16,0.5761288404464722,0.5937747359275818,0.7279411764705882,0.7142857142857143
2,1,17,0.5765255093574524,0.5953429937362671,0.7279411764705882,0.7142857142857143
2,1,18,0.5745454430580139,0.5934571623802185,0.7279411764705882,0.7142857142857143
2,1,19,0.5714374780654907,0.589546263217926,0.7279411764705882,0.7142857142857143
2,1,20,0.5695712566375732,0.5868079662322998,0.7279411764705882,0.7142857142857143
2,1,21,0.5687289834022522,0.5853657126426697,0.7279411764705882,0.7142857142857143
2,1,22,0.5672723650932312,0.5840911269187927,0.7279411764705882,0.7142857142857143
2,1,23,0.5642854571342468,0.5822975039482117,0.7279411764705882,0.7142857142857143
2,1,24,0.5615482330322266,0.5811922550201416,0.7279411764705882,0.7142857142857143
2,1,25,0.5596842169761658,0.5809336304664612,0.7279411764705882,0.7142857142857143
2,1,26,0.5574016571044922,0.5796501040458679,0.7279411764705882,0.7142857142857143
2,1,27,0.5539202690124512,0.5764997005462646,0.7279411764705882,0.7142857142857143
2,1,28,0.5505275726318359,0.5729602575302124,0.7279411764705882,0.7142857142857143
2,1,29,0.5477849245071411,0.5702399611473083,0.7279411764705882,0.7142857142857143
2,1,30,0.5438552498817444,0.5675568580627441,0.7279411764705882,0.7142857142857143
2,1,31,0.5394060611724854,0.5646961331367493,0.7279411764705882,0.7142857142857143
2,1,32,0.5349951386451721,0.5623419880867004,0.7279411764705882,0.7142857142857143
2,1,33,0.530751645565033,0.5596529245376587,0.7279411764705882,0.7142857142857143
2,1,34,0.5261551737785339,0.5563498139381409,0.7279411764705882,0.7142857142857143
2,1,35,0.5214723944664001,0.5527237057685852,0.7279411764705882,0.7142857142857143
2,1,36,0.5172378420829773,0.5501024723052979,0.7279411764705882,0.7142857142857143
2,1,37,0.5132860541343689,0.5473646521568298,0.7279411764705882,0.7142857142857143
2,1,38,0.5101802945137024,0.5455214381217957,0.7279411764705882,0.7142857142857143
2,1,39,0.5068249702453613,0.5423786640167236,0.7279411764705882,0.7142857142857143
2,1,40,0.5044761300086975,0.5401709675788879,0.7279411764705882,0.7142857142857143
2,1,41,0.5021281838417053,0.5397214889526367,0.7279411764705882,0.7142857142857143
2,1,42,0.49966689944267273,0.5379959344863892,0.7279411764705882,0.7142857142857143
2,1,43,0.49714425206184387,0.5344139337539673,0.7279411764705882,0.7142857142857143
2,1,44,0.49496331810951233,0.5328896641731262,0.7352941176470589,0.7142857142857143
2,1,45,0.49498435854911804,0.5335098505020142,0.7352941176470589,0.7142857142857143
2,1,46,0.492046594619751,0.5288279056549072,0.7573529411764706,0.7428571428571429
2,1,47,0.4911971986293793,0.5279859304428101,0.7720588235294118,0.7428571428571429
2,1,48,0.4891641438007355,0.5289507508277893,0.7573529411764706,0.7428571428571429
2,1,49,0.4864724576473236,0.5263952016830444,0.7647058823529411,0.7428571428571429
2,1,50,0.4851821959018707,0.5246391296386719,0.7647058823529411,0.7428571428571429
2,1,51,0.4840658903121948,0.5226737260818481,0.7647058823529411,0.7428571428571429
2,1,52,0.48247700929641724,0.5219581723213196,0.7647058823529411,0.7428571428571429
2,1,53,0.48064708709716797,0.5200199484825134,0.7647058823529411,0.7428571428571429
2,1,54,0.4795798063278198,0.5184266567230225,0.7647058823529411,0.7428571428571429
2,1,55,0.47760385274887085,0.5174407958984375,0.7647058823529411,0.7428571428571429
2,1,56,0.4758671522140503,0.5161718130111694,0.7647058823529411,0.7428571428571429
2,1,57,0.47342804074287415,0.5134168267250061,0.75,0.7428571428571429
2,1,58,0.4710090458393097,0.5117733478546143,0.75,0.7428571428571429
2,1,59,0.47058823704719543,0.5129247307777405,0.7573529411764706,0.7428571428571429
2,1,60,0.47070369124412537,0.5098316669464111,0.7794117647058824,0.7142857142857143
2,1,61,0.46969443559646606,0.5136717557907104,0.7647058823529411,0.7428571428571429
2,1,62,0.4653615355491638,0.506991982460022,0.7647058823529411,0.7428571428571429
2,1,63,0.46441423892974854,0.5038655996322632,0.7867647058823529,0.7142857142857143
2,1,64,0.46522825956344604,0.5079078674316406,0.7573529411764706,0.7428571428571429
2,1,65,0.4600255787372589,0.49926626682281494,0.7867647058823529,0.7142857142857143
2,1,66,0.46125680208206177,0.5008729696273804,0.7867647058823529,0.7142857142857143
2,1,67,0.4595242738723755,0.5035701394081116,0.7720588235294118,0.7428571428571429
2,1,68,0.4541580379009247,0.49729275703430176,0.7720588235294118,0.7428571428571429
2,1,69,0.4529505968093872,0.4944517910480499,0.7867647058823529,0.7142857142857143
2,1,70,0.45140504837036133,0.49439555406570435,0.7720588235294118,0.7428571428571429
2,1,71,0.4495808482170105,0.49285584688186646,0.7720588235294118,0.7428571428571429
2,1,72,0.4501188397407532,0.491125226020813,0.7794117647058824,0.7142857142857143
2,1,73,0.4477560818195343,0.49188047647476196,0.7720588235294118,0.7428571428571429
2,1,74,0.4453277885913849,0.48902446031570435,0.7867647058823529,0.7142857142857143
2,1,75,0.44446972012519836,0.48662468791007996,0.7794117647058824,0.7142857142857143
2,1,76,0.44331297278404236,0.4867512285709381,0.7720588235294118,0.7428571428571429
2,1,77,0.44214949011802673,0.48519232869148254,0.7720588235294118,0.7428571428571429
2,1,78,0.4411945939064026,0.48461073637008667,0.7941176470588235,0.7142857142857143
2,1,79,0.43847450613975525,0.48525211215019226,0.7720588235294118,0.7428571428571429
2,1,80,0.43411019444465637,0.48023268580436707,0.7867647058823529,0.7142857142857143
2,1,81,0.43488460779190063,0.4808492362499237,0.7867647058823529,0.7428571428571429
2,1,82,0.4510757625102997,0.5020257234573364,0.7794117647058824,0.7428571428571429
2,1,83,0.441683828830719,0.4884253442287445,0.8014705882352942,0.7714285714285715
2,1,84,0.43287166953086853,0.47980716824531555,0.7941176470588235,0.7142857142857143
2,1,85,0.4486429691314697,0.49917352199554443,0.7794117647058824,0.7428571428571429
2,1,86,0.427597314119339,0.475349485874176,0.7867647058823529,0.7142857142857143
2,1,87,0.42752769589424133,0.47565722465515137,0.7867647058823529,0.7142857142857143
2,1,88,0.42884016036987305,0.47698289155960083,0.7720588235294118,0.7428571428571429
2,1,89,0.421886146068573,0.4712553918361664,0.8014705882352942,0.7142857142857143
2,1,90,0.42645207047462463,0.4774596691131592,0.8014705882352942,0.7428571428571429
2,1,91,0.41980335116386414,0.47078442573547363,0.7867647058823529,0.7142857142857143
2,1,92,0.42567920684814453,0.47951197624206543,0.7720588235294118,0.7428571428571429
2,1,93,0.4232988953590393,0.47394198179244995,0.8014705882352942,0.7428571428571429
2,1,94,0.41561663150787354,0.4652290940284729,0.8014705882352942,0.7428571428571429
2,1,95,0.42016172409057617,0.4711761474609375,0.7720588235294118,0.7142857142857143
2,1,96,0.41556090116500854,0.4657553434371948,0.8014705882352942,0.7428571428571429
2,1,97,0.41316652297973633,0.46242398023605347,0.7941176470588235,0.7142857142857143
2,1,98,0.418443888425827,0.4686696231365204,0.7794117647058824,0.7428571428571429
2,1,99,0.41179829835891724,0.4641359746456146,0.8161764705882353,0.7142857142857143
2,1,100,0.4161151349544525,0.47073832154273987,0.7867647058823529,0.7142857142857143
2,2,1,0.6052320599555969,0.5879867672920227,0.7226277372262774,0.7352941176470589
2,2,2,0.590379536151886,0.5788374543190002,0.7226277372262774,0.7352941176470589
2,2,3,0.5938528180122375,0.5843931436538696,0.7226277372262774,0.7352941176470589
2,2,4,0.589179515838623,0.5778315663337708,0.7226277372262774,0.7352941176470589
2,2,5,0.5912783145904541,0.5773888826370239,0.7226277372262774,0.7352941176470589
2,2,6,0.5888813138008118,0.575883686542511,0.7226277372262774,0.7352941176470589
2,2,7,0.5868548154830933,0.5755599737167358,0.7226277372262774,0.7352941176470589
2,2,8,0.5874829888343811,0.577243447303772,0.7226277372262774,0.7352941176470589
2,2,9,0.5860669016838074,0.5755940079689026,0.7226277372262774,0.7352941176470589
2,2,10,0.5839812755584717,0.5726702213287354,0.7226277372262774,0.7352941176470589
2,2,11,0.5834762454032898,0.5712145566940308,0.7226277372262774,0.7352941176470589
2,2,12,0.5825948119163513,0.5702775120735168,0.7226277372262774,0.7352941176470589
2,2,13,0.5800614356994629,0.568594753742218,0.7226277372262774,0.7352941176470589
2,2,14,0.5788270235061646,0.5681388974189758,0.7226277372262774,0.7352941176470589
2,2,15,0.5775241255760193,0.567104697227478,0.7226277372262774,0.7352941176470589
2,2,16,0.5750540494918823,0.5643573999404907,0.7226277372262774,0.7352941176470589
2,2,17,0.5729884505271912,0.562152087688446,0.7226277372262774,0.7352941176470589
2,2,18,0.5705362558364868,0.5600800514221191,0.7226277372262774,0.7352941176470589
2,2,19,0.5677550435066223,0.5581459999084473,0.7226277372262774,0.7352941176470589
2,2,20,0.5647384524345398,0.5557355880737305,0.7226277372262774,0.7352941176470589
2,2,21,0.5615077018737793,0.5532531142234802,0.7226277372262774,0.7352941176470589
2,2,22,0.5579831004142761,0.5507016181945801,0.7226277372262774,0.7352941176470589
2,2,23,0.5537678003311157,0.5476574301719666,0.7226277372262774,0.7352941176470589
2,2,24,0.5493226647377014,0.5442181825637817,0.7226277372262774,0.7352941176470589
2,2,25,0.5446316003799438,0.5404207110404968,0.7226277372262774,0.7352941176470589
2,2,26,0.5398576259613037,0.536564826965332,0.7226277372262774,0.7352941176470589
2,2,27,0.535251796245575,0.5334476232528687,0.7226277372262774,0.7352941176470589
2,2,28,0.5301287174224854,0.5299827456474304,0.7226277372262774,0.7352941176470589
2,2,29,0.524406909942627,0.5267415642738342,0.7226277372262774,0.7352941176470589
2,2,30,0.519281268119812,0.523695707321167,0.7226277372262774,0.7352941176470589
2,2,31,0.5140746235847473,0.5227999687194824,0.7226277372262774,0.7352941176470589
2,2,32,0.510007381439209,0.5227564573287964,0.7299270072992701,0.7352941176470589
2,2,33,0.5052576065063477,0.5196352601051331,0.7226277372262774,0.7647058823529411
2,2,34,0.501388669013977,0.5225815176963806,0.7226277372262774,0.7647058823529411
2,2,35,0.49735409021377563,0.5223086476325989,0.7226277372262774,0.8235294117647058
2,2,36,0.49431630969047546,0.521297037601471,0.7299270072992701,0.8235294117647058
2,2,37,0.49109572172164917,0.5226941704750061,0.7445255474452555,0.8235294117647058
2,2,38,0.48908373713493347,0.5203465819358826,0.7591240875912408,0.8235294117647058
2,2,39,0.49514636397361755,0.5410298109054565,0.7153284671532847,0.8235294117647058
2,2,40,0.4967300593852997,0.5170237421989441,0.7445255474452555,0.7941176470588235
2,2,41,0.48258280754089355,0.5236144065856934,0.7518248175182481,0.7941176470588235
2,2,42,0.502052903175354,0.5661994218826294,0.7226277372262774,0.8235294117647058
2,2,43,0.4847980737686157,0.5216197967529297,0.7372262773722628,0.7941176470588235
2,2,44,0.4979574382305145,0.5236716866493225,0.7737226277372263,0.7941176470588235
2,2,45,0.48076456785202026,0.5440429449081421,0.7445255474452555,0.8235294117647058
2,2,46,0.4912198483943939,0.5651906132698059,0.7153284671532847,0.8235294117647058
2,2,47,0.475658655166626,0.5280196070671082,0.7664233576642335,0.7941176470588235
2,2,48,0.48794811964035034,0.522791862487793,0.7737226277372263,0.7941176470588235
2,2,49,0.4733452796936035,0.5350825786590576,0.7591240875912408,0.8235294117647058
2,2,50,0.48566699028015137,0.5678590536117554,0.7226277372262774,0.8235294117647058
2,2,51,0.47040051221847534,0.535023033618927,0.7664233576642335,0.7941176470588235
2,2,52,0.475391685962677,0.5287397503852844,0.7737226277372263,0.7941176470588235
2,2,53,0.4671895205974579,0.5498547554016113,0.7518248175182481,0.8235294117647058
2,2,54,0.4684767425060272,0.5643128752708435,0.7591240875912408,0.8235294117647058
2,2,55,0.4632970988750458,0.5508900880813599,0.7664233576642335,0.7941176470588235
2,2,56,0.4666859805583954,0.5452963709831238,0.7883211678832117,0.7941176470588235
2,2,57,0.46071508526802063,0.5577781200408936,0.7591240875912408,0.8235294117647058
2,2,58,0.46382102370262146,0.579159140586853,0.7591240875912408,0.8235294117647058
2,2,59,0.4576578736305237,0.5608893036842346,0.7664233576642335,0.8235294117647058
2,2,60,0.4584655165672302,0.5522491335868835,0.7883211678832117,0.7941176470588235
2,2,61,0.45554178953170776,0.5718176364898682,0.7591240875912408,0.8235294117647058
2,2,62,0.4523538649082184,0.5695205330848694,0.7518248175182481,0.7941176470588235
2,2,63,0.4504545032978058,0.5619743466377258,0.7956204379562044,0.7941176470588235
2,2,64,0.44861456751823425,0.5728628635406494,0.781021897810219,0.7941176470588235
2,2,65,0.4531695544719696,0.5605819821357727,0.781021897810219,0.7941176470588235
2,2,66,0.4501086175441742,0.6001843810081482,0.7664233576642335,0.8235294117647058
2,2,67,0.44407644867897034,0.5929246544837952,0.7737226277372263,0.8235294117647058
2,2,68,0.449266642332077,0.5700533986091614,0.7737226277372263,0.7941176470588235
2,2,69,0.44612622261047363,0.6081159114837646,0.7591240875912408,0.8235294117647058
2,2,70,0.44064587354660034,0.5920304656028748,0.7737226277372263,0.7941176470588235
2,2,71,0.44971293210983276,0.567834734916687,0.7737226277372263,0.7941176470588235
2,2,72,0.44119539856910706,0.615561842918396,0.7518248175182481,0.8235294117647058
2,2,73,0.436129629611969,0.6126726865768433,0.7737226277372263,0.8235294117647058
2,2,74,0.44469067454338074,0.5805267095565796,0.7737226277372263,0.7941176470588235
2,2,75,0.43395355343818665,0.6132056713104248,0.7737226277372263,0.8235294117647058
2,2,76,0.4385744035243988,0.6358466744422913,0.7518248175182481,0.8235294117647058
2,2,77,0.4335976541042328,0.5958770513534546,0.7883211678832117,0.7941176470588235
2,2,78,0.4291473925113678,0.6100793480873108,0.7883211678832117,0.7941176470588235
2,2,79,0.4347444772720337,0.6485603451728821,0.7664233576642335,0.8235294117647058
2,2,80,0.4293753206729889,0.6108973026275635,0.7883211678832117,0.7941176470588235
2,2,81,0.4279014468193054,0.6135895252227783,0.7883211678832117,0.7941176470588235
2,2,82,0.4330369830131531,0.6648605465888977,0.7518248175182481,0.8235294117647058
2,2,83,0.4246683418750763,0.6165081262588501,0.7883211678832117,0.7941176470588235
2,2,84,0.4216480255126953,0.6256719827651978,0.7883211678832117,0.7941176470588235
2,2,85,0.4226617217063904,0.6648142337799072,0.7737226277372263,0.8235294117647058
2,2,86,0.41865429282188416,0.6407800316810608,0.7883211678832117,0.7941176470588235
2,2,87,0.41530507802963257,0.6619306802749634,0.7956204379562044,0.7941176470588235
2,2,88,0.41377776861190796,0.6772857904434204,0.7883211678832117,0.8235294117647058
2,2,89,0.4114617109298706,0.6709811687469482,0.7956204379562044,0.7941176470588235
2,2,90,0.41088420152664185,0.6639152765274048,0.7883211678832117,0.7941176470588235
2,2,91,0.410946786403656,0.6805961728096008,0.7883211678832117,0.8235294117647058
2,2,92,0.4084268808364868,0.6702629327774048,0.7883211678832117,0.7941176470588235
2,2,93,0.4078536033630371,0.6888967156410217,0.781021897810219,0.8235294117647058
2,2,94,0.40864691138267517,0.6661494374275208,0.8029197080291971,0.7941176470588235
2,2,95,0.4179549813270569,0.7385297417640686,0.7664233576642335,0.8235294117647058
2,2,96,0.4089871942996979,0.6757528781890869,0.8029197080291971,0.7941176470588235
2,2,97,0.407524049282074,0.7224968075752258,0.781021897810219,0.8235294117647058
2,2,98,0.40187323093414307,0.7063899636268616,0.7883211678832117,0.8235294117647058
2,2,99,0.40230512619018555,0.6838822364807129,0.781021897810219,0.7941176470588235
2,2,100,0.415901780128479,0.7513839602470398,0.7591240875912408,0.8235294117647058
2,3,1,0.6180126667022705,0.5989424586296082,0.7226277372262774,0.7352941176470589
2,3,2,0.5914652943611145,0.5807348489761353,0.7226277372262774,0.7352941176470589
2,3,3,0.5990604162216187,0.5907840728759766,0.7226277372262774,0.7352941176470589
2,3,4,0.5928564667701721,0.5833927392959595,0.7226277372262774,0.7352941176470589
2,3,5,0.5887553691864014,0.576617419719696,0.7226277372262774,0.7352941176470589
2,3,6,0.5925201773643494,0.5787379145622253,0.7226277372262774,0.7352941176470589
2,3,7,0.5897465944290161,0.5768852829933167,0.7226277372262774,0.7352941176470589
2,3,8,0.5858047604560852,0.5751377940177917,0.7226277372262774,0.7352941176470589
2,3,9,0.5864683389663696,0.5775777697563171,0.7226277372262774,0.7352941176470589
2,3,10,0.5865041017532349,0.5784087181091309,0.7226277372262774,0.7352941176470589
2,3,11,0.5835466384887695,0.5753004550933838,0.7226277372262774,0.7352941176470589
2,3,12,0.5809780955314636,0.5721768736839294,0.7226277372262774,0.7352941176470589
2,3,13,0.5806339979171753,0.5715029239654541,0.7226277372262774,0.7352941176470589
2,3,14,0.5795525312423706,0.5709323883056641,0.7226277372262774,0.7352941176470589
2,3,15,0.5762402415275574,0.5689703822135925,0.7226277372262774,0.7352941176470589
2,3,16,0.5741682052612305,0.5683812499046326,0.7226277372262774,0.7352941176470589
2,3,17,0.5725547671318054,0.5680662989616394,0.7226277372262774,0.7352941176470589
2,3,18,0.5695047378540039,0.5660806894302368,0.7226277372262774,0.7352941176470589
2,3,19,0.5656409859657288,0.5630115270614624,0.7226277372262774,0.7352941176470589
2,3,20,0.5628350377082825,0.5610728859901428,0.7226277372262774,0.7352941176470589
2,3,21,0.5599157214164734,0.5595120191574097,0.7226277372262774,0.7352941176470589
2,3,22,0.555221438407898,0.5565542578697205,0.7226277372262774,0.7352941176470589
2,3,23,0.5502836108207703,0.5536267757415771,0.7226277372262774,0.7352941176470589
2,3,24,0.546950101852417,0.5523016452789307,0.7226277372262774,0.7352941176470589
2,3,25,0.5401911735534668,0.547406792640686,0.7226277372262774,0.7352941176470589
2,3,26,0.5359578728675842,0.5447641611099243,0.7226277372262774,0.7352941176470589
2,3,27,0.5296147465705872,0.540414035320282,0.7226277372262774,0.7352941176470589
2,3,28,0.5235607624053955,0.5362796783447266,0.7226277372262774,0.7352941176470589
2,3,29,0.5174833536148071,0.5323575139045715,0.7226277372262774,0.7352941176470589
2,3,30,0.5126878619194031,0.5297369360923767,0.7226277372262774,0.7352941176470589
2,3,31,0.5073664784431458,0.5260997414588928,0.7226277372262774,0.7352941176470589
2,3,32,0.5021680593490601,0.521575927734375,0.7299270072992701,0.7352941176470589
2,3,33,0.4983469247817993,0.5180290341377258,0.7372262773722628,0.7647058823529411
2,3,34,0.49675053358078003,0.5173455476760864,0.7445255474452555,0.7352941176470589
2,3,35,0.49232104420661926,0.5137251615524292,0.7591240875912408,0.7647058823529411
2,3,36,0.48898208141326904,0.5108857154846191,0.7591240875912408,0.7647058823529411
2,3,37,0.487076073884964,0.5091924071311951,0.7518248175182481,0.7647058823529411
2,3,38,0.4846951961517334,0.5082612633705139,0.7591240875912408,0.7647058823529411
2,3,39,0.48857206106185913,0.5151441693305969,0.7737226277372263,0.7647058823529411
2,3,40,0.4782847464084625,0.5048152804374695,0.7591240875912408,0.7647058823529411
2,3,41,0.48370495438575745,0.5110716223716736,0.7518248175182481,0.7647058823529411
2,3,42,0.4759039878845215,0.5080458521842957,0.7737226277372263,0.7647058823529411
2,3,43,0.4730302393436432,0.5069563388824463,0.7883211678832117,0.7647058823529411
2,3,44,0.48254305124282837,0.5135976672172546,0.7591240875912408,0.7647058823529411
2,3,45,0.46733489632606506,0.5027480125427246,0.7664233576642335,0.7647058823529411
2,3,46,0.47209829092025757,0.5123717188835144,0.781021897810219,0.7941176470588235
2,3,47,0.46531134843826294,0.5008916854858398,0.7518248175182481,0.7647058823529411
2,3,48,0.4641209542751312,0.5023654699325562,0.7518248175182481,0.7647058823529411
2,3,49,0.46092313528060913,0.5083197355270386,0.7737226277372263,0.7647058823529411
2,3,50,0.4573706388473511,0.5063145756721497,0.7664233576642335,0.7941176470588235
2,3,51,0.4621562957763672,0.5064970850944519,0.7591240875912408,0.7647058823529411
2,3,52,0.4539828896522522,0.5056183934211731,0.7737226277372263,0.7941176470588235
2,3,53,0.45416614413261414,0.5088949203491211,0.781021897810219,0.7352941176470589
2,3,54,0.45188313722610474,0.5016925930976868,0.7883211678832117,0.7352941176470589
2,3,55,0.44648340344429016,0.5013776421546936,0.7664233576642335,0.7941176470588235
2,3,56,0.45167776942253113,0.5156407356262207,0.7883211678832117,0.7058823529411765
2,3,57,0.44711706042289734,0.5019062161445618,0.7883211678832117,0.7647058823529411
2,3,58,0.4423288404941559,0.4981411099433899,0.781021897810219,0.7647058823529411
2,3,59,0.4472910165786743,0.5102885961532593,0.7883211678832117,0.7058823529411765
2,3,60,0.4388713240623474,0.49425530433654785,0.7883211678832117,0.7647058823529411
2,3,61,0.4396452307701111,0.49346020817756653,0.781021897810219,0.7647058823529411
2,3,62,0.43837305903434753,0.5012949705123901,0.7956204379562044,0.7058823529411765
2,3,63,0.43321356177330017,0.49113401770591736,0.781021897810219,0.7647058823529411
2,3,64,0.4309110641479492,0.4903148114681244,0.781021897810219,0.7647058823529411
2,3,65,0.431924432516098,0.49829304218292236,0.7883211678832117,0.7058823529411765
2,3,66,0.4282442629337311,0.4908407926559448,0.781021897810219,0.7647058823529411
2,3,67,0.42799678444862366,0.49005812406539917,0.781021897810219,0.7647058823529411
2,3,68,0.43211275339126587,0.506015419960022,0.7956204379562044,0.7352941176470589
2,3,69,0.42906415462493896,0.49315911531448364,0.781021897810219,0.7647058823529411
2,3,70,0.4299173951148987,0.49311089515686035,0.781021897810219,0.7647058823529411
2,3,71,0.4390464723110199,0.5207498073577881,0.7883211678832117,0.7058823529411765
2,3,72,0.4197489619255066,0.4890279173851013,0.7956204379562044,0.7352941176470589
2,3,73,0.43225374817848206,0.4973837435245514,0.781021897810219,0.7647058823529411
2,3,74,0.4251321256160736,0.5047670006752014,0.7883211678832117,0.7352941176470589
2,3,75,0.4153246283531189,0.4896657168865204,0.7956204379562044,0.7352941176470589
2,3,76,0.4235359728336334,0.49074509739875793,0.781021897810219,0.7647058823529411
2,3,77,0.4172048270702362,0.4959140121936798,0.781021897810219,0.7352941176470589
2,3,78,0.4108984172344208,0.483879417181015,0.8029197080291971,0.7058823529411765
2,3,79,0.4209281802177429,0.489892840385437,0.781021897810219,0.7647058823529411
2,3,80,0.4117017984390259,0.4884238541126251,0.7883211678832117,0.7647058823529411
2,3,81,0.40951302647590637,0.4839746952056885,0.8029197080291971,0.7352941176470589
2,3,82,0.4137212336063385,0.4817228317260742,0.7883211678832117,0.7647058823529411
2,3,83,0.4067060947418213,0.4788628816604614,0.8029197080291971,0.7058823529411765
2,3,84,0.41071730852127075,0.49040260910987854,0.781021897810219,0.7352941176470589
2,3,85,0.4138447046279907,0.4830699861049652,0.7956204379562044,0.7647058823529411
2,3,86,0.4091821610927582,0.4786108136177063,0.7883211678832117,0.7647058823529411
2,3,87,0.411667138338089,0.49212342500686646,0.8102189781021898,0.7352941176470589
2,3,88,0.4006427824497223,0.4749046266078949,0.8102189781021898,0.7352941176470589
2,3,89,0.4172196090221405,0.4919344484806061,0.781021897810219,0.7647058823529411
2,3,90,0.40372058749198914,0.48783886432647705,0.7956204379562044,0.7352941176470589
2,3,91,0.39978930354118347,0.48238933086395264,0.8175182481751825,0.7941176470588235
2,3,92,0.4097559154033661,0.48744696378707886,0.781021897810219,0.7647058823529411
2,3,93,0.4010041058063507,0.4884757399559021,0.8029197080291971,0.7352941176470589
2,3,94,0.4058379828929901,0.4952699542045593,0.8102189781021898,0.7352941176470589
2,3,95,0.42051202058792114,0.49907010793685913,0.7737226277372263,0.7941176470588235
2,3,96,0.39910760521888733,0.4855072498321533,0.8102189781021898,0.7647058823529411
2,3,97,0.3991788327693939,0.4819549024105072,0.8102189781021898,0.7647058823529411
2,3,98,0.40693581104278564,0.47871533036231995,0.781021897810219,0.7941176470588235
2,3,99,0.39315828680992126,0.466766357421875,0.7956204379562044,0.7647058823529411
2,3,100,0.4006657302379608,0.4844825863838196,0.8175182481751825,0.7647058823529411
2,4,1,0.6320128440856934,0.6115193963050842,0.7226277372262774,0.7352941176470589
2,4,2,0.5903052687644958,0.5784034729003906,0.7226277372262774,0.7352941176470589
2,4,3,0.6007365584373474,0.5929171442985535,0.7226277372262774,0.7352941176470589
2,4,4,0.5988417863845825,0.5911262631416321,0.7226277372262774,0.7352941176470589
2,4,5,0.5906621813774109,0.5814154148101807,0.7226277372262774,0.7352941176470589
2,4,6,0.5890869498252869,0.577652633190155,0.7226277372262774,0.7352941176470589
2,4,7,0.5917953252792358,0.5796921849250793,0.7226277372262774,0.7352941176470589
2,4,8,0.5884762406349182,0.5777902007102966,0.7226277372262774,0.7352941176470589
2,4,9,0.5852369070053101,0.5766285061836243,0.7226277372262774,0.7352941176470589
2,4,10,0.5853546261787415,0.5785866975784302,0.7226277372262774,0.7352941176470589
2,4,11,0.585730254650116,0.5801571011543274,0.7226277372262774,0.7352941176470589
2,4,12,0.5838741064071655,0.5790239572525024,0.7226277372262774,0.7352941176470589
2,4,13,0.5807911157608032,0.5762831568717957,0.7226277372262774,0.7352941176470589
2,4,14,0.5789172053337097,0.5745960474014282,0.7226277372262774,0.7352941176470589
2,4,15,0.5789274573326111,0.575025200843811,0.7226277372262774,0.7352941176470589
2,4,16,0.5771775841712952,0.574621319770813,0.7226277372262774,0.7352941176470589
2,4,17,0.5736183524131775,0.573067843914032,0.7226277372262774,0.7352941176470589
2,4,18,0.5713096857070923,0.5729277729988098,0.7226277372262774,0.7352941176470589
2,4,19,0.5703052282333374,0.5739364624023438,0.7226277372262774,0.7352941176470589
2,4,20,0.5673569440841675,0.5730522871017456,0.7226277372262774,0.7352941176470589
2,4,21,0.5627793073654175,0.5705216526985168,0.7226277372262774,0.7352941176470589
2,4,22,0.5591952800750732,0.5689811706542969,0.7226277372262774,0.7352941176470589
2,4,23,0.5564302206039429,0.5686658620834351,0.7226277372262774,0.7352941176470589
2,4,24,0.5519105792045593,0.5672778487205505,0.7226277372262774,0.7352941176470589
2,4,25,0.5471161603927612,0.5659551620483398,0.7226277372262774,0.7352941176470589
2,4,26,0.542617678642273,0.5651794672012329,0.7226277372262774,0.7352941176470589
2,4,27,0.5370143055915833,0.5643298029899597,0.7226277372262774,0.7352941176470589
2,4,28,0.5304215550422668,0.5627287030220032,0.7226277372262774,0.7352941176470589
2,4,29,0.5253126621246338,0.5626994371414185,0.7226277372262774,0.7352941176470589
2,4,30,0.5200962424278259,0.5623307824134827,0.7226277372262774,0.7352941176470589
2,4,31,0.5145558714866638,0.5610200762748718,0.7226277372262774,0.7352941176470589
2,4,32,0.5107429623603821,0.5611519813537598,0.7226277372262774,0.7352941176470589
2,4,33,0.5052881240844727,0.5611010193824768,0.7226277372262774,0.7352941176470589
2,4,34,0.5025138258934021,0.5641635656356812,0.7226277372262774,0.7352941176470589
2,4,35,0.49656549096107483,0.563357412815094,0.7226277372262774,0.7352941176470589
2,4,36,0.4920845329761505,0.5640013217926025,0.7226277372262774,0.7352941176470589
2,4,37,0.491923987865448,0.5675117373466492,0.7226277372262774,0.7352941176470589
2,4,38,0.48391062021255493,0.5651854276657104,0.7226277372262774,0.7352941176470589
2,4,39,0.482977032661438,0.5666661858558655,0.7226277372262774,0.7352941176470589
2,4,40,0.47976574301719666,0.5671660304069519,0.7226277372262774,0.7352941176470589
2,4,41,0.47577744722366333,0.5659337639808655,0.7445255474452555,0.7647058823529411
2,4,42,0.4725891947746277,0.5680935978889465,0.7591240875912408,0.7941176470588235
2,4,43,0.4683314263820648,0.5698699951171875,0.7664233576642335,0.7941176470588235
2,4,44,0.46430107951164246,0.5704047083854675,0.781021897810219,0.7941176470588235
2,4,45,0.4612032473087311,0.5697427988052368,0.781021897810219,0.7941176470588235
2,4,46,0.4599941670894623,0.5732489824295044,0.781021897810219,0.7352941176470589
2,4,47,0.46039777994155884,0.5782167911529541,0.7664233576642335,0.7941176470588235
2,4,48,0.4520074427127838,0.5743384957313538,0.7883211678832117,0.7352941176470589
2,4,49,0.44819697737693787,0.5753578543663025,0.781021897810219,0.7352941176470589
2,4,50,0.4500649571418762,0.5782256722450256,0.781021897810219,0.7647058823529411
2,4,51,0.4458159804344177,0.5756664276123047,0.7883211678832117,0.7352941176470589
2,4,52,0.43931254744529724,0.5762410759925842,0.7883211678832117,0.7352941176470589
2,4,53,0.4462149441242218,0.5884507298469543,0.781021897810219,0.7647058823529411
2,4,54,0.4435725808143616,0.5873084664344788,0.7737226277372263,0.6176470588235294
2,4,55,0.42914173007011414,0.5852559208869934,0.7883211678832117,0.7058823529411765
2,4,56,0.4411105215549469,0.5972021818161011,0.7883211678832117,0.7647058823529411
2,4,57,0.42708736658096313,0.5846299529075623,0.7883211678832117,0.6470588235294118
2,4,58,0.4260480999946594,0.5867016911506653,0.7883211678832117,0.6176470588235294
2,4,59,0.42917728424072266,0.5964589715003967,0.781021897810219,0.7352941176470589
2,4,60,0.4148886799812317,0.5883932709693909,0.8029197080291971,0.7352941176470589
2,4,61,0.4180211126804352,0.5914979577064514,0.8029197080291971,0.6470588235294118
2,4,62,0.41068974137306213,0.5929442048072815,0.8029197080291971,0.7058823529411765
2,4,63,0.413030207157135,0.6019132137298584,0.7883211678832117,0.7352941176470589
2,4,64,0.40812286734580994,0.6004295349121094,0.8102189781021898,0.6470588235294118
2,4,65,0.4024595320224762,0.6070253849029541,0.8029197080291971,0.6176470588235294
2,4,66,0.40248924493789673,0.6181579828262329,0.7956204379562044,0.6764705882352942
2,4,67,0.39746084809303284,0.6216639280319214,0.781021897810219,0.6176470588235294
2,4,68,0.3950916528701782,0.6288715600967407,0.781021897810219,0.6176470588235294
2,4,69,0.39305028319358826,0.6379839777946472,0.7956204379562044,0.6470588235294118
2,4,70,0.38916414976119995,0.63310706615448,0.8175182481751825,0.6470588235294118
2,4,71,0.3880612254142761,0.6311978697776794,0.8175182481751825,0.6470588235294118
2,4,72,0.3867330849170685,0.6307406425476074,0.8102189781021898,0.6764705882352942
2,4,73,0.38780689239501953,0.6347756385803223,0.7956204379562044,0.6470588235294118
2,4,74,0.3872871696949005,0.647838294506073,0.7956204379562044,0.6764705882352942
2,4,75,0.3876299262046814,0.6504775881767273,0.8029197080291971,0.6470588235294118
2,4,76,0.3922891616821289,0.6765342354774475,0.7883211678832117,0.6764705882352942
2,4,77,0.3778733015060425,0.6604265570640564,0.8029197080291971,0.6470588235294118
2,4,78,0.3740203380584717,0.6656726002693176,0.8248175182481752,0.6470588235294118
2,4,79,0.38687068223953247,0.6914930939674377,0.781021897810219,0.6764705882352942
2,4,80,0.3895728886127472,0.6718325614929199,0.8175182481751825,0.6176470588235294
2,4,81,0.3784465491771698,0.6891404390335083,0.8029197080291971,0.6764705882352942
2,4,82,0.37175893783569336,0.6902408599853516,0.8175182481751825,0.6764705882352942
2,4,83,0.3804784119129181,0.6819067001342773,0.8248175182481752,0.6470588235294118
2,4,84,0.368497371673584,0.7047200798988342,0.8248175182481752,0.6470588235294118
2,4,85,0.36618146300315857,0.7057061791419983,0.8175182481751825,0.6764705882352942
2,4,86,0.36639636754989624,0.6899446845054626,0.8321167883211679,0.6470588235294118
2,4,87,0.36351487040519714,0.7034680843353271,0.8394160583941606,0.7058823529411765
2,4,88,0.35874029994010925,0.6974855661392212,0.8394160583941606,0.6470588235294118
2,4,89,0.36048567295074463,0.7011198401451111,0.8248175182481752,0.6470588235294118
2,4,90,0.3626452386379242,0.7312853336334229,0.8175182481751825,0.6764705882352942
2,4,91,0.3582514226436615,0.7227786779403687,0.8321167883211679,0.6470588235294118
2,4,92,0.3652641177177429,0.7431789636611938,0.8248175182481752,0.6470588235294118
2,4,93,0.35490143299102783,0.7177467346191406,0.8394160583941606,0.6470588235294118
2,4,94,0.35661500692367554,0.7025513648986816,0.8467153284671532,0.6470588235294118
2,4,95,0.3691962659358978,0.7171617746353149,0.7956204379562044,0.6764705882352942
2,4,96,0.37959349155426025,0.7065234184265137,0.8029197080291971,0.6470588235294118
2,4,97,0.35367128252983093,0.7244881987571716,0.8394160583941606,0.7058823529411765
2,4,98,0.35328832268714905,0.7300668954849243,0.8394160583941606,0.6764705882352942
2,4,99,0.3547825515270233,0.7156919240951538,0.8248175182481752,0.6470588235294118
2,4,100,0.34953975677490234,0.7296410799026489,0.8321167883211679,0.6764705882352942
2,5,1,0.6053327322006226,0.6409618854522705,0.7299270072992701,0.7058823529411765
2,5,2,0.5829602479934692,0.6071704626083374,0.7299270072992701,0.7058823529411765
2,5,3,0.5882042646408081,0.6064942479133606,0.7299270072992701,0.7058823529411765
2,5,4,0.5843140482902527,0.6047652959823608,0.7299270072992701,0.7058823529411765
2,5,5,0.5809783935546875,0.6069174408912659,0.7299270072992701,0.7058823529411765
2,5,6,0.5830836892127991,0.612782895565033,0.7299270072992701,0.7058823529411765
2,5,7,0.5796347260475159,0.6074784398078918,0.7299270072992701,0.7058823529411765
2,5,8,0.5780998468399048,0.6028924584388733,0.7299270072992701,0.7058823529411765
2,5,9,0.5782055258750916,0.6016263961791992,0.7299270072992701,0.7058823529411765
2,5,10,0.5766749382019043,0.6007628440856934,0.7299270072992701,0.7058823529411765
2,5,11,0.5741711854934692,0.6009676456451416,0.7299270072992701,0.7058823529411765
2,5,12,0.5733967423439026,0.603488028049469,0.7299270072992701,0.7058823529411765
2,5,13,0.572160005569458,0.6034637093544006,0.7299270072992701,0.7058823529411765
2,5,14,0.5692824721336365,0.5994663238525391,0.7299270072992701,0.7058823529411765
2,5,15,0.567341148853302,0.5960153937339783,0.7299270072992701,0.7058823529411765
2,5,16,0.5654222965240479,0.5940357446670532,0.7299270072992701,0.7058823529411765
2,5,17,0.5625056624412537,0.5924625396728516,0.7299270072992701,0.7058823529411765
2,5,18,0.5593674778938293,0.59206223487854,0.7299270072992701,0.7058823529411765
2,5,19,0.5564796328544617,0.5912638306617737,0.7299270072992701,0.7058823529411765
2,5,20,0.5528544187545776,0.5879857540130615,0.7299270072992701,0.7058823529411765
2,5,21,0.5490217208862305,0.5842084288597107,0.7299270072992701,0.7058823529411765
2,5,22,0.544834554195404,0.5815787315368652,0.7299270072992701,0.7058823529411765
2,5,23,0.5401527881622314,0.5779332518577576,0.7299270072992701,0.7058823529411765
2,5,24,0.5355119109153748,0.5737072825431824,0.7299270072992701,0.7058823529411765
2,5,25,0.5304020643234253,0.5698326230049133,0.7299270072992701,0.7058823529411765
2,5,26,0.5250454545021057,0.5663995146751404,0.7299270072992701,0.7058823529411765
2,5,27,0.5198208093643188,0.560935914516449,0.7299270072992701,0.7058823529411765
2,5,28,0.515103280544281,0.556209146976471,0.7299270072992701,0.7058823529411765
2,5,29,0.5116394758224487,0.5578411817550659,0.7299270072992701,0.7058823529411765
2,5,30,0.507125198841095,0.549282968044281,0.7299270072992701,0.7058823529411765
2,5,31,0.5039552450180054,0.546920895576477,0.7299270072992701,0.7058823529411765
2,5,32,0.500613272190094,0.5445148348808289,0.7299270072992701,0.7058823529411765
2,5,33,0.4975367486476898,0.5402839779853821,0.7299270072992701,0.7058823529411765
2,5,34,0.495115727186203,0.5335325598716736,0.7591240875912408,0.7058823529411765
2,5,35,0.4928291440010071,0.5302382111549377,0.7737226277372263,0.6764705882352942
2,5,36,0.49255871772766113,0.540611743927002,0.7518248175182481,0.7058823529411765
2,5,37,0.48844975233078003,0.5230388045310974,0.781021897810219,0.6764705882352942
2,5,38,0.4883441627025604,0.5165700316429138,0.781021897810219,0.6764705882352942
2,5,39,0.49154162406921387,0.5454087853431702,0.7664233576642335,0.6764705882352942
2,5,40,0.48598623275756836,0.512055516242981,0.7664233576642335,0.6470588235294118
2,5,41,0.48007139563560486,0.5147669315338135,0.781021897810219,0.6764705882352942
2,5,42,0.4840596914291382,0.5337147116661072,0.7737226277372263,0.6470588235294118
2,5,43,0.4759240746498108,0.5111605525016785,0.7737226277372263,0.6470588235294118
2,5,44,0.47772082686424255,0.5033630132675171,0.7883211678832117,0.6764705882352942
2,5,45,0.4757908582687378,0.5238922238349915,0.781021897810219,0.6764705882352942
2,5,46,0.471434086561203,0.5168653130531311,0.7737226277372263,0.6764705882352942
2,5,47,0.4759542644023895,0.49831658601760864,0.8029197080291971,0.7647058823529411
2,5,48,0.46779265999794006,0.5132459402084351,0.7737226277372263,0.6470588235294118
2,5,49,0.4681573510169983,0.5177047848701477,0.7737226277372263,0.6764705882352942
2,5,50,0.4641787111759186,0.500963568687439,0.7883211678832117,0.7058823529411765
2,5,51,0.461758017539978,0.504974901676178,0.7737226277372263,0.6764705882352942
2,5,52,0.4669046998023987,0.5223469734191895,0.7737226277372263,0.6764705882352942
2,5,53,0.4624214470386505,0.49213555455207825,0.8029197080291971,0.7941176470588235
2,5,54,0.45841965079307556,0.4909500777721405,0.8102189781021898,0.7941176470588235
2,5,55,0.46196407079696655,0.5177527666091919,0.7737226277372263,0.6470588235294118
2,5,56,0.4523757994174957,0.4987671673297882,0.7883211678832117,0.7352941176470589
2,5,57,0.46000078320503235,0.48876953125,0.7883211678832117,0.7647058823529411
2,5,58,0.45117348432540894,0.5041201114654541,0.781021897810219,0.7352941176470589
2,5,59,0.45026329159736633,0.5057435631752014,0.781021897810219,0.7058823529411765
2,5,60,0.4586769640445709,0.4874153137207031,0.8029197080291971,0.7352941176470589
2,5,61,0.4433300495147705,0.49160632491111755,0.7883211678832117,0.7941176470588235
2,5,62,0.4682491719722748,0.5378149151802063,0.7737226277372263,0.6764705882352942
2,5,63,0.44199979305267334,0.4859018921852112,0.8029197080291971,0.7941176470588235
2,5,64,0.4584676921367645,0.48707833886146545,0.8029197080291971,0.7352941176470589
2,5,65,0.4472956359386444,0.5130525231361389,0.7737226277372263,0.6764705882352942
2,5,66,0.45272669196128845,0.5229625701904297,0.7737226277372263,0.6764705882352942
2,5,67,0.44276317954063416,0.4824853241443634,0.8175182481751825,0.7647058823529411
2,5,68,0.44398561120033264,0.48106682300567627,0.8102189781021898,0.7352941176470589
2,5,69,0.4428800046443939,0.5109694600105286,0.7737226277372263,0.7352941176470589
2,5,70,0.44200751185417175,0.509899914264679,0.7737226277372263,0.7352941176470589
2,5,71,0.4403966963291168,0.4758305251598358,0.8029197080291971,0.7352941176470589
2,5,72,0.4351455271244049,0.47432053089141846,0.8029197080291971,0.7647058823529411
2,5,73,0.4402483105659485,0.5085911154747009,0.7737226277372263,0.7352941176470589
2,5,74,0.43461719155311584,0.5014356970787048,0.7737226277372263,0.7352941176470589
2,5,75,0.4381594657897949,0.4751172959804535,0.8102189781021898,0.7352941176470589
2,5,76,0.42939162254333496,0.47480201721191406,0.8321167883211679,0.7941176470588235
2,5,77,0.43690043687820435,0.5056679844856262,0.7737226277372263,0.7352941176470589
2,5,78,0.4251566529273987,0.48664239048957825,0.7883211678832117,0.7647058823529411
2,5,79,0.43218982219696045,0.4703294634819031,0.8102189781021898,0.7352941176470589
2,5,80,0.421475887298584,0.4721958637237549,0.8248175182481752,0.7941176470588235
2,5,81,0.4252261519432068,0.48855558037757874,0.7883211678832117,0.7647058823529411
2,5,82,0.4221947491168976,0.4844661056995392,0.7883211678832117,0.7647058823529411
2,5,83,0.4194716811180115,0.4673718810081482,0.8248175182481752,0.7941176470588235
2,5,84,0.41725513339042664,0.46640121936798096,0.8394160583941606,0.7941176470588235
2,5,85,0.41781085729599,0.48222407698631287,0.7883211678832117,0.7647058823529411
2,5,86,0.41404032707214355,0.4760967195034027,0.7883211678832117,0.7647058823529411
2,5,87,0.4136100113391876,0.46608883142471313,0.8394160583941606,0.7941176470588235
2,5,88,0.4099147319793701,0.469276487827301,0.8175182481751825,0.7647058823529411
2,5,89,0.4094287157058716,0.47270214557647705,0.7883211678832117,0.7647058823529411
2,5,90,0.4070923626422882,0.4669574797153473,0.8321167883211679,0.7941176470588235
2,5,91,0.405216246843338,0.46639010310173035,0.8321167883211679,0.7941176470588235
2,5,92,0.4036486744880676,0.46736180782318115,0.8248175182481752,0.7647058823529411
2,5,93,0.401740700006485,0.46144989132881165,0.8467153284671532,0.7941176470588235
2,5,94,0.40129148960113525,0.46695178747177124,0.8175182481751825,0.7647058823529411
2,5,95,0.39904454350471497,0.4616306722164154,0.8394160583941606,0.7941176470588235
2,5,96,0.4000442326068878,0.4550926983356476,0.8175182481751825,0.7352941176470589
2,5,97,0.39626434445381165,0.4574572443962097,0.8248175182481752,0.7941176470588235
2,5,98,0.394420862197876,0.45864513516426086,0.8394160583941606,0.7647058823529411
2,5,99,0.39482247829437256,0.4645426273345947,0.8248175182481752,0.7647058823529411
2,5,100,0.395077645778656,0.45568668842315674,0.8248175182481752,0.7352941176470589
3,1,1,0.6382277011871338,0.6625548005104065,0.7279411764705882,0.7142857142857143
3,1,2,0.5854640603065491,0.598186194896698,0.7279411764705882,0.7142857142857143
3,1,3,0.5982598662376404,0.6071387529373169,0.7279411764705882,0.7142857142857143
3,1,4,0.5939623713493347,0.6039400696754456,0.7279411764705882,0.7142857142857143
3,1,5,0.584517776966095,0.597918689250946,0.7279411764705882,0.7142857142857143
3,1,6,0.5847834944725037,0.6024702787399292,0.7279411764705882,0.7142857142857143
3,1,7,0.5866818428039551,0.6064432859420776,0.7279411764705882,0.7142857142857143
3,1,8,0.5820727944374084,0.601372241973877,0.7279411764705882,0.7142857142857143
3,1,9,0.5793433785438538,0.5972109436988831,0.7279411764705882,0.7142857142857143
3,1,10,0.5800444483757019,0.5971989035606384,0.7279411764705882,0.7142857142857143
3,1,11,0.5799146294593811,0.597598135471344,0.7279411764705882,0.7142857142857143
3,1,12,0.57697594165802,0.5966633558273315,0.7279411764705882,0.7142857142857143
3,1,13,0.5734534859657288,0.5961828827857971,0.7279411764705882,0.7142857142857143
3,1,14,0.571657121181488,0.5976566076278687,0.7279411764705882,0.7142857142857143
3,1,15,0.5704455375671387,0.5991740226745605,0.7279411764705882,0.7142857142857143
3,1,16,0.567700982093811,0.5980728268623352,0.7279411764705882,0.7142857142857143
3,1,17,0.5643565654754639,0.5962624549865723,0.7279411764705882,0.7142857142857143
3,1,18,0.5615267753601074,0.5944966673851013,0.7279411764705882,0.7142857142857143
3,1,19,0.5586000084877014,0.5940445065498352,0.7279411764705882,0.7142857142857143
3,1,20,0.5542386174201965,0.5938698649406433,0.7279411764705882,0.7142857142857143
3,1,21,0.5496690273284912,0.5944035053253174,0.7279411764705882,0.7142857142857143
3,1,22,0.5448728203773499,0.5947583913803101,0.7279411764705882,0.7142857142857143
3,1,23,0.5392112731933594,0.5939531326293945,0.7279411764705882,0.7142857142857143
3,1,24,0.5328041315078735,0.5933346152305603,0.7279411764705882,0.7142857142857143
3,1,25,0.5259625315666199,0.5932074189186096,0.7279411764705882,0.7142857142857143
3,1,26,0.5188062191009521,0.5940653681755066,0.7279411764705882,0.7142857142857143
3,1,27,0.5108715295791626,0.5963519811630249,0.7279411764705882,0.7142857142857143
3,1,28,0.5033712983131409,0.5988060832023621,0.7279411764705882,0.7142857142857143
3,1,29,0.49545562267303467,0.600713312625885,0.7279411764705882,0.7142857142857143
3,1,30,0.48843422532081604,0.6044977903366089,0.7279411764705882,0.7142857142857143
3,1,31,0.4809119403362274,0.6114752292633057,0.7279411764705882,0.7142857142857143
3,1,32,0.4748918414115906,0.6188405156135559,0.7279411764705882,0.7142857142857143
3,1,33,0.46928685903549194,0.6227537393569946,0.7279411764705882,0.7142857142857143
3,1,34,0.4638369679450989,0.6294699311256409,0.7279411764705882,0.7142857142857143
3,1,35,0.4626522958278656,0.6399597525596619,0.7279411764705882,0.7142857142857143
3,1,36,0.4598144292831421,0.6458473801612854,0.7279411764705882,0.7142857142857143
3,1,37,0.45401912927627563,0.6515861749649048,0.7426470588235294,0.6857142857142857
3,1,38,0.45760610699653625,0.6667003035545349,0.7279411764705882,0.6857142857142857
3,1,39,0.4472218155860901,0.667796790599823,0.7794117647058824,0.7714285714285715
3,1,40,0.450198233127594,0.6752219200134277,0.7867647058823529,0.7142857142857143
3,1,41,0.4457704722881317,0.6813458204269409,0.7720588235294118,0.8
3,1,42,0.4441540539264679,0.6828590035438538,0.7720588235294118,0.8
3,1,43,0.44533267617225647,0.685435950756073,0.7867647058823529,0.6571428571428571
3,1,44,0.4369681477546692,0.690155029296875,0.7867647058823529,0.6571428571428571
3,1,45,0.43758106231689453,0.6983615159988403,0.7941176470588235,0.7428571428571429
3,1,46,0.43309736251831055,0.695432186126709,0.7867647058823529,0.7428571428571429
3,1,47,0.4346534311771393,0.6940715312957764,0.7941176470588235,0.6571428571428571
3,1,48,0.42828527092933655,0.6946413516998291,0.7941176470588235,0.6857142857142857
3,1,49,0.43022453784942627,0.7059566378593445,0.7867647058823529,0.7428571428571429
3,1,50,0.4226877689361572,0.7068920731544495,0.7941176470588235,0.6571428571428571
3,1,51,0.4206653833389282,0.7097292542457581,0.7941176470588235,0.6571428571428571
3,1,52,0.42404288053512573,0.709579348564148,0.7941176470588235,0.6857142857142857
3,1,53,0.4223693907260895,0.7044739723205566,0.7941176470588235,0.6285714285714286
3,1,54,0.4153134524822235,0.7056966423988342,0.7941176470588235,0.6571428571428571
3,1,55,0.42444947361946106,0.7158523201942444,0.7867647058823529,0.7428571428571429
3,1,56,0.4159039258956909,0.7140486240386963,0.8161764705882353,0.6285714285714286
3,1,57,0.4085696041584015,0.7182117104530334,0.7867647058823529,0.6285714285714286
3,1,58,0.4248654246330261,0.7327989339828491,0.7941176470588235,0.6857142857142857
3,1,59,0.4049172103404999,0.7240737080574036,0.7867647058823529,0.6
3,1,60,0.4122799038887024,0.7314596772193909,0.8161764705882353,0.6
3,1,61,0.40550845861434937,0.7265331745147705,0.7867647058823529,0.6857142857142857
3,1,62,0.4043094217777252,0.7263648509979248,0.7941176470588235,0.6857142857142857
3,1,63,0.40232551097869873,0.7311124801635742,0.8235294117647058,0.6
3,1,64,0.397524893283844,0.7312963008880615,0.8088235294117647,0.6285714285714286
3,1,65,0.4013165831565857,0.7337607741355896,0.7941176470588235,0.6857142857142857
3,1,66,0.3954964280128479,0.7409316301345825,0.8235294117647058,0.6
3,1,67,0.39432385563850403,0.7436237931251526,0.8235294117647058,0.6
3,1,68,0.4006269574165344,0.7400846481323242,0.7941176470588235,0.6857142857142857
3,1,69,0.39003291726112366,0.7375471591949463,0.8161764705882353,0.6285714285714286
3,1,70,0.39842185378074646,0.7498270273208618,0.8308823529411765,0.5714285714285714
3,1,71,0.38867637515068054,0.737605094909668,0.8161764705882353,0.6285714285714286
3,1,72,0.3912120759487152,0.737967312335968,0.7941176470588235,0.6571428571428571
3,1,73,0.3895966112613678,0.7503310441970825,0.8161764705882353,0.5714285714285714
3,1,74,0.38363245129585266,0.7426699995994568,0.8308823529411765,0.6285714285714286
3,1,75,0.3880009651184082,0.739582359790802,0.7941176470588235,0.6285714285714286
3,1,76,0.38754802942276,0.7563430666923523,0.8308823529411765,0.5714285714285714
3,1,77,0.37995508313179016,0.7481464147567749,0.8235294117647058,0.6285714285714286
3,1,78,0.3802569806575775,0.744324266910553,0.8161764705882353,0.6571428571428571
3,1,79,0.3772524297237396,0.7453286051750183,0.8235294117647058,0.6
3,1,80,0.37585213780403137,0.7410300970077515,0.8235294117647058,0.6
3,1,81,0.3827565014362335,0.7318079471588135,0.8088235294117647,0.6285714285714286
3,1,82,0.3745349049568176,0.7427651882171631,0.8161764705882353,0.6285714285714286
3,1,83,0.37243929505348206,0.7390421032905579,0.8235294117647058,0.6285714285714286
3,1,84,0.37325555086135864,0.7297954559326172,0.8235294117647058,0.6571428571428571
3,1,85,0.3726930618286133,0.7393916845321655,0.8308823529411765,0.6285714285714286
3,1,86,0.3694452941417694,0.7301949858665466,0.8161764705882353,0.6571428571428571
3,1,87,0.3736984133720398,0.7278356552124023,0.8161764705882353,0.6285714285714286
3,1,88,0.371238648891449,0.7524940371513367,0.8235294117647058,0.6285714285714286
3,1,89,0.36556676030158997,0.7410123348236084,0.8308823529411765,0.6571428571428571
3,1,90,0.3647376298904419,0.7420109510421753,0.8382352941176471,0.6571428571428571
3,1,91,0.3654085099697113,0.7542572617530823,0.8161764705882353,0.6285714285714286
3,1,92,0.37096285820007324,0.7343119978904724,0.8161764705882353,0.6571428571428571
3,1,93,0.36950626969337463,0.752229630947113,0.8308823529411765,0.6
3,1,94,0.3626735508441925,0.7339251041412354,0.8308823529411765,0.6571428571428571
3,1,95,0.37427493929862976,0.7229408025741577,0.8161764705882353,0.6857142857142857
3,1,96,0.3799416720867157,0.748503565788269,0.8014705882352942,0.6
3,1,97,0.3664925992488861,0.7041546702384949,0.8382352941176471,0.6857142857142857
3,1,98,0.3709598779678345,0.7000342011451721,0.8161764705882353,0.6857142857142857
3,1,99,0.38511666655540466,0.7521347999572754,0.7941176470588235,0.5714285714285714
3,1,100,0.36028555035591125,0.714600682258606,0.8308823529411765,0.6571428571428571
3,2,1,0.6176778674125671,0.65662682056427,0.7299270072992701,0.7058823529411765
3,2,2,0.5832591652870178,0.6082479357719421,0.7299270072992701,0.7058823529411765
3,2,3,0.5918455719947815,0.6091246008872986,0.7299270072992701,0.7058823529411765
3,2,4,0.5908023715019226,0.6085376739501953,0.7299270072992701,0.7058823529411765
3,2,5,0.5832087993621826,0.6050558686256409,0.7299270072992701,0.7058823529411765
3,2,6,0.581649899482727,0.6095862984657288,0.7299270072992701,0.7058823529411765
3,2,7,0.5856742262840271,0.617537796497345,0.7299270072992701,0.7058823529411765
3,2,8,0.5826401710510254,0.6138986945152283,0.7299270072992701,0.7058823529411765
3,2,9,0.5779361128807068,0.605643093585968,0.7299270072992701,0.7058823529411765
3,2,10,0.5784358382225037,0.6031621098518372,0.7299270072992701,0.7058823529411765
3,2,11,0.5799389481544495,0.6033886075019836,0.7299270072992701,0.7058823529411765
3,2,12,0.5785012245178223,0.6027347445487976,0.7299270072992701,0.7058823529411765
3,2,13,0.5743513107299805,0.6014516949653625,0.7299270072992701,0.7058823529411765
3,2,14,0.5719486474990845,0.6027829647064209,0.7299270072992701,0.7058823529411765
3,2,15,0.5725840330123901,0.6067508459091187,0.7299270072992701,0.7058823529411765
3,2,16,0.5717001557350159,0.6071903705596924,0.7299270072992701,0.7058823529411765
3,2,17,0.5680429935455322,0.6028926968574524,0.7299270072992701,0.7058823529411765
3,2,18,0.5652078986167908,0.5985646843910217,0.7299270072992701,0.7058823529411765
3,2,19,0.563739538192749,0.5966839790344238,0.7299270072992701,0.7058823529411765
3,2,20,0.5611137747764587,0.5951892137527466,0.7299270072992701,0.7058823529411765
3,2,21,0.5572642087936401,0.5939381122589111,0.7299270072992701,0.7058823529411765
3,2,22,0.5541961789131165,0.5935850739479065,0.7299270072992701,0.7058823529411765
3,2,23,0.551245927810669,0.5929336547851562,0.7299270072992701,0.7058823529411765
3,2,24,0.5470128059387207,0.5904109477996826,0.7299270072992701,0.7058823529411765
3,2,25,0.5419988632202148,0.5868070721626282,0.7299270072992701,0.7058823529411765
3,2,26,0.5375382900238037,0.5840257406234741,0.7299270072992701,0.7058823529411765
3,2,27,0.5322785973548889,0.5809881687164307,0.7299270072992701,0.7058823529411765
3,2,28,0.5262607932090759,0.5772922039031982,0.7299270072992701,0.7058823529411765
3,2,29,0.520801842212677,0.5744518041610718,0.7299270072992701,0.7058823529411765
3,2,30,0.5149337649345398,0.5709050297737122,0.7299270072992701,0.7058823529411765
3,2,31,0.5089883804321289,0.5671074986457825,0.7299270072992701,0.7058823529411765
3,2,32,0.5035135746002197,0.5632764101028442,0.7299270072992701,0.7058823529411765
3,2,33,0.49832653999328613,0.559602677822113,0.7299270072992701,0.7058823529411765
3,2,34,0.493946373462677,0.5564908385276794,0.7299270072992701,0.7058823529411765
3,2,35,0.4910067915916443,0.5542933940887451,0.7299270072992701,0.7058823529411765
3,2,36,0.48785343766212463,0.5520004034042358,0.7299270072992701,0.7058823529411765
3,2,37,0.4849756062030792,0.548363447189331,0.7299270072992701,0.7058823529411765
3,2,38,0.4825325310230255,0.5459911227226257,0.7518248175182481,0.7352941176470589
3,2,39,0.4803977906703949,0.5438648462295532,0.7591240875912408,0.7647058823529411
3,2,40,0.47821155190467834,0.5424202084541321,0.8102189781021898,0.7941176470588235
3,2,41,0.4787602126598358,0.5423149466514587,0.7591240875912408,0.7647058823529411
3,2,42,0.474617063999176,0.5377135872840881,0.7883211678832117,0.7941176470588235
3,2,43,0.4731896221637726,0.5359559655189514,0.7883211678832117,0.7941176470588235
3,2,44,0.4722779095172882,0.5342383980751038,0.8029197080291971,0.7941176470588235
3,2,45,0.46902698278427124,0.5311418771743774,0.7956204379562044,0.7941176470588235
3,2,46,0.468586266040802,0.5304216742515564,0.7883211678832117,0.7941176470588235
3,2,47,0.46966585516929626,0.5312896966934204,0.7883211678832117,0.7647058823529411
3,2,48,0.46504032611846924,0.5258280634880066,0.7883211678832117,0.7941176470588235
3,2,49,0.4637379050254822,0.5242931842803955,0.7883211678832117,0.7941176470588235
3,2,50,0.4642386734485626,0.5257623791694641,0.7956204379562044,0.7941176470588235
3,2,51,0.4586787521839142,0.5194080471992493,0.781021897810219,0.7941176470588235
3,2,52,0.46117204427719116,0.5212681889533997,0.7883211678832117,0.7941176470588235
3,2,53,0.4593648612499237,0.5199493765830994,0.7883211678832117,0.7941176470588235
3,2,54,0.4538387060165405,0.5149763822555542,0.7883211678832117,0.7941176470588235
3,2,55,0.45479872822761536,0.515366792678833,0.7883211678832117,0.7941176470588235
3,2,56,0.4524088203907013,0.5128123164176941,0.7883211678832117,0.7941176470588235
3,2,57,0.4506089389324188,0.5094972252845764,0.781021897810219,0.7941176470588235
3,2,58,0.44782739877700806,0.5058923363685608,0.7883211678832117,0.7941176470588235
3,2,59,0.4462321996688843,0.5033921599388123,0.7956204379562044,0.7941176470588235
3,2,60,0.4469633400440216,0.5053737163543701,0.781021897810219,0.7941176470588235
3,2,61,0.4433712065219879,0.5039279460906982,0.8029197080291971,0.7941176470588235
3,2,62,0.4418226480484009,0.5040204524993896,0.7883211678832117,0.7941176470588235
3,2,63,0.44081956148147583,0.5031569004058838,0.7883211678832117,0.7941176470588235
3,2,64,0.4383828938007355,0.4988180100917816,0.8029197080291971,0.7941176470588235
3,2,65,0.4364861249923706,0.49717527627944946,0.8029197080291971,0.7941176470588235
3,2,66,0.43907201290130615,0.49881166219711304,0.7883211678832117,0.7941176470588235
3,2,67,0.43526387214660645,0.4959290027618408,0.7956204379562044,0.7941176470588235
3,2,68,0.4319159686565399,0.49149391055107117,0.7956204379562044,0.7941176470588235
3,2,69,0.4301561117172241,0.48884671926498413,0.8029197080291971,0.7941176470588235
3,2,70,0.42974981665611267,0.48975399136543274,0.7956204379562044,0.7941176470588235
3,2,71,0.43075665831565857,0.48942190408706665,0.7956204379562044,0.7941176470588235
3,2,72,0.4263112246990204,0.485856294631958,0.8029197080291971,0.7647058823529411
3,2,73,0.4342585802078247,0.4962318539619446,0.8102189781021898,0.7941176470588235
3,2,74,0.42587414383888245,0.4841149151325226,0.8029197080291971,0.7647058823529411
3,2,75,0.42675432562828064,0.48602598905563354,0.8029197080291971,0.7941176470588235
3,2,76,0.42688852548599243,0.4884493350982666,0.7956204379562044,0.7941176470588235
3,2,77,0.4270452558994293,0.484489768743515,0.8029197080291971,0.7941176470588235
3,2,78,0.4184567630290985,0.47685208916664124,0.8029197080291971,0.7941176470588235
3,2,79,0.41957977414131165,0.47846004366874695,0.7956204379562044,0.7941176470588235
3,2,80,0.419092059135437,0.4776512682437897,0.8029197080291971,0.7941176470588235
3,2,81,0.41536805033683777,0.4764644503593445,0.8029197080291971,0.7941176470588235
3,2,82,0.4174216687679291,0.48132991790771484,0.8029197080291971,0.7941176470588235
3,2,83,0.4134047031402588,0.47539588809013367,0.8029197080291971,0.7941176470588235
3,2,84,0.4122708737850189,0.47465986013412476,0.7956204379562044,0.7941176470588235
3,2,85,0.411129891872406,0.4764883518218994,0.7956204379562044,0.7941176470588235
3,2,86,0.40938305854797363,0.478509783744812,0.8102189781021898,0.7941176470588235
3,2,87,0.40823376178741455,0.47081971168518066,0.7956204379562044,0.7941176470588235
3,2,88,0.407745361328125,0.46616441011428833,0.7956204379562044,0.7941176470588235
3,2,89,0.40672019124031067,0.46483615040779114,0.8029197080291971,0.7941176470588235
3,2,90,0.40670379996299744,0.4676060974597931,0.8029197080291971,0.7941176470588235
3,2,91,0.4217010736465454,0.47897714376449585,0.7883211678832117,0.7941176470588235
3,2,92,0.4152548313140869,0.4830499589443207,0.8102189781021898,0.7058823529411765
3,2,93,0.40406331419944763,0.46708157658576965,0.8029197080291971,0.7941176470588235
3,2,94,0.4160805940628052,0.4717819094657898,0.7956204379562044,0.7941176470588235
3,2,95,0.40110844373703003,0.46743789315223694,0.8248175182481752,0.7647058823529411
3,2,96,0.39856991171836853,0.4658515751361847,0.8175182481751825,0.7941176470588235
3,2,97,0.40127357840538025,0.4635721445083618,0.8029197080291971,0.7941176470588235
3,2,98,0.3977453410625458,0.46346214413642883,0.8248175182481752,0.7941176470588235
3,2,99,0.3960443437099457,0.4567703306674957,0.8029197080291971,0.7941176470588235
3,2,100,0.3961279094219208,0.45652157068252563,0.8029197080291971,0.7941176470588235
3,3,1,0.6101959347724915,0.5928712487220764,0.7226277372262774,0.7352941176470589
3,3,2,0.5910893082618713,0.580843985080719,0.7226277372262774,0.7352941176470589
3,3,3,0.5934460759162903,0.584793746471405,0.7226277372262774,0.7352941176470589
3,3,4,0.5885860323905945,0.5781973600387573,0.7226277372262774,0.7352941176470589
3,3,5,0.5893753170967102,0.5784138441085815,0.7226277372262774,0.7352941176470589
3,3,6,0.5871282815933228,0.5776009559631348,0.7226277372262774,0.7352941176470589
3,3,7,0.5855952501296997,0.578234076499939,0.7226277372262774,0.7352941176470589
3,3,8,0.584613561630249,0.5785242915153503,0.7226277372262774,0.7352941176470589
3,3,9,0.5827447175979614,0.5773763060569763,0.7226277372262774,0.7352941176470589
3,3,10,0.5810613632202148,0.5763838291168213,0.7226277372262774,0.7352941176470589
3,3,11,0.5798999667167664,0.5762014985084534,0.7226277372262774,0.7352941176470589
3,3,12,0.5778345465660095,0.5755874514579773,0.7226277372262774,0.7352941176470589
3,3,13,0.5753617286682129,0.5749459266662598,0.7226277372262774,0.7352941176470589
3,3,14,0.573493242263794,0.5748067498207092,0.7226277372262774,0.7352941176470589
3,3,15,0.5710136294364929,0.5738999843597412,0.7226277372262774,0.7352941176470589
3,3,16,0.5678421258926392,0.572460949420929,0.7226277372262774,0.7352941176470589
3,3,17,0.5645390748977661,0.5712844729423523,0.7226277372262774,0.7352941176470589
3,3,18,0.5609792470932007,0.5700149536132812,0.7226277372262774,0.7352941176470589
3,3,19,0.5567793250083923,0.567980170249939,0.7226277372262774,0.7352941176470589
3,3,20,0.552803635597229,0.5660162568092346,0.7226277372262774,0.7352941176470589
3,3,21,0.5484578013420105,0.5640982389450073,0.7226277372262774,0.7352941176470589
3,3,22,0.5431553721427917,0.5612886548042297,0.7226277372262774,0.7352941176470589
3,3,23,0.5380801558494568,0.5587430000305176,0.7226277372262774,0.7352941176470589
3,3,24,0.5320296287536621,0.5545364022254944,0.7226277372262774,0.7352941176470589
3,3,25,0.5262052416801453,0.5490756034851074,0.7226277372262774,0.7352941176470589
3,3,26,0.5207228660583496,0.5438255071640015,0.7226277372262774,0.7352941176470589
3,3,27,0.5163512229919434,0.5375470519065857,0.7299270072992701,0.7058823529411765
3,3,28,0.5107172131538391,0.5320954918861389,0.7299270072992701,0.7058823529411765
3,3,29,0.5101196765899658,0.536205530166626,0.7299270072992701,0.7058823529411765
3,3,30,0.502590537071228,0.5204105973243713,0.7737226277372263,0.7058823529411765
3,3,31,0.5037451982498169,0.5124632716178894,0.8102189781021898,0.7647058823529411
3,3,32,0.4983675181865692,0.5173651576042175,0.781021897810219,0.7058823529411765
3,3,33,0.49584558606147766,0.5154144763946533,0.781021897810219,0.7058823529411765
3,3,34,0.4915994107723236,0.4979199767112732,0.8102189781021898,0.7647058823529411
3,3,35,0.4876943528652191,0.49549299478530884,0.8102189781021898,0.7647058823529411
3,3,36,0.4877000153064728,0.5032508969306946,0.8029197080291971,0.7647058823529411
3,3,37,0.4818350672721863,0.4900350570678711,0.8102189781021898,0.7647058823529411
3,3,38,0.48052069544792175,0.4815095365047455,0.7956204379562044,0.7647058823529411
3,3,39,0.48114705085754395,0.49308592081069946,0.8029197080291971,0.7941176470588235
3,3,40,0.4726307988166809,0.4786633849143982,0.8102189781021898,0.7647058823529411
3,3,41,0.47648224234580994,0.4716974198818207,0.7883211678832117,0.7647058823529411
3,3,42,0.4745975732803345,0.48596349358558655,0.8102189781021898,0.7941176470588235
3,3,43,0.4650900065898895,0.471243679523468,0.8102189781021898,0.7941176470588235
3,3,44,0.47553402185440063,0.4662068784236908,0.7883211678832117,0.7647058823529411
3,3,45,0.4611908197402954,0.4620826244354248,0.7956204379562044,0.7941176470588235
3,3,46,0.4759458005428314,0.4892638027667999,0.8102189781021898,0.7941176470588235
3,3,47,0.457048237323761,0.4558750092983246,0.7883211678832117,0.7941176470588235
3,3,48,0.46680060029029846,0.45591792464256287,0.7883211678832117,0.7941176470588235
3,3,49,0.4572646915912628,0.45857569575309753,0.7956204379562044,0.7941176470588235
3,3,50,0.46454665064811707,0.4720469117164612,0.8175182481751825,0.7941176470588235
3,3,51,0.4518398642539978,0.4478166699409485,0.7883211678832117,0.7941176470588235
3,3,52,0.4540921151638031,0.44670370221138,0.7883211678832117,0.7941176470588235
3,3,53,0.450857549905777,0.4523637890815735,0.7883211678832117,0.7941176470588235
3,3,54,0.45187291502952576,0.45737525820732117,0.8175182481751825,0.7941176470588235
3,3,55,0.4475177228450775,0.4427676498889923,0.7956204379562044,0.7941176470588235
3,3,56,0.44449344277381897,0.44313088059425354,0.8029197080291971,0.7941176470588235
3,3,57,0.44360971450805664,0.4465055763721466,0.7956204379562044,0.7941176470588235
3,3,58,0.4397871494293213,0.44250792264938354,0.8029197080291971,0.7941176470588235
3,3,59,0.4383876621723175,0.43910661339759827,0.8029197080291971,0.7941176470588235
3,3,60,0.43687376379966736,0.4404187500476837,0.8029197080291971,0.7941176470588235
3,3,61,0.434223473072052,0.4364060163497925,0.8029197080291971,0.7941176470588235
3,3,62,0.4332130253314972,0.440252423286438,0.7956204379562044,0.7941176470588235
3,3,63,0.4298349618911743,0.43570956587791443,0.8029197080291971,0.7941176470588235
3,3,64,0.4294489920139313,0.43482130765914917,0.7956204379562044,0.8235294117647058
3,3,65,0.42785966396331787,0.4372495114803314,0.7956204379562044,0.7941176470588235
3,3,66,0.4274377226829529,0.438061386346817,0.7956204379562044,0.7941176470588235
3,3,67,0.4248042702674866,0.42803066968917847,0.7956204379562044,0.8235294117647058
3,3,68,0.42445287108421326,0.4372631013393402,0.7956204379562044,0.7941176470588235
3,3,69,0.41999927163124084,0.434023916721344,0.7956204379562044,0.7941176470588235
3,3,70,0.41791194677352905,0.43246161937713623,0.7956204379562044,0.8235294117647058
3,3,71,0.41548511385917664,0.431539386510849,0.7956204379562044,0.8235294117647058
3,3,72,0.4265344440937042,0.4537961184978485,0.8102189781021898,0.7941176470588235
3,3,73,0.4152986407279968,0.42707863450050354,0.7956204379562044,0.8235294117647058
3,3,74,0.41137343645095825,0.4288448691368103,0.8029197080291971,0.8235294117647058
3,3,75,0.40890562534332275,0.4347136318683624,0.7883211678832117,0.8235294117647058
3,3,76,0.40819403529167175,0.43707039952278137,0.7883211678832117,0.7941176470588235
3,3,77,0.4113527536392212,0.43045005202293396,0.8175182481751825,0.7941176470588235
3,3,78,0.4092981815338135,0.44403231143951416,0.7956204379562044,0.7941176470588235
3,3,79,0.40342220664024353,0.4347267150878906,0.8029197080291971,0.8235294117647058
3,3,80,0.40211689472198486,0.4359143376350403,0.7956204379562044,0.8235294117647058
3,3,81,0.40127032995224,0.4389588534832001,0.7956204379562044,0.8235294117647058
3,3,82,0.3973329961299896,0.43169477581977844,0.7883211678832117,0.8235294117647058
3,3,83,0.39792150259017944,0.4410529136657715,0.7883211678832117,0.8235294117647058
3,3,84,0.39947381615638733,0.43097519874572754,0.8321167883211679,0.8235294117647058
3,3,85,0.39531210064888,0.4393138289451599,0.7883211678832117,0.8235294117647058
3,3,86,0.39620286226272583,0.44577956199645996,0.7883211678832117,0.7941176470588235
3,3,87,0.40130576491355896,0.4299430251121521,0.8175182481751825,0.7647058823529411
3,3,88,0.4014784097671509,0.4552507996559143,0.8029197080291971,0.7941176470588235
3,3,89,0.3882558345794678,0.4393509030342102,0.7956204379562044,0.8235294117647058
3,3,90,0.39250266551971436,0.43599799275398254,0.8321167883211679,0.7647058823529411
3,3,91,0.3943699598312378,0.46112459897994995,0.8102189781021898,0.7941176470588235
3,3,92,0.3828846216201782,0.4420311748981476,0.7956204379562044,0.8235294117647058
3,3,93,0.3977051377296448,0.4464273154735565,0.8175182481751825,0.7647058823529411
3,3,94,0.4104446768760681,0.4920060932636261,0.8175182481751825,0.7941176470588235
3,3,95,0.37968528270721436,0.4439748227596283,0.8029197080291971,0.8235294117647058
3,3,96,0.3866947293281555,0.4398278594017029,0.8394160583941606,0.7941176470588235
3,3,97,0.40315690636634827,0.4847799241542816,0.8175182481751825,0.7941176470588235
3,3,98,0.3764953911304474,0.44673246145248413,0.8029197080291971,0.8235294117647058
3,3,99,0.3855762481689453,0.44607874751091003,0.8248175182481752,0.7941176470588235
3,3,100,0.3851694166660309,0.46985194087028503,0.8175182481751825,0.7941176470588235
3,4,1,0.6109528541564941,0.5929223299026489,0.7226277372262774,0.7352941176470589
3,4,2,0.5903013944625854,0.5785642266273499,0.7226277372262774,0.7352941176470589
3,4,3,0.5954704284667969,0.5865063071250916,0.7226277372262774,0.7352941176470589
3,4,4,0.590823233127594,0.5808671116828918,0.7226277372262774,0.7352941176470589
3,4,5,0.5882642865180969,0.5760293006896973,0.7226277372262774,0.7352941176470589
3,4,6,0.5892213582992554,0.576340913772583,0.7226277372262774,0.7352941176470589
3,4,7,0.5861337780952454,0.5744195580482483,0.7226277372262774,0.7352941176470589
3,4,8,0.5843313336372375,0.5741786956787109,0.7226277372262774,0.7352941176470589
3,4,9,0.5839337706565857,0.5746442675590515,0.7226277372262774,0.7352941176470589
3,4,10,0.5815188884735107,0.5722076296806335,0.7226277372262774,0.7352941176470589
3,4,11,0.5791522264480591,0.5696598887443542,0.7226277372262774,0.7352941176470589
3,4,12,0.5782151222229004,0.5687599182128906,0.7226277372262774,0.7352941176470589
3,4,13,0.5759060978889465,0.5670450329780579,0.7226277372262774,0.7352941176470589
3,4,14,0.57285076379776,0.5648489594459534,0.7226277372262774,0.7352941176470589
3,4,15,0.5706623196601868,0.5634217262268066,0.7226277372262774,0.7352941176470589
3,4,16,0.5678662657737732,0.5612263679504395,0.7226277372262774,0.7352941176470589
3,4,17,0.5638290643692017,0.5581352114677429,0.7226277372262774,0.7352941176470589
3,4,18,0.5595355033874512,0.5551143884658813,0.7226277372262774,0.7352941176470589
3,4,19,0.5555849075317383,0.5527492165565491,0.7226277372262774,0.7352941176470589
3,4,20,0.5507041215896606,0.548868715763092,0.7226277372262774,0.7352941176470589
3,4,21,0.5453531742095947,0.542962372303009,0.7226277372262774,0.7352941176470589
3,4,22,0.5396614670753479,0.5377124547958374,0.7226277372262774,0.7352941176470589
3,4,23,0.5326321125030518,0.5333156585693359,0.7226277372262774,0.7352941176470589
3,4,24,0.5260708928108215,0.5291593670845032,0.7226277372262774,0.7352941176470589
3,4,25,0.519895613193512,0.5247689485549927,0.7226277372262774,0.7352941176470589
3,4,26,0.5138201713562012,0.5149275064468384,0.7226277372262774,0.7352941176470589
3,4,27,0.5085583925247192,0.5101291537284851,0.7226277372262774,0.7352941176470589
3,4,28,0.5041548609733582,0.5095657110214233,0.7226277372262774,0.7352941176470589
3,4,29,0.5001409649848938,0.5027526617050171,0.7445255474452555,0.7352941176470589
3,4,30,0.4971698224544525,0.4968385100364685,0.781021897810219,0.7352941176470589
3,4,31,0.49551066756248474,0.501775324344635,0.781021897810219,0.7352941176470589
3,4,32,0.4930417239665985,0.4898061156272888,0.781021897810219,0.7352941176470589
3,4,33,0.4918419420719147,0.4981253147125244,0.781021897810219,0.7352941176470589
3,4,34,0.489057332277298,0.4830489456653595,0.7956204379562044,0.7352941176470589
3,4,35,0.49052929878234863,0.4737869203090668,0.8175182481751825,0.7352941176470589
3,4,36,0.4931987524032593,0.5096506476402283,0.7664233576642335,0.7352941176470589
3,4,37,0.4824877381324768,0.48037630319595337,0.7956204379562044,0.7352941176470589
3,4,38,0.4871145486831665,0.4639880061149597,0.8029197080291971,0.7647058823529411
3,4,39,0.4786151945590973,0.47913894057273865,0.8102189781021898,0.7352941176470589
3,4,40,0.48008304834365845,0.49134355783462524,0.7883211678832117,0.7352941176470589
3,4,41,0.48446688055992126,0.4554804563522339,0.8029197080291971,0.7647058823529411
3,4,42,0.47387561202049255,0.46097779273986816,0.8029197080291971,0.7647058823529411
3,4,43,0.47883689403533936,0.4954412281513214,0.7737226277372263,0.7352941176470589
3,4,44,0.4687623083591461,0.46730077266693115,0.7956204379562044,0.7647058823529411
3,4,45,0.4707210659980774,0.45292818546295166,0.8029197080291971,0.7647058823529411
3,4,46,0.46524927020072937,0.4614146947860718,0.7883211678832117,0.7647058823529411
3,4,47,0.4784213900566101,0.5005446076393127,0.7664233576642335,0.7352941176470589
3,4,48,0.46248820424079895,0.45345884561538696,0.7956204379562044,0.7647058823529411
3,4,49,0.4710668921470642,0.4444674551486969,0.8175182481751825,0.7647058823529411
3,4,50,0.45955386757850647,0.4629041850566864,0.7883211678832117,0.7647058823529411
3,4,51,0.4685958921909332,0.4915916323661804,0.7956204379562044,0.7352941176470589
3,4,52,0.4556881785392761,0.450542151927948,0.7883211678832117,0.7647058823529411
3,4,53,0.46407225728034973,0.4409647583961487,0.8175182481751825,0.7647058823529411
3,4,54,0.4538695514202118,0.4604724049568176,0.7883211678832117,0.7647058823529411
3,4,55,0.4585946500301361,0.4788353741168976,0.8029197080291971,0.7058823529411765
3,4,56,0.4487970173358917,0.45262789726257324,0.7883211678832117,0.7647058823529411
3,4,57,0.4520411193370819,0.4383452832698822,0.8175182481751825,0.7647058823529411
3,4,58,0.4464133083820343,0.4519816040992737,0.8029197080291971,0.7647058823529411
3,4,59,0.45267224311828613,0.4775445759296417,0.7956204379562044,0.7352941176470589
3,4,60,0.443053275346756,0.4487856924533844,0.8029197080291971,0.7647058823529411
3,4,61,0.44370388984680176,0.43932220339775085,0.8175182481751825,0.7647058823529411
3,4,62,0.44135794043540955,0.4511929750442505,0.8029197080291971,0.7647058823529411
3,4,63,0.439801961183548,0.4463564455509186,0.8175182481751825,0.7647058823529411
3,4,64,0.43810561299324036,0.44898396730422974,0.8102189781021898,0.7647058823529411
3,4,65,0.43789148330688477,0.4565696120262146,0.8029197080291971,0.7647058823529411
3,4,66,0.43513962626457214,0.4404890537261963,0.8102189781021898,0.7647058823529411
3,4,67,0.43369707465171814,0.4388273060321808,0.8102189781021898,0.7647058823529411
3,4,68,0.4349391460418701,0.46381622552871704,0.7956204379562044,0.7647058823529411
3,4,69,0.4292808175086975,0.44141265749931335,0.8102189781021898,0.7647058823529411
3,4,70,0.4298109710216522,0.43270495533943176,0.8029197080291971,0.7647058823529411
3,4,71,0.4357248544692993,0.47640150785446167,0.7956204379562044,0.7647058823529411
3,4,72,0.4247596859931946,0.43815717101097107,0.7956204379562044,0.7647058823529411
3,4,73,0.42565062642097473,0.4310588836669922,0.7883211678832117,0.7647058823529411
3,4,74,0.4269542098045349,0.4664749801158905,0.8029197080291971,0.7647058823529411
3,4,75,0.42111366987228394,0.439407616853714,0.7956204379562044,0.7647058823529411
3,4,76,0.4200168251991272,0.43861058354377747,0.7956204379562044,0.7647058823529411
3,4,77,0.4242737591266632,0.46956226229667664,0.8029197080291971,0.7647058823529411
3,4,78,0.4272746741771698,0.42739227414131165,0.7956204379562044,0.7647058823529411
3,4,79,0.42200982570648193,0.4703041613101959,0.8102189781021898,0.7647058823529411
3,4,80,0.4164949953556061,0.4593145251274109,0.8102189781021898,0.7647058823529411
3,4,81,0.42627599835395813,0.4278680682182312,0.781021897810219,0.7941176470588235
3,4,82,0.4125749170780182,0.4523949921131134,0.8029197080291971,0.7647058823529411
3,4,83,0.4108400046825409,0.4565708339214325,0.8175182481751825,0.7647058823529411
3,4,84,0.40966174006462097,0.4376896619796753,0.8102189781021898,0.7941176470588235
3,4,85,0.4130098223686218,0.46765434741973877,0.8102189781021898,0.7647058823529411
3,4,86,0.4129903316497803,0.4313942492008209,0.8102189781021898,0.7941176470588235
3,4,87,0.40809813141822815,0.4512789249420166,0.8175182481751825,0.7647058823529411
3,4,88,0.4142480492591858,0.47832801938056946,0.8029197080291971,0.7647058823529411
3,4,89,0.40778234601020813,0.4369875490665436,0.8029197080291971,0.7941176470588235
3,4,90,0.40593045949935913,0.46633458137512207,0.8102189781021898,0.7647058823529411
3,4,91,0.40282124280929565,0.45418626070022583,0.8029197080291971,0.7647058823529411
3,4,92,0.4010635316371918,0.4488281309604645,0.7883211678832117,0.7352941176470589
3,4,93,0.3989484906196594,0.4531753361225128,0.8029197080291971,0.7647058823529411
3,4,94,0.398700088262558,0.44232457876205444,0.7956204379562044,0.7647058823529411
3,4,95,0.412391722202301,0.49589309096336365,0.8102189781021898,0.7647058823529411
3,4,96,0.41356414556503296,0.42781177163124084,0.781021897810219,0.8235294117647058
3,4,97,0.430988609790802,0.5346187353134155,0.8102189781021898,0.7352941176470589
3,4,98,0.3958437442779541,0.4576522409915924,0.8102189781021898,0.7647058823529411
3,4,99,0.4430640935897827,0.4355611205101013,0.8029197080291971,0.7647058823529411
3,4,100,0.4097714126110077,0.49577078223228455,0.8102189781021898,0.7647058823529411
3,5,1,0.6038420796394348,0.5869647860527039,0.7226277372262774,0.7352941176470589
3,5,2,0.5899454355239868,0.5778423547744751,0.7226277372262774,0.7352941176470589
3,5,3,0.5911896228790283,0.580950915813446,0.7226277372262774,0.7352941176470589
3,5,4,0.5884442925453186,0.5769019722938538,0.7226277372262774,0.7352941176470589
3,5,5,0.5881818532943726,0.5747634172439575,0.7226277372262774,0.7352941176470589
3,5,6,0.5874701738357544,0.5736976265907288,0.7226277372262774,0.7352941176470589
3,5,7,0.5848559141159058,0.5724197030067444,0.7226277372262774,0.7352941176470589
3,5,8,0.5844897031784058,0.5739797949790955,0.7226277372262774,0.7352941176470589
3,5,9,0.5830456018447876,0.5725778341293335,0.7226277372262774,0.7352941176470589
3,5,10,0.5802058577537537,0.5684666633605957,0.7226277372262774,0.7352941176470589
3,5,11,0.5789194703102112,0.5650521516799927,0.7226277372262774,0.7352941176470589
3,5,12,0.5772097706794739,0.5628930926322937,0.7226277372262774,0.7352941176470589
3,5,13,0.5740283727645874,0.5608582496643066,0.7226277372262774,0.7352941176470589
3,5,14,0.572056233882904,0.5607681274414062,0.7226277372262774,0.7352941176470589
3,5,15,0.5694191455841064,0.5581050515174866,0.7226277372262774,0.7352941176470589
3,5,16,0.5657967925071716,0.5527741312980652,0.7226277372262774,0.7352941176470589
3,5,17,0.5627877712249756,0.54725182056427,0.7226277372262774,0.7352941176470589
3,5,18,0.558976411819458,0.5423244833946228,0.7226277372262774,0.7352941176470589
3,5,19,0.5544124841690063,0.5398852825164795,0.7226277372262774,0.7352941176470589
3,5,20,0.5510550141334534,0.5385251045227051,0.7226277372262774,0.7352941176470589
3,5,21,0.5455498695373535,0.5303171873092651,0.7226277372262774,0.7352941176470589
3,5,22,0.5404742360115051,0.5199735164642334,0.7226277372262774,0.7352941176470589
3,5,23,0.534453272819519,0.512881338596344,0.7226277372262774,0.7352941176470589
3,5,24,0.5289252400398254,0.5102881193161011,0.7226277372262774,0.7352941176470589
3,5,25,0.5232654213905334,0.5017011165618896,0.7226277372262774,0.7352941176470589
3,5,26,0.517961323261261,0.49155393242836,0.7226277372262774,0.7352941176470589
3,5,27,0.5127350091934204,0.48463428020477295,0.7226277372262774,0.7352941176470589
3,5,28,0.5088324546813965,0.4848780930042267,0.7226277372262774,0.7352941176470589
3,5,29,0.5036813616752625,0.4706781506538391,0.7226277372262774,0.7352941176470589
3,5,30,0.4992055296897888,0.4637008011341095,0.7299270072992701,0.7352941176470589
3,5,31,0.4972199499607086,0.4695294201374054,0.7664233576642335,0.7647058823529411
3,5,32,0.49274855852127075,0.4543145000934601,0.7372262773722628,0.7647058823529411
3,5,33,0.49293774366378784,0.44936975836753845,0.7372262773722628,0.7647058823529411
3,5,34,0.4914262294769287,0.4664445221424103,0.7883211678832117,0.7941176470588235
3,5,35,0.4846630096435547,0.45182541012763977,0.7883211678832117,0.7941176470588235
3,5,36,0.4847441017627716,0.4439808428287506,0.7883211678832117,0.8529411764705882
3,5,37,0.4806477427482605,0.4471709728240967,0.7883211678832117,0.7941176470588235
3,5,38,0.4810721278190613,0.45550093054771423,0.7883211678832117,0.7941176470588235
3,5,39,0.4777209460735321,0.44392088055610657,0.7883211678832117,0.7941176470588235
3,5,40,0.47584086656570435,0.4418182373046875,0.7883211678832117,0.7941176470588235
3,5,41,0.47323429584503174,0.4506778419017792,0.7883211678832117,0.7941176470588235
3,5,42,0.4699568450450897,0.4487340748310089,0.7883211678832117,0.7941176470588235
3,5,43,0.4689624011516571,0.44036510586738586,0.7883211678832117,0.7941176470588235
3,5,44,0.4660913944244385,0.44906026124954224,0.7883211678832117,0.7941176470588235
3,5,45,0.46369078755378723,0.4459071159362793,0.7883211678832117,0.7941176470588235
3,5,46,0.4636861979961395,0.439473420381546,0.7883211678832117,0.7941176470588235
3,5,47,0.4622277021408081,0.45452019572257996,0.8029197080291971,0.7941176470588235
3,5,48,0.4601250886917114,0.4386807084083557,0.7883211678832117,0.7941176470588235
3,5,49,0.45505788922309875,0.4395321011543274,0.7883211678832117,0.7941176470588235
3,5,50,0.45272859930992126,0.4451064169406891,0.8029197080291971,0.7941176470588235
3,5,51,0.4512919783592224,0.43867871165275574,0.7883211678832117,0.7941176470588235
3,5,52,0.4470953941345215,0.4434492588043213,0.8029197080291971,0.7941176470588235
3,5,53,0.44450828433036804,0.44331488013267517,0.7956204379562044,0.7941176470588235
3,5,54,0.45044925808906555,0.43522879481315613,0.7883211678832117,0.7941176470588235
3,5,55,0.44566798210144043,0.45778602361679077,0.7664233576642335,0.7941176470588235
3,5,56,0.43964725732803345,0.4366445541381836,0.8029197080291971,0.7941176470588235
3,5,57,0.44070929288864136,0.4339912235736847,0.7956204379562044,0.7941176470588235
3,5,58,0.4450324475765228,0.4641794264316559,0.7664233576642335,0.8235294117647058
3,5,59,0.44024378061294556,0.43246135115623474,0.7956204379562044,0.7941176470588235
3,5,60,0.43019774556159973,0.4362093508243561,0.7956204379562044,0.7941176470588235
3,5,61,0.43914273381233215,0.4594409167766571,0.781021897810219,0.8529411764705882
3,5,62,0.43456313014030457,0.43206503987312317,0.8029197080291971,0.7941176470588235
3,5,63,0.4298180341720581,0.42969074845314026,0.8029197080291971,0.7941176470588235
3,5,64,0.42955493927001953,0.44445890188217163,0.781021897810219,0.8529411764705882
3,5,65,0.42670196294784546,0.4277501106262207,0.7956204379562044,0.7941176470588235
3,5,66,0.42226848006248474,0.43072059750556946,0.7883211678832117,0.7941176470588235
3,5,67,0.4218757450580597,0.4310210645198822,0.7883211678832117,0.7941176470588235
3,5,68,0.42147648334503174,0.4378824234008789,0.7591240875912408,0.7941176470588235
3,5,69,0.4185728132724762,0.4287741482257843,0.7883211678832117,0.7941176470588235
3,5,70,0.4164935350418091,0.4288954436779022,0.781021897810219,0.7941176470588235
3,5,71,0.4159439206123352,0.43401533365249634,0.7591240875912408,0.7941176470588235
3,5,72,0.414823979139328,0.43249043822288513,0.7737226277372263,0.7941176470588235
3,5,73,0.4136214852333069,0.4349883496761322,0.781021897810219,0.7941176470588235
3,5,74,0.41266074776649475,0.43558892607688904,0.781021897810219,0.7941176470588235
3,5,75,0.4117535352706909,0.4435512125492096,0.7737226277372263,0.7941176470588235
3,5,76,0.4106287658214569,0.4314879775047302,0.7956204379562044,0.7941176470588235
3,5,77,0.4110097587108612,0.4483177661895752,0.7883211678832117,0.8235294117647058
3,5,78,0.42052605748176575,0.4328981339931488,0.8029197080291971,0.7941176470588235
3,5,79,0.41030755639076233,0.44978058338165283,0.7883211678832117,0.8235294117647058
3,5,80,0.41118311882019043,0.4542420506477356,0.7737226277372263,0.8235294117647058
3,5,81,0.4219299256801605,0.43534934520721436,0.8029197080291971,0.7941176470588235
3,5,82,0.4046550691127777,0.44669511914253235,0.7956204379562044,0.8235294117647058
3,5,83,0.4032203257083893,0.4424183666706085,0.781021897810219,0.8235294117647058
3,5,84,0.4129543602466583,0.43236956000328064,0.8029197080291971,0.7941176470588235
3,5,85,0.4089406132698059,0.4565422236919403,0.7883211678832117,0.8235294117647058
3,5,86,0.40097829699516296,0.43287280201911926,0.7956204379562044,0.7941176470588235
3,5,87,0.39863327145576477,0.4333253502845764,0.8029197080291971,0.8235294117647058
3,5,88,0.4057067930698395,0.46165528893470764,0.7956204379562044,0.7941176470588235
3,5,89,0.3975055515766144,0.4404333233833313,0.7883211678832117,0.7647058823529411
3,5,90,0.3974902331829071,0.4364772140979767,0.7956204379562044,0.7941176470588235
3,5,91,0.393410861492157,0.4446890354156494,0.8029197080291971,0.8235294117647058
3,5,92,0.39197567105293274,0.44231826066970825,0.7956204379562044,0.8235294117647058
3,5,93,0.39127665758132935,0.439814954996109,0.781021897810219,0.7941176470588235
3,5,94,0.39078855514526367,0.43756553530693054,0.7883211678832117,0.8235294117647058
3,5,95,0.3908844292163849,0.44522958993911743,0.8102189781021898,0.8235294117647058
3,5,96,0.3953762352466583,0.4390522539615631,0.8029197080291971,0.8235294117647058
3,5,97,0.3894350826740265,0.4495314955711365,0.8102189781021898,0.8235294117647058
3,5,98,0.3879006803035736,0.4469079375267029,0.8029197080291971,0.8235294117647058
3,5,99,0.38720938563346863,0.4413513243198395,0.781021897810219,0.8235294117647058
3,5,100,0.3853672444820404,0.44293129444122314,0.7956204379562044,0.8235294117647058
4,1,1,0.611423909664154,0.6322758793830872,0.7279411764705882,0.7142857142857143
4,1,2,0.5849800705909729,0.5984644293785095,0.7279411764705882,0.7142857142857143
4,1,3,0.5904125571250916,0.6016676425933838,0.7279411764705882,0.7142857142857143
4,1,4,0.5843661427497864,0.5986937880516052,0.7279411764705882,0.7142857142857143
4,1,5,0.584297239780426,0.6033620834350586,0.7279411764705882,0.7142857142857143
4,1,6,0.5846315026283264,0.6059193015098572,0.7279411764705882,0.7142857142857143
4,1,7,0.5803537964820862,0.6012018322944641,0.7279411764705882,0.7142857142857143
4,1,8,0.5796659588813782,0.5994933843612671,0.7279411764705882,0.7142857142857143
4,1,9,0.5796707272529602,0.6001238822937012,0.7279411764705882,0.7142857142857143
4,1,10,0.5772329568862915,0.6001029014587402,0.7279411764705882,0.7142857142857143
4,1,11,0.574145495891571,0.601102888584137,0.7279411764705882,0.7142857142857143
4,1,12,0.5733486413955688,0.6050466299057007,0.7279411764705882,0.7142857142857143
4,1,13,0.5719355344772339,0.6071343421936035,0.7279411764705882,0.7142857142857143
4,1,14,0.5683354735374451,0.6053153872489929,0.7279411764705882,0.7142857142857143
4,1,15,0.5653499960899353,0.6028966903686523,0.7279411764705882,0.7142857142857143
4,1,16,0.5635449886322021,0.6029664278030396,0.7279411764705882,0.7142857142857143
4,1,17,0.5599045753479004,0.6039376258850098,0.7279411764705882,0.7142857142857143
4,1,18,0.5554993748664856,0.6062825322151184,0.7279411764705882,0.7142857142857143
4,1,19,0.5520516037940979,0.6106261014938354,0.7279411764705882,0.7142857142857143
4,1,20,0.5468846559524536,0.6116204261779785,0.7279411764705882,0.7142857142857143
4,1,21,0.5411858558654785,0.6113526225090027,0.7279411764705882,0.7142857142857143
4,1,22,0.5355023145675659,0.613629162311554,0.7279411764705882,0.7142857142857143
4,1,23,0.5288163423538208,0.6173862814903259,0.7279411764705882,0.7142857142857143
4,1,24,0.522148609161377,0.6240334510803223,0.7279411764705882,0.7142857142857143
4,1,25,0.5156019926071167,0.6307512521743774,0.7279411764705882,0.7142857142857143
4,1,26,0.5073330998420715,0.6355354189872742,0.7279411764705882,0.7142857142857143
4,1,27,0.49974238872528076,0.6436923146247864,0.7279411764705882,0.7142857142857143
4,1,28,0.4927472472190857,0.6540374755859375,0.7279411764705882,0.7142857142857143
4,1,29,0.4859984219074249,0.6616014838218689,0.7279411764705882,0.7142857142857143
4,1,30,0.47938257455825806,0.6740646362304688,0.7279411764705882,0.7142857142857143
4,1,31,0.47349807620048523,0.6824118494987488,0.7279411764705882,0.7142857142857143
4,1,32,0.46812957525253296,0.6945323944091797,0.7352941176470589,0.7142857142857143
4,1,33,0.4630730152130127,0.7045344710350037,0.7647058823529411,0.7142857142857143
4,1,34,0.4586523175239563,0.7292963862419128,0.7647058823529411,0.7142857142857143
4,1,35,0.45370858907699585,0.737307071685791,0.7647058823529411,0.6857142857142857
4,1,36,0.4523541033267975,0.7384931445121765,0.7720588235294118,0.7428571428571429
4,1,37,0.4579698443412781,0.7807556390762329,0.7573529411764706,0.7142857142857143
4,1,38,0.44964826107025146,0.7529390454292297,0.7720588235294118,0.7142857142857143
4,1,39,0.44196847081184387,0.7738320827484131,0.7720588235294118,0.7428571428571429
4,1,40,0.4484104812145233,0.8162319660186768,0.7720588235294118,0.6857142857142857
4,1,41,0.44931745529174805,0.7831099629402161,0.7941176470588235,0.6285714285714286
4,1,42,0.43403691053390503,0.8139578700065613,0.7794117647058824,0.7142857142857143
4,1,43,0.44411447644233704,0.8558832406997681,0.7720588235294118,0.7428571428571429
4,1,44,0.43354085087776184,0.8190149068832397,0.7794117647058824,0.6857142857142857
4,1,45,0.42654675245285034,0.8349871039390564,0.7794117647058824,0.6857142857142857
4,1,46,0.4421984553337097,0.89002525806427,0.7720588235294118,0.7428571428571429
4,1,47,0.42534807324409485,0.839617908000946,0.7941176470588235,0.6857142857142857
4,1,48,0.42603299021720886,0.8404138684272766,0.8014705882352942,0.6285714285714286
4,1,49,0.4323907792568207,0.8897098302841187,0.7794117647058824,0.7428571428571429
4,1,50,0.416314035654068,0.8612467050552368,0.7794117647058824,0.6857142857142857
4,1,51,0.4311731159687042,0.8460649847984314,0.7720588235294118,0.5428571428571428
4,1,52,0.41574549674987793,0.8857576847076416,0.7794117647058824,0.6857142857142857
4,1,53,0.421501100063324,0.9064289927482605,0.7720588235294118,0.7142857142857143
4,1,54,0.4147394001483917,0.8611423969268799,0.7941176470588235,0.5714285714285714
4,1,55,0.4095747470855713,0.8662779331207275,0.8088235294117647,0.6
4,1,56,0.41643837094306946,0.9041104316711426,0.7720588235294118,0.6857142857142857
4,1,57,0.4049782454967499,0.8748403191566467,0.7794117647058824,0.6857142857142857
4,1,58,0.404035359621048,0.8693177103996277,0.8014705882352942,0.6285714285714286
4,1,59,0.40213292837142944,0.888181746006012,0.7867647058823529,0.6857142857142857
4,1,60,0.3987301290035248,0.8903234004974365,0.7867647058823529,0.6571428571428571
4,1,61,0.39785036444664,0.8856653571128845,0.8014705882352942,0.6
4,1,62,0.40101510286331177,0.9170788526535034,0.7867647058823529,0.6857142857142857
4,1,63,0.39426541328430176,0.8936176896095276,0.8235294117647058,0.5714285714285714
4,1,64,0.39051610231399536,0.9029110074043274,0.7941176470588235,0.6285714285714286
4,1,65,0.38863396644592285,0.9171141386032104,0.8014705882352942,0.6285714285714286
4,1,66,0.3936682343482971,0.9047598838806152,0.8088235294117647,0.5714285714285714
4,1,67,0.3983774185180664,0.9591134190559387,0.7867647058823529,0.6857142857142857
4,1,68,0.3853139281272888,0.9202497005462646,0.8235294117647058,0.5714285714285714
4,1,69,0.3797943890094757,0.9362156391143799,0.8014705882352942,0.6
4,1,70,0.3891443610191345,0.962020218372345,0.7941176470588235,0.6857142857142857
4,1,71,0.39164936542510986,0.9187092185020447,0.8455882352941176,0.5714285714285714
4,1,72,0.3812768757343292,0.9450557231903076,0.8014705882352942,0.6285714285714286
4,1,73,0.3775363266468048,0.9419684410095215,0.8014705882352942,0.6285714285714286
4,1,74,0.38140514492988586,0.919996440410614,0.8382352941176471,0.5714285714285714
4,1,75,0.37399977445602417,0.9453118443489075,0.7941176470588235,0.6285714285714286
4,1,76,0.37169262766838074,0.9562104344367981,0.7867647058823529,0.6
4,1,77,0.3684990704059601,0.9489728808403015,0.8382352941176471,0.6
4,1,78,0.3673155605792999,0.9564149975776672,0.8382352941176471,0.6
4,1,79,0.36656227707862854,0.9783939123153687,0.8088235294117647,0.6
4,1,80,0.3621969223022461,0.9710096120834351,0.8382352941176471,0.6285714285714286
4,1,81,0.3618263900279999,0.9831122159957886,0.8161764705882353,0.6
4,1,82,0.36293840408325195,0.9708552956581116,0.8382352941176471,0.6
4,1,83,0.3844730257987976,1.0326417684555054,0.7941176470588235,0.6571428571428571
4,1,84,0.3742500841617584,0.9606283903121948,0.875,0.5714285714285714
4,1,85,0.36263129115104675,0.9832606911659241,0.8088235294117647,0.6285714285714286
4,1,86,0.36609745025634766,0.9815994501113892,0.8014705882352942,0.6285714285714286
4,1,87,0.40481802821159363,0.9391894936561584,0.7867647058823529,0.5714285714285714
4,1,88,0.3786109983921051,0.9898317456245422,0.8014705882352942,0.6571428571428571
4,1,89,0.37305545806884766,0.9855734705924988,0.8014705882352942,0.6571428571428571
4,1,90,0.38101842999458313,0.9291850328445435,0.8676470588235294,0.5714285714285714
4,1,91,0.3538983166217804,0.9440637826919556,0.8382352941176471,0.6285714285714286
4,1,92,0.3831343352794647,0.9938008189201355,0.7867647058823529,0.6857142857142857
4,1,93,0.36383190751075745,0.9351597428321838,0.8676470588235294,0.5714285714285714
4,1,94,0.35173824429512024,0.9417615532875061,0.8676470588235294,0.6
4,1,95,0.37157517671585083,0.9962764382362366,0.8014705882352942,0.6571428571428571
4,1,96,0.34559115767478943,0.9406335949897766,0.8529411764705882,0.6
4,1,97,0.3513026237487793,0.9322293996810913,0.8676470588235294,0.6
4,1,98,0.3498917818069458,0.9616705775260925,0.8161764705882353,0.6
4,1,99,0.34348785877227783,0.938737690448761,0.8602941176470589,0.6
4,1,100,0.3468121290206909,0.9326112866401672,0.8676470588235294,0.6
4,2,1,0.6094411611557007,0.5913536548614502,0.7226277372262774,0.7352941176470589
4,2,2,0.5905989408493042,0.5790666341781616,0.7226277372262774,0.7352941176470589
4,2,3,0.5927791595458984,0.5824229121208191,0.7226277372262774,0.7352941176470589
4,2,4,0.5896202325820923,0.5773067474365234,0.7226277372262774,0.7352941176470589
4,2,5,0.5904137492179871,0.5754935145378113,0.7226277372262774,0.7352941176470589
4,2,6,0.5901498198509216,0.5745388865470886,0.7226277372262774,0.7352941176470589
4,2,7,0.5878762602806091,0.5731072425842285,0.7226277372262774,0.7352941176470589
4,2,8,0.587965190410614,0.5747476816177368,0.7226277372262774,0.7352941176470589
4,2,9,0.5880430936813354,0.5748066902160645,0.7226277372262774,0.7352941176470589
4,2,10,0.5859569311141968,0.570981502532959,0.7226277372262774,0.7352941176470589
4,2,11,0.5852280259132385,0.5678220987319946,0.7226277372262774,0.7352941176470589
4,2,12,0.5843966007232666,0.5660751461982727,0.7226277372262774,0.7352941176470589
4,2,13,0.5830937623977661,0.5645593404769897,0.7226277372262774,0.7352941176470589
4,2,14,0.5819772481918335,0.5636695623397827,0.7226277372262774,0.7352941176470589
4,2,15,0.5811694860458374,0.5632685422897339,0.7226277372262774,0.7352941176470589
4,2,16,0.5797581076622009,0.5608097314834595,0.7226277372262774,0.7352941176470589
4,2,17,0.5780092477798462,0.5567057132720947,0.7226277372262774,0.7352941176470589
4,2,18,0.5769626498222351,0.5533145666122437,0.7226277372262774,0.7352941176470589
4,2,19,0.5750407576560974,0.5503636598587036,0.7226277372262774,0.7352941176470589
4,2,20,0.5726537108421326,0.5477805733680725,0.7226277372262774,0.7352941176470589
4,2,21,0.5706527829170227,0.5461679100990295,0.7226277372262774,0.7352941176470589
4,2,22,0.5684191584587097,0.5431419014930725,0.7226277372262774,0.7352941176470589
4,2,23,0.5648868680000305,0.5348198413848877,0.7226277372262774,0.7352941176470589
4,2,24,0.5624384880065918,0.5277253985404968,0.7226277372262774,0.7352941176470589
4,2,25,0.5588136315345764,0.5235558152198792,0.7226277372262774,0.7352941176470589
4,2,26,0.5555210709571838,0.5211369395256042,0.7226277372262774,0.7352941176470589
4,2,27,0.5515767931938171,0.5135318040847778,0.7226277372262774,0.7352941176470589
4,2,28,0.5478075742721558,0.5055398344993591,0.7226277372262774,0.7352941176470589
4,2,29,0.5435847043991089,0.4984596371650696,0.7226277372262774,0.7352941176470589
4,2,30,0.5391547083854675,0.49313488602638245,0.7226277372262774,0.7352941176470589
4,2,31,0.5347020626068115,0.48390141129493713,0.7226277372262774,0.7352941176470589
4,2,32,0.5329448580741882,0.4708409607410431,0.7226277372262774,0.7352941176470589
4,2,33,0.5272743701934814,0.4733985960483551,0.7226277372262774,0.7352941176470589
4,2,34,0.5250033736228943,0.4720451831817627,0.7226277372262774,0.7352941176470589
4,2,35,0.5229321718215942,0.45499637722969055,0.7226277372262774,0.7352941176470589
4,2,36,0.519196093082428,0.4521060585975647,0.7226277372262774,0.7352941176470589
4,2,37,0.5195456147193909,0.46956193447113037,0.7226277372262774,0.7352941176470589
4,2,38,0.5137958526611328,0.4486064910888672,0.7226277372262774,0.7352941176470589
4,2,39,0.5134856104850769,0.4412510097026825,0.7226277372262774,0.7352941176470589
4,2,40,0.5096766948699951,0.45213067531585693,0.7299270072992701,0.8235294117647058
4,2,41,0.508172869682312,0.4510243237018585,0.7299270072992701,0.8529411764705882
4,2,42,0.5055202841758728,0.43707963824272156,0.7299270072992701,0.8235294117647058
4,2,43,0.5050261616706848,0.4329228699207306,0.7299270072992701,0.8529411764705882
4,2,44,0.5061683058738708,0.4570542573928833,0.7372262773722628,0.8529411764705882
4,2,45,0.499706894159317,0.42962828278541565,0.7591240875912408,0.8823529411764706
4,2,46,0.4959700107574463,0.43330705165863037,0.7518248175182481,0.8529411764705882
4,2,47,0.5013439059257507,0.4524855315685272,0.7445255474452555,0.8529411764705882
4,2,48,0.49950653314590454,0.41990864276885986,0.7591240875912408,0.8823529411764706
4,2,49,0.4901807904243469,0.4206644296646118,0.7518248175182481,0.8529411764705882
4,2,50,0.4957888424396515,0.4449830949306488,0.7518248175182481,0.8529411764705882
4,2,51,0.4881036579608917,0.4174584746360779,0.7518248175182481,0.8529411764705882
4,2,52,0.4843907058238983,0.42277297377586365,0.7445255474452555,0.8529411764705882
4,2,53,0.4822656214237213,0.4183289110660553,0.7445255474452555,0.8529411764705882
4,2,54,0.48052042722702026,0.4206398129463196,0.7518248175182481,0.8529411764705882
4,2,55,0.48215094208717346,0.4282892942428589,0.7591240875912408,0.8529411764705882
4,2,56,0.4805636405944824,0.41105690598487854,0.7518248175182481,0.8529411764705882
4,2,57,0.4750482141971588,0.41397717595100403,0.7445255474452555,0.8529411764705882
4,2,58,0.47385382652282715,0.42323437333106995,0.7518248175182481,0.8529411764705882
4,2,59,0.47017809748649597,0.40985947847366333,0.7591240875912408,0.8529411764705882
4,2,60,0.46730881929397583,0.40752866864204407,0.7591240875912408,0.8529411764705882
4,2,61,0.4653589725494385,0.4088993966579437,0.7591240875912408,0.8529411764705882
4,2,62,0.46467944979667664,0.4041250944137573,0.7591240875912408,0.8529411764705882
4,2,63,0.46830108761787415,0.4251306354999542,0.7591240875912408,0.8529411764705882
4,2,64,0.46975797414779663,0.3973410725593567,0.7445255474452555,0.8529411764705882
4,2,65,0.45964378118515015,0.40866002440452576,0.7591240875912408,0.8529411764705882
4,2,66,0.4577132761478424,0.4047617018222809,0.7664233576642335,0.8529411764705882
4,2,67,0.4641934931278229,0.3912583589553833,0.7591240875912408,0.8529411764705882
4,2,68,0.45374882221221924,0.40702277421951294,0.7518248175182481,0.8529411764705882
4,2,69,0.45323777198791504,0.4133448898792267,0.7445255474452555,0.8235294117647058
4,2,70,0.47501006722450256,0.40099623799324036,0.7518248175182481,0.8529411764705882
4,2,71,0.46317172050476074,0.43254926800727844,0.7664233576642335,0.8235294117647058
4,2,72,0.446414053440094,0.4086942672729492,0.7445255474452555,0.7941176470588235
4,2,73,0.451003760099411,0.3960188627243042,0.7591240875912408,0.8529411764705882
4,2,74,0.4414704442024231,0.4048708975315094,0.7518248175182481,0.7941176470588235
4,2,75,0.4401538074016571,0.4001498520374298,0.7591240875912408,0.8235294117647058
4,2,76,0.4412771463394165,0.39669540524482727,0.7591240875912408,0.8529411764705882
4,2,77,0.4427279829978943,0.4153292179107666,0.7518248175182481,0.7941176470588235
4,2,78,0.4388926029205322,0.3981570601463318,0.7664233576642335,0.8529411764705882
4,2,79,0.4376251697540283,0.3985334634780884,0.7664233576642335,0.8529411764705882
4,2,80,0.4404522180557251,0.4250603914260864,0.7664233576642335,0.7941176470588235
4,2,81,0.4354044198989868,0.39567825198173523,0.7664233576642335,0.8529411764705882
4,2,82,0.4284083843231201,0.3938232362270355,0.7737226277372263,0.8235294117647058
4,2,83,0.4341256022453308,0.41493967175483704,0.7737226277372263,0.8529411764705882
4,2,84,0.4284016788005829,0.38909101486206055,0.7737226277372263,0.8529411764705882
4,2,85,0.42418015003204346,0.3936499357223511,0.7737226277372263,0.8235294117647058
4,2,86,0.43436020612716675,0.4256790280342102,0.781021897810219,0.8529411764705882
4,2,87,0.4342169463634491,0.39345788955688477,0.7591240875912408,0.8529411764705882
4,2,88,0.42726263403892517,0.41475948691368103,0.781021897810219,0.8529411764705882
4,2,89,0.41968125104904175,0.3920377194881439,0.7664233576642335,0.8235294117647058
4,2,90,0.42878711223602295,0.3876301944255829,0.7591240875912408,0.8529411764705882
4,2,91,0.42880141735076904,0.425285667181015,0.7664233576642335,0.8529411764705882
4,2,92,0.42644330859184265,0.39631107449531555,0.7591240875912408,0.8529411764705882
4,2,93,0.4158198833465576,0.4152049124240875,0.7591240875912408,0.8235294117647058
4,2,94,0.4123532772064209,0.4156312346458435,0.7737226277372263,0.7941176470588235
4,2,95,0.41240501403808594,0.4040509760379791,0.7737226277372263,0.8235294117647058
4,2,96,0.4082546830177307,0.40635910630226135,0.7883211678832117,0.7941176470588235
4,2,97,0.4077399671077728,0.3983214199542999,0.7883211678832117,0.8235294117647058
4,2,98,0.4068759083747864,0.40449777245521545,0.7956204379562044,0.7647058823529411
4,2,99,0.40522637963294983,0.39939919114112854,0.781021897810219,0.7941176470588235
4,2,100,0.40919142961502075,0.38572850823402405,0.781021897810219,0.8235294117647058
4,3,1,0.600243866443634,0.5840988159179688,0.7226277372262774,0.7352941176470589
4,3,2,0.590831995010376,0.5794961452484131,0.7226277372262774,0.7352941176470589
4,3,3,0.5917751789093018,0.5811247825622559,0.7226277372262774,0.7352941176470589
4,3,4,0.5899479389190674,0.5762484073638916,0.7226277372262774,0.7352941176470589
4,3,5,0.5903529524803162,0.5756417512893677,0.7226277372262774,0.7352941176470589
4,3,6,0.588036060333252,0.5751036405563354,0.7226277372262774,0.7352941176470589
4,3,7,0.5882113575935364,0.5762255191802979,0.7226277372262774,0.7352941176470589
4,3,8,0.5867986083030701,0.5738192200660706,0.7226277372262774,0.7352941176470589
4,3,9,0.5861907005310059,0.5713629126548767,0.7226277372262774,0.7352941176470589
4,3,10,0.5861544609069824,0.5702565908432007,0.7226277372262774,0.7352941176470589
4,3,11,0.5844374299049377,0.5690739154815674,0.7226277372262774,0.7352941176470589
4,3,12,0.5833258032798767,0.5688916444778442,0.7226277372262774,0.7352941176470589
4,3,13,0.5825916528701782,0.5684586763381958,0.7226277372262774,0.7352941176470589
4,3,14,0.5810883045196533,0.5657872557640076,0.7226277372262774,0.7352941176470589
4,3,15,0.5798588991165161,0.5631914138793945,0.7226277372262774,0.7352941176470589
4,3,16,0.5784576535224915,0.5609633326530457,0.7226277372262774,0.7352941176470589
4,3,17,0.5764474868774414,0.5598993897438049,0.7226277372262774,0.7352941176470589
4,3,18,0.5752730369567871,0.5596678853034973,0.7226277372262774,0.7352941176470589
4,3,19,0.5734940767288208,0.5578289031982422,0.7226277372262774,0.7352941176470589
4,3,20,0.5698261857032776,0.551636278629303,0.7226277372262774,0.7352941176470589
4,3,21,0.5668533444404602,0.5460758209228516,0.7226277372262774,0.7352941176470589
4,3,22,0.5634651780128479,0.5413926243782043,0.7226277372262774,0.7352941176470589
4,3,23,0.5589502453804016,0.5376027226448059,0.7226277372262774,0.7352941176470589
4,3,24,0.5547943115234375,0.5354195237159729,0.7226277372262774,0.7352941176470589
4,3,25,0.550358772277832,0.5302119255065918,0.7226277372262774,0.7352941176470589
4,3,26,0.5458840727806091,0.5202641487121582,0.7226277372262774,0.7352941176470589
4,3,27,0.5399030447006226,0.5168048739433289,0.7226277372262774,0.7352941176470589
4,3,28,0.5357801914215088,0.517687201499939,0.7226277372262774,0.7352941176470589
4,3,29,0.5296149849891663,0.5097665786743164,0.7226277372262774,0.7352941176470589
4,3,30,0.5279974341392517,0.4993021488189697,0.7226277372262774,0.7352941176470589
4,3,31,0.5193895697593689,0.5006019473075867,0.7226277372262774,0.7352941176470589
4,3,32,0.5163971781730652,0.5071097612380981,0.7372262773722628,0.7941176470588235
4,3,33,0.510493814945221,0.4927360415458679,0.7372262773722628,0.7941176470588235
4,3,34,0.5086789131164551,0.488804429769516,0.7445255474452555,0.7647058823529411
4,3,35,0.5049960613250732,0.5067210793495178,0.7518248175182481,0.8235294117647058
4,3,36,0.5013526678085327,0.4878905713558197,0.7445255474452555,0.8235294117647058
4,3,37,0.49640387296676636,0.4903137981891632,0.7518248175182481,0.8235294117647058
4,3,38,0.5002536177635193,0.5139225125312805,0.7591240875912408,0.8235294117647058
4,3,39,0.4965335726737976,0.48604705929756165,0.7518248175182481,0.8235294117647058
4,3,40,0.4901067316532135,0.4880831241607666,0.7518248175182481,0.8235294117647058
4,3,41,0.49327531456947327,0.5132932066917419,0.7591240875912408,0.8235294117647058
4,3,42,0.48976579308509827,0.4848562180995941,0.7518248175182481,0.8235294117647058
4,3,43,0.48586446046829224,0.4860583543777466,0.7518248175182481,0.8235294117647058
4,3,44,0.4853428602218628,0.5102813243865967,0.7737226277372263,0.8235294117647058
4,3,45,0.47801387310028076,0.491056889295578,0.7518248175182481,0.8235294117647058
4,3,46,0.4793602526187897,0.48624172806739807,0.7518248175182481,0.8235294117647058
4,3,47,0.4741126298904419,0.4941759705543518,0.7518248175182481,0.8235294117647058
4,3,48,0.4726807475090027,0.4950578510761261,0.7591240875912408,0.8235294117647058
4,3,49,0.47174733877182007,0.48726508021354675,0.7591240875912408,0.8235294117647058
4,3,50,0.47020113468170166,0.4978497326374054,0.7664233576642335,0.8235294117647058
4,3,51,0.46670296788215637,0.4878135025501251,0.7591240875912408,0.8235294117647058
4,3,52,0.4718305468559265,0.48330503702163696,0.7591240875912408,0.8235294117647058
4,3,53,0.4658893644809723,0.5008512139320374,0.7518248175182481,0.8235294117647058
4,3,54,0.4617674946784973,0.4921256899833679,0.7591240875912408,0.8235294117647058
4,3,55,0.4737023115158081,0.48487260937690735,0.7518248175182481,0.8235294117647058
4,3,56,0.4582424461841583,0.4986567795276642,0.7664233576642335,0.8235294117647058
4,3,57,0.46172672510147095,0.5074256062507629,0.7737226277372263,0.7941176470588235
4,3,58,0.46189841628074646,0.48641031980514526,0.7591240875912408,0.8235294117647058
4,3,59,0.45270371437072754,0.49061915278434753,0.7591240875912408,0.8235294117647058
4,3,60,0.45558997988700867,0.5075772404670715,0.7737226277372263,0.7941176470588235
4,3,61,0.4508635103702545,0.48916199803352356,0.7591240875912408,0.8235294117647058
4,3,62,0.452343612909317,0.48886603116989136,0.7518248175182481,0.8235294117647058
4,3,63,0.4538068473339081,0.5167500376701355,0.7883211678832117,0.7352941176470589
4,3,64,0.4449600577354431,0.49978089332580566,0.7591240875912408,0.7941176470588235
4,3,65,0.449094295501709,0.49725526571273804,0.7591240875912408,0.8235294117647058
4,3,66,0.44479429721832275,0.5117198824882507,0.7518248175182481,0.7647058823529411
4,3,67,0.4408096373081207,0.4987339675426483,0.7518248175182481,0.7941176470588235
4,3,68,0.4421877861022949,0.48793062567710876,0.7591240875912408,0.8235294117647058
4,3,69,0.4381812810897827,0.49707379937171936,0.7737226277372263,0.7941176470588235
4,3,70,0.4356221556663513,0.4910919666290283,0.7664233576642335,0.8235294117647058
4,3,71,0.43748724460601807,0.487294465303421,0.7664233576642335,0.8235294117647058
4,3,72,0.4364681839942932,0.48665887117385864,0.7664233576642335,0.8235294117647058
4,3,73,0.4370717406272888,0.5057013034820557,0.781021897810219,0.7941176470588235
4,3,74,0.4331704080104828,0.48855704069137573,0.7737226277372263,0.8235294117647058
4,3,75,0.43309536576271057,0.4905235767364502,0.7591240875912408,0.8235294117647058
4,3,76,0.42841851711273193,0.5006899833679199,0.7883211678832117,0.7647058823529411
4,3,77,0.4313834011554718,0.5086071491241455,0.7737226277372263,0.7352941176470589
4,3,78,0.43027785420417786,0.49534061551094055,0.7664233576642335,0.8235294117647058
4,3,79,0.4251544177532196,0.49322953820228577,0.781021897810219,0.8235294117647058
4,3,80,0.44190606474876404,0.5208771228790283,0.8029197080291971,0.7058823529411765
4,3,81,0.42362841963768005,0.49449998140335083,0.781021897810219,0.7647058823529411
4,3,82,0.44572147727012634,0.4967130124568939,0.7664233576642335,0.8235294117647058
4,3,83,0.42699816823005676,0.4983365833759308,0.7883211678832117,0.7647058823529411
4,3,84,0.4272497892379761,0.49973806738853455,0.781021897810219,0.7647058823529411
4,3,85,0.4263169467449188,0.49082857370376587,0.7591240875912408,0.8235294117647058
4,3,86,0.41952720284461975,0.48586487770080566,0.7883211678832117,0.8235294117647058
4,3,87,0.4246537685394287,0.4929042160511017,0.8102189781021898,0.7941176470588235
4,3,88,0.4184803068637848,0.4835474491119385,0.7883211678832117,0.7941176470588235
4,3,89,0.43331313133239746,0.4926060438156128,0.7664233576642335,0.8235294117647058
4,3,90,0.4194285571575165,0.4973771870136261,0.7737226277372263,0.7941176470588235
4,3,91,0.4171808660030365,0.4979434311389923,0.781021897810219,0.7941176470588235
4,3,92,0.4218849539756775,0.49777570366859436,0.7591240875912408,0.8235294117647058
4,3,93,0.4092095196247101,0.48888251185417175,0.7956204379562044,0.7941176470588235
4,3,94,0.41104185581207275,0.49210038781166077,0.7883211678832117,0.7941176470588235
4,3,95,0.40660837292671204,0.4850084185600281,0.7956204379562044,0.7941176470588235
4,3,96,0.41079121828079224,0.4891469180583954,0.781021897810219,0.8235294117647058
4,3,97,0.4149109423160553,0.500229001045227,0.7883211678832117,0.7647058823529411
4,3,98,0.40453433990478516,0.4922504425048828,0.7956204379562044,0.7647058823529411
4,3,99,0.40895992517471313,0.4967847764492035,0.781021897810219,0.8235294117647058
4,3,100,0.39709246158599854,0.4956679046154022,0.8029197080291971,0.7647058823529411
4,4,1,0.5985662341117859,0.5828814506530762,0.7226277372262774,0.7352941176470589
4,4,2,0.5908920764923096,0.5799214243888855,0.7226277372262774,0.7352941176470589
4,4,3,0.5898603796958923,0.5785806179046631,0.7226277372262774,0.7352941176470589
4,4,4,0.589501142501831,0.5767980217933655,0.7226277372262774,0.7352941176470589
4,4,5,0.5882015824317932,0.5761345028877258,0.7226277372262774,0.7352941176470589
4,4,6,0.587222695350647,0.5760360956192017,0.7226277372262774,0.7352941176470589
4,4,7,0.5865559577941895,0.5758004784584045,0.7226277372262774,0.7352941176470589
4,4,8,0.585309624671936,0.5743880867958069,0.7226277372262774,0.7352941176470589
4,4,9,0.5843108296394348,0.5732914209365845,0.7226277372262774,0.7352941176470589
4,4,10,0.5831107497215271,0.572283148765564,0.7226277372262774,0.7352941176470589
4,4,11,0.5816475749015808,0.5712190270423889,0.7226277372262774,0.7352941176470589
4,4,12,0.5801454186439514,0.5703631639480591,0.7226277372262774,0.7352941176470589
4,4,13,0.5786163806915283,0.5690051913261414,0.7226277372262774,0.7352941176470589
4,4,14,0.5769956111907959,0.5675119757652283,0.7226277372262774,0.7352941176470589
4,4,15,0.5752905607223511,0.5661445260047913,0.7226277372262774,0.7352941176470589
4,4,16,0.5728987455368042,0.5642803311347961,0.7226277372262774,0.7352941176470589
4,4,17,0.5702975392341614,0.5621953010559082,0.7226277372262774,0.7352941176470589
4,4,18,0.5669793486595154,0.5596408843994141,0.7226277372262774,0.7352941176470589
4,4,19,0.5633169412612915,0.5568363070487976,0.7226277372262774,0.7352941176470589
4,4,20,0.559317946434021,0.5535690188407898,0.7226277372262774,0.7352941176470589
4,4,21,0.5549452900886536,0.5505818128585815,0.7226277372262774,0.7352941176470589
4,4,22,0.5493437647819519,0.5459323525428772,0.7226277372262774,0.7352941176470589
4,4,23,0.5440280437469482,0.540499210357666,0.7226277372262774,0.7352941176470589
4,4,24,0.5386505126953125,0.5368909239768982,0.7226277372262774,0.7352941176470589
4,4,25,0.5321995615959167,0.5318908095359802,0.7226277372262774,0.7352941176470589
4,4,26,0.5253079533576965,0.5251572728157043,0.7226277372262774,0.7352941176470589
4,4,27,0.519581139087677,0.520700216293335,0.7226277372262774,0.7352941176470589
4,4,28,0.5135312080383301,0.5157361030578613,0.7226277372262774,0.7352941176470589
4,4,29,0.5086080431938171,0.5078697204589844,0.7372262773722628,0.7352941176470589
4,4,30,0.5055673122406006,0.5112349987030029,0.7372262773722628,0.7352941176470589
4,4,31,0.501689076423645,0.5025303363800049,0.781021897810219,0.7352941176470589
4,4,32,0.49857768416404724,0.5059199929237366,0.7737226277372263,0.7352941176470589
4,4,33,0.4943828582763672,0.49950650334358215,0.7956204379562044,0.7352941176470589
4,4,34,0.49587422609329224,0.4909878969192505,0.7664233576642335,0.7352941176470589
4,4,35,0.4986906349658966,0.5192297697067261,0.7956204379562044,0.7352941176470589
4,4,36,0.48964935541152954,0.48627516627311707,0.7664233576642335,0.7352941176470589
4,4,37,0.48524123430252075,0.4859376847743988,0.7737226277372263,0.7352941176470589
4,4,38,0.49040165543556213,0.5134862661361694,0.781021897810219,0.7352941176470589
4,4,39,0.4792211949825287,0.4866771101951599,0.7737226277372263,0.7352941176470589
4,4,40,0.47791942954063416,0.48841026425361633,0.7737226277372263,0.7352941176470589
4,4,41,0.47925862669944763,0.49913519620895386,0.7737226277372263,0.7352941176470589
4,4,42,0.473749041557312,0.48825499415397644,0.7737226277372263,0.7352941176470589
4,4,43,0.47305214405059814,0.4853413999080658,0.781021897810219,0.7352941176470589
4,4,44,0.4736691117286682,0.5011819005012512,0.7737226277372263,0.7352941176470589
4,4,45,0.46711722016334534,0.48689478635787964,0.7737226277372263,0.7352941176470589
4,4,46,0.4640938937664032,0.4872221052646637,0.7737226277372263,0.7352941176470589
4,4,47,0.46288591623306274,0.4914077818393707,0.7737226277372263,0.7352941176470589
4,4,48,0.45980510115623474,0.48597997426986694,0.781021897810219,0.7647058823529411
4,4,49,0.46029984951019287,0.4959927797317505,0.7737226277372263,0.7352941176470589
4,4,50,0.4634532630443573,0.48497021198272705,0.781021897810219,0.7647058823529411
4,4,51,0.46744024753570557,0.5129421949386597,0.7737226277372263,0.7352941176470589
4,4,52,0.4534604251384735,0.4857754409313202,0.7737226277372263,0.7647058823529411
4,4,53,0.45362967252731323,0.48541584610939026,0.7883211678832117,0.7352941176470589
4,4,54,0.45158645510673523,0.4959576427936554,0.781021897810219,0.7352941176470589
4,4,55,0.44765880703926086,0.49137529730796814,0.781021897810219,0.7352941176470589
4,4,56,0.4453676640987396,0.48857003450393677,0.7883211678832117,0.7647058823529411
4,4,57,0.443261981010437,0.48968052864074707,0.781021897810219,0.7647058823529411
4,4,58,0.4426448345184326,0.4961588382720947,0.781021897810219,0.7647058823529411
4,4,59,0.4403129518032074,0.4906010925769806,0.781021897810219,0.7647058823529411
4,4,60,0.43752872943878174,0.4926474988460541,0.7883211678832117,0.7647058823529411
4,4,61,0.4385172426700592,0.5023461580276489,0.7883211678832117,0.7647058823529411
4,4,62,0.4386470317840576,0.4918738007545471,0.7883211678832117,0.7647058823529411
4,4,63,0.433206707239151,0.49632060527801514,0.7956204379562044,0.7647058823529411
4,4,64,0.43205052614212036,0.4917260408401489,0.7883211678832117,0.7647058823529411
4,4,65,0.43107447028160095,0.505031406879425,0.7883211678832117,0.7647058823529411
4,4,66,0.427507609128952,0.5018455386161804,0.7956204379562044,0.7647058823529411
4,4,67,0.43802276253700256,0.4987722933292389,0.781021897810219,0.8235294117647058
4,4,68,0.4369581937789917,0.5277268886566162,0.781021897810219,0.7352941176470589
4,4,69,0.4227087199687958,0.4969446659088135,0.7956204379562044,0.7352941176470589
4,4,70,0.42557430267333984,0.4948998689651489,0.7956204379562044,0.8235294117647058
4,4,71,0.4309951961040497,0.5253174901008606,0.781021897810219,0.7352941176470589
4,4,72,0.4207088053226471,0.49940377473831177,0.8029197080291971,0.7941176470588235
4,4,73,0.42117026448249817,0.5001667141914368,0.7956204379562044,0.8235294117647058
4,4,74,0.4255226254463196,0.526461124420166,0.781021897810219,0.7352941176470589
4,4,75,0.41466495394706726,0.5072559118270874,0.7956204379562044,0.7352941176470589
4,4,76,0.4139285087585449,0.502257764339447,0.7956204379562044,0.8235294117647058
4,4,77,0.413595974445343,0.5168380737304688,0.7956204379562044,0.7647058823529411
4,4,78,0.40997886657714844,0.5139299631118774,0.8029197080291971,0.7352941176470589
4,4,79,0.4093649387359619,0.5072757601737976,0.7883211678832117,0.8235294117647058
4,4,80,0.40865105390548706,0.5263566374778748,0.7956204379562044,0.7352941176470589
4,4,81,0.4019176661968231,0.5124034881591797,0.8175182481751825,0.8235294117647058
4,4,82,0.4051019251346588,0.5097151398658752,0.7956204379562044,0.7941176470588235
4,4,83,0.402225136756897,0.5265306830406189,0.7956204379562044,0.7352941176470589
4,4,84,0.3964433968067169,0.5179243087768555,0.8175182481751825,0.7352941176470589
4,4,85,0.4036470651626587,0.515365719795227,0.7956204379562044,0.7647058823529411
4,4,86,0.41426318883895874,0.566252589225769,0.7956204379562044,0.7352941176470589
4,4,87,0.39412492513656616,0.5167397856712341,0.8029197080291971,0.7647058823529411
4,4,88,0.3903333246707916,0.518627405166626,0.8175182481751825,0.8235294117647058
4,4,89,0.4048270881175995,0.5550531148910522,0.8102189781021898,0.7352941176470589
4,4,90,0.399045467376709,0.5192596316337585,0.7883211678832117,0.7352941176470589
4,4,91,0.3863767087459564,0.5246660113334656,0.8029197080291971,0.8235294117647058
4,4,92,0.3909135162830353,0.5401158928871155,0.8029197080291971,0.7352941176470589
4,4,93,0.39089295268058777,0.517116129398346,0.8029197080291971,0.7058823529411765
4,4,94,0.3844780921936035,0.5321096777915955,0.8175182481751825,0.7352941176470589
4,4,95,0.38418978452682495,0.5351099967956543,0.8248175182481752,0.7352941176470589
4,4,96,0.38886120915412903,0.5237327218055725,0.7956204379562044,0.7352941176470589
4,4,97,0.3820323050022125,0.5485362410545349,0.8175182481751825,0.7352941176470589
4,4,98,0.3755341172218323,0.5399443507194519,0.8175182481751825,0.8235294117647058
4,4,99,0.3808591067790985,0.5272073149681091,0.7956204379562044,0.7352941176470589
4,4,100,0.3959881365299225,0.5796151757240295,0.8029197080291971,0.7647058823529411
4,5,1,0.6326386332511902,0.6747997403144836,0.7299270072992701,0.7058823529411765
4,5,2,0.5835267305374146,0.6059222221374512,0.7299270072992701,0.7058823529411765
4,5,3,0.5983143448829651,0.6131343245506287,0.7299270072992701,0.7058823529411765
4,5,4,0.5927821397781372,0.6094430088996887,0.7299270072992701,0.7058823529411765
4,5,5,0.5826461911201477,0.605255126953125,0.7299270072992701,0.7058823529411765
4,5,6,0.5846759676933289,0.6142210960388184,0.7299270072992701,0.7058823529411765
4,5,7,0.5883079767227173,0.6207881569862366,0.7299270072992701,0.7058823529411765
4,5,8,0.5833346247673035,0.6138998866081238,0.7299270072992701,0.7058823529411765
4,5,9,0.5792492628097534,0.6057500839233398,0.7299270072992701,0.7058823529411765
4,5,10,0.580357551574707,0.6036177277565002,0.7299270072992701,0.7058823529411765
4,5,11,0.5809933543205261,0.6035870909690857,0.7299270072992701,0.7058823529411765
4,5,12,0.5786208510398865,0.6029226183891296,0.7299270072992701,0.7058823529411765
4,5,13,0.5756571888923645,0.6033045649528503,0.7299270072992701,0.7058823529411765
4,5,14,0.574712872505188,0.6060430407524109,0.7299270072992701,0.7058823529411765
4,5,15,0.5747209787368774,0.6087192296981812,0.7299270072992701,0.7058823529411765
4,5,16,0.5727818608283997,0.6068444848060608,0.7299270072992701,0.7058823529411765
4,5,17,0.5704002976417542,0.6030969023704529,0.7299270072992701,0.7058823529411765
4,5,18,0.5689921379089355,0.6003561615943909,0.7299270072992701,0.7058823529411765
4,5,19,0.5677258372306824,0.5990999937057495,0.7299270072992701,0.7058823529411765
4,5,20,0.5652725100517273,0.5985285639762878,0.7299270072992701,0.7058823529411765
4,5,21,0.5623723268508911,0.5994195938110352,0.7299270072992701,0.7058823529411765
4,5,22,0.560289204120636,0.6009697318077087,0.7299270072992701,0.7058823529411765
4,5,23,0.5576980113983154,0.6004064083099365,0.7299270072992701,0.7058823529411765
4,5,24,0.554066002368927,0.5971613526344299,0.7299270072992701,0.7058823529411765
4,5,25,0.5510321259498596,0.5933780670166016,0.7299270072992701,0.7058823529411765
4,5,26,0.5471347570419312,0.5923080444335938,0.7299270072992701,0.7058823529411765
4,5,27,0.5425518751144409,0.5933077335357666,0.7299270072992701,0.7058823529411765
4,5,28,0.5390181541442871,0.5955126285552979,0.7299270072992701,0.7058823529411765
4,5,29,0.5338556170463562,0.5909984111785889,0.7299270072992701,0.7058823529411765
4,5,30,0.5305559039115906,0.5843169093132019,0.7299270072992701,0.7058823529411765
4,5,31,0.5254202485084534,0.5844553112983704,0.7299270072992701,0.7058823529411765
4,5,32,0.5211610198020935,0.5906299352645874,0.7299270072992701,0.7058823529411765
4,5,33,0.515522837638855,0.5862622261047363,0.7299270072992701,0.7058823529411765
4,5,34,0.5123523473739624,0.5763768553733826,0.7299270072992701,0.7058823529411765
4,5,35,0.5072728991508484,0.5787584185600281,0.7299270072992701,0.7058823529411765
4,5,36,0.5049861669540405,0.5888915657997131,0.7299270072992701,0.7058823529411765
4,5,37,0.5004101395606995,0.5800420045852661,0.7299270072992701,0.7058823529411765
4,5,38,0.497016578912735,0.5772140026092529,0.7299270072992701,0.7058823529411765
4,5,39,0.49446383118629456,0.5817511081695557,0.7299270072992701,0.7058823529411765
4,5,40,0.49310022592544556,0.58841872215271,0.7372262773722628,0.7058823529411765
4,5,41,0.49593666195869446,0.5695439577102661,0.7518248175182481,0.6764705882352942
4,5,42,0.48765668272972107,0.5778324604034424,0.7591240875912408,0.6764705882352942
4,5,43,0.49043798446655273,0.6034597754478455,0.7664233576642335,0.6764705882352942
4,5,44,0.4817444682121277,0.5848619937896729,0.7591240875912408,0.6764705882352942
4,5,45,0.4836187958717346,0.5751097202301025,0.7883211678832117,0.6470588235294118
4,5,46,0.4793061912059784,0.59468013048172,0.7591240875912408,0.6764705882352942
4,5,47,0.47655415534973145,0.5957551598548889,0.7737226277372263,0.6764705882352942
4,5,48,0.4749448895454407,0.580563485622406,0.7883211678832117,0.6470588235294118
4,5,49,0.4750491976737976,0.6061373949050903,0.7591240875912408,0.6764705882352942
4,5,50,0.469192236661911,0.5897077918052673,0.7883211678832117,0.6470588235294118
4,5,51,0.46924886107444763,0.5853483080863953,0.7956204379562044,0.5882352941176471
4,5,52,0.4664355516433716,0.6045899987220764,0.781021897810219,0.6470588235294118
4,5,53,0.46279042959213257,0.6020927429199219,0.7883211678832117,0.6470588235294118
4,5,54,0.46213650703430176,0.5916405916213989,0.7883211678832117,0.6470588235294118
4,5,55,0.46239590644836426,0.6206828951835632,0.781021897810219,0.6470588235294118
4,5,56,0.45560288429260254,0.6030989289283752,0.7883211678832117,0.5882352941176471
4,5,57,0.4564119875431061,0.5984112024307251,0.7883211678832117,0.6176470588235294
4,5,58,0.45571640133857727,0.6251187920570374,0.7956204379562044,0.6176470588235294
4,5,59,0.4488042891025543,0.6096810102462769,0.7883211678832117,0.6470588235294118
4,5,60,0.4524820148944855,0.6021746397018433,0.8175182481751825,0.6176470588235294
4,5,61,0.4553094506263733,0.6459131836891174,0.7956204379562044,0.6470588235294118
4,5,62,0.44262781739234924,0.61862713098526,0.7883211678832117,0.6470588235294118
4,5,63,0.44761431217193604,0.6094974279403687,0.8248175182481752,0.5882352941176471
4,5,64,0.44368603825569153,0.6392207741737366,0.7883211678832117,0.5882352941176471
4,5,65,0.43907463550567627,0.6324843764305115,0.7883211678832117,0.6470588235294118
4,5,66,0.44249051809310913,0.6108299493789673,0.8248175182481752,0.6176470588235294
4,5,67,0.434768944978714,0.6288567185401917,0.7883211678832117,0.6470588235294118
4,5,68,0.4361097812652588,0.6408857703208923,0.7883211678832117,0.6764705882352942
4,5,69,0.439971923828125,0.6125578880310059,0.8321167883211679,0.6176470588235294
4,5,70,0.4264034628868103,0.6268091797828674,0.7956204379562044,0.6470588235294118
4,5,71,0.446236252784729,0.6746839880943298,0.7883211678832117,0.6470588235294118
4,5,72,0.42816776037216187,0.6158938407897949,0.8321167883211679,0.6176470588235294
4,5,73,0.4236423969268799,0.6192525029182434,0.8175182481751825,0.6176470588235294
4,5,74,0.44226402044296265,0.6748524904251099,0.7883211678832117,0.6176470588235294
4,5,75,0.41987910866737366,0.6207157373428345,0.8175182481751825,0.6176470588235294
4,5,76,0.42336928844451904,0.6168936491012573,0.8394160583941606,0.6176470588235294
4,5,77,0.44005799293518066,0.6765788793563843,0.7883211678832117,0.6176470588235294
4,5,78,0.4157972037792206,0.6305148005485535,0.7956204379562044,0.6764705882352942
4,5,79,0.42757102847099304,0.61295485496521,0.8467153284671532,0.6176470588235294
4,5,80,0.41182875633239746,0.621798574924469,0.8029197080291971,0.6470588235294118
4,5,81,0.42231321334838867,0.6509565711021423,0.7883211678832117,0.6764705882352942
4,5,82,0.40888142585754395,0.6141303777694702,0.8321167883211679,0.6470588235294118
4,5,83,0.4067818820476532,0.616442084312439,0.8321167883211679,0.6176470588235294
4,5,84,0.4159785509109497,0.6535136103630066,0.7883211678832117,0.6764705882352942
4,5,85,0.4007718563079834,0.6237124800682068,0.8321167883211679,0.6470588235294118
4,5,86,0.40876656770706177,0.6193838715553284,0.8394160583941606,0.6176470588235294
4,5,87,0.41035160422325134,0.6575836539268494,0.7956204379562044,0.6764705882352942
4,5,88,0.3967323899269104,0.6342206001281738,0.8102189781021898,0.6470588235294118
4,5,89,0.40493905544281006,0.6216423511505127,0.8540145985401459,0.6176470588235294
4,5,90,0.4012333154678345,0.6528991460800171,0.7956204379562044,0.6764705882352942
4,5,91,0.391721248626709,0.6336356997489929,0.8175182481751825,0.6764705882352942
4,5,92,0.4033229351043701,0.6245497465133667,0.8394160583941606,0.6176470588235294
4,5,93,0.4046315848827362,0.6696667671203613,0.7883211678832117,0.6764705882352942
4,5,94,0.38880544900894165,0.6449410915374756,0.8102189781021898,0.6764705882352942
4,5,95,0.39167800545692444,0.6225371956825256,0.8686131386861314,0.6176470588235294
4,5,96,0.38385215401649475,0.6349700689315796,0.8248175182481752,0.6764705882352942
4,5,97,0.38828352093696594,0.6491065621376038,0.7956204379562044,0.6764705882352942
4,5,98,0.38769468665122986,0.6229752898216248,0.8686131386861314,0.6470588235294118
4,5,99,0.38256874680519104,0.6522510647773743,0.8175182481751825,0.6764705882352942
4,5,100,0.37953993678092957,0.6556845307350159,0.8175182481751825,0.6764705882352942
5,1,1,0.611757755279541,0.6325485706329346,0.7279411764705882,0.7142857142857143
5,1,2,0.5853887796401978,0.598384439945221,0.7279411764705882,0.7142857142857143
5,1,3,0.5920587778091431,0.6023488640785217,0.7279411764705882,0.7142857142857143
5,1,4,0.5869346261024475,0.5991978645324707,0.7279411764705882,0.7142857142857143
5,1,5,0.5835059881210327,0.5997806191444397,0.7279411764705882,0.7142857142857143
5,1,6,0.5862760543823242,0.605576753616333,0.7279411764705882,0.7142857142857143
5,1,7,0.5825793147087097,0.6015946269035339,0.7279411764705882,0.7142857142857143
5,1,8,0.5801913142204285,0.597925066947937,0.7279411764705882,0.7142857142857143
5,1,9,0.5811089873313904,0.5982479453086853,0.7279411764705882,0.7142857142857143
5,1,10,0.5799573659896851,0.5982308387756348,0.7279411764705882,0.7142857142857143
5,1,11,0.5767154097557068,0.5974881649017334,0.7279411764705882,0.7142857142857143
5,1,12,0.5750313997268677,0.5992708802223206,0.7279411764705882,0.7142857142857143
5,1,13,0.5742360353469849,0.6010292172431946,0.7279411764705882,0.7142857142857143
5,1,14,0.5717397332191467,0.5997396111488342,0.7279411764705882,0.7142857142857143
5,1,15,0.569153904914856,0.5974639654159546,0.7279411764705882,0.7142857142857143
5,1,16,0.5674833655357361,0.5966911911964417,0.7279411764705882,0.7142857142857143
5,1,17,0.5652895569801331,0.5965800881385803,0.7279411764705882,0.7142857142857143
5,1,18,0.5617533922195435,0.5967729091644287,0.7279411764705882,0.7142857142857143
5,1,19,0.5587624907493591,0.5979396104812622,0.7279411764705882,0.7142857142857143
5,1,20,0.5558404326438904,0.5985708832740784,0.7279411764705882,0.7142857142857143
5,1,21,0.5521988868713379,0.598052978515625,0.7279411764705882,0.7142857142857143
5,1,22,0.5477063655853271,0.5962746143341064,0.7279411764705882,0.7142857142857143
5,1,23,0.5438374876976013,0.5959473848342896,0.7279411764705882,0.7142857142857143
5,1,24,0.5386027693748474,0.5958617925643921,0.7279411764705882,0.7142857142857143
5,1,25,0.5325141549110413,0.5964619517326355,0.7279411764705882,0.7142857142857143
5,1,26,0.5282584428787231,0.5986650586128235,0.7279411764705882,0.7142857142857143
5,1,27,0.5218154788017273,0.5980596542358398,0.7279411764705882,0.7142857142857143
5,1,28,0.516888439655304,0.5990599393844604,0.7279411764705882,0.7142857142857143
5,1,29,0.5115600228309631,0.5994961857795715,0.7352941176470589,0.7142857142857143
5,1,30,0.506862998008728,0.5995217561721802,0.7352941176470589,0.7142857142857143
5,1,31,0.5031178593635559,0.5993567109107971,0.7352941176470589,0.6857142857142857
5,1,32,0.49932563304901123,0.5984493494033813,0.7426470588235294,0.7142857142857143
5,1,33,0.4967021942138672,0.5966914892196655,0.7426470588235294,0.7142857142857143
5,1,34,0.4945106506347656,0.5948017835617065,0.75,0.7142857142857143
5,1,35,0.49271270632743835,0.5921948552131653,0.75,0.7142857142857143
5,1,36,0.4905064105987549,0.5915065407752991,0.7794117647058824,0.7714285714285715
5,1,37,0.4881705045700073,0.5902321934700012,0.7867647058823529,0.7714285714285715
5,1,38,0.48559990525245667,0.5877172350883484,0.7794117647058824,0.7714285714285715
5,1,39,0.48319512605667114,0.5855515599250793,0.7794117647058824,0.7714285714285715
5,1,40,0.4816036820411682,0.5836459398269653,0.7794117647058824,0.7714285714285715
5,1,41,0.4799056947231293,0.5811809301376343,0.7794117647058824,0.7714285714285715
5,1,42,0.47784221172332764,0.5789027810096741,0.7647058823529411,0.7714285714285715
5,1,43,0.475735604763031,0.5765491127967834,0.7794117647058824,0.7714285714285715
5,1,44,0.4739280045032501,0.5749731659889221,0.7647058823529411,0.7714285714285715
5,1,45,0.47245386242866516,0.5766680240631104,0.7794117647058824,0.7714285714285715
5,1,46,0.47029978036880493,0.5768386721611023,0.7720588235294118,0.7428571428571429
5,1,47,0.4678751230239868,0.577569842338562,0.7720588235294118,0.7428571428571429
5,1,48,0.4675886929035187,0.5813336372375488,0.7720588235294118,0.7714285714285715
5,1,49,0.46393975615501404,0.5796259045600891,0.7867647058823529,0.7142857142857143
5,1,50,0.4610256254673004,0.5781811475753784,0.7720588235294118,0.7428571428571429
5,1,51,0.45946991443634033,0.5734179019927979,0.7647058823529411,0.7428571428571429
5,1,52,0.4582192897796631,0.5689089298248291,0.7647058823529411,0.7714285714285715
5,1,53,0.45650196075439453,0.5663878321647644,0.7647058823529411,0.7714285714285715
5,1,54,0.45427677035331726,0.5659946203231812,0.7647058823529411,0.7428571428571429
5,1,55,0.4538903534412384,0.5674981474876404,0.7720588235294118,0.6857142857142857
5,1,56,0.4509561359882355,0.5704166293144226,0.7647058823529411,0.7428571428571429
5,1,57,0.450135737657547,0.5661298632621765,0.7720588235294118,0.6857142857142857
5,1,58,0.44557875394821167,0.5609526038169861,0.7647058823529411,0.7428571428571429
5,1,59,0.44265016913414,0.5604197978973389,0.7720588235294118,0.7428571428571429
5,1,60,0.4399476647377014,0.5585644841194153,0.7720588235294118,0.7428571428571429
5,1,61,0.4387601315975189,0.5602541565895081,0.7794117647058824,0.7428571428571429
5,1,62,0.4397927522659302,0.5638173818588257,0.7720588235294118,0.7428571428571429
5,1,63,0.43428298830986023,0.5613853335380554,0.7720588235294118,0.7142857142857143
5,1,64,0.43271690607070923,0.5628713369369507,0.7720588235294118,0.7142857142857143
5,1,65,0.4311077892780304,0.5622649192810059,0.7720588235294118,0.7142857142857143
5,1,66,0.4296964108943939,0.5619180202484131,0.7794117647058824,0.6571428571428571
5,1,67,0.43354421854019165,0.5638352632522583,0.7720588235294118,0.7428571428571429
5,1,68,0.42995485663414,0.553902268409729,0.7794117647058824,0.6285714285714286
5,1,69,0.42747920751571655,0.5487731099128723,0.7720588235294118,0.7428571428571429
5,1,70,0.4241371750831604,0.5457466840744019,0.7794117647058824,0.6857142857142857
5,1,71,0.42588725686073303,0.5500222444534302,0.7720588235294118,0.7428571428571429
5,1,72,0.4211682975292206,0.5425699353218079,0.7720588235294118,0.6857142857142857
5,1,73,0.4213508069515228,0.5436526536941528,0.7941176470588235,0.6285714285714286
5,1,74,0.42499566078186035,0.5534461736679077,0.7720588235294118,0.7428571428571429
5,1,75,0.4189186096191406,0.5454209446907043,0.8088235294117647,0.6571428571428571
5,1,76,0.41354840993881226,0.542192816734314,0.7794117647058824,0.7142857142857143
5,1,77,0.4125990569591522,0.5417516231536865,0.7794117647058824,0.7714285714285715
5,1,78,0.4111526310443878,0.5390772223472595,0.8014705882352942,0.6285714285714286
5,1,79,0.40784186124801636,0.5375100374221802,0.8014705882352942,0.6571428571428571
5,1,80,0.41136035323143005,0.547302782535553,0.7720588235294118,0.7428571428571429
5,1,81,0.4130139648914337,0.5453590154647827,0.7867647058823529,0.6857142857142857
5,1,82,0.40750446915626526,0.5545518398284912,0.7794117647058824,0.7714285714285715
5,1,83,0.40010955929756165,0.5488209128379822,0.7941176470588235,0.6285714285714286
5,1,84,0.3996537923812866,0.5479468107223511,0.8161764705882353,0.6285714285714286
5,1,85,0.42661920189857483,0.5818260312080383,0.7720588235294118,0.7428571428571429
5,1,86,0.4174489974975586,0.5532867908477783,0.8014705882352942,0.6571428571428571
5,1,87,0.39978650212287903,0.5416351556777954,0.8014705882352942,0.6285714285714286
5,1,88,0.41796621680259705,0.5706351399421692,0.7720588235294118,0.7428571428571429
5,1,89,0.39350172877311707,0.5388152003288269,0.8088235294117647,0.6285714285714286
5,1,90,0.396261602640152,0.543745756149292,0.8161764705882353,0.6571428571428571
5,1,91,0.4051668643951416,0.5689414739608765,0.7794117647058824,0.7428571428571429
5,1,92,0.38890716433525085,0.5466264486312866,0.8235294117647058,0.6285714285714286
5,1,93,0.3923472762107849,0.5492455959320068,0.7941176470588235,0.6571428571428571
5,1,94,0.3978614807128906,0.5638745427131653,0.7941176470588235,0.7428571428571429
5,1,95,0.38457226753234863,0.5469071269035339,0.8088235294117647,0.6571428571428571
5,1,96,0.3818308711051941,0.5449085831642151,0.8014705882352942,0.6285714285714286
5,1,97,0.384321004152298,0.5509466528892517,0.8014705882352942,0.7142857142857143
5,1,98,0.3812573254108429,0.5440982580184937,0.8161764705882353,0.6571428571428571
5,1,99,0.3798200488090515,0.5457813143730164,0.8235294117647058,0.6571428571428571
5,1,100,0.38301265239715576,0.5536132454872131,0.8235294117647058,0.7142857142857143
5,2,1,0.6460158228874207,0.6239391565322876,0.7226277372262774,0.7352941176470589
5,2,2,0.5902974605560303,0.5780153274536133,0.7226277372262774,0.7352941176470589
5,2,3,0.6017204523086548,0.5938891768455505,0.7226277372262774,0.7352941176470589
5,2,4,0.6017134189605713,0.5939061641693115,0.7226277372262774,0.7352941176470589
5,2,5,0.5930759310722351,0.5834112167358398,0.7226277372262774,0.7352941176470589
5,2,6,0.5887337327003479,0.5762991309165955,0.7226277372262774,0.7352941176470589
5,2,7,0.5930485725402832,0.5779847502708435,0.7226277372262774,0.7352941176470589
5,2,8,0.5947701930999756,0.5789949893951416,0.7226277372262774,0.7352941176470589
5,2,9,0.5891404747962952,0.5748428106307983,0.7226277372262774,0.7352941176470589
5,2,10,0.5862318873405457,0.5740910768508911,0.7226277372262774,0.7352941176470589
5,2,11,0.5876876711845398,0.5771532654762268,0.7226277372262774,0.7352941176470589
5,2,12,0.5886806845664978,0.5787683129310608,0.7226277372262774,0.7352941176470589
5,2,13,0.5867076516151428,0.5763306021690369,0.7226277372262774,0.7352941176470589
5,2,14,0.583514928817749,0.5718536972999573,0.7226277372262774,0.7352941176470589
5,2,15,0.5821583271026611,0.5690326690673828,0.7226277372262774,0.7352941176470589
5,2,16,0.5823014378547668,0.5680707097053528,0.7226277372262774,0.7352941176470589
5,2,17,0.5814244151115417,0.5670140385627747,0.7226277372262774,0.7352941176470589
5,2,18,0.5792980790138245,0.5655080676078796,0.7226277372262774,0.7352941176470589
5,2,19,0.5775090456008911,0.564662516117096,0.7226277372262774,0.7352941176470589
5,2,20,0.5765395164489746,0.5644702315330505,0.7226277372262774,0.7352941176470589
5,2,21,0.5752310752868652,0.5632863640785217,0.7226277372262774,0.7352941176470589
5,2,22,0.5730510950088501,0.5606553554534912,0.7226277372262774,0.7352941176470589
5,2,23,0.5707901120185852,0.5574484467506409,0.7226277372262774,0.7352941176470589
5,2,24,0.5690183043479919,0.5547934770584106,0.7226277372262774,0.7352941176470589
5,2,25,0.5669487118721008,0.5525860786437988,0.7226277372262774,0.7352941176470589
5,2,26,0.564021646976471,0.5503953099250793,0.7226277372262774,0.7352941176470589
5,2,27,0.5614687204360962,0.5488290190696716,0.7226277372262774,0.7352941176470589
5,2,28,0.5588236451148987,0.5464107394218445,0.7226277372262774,0.7352941176470589
5,2,29,0.5553473234176636,0.5425035953521729,0.7226277372262774,0.7352941176470589
5,2,30,0.5516772270202637,0.5381575226783752,0.7226277372262774,0.7352941176470589
5,2,31,0.5478830933570862,0.5342526435852051,0.7226277372262774,0.7352941176470589
5,2,32,0.5435807704925537,0.5307313799858093,0.7226277372262774,0.7352941176470589
5,2,33,0.539222002029419,0.5272899270057678,0.7226277372262774,0.7352941176470589
5,2,34,0.5349915623664856,0.5247169733047485,0.7226277372262774,0.7352941176470589
5,2,35,0.5303549766540527,0.5200212597846985,0.7226277372262774,0.7352941176470589
5,2,36,0.5269632935523987,0.5151523947715759,0.7226277372262774,0.7352941176470589
5,2,37,0.5222760438919067,0.513168215751648,0.7226277372262774,0.7352941176470589
5,2,38,0.5183358788490295,0.5133745670318604,0.7226277372262774,0.7352941176470589
5,2,39,0.5133614540100098,0.5081691145896912,0.7226277372262774,0.7352941176470589
5,2,40,0.511596143245697,0.503423273563385,0.7226277372262774,0.7352941176470589
5,2,41,0.5066199898719788,0.5033403038978577,0.7226277372262774,0.7352941176470589
5,2,42,0.5060056447982788,0.5080649256706238,0.7226277372262774,0.7352941176470589
5,2,43,0.501850962638855,0.49759191274642944,0.7226277372262774,0.7352941176470589
5,2,44,0.4971531629562378,0.497355192899704,0.7226277372262774,0.7352941176470589
5,2,45,0.49531999230384827,0.5053961277008057,0.7299270072992701,0.7647058823529411
5,2,46,0.4911763072013855,0.4977377653121948,0.7226277372262774,0.7647058823529411
5,2,47,0.4893965721130371,0.49590224027633667,0.7372262773722628,0.7647058823529411
5,2,48,0.4865141212940216,0.5005911588668823,0.7737226277372263,0.8235294117647058
5,2,49,0.48207658529281616,0.4967668652534485,0.7737226277372263,0.8235294117647058
5,2,50,0.47928664088249207,0.4953746795654297,0.7737226277372263,0.7941176470588235
5,2,51,0.4763309955596924,0.5023998022079468,0.7591240875912408,0.7941176470588235
5,2,52,0.47276750206947327,0.4968374967575073,0.7591240875912408,0.7941176470588235
5,2,53,0.4695921838283539,0.4968361556529999,0.7591240875912408,0.7941176470588235
5,2,54,0.4686153531074524,0.5083926916122437,0.7664233576642335,0.7941176470588235
5,2,55,0.46471190452575684,0.4964407682418823,0.7591240875912408,0.7941176470588235
5,2,56,0.45916739106178284,0.5014656186103821,0.7591240875912408,0.7941176470588235
5,2,57,0.4567006528377533,0.5013394355773926,0.7591240875912408,0.7941176470588235
5,2,58,0.4549883306026459,0.49893760681152344,0.7591240875912408,0.7941176470588235
5,2,59,0.45185184478759766,0.5038387179374695,0.7664233576642335,0.7941176470588235
5,2,60,0.44875192642211914,0.50291907787323,0.7664233576642335,0.7941176470588235
5,2,61,0.4462917745113373,0.5046968460083008,0.7664233576642335,0.7941176470588235
5,2,62,0.44230324029922485,0.5119246244430542,0.7664233576642335,0.7352941176470589
5,2,63,0.4413042664527893,0.5053735375404358,0.7591240875912408,0.7941176470588235
5,2,64,0.4445303678512573,0.5249561667442322,0.781021897810219,0.7058823529411765
5,2,65,0.44934988021850586,0.5139224529266357,0.7591240875912408,0.7941176470588235
5,2,66,0.4334689974784851,0.5196380019187927,0.7883211678832117,0.7058823529411765
5,2,67,0.435573935508728,0.5296409130096436,0.781021897810219,0.7058823529411765
5,2,68,0.44171202182769775,0.5219129920005798,0.7664233576642335,0.7941176470588235
5,2,69,0.4266417622566223,0.526819109916687,0.7883211678832117,0.7058823529411765
5,2,70,0.42865726351737976,0.5322874784469604,0.781021897810219,0.7058823529411765
5,2,71,0.43358027935028076,0.5252542495727539,0.7591240875912408,0.7941176470588235
5,2,72,0.41878482699394226,0.525182843208313,0.7664233576642335,0.7352941176470589
5,2,73,0.41684216260910034,0.5248587131500244,0.781021897810219,0.7352941176470589
5,2,74,0.41840529441833496,0.5269841551780701,0.7737226277372263,0.7352941176470589
5,2,75,0.4177723824977875,0.5377007722854614,0.781021897810219,0.7058823529411765
5,2,76,0.41937255859375,0.5314816832542419,0.7737226277372263,0.7647058823529411
5,2,77,0.4095984995365143,0.5353716611862183,0.7956204379562044,0.7058823529411765
5,2,78,0.40835437178611755,0.5386052131652832,0.7956204379562044,0.7058823529411765
5,2,79,0.4199325740337372,0.5416173338890076,0.7664233576642335,0.7941176470588235
5,2,80,0.41713494062423706,0.5565312504768372,0.7883211678832117,0.6764705882352942
5,2,81,0.404001921415329,0.5437483191490173,0.7883211678832117,0.7058823529411765
5,2,82,0.4075338840484619,0.5440458059310913,0.7737226277372263,0.7058823529411765
5,2,83,0.4057527184486389,0.555996835231781,0.8102189781021898,0.6764705882352942
5,2,84,0.40270817279815674,0.5466082096099854,0.781021897810219,0.7352941176470589
5,2,85,0.4006781280040741,0.5496605038642883,0.8029197080291971,0.7352941176470589
5,2,86,0.4265010356903076,0.5814995169639587,0.7664233576642335,0.6470588235294118
5,2,87,0.4111521542072296,0.5596064329147339,0.781021897810219,0.7352941176470589
5,2,88,0.39461565017700195,0.5553910136222839,0.8102189781021898,0.7058823529411765
5,2,89,0.4056505262851715,0.5720298290252686,0.7956204379562044,0.6764705882352942
5,2,90,0.40126916766166687,0.5608515739440918,0.7883211678832117,0.7352941176470589
5,2,91,0.3967936635017395,0.5542854070663452,0.7883211678832117,0.7352941176470589
5,2,92,0.42073124647140503,0.5819500088691711,0.7737226277372263,0.6176470588235294
5,2,93,0.39408084750175476,0.5517731308937073,0.8102189781021898,0.7352941176470589
5,2,94,0.40563634037971497,0.5610766410827637,0.781021897810219,0.7352941176470589
5,2,95,0.3976276218891144,0.561893105506897,0.7883211678832117,0.6764705882352942
5,2,96,0.38927778601646423,0.5530515313148499,0.8175182481751825,0.7058823529411765
5,2,97,0.40308520197868347,0.5591396689414978,0.7883211678832117,0.7647058823529411
5,2,98,0.39034175872802734,0.5518785119056702,0.8102189781021898,0.7058823529411765
5,2,99,0.39516904950141907,0.5579907894134521,0.8102189781021898,0.6764705882352942
5,2,100,0.393877238035202,0.5525670647621155,0.7883211678832117,0.7352941176470589
5,3,1,0.6179854273796082,0.598731517791748,0.7226277372262774,0.7352941176470589
5,3,2,0.5917823910713196,0.5811070799827576,0.7226277372262774,0.7352941176470589
5,3,3,0.5971708297729492,0.5883132219314575,0.7226277372262774,0.7352941176470589
5,3,4,0.5909279584884644,0.5802589654922485,0.7226277372262774,0.7352941176470589
5,3,5,0.5896416902542114,0.5763536691665649,0.7226277372262774,0.7352941176470589
5,3,6,0.5913997292518616,0.5770086050033569,0.7226277372262774,0.7352941176470589
5,3,7,0.5885751247406006,0.575322687625885,0.7226277372262774,0.7352941176470589
5,3,8,0.5868023633956909,0.5756297707557678,0.7226277372262774,0.7352941176470589
5,3,9,0.5873379111289978,0.5774391293525696,0.7226277372262774,0.7352941176470589
5,3,10,0.5864178538322449,0.5766911506652832,0.7226277372262774,0.7352941176470589
5,3,11,0.5842275023460388,0.5738109350204468,0.7226277372262774,0.7352941176470589
5,3,12,0.5828075408935547,0.5712867975234985,0.7226277372262774,0.7352941176470589
5,3,13,0.5823150277137756,0.5701034665107727,0.7226277372262774,0.7352941176470589
5,3,14,0.5807940363883972,0.5688689947128296,0.7226277372262774,0.7352941176470589
5,3,15,0.5787438154220581,0.5678284764289856,0.7226277372262774,0.7352941176470589
5,3,16,0.5772477388381958,0.5675942897796631,0.7226277372262774,0.7352941176470589
5,3,17,0.5758847594261169,0.5671612024307251,0.7226277372262774,0.7352941176470589
5,3,18,0.5735850930213928,0.564883828163147,0.7226277372262774,0.7352941176470589
5,3,19,0.5710024833679199,0.5618523955345154,0.7226277372262774,0.7352941176470589
5,3,20,0.5687879323959351,0.559226930141449,0.7226277372262774,0.7352941176470589
5,3,21,0.5657229423522949,0.5568920373916626,0.7226277372262774,0.7352941176470589
5,3,22,0.5623452067375183,0.5547742247581482,0.7226277372262774,0.7352941176470589
5,3,23,0.5589740872383118,0.5526021718978882,0.7226277372262774,0.7352941176470589
5,3,24,0.5549283623695374,0.549627959728241,0.7226277372262774,0.7352941176470589
5,3,25,0.5501514077186584,0.545076847076416,0.7226277372262774,0.7352941176470589
5,3,26,0.5455249547958374,0.5410284399986267,0.7226277372262774,0.7352941176470589
5,3,27,0.5402377843856812,0.5378340482711792,0.7226277372262774,0.7352941176470589
5,3,28,0.5353301763534546,0.5349390506744385,0.7226277372262774,0.7352941176470589
5,3,29,0.5298407673835754,0.5308066606521606,0.7226277372262774,0.7352941176470589
5,3,30,0.5245422720909119,0.5252834558486938,0.7226277372262774,0.7352941176470589
5,3,31,0.5191611647605896,0.5211053490638733,0.7226277372262774,0.7352941176470589
5,3,32,0.5144594311714172,0.5171908140182495,0.7226277372262774,0.7352941176470589
5,3,33,0.5113810896873474,0.5124767422676086,0.7226277372262774,0.7352941176470589
5,3,34,0.5068449378013611,0.5122457146644592,0.7372262773722628,0.7058823529411765
5,3,35,0.5040207505226135,0.5077127814292908,0.7372262773722628,0.7058823529411765
5,3,36,0.501181423664093,0.5064520239830017,0.781021897810219,0.7058823529411765
5,3,37,0.49971291422843933,0.50482177734375,0.781021897810219,0.7058823529411765
5,3,38,0.4978192150592804,0.5032545328140259,0.781021897810219,0.7058823529411765
5,3,39,0.4960661232471466,0.5063364505767822,0.781021897810219,0.7058823529411765
5,3,40,0.4916824996471405,0.5013498067855835,0.7883211678832117,0.7058823529411765
5,3,41,0.4892124831676483,0.5006127953529358,0.781021897810219,0.6764705882352942
5,3,42,0.48701855540275574,0.5014943480491638,0.781021897810219,0.7058823529411765
5,3,43,0.48827388882637024,0.5079001188278198,0.7737226277372263,0.6764705882352942
5,3,44,0.49162381887435913,0.5023468136787415,0.781021897810219,0.7058823529411765
5,3,45,0.4784221053123474,0.5009564757347107,0.7883211678832117,0.6764705882352942
5,3,46,0.480804443359375,0.5081844329833984,0.7664233576642335,0.6470588235294118
5,3,47,0.47469857335090637,0.49880197644233704,0.7883211678832117,0.7058823529411765
5,3,48,0.4714279770851135,0.497644305229187,0.781021897810219,0.6764705882352942
5,3,49,0.46970778703689575,0.5010433197021484,0.7737226277372263,0.6470588235294118
5,3,50,0.4675195515155792,0.49905210733413696,0.781021897810219,0.6764705882352942
5,3,51,0.4650751054286957,0.5033708214759827,0.7737226277372263,0.6764705882352942
5,3,52,0.46399369835853577,0.4996391832828522,0.781021897810219,0.6764705882352942
5,3,53,0.4628579318523407,0.500497579574585,0.781021897810219,0.6764705882352942
5,3,54,0.4599583148956299,0.510345995426178,0.7737226277372263,0.6470588235294118
5,3,55,0.45972928404808044,0.5034623742103577,0.781021897810219,0.6764705882352942
5,3,56,0.45419153571128845,0.5061734318733215,0.781021897810219,0.6764705882352942
5,3,57,0.45670947432518005,0.5153939723968506,0.7664233576642335,0.6470588235294118
5,3,58,0.45981112122535706,0.503058135509491,0.781021897810219,0.6764705882352942
5,3,59,0.4508601129055023,0.516418993473053,0.7737226277372263,0.6470588235294118
5,3,60,0.4481620192527771,0.5153537392616272,0.7737226277372263,0.6470588235294118
5,3,61,0.4629362225532532,0.5076668858528137,0.7883211678832117,0.7058823529411765
5,3,62,0.4496028423309326,0.5245391130447388,0.7883211678832117,0.6470588235294118
5,3,63,0.44361087679862976,0.5111916065216064,0.7664233576642335,0.6470588235294118
5,3,64,0.45330291986465454,0.5002381801605225,0.7883211678832117,0.6764705882352942
5,3,65,0.4408416152000427,0.5084462761878967,0.7737226277372263,0.6470588235294118
5,3,66,0.43995726108551025,0.512687623500824,0.781021897810219,0.6470588235294118
5,3,67,0.4381878972053528,0.5003489255905151,0.7591240875912408,0.6764705882352942
5,3,68,0.43588417768478394,0.5030614137649536,0.7591240875912408,0.6764705882352942
5,3,69,0.4356551468372345,0.5171018242835999,0.7883211678832117,0.6470588235294118
5,3,70,0.43175193667411804,0.5086261630058289,0.7591240875912408,0.6764705882352942
5,3,71,0.43113869428634644,0.5061393976211548,0.7591240875912408,0.6764705882352942
5,3,72,0.43742895126342773,0.5338255763053894,0.7883211678832117,0.6176470588235294
5,3,73,0.43945473432540894,0.5019050240516663,0.781021897810219,0.6764705882352942
5,3,74,0.4250967800617218,0.5095517635345459,0.7883211678832117,0.6764705882352942
5,3,75,0.43000349402427673,0.525046169757843,0.7883211678832117,0.6176470588235294
5,3,76,0.42982035875320435,0.4980403184890747,0.7591240875912408,0.6764705882352942
5,3,77,0.4210900664329529,0.5089432597160339,0.7956204379562044,0.6470588235294118
5,3,78,0.4193970561027527,0.49979108572006226,0.7883211678832117,0.6764705882352942
5,3,79,0.4192901849746704,0.5155687928199768,0.8029197080291971,0.6764705882352942
5,3,80,0.4170771539211273,0.5076000094413757,0.7956204379562044,0.6764705882352942
5,3,81,0.4162145256996155,0.5058351755142212,0.8029197080291971,0.6764705882352942
5,3,82,0.41773074865341187,0.5208339095115662,0.8102189781021898,0.6176470588235294
5,3,83,0.4209136366844177,0.4929092526435852,0.7591240875912408,0.6764705882352942
5,3,84,0.41232070326805115,0.5074619054794312,0.8029197080291971,0.6764705882352942
5,3,85,0.4129992723464966,0.497488409280777,0.8029197080291971,0.6764705882352942
5,3,86,0.4131477475166321,0.5218373537063599,0.8029197080291971,0.6470588235294118
5,3,87,0.4132346212863922,0.49777480959892273,0.7737226277372263,0.6764705882352942
5,3,88,0.4054268002510071,0.5074700713157654,0.8029197080291971,0.6764705882352942
5,3,89,0.4073387682437897,0.5209042429924011,0.8029197080291971,0.6176470588235294
5,3,90,0.4097152054309845,0.5005471706390381,0.7956204379562044,0.6764705882352942
5,3,91,0.41340553760528564,0.5382828712463379,0.7883211678832117,0.6470588235294118
5,3,92,0.412440687417984,0.49857795238494873,0.7737226277372263,0.6764705882352942
5,3,93,0.4025067985057831,0.5187287330627441,0.7956204379562044,0.6176470588235294
5,3,94,0.3995571434497833,0.5140279531478882,0.8029197080291971,0.6470588235294118
5,3,95,0.4003349840641022,0.5043015480041504,0.8175182481751825,0.6764705882352942
5,3,96,0.3985479772090912,0.5215793251991272,0.7956204379562044,0.6176470588235294
5,3,97,0.39815548062324524,0.5223320722579956,0.7956204379562044,0.6176470588235294
5,3,98,0.4067203998565674,0.5045320987701416,0.781021897810219,0.6764705882352942
5,3,99,0.413118839263916,0.5465797185897827,0.8102189781021898,0.6764705882352942
5,3,100,0.4011547267436981,0.48565953969955444,0.8029197080291971,0.6764705882352942
5,4,1,0.6293869614601135,0.6085703372955322,0.7226277372262774,0.7352941176470589
5,4,2,0.5935548543930054,0.58365398645401,0.7226277372262774,0.7352941176470589
5,4,3,0.6024422645568848,0.5948196649551392,0.7226277372262774,0.7352941176470589
5,4,4,0.5950635671615601,0.5862369537353516,0.7226277372262774,0.7352941176470589
5,4,5,0.5892543792724609,0.5774768590927124,0.7226277372262774,0.7352941176470589
5,4,6,0.5936577916145325,0.5798308849334717,0.7226277372262774,0.7352941176470589
5,4,7,0.5922462344169617,0.5791966915130615,0.7226277372262774,0.7352941176470589
5,4,8,0.5871897339820862,0.5767581462860107,0.7226277372262774,0.7352941176470589
5,4,9,0.5872216820716858,0.5789334177970886,0.7226277372262774,0.7352941176470589
5,4,10,0.5884137749671936,0.581348717212677,0.7226277372262774,0.7352941176470589
5,4,11,0.5870576500892639,0.5802732706069946,0.7226277372262774,0.7352941176470589
5,4,12,0.5842308402061462,0.577075719833374,0.7226277372262774,0.7352941176470589
5,4,13,0.5825783014297485,0.5749407410621643,0.7226277372262774,0.7352941176470589
5,4,14,0.5822528600692749,0.574480414390564,0.7226277372262774,0.7352941176470589
5,4,15,0.5816394686698914,0.5742695927619934,0.7226277372262774,0.7352941176470589
5,4,16,0.5794510841369629,0.5733658075332642,0.7226277372262774,0.7352941176470589
5,4,17,0.5776756405830383,0.5730335712432861,0.7226277372262774,0.7352941176470589
5,4,18,0.5766488909721375,0.5733152627944946,0.7226277372262774,0.7352941176470589
5,4,19,0.5752844214439392,0.5728921294212341,0.7226277372262774,0.7352941176470589
5,4,20,0.5733346343040466,0.5715787410736084,0.7226277372262774,0.7352941176470589
5,4,21,0.5715317130088806,0.5701240301132202,0.7226277372262774,0.7352941176470589
5,4,22,0.5699983239173889,0.5690409541130066,0.7226277372262774,0.7352941176470589
5,4,23,0.5682653188705444,0.5680323243141174,0.7226277372262774,0.7352941176470589
5,4,24,0.5659412145614624,0.5669956207275391,0.7226277372262774,0.7352941176470589
5,4,25,0.564010739326477,0.5662738680839539,0.7226277372262774,0.7352941176470589
5,4,26,0.5620884299278259,0.5650067925453186,0.7226277372262774,0.7352941176470589
5,4,27,0.5596608519554138,0.5624392628669739,0.7226277372262774,0.7352941176470589
5,4,28,0.5579378008842468,0.5600209832191467,0.7226277372262774,0.7352941176470589
5,4,29,0.5561750531196594,0.5577439665794373,0.7226277372262774,0.7352941176470589
5,4,30,0.5534762144088745,0.5548091530799866,0.7226277372262774,0.7352941176470589
5,4,31,0.5513115525245667,0.552544355392456,0.7226277372262774,0.7352941176470589
5,4,32,0.5487925410270691,0.548279345035553,0.7226277372262774,0.7352941176470589
5,4,33,0.5462378263473511,0.5431779026985168,0.7226277372262774,0.7352941176470589
5,4,34,0.5440346598625183,0.5381254553794861,0.7226277372262774,0.7352941176470589
5,4,35,0.5406106114387512,0.5327348709106445,0.7226277372262774,0.7352941176470589
5,4,36,0.5378686785697937,0.5270248651504517,0.7226277372262774,0.7352941176470589
5,4,37,0.5353060960769653,0.5210142135620117,0.7226277372262774,0.7352941176470589
5,4,38,0.5334354639053345,0.5152829885482788,0.7226277372262774,0.7352941176470589
5,4,39,0.5311774611473083,0.5106223821640015,0.7226277372262774,0.7352941176470589
5,4,40,0.5285244584083557,0.5044804811477661,0.7226277372262774,0.7352941176470589
5,4,41,0.5255017876625061,0.49629929661750793,0.7226277372262774,0.7352941176470589
5,4,42,0.5231783986091614,0.489544153213501,0.7226277372262774,0.7352941176470589
5,4,43,0.5208553075790405,0.4844415783882141,0.7226277372262774,0.7352941176470589
5,4,44,0.5193837881088257,0.4815254211425781,0.7226277372262774,0.7352941176470589
5,4,45,0.5179687738418579,0.47713324427604675,0.7226277372262774,0.7352941176470589
5,4,46,0.5152955651283264,0.47320377826690674,0.7226277372262774,0.7352941176470589
5,4,47,0.5145666599273682,0.4711602032184601,0.7226277372262774,0.7352941176470589
5,4,48,0.5111572742462158,0.46486854553222656,0.7226277372262774,0.7352941176470589
5,4,49,0.5117397308349609,0.46428000926971436,0.7226277372262774,0.7352941176470589
5,4,50,0.507392406463623,0.46248364448547363,0.7372262773722628,0.7352941176470589
5,4,51,0.5055263638496399,0.45788681507110596,0.7518248175182481,0.7352941176470589
5,4,52,0.5038248896598816,0.45114731788635254,0.7445255474452555,0.7352941176470589
5,4,53,0.5008460283279419,0.4462813138961792,0.7664233576642335,0.7352941176470589
5,4,54,0.4991409480571747,0.44502970576286316,0.7518248175182481,0.7352941176470589
5,4,55,0.49854081869125366,0.4447459876537323,0.7518248175182481,0.7352941176470589
5,4,56,0.49674493074417114,0.44654157757759094,0.781021897810219,0.7647058823529411
5,4,57,0.4949774742126465,0.44281888008117676,0.7737226277372263,0.7647058823529411
5,4,58,0.4938042461872101,0.44078993797302246,0.7664233576642335,0.7352941176470589
5,4,59,0.49261796474456787,0.4429313540458679,0.781021897810219,0.7647058823529411
5,4,60,0.49011552333831787,0.44127848744392395,0.7664233576642335,0.7352941176470589
5,4,61,0.48818090558052063,0.4384320080280304,0.7664233576642335,0.7647058823529411
5,4,62,0.4885323941707611,0.4409066438674927,0.7664233576642335,0.7647058823529411
5,4,63,0.4857988953590393,0.436807245016098,0.7664233576642335,0.7352941176470589
5,4,64,0.4827881455421448,0.43359601497650146,0.7737226277372263,0.7647058823529411
5,4,65,0.4839068055152893,0.4338407516479492,0.7518248175182481,0.7647058823529411
5,4,66,0.4831337332725525,0.429031103849411,0.7664233576642335,0.7647058823529411
5,4,67,0.4769139587879181,0.4225424528121948,0.7664233576642335,0.7647058823529411
5,4,68,0.4761295020580292,0.41846662759780884,0.7737226277372263,0.7647058823529411
5,4,69,0.47274166345596313,0.4139402508735657,0.7664233576642335,0.7647058823529411
5,4,70,0.4743240773677826,0.41673743724823,0.781021897810219,0.7647058823529411
5,4,71,0.4713471233844757,0.414802223443985,0.7591240875912408,0.7647058823529411
5,4,72,0.46896812319755554,0.41045740246772766,0.7591240875912408,0.7647058823529411
5,4,73,0.46807175874710083,0.4050409197807312,0.7664233576642335,0.7647058823529411
5,4,74,0.4647546112537384,0.4026552140712738,0.7445255474452555,0.7647058823529411
5,4,75,0.46343857049942017,0.3977147936820984,0.7664233576642335,0.7647058823529411
5,4,76,0.4685632288455963,0.4089987874031067,0.7591240875912408,0.7941176470588235
5,4,77,0.47255200147628784,0.4110408425331116,0.781021897810219,0.7647058823529411
5,4,78,0.45754823088645935,0.40010419487953186,0.7518248175182481,0.7647058823529411
5,4,79,0.4577433466911316,0.40221965312957764,0.7591240875912408,0.7352941176470589
5,4,80,0.47123584151268005,0.4174509346485138,0.7664233576642335,0.7352941176470589
5,4,81,0.4612974524497986,0.4097803831100464,0.7518248175182481,0.7941176470588235
5,4,82,0.45690739154815674,0.40066269040107727,0.7518248175182481,0.7941176470588235
5,4,83,0.4683539867401123,0.41278308629989624,0.7664233576642335,0.7647058823529411
5,4,84,0.45022356510162354,0.3921540677547455,0.7518248175182481,0.7352941176470589
5,4,85,0.45868977904319763,0.402981698513031,0.7591240875912408,0.8529411764705882
5,4,86,0.4596525728702545,0.40428581833839417,0.7737226277372263,0.7647058823529411
5,4,87,0.44732335209846497,0.39143678545951843,0.7518248175182481,0.7352941176470589
5,4,88,0.4481903910636902,0.393572598695755,0.7591240875912408,0.7941176470588235
5,4,89,0.4494335353374481,0.39310550689697266,0.7737226277372263,0.7647058823529411
5,4,90,0.44393762946128845,0.38545623421669006,0.7591240875912408,0.7941176470588235
5,4,91,0.449377179145813,0.3910651206970215,0.7591240875912408,0.8529411764705882
5,4,92,0.44487911462783813,0.38540756702423096,0.7518248175182481,0.7647058823529411
5,4,93,0.44579851627349854,0.38858649134635925,0.7664233576642335,0.7647058823529411
5,4,94,0.4439745247364044,0.3915645480155945,0.7591240875912408,0.8529411764705882
5,4,95,0.44150933623313904,0.3864269256591797,0.7591240875912408,0.7647058823529411
5,4,96,0.43826812505722046,0.3822248578071594,0.7591240875912408,0.7941176470588235
5,4,97,0.4384492039680481,0.3876599073410034,0.781021897810219,0.8529411764705882
5,4,98,0.4392087161540985,0.38717612624168396,0.7664233576642335,0.7647058823529411
5,4,99,0.4351236820220947,0.38227176666259766,0.7591240875912408,0.7647058823529411
5,4,100,0.4359435439109802,0.3823341429233551,0.7664233576642335,0.8529411764705882
5,5,1,0.5992102026939392,0.6330915093421936,0.7299270072992701,0.7058823529411765
5,5,2,0.582943856716156,0.606494665145874,0.7299270072992701,0.7058823529411765
5,5,3,0.5866625905036926,0.6065059900283813,0.7299270072992701,0.7058823529411765
5,5,4,0.5817399621009827,0.6061069965362549,0.7299270072992701,0.7058823529411765
5,5,5,0.5816732048988342,0.6140370965003967,0.7299270072992701,0.7058823529411765
5,5,6,0.5807782411575317,0.6156994104385376,0.7299270072992701,0.7058823529411765
5,5,7,0.5771524310112,0.6098676919937134,0.7299270072992701,0.7058823529411765
5,5,8,0.5763302445411682,0.6078038215637207,0.7299270072992701,0.7058823529411765
5,5,9,0.5748896598815918,0.6083690524101257,0.7299270072992701,0.7058823529411765
5,5,10,0.5720137357711792,0.6112223267555237,0.7299270072992701,0.7058823529411765
5,5,11,0.5700308084487915,0.6155689358711243,0.7299270072992701,0.7058823529411765
5,5,12,0.5680385828018188,0.6180371642112732,0.7299270072992701,0.7058823529411765
5,5,13,0.5650933384895325,0.6174837946891785,0.7299270072992701,0.7058823529411765
5,5,14,0.5621366500854492,0.616608738899231,0.7299270072992701,0.7058823529411765
5,5,15,0.5587367415428162,0.6191952228546143,0.7299270072992701,0.7058823529411765
5,5,16,0.5551846623420715,0.6241272687911987,0.7299270072992701,0.7058823529411765
5,5,17,0.551317036151886,0.6291985511779785,0.7299270072992701,0.7058823529411765
5,5,18,0.5469374656677246,0.6329227685928345,0.7299270072992701,0.7058823529411765
5,5,19,0.54208904504776,0.6368527412414551,0.7299270072992701,0.7058823529411765
5,5,20,0.5370097756385803,0.6419838070869446,0.7299270072992701,0.7058823529411765
5,5,21,0.5313595533370972,0.6497536897659302,0.7299270072992701,0.7058823529411765
5,5,22,0.5256520509719849,0.6585462093353271,0.7299270072992701,0.7058823529411765
5,5,23,0.5197131633758545,0.6696745753288269,0.7299270072992701,0.7058823529411765
5,5,24,0.5137585401535034,0.681303083896637,0.7299270072992701,0.7058823529411765
5,5,25,0.5078442692756653,0.6918203234672546,0.7299270072992701,0.7058823529411765
5,5,26,0.50151526927948,0.695820689201355,0.7299270072992701,0.7058823529411765
5,5,27,0.49615028500556946,0.6979361772537231,0.7664233576642335,0.7058823529411765
5,5,28,0.4931166172027588,0.7236480116844177,0.7445255474452555,0.7058823529411765
5,5,29,0.48629871010780334,0.7055185437202454,0.7737226277372263,0.7058823529411765
5,5,30,0.48196789622306824,0.7052327394485474,0.7737226277372263,0.6764705882352942
5,5,31,0.4801367223262787,0.7442269325256348,0.7664233576642335,0.7058823529411765
5,5,32,0.4728369116783142,0.7116358280181885,0.781021897810219,0.7352941176470589
5,5,33,0.46976226568222046,0.7094936370849609,0.7737226277372263,0.7058823529411765
5,5,34,0.46939611434936523,0.7659034729003906,0.7883211678832117,0.7058823529411765
5,5,35,0.459272176027298,0.7339997291564941,0.7737226277372263,0.7352941176470589
5,5,36,0.4558244049549103,0.7330446839332581,0.7737226277372263,0.7352941176470589
5,5,37,0.4519735276699066,0.7363665103912354,0.7737226277372263,0.7352941176470589
5,5,38,0.44901716709136963,0.7584303021430969,0.7737226277372263,0.7352941176470589
5,5,39,0.444534033536911,0.7574964165687561,0.7664233576642335,0.7352941176470589
5,5,40,0.44149699807167053,0.7526917457580566,0.7737226277372263,0.7058823529411765
5,5,41,0.4461985230445862,0.8233639001846313,0.7737226277372263,0.7352941176470589
5,5,42,0.455814927816391,0.7306017279624939,0.8029197080291971,0.6470588235294118
5,5,43,0.43384313583374023,0.8176702857017517,0.7664233576642335,0.7352941176470589
5,5,44,0.43960627913475037,0.8632075190544128,0.7737226277372263,0.7352941176470589
5,5,45,0.4323526918888092,0.7767653465270996,0.8029197080291971,0.6764705882352942
5,5,46,0.4239436984062195,0.8116955757141113,0.7737226277372263,0.6764705882352942
5,5,47,0.4382891058921814,0.9060573577880859,0.7737226277372263,0.7352941176470589
5,5,48,0.42298397421836853,0.8079172968864441,0.7956204379562044,0.6764705882352942
5,5,49,0.42547357082366943,0.8008029460906982,0.7956204379562044,0.6470588235294118
5,5,50,0.4332543909549713,0.9228327870368958,0.7664233576642335,0.7352941176470589
5,5,51,0.4158898591995239,0.8702229857444763,0.7737226277372263,0.6764705882352942
5,5,52,0.449006587266922,0.7802805304527283,0.7956204379562044,0.6176470588235294
5,5,53,0.4146933853626251,0.8731208443641663,0.7737226277372263,0.7058823529411765
5,5,54,0.43662533164024353,0.9511803984642029,0.7737226277372263,0.7352941176470589
5,5,55,0.41322094202041626,0.8273930549621582,0.7956204379562044,0.6764705882352942
5,5,56,0.4308262765407562,0.7906496524810791,0.7956204379562044,0.6176470588235294
5,5,57,0.41338610649108887,0.8930655121803284,0.7737226277372263,0.7058823529411765
5,5,58,0.43044209480285645,0.9565479159355164,0.7737226277372263,0.7058823529411765
5,5,59,0.4114339351654053,0.8242422938346863,0.8248175182481752,0.6176470588235294
5,5,60,0.4251173734664917,0.7976611852645874,0.8175182481751825,0.6176470588235294
5,5,61,0.41193974018096924,0.912610650062561,0.7737226277372263,0.7058823529411765
5,5,62,0.4094507098197937,0.9146209955215454,0.7737226277372263,0.7058823529411765
5,5,63,0.406455397605896,0.8449503183364868,0.8248175182481752,0.6176470588235294
5,5,64,0.40308040380477905,0.8648276925086975,0.7883211678832117,0.6470588235294118
5,5,65,0.4073317348957062,0.9325731992721558,0.7737226277372263,0.7058823529411765
5,5,66,0.4019554853439331,0.9176845550537109,0.7956204379562044,0.6764705882352942
5,5,67,0.4044301509857178,0.8414110541343689,0.8248175182481752,0.6176470588235294
5,5,68,0.39915981888771057,0.8527020812034607,0.8175182481751825,0.6176470588235294
5,5,69,0.40143945813179016,0.9207764863967896,0.7883211678832117,0.7058823529411765
5,5,70,0.39480650424957275,0.8729445338249207,0.7956204379562044,0.6470588235294118
5,5,71,0.39606186747550964,0.8518983721733093,0.8102189781021898,0.6176470588235294
5,5,72,0.3949202597141266,0.9031125903129578,0.8029197080291971,0.7058823529411765
5,5,73,0.39345917105674744,0.8954575061798096,0.8029197080291971,0.7058823529411765
5,5,74,0.39294299483299255,0.8476369976997375,0.8102189781021898,0.6176470588235294
5,5,75,0.3902910351753235,0.8858513832092285,0.8102189781021898,0.6764705882352942
5,5,76,0.392808198928833,0.9144912362098694,0.8029197080291971,0.7058823529411765
5,5,77,0.3879365026950836,0.8548403382301331,0.8102189781021898,0.6176470588235294
5,5,78,0.3856193423271179,0.8644171953201294,0.7883211678832117,0.6176470588235294
5,5,79,0.39388275146484375,0.9381511807441711,0.781021897810219,0.7058823529411765
5,5,80,0.3843696713447571,0.85764080286026,0.8248175182481752,0.6176470588235294
5,5,81,0.3858117461204529,0.852847695350647,0.8467153284671532,0.6176470588235294
5,5,82,0.39161020517349243,0.9613385796546936,0.8029197080291971,0.7058823529411765
5,5,83,0.3796069622039795,0.8792763352394104,0.8321167883211679,0.6176470588235294
5,5,84,0.37983161211013794,0.8634154796600342,0.8248175182481752,0.6176470588235294
5,5,85,0.3970491588115692,0.9818843603134155,0.7883211678832117,0.7058823529411765
5,5,86,0.38356703519821167,0.8407313823699951,0.8394160583941606,0.6176470588235294
5,5,87,0.38217857480049133,0.845619797706604,0.8394160583941606,0.6176470588235294
5,5,88,0.4037579894065857,1.014319658279419,0.781021897810219,0.7058823529411765
5,5,89,0.37255859375,0.8855943083763123,0.8321167883211679,0.6176470588235294
5,5,90,0.3943047821521759,0.8140619397163391,0.8394160583941606,0.6176470588235294
5,5,91,0.37866073846817017,0.930057942867279,0.8102189781021898,0.7058823529411765
5,5,92,0.3860357105731964,0.9526323676109314,0.7956204379562044,0.7058823529411765
5,5,93,0.38830170035362244,0.8049756288528442,0.8540145985401459,0.6176470588235294
5,5,94,0.38031208515167236,0.8187498450279236,0.8613138686131386,0.6176470588235294
5,5,95,0.40489497780799866,1.0086859464645386,0.7737226277372263,0.7058823529411765
5,5,96,0.36993592977523804,0.9051769375801086,0.7956204379562044,0.6764705882352942
5,5,97,0.3940894305706024,0.7931745052337646,0.8394160583941606,0.6470588235294118
5,5,98,0.3671741187572479,0.885543167591095,0.8248175182481752,0.6470588235294118
5,5,99,0.38201671838760376,0.9593577980995178,0.8102189781021898,0.7058823529411765
5,5,100,0.3737700581550598,0.8211238980293274,0.8467153284671532,0.6176470588235294
