repeat,fold,epoch,train_loss,val_loss,train_acc,val_acc
1,1,1,0.5865979790687561,0.6023724675178528,0.7279411764705882,0.7142857142857143
1,1,2,0.6028543710708618,0.6233047246932983,0.7279411764705882,0.7142857142857143
1,1,3,0.5881339907646179,0.6049496531486511,0.7279411764705882,0.7142857142857143
1,1,4,0.5851856470108032,0.5981959700584412,0.7279411764705882,0.7142857142857143
1,1,5,0.5882225036621094,0.5996121764183044,0.7279411764705882,0.7142857142857143
1,1,6,0.5871660709381104,0.5988707542419434,0.7279411764705882,0.7142857142857143
1,1,7,0.584509551525116,0.5976222157478333,0.7279411764705882,0.7142857142857143
1,1,8,0.5839326977729797,0.5988168716430664,0.7279411764705882,0.7142857142857143
1,1,9,0.5851895809173584,0.6012510061264038,0.7279411764705882,0.7142857142857143
1,1,10,0.5852124691009521,0.6014296412467957,0.7279411764705882,0.7142857142857143
1,1,11,0.5838221907615662,0.5993430018424988,0.7279411764705882,0.7142857142857143
1,1,12,0.582659125328064,0.5971653461456299,0.7279411764705882,0.7142857142857143
1,1,13,0.5823506712913513,0.5957884192466736,0.7279411764705882,0.7142857142857143
1,1,14,0.5823723077774048,0.5952587723731995,0.7279411764705882,0.7142857142857143
1,1,15,0.5821030735969543,0.5948407053947449,0.7279411764705882,0.7142857142857143
1,1,16,0.5813362002372742,0.5945425629615784,0.7279411764705882,0.7142857142857143
1,1,17,0.5807253122329712,0.5945864319801331,0.7279411764705882,0.7142857142857143
1,1,18,0.5805022120475769,0.5949863195419312,0.7279411764705882,0.7142857142857143
1,1,19,0.5801877379417419,0.594914972782135,0.7279411764705882,0.7142857142857143
1,1,20,0.5796480178833008,0.5943841338157654,0.7279411764705882,0.7142857142857143
1,1,21,0.5788922905921936,0.5932698249816895,0.7279411764705882,0.7142857142857143
1,1,22,0.5782119631767273,0.5921358466148376,0.7279411764705882,0.7142857142857143
1,1,23,0.5776768922805786,0.591317355632782,0.7279411764705882,0.7142857142857143
1,1,24,0.5770227909088135,0.5906386375427246,0.7279411764705882,0.7142857142857143
1,1,25,0.576221227645874,0.5900261402130127,0.7279411764705882,0.7142857142857143
1,1,26,0.575420618057251,0.5894652605056763,0.7279411764705882,0.7142857142857143
1,1,27,0.5746700167655945,0.5889068841934204,0.7279411764705882,0.7142857142857143
1,1,28,0.5738094449043274,0.5881438255310059,0.7279411764705882,0.7142857142857143
1,1,29,0.5726617574691772,0.5868058800697327,0.7279411764705882,0.7142857142857143
1,1,30,0.5714229941368103,0.5852780938148499,0.7279411764705882,0.7142857142857143
1,1,31,0.570104718208313,0.5834569334983826,0.7279411764705882,0.7142857142857143
1,1,32,0.5687994360923767,0.5817808508872986,0.7279411764705882,0.7142857142857143
1,1,33,0.5673490166664124,0.5799568891525269,0.7279411764705882,0.7142857142857143
1,1,34,0.5657015442848206,0.5780821442604065,0.7279411764705882,0.7142857142857143
1,1,35,0.5638262629508972,0.5761635899543762,0.7279411764705882,0.7142857142857143
1,1,36,0.5617404580116272,0.5738116502761841,0.7279411764705882,0.7142857142857143
1,1,37,0.5595411658287048,0.5709636807441711,0.7279411764705882,0.7142857142857143
1,1,38,0.5571847558021545,0.567591667175293,0.7279411764705882,0.7142857142857143
1,1,39,0.554794430732727,0.5638789534568787,0.7279411764705882,0.7142857142857143
1,1,40,0.5515196919441223,0.5604768991470337,0.7279411764705882,0.7142857142857143
1,1,41,0.5483167171478271,0.5579751133918762,0.7279411764705882,0.7142857142857143
1,1,42,0.5450583696365356,0.5552035570144653,0.7279411764705882,0.7142857142857143
1,1,43,0.540648877620697,0.5491933822631836,0.7279411764705882,0.7142857142857143
1,1,44,0.5370835661888123,0.5437979698181152,0.7279411764705882,0.7142857142857143
1,1,45,0.5323107242584229,0.5393515825271606,0.7279411764705882,0.7142857142857143
1,1,46,0.5285066962242126,0.5358704924583435,0.7279411764705882,0.7142857142857143
1,1,47,0.5230257511138916,0.5276171565055847,0.7279411764705882,0.7142857142857143
1,1,48,0.5199886560440063,0.5187084674835205,0.7279411764705882,0.7142857142857143
1,1,49,0.5142145752906799,0.5165456533432007,0.7279411764705882,0.7142857142857143
1,1,50,0.5093971490859985,0.5104590058326721,0.7279411764705882,0.7142857142857143
1,1,51,0.5036603808403015,0.5006340742111206,0.7352941176470589,0.7428571428571429
1,1,52,0.49926644563674927,0.4921107292175293,0.7426470588235294,0.7428571428571429
1,1,53,0.4944353699684143,0.486197829246521,0.7426470588235294,0.7428571428571429
1,1,54,0.490206778049469,0.48048052191734314,0.75,0.7428571428571429
1,1,55,0.48581257462501526,0.46881338953971863,0.7573529411764706,0.7142857142857143
1,1,56,0.4813700318336487,0.4650578796863556,0.7647058823529411,0.7142857142857143
1,1,57,0.4788264036178589,0.4647779166698456,0.7647058823529411,0.7142857142857143
1,1,58,0.4764343798160553,0.45160603523254395,0.7720588235294118,0.7428571428571429
1,1,59,0.47638633847236633,0.4624735116958618,0.7647058823529411,0.7142857142857143
1,1,60,0.4690278470516205,0.44712820649147034,0.7647058823529411,0.7428571428571429
1,1,61,0.47068288922309875,0.44224974513053894,0.7573529411764706,0.7714285714285715
1,1,62,0.4652767479419708,0.4423394203186035,0.75,0.7428571428571429
1,1,63,0.46504607796669006,0.4483989477157593,0.7720588235294118,0.7428571428571429
1,1,64,0.46543940901756287,0.43695226311683655,0.7573529411764706,0.7714285714285715
1,1,65,0.46043574810028076,0.4420718550682068,0.7647058823529411,0.7428571428571429
1,1,66,0.45797213912010193,0.4401065707206726,0.7647058823529411,0.7428571428571429
1,1,67,0.4549105167388916,0.42980486154556274,0.7573529411764706,0.7428571428571429
1,1,68,0.4522525668144226,0.4293738007545471,0.7573529411764706,0.7428571428571429
1,1,69,0.45181000232696533,0.43406209349632263,0.7426470588235294,0.7428571428571429
1,1,70,0.45034968852996826,0.4265922009944916,0.75,0.8
1,1,71,0.4477067291736603,0.43392762541770935,0.75,0.7428571428571429
1,1,72,0.4462452530860901,0.4312480688095093,0.7573529411764706,0.8
1,1,73,0.44495245814323425,0.43052661418914795,0.7573529411764706,0.8
1,1,74,0.44355812668800354,0.4293961822986603,0.7647058823529411,0.8
1,1,75,0.4453601539134979,0.44340744614601135,0.75,0.7428571428571429
1,1,76,0.44248417019844055,0.42487597465515137,0.8088235294117647,0.8285714285714286
1,1,77,0.4493011236190796,0.4268629252910614,0.7941176470588235,0.8
1,1,78,0.45392298698425293,0.4632005989551544,0.7647058823529411,0.7428571428571429
1,1,79,0.43713465332984924,0.4346832036972046,0.7573529411764706,0.7714285714285715
1,1,80,0.45701223611831665,0.43512827157974243,0.8014705882352942,0.8
1,1,81,0.4362008571624756,0.4305344820022583,0.7941176470588235,0.8
1,1,82,0.44628655910491943,0.4636192321777344,0.7573529411764706,0.7142857142857143
1,1,83,0.4366343915462494,0.45216935873031616,0.7573529411764706,0.7428571428571429
1,1,84,0.4341685473918915,0.4327850043773651,0.8161764705882353,0.8
1,1,85,0.43010595440864563,0.43745219707489014,0.7867647058823529,0.8285714285714286
1,1,86,0.42964985966682434,0.44619274139404297,0.7573529411764706,0.8
1,1,87,0.4271649718284607,0.44138020277023315,0.7941176470588235,0.8
1,1,88,0.4258054196834564,0.44098013639450073,0.7941176470588235,0.8285714285714286
1,1,89,0.4253557324409485,0.4504201114177704,0.7720588235294118,0.8
1,1,90,0.4229055941104889,0.44747692346572876,0.7941176470588235,0.8285714285714286
1,1,91,0.4246731102466583,0.44363075494766235,0.8088235294117647,0.8
1,1,92,0.42047300934791565,0.4559488296508789,0.7867647058823529,0.8
1,1,93,0.4194182753562927,0.4609917402267456,0.7867647058823529,0.8
1,1,94,0.4171889126300812,0.4599120616912842,0.8014705882352942,0.8285714285714286
1,1,95,0.41579893231391907,0.4596262276172638,0.8014705882352942,0.8285714285714286
1,1,96,0.41800400614738464,0.45336079597473145,0.8014705882352942,0.8
1,1,97,0.4128333330154419,0.46681714057922363,0.8088235294117647,0.8
1,1,98,0.4152703583240509,0.4846475422382355,0.7794117647058824,0.7714285714285715
1,1,99,0.4088621139526367,0.46867337822914124,0.8235294117647058,0.8
1,1,100,0.4082854092121124,0.4702751636505127,0.8161764705882353,0.8
1,2,1,0.5923253297805786,0.5780457854270935,0.7226277372262774,0.7352941176470589
1,2,2,0.6131434440612793,0.5941570997238159,0.7226277372262774,0.7352941176470589
1,2,3,0.5941682457923889,0.5790391564369202,0.7226277372262774,0.7352941176470589
1,2,4,0.5905318856239319,0.5793883800506592,0.7226277372262774,0.7352941176470589
1,2,5,0.5947921872138977,0.5855662226676941,0.7226277372262774,0.7352941176470589
1,2,6,0.594508945941925,0.5853672027587891,0.7226277372262774,0.7352941176470589
1,2,7,0.5907883644104004,0.5805278420448303,0.7226277372262774,0.7352941176470589
1,2,8,0.5885713696479797,0.5765734910964966,0.7226277372262774,0.7352941176470589
1,2,9,0.5894479751586914,0.5760372281074524,0.7226277372262774,0.7352941176470589
1,2,10,0.5903304219245911,0.5763564705848694,0.7226277372262774,0.7352941176470589
1,2,11,0.589451253414154,0.5757668614387512,0.7226277372262774,0.7352941176470589
1,2,12,0.5875394940376282,0.5748896598815918,0.7226277372262774,0.7352941176470589
1,2,13,0.5865191221237183,0.5750728845596313,0.7226277372262774,0.7352941176470589
1,2,14,0.5865756869316101,0.5761913061141968,0.7226277372262774,0.7352941176470589
1,2,15,0.5868527293205261,0.5771448016166687,0.7226277372262774,0.7352941176470589
1,2,16,0.5862920880317688,0.5767282843589783,0.7226277372262774,0.7352941176470589
1,2,17,0.5849238634109497,0.5749521851539612,0.7226277372262774,0.7352941176470589
1,2,18,0.5836867690086365,0.5730303525924683,0.7226277372262774,0.7352941176470589
1,2,19,0.5831763744354248,0.5716846585273743,0.7226277372262774,0.7352941176470589
1,2,20,0.583183228969574,0.5711788535118103,0.7226277372262774,0.7352941176470589
1,2,21,0.5827858448028564,0.5707472562789917,0.7226277372262774,0.7352941176470589
1,2,22,0.5811472535133362,0.5698548555374146,0.7226277372262774,0.7352941176470589
1,2,23,0.5796918272972107,0.5694342255592346,0.7226277372262774,0.7352941176470589
1,2,24,0.5787572264671326,0.5693819522857666,0.7226277372262774,0.7352941176470589
1,2,25,0.5779805183410645,0.5692961812019348,0.7226277372262774,0.7352941176470589
1,2,26,0.5770171284675598,0.5687552690505981,0.7226277372262774,0.7352941176470589
1,2,27,0.5755688548088074,0.5674316883087158,0.7226277372262774,0.7352941176470589
1,2,28,0.5739836692810059,0.5660154819488525,0.7226277372262774,0.7352941176470589
1,2,29,0.5721770524978638,0.5641651153564453,0.7226277372262774,0.7352941176470589
1,2,30,0.5706045031547546,0.5623883605003357,0.7226277372262774,0.7352941176470589
1,2,31,0.5690206289291382,0.5608286261558533,0.7226277372262774,0.7352941176470589
1,2,32,0.5668190717697144,0.5593181848526001,0.7226277372262774,0.7352941176470589
1,2,33,0.5644112229347229,0.558165967464447,0.7226277372262774,0.7352941176470589
1,2,34,0.5622933506965637,0.5574163794517517,0.7226277372262774,0.7352941176470589
1,2,35,0.5599281191825867,0.5559782981872559,0.7226277372262774,0.7352941176470589
1,2,36,0.5568022727966309,0.5528764128684998,0.7226277372262774,0.7352941176470589
1,2,37,0.5537115335464478,0.5494431853294373,0.7226277372262774,0.7352941176470589
1,2,38,0.5509355664253235,0.5462853312492371,0.7226277372262774,0.7352941176470589
1,2,39,0.5471296906471252,0.5437732934951782,0.7226277372262774,0.7352941176470589
1,2,40,0.5432620048522949,0.5425271391868591,0.7226277372262774,0.7352941176470589
1,2,41,0.5401902198791504,0.5417761206626892,0.7226277372262774,0.7352941176470589
1,2,42,0.5356743931770325,0.5362614393234253,0.7226277372262774,0.7352941176470589
1,2,43,0.5326623320579529,0.5304237008094788,0.7226277372262774,0.7352941176470589
1,2,44,0.5279432535171509,0.5274448394775391,0.7299270072992701,0.7352941176470589
1,2,45,0.5251488089561462,0.5291241407394409,0.7299270072992701,0.7352941176470589
1,2,46,0.5206333994865417,0.5241575837135315,0.7299270072992701,0.7352941176470589
1,2,47,0.5160497426986694,0.5152412056922913,0.7299270072992701,0.7352941176470589
1,2,48,0.5141192674636841,0.5103252530097961,0.7299270072992701,0.7352941176470589
1,2,49,0.5077897906303406,0.5123487710952759,0.7518248175182481,0.7647058823529411
1,2,50,0.5053973197937012,0.5127010345458984,0.7372262773722628,0.7647058823529411
1,2,51,0.49966803193092346,0.5010793805122375,0.7518248175182481,0.7647058823529411
1,2,52,0.4968356490135193,0.49550652503967285,0.7372262773722628,0.7647058823529411
1,2,53,0.491851806640625,0.49669721722602844,0.7372262773722628,0.7352941176470589
1,2,54,0.4891102910041809,0.4964483082294464,0.7518248175182481,0.7352941176470589
1,2,55,0.4870682954788208,0.48367854952812195,0.7372262773722628,0.7647058823529411
1,2,56,0.48335182666778564,0.4793868362903595,0.7372262773722628,0.7647058823529411
1,2,57,0.4786258935928345,0.4843865633010864,0.7591240875912408,0.7058823529411765
1,2,58,0.4779834449291229,0.48687341809272766,0.7664233576642335,0.7058823529411765
1,2,59,0.4761345684528351,0.46792659163475037,0.7591240875912408,0.7352941176470589
1,2,60,0.46871235966682434,0.4682225286960602,0.7591240875912408,0.7058823529411765
1,2,61,0.4693033695220947,0.48077085614204407,0.7518248175182481,0.6764705882352942
1,2,62,0.46282824873924255,0.46755197644233704,0.7664233576642335,0.7058823529411765
1,2,63,0.46016448736190796,0.4651448130607605,0.7664233576642335,0.7058823529411765
1,2,64,0.4573814272880554,0.4658663272857666,0.7518248175182481,0.6764705882352942
1,2,65,0.45554018020629883,0.469727486371994,0.7518248175182481,0.6764705882352942
1,2,66,0.4533286392688751,0.46049317717552185,0.7445255474452555,0.6764705882352942
1,2,67,0.4499981105327606,0.4665314257144928,0.7591240875912408,0.6764705882352942
1,2,68,0.4495203495025635,0.47567760944366455,0.781021897810219,0.6764705882352942
1,2,69,0.44832471013069153,0.4578455984592438,0.7445255474452555,0.6764705882352942
1,2,70,0.44323408603668213,0.4733375012874603,0.7883211678832117,0.6764705882352942
1,2,71,0.4439610242843628,0.48244398832321167,0.8102189781021898,0.7058823529411765
1,2,72,0.44519999623298645,0.4515685737133026,0.7445255474452555,0.6764705882352942
1,2,73,0.4382816255092621,0.4574955999851227,0.7664233576642335,0.6764705882352942
1,2,74,0.450036883354187,0.4994577467441559,0.8102189781021898,0.7058823529411765
1,2,75,0.4336686432361603,0.45883941650390625,0.7737226277372263,0.6470588235294118
1,2,76,0.4598379135131836,0.4401051998138428,0.7372262773722628,0.7352941176470589
1,2,77,0.4311230182647705,0.46420854330062866,0.8029197080291971,0.7058823529411765
1,2,78,0.45109304785728455,0.5019376277923584,0.7956204379562044,0.7058823529411765
1,2,79,0.4283818006515503,0.45648542046546936,0.7883211678832117,0.6764705882352942
1,2,80,0.44891518354415894,0.4364556074142456,0.7372262773722628,0.7352941176470589
1,2,81,0.4254421293735504,0.45222994685173035,0.7883211678832117,0.6764705882352942
1,2,82,0.43939924240112305,0.4909851551055908,0.8029197080291971,0.7058823529411765
1,2,83,0.4237530827522278,0.46617522835731506,0.8102189781021898,0.7058823529411765
1,2,84,0.43031805753707886,0.44224897027015686,0.7445255474452555,0.6764705882352942
1,2,85,0.42168882489204407,0.44739314913749695,0.781021897810219,0.6470588235294118
1,2,86,0.4200580418109894,0.4714301526546478,0.8175182481751825,0.7058823529411765
1,2,87,0.41591015458106995,0.46448594331741333,0.8029197080291971,0.7058823529411765
1,2,88,0.4139232039451599,0.4524068236351013,0.8029197080291971,0.6764705882352942
1,2,89,0.41212892532348633,0.46555233001708984,0.8029197080291971,0.7058823529411765
1,2,90,0.40988174080848694,0.45652738213539124,0.8029197080291971,0.7058823529411765
1,2,91,0.4091132581233978,0.4537516236305237,0.8029197080291971,0.7058823529411765
1,2,92,0.40682390332221985,0.45638248324394226,0.8029197080291971,0.7058823529411765
1,2,93,0.4055674076080322,0.4712390899658203,0.8321167883211679,0.7058823529411765
1,2,94,0.40481919050216675,0.45393604040145874,0.8102189781021898,0.7058823529411765
1,2,95,0.40845078229904175,0.4443756639957428,0.8029197080291971,0.6764705882352942
1,2,96,0.4048406183719635,0.48397064208984375,0.8394160583941606,0.7058823529411765
1,2,97,0.40730831027030945,0.49213656783103943,0.8175182481751825,0.6764705882352942
1,2,98,0.4066146910190582,0.4426340162754059,0.8029197080291971,0.7058823529411765
1,2,99,0.4118560552597046,0.4379325211048126,0.781021897810219,0.7058823529411765
1,2,100,0.41187289357185364,0.5066852569580078,0.7956204379562044,0.6470588235294118
1,3,1,0.6008398532867432,0.5841403603553772,0.7226277372262774,0.7352941176470589
1,3,2,0.6007760763168335,0.5841883420944214,0.7226277372262774,0.7352941176470589
1,3,3,0.5908499360084534,0.5775044560432434,0.7226277372262774,0.7352941176470589
1,3,4,0.5905917882919312,0.579934298992157,0.7226277372262774,0.7352941176470589
1,3,5,0.5918557047843933,0.5822071433067322,0.7226277372262774,0.7352941176470589
1,3,6,0.5901283025741577,0.5801273584365845,0.7226277372262774,0.7352941176470589
1,3,7,0.588329553604126,0.5773982405662537,0.7226277372262774,0.7352941176470589
1,3,8,0.5883924961090088,0.5764655470848083,0.7226277372262774,0.7352941176470589
1,3,9,0.589069664478302,0.5767297148704529,0.7226277372262774,0.7352941176470589
1,3,10,0.5881327390670776,0.5762969851493835,0.7226277372262774,0.7352941176470589
1,3,11,0.58635014295578,0.575724184513092,0.7226277372262774,0.7352941176470589
1,3,12,0.5857248306274414,0.5763349533081055,0.7226277372262774,0.7352941176470589
1,3,13,0.5858868360519409,0.5774418115615845,0.7226277372262774,0.7352941176470589
1,3,14,0.5853708982467651,0.5774504542350769,0.7226277372262774,0.7352941176470589
1,3,15,0.5841304063796997,0.5763724446296692,0.7226277372262774,0.7352941176470589
1,3,16,0.5828109979629517,0.5748274922370911,0.7226277372262774,0.7352941176470589
1,3,17,0.5821857452392578,0.5739096403121948,0.7226277372262774,0.7352941176470589
1,3,18,0.5816670060157776,0.5735337734222412,0.7226277372262774,0.7352941176470589
1,3,19,0.5806617140769958,0.5730604529380798,0.7226277372262774,0.7352941176470589
1,3,20,0.5793399810791016,0.5725322961807251,0.7226277372262774,0.7352941176470589
1,3,21,0.5779585838317871,0.5721838474273682,0.7226277372262774,0.7352941176470589
1,3,22,0.5766761898994446,0.5720277428627014,0.7226277372262774,0.7352941176470589
1,3,23,0.5753169655799866,0.5716512203216553,0.7226277372262774,0.7352941176470589
1,3,24,0.5737950205802917,0.5711278319358826,0.7226277372262774,0.7352941176470589
1,3,25,0.571983277797699,0.5702264904975891,0.7226277372262774,0.7352941176470589
1,3,26,0.5700189471244812,0.5691924095153809,0.7226277372262774,0.7352941176470589
1,3,27,0.5678789019584656,0.5683274269104004,0.7226277372262774,0.7352941176470589
1,3,28,0.5655271410942078,0.5675677061080933,0.7226277372262774,0.7352941176470589
1,3,29,0.5630577802658081,0.5670657157897949,0.7226277372262774,0.7352941176470589
1,3,30,0.560391366481781,0.5663796067237854,0.7226277372262774,0.7352941176470589
1,3,31,0.5574260950088501,0.5656245946884155,0.7226277372262774,0.7352941176470589
1,3,32,0.5538445711135864,0.5640440583229065,0.7226277372262774,0.7352941176470589
1,3,33,0.5500965118408203,0.5617656111717224,0.7226277372262774,0.7352941176470589
1,3,34,0.5459238886833191,0.5603943467140198,0.7226277372262774,0.7352941176470589
1,3,35,0.5413044095039368,0.5599178075790405,0.7226277372262774,0.7352941176470589
1,3,36,0.5368227958679199,0.5594958066940308,0.7226277372262774,0.7352941176470589
1,3,37,0.5311274528503418,0.5573630928993225,0.7226277372262774,0.7352941176470589
1,3,38,0.5258585810661316,0.5552108883857727,0.7226277372262774,0.7352941176470589
1,3,39,0.5205443501472473,0.5540837645530701,0.7226277372262774,0.7352941176470589
1,3,40,0.5137991309165955,0.5535240173339844,0.7299270072992701,0.7352941176470589
1,3,41,0.5079749822616577,0.5537398457527161,0.7445255474452555,0.7647058823529411
1,3,42,0.5012015700340271,0.552140474319458,0.7445255474452555,0.7647058823529411
1,3,43,0.49502718448638916,0.5514140129089355,0.7445255474452555,0.7647058823529411
1,3,44,0.4886622130870819,0.550621509552002,0.7518248175182481,0.7058823529411765
1,3,45,0.48321598768234253,0.5500482320785522,0.7664233576642335,0.6764705882352942
1,3,46,0.47598734498023987,0.5491111278533936,0.7664233576642335,0.6764705882352942
1,3,47,0.47024425864219666,0.5492416620254517,0.7737226277372263,0.6764705882352942
1,3,48,0.46620607376098633,0.547389566898346,0.7956204379562044,0.6470588235294118
1,3,49,0.4597625136375427,0.549371600151062,0.7956204379562044,0.6470588235294118
1,3,50,0.4547068476676941,0.5497571229934692,0.7883211678832117,0.6470588235294118
1,3,51,0.45057499408721924,0.5492299199104309,0.7956204379562044,0.6470588235294118
1,3,52,0.445249080657959,0.5536221861839294,0.8029197080291971,0.6470588235294118
1,3,53,0.4407294690608978,0.5559993386268616,0.7883211678832117,0.6470588235294118
1,3,54,0.4391048848628998,0.5531922578811646,0.7883211678832117,0.6176470588235294
1,3,55,0.4344581365585327,0.5560467839241028,0.7737226277372263,0.6470588235294118
1,3,56,0.43246594071388245,0.5635268092155457,0.781021897810219,0.6176470588235294
1,3,57,0.4277024567127228,0.5614051818847656,0.781021897810219,0.6470588235294118
1,3,58,0.4275082051753998,0.5622693300247192,0.8102189781021898,0.6470588235294118
1,3,59,0.43024545907974243,0.5821765065193176,0.7956204379562044,0.6470588235294118
1,3,60,0.4211183786392212,0.5742766857147217,0.7737226277372263,0.6470588235294118
1,3,61,0.42069724202156067,0.5686230659484863,0.8102189781021898,0.6470588235294118
1,3,62,0.4153347313404083,0.5718697905540466,0.7956204379562044,0.6470588235294118
1,3,63,0.4174015522003174,0.582499086856842,0.781021897810219,0.6470588235294118
1,3,64,0.41203540563583374,0.5819347500801086,0.7956204379562044,0.6764705882352942
1,3,65,0.4211132824420929,0.5834172368049622,0.8102189781021898,0.6470588235294118
1,3,66,0.41623830795288086,0.6022573709487915,0.781021897810219,0.6176470588235294
1,3,67,0.41225093603134155,0.5978794097900391,0.7883211678832117,0.6470588235294118
1,3,68,0.4299471974372864,0.5938828587532043,0.8102189781021898,0.6470588235294118
1,3,69,0.4045439660549164,0.5844075083732605,0.8175182481751825,0.6470588235294118
1,3,70,0.4188554883003235,0.6125760674476624,0.7883211678832117,0.6176470588235294
1,3,71,0.40263721346855164,0.5913693904876709,0.8102189781021898,0.6764705882352942
1,3,72,0.40519264340400696,0.5887046456336975,0.7883211678832117,0.6470588235294118
1,3,73,0.4013737738132477,0.598862886428833,0.8029197080291971,0.6764705882352942
1,3,74,0.40068551898002625,0.6012991666793823,0.7956204379562044,0.6764705882352942
1,3,75,0.3981867730617523,0.5977184176445007,0.8175182481751825,0.6470588235294118
1,3,76,0.39746809005737305,0.6003997921943665,0.8102189781021898,0.6470588235294118
1,3,77,0.3966294229030609,0.60154128074646,0.8102189781021898,0.6470588235294118
1,3,78,0.39486637711524963,0.5964637398719788,0.8175182481751825,0.6470588235294118
1,3,79,0.3940393924713135,0.5961357355117798,0.8102189781021898,0.6470588235294118
1,3,80,0.39396005868911743,0.6052923202514648,0.8102189781021898,0.6470588235294118
1,3,81,0.39117950201034546,0.6003233194351196,0.8175182481751825,0.6470588235294118
1,3,82,0.3904974162578583,0.5930309891700745,0.8321167883211679,0.6470588235294118
1,3,83,0.3883334994316101,0.5965077877044678,0.8175182481751825,0.6470588235294118
1,3,84,0.38815268874168396,0.6015303134918213,0.8175182481751825,0.6470588235294118
1,3,85,0.38708022236824036,0.5935412645339966,0.8467153284671532,0.6470588235294118
1,3,86,0.388121098279953,0.58890300989151,0.8394160583941606,0.6470588235294118
1,3,87,0.38601723313331604,0.606031060218811,0.8175182481751825,0.6470588235294118
1,3,88,0.3876265585422516,0.6132038235664368,0.8029197080291971,0.6764705882352942
1,3,89,0.3828235864639282,0.5945667028427124,0.8540145985401459,0.6470588235294118
1,3,90,0.3846915364265442,0.5894998908042908,0.8467153284671532,0.6764705882352942
1,3,91,0.38126686215400696,0.6010605096817017,0.8540145985401459,0.6470588235294118
1,3,92,0.38405853509902954,0.6146896481513977,0.8102189781021898,0.6764705882352942
1,3,93,0.3788490891456604,0.5996625423431396,0.8467153284671532,0.6470588235294118
1,3,94,0.3781273365020752,0.6018867492675781,0.8467153284671532,0.6176470588235294
1,3,95,0.3757709562778473,0.6090381145477295,0.8467153284671532,0.6470588235294118
1,3,96,0.375118613243103,0.6185842156410217,0.8686131386861314,0.6470588235294118
1,3,97,0.37874454259872437,0.606709897518158,0.8394160583941606,0.6764705882352942
1,3,98,0.37197238206863403,0.6168801784515381,0.8467153284671532,0.6176470588235294
1,3,99,0.3767172694206238,0.6389722228050232,0.8394160583941606,0.6764705882352942
1,3,100,0.370475172996521,0.6216488480567932,0.8540145985401459,0.6470588235294118
1,4,1,0.5945178866386414,0.5795003175735474,0.7226277372262774,0.7352941176470589
1,4,2,0.6056984066963196,0.5884509682655334,0.7226277372262774,0.7352941176470589
1,4,3,0.5903155207633972,0.5773409605026245,0.7226277372262774,0.7352941176470589
1,4,4,0.5923323631286621,0.5827546715736389,0.7226277372262774,0.7352941176470589
1,4,5,0.5934940576553345,0.5846322774887085,0.7226277372262774,0.7352941176470589
1,4,6,0.5893112421035767,0.5793160796165466,0.7226277372262774,0.7352941176470589
1,4,7,0.5882279872894287,0.5765443444252014,0.7226277372262774,0.7352941176470589
1,4,8,0.589819073677063,0.5773128271102905,0.7226277372262774,0.7352941176470589
1,4,9,0.5887529253959656,0.5767592787742615,0.7226277372262774,0.7352941176470589
1,4,10,0.5864040851593018,0.5757761001586914,0.7226277372262774,0.7352941176470589
1,4,11,0.5857700109481812,0.5764163732528687,0.7226277372262774,0.7352941176470589
1,4,12,0.5857940316200256,0.5772568583488464,0.7226277372262774,0.7352941176470589
1,4,13,0.584976077079773,0.5766423344612122,0.7226277372262774,0.7352941176470589
1,4,14,0.583752453327179,0.5753675699234009,0.7226277372262774,0.7352941176470589
1,4,15,0.5828062891960144,0.5742865204811096,0.7226277372262774,0.7352941176470589
1,4,16,0.5822897553443909,0.5737653374671936,0.7226277372262774,0.7352941176470589
1,4,17,0.5816717147827148,0.573422908782959,0.7226277372262774,0.7352941176470589
1,4,18,0.5804504156112671,0.5729528665542603,0.7226277372262774,0.7352941176470589
1,4,19,0.5791561603546143,0.5726566910743713,0.7226277372262774,0.7352941176470589
1,4,20,0.5782930254936218,0.5728773474693298,0.7226277372262774,0.7352941176470589
1,4,21,0.5771488547325134,0.5724581480026245,0.7226277372262774,0.7352941176470589
1,4,22,0.5753825306892395,0.5710248947143555,0.7226277372262774,0.7352941176470589
1,4,23,0.5742189884185791,0.5699990391731262,0.7226277372262774,0.7352941176470589
1,4,24,0.5731177926063538,0.5694822072982788,0.7226277372262774,0.7352941176470589
1,4,25,0.570854127407074,0.5684664249420166,0.7226277372262774,0.7352941176470589
1,4,26,0.5685908794403076,0.5676465630531311,0.7226277372262774,0.7352941176470589
1,4,27,0.5667428374290466,0.5671579837799072,0.7226277372262774,0.7352941176470589
1,4,28,0.5644814968109131,0.5662051439285278,0.7226277372262774,0.7352941176470589
1,4,29,0.5616382360458374,0.5646196603775024,0.7226277372262774,0.7352941176470589
1,4,30,0.5584983825683594,0.562618613243103,0.7226277372262774,0.7352941176470589
1,4,31,0.5559967756271362,0.5613974332809448,0.7226277372262774,0.7352941176470589
1,4,32,0.5527595281600952,0.559826135635376,0.7226277372262774,0.7352941176470589
1,4,33,0.5484923124313354,0.5576920509338379,0.7226277372262774,0.7352941176470589
1,4,34,0.54473876953125,0.5562605261802673,0.7226277372262774,0.7352941176470589
1,4,35,0.5402621626853943,0.5539749264717102,0.7226277372262774,0.7352941176470589
1,4,36,0.5357638001441956,0.551547646522522,0.7226277372262774,0.7352941176470589
1,4,37,0.5319084525108337,0.550268828868866,0.7226277372262774,0.7352941176470589
1,4,38,0.5252571702003479,0.5462955236434937,0.7226277372262774,0.7352941176470589
1,4,39,0.5216978788375854,0.5454230904579163,0.7445255474452555,0.7352941176470589
1,4,40,0.514978289604187,0.5412418842315674,0.7445255474452555,0.7352941176470589
1,4,41,0.5120605826377869,0.541077196598053,0.7518248175182481,0.7352941176470589
1,4,42,0.5053812861442566,0.5367295742034912,0.7445255474452555,0.7352941176470589
1,4,43,0.5030775666236877,0.5364084839820862,0.7591240875912408,0.7352941176470589
1,4,44,0.49670130014419556,0.5321096777915955,0.7664233576642335,0.7352941176470589
1,4,45,0.5007515549659729,0.5400432348251343,0.7445255474452555,0.7352941176470589
1,4,46,0.4912033677101135,0.5312126278877258,0.7445255474452555,0.7352941176470589
1,4,47,0.48913004994392395,0.5291367173194885,0.781021897810219,0.7941176470588235
1,4,48,0.484504371881485,0.5258437991142273,0.781021897810219,0.7941176470588235
1,4,49,0.48530644178390503,0.5303179621696472,0.7664233576642335,0.7647058823529411
1,4,50,0.4786212742328644,0.5234723091125488,0.7664233576642335,0.7647058823529411
1,4,51,0.4767317473888397,0.5219751596450806,0.7883211678832117,0.7647058823529411
1,4,52,0.47393518686294556,0.5199630260467529,0.781021897810219,0.7647058823529411
1,4,53,0.47291553020477295,0.5204071998596191,0.781021897810219,0.7647058823529411
1,4,54,0.47054263949394226,0.5170563459396362,0.781021897810219,0.7647058823529411
1,4,55,0.4721025824546814,0.5182571411132812,0.7737226277372263,0.8235294117647058
1,4,56,0.47043001651763916,0.5186882019042969,0.7737226277372263,0.7647058823529411
1,4,57,0.46896132826805115,0.5172224640846252,0.7737226277372263,0.7647058823529411
1,4,58,0.4687678813934326,0.5160031914710999,0.7737226277372263,0.8235294117647058
1,4,59,0.46640047430992126,0.5131949186325073,0.781021897810219,0.8235294117647058
1,4,60,0.4694503843784332,0.5187976956367493,0.781021897810219,0.7647058823529411
1,4,61,0.4720262885093689,0.5218632221221924,0.7737226277372263,0.7647058823529411
1,4,62,0.462131530046463,0.5079595446586609,0.781021897810219,0.7941176470588235
1,4,63,0.46558594703674316,0.5122590065002441,0.7737226277372263,0.8235294117647058
1,4,64,0.45924046635627747,0.5056521892547607,0.7956204379562044,0.7647058823529411
1,4,65,0.467901349067688,0.5178391933441162,0.7737226277372263,0.7647058823529411
1,4,66,0.45733749866485596,0.5036624670028687,0.781021897810219,0.7941176470588235
1,4,67,0.46093112230300903,0.5076636672019958,0.7664233576642335,0.8235294117647058
1,4,68,0.45557332038879395,0.5016593933105469,0.781021897810219,0.7941176470588235
1,4,69,0.460697740316391,0.5091128945350647,0.7883211678832117,0.7647058823529411
1,4,70,0.45450836420059204,0.5011277794837952,0.7883211678832117,0.7647058823529411
1,4,71,0.45498281717300415,0.5015302896499634,0.781021897810219,0.8235294117647058
1,4,72,0.453855037689209,0.49950307607650757,0.781021897810219,0.8235294117647058
1,4,73,0.4516031742095947,0.4961145222187042,0.7737226277372263,0.7941176470588235
1,4,74,0.4539477229118347,0.4989251494407654,0.7883211678832117,0.7941176470588235
1,4,75,0.45038309693336487,0.49247193336486816,0.781021897810219,0.8235294117647058
1,4,76,0.4533737301826477,0.49641531705856323,0.781021897810219,0.8235294117647058
1,4,77,0.4486304223537445,0.49314600229263306,0.7737226277372263,0.7941176470588235
1,4,78,0.45069000124931335,0.49771130084991455,0.7883211678832117,0.7941176470588235
1,4,79,0.4475007951259613,0.4931241273880005,0.7737226277372263,0.7941176470588235
1,4,80,0.4465014636516571,0.4910484850406647,0.781021897810219,0.7941176470588235
1,4,81,0.44553741812705994,0.490374892950058,0.781021897810219,0.7941176470588235
1,4,82,0.44445013999938965,0.4900171160697937,0.781021897810219,0.7941176470588235
1,4,83,0.44338852167129517,0.48922887444496155,0.781021897810219,0.7941176470588235
1,4,84,0.44249385595321655,0.4881322979927063,0.781021897810219,0.7941176470588235
1,4,85,0.44184741377830505,0.4866134524345398,0.7737226277372263,0.8235294117647058
1,4,86,0.44046205282211304,0.4850653409957886,0.781021897810219,0.7941176470588235
1,4,87,0.439395934343338,0.48394280672073364,0.781021897810219,0.7941176470588235
1,4,88,0.43841150403022766,0.4829997420310974,0.781021897810219,0.7941176470588235
1,4,89,0.43772947788238525,0.4826802611351013,0.781021897810219,0.8235294117647058
1,4,90,0.43659818172454834,0.4826315641403198,0.781021897810219,0.7941176470588235
1,4,91,0.4362018406391144,0.48325812816619873,0.781021897810219,0.7941176470588235
1,4,92,0.4346945583820343,0.48187536001205444,0.781021897810219,0.7941176470588235
1,4,93,0.43399134278297424,0.4812238812446594,0.781021897810219,0.7941176470588235
1,4,94,0.43312206864356995,0.4809843599796295,0.781021897810219,0.8235294117647058
1,4,95,0.43184661865234375,0.480519562959671,0.7956204379562044,0.7941176470588235
1,4,96,0.43182262778282166,0.4802539050579071,0.7956204379562044,0.7941176470588235
1,4,97,0.43093737959861755,0.4790879487991333,0.7956204379562044,0.7941176470588235
1,4,98,0.4304535388946533,0.47835978865623474,0.781021897810219,0.8235294117647058
1,4,99,0.42880934476852417,0.4779320955276489,0.781021897810219,0.7941176470588235
1,4,100,0.42803025245666504,0.4774283170700073,0.7956204379562044,0.7941176470588235
1,5,1,0.5830734372138977,0.6074689626693726,0.7299270072992701,0.7058823529411765
1,5,2,0.6274577975273132,0.6691803336143494,0.7299270072992701,0.7058823529411765
1,5,3,0.5963682532310486,0.630328893661499,0.7299270072992701,0.7058823529411765
1,5,4,0.5821948647499084,0.6065020561218262,0.7299270072992701,0.7058823529411765
1,5,5,0.5883455276489258,0.607009768486023,0.7299270072992701,0.7058823529411765
1,5,6,0.591853141784668,0.6091514229774475,0.7299270072992701,0.7058823529411765
1,5,7,0.5891354084014893,0.6076887845993042,0.7299270072992701,0.7058823529411765
1,5,8,0.5840361714363098,0.6054905652999878,0.7299270072992701,0.7058823529411765
1,5,9,0.5808008313179016,0.6059921979904175,0.7299270072992701,0.7058823529411765
1,5,10,0.5810052156448364,0.6098572015762329,0.7299270072992701,0.7058823529411765
1,5,11,0.582719087600708,0.6141718626022339,0.7299270072992701,0.7058823529411765
1,5,12,0.5828718543052673,0.6152660846710205,0.7299270072992701,0.7058823529411765
1,5,13,0.5808602571487427,0.6124898195266724,0.7299270072992701,0.7058823529411765
1,5,14,0.5788290500640869,0.6089394688606262,0.7299270072992701,0.7058823529411765
1,5,15,0.577862024307251,0.6062072515487671,0.7299270072992701,0.7058823529411765
1,5,16,0.5780081748962402,0.6049732565879822,0.7299270072992701,0.7058823529411765
1,5,17,0.5781805515289307,0.6046670079231262,0.7299270072992701,0.7058823529411765
1,5,18,0.577595591545105,0.6045478582382202,0.7299270072992701,0.7058823529411765
1,5,19,0.5762203335762024,0.6045909523963928,0.7299270072992701,0.7058823529411765
1,5,20,0.5747665166854858,0.605268120765686,0.7299270072992701,0.7058823529411765
1,5,21,0.5739458799362183,0.6068305969238281,0.7299270072992701,0.7058823529411765
1,5,22,0.5736217498779297,0.6086200475692749,0.7299270072992701,0.7058823529411765
1,5,23,0.5731149911880493,0.6095214486122131,0.7299270072992701,0.7058823529411765
1,5,24,0.5720345973968506,0.6091195344924927,0.7299270072992701,0.7058823529411765
1,5,25,0.5705162286758423,0.6075738072395325,0.7299270072992701,0.7058823529411765
1,5,26,0.5690959095954895,0.605516254901886,0.7299270072992701,0.7058823529411765
1,5,27,0.568126916885376,0.604188084602356,0.7299270072992701,0.7058823529411765
1,5,28,0.567204475402832,0.6035026907920837,0.7299270072992701,0.7058823529411765
1,5,29,0.5660161972045898,0.6031747460365295,0.7299270072992701,0.7058823529411765
1,5,30,0.5640952587127686,0.6033734679222107,0.7299270072992701,0.7058823529411765
1,5,31,0.5619584918022156,0.604558527469635,0.7299270072992701,0.7058823529411765
1,5,32,0.5604422688484192,0.606913149356842,0.7299270072992701,0.7058823529411765
1,5,33,0.5587085485458374,0.6079089641571045,0.7299270072992701,0.7058823529411765
1,5,34,0.5560780763626099,0.6069912910461426,0.7299270072992701,0.7058823529411765
1,5,35,0.55314701795578,0.6049798130989075,0.7299270072992701,0.7058823529411765
1,5,36,0.5504586696624756,0.6029170155525208,0.7299270072992701,0.7058823529411765
1,5,37,0.5477349758148193,0.6018564701080322,0.7299270072992701,0.7058823529411765
1,5,38,0.5440108180046082,0.601811945438385,0.7299270072992701,0.7058823529411765
1,5,39,0.5399108529090881,0.6030965447425842,0.7299270072992701,0.7058823529411765
1,5,40,0.5361846089363098,0.6052192449569702,0.7299270072992701,0.7058823529411765
1,5,41,0.531682014465332,0.6037147641181946,0.7299270072992701,0.7058823529411765
1,5,42,0.5272735357284546,0.6025067567825317,0.7299270072992701,0.7058823529411765
1,5,43,0.5224205851554871,0.6027488112449646,0.7299270072992701,0.7058823529411765
1,5,44,0.5171917676925659,0.6040751934051514,0.7299270072992701,0.7058823529411765
1,5,45,0.511987030506134,0.6053240895271301,0.7372262773722628,0.7058823529411765
1,5,46,0.506359338760376,0.604476809501648,0.7372262773722628,0.7058823529411765
1,5,47,0.5007241368293762,0.6032240390777588,0.7518248175182481,0.6764705882352942
1,5,48,0.4947566092014313,0.6045775413513184,0.7591240875912408,0.6764705882352942
1,5,49,0.4894062876701355,0.609009325504303,0.7591240875912408,0.6764705882352942
1,5,50,0.48381733894348145,0.6117170453071594,0.7664233576642335,0.6764705882352942
1,5,51,0.4780717194080353,0.6140801906585693,0.7591240875912408,0.6764705882352942
1,5,52,0.4738878607749939,0.6114950776100159,0.7518248175182481,0.6764705882352942
1,5,53,0.4668620824813843,0.6172153353691101,0.7518248175182481,0.6764705882352942
1,5,54,0.46397244930267334,0.6298770904541016,0.7518248175182481,0.6764705882352942
1,5,55,0.4570963978767395,0.6255967617034912,0.7518248175182481,0.6764705882352942
1,5,56,0.4558931887149811,0.6280874609947205,0.7591240875912408,0.7647058823529411
1,5,57,0.45033279061317444,0.6462908387184143,0.7518248175182481,0.6764705882352942
1,5,58,0.44506898522377014,0.6506372094154358,0.7518248175182481,0.7352941176470589
1,5,59,0.4410046637058258,0.6476836800575256,0.7737226277372263,0.7941176470588235
1,5,60,0.4374266564846039,0.6539781093597412,0.781021897810219,0.7941176470588235
1,5,61,0.4420905113220215,0.6835180521011353,0.7591240875912408,0.7941176470588235
1,5,62,0.42859888076782227,0.6718897819519043,0.7737226277372263,0.7941176470588235
1,5,63,0.43256136775016785,0.6736863851547241,0.7883211678832117,0.7352941176470589
1,5,64,0.42303282022476196,0.684354841709137,0.781021897810219,0.7647058823529411
1,5,65,0.424215167760849,0.7016815543174744,0.781021897810219,0.7941176470588235
1,5,66,0.4190436005592346,0.7037377953529358,0.781021897810219,0.7647058823529411
1,5,67,0.42230308055877686,0.699376106262207,0.7883211678832117,0.7058823529411765
1,5,68,0.41495323181152344,0.7125353217124939,0.8029197080291971,0.7647058823529411
1,5,69,0.41624611616134644,0.7314191460609436,0.781021897810219,0.7647058823529411
1,5,70,0.41204172372817993,0.7302929162979126,0.7883211678832117,0.7647058823529411
1,5,71,0.4126817286014557,0.7223315834999084,0.7883211678832117,0.7352941176470589
1,5,72,0.40968766808509827,0.7306324243545532,0.7956204379562044,0.7352941176470589
1,5,73,0.4087725281715393,0.7523462176322937,0.7956204379562044,0.7647058823529411
1,5,74,0.40788424015045166,0.7579764127731323,0.781021897810219,0.7647058823529411
1,5,75,0.40686091780662537,0.7416281700134277,0.8029197080291971,0.7058823529411765
1,5,76,0.4022993743419647,0.7519717812538147,0.7956204379562044,0.7352941176470589
1,5,77,0.4062625765800476,0.778729259967804,0.7883211678832117,0.7352941176470589
1,5,78,0.3989196717739105,0.7632432579994202,0.8029197080291971,0.7352941176470589
1,5,79,0.4003288149833679,0.7590311765670776,0.8175182481751825,0.7058823529411765
1,5,80,0.39702701568603516,0.775581419467926,0.7956204379562044,0.7352941176470589
1,5,81,0.3969097137451172,0.7845960259437561,0.7956204379562044,0.7352941176470589
1,5,82,0.39740559458732605,0.7667794227600098,0.8102189781021898,0.6764705882352942
1,5,83,0.3937574028968811,0.775226354598999,0.8102189781021898,0.7352941176470589
1,5,84,0.4000924527645111,0.8043628334999084,0.781021897810219,0.7352941176470589
1,5,85,0.3911069929599762,0.7808403968811035,0.8175182481751825,0.7352941176470589
1,5,86,0.39124399423599243,0.7765153050422668,0.8175182481751825,0.7058823529411765
1,5,87,0.3899425268173218,0.787449836730957,0.8175182481751825,0.7352941176470589
1,5,88,0.3941527009010315,0.8045068383216858,0.7883211678832117,0.7352941176470589
1,5,89,0.3875482976436615,0.7794066071510315,0.8175182481751825,0.7352941176470589
1,5,90,0.39922547340393066,0.7680929899215698,0.8175182481751825,0.6470588235294118
1,5,91,0.38727331161499023,0.7976318597793579,0.8102189781021898,0.7352941176470589
1,5,92,0.39512473344802856,0.8185645341873169,0.7883211678832117,0.7352941176470589
1,5,93,0.3868263363838196,0.7797564268112183,0.8248175182481752,0.6764705882352942
1,5,94,0.3920761048793793,0.774725079536438,0.8248175182481752,0.6470588235294118
1,5,95,0.3831311762332916,0.8000643849372864,0.8175182481751825,0.7352941176470589
1,5,96,0.3855449855327606,0.8113559484481812,0.7956204379562044,0.7352941176470589
1,5,97,0.383773535490036,0.7802370190620422,0.8321167883211679,0.6764705882352942
1,5,98,0.38212645053863525,0.7843434810638428,0.8321167883211679,0.7058823529411765
1,5,99,0.3805149793624878,0.8093076348304749,0.8175182481751825,0.7352941176470589
1,5,100,0.3807305693626404,0.8147441744804382,0.8102189781021898,0.7352941176470589
2,1,1,0.5889396667480469,0.6046347618103027,0.7279411764705882,0.7142857142857143
2,1,2,0.60716313123703,0.6271633505821228,0.7279411764705882,0.7142857142857143
2,1,3,0.5898645520210266,0.606431245803833,0.7279411764705882,0.7142857142857143
2,1,4,0.5855986475944519,0.5980793237686157,0.7279411764705882,0.7142857142857143
2,1,5,0.589374840259552,0.6001785397529602,0.7279411764705882,0.7142857142857143
2,1,6,0.5888009071350098,0.5998287796974182,0.7279411764705882,0.7142857142857143
2,1,7,0.5856724977493286,0.5980032682418823,0.7279411764705882,0.7142857142857143
2,1,8,0.5839369893074036,0.5980556011199951,0.7279411764705882,0.7142857142857143
2,1,9,0.5846095681190491,0.6003125905990601,0.7279411764705882,0.7142857142857143
2,1,10,0.5851255059242249,0.6015609502792358,0.7279411764705882,0.7142857142857143
2,1,11,0.5842424631118774,0.6005472540855408,0.7279411764705882,0.7142857142857143
2,1,12,0.5828207731246948,0.598296582698822,0.7279411764705882,0.7142857142857143
2,1,13,0.5824272036552429,0.5969920754432678,0.7279411764705882,0.7142857142857143
2,1,14,0.5826900005340576,0.5967180728912354,0.7279411764705882,0.7142857142857143
2,1,15,0.5826404690742493,0.5966325402259827,0.7279411764705882,0.7142857142857143
2,1,16,0.5819576978683472,0.5963796377182007,0.7279411764705882,0.7142857142857143
2,1,17,0.5809445381164551,0.5961889028549194,0.7279411764705882,0.7142857142857143
2,1,18,0.5801815986633301,0.5964599847793579,0.7279411764705882,0.7142857142857143
2,1,19,0.5798780918121338,0.5971692800521851,0.7279411764705882,0.7142857142857143
2,1,20,0.5797197818756104,0.597744882106781,0.7279411764705882,0.7142857142857143
2,1,21,0.5791510343551636,0.5974900126457214,0.7279411764705882,0.7142857142857143
2,1,22,0.5782598853111267,0.5965003967285156,0.7279411764705882,0.7142857142857143
2,1,23,0.5775238275527954,0.5957731008529663,0.7279411764705882,0.7142857142857143
2,1,24,0.5768909454345703,0.5951563119888306,0.7279411764705882,0.7142857142857143
2,1,25,0.5762122869491577,0.5945995450019836,0.7279411764705882,0.7142857142857143
2,1,26,0.5754278898239136,0.5941893458366394,0.7279411764705882,0.7142857142857143
2,1,27,0.5745260119438171,0.5940187573432922,0.7279411764705882,0.7142857142857143
2,1,28,0.5735818147659302,0.594024121761322,0.7279411764705882,0.7142857142857143
2,1,29,0.5726843476295471,0.5941630601882935,0.7279411764705882,0.7142857142857143
2,1,30,0.571632444858551,0.5937584042549133,0.7279411764705882,0.7142857142857143
2,1,31,0.5704103708267212,0.5929734110832214,0.7279411764705882,0.7142857142857143
2,1,32,0.5690791010856628,0.5921027064323425,0.7279411764705882,0.7142857142857143
2,1,33,0.5677003860473633,0.5912116169929504,0.7279411764705882,0.7142857142857143
2,1,34,0.566131055355072,0.5903075933456421,0.7279411764705882,0.7142857142857143
2,1,35,0.5642396807670593,0.5897316932678223,0.7279411764705882,0.7142857142857143
2,1,36,0.5621626377105713,0.5893014073371887,0.7279411764705882,0.7142857142857143
2,1,37,0.56000816822052,0.5886622071266174,0.7279411764705882,0.7142857142857143
2,1,38,0.5576223731040955,0.5875495076179504,0.7279411764705882,0.7142857142857143
2,1,39,0.555101752281189,0.5860548615455627,0.7279411764705882,0.7142857142857143
2,1,40,0.5523095726966858,0.5846934914588928,0.7279411764705882,0.7142857142857143
2,1,41,0.5490427613258362,0.5835810899734497,0.7279411764705882,0.7142857142857143
2,1,42,0.5454674959182739,0.5827562808990479,0.7279411764705882,0.7142857142857143
2,1,43,0.5416291952133179,0.5822536945343018,0.7279411764705882,0.7142857142857143
2,1,44,0.5375449061393738,0.5803626179695129,0.7279411764705882,0.7142857142857143
2,1,45,0.5334520936012268,0.5775558948516846,0.7279411764705882,0.7142857142857143
2,1,46,0.5289937257766724,0.5761058330535889,0.7279411764705882,0.7142857142857143
2,1,47,0.5243326425552368,0.577064573764801,0.7279411764705882,0.7142857142857143
2,1,48,0.5194398164749146,0.5756068229675293,0.7279411764705882,0.7142857142857143
2,1,49,0.5145334601402283,0.5752493739128113,0.7279411764705882,0.7142857142857143
2,1,50,0.5091685652732849,0.5723958015441895,0.7352941176470589,0.7142857142857143
2,1,51,0.5051390528678894,0.5712624788284302,0.7279411764705882,0.7142857142857143
2,1,52,0.4990474581718445,0.5732725262641907,0.7279411764705882,0.7142857142857143
2,1,53,0.49593377113342285,0.5788329839706421,0.7279411764705882,0.7142857142857143
2,1,54,0.4895802140235901,0.5738473534584045,0.7573529411764706,0.7142857142857143
2,1,55,0.48585784435272217,0.5738294124603271,0.75,0.7428571428571429
2,1,56,0.48038628697395325,0.57881098985672,0.7573529411764706,0.7142857142857143
2,1,57,0.48077651858329773,0.5889760851860046,0.7573529411764706,0.7142857142857143
2,1,58,0.4730924665927887,0.5767358541488647,0.7647058823529411,0.7428571428571429
2,1,59,0.47038400173187256,0.5779673457145691,0.7352941176470589,0.7428571428571429
2,1,60,0.4765625596046448,0.6027312278747559,0.75,0.7428571428571429
2,1,61,0.4627199172973633,0.5842772126197815,0.7352941176470589,0.7428571428571429
2,1,62,0.46766528487205505,0.5867387652397156,0.7352941176470589,0.7428571428571429
2,1,63,0.45895907282829285,0.5971060395240784,0.7426470588235294,0.7428571428571429
2,1,64,0.4589705169200897,0.6061391234397888,0.75,0.7428571428571429
2,1,65,0.4541848599910736,0.597105085849762,0.7352941176470589,0.7142857142857143
2,1,66,0.45774707198143005,0.5988966822624207,0.7647058823529411,0.7428571428571429
2,1,67,0.4543495774269104,0.619014322757721,0.7426470588235294,0.7428571428571429
2,1,68,0.4482792019844055,0.613127589225769,0.7352941176470589,0.7142857142857143
2,1,69,0.44999393820762634,0.6072253584861755,0.7573529411764706,0.7428571428571429
2,1,70,0.44611090421676636,0.6217547059059143,0.7352941176470589,0.7142857142857143
2,1,71,0.4447173476219177,0.6232138276100159,0.7352941176470589,0.7142857142857143
2,1,72,0.4464778006076813,0.6152759790420532,0.7573529411764706,0.7428571428571429
2,1,73,0.4414072632789612,0.6234449148178101,0.75,0.7142857142857143
2,1,74,0.44000428915023804,0.6269605159759521,0.75,0.7142857142857143
2,1,75,0.44146493077278137,0.6196604371070862,0.7647058823529411,0.7714285714285715
2,1,76,0.44167909026145935,0.640185534954071,0.7352941176470589,0.7142857142857143
2,1,77,0.4372180104255676,0.6279788017272949,0.7720588235294118,0.7142857142857143
2,1,78,0.4392757713794708,0.6246443390846252,0.8161764705882353,0.7714285714285715
2,1,79,0.4342450797557831,0.6350867748260498,0.7720588235294118,0.7142857142857143
2,1,80,0.4347979426383972,0.6400700211524963,0.7573529411764706,0.7142857142857143
2,1,81,0.43706202507019043,0.6248379945755005,0.7941176470588235,0.7714285714285715
2,1,82,0.431734174489975,0.6300723552703857,0.7720588235294118,0.7428571428571429
2,1,83,0.43235817551612854,0.6368722915649414,0.75,0.7142857142857143
2,1,84,0.43284857273101807,0.6235077977180481,0.8088235294117647,0.7714285714285715
2,1,85,0.43450525403022766,0.6219595670700073,0.8088235294117647,0.7714285714285715
2,1,86,0.43802982568740845,0.6526524424552917,0.7426470588235294,0.7142857142857143
2,1,87,0.4339487850666046,0.6467748284339905,0.7352941176470589,0.7142857142857143
2,1,88,0.4321374297142029,0.6232770681381226,0.8161764705882353,0.7714285714285715
2,1,89,0.4350198209285736,0.6237295866012573,0.8088235294117647,0.7428571428571429
2,1,90,0.4274131953716278,0.6408308744430542,0.7573529411764706,0.7142857142857143
2,1,91,0.432717889547348,0.6568810343742371,0.7352941176470589,0.7142857142857143
2,1,92,0.42414236068725586,0.6405545473098755,0.7647058823529411,0.7142857142857143
2,1,93,0.4284273386001587,0.6293324828147888,0.8088235294117647,0.7714285714285715
2,1,94,0.42236343026161194,0.6378685832023621,0.8088235294117647,0.7714285714285715
2,1,95,0.42982393503189087,0.6638054847717285,0.7426470588235294,0.7142857142857143
2,1,96,0.4194360077381134,0.6431958675384521,0.8014705882352942,0.7714285714285715
2,1,97,0.4311082065105438,0.6311668157577515,0.7867647058823529,0.6857142857142857
2,1,98,0.42056185007095337,0.6340710520744324,0.8014705882352942,0.7714285714285715
2,1,99,0.43168482184410095,0.6694066524505615,0.75,0.7142857142857143
2,1,100,0.4219673275947571,0.6544251441955566,0.7647058823529411,0.7142857142857143
2,2,1,0.5970296263694763,0.5816033482551575,0.7226277372262774,0.7352941176470589
2,2,2,0.6046196818351746,0.5877280831336975,0.7226277372262774,0.7352941176470589
2,2,3,0.5903084874153137,0.5777853727340698,0.7226277372262774,0.7352941176470589
2,2,4,0.5937570333480835,0.5843753218650818,0.7226277372262774,0.7352941176470589
2,2,5,0.5937156677246094,0.5846331715583801,0.7226277372262774,0.7352941176470589
2,2,6,0.590069055557251,0.5798544883728027,0.7226277372262774,0.7352941176470589
2,2,7,0.5895925760269165,0.5775962471961975,0.7226277372262774,0.7352941176470589
2,2,8,0.5921564102172852,0.5791221261024475,0.7226277372262774,0.7352941176470589
2,2,9,0.5911678671836853,0.5787103176116943,0.7226277372262774,0.7352941176470589
2,2,10,0.588269054889679,0.5775524973869324,0.7226277372262774,0.7352941176470589
2,2,11,0.5881316065788269,0.5794515013694763,0.7226277372262774,0.7352941176470589
2,2,12,0.5891545414924622,0.5816303491592407,0.7226277372262774,0.7352941176470589
2,2,13,0.5885112881660461,0.5812609195709229,0.7226277372262774,0.7352941176470589
2,2,14,0.5866753458976746,0.5789512395858765,0.7226277372262774,0.7352941176470589
2,2,15,0.5860276222229004,0.5776326656341553,0.7226277372262774,0.7352941176470589
2,2,16,0.5865805745124817,0.5777060389518738,0.7226277372262774,0.7352941176470589
2,2,17,0.5864999890327454,0.5778366327285767,0.7226277372262774,0.7352941176470589
2,2,18,0.5852168202400208,0.5774325132369995,0.7226277372262774,0.7352941176470589
2,2,19,0.5839506387710571,0.5775246620178223,0.7226277372262774,0.7352941176470589
2,2,20,0.5836858749389648,0.5785414576530457,0.7226277372262774,0.7352941176470589
2,2,21,0.583253026008606,0.5788818597793579,0.7226277372262774,0.7352941176470589
2,2,22,0.5822790861129761,0.5783011317253113,0.7226277372262774,0.7352941176470589
2,2,23,0.5814157724380493,0.5772983431816101,0.7226277372262774,0.7352941176470589
2,2,24,0.5809781551361084,0.5768914222717285,0.7226277372262774,0.7352941176470589
2,2,25,0.58035808801651,0.5767616629600525,0.7226277372262774,0.7352941176470589
2,2,26,0.5792323350906372,0.5766010284423828,0.7226277372262774,0.7352941176470589
2,2,27,0.5779930353164673,0.576880693435669,0.7226277372262774,0.7352941176470589
2,2,28,0.577090322971344,0.577312171459198,0.7226277372262774,0.7352941176470589
2,2,29,0.5760778784751892,0.5773957371711731,0.7226277372262774,0.7352941176470589
2,2,30,0.574634850025177,0.5767961144447327,0.7226277372262774,0.7352941176470589
2,2,31,0.5731655955314636,0.575931966304779,0.7226277372262774,0.7352941176470589
2,2,32,0.5719766020774841,0.5753591060638428,0.7226277372262774,0.7352941176470589
2,2,33,0.5705732703208923,0.5750679969787598,0.7226277372262774,0.7352941176470589
2,2,34,0.568367600440979,0.5749650597572327,0.7226277372262774,0.7352941176470589
2,2,35,0.5663390159606934,0.575362503528595,0.7226277372262774,0.7352941176470589
2,2,36,0.5645345449447632,0.576004683971405,0.7226277372262774,0.7352941176470589
2,2,37,0.5621878504753113,0.5755287408828735,0.7226277372262774,0.7352941176470589
2,2,38,0.5591722726821899,0.5741044282913208,0.7226277372262774,0.7352941176470589
2,2,39,0.5562124848365784,0.5726081132888794,0.7226277372262774,0.7352941176470589
2,2,40,0.5543685555458069,0.5716715455055237,0.7226277372262774,0.7352941176470589
2,2,41,0.5500814318656921,0.5708049535751343,0.7226277372262774,0.7352941176470589
2,2,42,0.5462002158164978,0.5716633796691895,0.7226277372262774,0.7352941176470589
2,2,43,0.5429445505142212,0.5719656348228455,0.7226277372262774,0.7352941176470589
2,2,44,0.5381166934967041,0.5684435367584229,0.7226277372262774,0.7352941176470589
2,2,45,0.5356516242027283,0.567362368106842,0.7226277372262774,0.7352941176470589
2,2,46,0.5298762917518616,0.567395806312561,0.7226277372262774,0.7352941176470589
2,2,47,0.5268176794052124,0.5684390664100647,0.7299270072992701,0.7352941176470589
2,2,48,0.5218923687934875,0.5642382502555847,0.7299270072992701,0.7352941176470589
2,2,49,0.5176242589950562,0.5626373887062073,0.7226277372262774,0.7352941176470589
2,2,50,0.5135873556137085,0.5625820755958557,0.7372262773722628,0.6764705882352942
2,2,51,0.5092433094978333,0.5599946975708008,0.7518248175182481,0.6764705882352942
2,2,52,0.5054734945297241,0.5583140254020691,0.7518248175182481,0.6764705882352942
2,2,53,0.5018640756607056,0.5580286383628845,0.7664233576642335,0.6764705882352942
2,2,54,0.4998372793197632,0.5556840300559998,0.7591240875912408,0.6764705882352942
2,2,55,0.4951765537261963,0.5551469326019287,0.7956204379562044,0.6764705882352942
2,2,56,0.4940928518772125,0.5518700480461121,0.7664233576642335,0.6764705882352942
2,2,57,0.49212634563446045,0.5500397682189941,0.7737226277372263,0.6764705882352942
2,2,58,0.4909552037715912,0.553779661655426,0.8029197080291971,0.7352941176470589
2,2,59,0.48729461431503296,0.5475897192955017,0.7737226277372263,0.7058823529411765
2,2,60,0.48791682720184326,0.544562578201294,0.7956204379562044,0.6764705882352942
2,2,61,0.48643815517425537,0.5506001114845276,0.7956204379562044,0.7352941176470589
2,2,62,0.4815322458744049,0.5428428053855896,0.7956204379562044,0.7352941176470589
2,2,63,0.49191924929618835,0.5451977849006653,0.781021897810219,0.6764705882352942
2,2,64,0.4820915758609772,0.547917902469635,0.781021897810219,0.7352941176470589
2,2,65,0.48095202445983887,0.5472965836524963,0.781021897810219,0.7352941176470589
2,2,66,0.48829561471939087,0.5432135462760925,0.781021897810219,0.6764705882352942
2,2,67,0.47630682587623596,0.539717972278595,0.8175182481751825,0.7352941176470589
2,2,68,0.47717663645744324,0.5421596169471741,0.7956204379562044,0.7352941176470589
2,2,69,0.4755699932575226,0.5334486365318298,0.7956204379562044,0.7352941176470589
2,2,70,0.4806647300720215,0.5343547463417053,0.7883211678832117,0.7058823529411765
2,2,71,0.48909497261047363,0.5578001141548157,0.7883211678832117,0.6764705882352942
2,2,72,0.47357627749443054,0.5340051651000977,0.7956204379562044,0.7352941176470589
2,2,73,0.4917307496070862,0.5382587313652039,0.7737226277372263,0.7058823529411765
2,2,74,0.4741913080215454,0.5281206965446472,0.8029197080291971,0.6764705882352942
2,2,75,0.4787302017211914,0.5427107214927673,0.8029197080291971,0.7058823529411765
2,2,76,0.4779576063156128,0.5410439968109131,0.8029197080291971,0.7352941176470589
2,2,77,0.47711071372032166,0.5269671678543091,0.781021897810219,0.7058823529411765
2,2,78,0.476595014333725,0.5267418026924133,0.781021897810219,0.7058823529411765
2,2,79,0.4706190228462219,0.5305793881416321,0.7956204379562044,0.7352941176470589
2,2,80,0.47269466519355774,0.5361518859863281,0.8102189781021898,0.7352941176470589
2,2,81,0.4686770439147949,0.525841474533081,0.8029197080291971,0.7352941176470589
2,2,82,0.47888582944869995,0.531231164932251,0.781021897810219,0.7058823529411765
2,2,83,0.4670344293117523,0.5261111855506897,0.8029197080291971,0.7352941176470589
2,2,84,0.47212111949920654,0.5396191477775574,0.8102189781021898,0.7352941176470589
2,2,85,0.47030359506607056,0.5371902585029602,0.8029197080291971,0.7352941176470589
2,2,86,0.46733972430229187,0.5243545174598694,0.8102189781021898,0.7058823529411765
2,2,87,0.47440820932388306,0.5264643430709839,0.781021897810219,0.7058823529411765
2,2,88,0.4638000428676605,0.5225631594657898,0.8029197080291971,0.7352941176470589
2,2,89,0.4705621302127838,0.5353186130523682,0.8029197080291971,0.7352941176470589
2,2,90,0.46553564071655273,0.5280125737190247,0.8175182481751825,0.7058823529411765
2,2,91,0.46645718812942505,0.5203418731689453,0.781021897810219,0.7058823529411765
2,2,92,0.46673765778541565,0.5208325386047363,0.7883211678832117,0.7058823529411765
2,2,93,0.461146742105484,0.522179365158081,0.8102189781021898,0.7352941176470589
2,2,94,0.46362993121147156,0.5294719934463501,0.8248175182481752,0.7058823529411765
2,2,95,0.4606500566005707,0.5245364904403687,0.8175182481751825,0.7352941176470589
2,2,96,0.4613225758075714,0.5214092135429382,0.8029197080291971,0.7352941176470589
2,2,97,0.46275174617767334,0.5218943357467651,0.8029197080291971,0.7058823529411765
2,2,98,0.45875415205955505,0.5223689675331116,0.7956204379562044,0.7352941176470589
2,2,99,0.459462970495224,0.527426540851593,0.8321167883211679,0.7058823529411765
2,2,100,0.45703014731407166,0.5219003558158875,0.8102189781021898,0.7352941176470589
2,3,1,0.5912030935287476,0.5801036953926086,0.7226277372262774,0.7352941176470589
2,3,2,0.6434058547019958,0.6216567158699036,0.7226277372262774,0.7352941176470589
2,3,3,0.6096840500831604,0.5920019149780273,0.7226277372262774,0.7352941176470589
2,3,4,0.5902467966079712,0.577978253364563,0.7226277372262774,0.7352941176470589
2,3,5,0.5960990786552429,0.587202250957489,0.7226277372262774,0.7352941176470589
2,3,6,0.6018732190132141,0.5942342281341553,0.7226277372262774,0.7352941176470589
2,3,7,0.6007984280586243,0.593032956123352,0.7226277372262774,0.7352941176470589
2,3,8,0.5955837368965149,0.5868111848831177,0.7226277372262774,0.7352941176470589
2,3,9,0.5907514691352844,0.5804054141044617,0.7226277372262774,0.7352941176470589
2,3,10,0.5896517038345337,0.5776275396347046,0.7226277372262774,0.7352941176470589
2,3,11,0.5917049646377563,0.5784140825271606,0.7226277372262774,0.7352941176470589
2,3,12,0.5929314494132996,0.5793214440345764,0.7226277372262774,0.7352941176470589
2,3,13,0.5918818116188049,0.5787493586540222,0.7226277372262774,0.7352941176470589
2,3,14,0.5900281667709351,0.577792227268219,0.7226277372262774,0.7352941176470589
2,3,15,0.5886780619621277,0.5776434540748596,0.7226277372262774,0.7352941176470589
2,3,16,0.5886540412902832,0.5786234736442566,0.7226277372262774,0.7352941176470589
2,3,17,0.5891721248626709,0.5798751711845398,0.7226277372262774,0.7352941176470589
2,3,18,0.5892782211303711,0.5803458094596863,0.7226277372262774,0.7352941176470589
2,3,19,0.5888528227806091,0.5800514221191406,0.7226277372262774,0.7352941176470589
2,3,20,0.588138997554779,0.5792861580848694,0.7226277372262774,0.7352941176470589
2,3,21,0.5873989462852478,0.5783719420433044,0.7226277372262774,0.7352941176470589
2,3,22,0.5868666172027588,0.5776119232177734,0.7226277372262774,0.7352941176470589
2,3,23,0.5866602659225464,0.5772387385368347,0.7226277372262774,0.7352941176470589
2,3,24,0.586590051651001,0.5771442651748657,0.7226277372262774,0.7352941176470589
2,3,25,0.5863805413246155,0.5771018266677856,0.7226277372262774,0.7352941176470589
2,3,26,0.5859165191650391,0.5769798755645752,0.7226277372262774,0.7352941176470589
2,3,27,0.5853142142295837,0.5768561363220215,0.7226277372262774,0.7352941176470589
2,3,28,0.5846548676490784,0.5769056677818298,0.7226277372262774,0.7352941176470589
2,3,29,0.5844106078147888,0.5775559544563293,0.7226277372262774,0.7352941176470589
2,3,30,0.5843960642814636,0.5782355070114136,0.7226277372262774,0.7352941176470589
2,3,31,0.5841500759124756,0.5784590840339661,0.7226277372262774,0.7352941176470589
2,3,32,0.5834014415740967,0.5780009627342224,0.7226277372262774,0.7352941176470589
2,3,33,0.5823596715927124,0.5771285891532898,0.7226277372262774,0.7352941176470589
2,3,34,0.5814393758773804,0.576333224773407,0.7226277372262774,0.7352941176470589
2,3,35,0.5809845924377441,0.5759318470954895,0.7226277372262774,0.7352941176470589
2,3,36,0.5809188485145569,0.5759872794151306,0.7226277372262774,0.7352941176470589
2,3,37,0.5804239511489868,0.5759547352790833,0.7226277372262774,0.7352941176470589
2,3,38,0.5790332555770874,0.5754435658454895,0.7226277372262774,0.7352941176470589
2,3,39,0.5777568221092224,0.575169563293457,0.7226277372262774,0.7352941176470589
2,3,40,0.5769684314727783,0.5753617882728577,0.7226277372262774,0.7352941176470589
2,3,41,0.5765849351882935,0.5758665800094604,0.7226277372262774,0.7352941176470589
2,3,42,0.575863778591156,0.5759497284889221,0.7226277372262774,0.7352941176470589
2,3,43,0.5743467807769775,0.5750358700752258,0.7226277372262774,0.7352941176470589
2,3,44,0.5727518796920776,0.5739389061927795,0.7226277372262774,0.7352941176470589
2,3,45,0.5716612935066223,0.5734887719154358,0.7226277372262774,0.7352941176470589
2,3,46,0.5705044269561768,0.5732452273368835,0.7226277372262774,0.7352941176470589
2,3,47,0.5690352320671082,0.5729666948318481,0.7226277372262774,0.7352941176470589
2,3,48,0.5673215985298157,0.5725720524787903,0.7226277372262774,0.7352941176470589
2,3,49,0.5656690001487732,0.5722270607948303,0.7226277372262774,0.7352941176470589
2,3,50,0.5639473795890808,0.5718806385993958,0.7226277372262774,0.7352941176470589
2,3,51,0.5622180104255676,0.5714762806892395,0.7226277372262774,0.7352941176470589
2,3,52,0.560047447681427,0.5707218647003174,0.7226277372262774,0.7352941176470589
2,3,53,0.5576901435852051,0.5699368715286255,0.7226277372262774,0.7352941176470589
2,3,54,0.5553469657897949,0.5692850351333618,0.7226277372262774,0.7352941176470589
2,3,55,0.553193986415863,0.5687379240989685,0.7226277372262774,0.7352941176470589
2,3,56,0.5504679679870605,0.5678269863128662,0.7226277372262774,0.7352941176470589
2,3,57,0.547805905342102,0.5669306516647339,0.7226277372262774,0.7352941176470589
2,3,58,0.5452475547790527,0.5661558508872986,0.7226277372262774,0.7352941176470589
2,3,59,0.5421688556671143,0.5650452375411987,0.7226277372262774,0.7352941176470589
2,3,60,0.5388187766075134,0.5640108585357666,0.7226277372262774,0.7352941176470589
2,3,61,0.5356508493423462,0.5631499886512756,0.7226277372262774,0.7352941176470589
2,3,62,0.5324748158454895,0.5622249245643616,0.7226277372262774,0.7352941176470589
2,3,63,0.5294196009635925,0.5604996681213379,0.7226277372262774,0.7352941176470589
2,3,64,0.5259823203086853,0.5592215061187744,0.7226277372262774,0.7352941176470589
2,3,65,0.5230728387832642,0.557705819606781,0.7226277372262774,0.7352941176470589
2,3,66,0.5191285610198975,0.5563711524009705,0.7226277372262774,0.7352941176470589
2,3,67,0.5160400867462158,0.5560165047645569,0.7226277372262774,0.7352941176470589
2,3,68,0.5124667286872864,0.5540351867675781,0.7226277372262774,0.7352941176470589
2,3,69,0.510285496711731,0.5509477853775024,0.7299270072992701,0.7352941176470589
2,3,70,0.505768895149231,0.5506507754325867,0.7299270072992701,0.7352941176470589
2,3,71,0.5026277303695679,0.5501351952552795,0.7372262773722628,0.7352941176470589
2,3,72,0.5000884532928467,0.5460044145584106,0.7445255474452555,0.7352941176470589
2,3,73,0.49648284912109375,0.5443221926689148,0.7518248175182481,0.7352941176470589
2,3,74,0.4932657480239868,0.5420935153961182,0.7372262773722628,0.7352941176470589
2,3,75,0.4920661449432373,0.5462895631790161,0.7518248175182481,0.7352941176470589
2,3,76,0.487102210521698,0.5385004281997681,0.7299270072992701,0.7058823529411765
2,3,77,0.48429423570632935,0.537325382232666,0.7372262773722628,0.7352941176470589
2,3,78,0.4821276068687439,0.5354152321815491,0.7372262773722628,0.7058823529411765
2,3,79,0.4804043173789978,0.5376214385032654,0.7372262773722628,0.7352941176470589
2,3,80,0.47774967551231384,0.532781183719635,0.7445255474452555,0.7058823529411765
2,3,81,0.47965651750564575,0.532850980758667,0.7518248175182481,0.7058823529411765
2,3,82,0.472461998462677,0.5323997139930725,0.7518248175182481,0.7058823529411765
2,3,83,0.47073760628700256,0.5319195985794067,0.7518248175182481,0.7058823529411765
2,3,84,0.46879103779792786,0.5252580642700195,0.7518248175182481,0.7058823529411765
2,3,85,0.4667464792728424,0.5263316035270691,0.7591240875912408,0.7058823529411765
2,3,86,0.46578606963157654,0.5257813930511475,0.7591240875912408,0.7058823529411765
2,3,87,0.46456378698349,0.5204154849052429,0.7664233576642335,0.7352941176470589
2,3,88,0.4635607898235321,0.5223689675331116,0.7591240875912408,0.7352941176470589
2,3,89,0.462276428937912,0.5182123184204102,0.7518248175182481,0.7352941176470589
2,3,90,0.4661739766597748,0.5186658501625061,0.781021897810219,0.7352941176470589
2,3,91,0.46160438656806946,0.5183387398719788,0.7591240875912408,0.7352941176470589
2,3,92,0.4681718945503235,0.5319148898124695,0.7591240875912408,0.7352941176470589
2,3,93,0.46199214458465576,0.5201499462127686,0.781021897810219,0.7352941176470589
2,3,94,0.46162712574005127,0.5216504335403442,0.781021897810219,0.7941176470588235
2,3,95,0.46468791365623474,0.5354400277137756,0.7591240875912408,0.7352941176470589
2,3,96,0.4570431709289551,0.5244699716567993,0.7591240875912408,0.7352941176470589
2,3,97,0.46426185965538025,0.526425302028656,0.7664233576642335,0.8235294117647058
2,3,98,0.45653194189071655,0.5263102054595947,0.7591240875912408,0.7352941176470589
2,3,99,0.459719181060791,0.5330942869186401,0.7518248175182481,0.7352941176470589
2,3,100,0.453199177980423,0.5208433866500854,0.781021897810219,0.7352941176470589
2,4,1,0.5935894846916199,0.5793077349662781,0.7226277372262774,0.7352941176470589
2,4,2,0.6100133061408997,0.5919901728630066,0.7226277372262774,0.7352941176470589
2,4,3,0.594132661819458,0.5793706774711609,0.7226277372262774,0.7352941176470589
2,4,4,0.5904679894447327,0.578704297542572,0.7226277372262774,0.7352941176470589
2,4,5,0.5933517217636108,0.5831992626190186,0.7226277372262774,0.7352941176470589
2,4,6,0.5938407778739929,0.5837681889533997,0.7226277372262774,0.7352941176470589
2,4,7,0.5916264057159424,0.5806626677513123,0.7226277372262774,0.7352941176470589
2,4,8,0.5898430943489075,0.5775803923606873,0.7226277372262774,0.7352941176470589
2,4,9,0.5901445746421814,0.5764040350914001,0.7226277372262774,0.7352941176470589
2,4,10,0.5915351510047913,0.5768376588821411,0.7226277372262774,0.7352941176470589
2,4,11,0.591414749622345,0.57659912109375,0.7226277372262774,0.7352941176470589
2,4,12,0.5897327065467834,0.5756047368049622,0.7226277372262774,0.7352941176470589
2,4,13,0.5888310074806213,0.5755897760391235,0.7226277372262774,0.7352941176470589
2,4,14,0.5890547633171082,0.5765742659568787,0.7226277372262774,0.7352941176470589
2,4,15,0.5892940163612366,0.5770387053489685,0.7226277372262774,0.7352941176470589
2,4,16,0.5889816284179688,0.5765088200569153,0.7226277372262774,0.7352941176470589
2,4,17,0.5883024334907532,0.5753030180931091,0.7226277372262774,0.7352941176470589
2,4,18,0.587742269039154,0.5740920901298523,0.7226277372262774,0.7352941176470589
2,4,19,0.5874741077423096,0.5733048915863037,0.7226277372262774,0.7352941176470589
2,4,20,0.5873029232025146,0.5727723836898804,0.7226277372262774,0.7352941176470589
2,4,21,0.5869755148887634,0.5724160671234131,0.7226277372262774,0.7352941176470589
2,4,22,0.5866232514381409,0.5721959471702576,0.7226277372262774,0.7352941176470589
2,4,23,0.5863537192344666,0.571968138217926,0.7226277372262774,0.7352941176470589
2,4,24,0.5860953330993652,0.5716758966445923,0.7226277372262774,0.7352941176470589
2,4,25,0.5856888294219971,0.5709478855133057,0.7226277372262774,0.7352941176470589
2,4,26,0.5852715373039246,0.5701398253440857,0.7226277372262774,0.7352941176470589
2,4,27,0.584925651550293,0.5693898797035217,0.7226277372262774,0.7352941176470589
2,4,28,0.5845237970352173,0.5686757564544678,0.7226277372262774,0.7352941176470589
2,4,29,0.5840646028518677,0.5680109858512878,0.7226277372262774,0.7352941176470589
2,4,30,0.5835431218147278,0.5674199461936951,0.7226277372262774,0.7352941176470589
2,4,31,0.5830464363098145,0.5668854713439941,0.7226277372262774,0.7352941176470589
2,4,32,0.5826331377029419,0.5663792490959167,0.7226277372262774,0.7352941176470589
2,4,33,0.5821787118911743,0.5657117366790771,0.7226277372262774,0.7352941176470589
2,4,34,0.5815126299858093,0.5646708607673645,0.7226277372262774,0.7352941176470589
2,4,35,0.5807541012763977,0.5633853673934937,0.7226277372262774,0.7352941176470589
2,4,36,0.5800185203552246,0.5620670914649963,0.7226277372262774,0.7352941176470589
2,4,37,0.5792559385299683,0.5608460307121277,0.7226277372262774,0.7352941176470589
2,4,38,0.5784211158752441,0.5596427917480469,0.7226277372262774,0.7352941176470589
2,4,39,0.5775200128555298,0.5583841800689697,0.7226277372262774,0.7352941176470589
2,4,40,0.5765950083732605,0.557107150554657,0.7226277372262774,0.7352941176470589
2,4,41,0.5755820274353027,0.5556009411811829,0.7226277372262774,0.7352941176470589
2,4,42,0.574505090713501,0.5539470911026001,0.7226277372262774,0.7352941176470589
2,4,43,0.5733585953712463,0.5521206855773926,0.7226277372262774,0.7352941176470589
2,4,44,0.5720508694648743,0.5502565503120422,0.7226277372262774,0.7352941176470589
2,4,45,0.5707504153251648,0.5483473539352417,0.7226277372262774,0.7352941176470589
2,4,46,0.5692847371101379,0.5463562607765198,0.7226277372262774,0.7352941176470589
2,4,47,0.5677242875099182,0.5441223382949829,0.7226277372262774,0.7352941176470589
2,4,48,0.565920889377594,0.5413713455200195,0.7226277372262774,0.7352941176470589
2,4,49,0.563908040523529,0.5383596420288086,0.7226277372262774,0.7352941176470589
2,4,50,0.5619863271713257,0.5352218747138977,0.7226277372262774,0.7352941176470589
2,4,51,0.5597667694091797,0.5320577621459961,0.7226277372262774,0.7352941176470589
2,4,52,0.5573223233222961,0.5284978151321411,0.7226277372262774,0.7352941176470589
2,4,53,0.5549789667129517,0.5250142216682434,0.7226277372262774,0.7352941176470589
2,4,54,0.5524049997329712,0.5213542580604553,0.7226277372262774,0.7352941176470589
2,4,55,0.5492599606513977,0.5167791843414307,0.7226277372262774,0.7352941176470589
2,4,56,0.5479337573051453,0.5140595436096191,0.7226277372262774,0.7352941176470589
2,4,57,0.5450762510299683,0.5103321671485901,0.7226277372262774,0.7352941176470589
2,4,58,0.5410624146461487,0.5051029324531555,0.7226277372262774,0.7352941176470589
2,4,59,0.5388503074645996,0.5014861226081848,0.7226277372262774,0.7352941176470589
2,4,60,0.5342504978179932,0.495234876871109,0.7226277372262774,0.7352941176470589
2,4,61,0.5325093269348145,0.49226894974708557,0.7226277372262774,0.7352941176470589
2,4,62,0.5277348756790161,0.4860687255859375,0.7226277372262774,0.7352941176470589
2,4,63,0.5261994004249573,0.4836486876010895,0.7153284671532847,0.7352941176470589
2,4,64,0.5218876600265503,0.478386253118515,0.7153284671532847,0.7352941176470589
2,4,65,0.5212911367416382,0.4766870439052582,0.7226277372262774,0.7352941176470589
2,4,66,0.5154737234115601,0.47012874484062195,0.7226277372262774,0.7352941176470589
2,4,67,0.5134040117263794,0.4675152599811554,0.7226277372262774,0.7647058823529411
2,4,68,0.5102728009223938,0.4626547396183014,0.7299270072992701,0.7352941176470589
2,4,69,0.5088708996772766,0.4608151912689209,0.7226277372262774,0.7352941176470589
2,4,70,0.5063839554786682,0.4601837396621704,0.7372262773722628,0.7941176470588235
2,4,71,0.5065922141075134,0.46018102765083313,0.7372262773722628,0.8235294117647058
2,4,72,0.5043636560440063,0.4564675986766815,0.7226277372262774,0.7647058823529411
2,4,73,0.5027645230293274,0.4547261595726013,0.7226277372262774,0.7647058823529411
2,4,74,0.49975869059562683,0.4532938003540039,0.7445255474452555,0.8235294117647058
2,4,75,0.4951346814632416,0.4488900899887085,0.7372262773722628,0.8235294117647058
2,4,76,0.49410480260849,0.4467228651046753,0.7445255474452555,0.7941176470588235
2,4,77,0.4915470778942108,0.4448430836200714,0.7445255474452555,0.8235294117647058
2,4,78,0.4879167675971985,0.44390252232551575,0.7372262773722628,0.7647058823529411
2,4,79,0.48637062311172485,0.4427662789821625,0.7299270072992701,0.7647058823529411
2,4,80,0.48743805289268494,0.44106224179267883,0.7372262773722628,0.7941176470588235
2,4,81,0.4838334619998932,0.4397282302379608,0.7299270072992701,0.7647058823529411
2,4,82,0.4837527275085449,0.44100722670555115,0.7372262773722628,0.7941176470588235
2,4,83,0.48268693685531616,0.438079833984375,0.7299270072992701,0.7647058823529411
2,4,84,0.48273783922195435,0.4383571743965149,0.7372262773722628,0.7647058823529411
2,4,85,0.4792470932006836,0.43800488114356995,0.7518248175182481,0.7941176470588235
2,4,86,0.4797091484069824,0.4405454695224762,0.7372262773722628,0.7647058823529411
2,4,87,0.47723188996315,0.4371798038482666,0.7518248175182481,0.7647058823529411
2,4,88,0.48259323835372925,0.43869131803512573,0.7372262773722628,0.7647058823529411
2,4,89,0.4779351055622101,0.44243741035461426,0.7664233576642335,0.7941176470588235
2,4,90,0.479596883058548,0.4453161060810089,0.7956204379562044,0.8235294117647058
2,4,91,0.488659143447876,0.44264253973960876,0.7372262773722628,0.7941176470588235
2,4,92,0.48195430636405945,0.43913301825523376,0.7372262773722628,0.7647058823529411
2,4,93,0.4787636697292328,0.4456230103969574,0.7883211678832117,0.7941176470588235
2,4,94,0.47234660387039185,0.4381107687950134,0.7445255474452555,0.7647058823529411
2,4,95,0.48549723625183105,0.4446061849594116,0.7372262773722628,0.7941176470588235
2,4,96,0.4731764793395996,0.43833112716674805,0.7445255474452555,0.7647058823529411
2,4,97,0.48485103249549866,0.4553942382335663,0.8029197080291971,0.7941176470588235
2,4,98,0.4709915816783905,0.4391149580478668,0.7591240875912408,0.7647058823529411
2,4,99,0.486770361661911,0.4460783004760742,0.7372262773722628,0.7941176470588235
2,4,100,0.4688640534877777,0.4369065463542938,0.7518248175182481,0.7647058823529411
2,5,1,0.5870667695999146,0.606255829334259,0.7299270072992701,0.7058823529411765
2,5,2,0.6336968541145325,0.6758469343185425,0.7299270072992701,0.7058823529411765
2,5,3,0.6023518443107605,0.637226939201355,0.7299270072992701,0.7058823529411765
2,5,4,0.582932710647583,0.607105016708374,0.7299270072992701,0.7058823529411765
2,5,5,0.5913238525390625,0.6084360480308533,0.7299270072992701,0.7058823529411765
2,5,6,0.5977793335914612,0.6127029657363892,0.7299270072992701,0.7058823529411765
2,5,7,0.5949263572692871,0.6107667684555054,0.7299270072992701,0.7058823529411765
2,5,8,0.5882567167282104,0.6067373156547546,0.7299270072992701,0.7058823529411765
2,5,9,0.5832201838493347,0.6052222847938538,0.7299270072992701,0.7058823529411765
2,5,10,0.5825166702270508,0.6084152460098267,0.7299270072992701,0.7058823529411765
2,5,11,0.5852839350700378,0.6142690181732178,0.7299270072992701,0.7058823529411765
2,5,12,0.5874890685081482,0.6180544495582581,0.7299270072992701,0.7058823529411765
2,5,13,0.5864047408103943,0.6166338324546814,0.7299270072992701,0.7058823529411765
2,5,14,0.5836345553398132,0.6122824549674988,0.7299270072992701,0.7058823529411765
2,5,15,0.5814213752746582,0.6077534556388855,0.7299270072992701,0.7058823529411765
2,5,16,0.5811026692390442,0.6053685545921326,0.7299270072992701,0.7058823529411765
2,5,17,0.5818973183631897,0.6046654582023621,0.7299270072992701,0.7058823529411765
2,5,18,0.5825454592704773,0.6046300530433655,0.7299270072992701,0.7058823529411765
2,5,19,0.5823664665222168,0.6045481562614441,0.7299270072992701,0.7058823529411765
2,5,20,0.5813474655151367,0.6043829917907715,0.7299270072992701,0.7058823529411765
2,5,21,0.5801859498023987,0.6045579314231873,0.7299270072992701,0.7058823529411765
2,5,22,0.5794506072998047,0.6055558323860168,0.7299270072992701,0.7058823529411765
2,5,23,0.5794347524642944,0.6070699095726013,0.7299270072992701,0.7058823529411765
2,5,24,0.5795914530754089,0.6082698702812195,0.7299270072992701,0.7058823529411765
2,5,25,0.5793746709823608,0.6084308624267578,0.7299270072992701,0.7058823529411765
2,5,26,0.5787313580513,0.6076163649559021,0.7299270072992701,0.7058823529411765
2,5,27,0.577925980091095,0.6061703562736511,0.7299270072992701,0.7058823529411765
2,5,28,0.577362596988678,0.6047443151473999,0.7299270072992701,0.7058823529411765
2,5,29,0.5772369503974915,0.603771984577179,0.7299270072992701,0.7058823529411765
2,5,30,0.5771839618682861,0.6032728552818298,0.7299270072992701,0.7058823529411765
2,5,31,0.5768939256668091,0.6030493974685669,0.7299270072992701,0.7058823529411765
2,5,32,0.5762342214584351,0.602976381778717,0.7299270072992701,0.7058823529411765
2,5,33,0.5753697752952576,0.6031268239021301,0.7299270072992701,0.7058823529411765
2,5,34,0.5745851397514343,0.6036590337753296,0.7299270072992701,0.7058823529411765
2,5,35,0.5740788578987122,0.6043121218681335,0.7299270072992701,0.7058823529411765
2,5,36,0.5736258625984192,0.6047431826591492,0.7299270072992701,0.7058823529411765
2,5,37,0.5729840993881226,0.604539155960083,0.7299270072992701,0.7058823529411765
2,5,38,0.5721561312675476,0.6036567687988281,0.7299270072992701,0.7058823529411765
2,5,39,0.5713435411453247,0.6026374697685242,0.7299270072992701,0.7058823529411765
2,5,40,0.5705599188804626,0.6017088294029236,0.7299270072992701,0.7058823529411765
2,5,41,0.5697680711746216,0.601055920124054,0.7299270072992701,0.7058823529411765
2,5,42,0.5687932968139648,0.6006746292114258,0.7299270072992701,0.7058823529411765
2,5,43,0.5676743984222412,0.6004233360290527,0.7299270072992701,0.7058823529411765
2,5,44,0.566460907459259,0.6004900336265564,0.7299270072992701,0.7058823529411765
2,5,45,0.5652846097946167,0.6008555293083191,0.7299270072992701,0.7058823529411765
2,5,46,0.5643103122711182,0.6014739871025085,0.7299270072992701,0.7058823529411765
2,5,47,0.5628365874290466,0.6007066369056702,0.7299270072992701,0.7058823529411765
2,5,48,0.5611041784286499,0.5991531610488892,0.7299270072992701,0.7058823529411765
2,5,49,0.5594277381896973,0.5975545048713684,0.7299270072992701,0.7058823529411765
2,5,50,0.5579668879508972,0.5961555242538452,0.7299270072992701,0.7058823529411765
2,5,51,0.5560518503189087,0.5953835844993591,0.7299270072992701,0.7058823529411765
2,5,52,0.5536012053489685,0.5951046943664551,0.7299270072992701,0.7058823529411765
2,5,53,0.5514455437660217,0.595572292804718,0.7299270072992701,0.7058823529411765
2,5,54,0.5497664213180542,0.5964834094047546,0.7299270072992701,0.7058823529411765
2,5,55,0.5471630692481995,0.5951839685440063,0.7299270072992701,0.7058823529411765
2,5,56,0.5437850952148438,0.5919264554977417,0.7299270072992701,0.7058823529411765
2,5,57,0.541374683380127,0.5894556641578674,0.7299270072992701,0.7058823529411765
2,5,58,0.5390072464942932,0.5879018306732178,0.7299270072992701,0.7058823529411765
2,5,59,0.5350474119186401,0.5871943235397339,0.7299270072992701,0.7058823529411765
2,5,60,0.5327929258346558,0.5884130597114563,0.7299270072992701,0.7058823529411765
2,5,61,0.5295498371124268,0.5864963531494141,0.7299270072992701,0.7058823529411765
2,5,62,0.5256932377815247,0.5829039812088013,0.7299270072992701,0.7058823529411765
2,5,63,0.5229200720787048,0.5787357091903687,0.7299270072992701,0.7058823529411765
2,5,64,0.5189526081085205,0.5768493413925171,0.7299270072992701,0.7058823529411765
2,5,65,0.5155893564224243,0.5773956179618835,0.7299270072992701,0.7058823529411765
2,5,66,0.5123501420021057,0.57547527551651,0.7299270072992701,0.7058823529411765
2,5,67,0.5088096261024475,0.5690791010856628,0.7299270072992701,0.7058823529411765
2,5,68,0.5063025951385498,0.5668843388557434,0.7445255474452555,0.7058823529411765
2,5,69,0.5019199252128601,0.5684359073638916,0.7445255474452555,0.7058823529411765
2,5,70,0.499345988035202,0.5678822994232178,0.7445255474452555,0.7058823529411765
2,5,71,0.4946472942829132,0.5605213046073914,0.7372262773722628,0.6764705882352942
2,5,72,0.49400240182876587,0.5582846403121948,0.7518248175182481,0.7058823529411765
2,5,73,0.4880695641040802,0.5590156316757202,0.7445255474452555,0.6764705882352942
2,5,74,0.48886480927467346,0.5631925463676453,0.7372262773722628,0.6764705882352942
2,5,75,0.48260298371315,0.5524381995201111,0.7518248175182481,0.7058823529411765
2,5,76,0.4824657440185547,0.5493587255477905,0.7372262773722628,0.7058823529411765
2,5,77,0.4803623855113983,0.5543615818023682,0.7518248175182481,0.7058823529411765
2,5,78,0.47545573115348816,0.5482350587844849,0.7372262773722628,0.7058823529411765
2,5,79,0.4748530089855194,0.5429676175117493,0.7518248175182481,0.7352941176470589
2,5,80,0.4706088900566101,0.5422768592834473,0.7445255474452555,0.7352941176470589
2,5,81,0.4702029228210449,0.5451992750167847,0.7518248175182481,0.7352941176470589
2,5,82,0.46850886940956116,0.538199782371521,0.7372262773722628,0.7058823529411765
2,5,83,0.4660113751888275,0.5374786257743835,0.7372262773722628,0.7058823529411765
2,5,84,0.46686428785324097,0.5449591279029846,0.7518248175182481,0.7352941176470589
2,5,85,0.46190303564071655,0.5363714694976807,0.7372262773722628,0.7058823529411765
2,5,86,0.4652312397956848,0.5374864935874939,0.7518248175182481,0.5882352941176471
2,5,87,0.4608803689479828,0.5418506860733032,0.7518248175182481,0.7058823529411765
2,5,88,0.4748217761516571,0.5586129426956177,0.7372262773722628,0.7352941176470589
2,5,89,0.4605497419834137,0.5388517379760742,0.7518248175182481,0.5882352941176471
2,5,90,0.4698479473590851,0.5447207093238831,0.8029197080291971,0.6764705882352942
2,5,91,0.45784154534339905,0.5422895550727844,0.7445255474452555,0.7058823529411765
2,5,92,0.4714631736278534,0.5570396780967712,0.7445255474452555,0.7058823529411765
2,5,93,0.4534759521484375,0.5363451838493347,0.7518248175182481,0.6470588235294118
2,5,94,0.46364766359329224,0.5432538390159607,0.8102189781021898,0.6764705882352942
2,5,95,0.45007672905921936,0.5367865562438965,0.7518248175182481,0.6470588235294118
2,5,96,0.45919814705848694,0.5500505566596985,0.7445255474452555,0.7058823529411765
2,5,97,0.4501981735229492,0.5409619808197021,0.7518248175182481,0.6470588235294118
2,5,98,0.45554670691490173,0.541674017906189,0.7883211678832117,0.6764705882352942
2,5,99,0.45127108693122864,0.54007488489151,0.7956204379562044,0.6764705882352942
2,5,100,0.4469251334667206,0.5411897301673889,0.7518248175182481,0.6764705882352942
3,1,1,0.5885396003723145,0.6043676137924194,0.7279411764705882,0.7142857142857143
3,1,2,0.6019992828369141,0.6211421489715576,0.7279411764705882,0.7142857142857143
3,1,3,0.5870345830917358,0.6024898290634155,0.7279411764705882,0.7142857142857143
3,1,4,0.5856943726539612,0.5977290868759155,0.7279411764705882,0.7142857142857143
3,1,5,0.5893286466598511,0.5998607277870178,0.7279411764705882,0.7142857142857143
3,1,6,0.5878985524177551,0.5988364219665527,0.7279411764705882,0.7142857142857143
3,1,7,0.5844289064407349,0.5969648361206055,0.7279411764705882,0.7142857142857143
3,1,8,0.584129810333252,0.5985825657844543,0.7279411764705882,0.7142857142857143
3,1,9,0.5858154892921448,0.6015098094940186,0.7279411764705882,0.7142857142857143
3,1,10,0.5860491394996643,0.6020530462265015,0.7279411764705882,0.7142857142857143
3,1,11,0.5840872526168823,0.5994361639022827,0.7279411764705882,0.7142857142857143
3,1,12,0.5824386477470398,0.5967056155204773,0.7279411764705882,0.7142857142857143
3,1,13,0.5823731422424316,0.5955661535263062,0.7279411764705882,0.7142857142857143
3,1,14,0.583043098449707,0.5956019163131714,0.7279411764705882,0.7142857142857143
3,1,15,0.5825983881950378,0.5953457355499268,0.7279411764705882,0.7142857142857143
3,1,16,0.5812467932701111,0.5947843194007874,0.7279411764705882,0.7142857142857143
3,1,17,0.5803008675575256,0.5949211120605469,0.7279411764705882,0.7142857142857143
3,1,18,0.5802532434463501,0.5957947969436646,0.7279411764705882,0.7142857142857143
3,1,19,0.5804315209388733,0.596629798412323,0.7279411764705882,0.7142857142857143
3,1,20,0.5798618197441101,0.5961359739303589,0.7279411764705882,0.7142857142857143
3,1,21,0.5786201357841492,0.5944209098815918,0.7279411764705882,0.7142857142857143
3,1,22,0.5777347683906555,0.5928594470024109,0.7279411764705882,0.7142857142857143
3,1,23,0.5774828791618347,0.5920299887657166,0.7279411764705882,0.7142857142857143
3,1,24,0.5771041512489319,0.5915406346321106,0.7279411764705882,0.7142857142857143
3,1,25,0.5762227177619934,0.5910411477088928,0.7279411764705882,0.7142857142857143
3,1,26,0.5750628709793091,0.5907813906669617,0.7279411764705882,0.7142857142857143
3,1,27,0.5744038224220276,0.5909225344657898,0.7279411764705882,0.7142857142857143
3,1,28,0.5737008452415466,0.5906326174736023,0.7279411764705882,0.7142857142857143
3,1,29,0.572626531124115,0.5896802544593811,0.7279411764705882,0.7142857142857143
3,1,30,0.571430504322052,0.5881687998771667,0.7279411764705882,0.7142857142857143
3,1,31,0.5705657005310059,0.5869837999343872,0.7279411764705882,0.7142857142857143
3,1,32,0.5695692896842957,0.585841178894043,0.7279411764705882,0.7142857142857143
3,1,33,0.5682997703552246,0.5847070813179016,0.7279411764705882,0.7142857142857143
3,1,34,0.5665794014930725,0.5835743546485901,0.7279411764705882,0.7142857142857143
3,1,35,0.5646413564682007,0.582368791103363,0.7279411764705882,0.7142857142857143
3,1,36,0.562649130821228,0.5810650587081909,0.7279411764705882,0.7142857142857143
3,1,37,0.5606120824813843,0.5795843005180359,0.7279411764705882,0.7142857142857143
3,1,38,0.5585947632789612,0.5780851244926453,0.7279411764705882,0.7142857142857143
3,1,39,0.5564027428627014,0.5766238570213318,0.7279411764705882,0.7142857142857143
3,1,40,0.553947925567627,0.5745722055435181,0.7279411764705882,0.7142857142857143
3,1,41,0.551533043384552,0.5725474953651428,0.7279411764705882,0.7142857142857143
3,1,42,0.5486583709716797,0.5703389048576355,0.7279411764705882,0.7142857142857143
3,1,43,0.5455759763717651,0.5679030418395996,0.7279411764705882,0.7142857142857143
3,1,44,0.5423740148544312,0.5651472210884094,0.7279411764705882,0.7142857142857143
3,1,45,0.5391455888748169,0.5625490546226501,0.7279411764705882,0.7142857142857143
3,1,46,0.5359120965003967,0.5601588487625122,0.7352941176470589,0.7142857142857143
3,1,47,0.5319837927818298,0.5565329194068909,0.7352941176470589,0.7142857142857143
3,1,48,0.5283256769180298,0.553569495677948,0.7352941176470589,0.7142857142857143
3,1,49,0.5241941213607788,0.5505058765411377,0.7279411764705882,0.7142857142857143
3,1,50,0.5210607051849365,0.5477539896965027,0.7279411764705882,0.7142857142857143
3,1,51,0.5173993706703186,0.5447248220443726,0.7279411764705882,0.7142857142857143
3,1,52,0.5128040313720703,0.5419344902038574,0.7352941176470589,0.7142857142857143
3,1,53,0.5124866962432861,0.5440510511398315,0.7426470588235294,0.7142857142857143
3,1,54,0.505721390247345,0.5365774035453796,0.7426470588235294,0.7142857142857143
3,1,55,0.5062452554702759,0.5358954071998596,0.7352941176470589,0.7142857142857143
3,1,56,0.4992913603782654,0.5311993360519409,0.7426470588235294,0.7142857142857143
3,1,57,0.5022559762001038,0.5391700267791748,0.7573529411764706,0.7714285714285715
3,1,58,0.49416154623031616,0.527496337890625,0.7573529411764706,0.7428571428571429
3,1,59,0.49688389897346497,0.5290380120277405,0.7426470588235294,0.7428571428571429
3,1,60,0.489068865776062,0.5266711711883545,0.7573529411764706,0.8
3,1,61,0.4965616762638092,0.5392305254936218,0.75,0.7142857142857143
3,1,62,0.48837146162986755,0.5234063267707825,0.75,0.7714285714285715
3,1,63,0.49412789940834045,0.526688277721405,0.7573529411764706,0.7428571428571429
3,1,64,0.48354440927505493,0.5266537070274353,0.75,0.7142857142857143
3,1,65,0.4882745146751404,0.5345586538314819,0.75,0.6857142857142857
3,1,66,0.47963547706604004,0.5233048796653748,0.7426470588235294,0.7428571428571429
3,1,67,0.48445218801498413,0.5234370827674866,0.75,0.7714285714285715
3,1,68,0.4779004454612732,0.5211248993873596,0.7573529411764706,0.8
3,1,69,0.48005327582359314,0.5271069407463074,0.7426470588235294,0.7428571428571429
3,1,70,0.4763221740722656,0.5220751762390137,0.75,0.7142857142857143
3,1,71,0.47587287425994873,0.5186225175857544,0.7573529411764706,0.8
3,1,72,0.4760098159313202,0.5178970098495483,0.7573529411764706,0.8
3,1,73,0.47352251410484314,0.5173855423927307,0.7426470588235294,0.7428571428571429
3,1,74,0.47607511281967163,0.5233071446418762,0.7647058823529411,0.7428571428571429
3,1,75,0.4719015657901764,0.5183255672454834,0.7426470588235294,0.7142857142857143
3,1,76,0.4719022810459137,0.5162779688835144,0.7426470588235294,0.7428571428571429
3,1,77,0.4697325527667999,0.5179665684700012,0.75,0.7428571428571429
3,1,78,0.4700264036655426,0.5203537344932556,0.7647058823529411,0.7142857142857143
3,1,79,0.46920979022979736,0.5143980979919434,0.7352941176470589,0.7142857142857143
3,1,80,0.46797600388526917,0.514502227306366,0.7352941176470589,0.7142857142857143
3,1,81,0.4697645902633667,0.5208513736724854,0.7647058823529411,0.6857142857142857
3,1,82,0.46674028038978577,0.5114701390266418,0.7426470588235294,0.7142857142857143
3,1,83,0.4683331251144409,0.510096549987793,0.75,0.7714285714285715
3,1,84,0.46421241760253906,0.5107916593551636,0.75,0.7428571428571429
3,1,85,0.4651239514350891,0.5122830867767334,0.75,0.7142857142857143
3,1,86,0.46316441893577576,0.5069925785064697,0.7426470588235294,0.7142857142857143
3,1,87,0.46226662397384644,0.5066084861755371,0.7426470588235294,0.7428571428571429
3,1,88,0.46095824241638184,0.5095685720443726,0.7573529411764706,0.7142857142857143
3,1,89,0.4599464237689972,0.5097082257270813,0.7573529411764706,0.7142857142857143
3,1,90,0.4595566391944885,0.5061771869659424,0.75,0.7142857142857143
3,1,91,0.45762327313423157,0.5054276585578918,0.7426470588235294,0.6857142857142857
3,1,92,0.4572313129901886,0.5073197484016418,0.7573529411764706,0.7142857142857143
3,1,93,0.4552970230579376,0.5061533451080322,0.7573529411764706,0.7142857142857143
3,1,94,0.45627567172050476,0.5035684704780579,0.75,0.7142857142857143
3,1,95,0.4528732895851135,0.5034850239753723,0.7647058823529411,0.7142857142857143
3,1,96,0.4559383690357208,0.5085226893424988,0.7647058823529411,0.7142857142857143
3,1,97,0.4508419334888458,0.5027498006820679,0.7573529411764706,0.7142857142857143
3,1,98,0.4520869851112366,0.5025290250778198,0.7426470588235294,0.6857142857142857
3,1,99,0.4491204619407654,0.5026463270187378,0.7573529411764706,0.7142857142857143
3,1,100,0.4497546851634979,0.5061798095703125,0.7647058823529411,0.7142857142857143
3,2,1,0.6020942330360413,0.637018084526062,0.7299270072992701,0.7058823529411765
3,2,2,0.5958400368690491,0.6289511322975159,0.7299270072992701,0.7058823529411765
3,2,3,0.5829454660415649,0.6066275835037231,0.7299270072992701,0.7058823529411765
3,2,4,0.5867618918418884,0.606171190738678,0.7299270072992701,0.7058823529411765
3,2,5,0.5858607292175293,0.605732798576355,0.7299270072992701,0.7058823529411765
3,2,6,0.5825343728065491,0.6052346229553223,0.7299270072992701,0.7058823529411765
3,2,7,0.5819216370582581,0.6077760457992554,0.7299270072992701,0.7058823529411765
3,2,8,0.5828661322593689,0.6106788516044617,0.7299270072992701,0.7058823529411765
3,2,9,0.5818945169448853,0.6092237234115601,0.7299270072992701,0.7058823529411765
3,2,10,0.5804709792137146,0.6060986518859863,0.7299270072992701,0.7058823529411765
3,2,11,0.5803197622299194,0.6040281653404236,0.7299270072992701,0.7058823529411765
3,2,12,0.5803893208503723,0.6034231781959534,0.7299270072992701,0.7058823529411765
3,2,13,0.5795732140541077,0.6033077239990234,0.7299270072992701,0.7058823529411765
3,2,14,0.5785455703735352,0.6035911440849304,0.7299270072992701,0.7058823529411765
3,2,15,0.5779046416282654,0.6044104099273682,0.7299270072992701,0.7058823529411765
3,2,16,0.5776759386062622,0.6053516268730164,0.7299270072992701,0.7058823529411765
3,2,17,0.577235758304596,0.6055036187171936,0.7299270072992701,0.7058823529411765
3,2,18,0.5762931108474731,0.6042135953903198,0.7299270072992701,0.7058823529411765
3,2,19,0.5753312110900879,0.6025141477584839,0.7299270072992701,0.7058823529411765
3,2,20,0.5745987892150879,0.6012604832649231,0.7299270072992701,0.7058823529411765
3,2,21,0.573906421661377,0.6004880666732788,0.7299270072992701,0.7058823529411765
3,2,22,0.573020339012146,0.5998971462249756,0.7299270072992701,0.7058823529411765
3,2,23,0.5719274878501892,0.5994662046432495,0.7299270072992701,0.7058823529411765
3,2,24,0.5708029866218567,0.5997001528739929,0.7299270072992701,0.7058823529411765
3,2,25,0.5697988271713257,0.5997787714004517,0.7299270072992701,0.7058823529411765
3,2,26,0.5685022473335266,0.5989079475402832,0.7299270072992701,0.7058823529411765
3,2,27,0.5669326782226562,0.5970649719238281,0.7299270072992701,0.7058823529411765
3,2,28,0.5653662085533142,0.5954788327217102,0.7299270072992701,0.7058823529411765
3,2,29,0.5636986494064331,0.5941960215568542,0.7299270072992701,0.7058823529411765
3,2,30,0.5617968440055847,0.5932579636573792,0.7299270072992701,0.7058823529411765
3,2,31,0.5598264932632446,0.5927222967147827,0.7299270072992701,0.7058823529411765
3,2,32,0.5576124787330627,0.5915625095367432,0.7299270072992701,0.7058823529411765
3,2,33,0.5550942420959473,0.5898219347000122,0.7299270072992701,0.7058823529411765
3,2,34,0.5523844361305237,0.5879378914833069,0.7299270072992701,0.7058823529411765
3,2,35,0.5495229959487915,0.585773766040802,0.7299270072992701,0.7058823529411765
3,2,36,0.5464968681335449,0.5833288431167603,0.7299270072992701,0.7058823529411765
3,2,37,0.5431315898895264,0.5811126232147217,0.7299270072992701,0.7058823529411765
3,2,38,0.5390421152114868,0.5793011784553528,0.7299270072992701,0.7058823529411765
3,2,39,0.5350019931793213,0.5784773826599121,0.7299270072992701,0.7058823529411765
3,2,40,0.5306770205497742,0.5763475894927979,0.7299270072992701,0.7058823529411765
3,2,41,0.5258065462112427,0.5728955268859863,0.7299270072992701,0.7058823529411765
3,2,42,0.521221935749054,0.5698047876358032,0.7299270072992701,0.7058823529411765
3,2,43,0.5160794258117676,0.5677435398101807,0.7372262773722628,0.7058823529411765
3,2,44,0.5124701857566833,0.569149374961853,0.7372262773722628,0.7058823529411765
3,2,45,0.5065883994102478,0.5655572414398193,0.7299270072992701,0.7058823529411765
3,2,46,0.5036073327064514,0.5628343224525452,0.7591240875912408,0.6764705882352942
3,2,47,0.4961167573928833,0.5609368681907654,0.7591240875912408,0.6764705882352942
3,2,48,0.49402421712875366,0.5650525093078613,0.7518248175182481,0.6764705882352942
3,2,49,0.48685988783836365,0.5596413612365723,0.7664233576642335,0.7352941176470589
3,2,50,0.4827912151813507,0.5591898560523987,0.7737226277372263,0.7352941176470589
3,2,51,0.4787696301937103,0.561191737651825,0.7737226277372263,0.7352941176470589
3,2,52,0.47452640533447266,0.5602320432662964,0.7591240875912408,0.7058823529411765
3,2,53,0.4718729257583618,0.5612432956695557,0.7591240875912408,0.7058823529411765
3,2,54,0.47243136167526245,0.5680146217346191,0.7737226277372263,0.7352941176470589
3,2,55,0.46644127368927,0.5627493262290955,0.7737226277372263,0.7058823529411765
3,2,56,0.46351417899131775,0.5646567940711975,0.7591240875912408,0.7058823529411765
3,2,57,0.46190449595451355,0.5669620633125305,0.7591240875912408,0.7058823529411765
3,2,58,0.4677664637565613,0.5734952092170715,0.781021897810219,0.7058823529411765
3,2,59,0.46016642451286316,0.5728856325149536,0.7664233576642335,0.7058823529411765
3,2,60,0.4572371244430542,0.5722735524177551,0.7664233576642335,0.7058823529411765
3,2,61,0.45615848898887634,0.5716396570205688,0.7737226277372263,0.7058823529411765
3,2,62,0.45166778564453125,0.5708746314048767,0.7737226277372263,0.6764705882352942
3,2,63,0.4539016783237457,0.5764622688293457,0.7664233576642335,0.7058823529411765
3,2,64,0.4496573507785797,0.5732487440109253,0.7664233576642335,0.7058823529411765
3,2,65,0.4527643024921417,0.5761638283729553,0.8029197080291971,0.7352941176470589
3,2,66,0.44752490520477295,0.5740646123886108,0.7664233576642335,0.6764705882352942
3,2,67,0.4481610357761383,0.5772921442985535,0.7664233576642335,0.7058823529411765
3,2,68,0.4448491632938385,0.5757264494895935,0.7883211678832117,0.6764705882352942
3,2,69,0.44375452399253845,0.5774646401405334,0.7664233576642335,0.6764705882352942
3,2,70,0.4426535665988922,0.5786336064338684,0.7664233576642335,0.6764705882352942
3,2,71,0.44310593605041504,0.5786752104759216,0.8029197080291971,0.7058823529411765
3,2,72,0.4391633868217468,0.5767875909805298,0.7883211678832117,0.6764705882352942
3,2,73,0.43816351890563965,0.5768888592720032,0.7883211678832117,0.6764705882352942
3,2,74,0.4398103654384613,0.5807111263275146,0.7664233576642335,0.6764705882352942
3,2,75,0.4367254078388214,0.5790449976921082,0.7883211678832117,0.6764705882352942
3,2,76,0.43810439109802246,0.5810099840164185,0.7956204379562044,0.7058823529411765
3,2,77,0.44065946340560913,0.5857345461845398,0.7664233576642335,0.6764705882352942
3,2,78,0.4335659444332123,0.5806397795677185,0.781021897810219,0.6764705882352942
3,2,79,0.4313749074935913,0.580829381942749,0.8029197080291971,0.6764705882352942
3,2,80,0.432911217212677,0.5838943123817444,0.8029197080291971,0.7058823529411765
3,2,81,0.4368533492088318,0.5908403992652893,0.7664233576642335,0.6764705882352942
3,2,82,0.430862694978714,0.586175262928009,0.781021897810219,0.6764705882352942
3,2,83,0.43364274501800537,0.5887643694877625,0.8102189781021898,0.6470588235294118
3,2,84,0.42746952176094055,0.5845803022384644,0.8029197080291971,0.6764705882352942
3,2,85,0.43210986256599426,0.5894055962562561,0.7737226277372263,0.6764705882352942
3,2,86,0.42542827129364014,0.5829203128814697,0.7956204379562044,0.6764705882352942
3,2,87,0.4262375831604004,0.5837841033935547,0.7956204379562044,0.6764705882352942
3,2,88,0.4236074686050415,0.5812340974807739,0.7956204379562044,0.6764705882352942
3,2,89,0.4248634874820709,0.5809487104415894,0.7883211678832117,0.6764705882352942
3,2,90,0.4230029881000519,0.5769680738449097,0.8029197080291971,0.6764705882352942
3,2,91,0.4248996376991272,0.5765027403831482,0.8175182481751825,0.6470588235294118
3,2,92,0.42232954502105713,0.5742279291152954,0.7956204379562044,0.7058823529411765
3,2,93,0.4213515818119049,0.5738692879676819,0.7956204379562044,0.6764705882352942
3,2,94,0.41963741183280945,0.5740923285484314,0.7956204379562044,0.6764705882352942
3,2,95,0.418655127286911,0.5750081539154053,0.7956204379562044,0.6764705882352942
3,2,96,0.4203265607357025,0.57808917760849,0.7883211678832117,0.6764705882352942
3,2,97,0.4169524908065796,0.5768884420394897,0.8029197080291971,0.6764705882352942
3,2,98,0.41901153326034546,0.5800151228904724,0.8102189781021898,0.7058823529411765
3,2,99,0.4166475236415863,0.5785018801689148,0.7956204379562044,0.6764705882352942
3,2,100,0.41475775837898254,0.5784646272659302,0.7956204379562044,0.6764705882352942
3,3,1,0.6017716526985168,0.5849764943122864,0.7226277372262774,0.7352941176470589
3,3,2,0.5973302125930786,0.5817347168922424,0.7226277372262774,0.7352941176470589
3,3,3,0.5901387333869934,0.578860342502594,0.7226277372262774,0.7352941176470589
3,3,4,0.591825544834137,0.5818252563476562,0.7226277372262774,0.7352941176470589
3,3,5,0.5904771685600281,0.5802965760231018,0.7226277372262774,0.7352941176470589
3,3,6,0.5889039635658264,0.5777143836021423,0.7226277372262774,0.7352941176470589
3,3,7,0.5894564986228943,0.5771718621253967,0.7226277372262774,0.7352941176470589
3,3,8,0.5906223058700562,0.577881395816803,0.7226277372262774,0.7352941176470589
3,3,9,0.5890065431594849,0.5770284533500671,0.7226277372262774,0.7352941176470589
3,3,10,0.5873948931694031,0.576630711555481,0.7226277372262774,0.7352941176470589
3,3,11,0.5873845219612122,0.577768862247467,0.7226277372262774,0.7352941176470589
3,3,12,0.5877718925476074,0.5788328647613525,0.7226277372262774,0.7352941176470589
3,3,13,0.5873969793319702,0.5786396265029907,0.7226277372262774,0.7352941176470589
3,3,14,0.5861548781394958,0.5771424174308777,0.7226277372262774,0.7352941176470589
3,3,15,0.5851571559906006,0.5758037567138672,0.7226277372262774,0.7352941176470589
3,3,16,0.5847097635269165,0.575127124786377,0.7226277372262774,0.7352941176470589
3,3,17,0.5845053195953369,0.5748993158340454,0.7226277372262774,0.7352941176470589
3,3,18,0.5839589834213257,0.5746581554412842,0.7226277372262774,0.7352941176470589
3,3,19,0.5830979943275452,0.5743904113769531,0.7226277372262774,0.7352941176470589
3,3,20,0.5821855664253235,0.5743366479873657,0.7226277372262774,0.7352941176470589
3,3,21,0.5816260576248169,0.5746886134147644,0.7226277372262774,0.7352941176470589
3,3,22,0.5811417698860168,0.5749406814575195,0.7226277372262774,0.7352941176470589
3,3,23,0.5801208019256592,0.5743086338043213,0.7226277372262774,0.7352941176470589
3,3,24,0.5790383815765381,0.5735629796981812,0.7226277372262774,0.7352941176470589
3,3,25,0.5781686305999756,0.5730195045471191,0.7226277372262774,0.7352941176470589
3,3,26,0.5772603750228882,0.5726484656333923,0.7226277372262774,0.7352941176470589
3,3,27,0.5761426687240601,0.5721668004989624,0.7226277372262774,0.7352941176470589
3,3,28,0.5747143030166626,0.5715944766998291,0.7226277372262774,0.7352941176470589
3,3,29,0.5734933614730835,0.5712490677833557,0.7226277372262774,0.7352941176470589
3,3,30,0.5721198320388794,0.5706124901771545,0.7226277372262774,0.7352941176470589
3,3,31,0.5705612301826477,0.5698400139808655,0.7226277372262774,0.7352941176470589
3,3,32,0.5686970353126526,0.5686096549034119,0.7226277372262774,0.7352941176470589
3,3,33,0.5670561790466309,0.5675530433654785,0.7226277372262774,0.7352941176470589
3,3,34,0.5654265880584717,0.5668148398399353,0.7226277372262774,0.7352941176470589
3,3,35,0.5630285739898682,0.5656384825706482,0.7226277372262774,0.7352941176470589
3,3,36,0.5608353614807129,0.5646504759788513,0.7226277372262774,0.7352941176470589
3,3,37,0.5588154196739197,0.5637537837028503,0.7226277372262774,0.7352941176470589
3,3,38,0.55626380443573,0.5622594356536865,0.7226277372262774,0.7352941176470589
3,3,39,0.5534034967422485,0.5603894591331482,0.7226277372262774,0.7352941176470589
3,3,40,0.551113486289978,0.5591394901275635,0.7226277372262774,0.7352941176470589
3,3,41,0.5485343933105469,0.5575529932975769,0.7226277372262774,0.7352941176470589
3,3,42,0.5451337695121765,0.5548100471496582,0.7226277372262774,0.7352941176470589
3,3,43,0.5425048470497131,0.5523316264152527,0.7299270072992701,0.7352941176470589
3,3,44,0.5398290157318115,0.5497395992279053,0.7299270072992701,0.7352941176470589
3,3,45,0.5362439751625061,0.5467864871025085,0.7299270072992701,0.7352941176470589
3,3,46,0.5334984064102173,0.5445258021354675,0.7299270072992701,0.7352941176470589
3,3,47,0.529891848564148,0.5404837727546692,0.7372262773722628,0.7352941176470589
3,3,48,0.5281485319137573,0.5377680063247681,0.7299270072992701,0.7352941176470589
3,3,49,0.5239217281341553,0.5344823002815247,0.7372262773722628,0.7352941176470589
3,3,50,0.5225975513458252,0.53383469581604,0.7372262773722628,0.7352941176470589
3,3,51,0.5179650187492371,0.527577817440033,0.7299270072992701,0.7352941176470589
3,3,52,0.5165092349052429,0.5254271626472473,0.7445255474452555,0.7647058823529411
3,3,53,0.5121857523918152,0.5208156108856201,0.7299270072992701,0.7352941176470589
3,3,54,0.5131508708000183,0.521359384059906,0.7299270072992701,0.7352941176470589
3,3,55,0.5068328976631165,0.5131707787513733,0.7372262773722628,0.7647058823529411
3,3,56,0.5092082023620605,0.5146383047103882,0.7226277372262774,0.7647058823529411
3,3,57,0.5033435821533203,0.5079385042190552,0.7299270072992701,0.7647058823529411
3,3,58,0.5003241896629333,0.5045791268348694,0.7372262773722628,0.7647058823529411
3,3,59,0.4974703788757324,0.5010998249053955,0.7372262773722628,0.7647058823529411
3,3,60,0.49744993448257446,0.5000512599945068,0.7299270072992701,0.7647058823529411
3,3,61,0.4931444525718689,0.49461105465888977,0.7372262773722628,0.7647058823529411
3,3,62,0.4917448163032532,0.49162545800209045,0.7372262773722628,0.7647058823529411
3,3,63,0.48959383368492126,0.4885134994983673,0.7372262773722628,0.7647058823529411
3,3,64,0.49513861536979675,0.49648284912109375,0.7226277372262774,0.7941176470588235
3,3,65,0.48595088720321655,0.4842217266559601,0.7299270072992701,0.7647058823529411
3,3,66,0.48956382274627686,0.4857969284057617,0.7372262773722628,0.7647058823529411
3,3,67,0.4824654757976532,0.4800909161567688,0.7299270072992701,0.7647058823529411
3,3,68,0.4831389784812927,0.48242759704589844,0.7153284671532847,0.7941176470588235
3,3,69,0.47886696457862854,0.4765031635761261,0.7153284671532847,0.7941176470588235
3,3,70,0.47737738490104675,0.47228190302848816,0.7299270072992701,0.7647058823529411
3,3,71,0.4759654402732849,0.4702036678791046,0.7226277372262774,0.7941176470588235
3,3,72,0.47387784719467163,0.471115380525589,0.7299270072992701,0.7941176470588235
3,3,73,0.47759124636650085,0.4778893291950226,0.7445255474452555,0.7941176470588235
3,3,74,0.474537193775177,0.46516144275665283,0.7372262773722628,0.7647058823529411
3,3,75,0.4726686179637909,0.4631832242012024,0.7372262773722628,0.7941176470588235
3,3,76,0.4696316123008728,0.46664759516716003,0.7299270072992701,0.7941176470588235
3,3,77,0.4669690728187561,0.46373945474624634,0.7299270072992701,0.7941176470588235
3,3,78,0.473299115896225,0.46551626920700073,0.7372262773722628,0.7941176470588235
3,3,79,0.4640911817550659,0.4597935974597931,0.7372262773722628,0.7941176470588235
3,3,80,0.4665546417236328,0.4687465727329254,0.7445255474452555,0.7941176470588235
3,3,81,0.46062129735946655,0.45762017369270325,0.7372262773722628,0.7941176470588235
3,3,82,0.4621828496456146,0.4530070424079895,0.7372262773722628,0.7941176470588235
3,3,83,0.45668673515319824,0.4514346122741699,0.7372262773722628,0.7941176470588235
3,3,84,0.4612157940864563,0.46409159898757935,0.7372262773722628,0.8235294117647058
3,3,85,0.45444732904434204,0.4503406286239624,0.7372262773722628,0.7941176470588235
3,3,86,0.45797935128211975,0.4499768614768982,0.7372262773722628,0.7941176470588235
3,3,87,0.4558199644088745,0.4578550159931183,0.7445255474452555,0.8235294117647058
3,3,88,0.45519760251045227,0.45790940523147583,0.7518248175182481,0.8529411764705882
3,3,89,0.45296359062194824,0.4422248303890228,0.7372262773722628,0.7941176470588235
3,3,90,0.4470042288303375,0.4460470676422119,0.7445255474452555,0.7941176470588235
3,3,91,0.45218533277511597,0.4613335132598877,0.7591240875912408,0.8529411764705882
3,3,92,0.4457019865512848,0.44440868496894836,0.7299270072992701,0.7941176470588235
3,3,93,0.4450325667858124,0.4452904462814331,0.7372262773722628,0.7941176470588235
3,3,94,0.44275957345962524,0.45632410049438477,0.7591240875912408,0.8529411764705882
3,3,95,0.43921223282814026,0.45214739441871643,0.7591240875912408,0.8529411764705882
3,3,96,0.43736329674720764,0.44740957021713257,0.7445255474452555,0.7941176470588235
3,3,97,0.43600010871887207,0.44816455245018005,0.7518248175182481,0.7941176470588235
3,3,98,0.4366765022277832,0.45633551478385925,0.7591240875912408,0.8823529411764706
3,3,99,0.4352302551269531,0.4546574056148529,0.7518248175182481,0.8235294117647058
3,3,100,0.4379388689994812,0.4511619806289673,0.7372262773722628,0.7941176470588235
3,4,1,0.5939823985099792,0.5799207091331482,0.7226277372262774,0.7352941176470589
3,4,2,0.6016676425933838,0.5861380100250244,0.7226277372262774,0.7352941176470589
3,4,3,0.5907561779022217,0.5784735083580017,0.7226277372262774,0.7352941176470589
3,4,4,0.5911012291908264,0.5820174813270569,0.7226277372262774,0.7352941176470589
3,4,5,0.5932573676109314,0.5853620171546936,0.7226277372262774,0.7352941176470589
3,4,6,0.590758740901947,0.5825069546699524,0.7226277372262774,0.7352941176470589
3,4,7,0.5881443619728088,0.5787444710731506,0.7226277372262774,0.7352941176470589
3,4,8,0.5888189673423767,0.5782825350761414,0.7226277372262774,0.7352941176470589
3,4,9,0.5901011228561401,0.5792381763458252,0.7226277372262774,0.7352941176470589
3,4,10,0.5889959335327148,0.5787968635559082,0.7226277372262774,0.7352941176470589
3,4,11,0.5866146087646484,0.5779145956039429,0.7226277372262774,0.7352941176470589
3,4,12,0.5861684679985046,0.5791084170341492,0.7226277372262774,0.7352941176470589
3,4,13,0.5866221189498901,0.5805822014808655,0.7226277372262774,0.7352941176470589
3,4,14,0.5860544443130493,0.580498993396759,0.7226277372262774,0.7352941176470589
3,4,15,0.5845229625701904,0.5789228081703186,0.7226277372262774,0.7352941176470589
3,4,16,0.5834799408912659,0.5777104496955872,0.7226277372262774,0.7352941176470589
3,4,17,0.5834107995033264,0.577484130859375,0.7226277372262774,0.7352941176470589
3,4,18,0.5831727385520935,0.5775782465934753,0.7226277372262774,0.7352941176470589
3,4,19,0.5818977952003479,0.5771819949150085,0.7226277372262774,0.7352941176470589
3,4,20,0.5805093050003052,0.5769294500350952,0.7226277372262774,0.7352941176470589
3,4,21,0.5795314908027649,0.5770942568778992,0.7226277372262774,0.7352941176470589
3,4,22,0.5787732005119324,0.5772861242294312,0.7226277372262774,0.7352941176470589
3,4,23,0.5778189301490784,0.5771045088768005,0.7226277372262774,0.7352941176470589
3,4,24,0.5766009092330933,0.576611340045929,0.7226277372262774,0.7352941176470589
3,4,25,0.5751146674156189,0.5758495330810547,0.7226277372262774,0.7352941176470589
3,4,26,0.5737696886062622,0.5752877593040466,0.7226277372262774,0.7352941176470589
3,4,27,0.5724648833274841,0.5750925540924072,0.7226277372262774,0.7352941176470589
3,4,28,0.5705556869506836,0.5748043060302734,0.7226277372262774,0.7352941176470589
3,4,29,0.5684434771537781,0.574493944644928,0.7226277372262774,0.7352941176470589
3,4,30,0.5663001537322998,0.5746216177940369,0.7226277372262774,0.7352941176470589
3,4,31,0.5641305446624756,0.5750130414962769,0.7226277372262774,0.7352941176470589
3,4,32,0.561384379863739,0.5743056535720825,0.7226277372262774,0.7352941176470589
3,4,33,0.5584966540336609,0.5733844041824341,0.7226277372262774,0.7352941176470589
3,4,34,0.5554994344711304,0.5728134512901306,0.7226277372262774,0.7352941176470589
3,4,35,0.551981508731842,0.5724459290504456,0.7226277372262774,0.7352941176470589
3,4,36,0.548064649105072,0.5721973180770874,0.7226277372262774,0.7352941176470589
3,4,37,0.5442396998405457,0.5719842314720154,0.7226277372262774,0.7352941176470589
3,4,38,0.5395104289054871,0.5710820555686951,0.7226277372262774,0.7352941176470589
3,4,39,0.5349481701850891,0.5702952146530151,0.7226277372262774,0.7352941176470589
3,4,40,0.529651403427124,0.569690465927124,0.7226277372262774,0.7352941176470589
3,4,41,0.5240938663482666,0.5695541501045227,0.7226277372262774,0.7352941176470589
3,4,42,0.518589198589325,0.5697999596595764,0.7226277372262774,0.7352941176470589
3,4,43,0.5127050280570984,0.5695523619651794,0.7226277372262774,0.7352941176470589
3,4,44,0.5065506100654602,0.570145308971405,0.7226277372262774,0.7058823529411765
3,4,45,0.5006869435310364,0.5704236626625061,0.7664233576642335,0.7058823529411765
3,4,46,0.49528008699417114,0.5716687440872192,0.7664233576642335,0.7058823529411765
3,4,47,0.48910292983055115,0.5725255608558655,0.781021897810219,0.7058823529411765
3,4,48,0.48370328545570374,0.5741344690322876,0.781021897810219,0.6764705882352942
3,4,49,0.4787929952144623,0.5756001472473145,0.7883211678832117,0.7058823529411765
3,4,50,0.4737342298030853,0.5767013430595398,0.7737226277372263,0.6764705882352942
3,4,51,0.46943172812461853,0.5784832239151001,0.7664233576642335,0.6470588235294118
3,4,52,0.46812260150909424,0.5835632085800171,0.7737226277372263,0.6764705882352942
3,4,53,0.46278131008148193,0.5836729407310486,0.7664233576642335,0.6176470588235294
3,4,54,0.4592515528202057,0.5851719379425049,0.7591240875912408,0.6176470588235294
3,4,55,0.45751360058784485,0.5897642970085144,0.7591240875912408,0.6176470588235294
3,4,56,0.4549630582332611,0.5916776657104492,0.7883211678832117,0.6176470588235294
3,4,57,0.45079055428504944,0.5928683876991272,0.781021897810219,0.6176470588235294
3,4,58,0.4584983289241791,0.6049535274505615,0.7737226277372263,0.6470588235294118
3,4,59,0.44947487115859985,0.5968506336212158,0.8102189781021898,0.6176470588235294
3,4,60,0.445393443107605,0.5980186462402344,0.7883211678832117,0.6176470588235294
3,4,61,0.4493796229362488,0.6067141890525818,0.7664233576642335,0.5882352941176471
3,4,62,0.4441436231136322,0.6011308431625366,0.8102189781021898,0.6176470588235294
3,4,63,0.44282084703445435,0.6015546321868896,0.8102189781021898,0.6176470588235294
3,4,64,0.4538567364215851,0.6174197196960449,0.7664233576642335,0.6176470588235294
3,4,65,0.43674740195274353,0.6005699038505554,0.8029197080291971,0.6176470588235294
3,4,66,0.4353942275047302,0.6017066240310669,0.8102189781021898,0.6176470588235294
3,4,67,0.4351384937763214,0.6071143746376038,0.781021897810219,0.5882352941176471
3,4,68,0.4326343834400177,0.6059255003929138,0.7883211678832117,0.5882352941176471
3,4,69,0.4314487874507904,0.6050176024436951,0.7956204379562044,0.5882352941176471
3,4,70,0.4309515655040741,0.6047235131263733,0.8102189781021898,0.6176470588235294
3,4,71,0.43175655603408813,0.6130833029747009,0.7737226277372263,0.5588235294117647
3,4,72,0.43194350600242615,0.6152973175048828,0.7737226277372263,0.5588235294117647
3,4,73,0.44181373715400696,0.6082636713981628,0.8394160583941606,0.6176470588235294
3,4,74,0.4254380762577057,0.602263867855072,0.8029197080291971,0.5882352941176471
3,4,75,0.4324099123477936,0.6130303144454956,0.7737226277372263,0.5588235294117647
3,4,76,0.42432981729507446,0.5948956608772278,0.8102189781021898,0.5882352941176471
3,4,77,0.4258084297180176,0.5939726233482361,0.8540145985401459,0.5588235294117647
3,4,78,0.42598849534988403,0.6112896800041199,0.7737226277372263,0.5588235294117647
3,4,79,0.4229956865310669,0.6099449992179871,0.781021897810219,0.5588235294117647
3,4,80,0.42298877239227295,0.595867395401001,0.8613138686131386,0.5588235294117647
3,4,81,0.41859516501426697,0.607937753200531,0.8102189781021898,0.5882352941176471
3,4,82,0.4248011112213135,0.6229098439216614,0.7737226277372263,0.5588235294117647
3,4,83,0.41725414991378784,0.6030634641647339,0.8613138686131386,0.5588235294117647
3,4,84,0.4206950068473816,0.6042554974555969,0.8467153284671532,0.5588235294117647
3,4,85,0.4235416054725647,0.6331709623336792,0.7737226277372263,0.5588235294117647
3,4,86,0.41859734058380127,0.6284015774726868,0.7883211678832117,0.5588235294117647
3,4,87,0.41778481006622314,0.6092755794525146,0.8540145985401459,0.5588235294117647
3,4,88,0.4148004949092865,0.610719621181488,0.8540145985401459,0.5588235294117647
3,4,89,0.4167409837245941,0.6309187412261963,0.7883211678832117,0.5588235294117647
3,4,90,0.41340893507003784,0.6310019493103027,0.7883211678832117,0.5588235294117647
3,4,91,0.4115123748779297,0.6163173317909241,0.8540145985401459,0.5588235294117647
3,4,92,0.4081563949584961,0.620303213596344,0.8613138686131386,0.5588235294117647
3,4,93,0.4131332039833069,0.6463446021080017,0.7883211678832117,0.5588235294117647
3,4,94,0.40660491585731506,0.6374329924583435,0.8175182481751825,0.5588235294117647
3,4,95,0.4060848653316498,0.6229196190834045,0.8540145985401459,0.5588235294117647
3,4,96,0.40682804584503174,0.6231009364128113,0.8467153284671532,0.5882352941176471
3,4,97,0.4047929048538208,0.6407445073127747,0.8175182481751825,0.5294117647058824
3,4,98,0.4039304256439209,0.6422742605209351,0.8248175182481752,0.5294117647058824
3,4,99,0.4014658033847809,0.62827068567276,0.8540145985401459,0.5588235294117647
3,4,100,0.40342533588409424,0.6267071962356567,0.8467153284671532,0.5882352941176471
3,5,1,0.5993251800537109,0.5832778811454773,0.7226277372262774,0.7352941176470589
3,5,2,0.5954294800758362,0.5803366303443909,0.7226277372262774,0.7352941176470589
3,5,3,0.5906710624694824,0.5797093510627747,0.7226277372262774,0.7352941176470589
3,5,4,0.5943360924720764,0.5850113034248352,0.7226277372262774,0.7352941176470589
3,5,5,0.5900492668151855,0.5792860388755798,0.7226277372262774,0.7352941176470589
3,5,6,0.5894692540168762,0.5765935182571411,0.7226277372262774,0.7352941176470589
3,5,7,0.5909885764122009,0.5773179531097412,0.7226277372262774,0.7352941176470589
3,5,8,0.5886425375938416,0.5759923458099365,0.7226277372262774,0.7352941176470589
3,5,9,0.5873064398765564,0.5760913491249084,0.7226277372262774,0.7352941176470589
3,5,10,0.5879021286964417,0.5778017640113831,0.7226277372262774,0.7352941176470589
3,5,11,0.5874162316322327,0.5774922370910645,0.7226277372262774,0.7352941176470589
3,5,12,0.5857180953025818,0.5750832557678223,0.7226277372262774,0.7352941176470589
3,5,13,0.5851351022720337,0.5738441348075867,0.7226277372262774,0.7352941176470589
3,5,14,0.5848484635353088,0.573327898979187,0.7226277372262774,0.7352941176470589
3,5,15,0.5837889909744263,0.5727291703224182,0.7226277372262774,0.7352941176470589
3,5,16,0.5828454494476318,0.572413980960846,0.7226277372262774,0.7352941176470589
3,5,17,0.5821358561515808,0.5721425414085388,0.7226277372262774,0.7352941176470589
3,5,18,0.5814568400382996,0.5717605352401733,0.7226277372262774,0.7352941176470589
3,5,19,0.5805441737174988,0.5710132718086243,0.7226277372262774,0.7352941176470589
3,5,20,0.5793486833572388,0.569762110710144,0.7226277372262774,0.7352941176470589
3,5,21,0.578240692615509,0.5686408877372742,0.7226277372262774,0.7352941176470589
3,5,22,0.5771485567092896,0.5677244663238525,0.7226277372262774,0.7352941176470589
3,5,23,0.5757600665092468,0.5667299032211304,0.7226277372262774,0.7352941176470589
3,5,24,0.574149489402771,0.5656830668449402,0.7226277372262774,0.7352941176470589
3,5,25,0.5727055668830872,0.5648841857910156,0.7226277372262774,0.7352941176470589
3,5,26,0.5713298320770264,0.5640513300895691,0.7226277372262774,0.7352941176470589
3,5,27,0.5692371129989624,0.5622958540916443,0.7226277372262774,0.7352941176470589
3,5,28,0.5669382810592651,0.5602927803993225,0.7226277372262774,0.7352941176470589
3,5,29,0.5646739602088928,0.5584437251091003,0.7226277372262774,0.7352941176470589
3,5,30,0.5620599389076233,0.5563445091247559,0.7226277372262774,0.7352941176470589
3,5,31,0.5591968297958374,0.5540426969528198,0.7226277372262774,0.7352941176470589
3,5,32,0.5562241673469543,0.5516197085380554,0.7226277372262774,0.7352941176470589
3,5,33,0.5529384613037109,0.5489110350608826,0.7226277372262774,0.7352941176470589
3,5,34,0.5493879318237305,0.5457501411437988,0.7226277372262774,0.7352941176470589
3,5,35,0.5457826256752014,0.5426895022392273,0.7226277372262774,0.7352941176470589
3,5,36,0.5417485237121582,0.5392379760742188,0.7226277372262774,0.7352941176470589
3,5,37,0.5374962687492371,0.5353936553001404,0.7299270072992701,0.7352941176470589
3,5,38,0.5335543155670166,0.5312047004699707,0.7226277372262774,0.7352941176470589
3,5,39,0.5285348892211914,0.5277312994003296,0.7226277372262774,0.7352941176470589
3,5,40,0.5242123007774353,0.5241151452064514,0.7226277372262774,0.7352941176470589
3,5,41,0.5196821689605713,0.5185427069664001,0.7299270072992701,0.7352941176470589
3,5,42,0.5148380398750305,0.514609694480896,0.7445255474452555,0.7352941176470589
3,5,43,0.5109885931015015,0.5128190517425537,0.7445255474452555,0.7352941176470589
3,5,44,0.5065025091171265,0.5060791373252869,0.7518248175182481,0.7352941176470589
3,5,45,0.5021381378173828,0.5033009052276611,0.7518248175182481,0.7352941176470589
3,5,46,0.4988221824169159,0.5014766454696655,0.7664233576642335,0.7352941176470589
3,5,47,0.49575915932655334,0.4952023923397064,0.7664233576642335,0.7647058823529411
3,5,48,0.49259257316589355,0.49341943860054016,0.7664233576642335,0.7647058823529411
3,5,49,0.48951220512390137,0.49074485898017883,0.7664233576642335,0.7647058823529411
3,5,50,0.4882267713546753,0.49395549297332764,0.7664233576642335,0.7647058823529411
3,5,51,0.4844050109386444,0.4862328767776489,0.7591240875912408,0.7647058823529411
3,5,52,0.48270729184150696,0.4833366870880127,0.7299270072992701,0.7941176470588235
3,5,53,0.4836999773979187,0.4943197965621948,0.7664233576642335,0.7647058823529411
3,5,54,0.48239636421203613,0.4806784391403198,0.7299270072992701,0.8235294117647058
3,5,55,0.47755196690559387,0.48334547877311707,0.7445255474452555,0.7941176470588235
3,5,56,0.4799588620662689,0.4943096935749054,0.7737226277372263,0.7647058823529411
3,5,57,0.47809696197509766,0.47887006402015686,0.7591240875912408,0.8235294117647058
3,5,58,0.4732000529766083,0.4803813397884369,0.7299270072992701,0.8235294117647058
3,5,59,0.47295430302619934,0.4862528443336487,0.7591240875912408,0.7647058823529411
3,5,60,0.47110724449157715,0.4814465343952179,0.7299270072992701,0.8235294117647058
3,5,61,0.4730299115180969,0.4794374406337738,0.7445255474452555,0.8235294117647058
3,5,62,0.470897912979126,0.48981744050979614,0.7664233576642335,0.7647058823529411
3,5,63,0.4704532027244568,0.49153950810432434,0.7591240875912408,0.7647058823529411
3,5,64,0.4700266122817993,0.47898489236831665,0.7518248175182481,0.8235294117647058
3,5,65,0.46390777826309204,0.47872957587242126,0.7445255474452555,0.8235294117647058
3,5,66,0.4681554138660431,0.49198538064956665,0.7591240875912408,0.7647058823529411
3,5,67,0.46150490641593933,0.47866272926330566,0.7445255474452555,0.8235294117647058
3,5,68,0.4640275537967682,0.47466692328453064,0.7664233576642335,0.8235294117647058
3,5,69,0.46312201023101807,0.48850318789482117,0.7445255474452555,0.7941176470588235
3,5,70,0.4600428640842438,0.48415273427963257,0.7299270072992701,0.7941176470588235
3,5,71,0.4648485481739044,0.4742925465106964,0.781021897810219,0.8235294117647058
3,5,72,0.45494315028190613,0.4752625823020935,0.7518248175182481,0.8235294117647058
3,5,73,0.46466636657714844,0.4989386200904846,0.7591240875912408,0.7647058823529411
3,5,74,0.4554349184036255,0.47393831610679626,0.7591240875912408,0.8235294117647058
3,5,75,0.4678668677806854,0.4776688814163208,0.781021897810219,0.7941176470588235
3,5,76,0.4522949457168579,0.4789178669452667,0.7445255474452555,0.8235294117647058
3,5,77,0.46181467175483704,0.5000040531158447,0.7664233576642335,0.7647058823529411
3,5,78,0.45109981298446655,0.4790319502353668,0.7591240875912408,0.7941176470588235
3,5,79,0.4557894170284271,0.47204500436782837,0.7664233576642335,0.8235294117647058
3,5,80,0.45258575677871704,0.4717838168144226,0.7591240875912408,0.8235294117647058
3,5,81,0.4520971477031708,0.4844593107700348,0.7518248175182481,0.7941176470588235
3,5,82,0.45230838656425476,0.4863508939743042,0.7518248175182481,0.7647058823529411
3,5,83,0.4489494562149048,0.47026756405830383,0.7664233576642335,0.8235294117647058
3,5,84,0.44688665866851807,0.47008684277534485,0.7664233576642335,0.8235294117647058
3,5,85,0.45038902759552,0.4876928925514221,0.7518248175182481,0.7941176470588235
3,5,86,0.4474906027317047,0.4841155409812927,0.7518248175182481,0.7941176470588235
3,5,87,0.44684118032455444,0.47153887152671814,0.7664233576642335,0.8529411764705882
3,5,88,0.4461544156074524,0.47205841541290283,0.7664233576642335,0.8529411764705882
3,5,89,0.4419597387313843,0.4785074293613434,0.7518248175182481,0.7941176470588235
3,5,90,0.4419800043106079,0.48168009519577026,0.7591240875912408,0.7941176470588235
3,5,91,0.43920770287513733,0.4751422703266144,0.7518248175182481,0.8235294117647058
3,5,92,0.4404904544353485,0.4718138873577118,0.7737226277372263,0.8529411764705882
3,5,93,0.43782344460487366,0.4720286726951599,0.7664233576642335,0.8529411764705882
3,5,94,0.4409979581832886,0.4848804473876953,0.7664233576642335,0.7941176470588235
3,5,95,0.4352845251560211,0.4741288423538208,0.7591240875912408,0.8235294117647058
3,5,96,0.44082820415496826,0.4716714918613434,0.8029197080291971,0.7941176470588235
3,5,97,0.4345613420009613,0.4785342514514923,0.7737226277372263,0.7941176470588235
3,5,98,0.4370797276496887,0.4848789870738983,0.7591240875912408,0.7941176470588235
3,5,99,0.4310765564441681,0.47339776158332825,0.7664233576642335,0.8529411764705882
3,5,100,0.43801361322402954,0.47283902764320374,0.8102189781021898,0.8235294117647058
4,1,1,0.5869092345237732,0.6022867560386658,0.7279411764705882,0.7142857142857143
4,1,2,0.6054692268371582,0.6258144974708557,0.7279411764705882,0.7142857142857143
4,1,3,0.5878565907478333,0.6041057705879211,0.7279411764705882,0.7142857142857143
4,1,4,0.5848506689071655,0.597722053527832,0.7279411764705882,0.7142857142857143
4,1,5,0.5875729918479919,0.5987793803215027,0.7279411764705882,0.7142857142857143
4,1,6,0.587926983833313,0.5989853739738464,0.7279411764705882,0.7142857142857143
4,1,7,0.5854217410087585,0.5974518656730652,0.7279411764705882,0.7142857142857143
4,1,8,0.5833733677864075,0.5968372225761414,0.7279411764705882,0.7142857142857143
4,1,9,0.583355188369751,0.598512589931488,0.7279411764705882,0.7142857142857143
4,1,10,0.5844715237617493,0.6007616519927979,0.7279411764705882,0.7142857142857143
4,1,11,0.5841729044914246,0.6006409525871277,0.7279411764705882,0.7142857142857143
4,1,12,0.5823477506637573,0.5980160236358643,0.7279411764705882,0.7142857142857143
4,1,13,0.5811564326286316,0.5958805680274963,0.7279411764705882,0.7142857142857143
4,1,14,0.580861508846283,0.5947523713111877,0.7279411764705882,0.7142857142857143
4,1,15,0.5806831121444702,0.5942443609237671,0.7279411764705882,0.7142857142857143
4,1,16,0.5800931453704834,0.593807578086853,0.7279411764705882,0.7142857142857143
4,1,17,0.5791533589363098,0.5934450626373291,0.7279411764705882,0.7142857142857143
4,1,18,0.5783720016479492,0.5934295058250427,0.7279411764705882,0.7142857142857143
4,1,19,0.5780355930328369,0.594068169593811,0.7279411764705882,0.7142857142857143
4,1,20,0.5775734782218933,0.5939555764198303,0.7279411764705882,0.7142857142857143
4,1,21,0.5766059756278992,0.5928741693496704,0.7279411764705882,0.7142857142857143
4,1,22,0.5755134224891663,0.5911378264427185,0.7279411764705882,0.7142857142857143
4,1,23,0.5748100280761719,0.5898141264915466,0.7279411764705882,0.7142857142857143
4,1,24,0.5740247964859009,0.5888828039169312,0.7279411764705882,0.7142857142857143
4,1,25,0.572926938533783,0.5880638957023621,0.7279411764705882,0.7142857142857143
4,1,26,0.5717255473136902,0.5872161984443665,0.7279411764705882,0.7142857142857143
4,1,27,0.5703986287117004,0.5864589810371399,0.7279411764705882,0.7142857142857143
4,1,28,0.5690677762031555,0.585684597492218,0.7279411764705882,0.7142857142857143
4,1,29,0.5677266716957092,0.5849294066429138,0.7279411764705882,0.7142857142857143
4,1,30,0.5662950873374939,0.5839449167251587,0.7279411764705882,0.7142857142857143
4,1,31,0.5646591186523438,0.582502007484436,0.7279411764705882,0.7142857142857143
4,1,32,0.5627837777137756,0.5806108117103577,0.7279411764705882,0.7142857142857143
4,1,33,0.5607505440711975,0.5782544612884521,0.7279411764705882,0.7142857142857143
4,1,34,0.558691143989563,0.5759265422821045,0.7279411764705882,0.7142857142857143
4,1,35,0.5562806725502014,0.5737753510475159,0.7279411764705882,0.7142857142857143
4,1,36,0.5535047054290771,0.5720840096473694,0.7279411764705882,0.7142857142857143
4,1,37,0.5507839322090149,0.5702902674674988,0.7279411764705882,0.7142857142857143
4,1,38,0.5476768612861633,0.5674594640731812,0.7279411764705882,0.7142857142857143
4,1,39,0.5440643429756165,0.563412070274353,0.7279411764705882,0.7142857142857143
4,1,40,0.5404188632965088,0.5595478415489197,0.7279411764705882,0.7142857142857143
4,1,41,0.5364323854446411,0.5559589862823486,0.7279411764705882,0.7142857142857143
4,1,42,0.5325875878334045,0.5534126162528992,0.7279411764705882,0.7142857142857143
4,1,43,0.5285376310348511,0.5498557090759277,0.7279411764705882,0.7142857142857143
4,1,44,0.5238915681838989,0.5442044138908386,0.7279411764705882,0.7142857142857143
4,1,45,0.5194793939590454,0.5392854809761047,0.7352941176470589,0.7142857142857143
4,1,46,0.515121340751648,0.5361219048500061,0.7352941176470589,0.7142857142857143
4,1,47,0.5114651918411255,0.5333690047264099,0.7279411764705882,0.7142857142857143
4,1,48,0.5066577196121216,0.5271092057228088,0.7426470588235294,0.7142857142857143
4,1,49,0.5027492642402649,0.5207968354225159,0.7426470588235294,0.7428571428571429
4,1,50,0.4978846311569214,0.516056478023529,0.75,0.7428571428571429
4,1,51,0.4941629469394684,0.5150330066680908,0.75,0.7428571428571429
4,1,52,0.4898419678211212,0.5097839832305908,0.7426470588235294,0.7428571428571429
4,1,53,0.4870421588420868,0.5034628510475159,0.7573529411764706,0.7428571428571429
4,1,54,0.48268789052963257,0.5008472800254822,0.7573529411764706,0.7428571428571429
4,1,55,0.48190879821777344,0.5042538046836853,0.7352941176470589,0.7428571428571429
4,1,56,0.4766979217529297,0.4957897663116455,0.7573529411764706,0.7428571428571429
4,1,57,0.47547677159309387,0.4903261363506317,0.7941176470588235,0.7142857142857143
4,1,58,0.47197991609573364,0.48917078971862793,0.7720588235294118,0.7428571428571429
4,1,59,0.4716687500476837,0.4913453161716461,0.7647058823529411,0.7428571428571429
4,1,60,0.4725801944732666,0.4861413240432739,0.7867647058823529,0.7142857142857143
4,1,61,0.4676000475883484,0.4830639362335205,0.8014705882352942,0.7142857142857143
4,1,62,0.47792738676071167,0.5040399432182312,0.75,0.7428571428571429
4,1,63,0.4655902683734894,0.4857734143733978,0.7941176470588235,0.7428571428571429
4,1,64,0.4678817391395569,0.4805309772491455,0.7720588235294118,0.7142857142857143
4,1,65,0.4623860716819763,0.47817808389663696,0.7867647058823529,0.7142857142857143
4,1,66,0.4608945846557617,0.4816964864730835,0.8014705882352942,0.7428571428571429
4,1,67,0.45950520038604736,0.4808802902698517,0.8014705882352942,0.7428571428571429
4,1,68,0.45799821615219116,0.47631335258483887,0.7941176470588235,0.7142857142857143
4,1,69,0.4566795229911804,0.47602134943008423,0.7867647058823529,0.7428571428571429
4,1,70,0.4556879997253418,0.47506627440452576,0.7941176470588235,0.7428571428571429
4,1,71,0.4546021521091461,0.4747004806995392,0.7867647058823529,0.7428571428571429
4,1,72,0.4536239802837372,0.47480490803718567,0.7867647058823529,0.7428571428571429
4,1,73,0.4539867341518402,0.477347195148468,0.7941176470588235,0.7428571428571429
4,1,74,0.45191752910614014,0.47342923283576965,0.7867647058823529,0.7428571428571429
4,1,75,0.45121651887893677,0.4729716181755066,0.7867647058823529,0.7428571428571429
4,1,76,0.4512276351451874,0.47639739513397217,0.7867647058823529,0.7428571428571429
4,1,77,0.45032909512519836,0.475881427526474,0.7794117647058824,0.7428571428571429
4,1,78,0.45315033197402954,0.4742002785205841,0.7647058823529411,0.7142857142857143
4,1,79,0.448421448469162,0.4735223054885864,0.7867647058823529,0.7428571428571429
4,1,80,0.44789403676986694,0.4754231572151184,0.7867647058823529,0.7428571428571429
4,1,81,0.4486493766307831,0.4795684814453125,0.7867647058823529,0.7142857142857143
4,1,82,0.44847023487091064,0.47317689657211304,0.7647058823529411,0.7142857142857143
4,1,83,0.44548141956329346,0.47309479117393494,0.7867647058823529,0.7142857142857143
4,1,84,0.4499990940093994,0.4873400032520294,0.7867647058823529,0.7428571428571429
4,1,85,0.4434088170528412,0.47423020005226135,0.7867647058823529,0.7428571428571429
4,1,86,0.4457587003707886,0.47311750054359436,0.7794117647058824,0.7428571428571429
4,1,87,0.4440145492553711,0.47392523288726807,0.7720588235294118,0.7428571428571429
4,1,88,0.44489216804504395,0.48279669880867004,0.7867647058823529,0.7428571428571429
4,1,89,0.44218042492866516,0.47936004400253296,0.7941176470588235,0.7142857142857143
4,1,90,0.44359302520751953,0.47473111748695374,0.7720588235294118,0.7428571428571429
4,1,91,0.4416050910949707,0.47434911131858826,0.7794117647058824,0.7428571428571429
4,1,92,0.4417416751384735,0.48172280192375183,0.7867647058823529,0.7428571428571429
4,1,93,0.44178307056427,0.4825782775878906,0.7867647058823529,0.7428571428571429
4,1,94,0.4404551386833191,0.47354474663734436,0.7867647058823529,0.7142857142857143
4,1,95,0.438223272562027,0.47295308113098145,0.7867647058823529,0.7142857142857143
4,1,96,0.43877288699150085,0.48172739148139954,0.7941176470588235,0.7428571428571429
4,1,97,0.4423533082008362,0.4884535074234009,0.7794117647058824,0.7428571428571429
4,1,98,0.4361211657524109,0.47307413816452026,0.7867647058823529,0.7428571428571429
4,1,99,0.44276928901672363,0.4773297607898712,0.75,0.8571428571428571
4,1,100,0.43356063961982727,0.47526463866233826,0.7794117647058824,0.7428571428571429
4,2,1,0.5951176285743713,0.5803708434104919,0.7226277372262774,0.7352941176470589
4,2,2,0.6074838042259216,0.5903143286705017,0.7226277372262774,0.7352941176470589
4,2,3,0.5923078656196594,0.5786347985267639,0.7226277372262774,0.7352941176470589
4,2,4,0.591167151927948,0.5808109045028687,0.7226277372262774,0.7352941176470589
4,2,5,0.593844473361969,0.5849131345748901,0.7226277372262774,0.7352941176470589
4,2,6,0.5922160744667053,0.5832070112228394,0.7226277372262774,0.7352941176470589
4,2,7,0.5892472863197327,0.5792420506477356,0.7226277372262774,0.7352941176470589
4,2,8,0.5887269377708435,0.5774257183074951,0.7226277372262774,0.7352941176470589
4,2,9,0.5897379517555237,0.5777736902236938,0.7226277372262774,0.7352941176470589
4,2,10,0.5894480347633362,0.5777847170829773,0.7226277372262774,0.7352941176470589
4,2,11,0.5876377820968628,0.5771650671958923,0.7226277372262774,0.7352941176470589
4,2,12,0.5866308212280273,0.5775439143180847,0.7226277372262774,0.7352941176470589
4,2,13,0.5868460536003113,0.5789867639541626,0.7226277372262774,0.7352941176470589
4,2,14,0.5868126749992371,0.5796244144439697,0.7226277372262774,0.7352941176470589
4,2,15,0.5858862400054932,0.5789408087730408,0.7226277372262774,0.7352941176470589
4,2,16,0.584594190120697,0.5774238109588623,0.7226277372262774,0.7352941176470589
4,2,17,0.5838689804077148,0.5762525200843811,0.7226277372262774,0.7352941176470589
4,2,18,0.5837492942810059,0.575950562953949,0.7226277372262774,0.7352941176470589
4,2,19,0.5832039713859558,0.5756567716598511,0.7226277372262774,0.7352941176470589
4,2,20,0.5820571780204773,0.5751992464065552,0.7226277372262774,0.7352941176470589
4,2,21,0.5806201696395874,0.5750776529312134,0.7226277372262774,0.7352941176470589
4,2,22,0.5799219608306885,0.5757660865783691,0.7226277372262774,0.7352941176470589
4,2,23,0.5794041156768799,0.5763747692108154,0.7226277372262774,0.7352941176470589
4,2,24,0.5783067941665649,0.5762599110603333,0.7226277372262774,0.7352941176470589
4,2,25,0.5764798521995544,0.5747090578079224,0.7226277372262774,0.7352941176470589
4,2,26,0.5749301314353943,0.5733792781829834,0.7226277372262774,0.7352941176470589
4,2,27,0.5736519694328308,0.5725500583648682,0.7226277372262774,0.7352941176470589
4,2,28,0.5720655918121338,0.5720000863075256,0.7226277372262774,0.7352941176470589
4,2,29,0.5698752403259277,0.5714672207832336,0.7226277372262774,0.7352941176470589
4,2,30,0.567577600479126,0.5710244178771973,0.7226277372262774,0.7352941176470589
4,2,31,0.5652580261230469,0.5710515379905701,0.7226277372262774,0.7352941176470589
4,2,32,0.562646746635437,0.5704180598258972,0.7226277372262774,0.7352941176470589
4,2,33,0.5596190094947815,0.5693022012710571,0.7226277372262774,0.7352941176470589
4,2,34,0.5563430190086365,0.5677942633628845,0.7226277372262774,0.7352941176470589
4,2,35,0.5528784990310669,0.5665432214736938,0.7226277372262774,0.7352941176470589
4,2,36,0.5487707257270813,0.5664774775505066,0.7226277372262774,0.7352941176470589
4,2,37,0.5445942878723145,0.5674064755439758,0.7226277372262774,0.7352941176470589
4,2,38,0.5399708151817322,0.5676827430725098,0.7226277372262774,0.7352941176470589
4,2,39,0.5339339375495911,0.5641034245491028,0.7226277372262774,0.7352941176470589
4,2,40,0.5291607975959778,0.5617266297340393,0.7226277372262774,0.7352941176470589
4,2,41,0.5221466422080994,0.5620057582855225,0.7226277372262774,0.7352941176470589
4,2,42,0.518336832523346,0.5686505436897278,0.7226277372262774,0.7352941176470589
4,2,43,0.5098277926445007,0.5628562569618225,0.7372262773722628,0.7352941176470589
4,2,44,0.5060440301895142,0.5584168434143066,0.7299270072992701,0.7352941176470589
4,2,45,0.4984513819217682,0.5595270395278931,0.7372262773722628,0.7647058823529411
4,2,46,0.4928872883319855,0.5702276825904846,0.7372262773722628,0.7352941176470589
4,2,47,0.48591551184654236,0.5717394948005676,0.7372262773722628,0.7352941176470589
4,2,48,0.4827294945716858,0.5626306533813477,0.7445255474452555,0.7352941176470589
4,2,49,0.4729858636856079,0.5659930109977722,0.7372262773722628,0.7352941176470589
4,2,50,0.47322672605514526,0.5859047770500183,0.7883211678832117,0.7058823529411765
4,2,51,0.46219199895858765,0.5762724280357361,0.781021897810219,0.7647058823529411
4,2,52,0.46244361996650696,0.5723562836647034,0.7591240875912408,0.7352941176470589
4,2,53,0.4530620276927948,0.5823707580566406,0.7956204379562044,0.7058823529411765
4,2,54,0.4522587060928345,0.5953223705291748,0.8102189781021898,0.7352941176470589
4,2,55,0.4499237835407257,0.5847265124320984,0.7883211678832117,0.7352941176470589
4,2,56,0.4429251551628113,0.5910176634788513,0.7956204379562044,0.7058823529411765
4,2,57,0.44261959195137024,0.6090888381004333,0.8175182481751825,0.7352941176470589
4,2,58,0.43651220202445984,0.605802595615387,0.8102189781021898,0.7352941176470589
4,2,59,0.437377005815506,0.6028431057929993,0.7956204379562044,0.7058823529411765
4,2,60,0.4316920340061188,0.6145177483558655,0.8102189781021898,0.7352941176470589
4,2,61,0.43314194679260254,0.628434419631958,0.8029197080291971,0.7352941176470589
4,2,62,0.42806026339530945,0.619547426700592,0.8102189781021898,0.7352941176470589
4,2,63,0.4281679093837738,0.619881808757782,0.8175182481751825,0.7058823529411765
4,2,64,0.4250604212284088,0.635469913482666,0.8175182481751825,0.7352941176470589
4,2,65,0.4214423596858978,0.6320798397064209,0.8175182481751825,0.7352941176470589
4,2,66,0.4203367233276367,0.6314799785614014,0.8102189781021898,0.7352941176470589
4,2,67,0.4199088215827942,0.631690263748169,0.8029197080291971,0.7352941176470589
4,2,68,0.4199111759662628,0.6502793431282043,0.8102189781021898,0.6470588235294118
4,2,69,0.41597628593444824,0.6388728618621826,0.8175182481751825,0.7352941176470589
4,2,70,0.4149315655231476,0.6422074437141418,0.8175182481751825,0.7352941176470589
4,2,71,0.41515621542930603,0.6577998995780945,0.8248175182481752,0.6764705882352942
4,2,72,0.4130413234233856,0.6462712287902832,0.8175182481751825,0.7352941176470589
4,2,73,0.4127737283706665,0.6449551582336426,0.8102189781021898,0.7058823529411765
4,2,74,0.4105909466743469,0.6584415435791016,0.8248175182481752,0.6764705882352942
4,2,75,0.4098369777202606,0.6582855582237244,0.8248175182481752,0.6764705882352942
4,2,76,0.4104514718055725,0.6424875855445862,0.8029197080291971,0.6764705882352942
4,2,77,0.4070708155632019,0.6545357704162598,0.8175182481751825,0.6764705882352942
4,2,78,0.4073095917701721,0.6610134840011597,0.8394160583941606,0.6764705882352942
4,2,79,0.4073605537414551,0.6425862312316895,0.8102189781021898,0.6764705882352942
4,2,80,0.40346771478652954,0.6532731056213379,0.8321167883211679,0.6764705882352942
4,2,81,0.4031566083431244,0.656341552734375,0.8394160583941606,0.6764705882352942
4,2,82,0.4023596942424774,0.645822286605835,0.8102189781021898,0.7058823529411765
4,2,83,0.40120354294776917,0.6459716558456421,0.8248175182481752,0.7058823529411765
4,2,84,0.4036905765533447,0.6671667098999023,0.8467153284671532,0.6470588235294118
4,2,85,0.39947059750556946,0.6517435312271118,0.8248175182481752,0.7058823529411765
4,2,86,0.39863839745521545,0.6546524167060852,0.8467153284671532,0.7058823529411765
4,2,87,0.3980220854282379,0.664250910282135,0.8321167883211679,0.6470588235294118
4,2,88,0.3963676393032074,0.6590047478675842,0.8467153284671532,0.6470588235294118
4,2,89,0.39854109287261963,0.6508868932723999,0.8102189781021898,0.6764705882352942
4,2,90,0.4012936055660248,0.6798505187034607,0.8467153284671532,0.6470588235294118
4,2,91,0.39351746439933777,0.6540811061859131,0.8540145985401459,0.6470588235294118
4,2,92,0.40434786677360535,0.6420944333076477,0.8102189781021898,0.7058823529411765
4,2,93,0.3970751166343689,0.6652809381484985,0.8467153284671532,0.6470588235294118
4,2,94,0.39635321497917175,0.6651284694671631,0.8467153284671532,0.6470588235294118
4,2,95,0.4033665955066681,0.6423006653785706,0.8102189781021898,0.7058823529411765
4,2,96,0.39126721024513245,0.6578097939491272,0.8467153284671532,0.6470588235294118
4,2,97,0.39818844199180603,0.6797839999198914,0.8394160583941606,0.5882352941176471
4,2,98,0.3929084837436676,0.6519238948822021,0.8321167883211679,0.6764705882352942
4,2,99,0.3894326984882355,0.6563467383384705,0.8467153284671532,0.6470588235294118
4,2,100,0.39467447996139526,0.6817507147789001,0.8394160583941606,0.5882352941176471
4,3,1,0.5943968892097473,0.5799563527107239,0.7226277372262774,0.7352941176470589
4,3,2,0.599402666091919,0.5835561156272888,0.7226277372262774,0.7352941176470589
4,3,3,0.5898245573043823,0.5771290063858032,0.7226277372262774,0.7352941176470589
4,3,4,0.5910440683364868,0.5806966423988342,0.7226277372262774,0.7352941176470589
4,3,5,0.5913985371589661,0.5813730955123901,0.7226277372262774,0.7352941176470589
4,3,6,0.5891742706298828,0.5783210396766663,0.7226277372262774,0.7352941176470589
4,3,7,0.5880271792411804,0.5761342644691467,0.7226277372262774,0.7352941176470589
4,3,8,0.5883665680885315,0.5756538510322571,0.7226277372262774,0.7352941176470589
4,3,9,0.588437020778656,0.5755264163017273,0.7226277372262774,0.7352941176470589
4,3,10,0.5873327255249023,0.5748721957206726,0.7226277372262774,0.7352941176470589
4,3,11,0.5862176418304443,0.5744895339012146,0.7226277372262774,0.7352941176470589
4,3,12,0.5857362747192383,0.5746052265167236,0.7226277372262774,0.7352941176470589
4,3,13,0.5854455828666687,0.5747346878051758,0.7226277372262774,0.7352941176470589
4,3,14,0.5849688053131104,0.5744955539703369,0.7226277372262774,0.7352941176470589
4,3,15,0.5840509533882141,0.5735539793968201,0.7226277372262774,0.7352941176470589
4,3,16,0.5830339193344116,0.5723490118980408,0.7226277372262774,0.7352941176470589
4,3,17,0.5823314785957336,0.5714792609214783,0.7226277372262774,0.7352941176470589
4,3,18,0.5816998481750488,0.5708619356155396,0.7226277372262774,0.7352941176470589
4,3,19,0.5808166861534119,0.5702164769172668,0.7226277372262774,0.7352941176470589
4,3,20,0.5797109603881836,0.5695874094963074,0.7226277372262774,0.7352941176470589
4,3,21,0.578708827495575,0.5689024329185486,0.7226277372262774,0.7352941176470589
4,3,22,0.5777058601379395,0.5681966543197632,0.7226277372262774,0.7352941176470589
4,3,23,0.576373815536499,0.5672107338905334,0.7226277372262774,0.7352941176470589
4,3,24,0.5748918056488037,0.5660409927368164,0.7226277372262774,0.7352941176470589
4,3,25,0.5733709335327148,0.564932644367218,0.7226277372262774,0.7352941176470589
4,3,26,0.5716810822486877,0.5636698007583618,0.7226277372262774,0.7352941176470589
4,3,27,0.5698791146278381,0.56224524974823,0.7226277372262774,0.7352941176470589
4,3,28,0.5679609775543213,0.5606284737586975,0.7226277372262774,0.7352941176470589
4,3,29,0.5657809376716614,0.558844268321991,0.7226277372262774,0.7352941176470589
4,3,30,0.5635332465171814,0.557062029838562,0.7226277372262774,0.7352941176470589
4,3,31,0.5610933899879456,0.5554057955741882,0.7226277372262774,0.7352941176470589
4,3,32,0.5582584142684937,0.5530580282211304,0.7226277372262774,0.7352941176470589
4,3,33,0.5551685094833374,0.5508486032485962,0.7226277372262774,0.7352941176470589
4,3,34,0.5517606139183044,0.5485942363739014,0.7226277372262774,0.7352941176470589
4,3,35,0.5479934811592102,0.5459119081497192,0.7226277372262774,0.7352941176470589
4,3,36,0.5439751744270325,0.5431435704231262,0.7226277372262774,0.7352941176470589
4,3,37,0.5396440625190735,0.5384533405303955,0.7226277372262774,0.7352941176470589
4,3,38,0.535435140132904,0.5340180993080139,0.7299270072992701,0.7352941176470589
4,3,39,0.5306984782218933,0.5309052467346191,0.7299270072992701,0.7352941176470589
4,3,40,0.5265881419181824,0.52900630235672,0.7299270072992701,0.7058823529411765
4,3,41,0.5218111276626587,0.5243721008300781,0.7518248175182481,0.7058823529411765
4,3,42,0.5172016024589539,0.5201846957206726,0.7518248175182481,0.7058823529411765
4,3,43,0.5124136209487915,0.5140085816383362,0.7518248175182481,0.7058823529411765
4,3,44,0.5078514814376831,0.51312255859375,0.7518248175182481,0.7058823529411765
4,3,45,0.5032133460044861,0.5069729089736938,0.7591240875912408,0.7058823529411765
4,3,46,0.4988393187522888,0.5012177228927612,0.7591240875912408,0.7058823529411765
4,3,47,0.49503833055496216,0.5056756138801575,0.7664233576642335,0.7058823529411765
4,3,48,0.49017995595932007,0.5012502074241638,0.7591240875912408,0.7058823529411765
4,3,49,0.486177533864975,0.48684433102607727,0.7664233576642335,0.7058823529411765
4,3,50,0.4812621474266052,0.4881737530231476,0.7664233576642335,0.7058823529411765
4,3,51,0.47739481925964355,0.4885505139827728,0.7737226277372263,0.7058823529411765
4,3,52,0.4740235209465027,0.4763285219669342,0.7518248175182481,0.7058823529411765
4,3,53,0.47188568115234375,0.49050775170326233,0.7737226277372263,0.7058823529411765
4,3,54,0.4654069244861603,0.47474950551986694,0.7591240875912408,0.7058823529411765
4,3,55,0.46196532249450684,0.47275853157043457,0.7591240875912408,0.7058823529411765
4,3,56,0.4589144289493561,0.47631531953811646,0.7737226277372263,0.7058823529411765
4,3,57,0.455303430557251,0.47213014960289,0.7664233576642335,0.7352941176470589
4,3,58,0.4524309039115906,0.47097936272621155,0.7664233576642335,0.7058823529411765
4,3,59,0.4499555230140686,0.46559759974479675,0.7737226277372263,0.7647058823529411
4,3,60,0.44975340366363525,0.4839538037776947,0.7737226277372263,0.7352941176470589
4,3,61,0.44510143995285034,0.46581581234931946,0.781021897810219,0.7941176470588235
4,3,62,0.44271162152290344,0.4754600524902344,0.7956204379562044,0.7352941176470589
4,3,63,0.4446345865726471,0.49198341369628906,0.7737226277372263,0.7058823529411765
4,3,64,0.4428595006465912,0.463910847902298,0.8102189781021898,0.8235294117647058
4,3,65,0.4421032965183258,0.494838148355484,0.7737226277372263,0.7058823529411765
4,3,66,0.4380526542663574,0.4739531874656677,0.7883211678832117,0.7647058823529411
4,3,67,0.4367462992668152,0.4857838451862335,0.7956204379562044,0.7352941176470589
4,3,68,0.43451935052871704,0.4849684238433838,0.7883211678832117,0.7352941176470589
4,3,69,0.43442514538764954,0.47447669506073,0.8248175182481752,0.7941176470588235
4,3,70,0.4418925642967224,0.5191852450370789,0.7737226277372263,0.7058823529411765
4,3,71,0.43514731526374817,0.47107410430908203,0.8102189781021898,0.7941176470588235
4,3,72,0.43072548508644104,0.47696787118911743,0.8321167883211679,0.7941176470588235
4,3,73,0.4359956383705139,0.5177560448646545,0.7883211678832117,0.7058823529411765
4,3,74,0.42680802941322327,0.49236926436424255,0.8175182481751825,0.7352941176470589
4,3,75,0.4277510941028595,0.4786970615386963,0.8248175182481752,0.7941176470588235
4,3,76,0.4280266761779785,0.5134724378585815,0.7956204379562044,0.7352941176470589
4,3,77,0.4236522614955902,0.5046840310096741,0.7956204379562044,0.7058823529411765
4,3,78,0.42203661799430847,0.49386724829673767,0.8321167883211679,0.7647058823529411
4,3,79,0.42078372836112976,0.4987717866897583,0.8321167883211679,0.7647058823529411
4,3,80,0.4224138557910919,0.5189582109451294,0.8029197080291971,0.7058823529411765
4,3,81,0.42051321268081665,0.490834504365921,0.8321167883211679,0.7647058823529411
4,3,82,0.4183257222175598,0.49959632754325867,0.8467153284671532,0.7647058823529411
4,3,83,0.42280763387680054,0.524197518825531,0.7956204379562044,0.7352941176470589
4,3,84,0.41794419288635254,0.4942188262939453,0.8540145985401459,0.7647058823529411
4,3,85,0.4174746870994568,0.49399858713150024,0.8540145985401459,0.7647058823529411
4,3,86,0.4168612062931061,0.5168436765670776,0.8248175182481752,0.7058823529411765
4,3,87,0.4155586361885071,0.5174708366394043,0.8248175182481752,0.7058823529411765
4,3,88,0.41649171710014343,0.4927361011505127,0.8321167883211679,0.7941176470588235
4,3,89,0.4154606759548187,0.5262556076049805,0.8175182481751825,0.6764705882352942
4,3,90,0.4154449701309204,0.5321824550628662,0.8175182481751825,0.6764705882352942
4,3,91,0.4132901728153229,0.4988878071308136,0.8321167883211679,0.7647058823529411
4,3,92,0.4103335738182068,0.5079587697982788,0.8467153284671532,0.7647058823529411
4,3,93,0.41253456473350525,0.538475751876831,0.8248175182481752,0.6764705882352942
4,3,94,0.4138229489326477,0.5487379431724548,0.8248175182481752,0.6764705882352942
4,3,95,0.4156492054462433,0.49850666522979736,0.8248175182481752,0.7647058823529411
4,3,96,0.4080260097980499,0.5077894926071167,0.8394160583941606,0.7647058823529411
4,3,97,0.41818711161613464,0.5710068941116333,0.7956204379562044,0.6470588235294118
4,3,98,0.4071236848831177,0.5483978390693665,0.8321167883211679,0.6764705882352942
4,3,99,0.4079442322254181,0.5111257433891296,0.8248175182481752,0.7647058823529411
4,3,100,0.40586531162261963,0.518183708190918,0.8321167883211679,0.7647058823529411
4,4,1,0.5948761105537415,0.5800120830535889,0.7226277372262774,0.7352941176470589
4,4,2,0.5979782342910767,0.5823456048965454,0.7226277372262774,0.7352941176470589
4,4,3,0.5898081660270691,0.5773332118988037,0.7226277372262774,0.7352941176470589
4,4,4,0.5900830030441284,0.5796372890472412,0.7226277372262774,0.7352941176470589
4,4,5,0.5901997089385986,0.5802533626556396,0.7226277372262774,0.7352941176470589
4,4,6,0.5884617567062378,0.5780157446861267,0.7226277372262774,0.7352941176470589
4,4,7,0.5877069234848022,0.5764172673225403,0.7226277372262774,0.7352941176470589
4,4,8,0.5879624485969543,0.5761807560920715,0.7226277372262774,0.7352941176470589
4,4,9,0.587005615234375,0.5758025050163269,0.7226277372262774,0.7352941176470589
4,4,10,0.585879385471344,0.5754653811454773,0.7226277372262774,0.7352941176470589
4,4,11,0.5848991870880127,0.5756833553314209,0.7226277372262774,0.7352941176470589
4,4,12,0.5842819809913635,0.5759397149085999,0.7226277372262774,0.7352941176470589
4,4,13,0.5833859443664551,0.5755376219749451,0.7226277372262774,0.7352941176470589
4,4,14,0.5821794271469116,0.5743387937545776,0.7226277372262774,0.7352941176470589
4,4,15,0.5812117457389832,0.5734941959381104,0.7226277372262774,0.7352941176470589
4,4,16,0.5801995396614075,0.5728912353515625,0.7226277372262774,0.7352941176470589
4,4,17,0.5790520906448364,0.5723088383674622,0.7226277372262774,0.7352941176470589
4,4,18,0.5775147080421448,0.5716778039932251,0.7226277372262774,0.7352941176470589
4,4,19,0.5757626891136169,0.5711703896522522,0.7226277372262774,0.7352941176470589
4,4,20,0.5740736722946167,0.5709757208824158,0.7226277372262774,0.7352941176470589
4,4,21,0.5721575617790222,0.5703222155570984,0.7226277372262774,0.7352941176470589
4,4,22,0.569810152053833,0.5693516731262207,0.7226277372262774,0.7352941176470589
4,4,23,0.5671164989471436,0.5680510997772217,0.7226277372262774,0.7352941176470589
4,4,24,0.5641731023788452,0.5665311217308044,0.7226277372262774,0.7352941176470589
4,4,25,0.5610511898994446,0.5648804903030396,0.7226277372262774,0.7352941176470589
4,4,26,0.5575355291366577,0.5633798241615295,0.7226277372262774,0.7352941176470589
4,4,27,0.553602397441864,0.5621592402458191,0.7226277372262774,0.7352941176470589
4,4,28,0.5491842031478882,0.5607773065567017,0.7226277372262774,0.7352941176470589
4,4,29,0.5443552732467651,0.5587420463562012,0.7226277372262774,0.7352941176470589
4,4,30,0.5393278002738953,0.5566601753234863,0.7226277372262774,0.7352941176470589
4,4,31,0.533774733543396,0.5550919771194458,0.7226277372262774,0.7352941176470589
4,4,32,0.5281612873077393,0.555151104927063,0.7226277372262774,0.7352941176470589
4,4,33,0.5215609073638916,0.5531116724014282,0.7226277372262774,0.7352941176470589
4,4,34,0.5147800445556641,0.5517390966415405,0.7226277372262774,0.7647058823529411
4,4,35,0.5081652998924255,0.5507580041885376,0.7226277372262774,0.7647058823529411
4,4,36,0.5012505650520325,0.5507525205612183,0.7518248175182481,0.7647058823529411
4,4,37,0.49441036581993103,0.5519995093345642,0.7518248175182481,0.7352941176470589
4,4,38,0.4869785010814667,0.5514093041419983,0.7518248175182481,0.7352941176470589
4,4,39,0.4804500341415405,0.5527679920196533,0.7445255474452555,0.7352941176470589
4,4,40,0.4738418161869049,0.555188000202179,0.7518248175182481,0.7352941176470589
4,4,41,0.4686785042285919,0.560488224029541,0.7883211678832117,0.6470588235294118
4,4,42,0.4647786617279053,0.5630933046340942,0.7591240875912408,0.7352941176470589
4,4,43,0.4592919945716858,0.5689200162887573,0.8029197080291971,0.6176470588235294
4,4,44,0.45435136556625366,0.5718525052070618,0.7883211678832117,0.6470588235294118
4,4,45,0.4552127420902252,0.5777353048324585,0.7737226277372263,0.6764705882352942
4,4,46,0.45122602581977844,0.5806096196174622,0.8102189781021898,0.6176470588235294
4,4,47,0.44596347212791443,0.581581175327301,0.8029197080291971,0.6176470588235294
4,4,48,0.4494696855545044,0.5901063680648804,0.7883211678832117,0.6470588235294118
4,4,49,0.4457259178161621,0.5904066562652588,0.8175182481751825,0.6176470588235294
4,4,50,0.4409651458263397,0.591370165348053,0.8029197080291971,0.6176470588235294
4,4,51,0.4556964039802551,0.6108905673027039,0.781021897810219,0.7058823529411765
4,4,52,0.439726322889328,0.59665447473526,0.8175182481751825,0.6176470588235294
4,4,53,0.4463765323162079,0.6038192510604858,0.8102189781021898,0.6470588235294118
4,4,54,0.4423281252384186,0.6075881719589233,0.8029197080291971,0.6470588235294118
4,4,55,0.44085583090782166,0.6079823970794678,0.8102189781021898,0.6470588235294118
4,4,56,0.4396127760410309,0.6035301089286804,0.8102189781021898,0.6470588235294118
4,4,57,0.43557992577552795,0.5997871160507202,0.8102189781021898,0.6470588235294118
4,4,58,0.4334973394870758,0.600601077079773,0.8029197080291971,0.5882352941176471
4,4,59,0.4317813813686371,0.5990585088729858,0.8029197080291971,0.6176470588235294
4,4,60,0.4326004087924957,0.5957894921302795,0.8102189781021898,0.6470588235294118
4,4,61,0.42985299229621887,0.5956584811210632,0.8175182481751825,0.6176470588235294
4,4,62,0.4331364631652832,0.6036422848701477,0.7956204379562044,0.6470588235294118
4,4,63,0.42849302291870117,0.5970141887664795,0.8175182481751825,0.6176470588235294
4,4,64,0.4286642372608185,0.5953421592712402,0.8175182481751825,0.6470588235294118
4,4,65,0.4275836646556854,0.5980958938598633,0.8175182481751825,0.6470588235294118
4,4,66,0.42577874660491943,0.6038318276405334,0.8102189781021898,0.6176470588235294
4,4,67,0.4257255792617798,0.6049200892448425,0.8102189781021898,0.6176470588235294
4,4,68,0.42387038469314575,0.6023792028427124,0.8102189781021898,0.6176470588235294
4,4,69,0.4239915609359741,0.6008308529853821,0.8102189781021898,0.6470588235294118
4,4,70,0.4227354824542999,0.6016486883163452,0.8175182481751825,0.6470588235294118
4,4,71,0.42383477091789246,0.6070258021354675,0.8029197080291971,0.6176470588235294
4,4,72,0.4219508171081543,0.6093783378601074,0.8102189781021898,0.6176470588235294
4,4,73,0.4198160171508789,0.6067397594451904,0.8175182481751825,0.6470588235294118
4,4,74,0.4224986433982849,0.6111676692962646,0.8248175182481752,0.6470588235294118
4,4,75,0.41884827613830566,0.6169164180755615,0.8029197080291971,0.6176470588235294
4,4,76,0.42282626032829285,0.625931978225708,0.7956204379562044,0.6176470588235294
4,4,77,0.4158271849155426,0.6206988096237183,0.8102189781021898,0.6176470588235294
4,4,78,0.416199266910553,0.6184561252593994,0.8175182481751825,0.6470588235294118
4,4,79,0.41330450773239136,0.6190534234046936,0.8248175182481752,0.6470588235294118
4,4,80,0.4140135645866394,0.6224705576896667,0.8102189781021898,0.6176470588235294
4,4,81,0.41265249252319336,0.6215211749076843,0.8102189781021898,0.6176470588235294
4,4,82,0.41178491711616516,0.6201467514038086,0.8175182481751825,0.6470588235294118
4,4,83,0.4100440442562103,0.6208609342575073,0.8175182481751825,0.6470588235294118
4,4,84,0.4090074896812439,0.6228920221328735,0.8248175182481752,0.6470588235294118
4,4,85,0.4082126319408417,0.6237995028495789,0.8248175182481752,0.6470588235294118
4,4,86,0.40732598304748535,0.623246431350708,0.8175182481751825,0.6470588235294118
4,4,87,0.40615859627723694,0.624833345413208,0.8175182481751825,0.6470588235294118
4,4,88,0.40594813227653503,0.6253262758255005,0.8175182481751825,0.6176470588235294
4,4,89,0.40414372086524963,0.6193439364433289,0.8102189781021898,0.6470588235294118
4,4,90,0.40279534459114075,0.6198243498802185,0.8175182481751825,0.6470588235294118
4,4,91,0.4066157341003418,0.6303384304046631,0.8029197080291971,0.6176470588235294
4,4,92,0.4005003571510315,0.6225740909576416,0.8248175182481752,0.6470588235294118
4,4,93,0.3996222913265228,0.6250186562538147,0.8175182481751825,0.6470588235294118
4,4,94,0.39832234382629395,0.6287194490432739,0.8175182481751825,0.6470588235294118
4,4,95,0.39764052629470825,0.630229651927948,0.8248175182481752,0.6470588235294118
4,4,96,0.398425817489624,0.6294467449188232,0.8321167883211679,0.6470588235294118
4,4,97,0.39651232957839966,0.6301246285438538,0.8248175182481752,0.6470588235294118
4,4,98,0.399986207485199,0.6417985558509827,0.8102189781021898,0.6176470588235294
4,4,99,0.3934835195541382,0.6329064965248108,0.8175182481751825,0.6470588235294118
4,4,100,0.39760544896125793,0.6293864846229553,0.8321167883211679,0.6470588235294118
4,5,1,0.583433210849762,0.6090103387832642,0.7299270072992701,0.7058823529411765
4,5,2,0.6182562112808228,0.657882571220398,0.7299270072992701,0.7058823529411765
4,5,3,0.5877852439880371,0.6178284883499146,0.7299270072992701,0.7058823529411765
4,5,4,0.5839943885803223,0.6052631735801697,0.7299270072992701,0.7058823529411765
4,5,5,0.5906041264533997,0.6081295013427734,0.7299270072992701,0.7058823529411765
4,5,6,0.5903749465942383,0.6080155372619629,0.7299270072992701,0.7058823529411765
4,5,7,0.5853707790374756,0.6053853631019592,0.7299270072992701,0.7058823529411765
4,5,8,0.581421971321106,0.6049981117248535,0.7299270072992701,0.7058823529411765
4,5,9,0.5814204216003418,0.6088334321975708,0.7299270072992701,0.7058823529411765
4,5,10,0.5835919976234436,0.6137288212776184,0.7299270072992701,0.7058823529411765
4,5,11,0.583695650100708,0.6144701838493347,0.7299270072992701,0.7058823529411765
4,5,12,0.5818171501159668,0.6118150353431702,0.7299270072992701,0.7058823529411765
4,5,13,0.5794689059257507,0.6075913906097412,0.7299270072992701,0.7058823529411765
4,5,14,0.5785232186317444,0.6045786738395691,0.7299270072992701,0.7058823529411765
4,5,15,0.5787959098815918,0.6032792925834656,0.7299270072992701,0.7058823529411765
4,5,16,0.5792714357376099,0.6028442978858948,0.7299270072992701,0.7058823529411765
4,5,17,0.5787872672080994,0.6025163531303406,0.7299270072992701,0.7058823529411765
4,5,18,0.5773528218269348,0.6022152900695801,0.7299270072992701,0.7058823529411765
4,5,19,0.5758704543113708,0.6025596261024475,0.7299270072992701,0.7058823529411765
4,5,20,0.5751255750656128,0.6039420366287231,0.7299270072992701,0.7058823529411765
4,5,21,0.575084924697876,0.6057850122451782,0.7299270072992701,0.7058823529411765
4,5,22,0.5748110413551331,0.6065125465393066,0.7299270072992701,0.7058823529411765
4,5,23,0.5737590789794922,0.6054646968841553,0.7299270072992701,0.7058823529411765
4,5,24,0.5722283124923706,0.6030516624450684,0.7299270072992701,0.7058823529411765
4,5,25,0.571078896522522,0.6006011962890625,0.7299270072992701,0.7058823529411765
4,5,26,0.5703731775283813,0.5990992188453674,0.7299270072992701,0.7058823529411765
4,5,27,0.5695866346359253,0.5981584787368774,0.7299270072992701,0.7058823529411765
4,5,28,0.5682030916213989,0.5976035594940186,0.7299270072992701,0.7058823529411765
4,5,29,0.5665696263313293,0.5975242257118225,0.7299270072992701,0.7058823529411765
4,5,30,0.5650858879089355,0.5974807739257812,0.7299270072992701,0.7058823529411765
4,5,31,0.5636376142501831,0.5973278880119324,0.7299270072992701,0.7058823529411765
4,5,32,0.5619792938232422,0.5965559482574463,0.7299270072992701,0.7058823529411765
4,5,33,0.5599200129508972,0.5947799682617188,0.7299270072992701,0.7058823529411765
4,5,34,0.5578095316886902,0.592669665813446,0.7299270072992701,0.7058823529411765
4,5,35,0.5555661916732788,0.5907811522483826,0.7299270072992701,0.7058823529411765
4,5,36,0.5531927943229675,0.5889042019844055,0.7299270072992701,0.7058823529411765
4,5,37,0.550652027130127,0.5868068933486938,0.7299270072992701,0.7058823529411765
4,5,38,0.5478639602661133,0.58529132604599,0.7299270072992701,0.7058823529411765
4,5,39,0.5449255704879761,0.5828023552894592,0.7299270072992701,0.7058823529411765
4,5,40,0.5417906045913696,0.5802534818649292,0.7299270072992701,0.7058823529411765
4,5,41,0.5384566187858582,0.5776505470275879,0.7299270072992701,0.7058823529411765
4,5,42,0.5349207520484924,0.5756132006645203,0.7299270072992701,0.7058823529411765
4,5,43,0.5314028859138489,0.5734778046607971,0.7299270072992701,0.7058823529411765
4,5,44,0.5278137922286987,0.5705811977386475,0.7299270072992701,0.7058823529411765
4,5,45,0.5240810513496399,0.5666099190711975,0.7372262773722628,0.7058823529411765
4,5,46,0.5204904079437256,0.5635614395141602,0.7372262773722628,0.7058823529411765
4,5,47,0.516659677028656,0.5588951110839844,0.7372262773722628,0.7058823529411765
4,5,48,0.5126606822013855,0.5557602047920227,0.7372262773722628,0.7058823529411765
4,5,49,0.509441077709198,0.5547714829444885,0.7445255474452555,0.7058823529411765
4,5,50,0.5053914785385132,0.5502642393112183,0.7445255474452555,0.7058823529411765
4,5,51,0.5018237829208374,0.5462729334831238,0.7518248175182481,0.7058823529411765
4,5,52,0.49823787808418274,0.5441635251045227,0.7518248175182481,0.7058823529411765
4,5,53,0.4958516061306,0.5424312353134155,0.7518248175182481,0.7058823529411765
4,5,54,0.49250543117523193,0.5375674962997437,0.7445255474452555,0.7058823529411765
4,5,55,0.4897488057613373,0.5354414582252502,0.7445255474452555,0.7352941176470589
4,5,56,0.48697707056999207,0.5320320725440979,0.7445255474452555,0.7058823529411765
4,5,57,0.48432794213294983,0.5288549065589905,0.7518248175182481,0.7058823529411765
4,5,58,0.4819160997867584,0.5267167687416077,0.7518248175182481,0.7058823529411765
4,5,59,0.4801649749279022,0.5253061652183533,0.7445255474452555,0.7352941176470589
4,5,60,0.4786527752876282,0.5238643288612366,0.7372262773722628,0.7352941176470589
4,5,61,0.4766094982624054,0.5212773084640503,0.7518248175182481,0.7352941176470589
4,5,62,0.47496020793914795,0.5184760689735413,0.7518248175182481,0.7352941176470589
4,5,63,0.47454437613487244,0.5159560441970825,0.7445255474452555,0.7352941176470589
4,5,64,0.4729158580303192,0.5136265754699707,0.7445255474452555,0.7352941176470589
4,5,65,0.47238895297050476,0.5132537484169006,0.7518248175182481,0.7352941176470589
4,5,66,0.4702633023262024,0.5103435516357422,0.7372262773722628,0.7352941176470589
4,5,67,0.4707227647304535,0.5095958113670349,0.7664233576642335,0.7647058823529411
4,5,68,0.470284104347229,0.5071385502815247,0.7372262773722628,0.7352941176470589
4,5,69,0.46775877475738525,0.503765344619751,0.7664233576642335,0.7647058823529411
4,5,70,0.47126898169517517,0.5078006982803345,0.7591240875912408,0.7647058823529411
4,5,71,0.4666503369808197,0.501052975654602,0.7372262773722628,0.7647058823529411
4,5,72,0.46742838621139526,0.5021125674247742,0.7372262773722628,0.7647058823529411
4,5,73,0.46377819776535034,0.4993279278278351,0.7664233576642335,0.7647058823529411
4,5,74,0.4646158218383789,0.499941885471344,0.7518248175182481,0.7647058823529411
4,5,75,0.46287283301353455,0.49824804067611694,0.7664233576642335,0.7647058823529411
4,5,76,0.4632226526737213,0.4978061020374298,0.7518248175182481,0.7647058823529411
4,5,77,0.4620562195777893,0.49664777517318726,0.7664233576642335,0.7647058823529411
4,5,78,0.4661790430545807,0.5002961754798889,0.7591240875912408,0.7647058823529411
4,5,79,0.4609573185443878,0.4924335479736328,0.7518248175182481,0.7647058823529411
4,5,80,0.4633302390575409,0.4918217360973358,0.7372262773722628,0.7647058823529411
4,5,81,0.46101751923561096,0.4897635877132416,0.7591240875912408,0.7647058823529411
4,5,82,0.46272051334381104,0.4921310544013977,0.7664233576642335,0.7647058823529411
4,5,83,0.4594666361808777,0.4872823655605316,0.7591240875912408,0.7647058823529411
4,5,84,0.4592254161834717,0.4865187406539917,0.7518248175182481,0.7647058823529411
4,5,85,0.457723468542099,0.4860060513019562,0.7591240875912408,0.7647058823529411
4,5,86,0.457086980342865,0.48477038741111755,0.7591240875912408,0.7647058823529411
4,5,87,0.45612579584121704,0.4842090606689453,0.7591240875912408,0.7647058823529411
4,5,88,0.4551607370376587,0.4823417663574219,0.7591240875912408,0.7647058823529411
4,5,89,0.45347583293914795,0.4830837845802307,0.7664233576642335,0.7647058823529411
4,5,90,0.4529377520084381,0.4829685688018799,0.7664233576642335,0.7647058823529411
4,5,91,0.45229262113571167,0.482494592666626,0.7591240875912408,0.7647058823529411
4,5,92,0.4532760679721832,0.4818694293498993,0.7664233576642335,0.7647058823529411
4,5,93,0.452569842338562,0.4801534116268158,0.7664233576642335,0.7941176470588235
4,5,94,0.4511292278766632,0.4803089201450348,0.7664233576642335,0.7647058823529411
4,5,95,0.4504007399082184,0.4793532192707062,0.7591240875912408,0.7647058823529411
4,5,96,0.4515986740589142,0.47766226530075073,0.7664233576642335,0.7647058823529411
4,5,97,0.45020341873168945,0.4765186905860901,0.7664233576642335,0.7647058823529411
4,5,98,0.44923245906829834,0.47887516021728516,0.7664233576642335,0.7647058823529411
4,5,99,0.4476463198661804,0.4780459702014923,0.7664233576642335,0.7647058823529411
4,5,100,0.44634491205215454,0.47659268975257874,0.7591240875912408,0.7647058823529411
5,1,1,0.5877429842948914,0.6034234166145325,0.7279411764705882,0.7142857142857143
5,1,2,0.6041719913482666,0.6241430044174194,0.7279411764705882,0.7142857142857143
5,1,3,0.58731609582901,0.603306233882904,0.7279411764705882,0.7142857142857143
5,1,4,0.5859354734420776,0.5980796217918396,0.7279411764705882,0.7142857142857143
5,1,5,0.5901390910148621,0.6006509065628052,0.7279411764705882,0.7142857142857143
5,1,6,0.5876765847206116,0.5989339351654053,0.7279411764705882,0.7142857142857143
5,1,7,0.5837398767471313,0.5971032977104187,0.7279411764705882,0.7142857142857143
5,1,8,0.5841911435127258,0.6001536846160889,0.7279411764705882,0.7142857142857143
5,1,9,0.5866081714630127,0.6041064858436584,0.7279411764705882,0.7142857142857143
5,1,10,0.5855324268341064,0.6028836965560913,0.7279411764705882,0.7142857142857143
5,1,11,0.582541286945343,0.5986008644104004,0.7279411764705882,0.7142857142857143
5,1,12,0.5812367796897888,0.5956591963768005,0.7279411764705882,0.7142857142857143
5,1,13,0.5819118022918701,0.5950459241867065,0.7279411764705882,0.7142857142857143
5,1,14,0.5825364589691162,0.5950756669044495,0.7279411764705882,0.7142857142857143
5,1,15,0.5815452337265015,0.5943836569786072,0.7279411764705882,0.7142857142857143
5,1,16,0.5796788930892944,0.5934828519821167,0.7279411764705882,0.7142857142857143
5,1,17,0.5784781575202942,0.5937367081642151,0.7279411764705882,0.7142857142857143
5,1,18,0.5785222053527832,0.5953048467636108,0.7279411764705882,0.7142857142857143
5,1,19,0.5785990357398987,0.5962486267089844,0.7279411764705882,0.7142857142857143
5,1,20,0.577319324016571,0.5947443246841431,0.7279411764705882,0.7142857142857143
5,1,21,0.5757396221160889,0.5922659039497375,0.7279411764705882,0.7142857142857143
5,1,22,0.5748139023780823,0.5902017951011658,0.7279411764705882,0.7142857142857143
5,1,23,0.5742542743682861,0.589064359664917,0.7279411764705882,0.7142857142857143
5,1,24,0.5732740759849548,0.5881736278533936,0.7279411764705882,0.7142857142857143
5,1,25,0.5719080567359924,0.5874037146568298,0.7279411764705882,0.7142857142857143
5,1,26,0.5705422759056091,0.58685302734375,0.7279411764705882,0.7142857142857143
5,1,27,0.5693457126617432,0.5864635109901428,0.7279411764705882,0.7142857142857143
5,1,28,0.5681453943252563,0.585979700088501,0.7279411764705882,0.7142857142857143
5,1,29,0.5666550993919373,0.5845226049423218,0.7279411764705882,0.7142857142857143
5,1,30,0.5649333596229553,0.5820925235748291,0.7279411764705882,0.7142857142857143
5,1,31,0.5634397864341736,0.579912006855011,0.7279411764705882,0.7142857142857143
5,1,32,0.5617393851280212,0.5781342387199402,0.7279411764705882,0.7142857142857143
5,1,33,0.5594125390052795,0.5764669179916382,0.7279411764705882,0.7142857142857143
5,1,34,0.5568138360977173,0.5748900175094604,0.7279411764705882,0.7142857142857143
5,1,35,0.5543240904808044,0.5739063024520874,0.7279411764705882,0.7142857142857143
5,1,36,0.5517818331718445,0.5719478726387024,0.7279411764705882,0.7142857142857143
5,1,37,0.5486130714416504,0.5673985481262207,0.7279411764705882,0.7142857142857143
5,1,38,0.5458277463912964,0.5636942386627197,0.7279411764705882,0.7142857142857143
5,1,39,0.5424708724021912,0.561168372631073,0.7279411764705882,0.7142857142857143
5,1,40,0.538895845413208,0.5587361454963684,0.7279411764705882,0.7142857142857143
5,1,41,0.5353960394859314,0.556352972984314,0.7352941176470589,0.7142857142857143
5,1,42,0.5314119458198547,0.5511294007301331,0.7352941176470589,0.7142857142857143
5,1,43,0.527479887008667,0.5466675758361816,0.7352941176470589,0.7142857142857143
5,1,44,0.5233277082443237,0.5422574281692505,0.7426470588235294,0.7142857142857143
5,1,45,0.5192360877990723,0.5378741025924683,0.7426470588235294,0.7142857142857143
5,1,46,0.5152837634086609,0.5327584147453308,0.7426470588235294,0.7142857142857143
5,1,47,0.5114317536354065,0.5294033288955688,0.7352941176470589,0.7142857142857143
5,1,48,0.5082684755325317,0.5297673940658569,0.7352941176470589,0.7142857142857143
5,1,49,0.5034511685371399,0.5198355317115784,0.7573529411764706,0.7142857142857143
5,1,50,0.5003731846809387,0.5144340395927429,0.7573529411764706,0.7142857142857143
5,1,51,0.49673640727996826,0.5182060599327087,0.7573529411764706,0.7142857142857143
5,1,52,0.49384957551956177,0.5175034403800964,0.7573529411764706,0.7142857142857143
5,1,53,0.490963876247406,0.5047966241836548,0.7647058823529411,0.7142857142857143
5,1,54,0.4910907745361328,0.5013170838356018,0.7720588235294118,0.7714285714285715
5,1,55,0.4872138798236847,0.5175437331199646,0.7573529411764706,0.7142857142857143
5,1,56,0.4832579791545868,0.5141609311103821,0.7573529411764706,0.7142857142857143
5,1,57,0.4831315279006958,0.49545833468437195,0.7794117647058824,0.7714285714285715
5,1,58,0.47687026858329773,0.49548524618148804,0.7794117647058824,0.7714285714285715
5,1,59,0.47961896657943726,0.5155907273292542,0.7720588235294118,0.7142857142857143
5,1,60,0.47208893299102783,0.5016674995422363,0.7794117647058824,0.7714285714285715
5,1,61,0.4758899509906769,0.49087733030319214,0.7647058823529411,0.7714285714285715
5,1,62,0.46692779660224915,0.4956803023815155,0.7794117647058824,0.7428571428571429
5,1,63,0.4751661419868469,0.5191747546195984,0.7720588235294118,0.7428571428571429
5,1,64,0.4650130569934845,0.49031054973602295,0.7573529411764706,0.7714285714285715
5,1,65,0.47237083315849304,0.49001285433769226,0.7647058823529411,0.8
5,1,66,0.461559921503067,0.4947246015071869,0.7867647058823529,0.7714285714285715
5,1,67,0.46942028403282166,0.5173390507698059,0.7720588235294118,0.7714285714285715
5,1,68,0.46027040481567383,0.4910731613636017,0.7573529411764706,0.7714285714285715
5,1,69,0.4699508547782898,0.49034276604652405,0.7720588235294118,0.8
5,1,70,0.4587300717830658,0.4959871470928192,0.7720588235294118,0.7714285714285715
5,1,71,0.4784817397594452,0.5397703051567078,0.7794117647058824,0.7142857142857143
5,1,72,0.4567113220691681,0.4978419840335846,0.7794117647058824,0.7714285714285715
5,1,73,0.47136420011520386,0.4932670593261719,0.7941176470588235,0.7714285714285715
5,1,74,0.45742759108543396,0.4906003773212433,0.7647058823529411,0.7714285714285715
5,1,75,0.4634338319301605,0.5204464793205261,0.7794117647058824,0.7714285714285715
5,1,76,0.4585360884666443,0.5133604407310486,0.7794117647058824,0.7714285714285715
5,1,77,0.45504653453826904,0.4913247227668762,0.7647058823529411,0.7714285714285715
5,1,78,0.46193718910217285,0.4912876784801483,0.7794117647058824,0.8
5,1,79,0.4516518712043762,0.4948823153972626,0.7720588235294118,0.7714285714285715
5,1,80,0.45845240354537964,0.517654299736023,0.7794117647058824,0.7714285714285715
5,1,81,0.45108625292778015,0.502257764339447,0.7720588235294118,0.7714285714285715
5,1,82,0.451132208108902,0.49074310064315796,0.7720588235294118,0.8
5,1,83,0.4490819275379181,0.49162206053733826,0.7720588235294118,0.8
5,1,84,0.4475901424884796,0.49910682439804077,0.7720588235294118,0.7714285714285715
5,1,85,0.4465157091617584,0.4967385530471802,0.7720588235294118,0.7714285714285715
5,1,86,0.4457988142967224,0.4935491383075714,0.7794117647058824,0.8
5,1,87,0.445745587348938,0.49278977513313293,0.7720588235294118,0.8
5,1,88,0.44470927119255066,0.5000588297843933,0.7720588235294118,0.7714285714285715
5,1,89,0.44556739926338196,0.5052626729011536,0.7720588235294118,0.7714285714285715
5,1,90,0.4427962005138397,0.49788329005241394,0.7867647058823529,0.7714285714285715
5,1,91,0.4422576427459717,0.4962700605392456,0.7867647058823529,0.8
5,1,92,0.44131290912628174,0.49711379408836365,0.7867647058823529,0.8
5,1,93,0.4412086606025696,0.5008624792098999,0.7867647058823529,0.7714285714285715
5,1,94,0.44001683592796326,0.4975796341896057,0.7794117647058824,0.8
5,1,95,0.43963637948036194,0.49413666129112244,0.7867647058823529,0.8
5,1,96,0.438313364982605,0.49516820907592773,0.7867647058823529,0.8
5,1,97,0.4379037320613861,0.5022369623184204,0.7794117647058824,0.7714285714285715
5,1,98,0.4360857605934143,0.5017479062080383,0.7867647058823529,0.8
5,1,99,0.4350277781486511,0.49750441312789917,0.7941176470588235,0.8
5,1,100,0.4349428415298462,0.4965158700942993,0.7941176470588235,0.8
5,2,1,0.5938968658447266,0.5796532034873962,0.7226277372262774,0.7352941176470589
5,2,2,0.6026461124420166,0.5863921642303467,0.7226277372262774,0.7352941176470589
5,2,3,0.5910013914108276,0.5779915452003479,0.7226277372262774,0.7352941176470589
5,2,4,0.5910369157791138,0.5807386636734009,0.7226277372262774,0.7352941176470589
5,2,5,0.5928611159324646,0.5834420919418335,0.7226277372262774,0.7352941176470589
5,2,6,0.5902360677719116,0.579929530620575,0.7226277372262774,0.7352941176470589
5,2,7,0.588677167892456,0.5765830278396606,0.7226277372262774,0.7352941176470589
5,2,8,0.5902591347694397,0.5766863226890564,0.7226277372262774,0.7352941176470589
5,2,9,0.5898398756980896,0.5762807130813599,0.7226277372262774,0.7352941176470589
5,2,10,0.587985098361969,0.5752875804901123,0.7226277372262774,0.7352941176470589
5,2,11,0.5868942737579346,0.57529616355896,0.7226277372262774,0.7352941176470589
5,2,12,0.5868041515350342,0.5758975744247437,0.7226277372262774,0.7352941176470589
5,2,13,0.5866410732269287,0.5759897232055664,0.7226277372262774,0.7352941176470589
5,2,14,0.5857383608818054,0.5747787356376648,0.7226277372262774,0.7352941176470589
5,2,15,0.5848307609558105,0.5732234716415405,0.7226277372262774,0.7352941176470589
5,2,16,0.5844448208808899,0.5721866488456726,0.7226277372262774,0.7352941176470589
5,2,17,0.584113597869873,0.5715612769126892,0.7226277372262774,0.7352941176470589
5,2,18,0.5832793712615967,0.570963978767395,0.7226277372262774,0.7352941176470589
5,2,19,0.5823369026184082,0.5705633163452148,0.7226277372262774,0.7352941176470589
5,2,20,0.581609845161438,0.5703355073928833,0.7226277372262774,0.7352941176470589
5,2,21,0.5809455513954163,0.5700489282608032,0.7226277372262774,0.7352941176470589
5,2,22,0.5800084471702576,0.5692986845970154,0.7226277372262774,0.7352941176470589
5,2,23,0.5787738561630249,0.5679097771644592,0.7226277372262774,0.7352941176470589
5,2,24,0.5775747299194336,0.5663405656814575,0.7226277372262774,0.7352941176470589
5,2,25,0.5764134526252747,0.56490159034729,0.7226277372262774,0.7352941176470589
5,2,26,0.5751868486404419,0.5633845925331116,0.7226277372262774,0.7352941176470589
5,2,27,0.5734800100326538,0.5620442628860474,0.7226277372262774,0.7352941176470589
5,2,28,0.5717689990997314,0.5610250234603882,0.7226277372262774,0.7352941176470589
5,2,29,0.5700066685676575,0.5598222017288208,0.7226277372262774,0.7352941176470589
5,2,30,0.5679133534431458,0.5578885078430176,0.7226277372262774,0.7352941176470589
5,2,31,0.565547525882721,0.5557442903518677,0.7226277372262774,0.7352941176470589
5,2,32,0.5629501938819885,0.5531224608421326,0.7226277372262774,0.7352941176470589
5,2,33,0.560107409954071,0.5504464507102966,0.7226277372262774,0.7352941176470589
5,2,34,0.55696702003479,0.5477352142333984,0.7226277372262774,0.7352941176470589
5,2,35,0.5534332990646362,0.545012354850769,0.7226277372262774,0.7352941176470589
5,2,36,0.5496259927749634,0.5421434044837952,0.7226277372262774,0.7352941176470589
5,2,37,0.5452718138694763,0.5382866859436035,0.7226277372262774,0.7352941176470589
5,2,38,0.5407249331474304,0.5338504910469055,0.7226277372262774,0.7352941176470589
5,2,39,0.5363569855690002,0.5295264720916748,0.7226277372262774,0.7352941176470589
5,2,40,0.5308250784873962,0.5255959033966064,0.7226277372262774,0.7352941176470589
5,2,41,0.5256192684173584,0.521545946598053,0.7226277372262774,0.7352941176470589
5,2,42,0.5201035141944885,0.5180465579032898,0.7226277372262774,0.7352941176470589
5,2,43,0.5144608020782471,0.5142098665237427,0.7299270072992701,0.7647058823529411
5,2,44,0.509208619594574,0.5090655088424683,0.7299270072992701,0.7647058823529411
5,2,45,0.5031377077102661,0.5059126615524292,0.7299270072992701,0.7941176470588235
5,2,46,0.4994005560874939,0.5056679844856262,0.7518248175182481,0.7941176470588235
5,2,47,0.49432048201560974,0.4994255602359772,0.7299270072992701,0.7941176470588235
5,2,48,0.48852643370628357,0.496316522359848,0.7445255474452555,0.7941176470588235
5,2,49,0.4878908693790436,0.4990088641643524,0.781021897810219,0.7647058823529411
5,2,50,0.48077392578125,0.49212023615837097,0.7591240875912408,0.7941176470588235
5,2,51,0.4785059988498688,0.49194762110710144,0.7591240875912408,0.7941176470588235
5,2,52,0.47555556893348694,0.49219220876693726,0.7737226277372263,0.7647058823529411
5,2,53,0.4699040949344635,0.48848140239715576,0.781021897810219,0.7647058823529411
5,2,54,0.472271591424942,0.49280846118927,0.7664233576642335,0.7941176470588235
5,2,55,0.4629930555820465,0.48545193672180176,0.7737226277372263,0.7647058823529411
5,2,56,0.4675588011741638,0.4902280271053314,0.781021897810219,0.7352941176470589
5,2,57,0.4666649401187897,0.4942541718482971,0.781021897810219,0.7941176470588235
5,2,58,0.4585774838924408,0.4876319169998169,0.781021897810219,0.7647058823529411
5,2,59,0.46798598766326904,0.4947216808795929,0.7737226277372263,0.7058823529411765
5,2,60,0.4530812203884125,0.4851675033569336,0.7664233576642335,0.7647058823529411
5,2,61,0.4726525843143463,0.510796070098877,0.781021897810219,0.7941176470588235
5,2,62,0.4514557123184204,0.4861047863960266,0.7664233576642335,0.7647058823529411
5,2,63,0.4713076949119568,0.5001137852668762,0.7883211678832117,0.7058823529411765
5,2,64,0.45142316818237305,0.4849509000778198,0.7737226277372263,0.7352941176470589
5,2,65,0.46025118231773376,0.5016260743141174,0.781021897810219,0.7941176470588235
5,2,66,0.45069995522499084,0.49018287658691406,0.7664233576642335,0.7647058823529411
5,2,67,0.45503538846969604,0.48689478635787964,0.7737226277372263,0.7352941176470589
5,2,68,0.45053234696388245,0.48374825716018677,0.7737226277372263,0.7352941176470589
5,2,69,0.44814813137054443,0.489137202501297,0.7664233576642335,0.7647058823529411
5,2,70,0.4502703845500946,0.49325674772262573,0.7737226277372263,0.7647058823529411
5,2,71,0.4456561207771301,0.4826587736606598,0.7737226277372263,0.7352941176470589
5,2,72,0.4470902681350708,0.48419076204299927,0.7737226277372263,0.7647058823529411
5,2,73,0.4419659674167633,0.484479695558548,0.7737226277372263,0.7352941176470589
5,2,74,0.4428967237472534,0.4910711348056793,0.781021897810219,0.7647058823529411
5,2,75,0.44007018208503723,0.4874144196510315,0.781021897810219,0.7352941176470589
5,2,76,0.43913793563842773,0.4878658950328827,0.7737226277372263,0.7352941176470589
5,2,77,0.4384445250034332,0.4883420765399933,0.781021897810219,0.7352941176470589
5,2,78,0.43812230229377747,0.4905460476875305,0.781021897810219,0.7352941176470589
5,2,79,0.4414399266242981,0.49929556250572205,0.781021897810219,0.7647058823529411
5,2,80,0.43622133135795593,0.48819801211357117,0.7664233576642335,0.7352941176470589
5,2,81,0.4389665126800537,0.48827654123306274,0.7956204379562044,0.7058823529411765
5,2,82,0.43482542037963867,0.4912380874156952,0.781021897810219,0.7352941176470589
5,2,83,0.43728241324424744,0.49976831674575806,0.7737226277372263,0.7647058823529411
5,2,84,0.43322011828422546,0.4898645877838135,0.7737226277372263,0.7352941176470589
5,2,85,0.4331634044647217,0.48829415440559387,0.7737226277372263,0.7352941176470589
5,2,86,0.43150362372398376,0.4902055561542511,0.7737226277372263,0.7352941176470589
5,2,87,0.43174830079078674,0.4936765730381012,0.7737226277372263,0.7352941176470589
5,2,88,0.4300632178783417,0.49105751514434814,0.7737226277372263,0.7352941176470589
5,2,89,0.4303419291973114,0.4870501756668091,0.7737226277372263,0.7352941176470589
5,2,90,0.4292856454849243,0.48846378922462463,0.7737226277372263,0.7352941176470589
5,2,91,0.42849621176719666,0.49524784088134766,0.781021897810219,0.7352941176470589
5,2,92,0.42693912982940674,0.4951101839542389,0.7664233576642335,0.7352941176470589
5,2,93,0.42809200286865234,0.49021783471107483,0.8175182481751825,0.7058823529411765
5,2,94,0.4252777099609375,0.49330711364746094,0.7737226277372263,0.7352941176470589
5,2,95,0.4271737039089203,0.5026606321334839,0.781021897810219,0.7352941176470589
5,2,96,0.4268029034137726,0.502923309803009,0.7737226277372263,0.7352941176470589
5,2,97,0.42617374658584595,0.48965364694595337,0.8248175182481752,0.7352941176470589
5,2,98,0.4227237403392792,0.49222856760025024,0.8029197080291971,0.7352941176470589
5,2,99,0.42386770248413086,0.50253826379776,0.7737226277372263,0.7352941176470589
5,2,100,0.42278414964675903,0.5006603002548218,0.7737226277372263,0.7058823529411765
5,3,1,0.6076478362083435,0.5900848507881165,0.7226277372262774,0.7352941176470589
5,3,2,0.5992835760116577,0.5833867788314819,0.7226277372262774,0.7352941176470589
5,3,3,0.5900893211364746,0.5782352089881897,0.7226277372262774,0.7352941176470589
5,3,4,0.5919581055641174,0.582009494304657,0.7226277372262774,0.7352941176470589
5,3,5,0.5926437377929688,0.5831533670425415,0.7226277372262774,0.7352941176470589
5,3,6,0.590697705745697,0.580633819103241,0.7226277372262774,0.7352941176470589
5,3,7,0.5890258550643921,0.5776858925819397,0.7226277372262774,0.7352941176470589
5,3,8,0.5893933176994324,0.5769420266151428,0.7226277372262774,0.7352941176470589
5,3,9,0.5899040102958679,0.5770333409309387,0.7226277372262774,0.7352941176470589
5,3,10,0.589008092880249,0.5765861868858337,0.7226277372262774,0.7352941176470589
5,3,11,0.5876981616020203,0.5762831568717957,0.7226277372262774,0.7352941176470589
5,3,12,0.5872471332550049,0.5770807266235352,0.7226277372262774,0.7352941176470589
5,3,13,0.5873603224754333,0.5779677033424377,0.7226277372262774,0.7352941176470589
5,3,14,0.5870678424835205,0.5779814124107361,0.7226277372262774,0.7352941176470589
5,3,15,0.5861287117004395,0.5768076777458191,0.7226277372262774,0.7352941176470589
5,3,16,0.5851714015007019,0.5751378536224365,0.7226277372262774,0.7352941176470589
5,3,17,0.5848415493965149,0.5741186738014221,0.7226277372262774,0.7352941176470589
5,3,18,0.5845103859901428,0.573591947555542,0.7226277372262774,0.7352941176470589
5,3,19,0.5837295055389404,0.573205292224884,0.7226277372262774,0.7352941176470589
5,3,20,0.5827677845954895,0.5730669498443604,0.7226277372262774,0.7352941176470589
5,3,21,0.582038402557373,0.5732290744781494,0.7226277372262774,0.7352941176470589
5,3,22,0.5814170241355896,0.573371171951294,0.7226277372262774,0.7352941176470589
5,3,23,0.5805420875549316,0.5728152990341187,0.7226277372262774,0.7352941176470589
5,3,24,0.5795166492462158,0.57180255651474,0.7226277372262774,0.7352941176470589
5,3,25,0.5785056352615356,0.570499062538147,0.7226277372262774,0.7352941176470589
5,3,26,0.5775539875030518,0.5693705677986145,0.7226277372262774,0.7352941176470589
5,3,27,0.5763149857521057,0.5686187148094177,0.7226277372262774,0.7352941176470589
5,3,28,0.5748557448387146,0.5683437585830688,0.7226277372262774,0.7352941176470589
5,3,29,0.5738410353660583,0.5691124796867371,0.7226277372262774,0.7352941176470589
5,3,30,0.5728960633277893,0.5695262551307678,0.7226277372262774,0.7352941176470589
5,3,31,0.5707646012306213,0.5675590634346008,0.7226277372262774,0.7352941176470589
5,3,32,0.5684081315994263,0.5643472075462341,0.7226277372262774,0.7352941176470589
5,3,33,0.5666816234588623,0.5618498921394348,0.7226277372262774,0.7352941176470589
5,3,34,0.5646399855613708,0.5602586269378662,0.7226277372262774,0.7352941176470589
5,3,35,0.5617522597312927,0.5593773126602173,0.7226277372262774,0.7352941176470589
5,3,36,0.5587835907936096,0.5598154664039612,0.7226277372262774,0.7352941176470589
5,3,37,0.5560450553894043,0.5595718622207642,0.7226277372262774,0.7352941176470589
5,3,38,0.552701473236084,0.5571867227554321,0.7226277372262774,0.7352941176470589
5,3,39,0.5490418672561646,0.5532150268554688,0.7226277372262774,0.7352941176470589
5,3,40,0.545283854007721,0.5503186583518982,0.7226277372262774,0.7352941176470589
5,3,41,0.5411021709442139,0.5493122339248657,0.7299270072992701,0.7352941176470589
5,3,42,0.5369720458984375,0.5498709678649902,0.7299270072992701,0.7352941176470589
5,3,43,0.532507061958313,0.548992931842804,0.7299270072992701,0.7352941176470589
5,3,44,0.5274572372436523,0.5415636897087097,0.7299270072992701,0.7352941176470589
5,3,45,0.5232928991317749,0.5366629958152771,0.7299270072992701,0.7058823529411765
5,3,46,0.5171812176704407,0.5392958521842957,0.7372262773722628,0.7058823529411765
5,3,47,0.5122664570808411,0.5417535305023193,0.7445255474452555,0.7352941176470589
5,3,48,0.5068891644477844,0.5350594520568848,0.7445255474452555,0.7352941176470589
5,3,49,0.503384530544281,0.5286667943000793,0.7445255474452555,0.7352941176470589
5,3,50,0.49781009554862976,0.5368103981018066,0.7372262773722628,0.7647058823529411
5,3,51,0.4931601583957672,0.5356426239013672,0.7372262773722628,0.7647058823529411
5,3,52,0.48834896087646484,0.5302704572677612,0.7372262773722628,0.7647058823529411
5,3,53,0.4876896142959595,0.5189586281776428,0.7372262773722628,0.7647058823529411
5,3,54,0.48172274231910706,0.539258599281311,0.781021897810219,0.7352941176470589
5,3,55,0.4797344207763672,0.5475323796272278,0.7664233576642335,0.7352941176470589
5,3,56,0.48334965109825134,0.5115774869918823,0.7372262773722628,0.7647058823529411
5,3,57,0.4728243052959442,0.5422624349594116,0.7737226277372263,0.7352941176470589
5,3,58,0.4716155230998993,0.550464391708374,0.7591240875912408,0.7058823529411765
5,3,59,0.4677921533584595,0.5294983386993408,0.781021897810219,0.7352941176470589
5,3,60,0.46661660075187683,0.5245058536529541,0.7883211678832117,0.7352941176470589
5,3,61,0.4628593623638153,0.5394188165664673,0.781021897810219,0.7352941176470589
5,3,62,0.46084779500961304,0.5370928645133972,0.781021897810219,0.7352941176470589
5,3,63,0.4611779749393463,0.5222702622413635,0.781021897810219,0.7647058823529411
5,3,64,0.457783043384552,0.5457256436347961,0.7518248175182481,0.7058823529411765
5,3,65,0.45635777711868286,0.5297804474830627,0.7664233576642335,0.7352941176470589
5,3,66,0.4538058638572693,0.5311852097511292,0.7664233576642335,0.7058823529411765
5,3,67,0.4533866345882416,0.5567371249198914,0.7737226277372263,0.6470588235294118
5,3,68,0.4512225389480591,0.5286851525306702,0.7737226277372263,0.7352941176470589
5,3,69,0.4545661211013794,0.5183730125427246,0.781021897810219,0.7352941176470589
5,3,70,0.4483753442764282,0.5540500283241272,0.7737226277372263,0.6470588235294118
5,3,71,0.4468338191509247,0.5559325814247131,0.7737226277372263,0.6470588235294118
5,3,72,0.44761422276496887,0.5246196985244751,0.7737226277372263,0.7352941176470589
5,3,73,0.4446691572666168,0.5600007176399231,0.7737226277372263,0.6470588235294118
5,3,74,0.4441882371902466,0.5622049570083618,0.7737226277372263,0.6470588235294118
5,3,75,0.442139595746994,0.5383720993995667,0.7664233576642335,0.6764705882352942
5,3,76,0.44386836886405945,0.5263738036155701,0.7591240875912408,0.7058823529411765
5,3,77,0.4382026195526123,0.5498692393302917,0.7883211678832117,0.6764705882352942
5,3,78,0.43924394249916077,0.5681658387184143,0.8029197080291971,0.6470588235294118
5,3,79,0.4360956847667694,0.5381408929824829,0.7737226277372263,0.7058823529411765
5,3,80,0.43405652046203613,0.5411094427108765,0.781021897810219,0.7058823529411765
5,3,81,0.43827763199806213,0.5815775394439697,0.7956204379562044,0.6176470588235294
5,3,82,0.437022864818573,0.5255086421966553,0.7591240875912408,0.7058823529411765
5,3,83,0.43653228878974915,0.526065468788147,0.7664233576642335,0.7058823529411765
5,3,84,0.43189138174057007,0.5780884027481079,0.8102189781021898,0.6176470588235294
5,3,85,0.42780572175979614,0.5515952110290527,0.7883211678832117,0.6764705882352942
5,3,86,0.4290192723274231,0.5410381555557251,0.7737226277372263,0.7058823529411765
5,3,87,0.42770111560821533,0.5717960000038147,0.8102189781021898,0.6764705882352942
5,3,88,0.42559853196144104,0.5515727400779724,0.781021897810219,0.6764705882352942
5,3,89,0.42448458075523376,0.5647034049034119,0.8102189781021898,0.6764705882352942
5,3,90,0.4235205352306366,0.5494640469551086,0.781021897810219,0.7058823529411765
5,3,91,0.4227255582809448,0.5482203364372253,0.7737226277372263,0.7058823529411765
5,3,92,0.4216533601284027,0.5724183320999146,0.8321167883211679,0.6764705882352942
5,3,93,0.42007529735565186,0.5655438899993896,0.8102189781021898,0.6764705882352942
5,3,94,0.42856135964393616,0.5366613864898682,0.7664233576642335,0.7058823529411765
5,3,95,0.41780275106430054,0.562349796295166,0.8029197080291971,0.6764705882352942
5,3,96,0.4247613847255707,0.6101861596107483,0.8029197080291971,0.6176470588235294
5,3,97,0.41615185141563416,0.5641453862190247,0.8102189781021898,0.7058823529411765
5,3,98,0.4275359511375427,0.5364300012588501,0.7664233576642335,0.7058823529411765
5,3,99,0.4142926335334778,0.569585382938385,0.8175182481751825,0.7058823529411765
5,3,100,0.41793569922447205,0.60027676820755,0.7956204379562044,0.5882352941176471
5,4,1,0.5952593684196472,0.5802274346351624,0.7226277372262774,0.7352941176470589
5,4,2,0.5996071696281433,0.583564281463623,0.7226277372262774,0.7352941176470589
5,4,3,0.590272068977356,0.5774892568588257,0.7226277372262774,0.7352941176470589
5,4,4,0.5913113951683044,0.5810194611549377,0.7226277372262774,0.7352941176470589
5,4,5,0.5924862623214722,0.5828245878219604,0.7226277372262774,0.7352941176470589
5,4,6,0.5899106860160828,0.5794149041175842,0.7226277372262774,0.7352941176470589
5,4,7,0.5886275172233582,0.5769315958023071,0.7226277372262774,0.7352941176470589
5,4,8,0.5895884037017822,0.5768241286277771,0.7226277372262774,0.7352941176470589
5,4,9,0.5895158052444458,0.5766979455947876,0.7226277372262774,0.7352941176470589
5,4,10,0.5878657698631287,0.5758129954338074,0.7226277372262774,0.7352941176470589
5,4,11,0.5867217779159546,0.5757527351379395,0.7226277372262774,0.7352941176470589
5,4,12,0.5867810845375061,0.5766795873641968,0.7226277372262774,0.7352941176470589
5,4,13,0.586707353591919,0.5770010352134705,0.7226277372262774,0.7352941176470589
5,4,14,0.5858212113380432,0.5761575102806091,0.7226277372262774,0.7352941176470589
5,4,15,0.5845457315444946,0.5746374130249023,0.7226277372262774,0.7352941176470589
5,4,16,0.5836068987846375,0.5733196139335632,0.7226277372262774,0.7352941176470589
5,4,17,0.5833843350410461,0.572811484336853,0.7226277372262774,0.7352941176470589
5,4,18,0.5830039381980896,0.5724995136260986,0.7226277372262774,0.7352941176470589
5,4,19,0.5817934274673462,0.5717319250106812,0.7226277372262774,0.7352941176470589
5,4,20,0.5802268385887146,0.570935070514679,0.7226277372262774,0.7352941176470589
5,4,21,0.5793587565422058,0.5708349347114563,0.7226277372262774,0.7352941176470589
5,4,22,0.578769326210022,0.5707724094390869,0.7226277372262774,0.7352941176470589
5,4,23,0.577294111251831,0.569543719291687,0.7226277372262774,0.7352941176470589
5,4,24,0.5756016373634338,0.5679355263710022,0.7226277372262774,0.7352941176470589
5,4,25,0.5742762088775635,0.566824197769165,0.7226277372262774,0.7352941176470589
5,4,26,0.5731285810470581,0.5660471320152283,0.7226277372262774,0.7352941176470589
5,4,27,0.5713304877281189,0.5648515224456787,0.7226277372262774,0.7352941176470589
5,4,28,0.5689555406570435,0.5632089376449585,0.7226277372262774,0.7352941176470589
5,4,29,0.5671730041503906,0.5622042417526245,0.7226277372262774,0.7352941176470589
5,4,30,0.5650062561035156,0.5607547760009766,0.7226277372262774,0.7352941176470589
5,4,31,0.5620098114013672,0.5584820508956909,0.7226277372262774,0.7352941176470589
5,4,32,0.5595396757125854,0.5568550229072571,0.7226277372262774,0.7352941176470589
5,4,33,0.5569407343864441,0.5552292466163635,0.7226277372262774,0.7352941176470589
5,4,34,0.5533814430236816,0.5525171756744385,0.7226277372262774,0.7352941176470589
5,4,35,0.5499958992004395,0.5496394038200378,0.7226277372262774,0.7352941176470589
5,4,36,0.5465418696403503,0.5469830632209778,0.7226277372262774,0.7352941176470589
5,4,37,0.5425235629081726,0.5441659092903137,0.7226277372262774,0.7352941176470589
5,4,38,0.5385900139808655,0.5418113470077515,0.7226277372262774,0.7352941176470589
5,4,39,0.5346009135246277,0.5391392111778259,0.7226277372262774,0.7352941176470589
5,4,40,0.5302624702453613,0.5355908274650574,0.7299270072992701,0.7352941176470589
5,4,41,0.5262128114700317,0.5316082239151001,0.7299270072992701,0.7352941176470589
5,4,42,0.5219295620918274,0.5283914804458618,0.7372262773722628,0.7352941176470589
5,4,43,0.5180187225341797,0.5276234745979309,0.7299270072992701,0.7352941176470589
5,4,44,0.5135793089866638,0.5231533646583557,0.7372262773722628,0.7352941176470589
5,4,45,0.5099881887435913,0.5178412795066833,0.7445255474452555,0.7352941176470589
5,4,46,0.5057945251464844,0.5174247026443481,0.7445255474452555,0.7352941176470589
5,4,47,0.5023148655891418,0.5152328610420227,0.7445255474452555,0.7352941176470589
5,4,48,0.49889862537384033,0.508584201335907,0.7518248175182481,0.7352941176470589
5,4,49,0.4949873089790344,0.5075785517692566,0.7518248175182481,0.7352941176470589
5,4,50,0.49361857771873474,0.5120578408241272,0.7518248175182481,0.7352941176470589
5,4,51,0.49147579073905945,0.4999151825904846,0.7518248175182481,0.7058823529411765
5,4,52,0.48608219623565674,0.5000738501548767,0.7591240875912408,0.7352941176470589
5,4,53,0.48605385422706604,0.508802056312561,0.7518248175182481,0.7352941176470589
5,4,54,0.48062923550605774,0.49490585923194885,0.7737226277372263,0.7352941176470589
5,4,55,0.48179519176483154,0.49146148562431335,0.7591240875912408,0.7647058823529411
5,4,56,0.4761940538883209,0.49747249484062195,0.7883211678832117,0.7352941176470589
5,4,57,0.4790360927581787,0.5088056921958923,0.7591240875912408,0.7352941176470589
5,4,58,0.4721343219280243,0.4886804521083832,0.7591240875912408,0.7647058823529411
5,4,59,0.47258469462394714,0.48612290620803833,0.7591240875912408,0.7647058823529411
5,4,60,0.46887439489364624,0.48954829573631287,0.7664233576642335,0.7647058823529411
5,4,61,0.4718131124973297,0.502495527267456,0.7883211678832117,0.7352941176470589
5,4,62,0.46635904908180237,0.4855691194534302,0.7518248175182481,0.7647058823529411
5,4,63,0.4663791358470917,0.48370787501335144,0.7591240875912408,0.7647058823529411
5,4,64,0.46334782242774963,0.4881012737751007,0.7664233576642335,0.7647058823529411
5,4,65,0.46394962072372437,0.49456730484962463,0.7883211678832117,0.7352941176470589
5,4,66,0.46265721321105957,0.481955349445343,0.7591240875912408,0.7647058823529411
5,4,67,0.46039721369743347,0.48674920201301575,0.7737226277372263,0.7647058823529411
5,4,68,0.4626159071922302,0.49800950288772583,0.7883211678832117,0.7352941176470589
5,4,69,0.4622943103313446,0.4819755554199219,0.7591240875912408,0.7647058823529411
5,4,70,0.45842108130455017,0.4838225543498993,0.7591240875912408,0.7647058823529411
5,4,71,0.46029576659202576,0.49738526344299316,0.7883211678832117,0.7352941176470589
5,4,72,0.45605313777923584,0.4847635328769684,0.7518248175182481,0.7647058823529411
5,4,73,0.4557885527610779,0.4843333661556244,0.7518248175182481,0.7647058823529411
5,4,74,0.4549689292907715,0.48650646209716797,0.7737226277372263,0.7352941176470589
5,4,75,0.45429497957229614,0.48869502544403076,0.7737226277372263,0.7352941176470589
5,4,76,0.45298048853874207,0.4842577576637268,0.7591240875912408,0.7647058823529411
5,4,77,0.45179641246795654,0.4837759733200073,0.7591240875912408,0.7647058823529411
5,4,78,0.4501267075538635,0.4868442416191101,0.7737226277372263,0.7352941176470589
5,4,79,0.44915592670440674,0.48860612511634827,0.7737226277372263,0.7352941176470589
5,4,80,0.4476410746574402,0.48711445927619934,0.7737226277372263,0.7352941176470589
5,4,81,0.44678810238838196,0.4878985583782196,0.7737226277372263,0.7352941176470589
5,4,82,0.4454905390739441,0.4858556091785431,0.7664233576642335,0.7352941176470589
5,4,83,0.45036420226097107,0.484340101480484,0.7737226277372263,0.7058823529411765
5,4,84,0.45164117217063904,0.504166841506958,0.7883211678832117,0.7352941176470589
5,4,85,0.44810619950294495,0.49844226241111755,0.7883211678832117,0.7352941176470589
5,4,86,0.44987598061561584,0.4886283874511719,0.7737226277372263,0.7058823529411765
5,4,87,0.4474409222602844,0.48927491903305054,0.7737226277372263,0.7352941176470589
5,4,88,0.45434388518333435,0.5117900967597961,0.7956204379562044,0.7352941176470589
5,4,89,0.4472905397415161,0.502639889717102,0.7956204379562044,0.7352941176470589
5,4,90,0.4551837146282196,0.4982977509498596,0.8029197080291971,0.7058823529411765
5,4,91,0.44698604941368103,0.4926704466342926,0.781021897810219,0.7058823529411765
5,4,92,0.4515402019023895,0.5095661282539368,0.7956204379562044,0.7352941176470589
5,4,93,0.45125702023506165,0.5104211568832397,0.7956204379562044,0.7352941176470589
5,4,94,0.44208064675331116,0.4905981123447418,0.7737226277372263,0.7647058823529411
5,4,95,0.44507646560668945,0.49223849177360535,0.781021897810219,0.6764705882352942
5,4,96,0.43796300888061523,0.49287447333335876,0.781021897810219,0.7352941176470589
5,4,97,0.44302302598953247,0.5026116371154785,0.7883211678832117,0.7352941176470589
5,4,98,0.4381144046783447,0.48876386880874634,0.781021897810219,0.7058823529411765
5,4,99,0.4420229494571686,0.49205589294433594,0.8029197080291971,0.6764705882352942
5,4,100,0.43486496806144714,0.4922003448009491,0.781021897810219,0.7352941176470589
5,5,1,0.584773600101471,0.6118568181991577,0.7299270072992701,0.7058823529411765
5,5,2,0.6071116924285889,0.6437626481056213,0.7299270072992701,0.7058823529411765
5,5,3,0.5882677435874939,0.6183896660804749,0.7299270072992701,0.7058823529411765
5,5,4,0.5829166769981384,0.6055410504341125,0.7299270072992701,0.7058823529411765
5,5,5,0.5871627330780029,0.6061462163925171,0.7299270072992701,0.7058823529411765
5,5,6,0.5871331095695496,0.6060970425605774,0.7299270072992701,0.7058823529411765
5,5,7,0.5839706063270569,0.6048401594161987,0.7299270072992701,0.7058823529411765
5,5,8,0.5814550518989563,0.6053480505943298,0.7299270072992701,0.7058823529411765
5,5,9,0.5817148089408875,0.608668863773346,0.7299270072992701,0.7058823529411765
5,5,10,0.5829697847366333,0.6118391752243042,0.7299270072992701,0.7058823529411765
5,5,11,0.5822593569755554,0.6110631227493286,0.7299270072992701,0.7058823529411765
5,5,12,0.5806224346160889,0.6082993745803833,0.7299270072992701,0.7058823529411765
5,5,13,0.5794042944908142,0.6054294109344482,0.7299270072992701,0.7058823529411765
5,5,14,0.579254150390625,0.6036766171455383,0.7299270072992701,0.7058823529411765
5,5,15,0.5793991088867188,0.6030389666557312,0.7299270072992701,0.7058823529411765
5,5,16,0.5790097713470459,0.6027312874794006,0.7299270072992701,0.7058823529411765
5,5,17,0.5778719186782837,0.602648913860321,0.7299270072992701,0.7058823529411765
5,5,18,0.5767782926559448,0.6031023263931274,0.7299270072992701,0.7058823529411765
5,5,19,0.5762088894844055,0.6042322516441345,0.7299270072992701,0.7058823529411765
5,5,20,0.5760366320610046,0.6055676341056824,0.7299270072992701,0.7058823529411765
5,5,21,0.5755895972251892,0.6058254241943359,0.7299270072992701,0.7058823529411765
5,5,22,0.5744115114212036,0.6043184995651245,0.7299270072992701,0.7058823529411765
5,5,23,0.5731595158576965,0.6020839810371399,0.7299270072992701,0.7058823529411765
5,5,24,0.572323203086853,0.600421130657196,0.7299270072992701,0.7058823529411765
5,5,25,0.5716108083724976,0.599424421787262,0.7299270072992701,0.7058823529411765
5,5,26,0.5705853700637817,0.5989688634872437,0.7299270072992701,0.7058823529411765
5,5,27,0.5693740248680115,0.5986632108688354,0.7299270072992701,0.7058823529411765
5,5,28,0.5681085586547852,0.598314642906189,0.7299270072992701,0.7058823529411765
5,5,29,0.5668202638626099,0.5978665351867676,0.7299270072992701,0.7058823529411765
5,5,30,0.5654511451721191,0.5976243615150452,0.7299270072992701,0.7058823529411765
5,5,31,0.5639971494674683,0.5965800881385803,0.7299270072992701,0.7058823529411765
5,5,32,0.5624538660049438,0.5949368476867676,0.7299270072992701,0.7058823529411765
5,5,33,0.5606707334518433,0.5936574339866638,0.7299270072992701,0.7058823529411765
5,5,34,0.5586419701576233,0.5933716297149658,0.7299270072992701,0.7058823529411765
5,5,35,0.5565310716629028,0.5929049253463745,0.7299270072992701,0.7058823529411765
5,5,36,0.5541029572486877,0.5914753079414368,0.7299270072992701,0.7058823529411765
5,5,37,0.5513700842857361,0.5883556008338928,0.7299270072992701,0.7058823529411765
5,5,38,0.5488091707229614,0.5859974026679993,0.7299270072992701,0.7058823529411765
5,5,39,0.5458062291145325,0.5841299891471863,0.7299270072992701,0.7058823529411765
5,5,40,0.5423526763916016,0.583541214466095,0.7299270072992701,0.7058823529411765
5,5,41,0.5395631194114685,0.5845431089401245,0.7299270072992701,0.7058823529411765
5,5,42,0.5356351137161255,0.5810567140579224,0.7299270072992701,0.7058823529411765
5,5,43,0.5318056344985962,0.5760152339935303,0.7299270072992701,0.7058823529411765
5,5,44,0.5278484225273132,0.574009120464325,0.7299270072992701,0.7058823529411765
5,5,45,0.52385413646698,0.5728848576545715,0.7372262773722628,0.7058823529411765
5,5,46,0.5198957920074463,0.5705665349960327,0.7372262773722628,0.7058823529411765
5,5,47,0.5156642198562622,0.5657920837402344,0.7445255474452555,0.7058823529411765
5,5,48,0.5114644765853882,0.5632100701332092,0.7518248175182481,0.7058823529411765
5,5,49,0.5073317289352417,0.5607093572616577,0.7518248175182481,0.6764705882352942
5,5,50,0.5035209655761719,0.5539314150810242,0.7445255474452555,0.6764705882352942
5,5,51,0.4996834695339203,0.5569581389427185,0.7445255474452555,0.6764705882352942
5,5,52,0.4950105845928192,0.5504889488220215,0.7518248175182481,0.6764705882352942
5,5,53,0.49141380190849304,0.5452683568000793,0.7591240875912408,0.6470588235294118
5,5,54,0.48697933554649353,0.5468429327011108,0.7591240875912408,0.6470588235294118
5,5,55,0.4832706153392792,0.5427464842796326,0.7664233576642335,0.6470588235294118
5,5,56,0.47988390922546387,0.5399240851402283,0.7664233576642335,0.6764705882352942
5,5,57,0.47773006558418274,0.5453431606292725,0.7664233576642335,0.6470588235294118
5,5,58,0.4736613631248474,0.535100519657135,0.7737226277372263,0.7058823529411765
5,5,59,0.47590580582618713,0.5300142168998718,0.7737226277372263,0.7058823529411765
5,5,60,0.4705403447151184,0.5443518757820129,0.7664233576642335,0.7058823529411765
5,5,61,0.4677426517009735,0.5414599180221558,0.7737226277372263,0.7058823529411765
5,5,62,0.4737996459007263,0.5275456309318542,0.7664233576642335,0.7352941176470589
5,5,63,0.46271246671676636,0.5333142876625061,0.781021897810219,0.7058823529411765
5,5,64,0.4709196388721466,0.5560503005981445,0.7664233576642335,0.6764705882352942
5,5,65,0.45955225825309753,0.5290418863296509,0.781021897810219,0.7352941176470589
5,5,66,0.4676368832588196,0.5254042744636536,0.7664233576642335,0.7647058823529411
5,5,67,0.4558897614479065,0.5316638350486755,0.7883211678832117,0.7352941176470589
5,5,68,0.46161454916000366,0.5506569147109985,0.7883211678832117,0.7352941176470589
5,5,69,0.45299822092056274,0.5292103886604309,0.781021897810219,0.7352941176470589
5,5,70,0.457902729511261,0.5247875452041626,0.7591240875912408,0.7647058823529411
5,5,71,0.4504395127296448,0.5314454436302185,0.7664233576642335,0.7352941176470589
5,5,72,0.45714014768600464,0.5532321929931641,0.7883211678832117,0.7058823529411765
5,5,73,0.44780370593070984,0.534515380859375,0.7591240875912408,0.7352941176470589
5,5,74,0.4548085331916809,0.5242456793785095,0.7591240875912408,0.7647058823529411
5,5,75,0.445884108543396,0.527304470539093,0.7664233576642335,0.7647058823529411
5,5,76,0.44825848937034607,0.5453101992607117,0.7956204379562044,0.7058823529411765
5,5,77,0.4439830780029297,0.5366701483726501,0.781021897810219,0.7352941176470589
5,5,78,0.44361382722854614,0.5244575142860413,0.7591240875912408,0.7647058823529411
5,5,79,0.44220995903015137,0.5255248546600342,0.7664233576642335,0.7647058823529411
5,5,80,0.4481464922428131,0.554101824760437,0.7956204379562044,0.7058823529411765
5,5,81,0.4426858723163605,0.544189453125,0.781021897810219,0.7352941176470589
5,5,82,0.4397856891155243,0.525143027305603,0.7591240875912408,0.7647058823529411
5,5,83,0.43679460883140564,0.5317656993865967,0.781021897810219,0.7647058823529411
5,5,84,0.4409511685371399,0.5498284101486206,0.781021897810219,0.7352941176470589
5,5,85,0.4347513020038605,0.5336154699325562,0.7737226277372263,0.7647058823529411
5,5,86,0.43772560358047485,0.5263839960098267,0.7518248175182481,0.7647058823529411
5,5,87,0.43327826261520386,0.5356777906417847,0.7664233576642335,0.7647058823529411
5,5,88,0.43679893016815186,0.5486112236976624,0.7737226277372263,0.7647058823529411
5,5,89,0.4316939413547516,0.531095564365387,0.7664233576642335,0.7941176470588235
5,5,90,0.43668127059936523,0.5255429744720459,0.781021897810219,0.7647058823529411
5,5,91,0.43158525228500366,0.5398966670036316,0.7737226277372263,0.7647058823529411
5,5,92,0.43353962898254395,0.5454007983207703,0.7664233576642335,0.7352941176470589
5,5,93,0.4301369786262512,0.5244222283363342,0.7664233576642335,0.7647058823529411
5,5,94,0.43392348289489746,0.5198891758918762,0.7883211678832117,0.7941176470588235
5,5,95,0.4291268587112427,0.5314128398895264,0.7737226277372263,0.7647058823529411
5,5,96,0.4333811104297638,0.5461392998695374,0.781021897810219,0.7352941176470589
5,5,97,0.428638756275177,0.5348055362701416,0.7737226277372263,0.7647058823529411
5,5,98,0.42833536863327026,0.523181140422821,0.781021897810219,0.7647058823529411
5,5,99,0.4294012188911438,0.5210572481155396,0.781021897810219,0.7941176470588235
5,5,100,0.42641425132751465,0.5348159074783325,0.7737226277372263,0.7647058823529411
