repeat,fold,epoch,train_loss,val_loss,train_acc,val_acc
1,1,1,0.6804232001304626,0.6676782965660095,0.7279411764705882,0.7142857142857143
1,1,2,0.6652988791465759,0.6543201208114624,0.7279411764705882,0.7142857142857143
1,1,3,0.6512503027915955,0.640811026096344,0.7279411764705882,0.7142857142857143
1,1,4,0.6371379494667053,0.6261948943138123,0.7279411764705882,0.7142857142857143
1,1,5,0.6210547089576721,0.6107149720191956,0.7279411764705882,0.7142857142857143
1,1,6,0.6048226952552795,0.5955196022987366,0.7279411764705882,0.7142857142857143
1,1,7,0.5872285962104797,0.5830215215682983,0.7279411764705882,0.7142857142857143
1,1,8,0.57773357629776,0.576033890247345,0.7279411764705882,0.7142857142857143
1,1,9,0.5647860765457153,0.5763933658599854,0.7279411764705882,0.7142857142857143
1,1,10,0.5656148195266724,0.580859899520874,0.7279411764705882,0.7142857142857143
1,1,11,0.5712488889694214,0.5827643275260925,0.7279411764705882,0.7142857142857143
1,1,12,0.5703231692314148,0.5797262787818909,0.7279411764705882,0.7142857142857143
1,1,13,0.5681548714637756,0.5735074281692505,0.7279411764705882,0.7142857142857143
1,1,14,0.5606027245521545,0.5670102834701538,0.7279411764705882,0.7142857142857143
1,1,15,0.5517294406890869,0.5619319081306458,0.7279411764705882,0.7142857142857143
1,1,16,0.5434302091598511,0.5586012601852417,0.7279411764705882,0.7142857142857143
1,1,17,0.5413191914558411,0.5565627813339233,0.7279411764705882,0.7142857142857143
1,1,18,0.5401797890663147,0.5548678040504456,0.7279411764705882,0.7142857142857143
1,1,19,0.5365468263626099,0.5525979995727539,0.7279411764705882,0.7142857142857143
1,1,20,0.5352935194969177,0.549178421497345,0.7279411764705882,0.7142857142857143
1,1,21,0.5307623744010925,0.5444230437278748,0.7279411764705882,0.7142857142857143
1,1,22,0.5238555669784546,0.538417398929596,0.7279411764705882,0.7142857142857143
1,1,23,0.5171000957489014,0.5313422083854675,0.7279411764705882,0.7142857142857143
1,1,24,0.5097100734710693,0.5237032175064087,0.7279411764705882,0.7142857142857143
1,1,25,0.5036831498146057,0.5158116817474365,0.7279411764705882,0.7142857142857143
1,1,26,0.4944247007369995,0.5077793598175049,0.7352941176470589,0.7142857142857143
1,1,27,0.4902394115924835,0.49926817417144775,0.7352941176470589,0.7142857142857143
1,1,28,0.4834693372249603,0.48959460854530334,0.7352941176470589,0.7142857142857143
1,1,29,0.4717697203159332,0.47875773906707764,0.7352941176470589,0.7142857142857143
1,1,30,0.4670431911945343,0.4672907292842865,0.7352941176470589,0.7142857142857143
1,1,31,0.455957293510437,0.45645859837532043,0.7426470588235294,0.7142857142857143
1,1,32,0.44585269689559937,0.4475245773792267,0.7647058823529411,0.8
1,1,33,0.4389277994632721,0.4398951828479767,0.7794117647058824,0.8571428571428571
1,1,34,0.4299257695674896,0.4317799210548401,0.7941176470588235,0.8571428571428571
1,1,35,0.42057353258132935,0.4220845103263855,0.8308823529411765,0.8857142857142857
1,1,36,0.41877901554107666,0.4107223451137543,0.8235294117647058,0.8857142857142857
1,1,37,0.412789911031723,0.39963164925575256,0.8235294117647058,0.8857142857142857
1,1,38,0.3977961838245392,0.3894425630569458,0.8382352941176471,0.8857142857142857
1,1,39,0.3902318775653839,0.38022592663764954,0.8235294117647058,0.9142857142857143
1,1,40,0.38903626799583435,0.37188079953193665,0.8382352941176471,0.9142857142857143
1,1,41,0.37923043966293335,0.36489230394363403,0.8455882352941176,0.9142857142857143
1,1,42,0.37284067273139954,0.3593808710575104,0.8308823529411765,0.8857142857142857
1,1,43,0.37191784381866455,0.3545518219470978,0.8235294117647058,0.8857142857142857
1,1,44,0.3610258400440216,0.3479849100112915,0.8529411764705882,0.8857142857142857
1,1,45,0.3405776917934418,0.33837825059890747,0.8455882352941176,0.8857142857142857
1,1,46,0.34438031911849976,0.3305790424346924,0.8455882352941176,0.8857142857142857
1,1,47,0.3249662220478058,0.3248180150985718,0.8529411764705882,0.8857142857142857
1,1,48,0.33617278933525085,0.32182803750038147,0.8602941176470589,0.8857142857142857
1,1,49,0.34082546830177307,0.31854164600372314,0.8529411764705882,0.8857142857142857
1,1,50,0.3206428587436676,0.31489163637161255,0.875,0.8857142857142857
1,1,51,0.29413852095603943,0.31030043959617615,0.8897058823529411,0.9142857142857143
1,1,52,0.29593417048454285,0.30695316195487976,0.8602941176470589,0.9142857142857143
1,1,53,0.28522568941116333,0.30519986152648926,0.8676470588235294,0.9142857142857143
1,1,54,0.2895016372203827,0.3039605915546417,0.875,0.9142857142857143
1,1,55,0.26675379276275635,0.3034486174583435,0.8970588235294118,0.8857142857142857
1,1,56,0.27883172035217285,0.30312830209732056,0.8823529411764706,0.8857142857142857
1,1,57,0.2455853521823883,0.3013148903846741,0.8970588235294118,0.8857142857142857
1,1,58,0.25753548741340637,0.301695317029953,0.9117647058823529,0.8857142857142857
1,1,59,0.25167879462242126,0.30152708292007446,0.9044117647058824,0.8857142857142857
1,1,60,0.2626059055328369,0.3015599250793457,0.9044117647058824,0.8857142857142857
1,1,61,0.22528527677059174,0.3026140630245209,0.9117647058823529,0.8857142857142857
1,1,62,0.2220083624124527,0.30355170369148254,0.9117647058823529,0.8571428571428571
1,1,63,0.23161713778972626,0.3074975311756134,0.9338235294117647,0.8857142857142857
1,1,64,0.23186665773391724,0.30252665281295776,0.9191176470588235,0.8571428571428571
1,1,65,0.21614812314510345,0.3031054139137268,0.9264705882352942,0.8285714285714286
1,1,66,0.22678391635417938,0.29810813069343567,0.9044117647058824,0.8285714285714286
1,1,67,0.21166512370109558,0.29350411891937256,0.9264705882352942,0.8571428571428571
1,1,68,0.21994422376155853,0.2920883595943451,0.9117647058823529,0.8857142857142857
1,1,69,0.17205944657325745,0.28816908597946167,0.9264705882352942,0.8571428571428571
1,1,70,0.15545432269573212,0.2888963520526886,0.9485294117647058,0.8571428571428571
1,1,71,0.1838904619216919,0.2815316319465637,0.9411764705882353,0.8571428571428571
1,1,72,0.16023066639900208,0.2795701324939728,0.9632352941176471,0.8857142857142857
1,1,73,0.1701636165380478,0.27808812260627747,0.9338235294117647,0.8857142857142857
1,1,74,0.17736996710300446,0.2745126783847809,0.9411764705882353,0.8571428571428571
1,1,75,0.1653585135936737,0.28187674283981323,0.9411764705882353,0.8857142857142857
1,1,76,0.18294945359230042,0.27766653895378113,0.9411764705882353,0.8857142857142857
1,1,77,0.19422908127307892,0.30426374077796936,0.9191176470588235,0.8571428571428571
1,1,78,0.18022486567497253,0.3225521743297577,0.9411764705882353,0.8571428571428571
1,1,79,0.15900905430316925,0.30386337637901306,0.9485294117647058,0.8285714285714286
1,1,80,0.135978102684021,0.3018462359905243,0.9705882352941176,0.8571428571428571
1,1,81,0.15627002716064453,0.3128700852394104,0.9411764705882353,0.8285714285714286
1,1,82,0.18623021245002747,0.30504435300827026,0.9264705882352942,0.8571428571428571
1,1,83,0.1604287475347519,0.3130578100681305,0.9411764705882353,0.8285714285714286
1,1,84,0.17868095636367798,0.3069888949394226,0.9411764705882353,0.8285714285714286
1,1,85,0.1733226180076599,0.294660359621048,0.9338235294117647,0.8571428571428571
1,1,86,0.12978556752204895,0.2931796610355377,0.9485294117647058,0.8571428571428571
1,1,87,0.12160135805606842,0.2958569824695587,0.9485294117647058,0.8571428571428571
1,1,88,0.15067240595817566,0.2946773171424866,0.9485294117647058,0.8571428571428571
1,1,89,0.13833549618721008,0.2969790995121002,0.9485294117647058,0.8857142857142857
1,1,90,0.13440482318401337,0.30238351225852966,0.9558823529411765,0.8857142857142857
1,1,91,0.1340295821428299,0.3060842752456665,0.9485294117647058,0.8571428571428571
1,1,92,0.12251688539981842,0.3079215884208679,0.9485294117647058,0.8857142857142857
1,1,93,0.1441115438938141,0.31662577390670776,0.9485294117647058,0.8285714285714286
1,1,94,0.13014745712280273,0.3165985643863678,0.9485294117647058,0.8857142857142857
1,1,95,0.13210690021514893,0.3175578713417053,0.9485294117647058,0.8857142857142857
1,1,96,0.13167323172092438,0.32146841287612915,0.9411764705882353,0.8571428571428571
1,1,97,0.1395798921585083,0.3233998119831085,0.9485294117647058,0.8571428571428571
1,1,98,0.12599846720695496,0.3259828984737396,0.9558823529411765,0.8857142857142857
1,1,99,0.10309313982725143,0.33670774102211,0.9558823529411765,0.8285714285714286
1,1,100,0.13990817964076996,0.341850221157074,0.9411764705882353,0.8571428571428571
1,2,1,0.6998885869979858,0.6844717264175415,0.2773722627737226,0.7352941176470589
1,2,2,0.6850893497467041,0.6694627404212952,0.7226277372262774,0.7352941176470589
1,2,3,0.671133816242218,0.6542640924453735,0.7226277372262774,0.7352941176470589
1,2,4,0.6568057537078857,0.6375682950019836,0.7226277372262774,0.7352941176470589
1,2,5,0.6412055492401123,0.6187834739685059,0.7226277372262774,0.7352941176470589
1,2,6,0.6246698498725891,0.5987115502357483,0.7226277372262774,0.7352941176470589
1,2,7,0.6053560376167297,0.5789342522621155,0.7226277372262774,0.7352941176470589
1,2,8,0.5893737077713013,0.5621683597564697,0.7226277372262774,0.7352941176470589
1,2,9,0.5794922709465027,0.5519958138465881,0.7226277372262774,0.7352941176470589
1,2,10,0.5780686140060425,0.5495424866676331,0.7226277372262774,0.7352941176470589
1,2,11,0.5742818713188171,0.5504621863365173,0.7226277372262774,0.7352941176470589
1,2,12,0.5784359574317932,0.5492522120475769,0.7226277372262774,0.7352941176470589
1,2,13,0.5815127491950989,0.5446840524673462,0.7226277372262774,0.7352941176470589
1,2,14,0.5724203586578369,0.5389057397842407,0.7226277372262774,0.7352941176470589
1,2,15,0.5642225742340088,0.5340059399604797,0.7226277372262774,0.7352941176470589
1,2,16,0.5569603443145752,0.5310205817222595,0.7226277372262774,0.7352941176470589
1,2,17,0.5536466836929321,0.5297540426254272,0.7226277372262774,0.7352941176470589
1,2,18,0.5470324754714966,0.5292742848396301,0.7226277372262774,0.7352941176470589
1,2,19,0.5429559350013733,0.5285417437553406,0.7226277372262774,0.7352941176470589
1,2,20,0.5416780114173889,0.5268263220787048,0.7226277372262774,0.7352941176470589
1,2,21,0.536022961139679,0.5235428810119629,0.7226277372262774,0.7352941176470589
1,2,22,0.5322665572166443,0.5185245275497437,0.7226277372262774,0.7352941176470589
1,2,23,0.5268930792808533,0.512095034122467,0.7299270072992701,0.7352941176470589
1,2,24,0.5201966166496277,0.5046818256378174,0.7226277372262774,0.7352941176470589
1,2,25,0.5147080421447754,0.4968462586402893,0.7299270072992701,0.7352941176470589
1,2,26,0.5089603066444397,0.48898619413375854,0.7299270072992701,0.7352941176470589
1,2,27,0.5013975501060486,0.48127689957618713,0.7299270072992701,0.7352941176470589
1,2,28,0.49175652861595154,0.4736742079257965,0.7299270072992701,0.7352941176470589
1,2,29,0.48786434531211853,0.46595701575279236,0.7372262773722628,0.7352941176470589
1,2,30,0.4754439890384674,0.4583328068256378,0.7372262773722628,0.7352941176470589
1,2,31,0.4685932993888855,0.4515036344528198,0.7591240875912408,0.7647058823529411
1,2,32,0.45279374718666077,0.4463507831096649,0.781021897810219,0.7941176470588235
1,2,33,0.44386085867881775,0.44279399514198303,0.781021897810219,0.7647058823529411
1,2,34,0.4411855638027191,0.43937981128692627,0.8029197080291971,0.7647058823529411
1,2,35,0.42783495783805847,0.4348258376121521,0.8102189781021898,0.7352941176470589
1,2,36,0.42070960998535156,0.4290015995502472,0.8175182481751825,0.7352941176470589
1,2,37,0.40964940190315247,0.4215671718120575,0.8248175182481752,0.7941176470588235
1,2,38,0.3955467939376831,0.4132792055606842,0.8248175182481752,0.7941176470588235
1,2,39,0.3852909803390503,0.4057956039905548,0.8321167883211679,0.7647058823529411
1,2,40,0.382030725479126,0.4009949862957001,0.8321167883211679,0.7941176470588235
1,2,41,0.37747666239738464,0.40042349696159363,0.8248175182481752,0.7941176470588235
1,2,42,0.3610520660877228,0.40556442737579346,0.8321167883211679,0.7941176470588235
1,2,43,0.3751721978187561,0.4110897481441498,0.8394160583941606,0.7941176470588235
1,2,44,0.3476947247982025,0.41364720463752747,0.8686131386861314,0.7941176470588235
1,2,45,0.3335080146789551,0.41141369938850403,0.8540145985401459,0.7941176470588235
1,2,46,0.32335883378982544,0.405630499124527,0.8759124087591241,0.7941176470588235
1,2,47,0.31906700134277344,0.4072282612323761,0.8759124087591241,0.7941176470588235
1,2,48,0.3378696143627167,0.4185994863510132,0.8832116788321168,0.7941176470588235
1,2,49,0.31530308723449707,0.44385501742362976,0.8759124087591241,0.7647058823529411
1,2,50,0.29392382502555847,0.45568084716796875,0.8905109489051095,0.7352941176470589
1,2,51,0.3012325167655945,0.4614737331867218,0.8832116788321168,0.7647058823529411
1,2,52,0.29319941997528076,0.4570263922214508,0.8832116788321168,0.7647058823529411
1,2,53,0.3000246584415436,0.45154592394828796,0.8905109489051095,0.7941176470588235
1,2,54,0.28871822357177734,0.45553353428840637,0.8759124087591241,0.7941176470588235
1,2,55,0.253305047750473,0.4665915369987488,0.8905109489051095,0.7941176470588235
1,2,56,0.28513073921203613,0.4732019305229187,0.8686131386861314,0.7941176470588235
1,2,57,0.2623962461948395,0.4705328941345215,0.8978102189781022,0.7941176470588235
1,2,58,0.24721895158290863,0.45485344529151917,0.8832116788321168,0.7941176470588235
1,2,59,0.23219603300094604,0.4560557007789612,0.9197080291970803,0.7941176470588235
1,2,60,0.21653935313224792,0.4676111042499542,0.9416058394160584,0.7941176470588235
1,2,61,0.22836834192276,0.49320435523986816,0.9124087591240876,0.8235294117647058
1,2,62,0.19995711743831635,0.49683162569999695,0.9343065693430657,0.8235294117647058
1,2,63,0.19644610583782196,0.4746725857257843,0.9343065693430657,0.7941176470588235
1,2,64,0.20444726943969727,0.4748343825340271,0.9343065693430657,0.7647058823529411
1,2,65,0.17943072319030762,0.4784712493419647,0.9416058394160584,0.7941176470588235
1,2,66,0.19786347448825836,0.5057907700538635,0.927007299270073,0.7941176470588235
1,2,67,0.1828521490097046,0.5398967862129211,0.9343065693430657,0.7941176470588235
1,2,68,0.21366696059703827,0.5296580195426941,0.9197080291970803,0.7941176470588235
1,2,69,0.18684639036655426,0.5194295644760132,0.9197080291970803,0.7941176470588235
1,2,70,0.16871969401836395,0.5252699851989746,0.9343065693430657,0.8235294117647058
1,2,71,0.16399283707141876,0.5373953580856323,0.9416058394160584,0.8235294117647058
1,2,72,0.18117165565490723,0.568080723285675,0.9343065693430657,0.7941176470588235
1,2,73,0.15041103959083557,0.5633878111839294,0.9416058394160584,0.8235294117647058
1,2,74,0.15992207825183868,0.5779449939727783,0.9416058394160584,0.8235294117647058
1,2,75,0.18779748678207397,0.6079409718513489,0.9343065693430657,0.8235294117647058
1,2,76,0.14805981516838074,0.609514594078064,0.9343065693430657,0.8235294117647058
1,2,77,0.1525428742170334,0.6122398972511292,0.9416058394160584,0.8235294117647058
1,2,78,0.14602304995059967,0.6350156664848328,0.948905109489051,0.8235294117647058
1,2,79,0.16629724204540253,0.6765887141227722,0.9343065693430657,0.8235294117647058
1,2,80,0.1601809412240982,0.681209146976471,0.9416058394160584,0.8235294117647058
1,2,81,0.1453368067741394,0.6828179955482483,0.948905109489051,0.8235294117647058
1,2,82,0.15399760007858276,0.6586955785751343,0.9416058394160584,0.7941176470588235
1,2,83,0.13402466475963593,0.6617708802223206,0.9416058394160584,0.7941176470588235
1,2,84,0.13842444121837616,0.6859398484230042,0.927007299270073,0.7941176470588235
1,2,85,0.14209780097007751,0.753451943397522,0.9416058394160584,0.7647058823529411
1,2,86,0.1324327141046524,0.8249989748001099,0.9562043795620438,0.7647058823529411
1,2,87,0.1491316556930542,0.7630131244659424,0.9416058394160584,0.7647058823529411
1,2,88,0.10465489327907562,0.7270954251289368,0.9635036496350365,0.7941176470588235
1,2,89,0.11188475042581558,0.7306289076805115,0.9635036496350365,0.7941176470588235
1,2,90,0.11918815225362778,0.7445992231369019,0.9416058394160584,0.7647058823529411
1,2,91,0.10362813621759415,0.7646982669830322,0.9781021897810219,0.7647058823529411
1,2,92,0.1066642627120018,0.7678689956665039,0.9708029197080292,0.7647058823529411
1,2,93,0.11451783776283264,0.7794013023376465,0.948905109489051,0.7647058823529411
1,2,94,0.1240919753909111,0.7901089191436768,0.9416058394160584,0.7647058823529411
1,2,95,0.12364976108074188,0.8005468249320984,0.948905109489051,0.7647058823529411
1,2,96,0.12100809812545776,0.8190048336982727,0.9635036496350365,0.7941176470588235
1,2,97,0.13618652522563934,0.8486886024475098,0.9416058394160584,0.7647058823529411
1,2,98,0.11203527450561523,0.9014579653739929,0.9562043795620438,0.7647058823529411
1,2,99,0.08611439913511276,0.9629970788955688,0.9708029197080292,0.7647058823529411
1,2,100,0.1299189031124115,0.9165701866149902,0.948905109489051,0.7647058823529411
1,3,1,0.6815527677536011,0.6671893000602722,0.7226277372262774,0.7352941176470589
1,3,2,0.6669766902923584,0.6549606919288635,0.7226277372262774,0.7352941176470589
1,3,3,0.6540141105651855,0.6426048874855042,0.7226277372262774,0.7352941176470589
1,3,4,0.6395716667175293,0.6293818354606628,0.7226277372262774,0.7352941176470589
1,3,5,0.6246820688247681,0.616277813911438,0.7226277372262774,0.7352941176470589
1,3,6,0.6062561869621277,0.6049359440803528,0.7226277372262774,0.7352941176470589
1,3,7,0.589874267578125,0.5979493260383606,0.7226277372262774,0.7352941176470589
1,3,8,0.5731185078620911,0.5992742776870728,0.7226277372262774,0.7352941176470589
1,3,9,0.561638355255127,0.6110385656356812,0.7226277372262774,0.7352941176470589
1,3,10,0.5605047941207886,0.6287155747413635,0.7226277372262774,0.7352941176470589
1,3,11,0.5642708539962769,0.6421757340431213,0.7226277372262774,0.7352941176470589
1,3,12,0.5651874542236328,0.6454837918281555,0.7226277372262774,0.7352941176470589
1,3,13,0.5618173480033875,0.6403089165687561,0.7226277372262774,0.7352941176470589
1,3,14,0.5576533675193787,0.6306213140487671,0.7226277372262774,0.7352941176470589
1,3,15,0.5447408556938171,0.6204796433448792,0.7226277372262774,0.7352941176470589
1,3,16,0.534142017364502,0.6123274564743042,0.7226277372262774,0.7352941176470589
1,3,17,0.532107949256897,0.6066907048225403,0.7226277372262774,0.7352941176470589
1,3,18,0.5247756838798523,0.6032918095588684,0.7226277372262774,0.7352941176470589
1,3,19,0.5211713910102844,0.6017604470252991,0.7226277372262774,0.7352941176470589
1,3,20,0.519940197467804,0.6014109253883362,0.7226277372262774,0.7352941176470589
1,3,21,0.5154848694801331,0.6019377112388611,0.7226277372262774,0.7352941176470589
1,3,22,0.5068824887275696,0.6036109924316406,0.7226277372262774,0.7352941176470589
1,3,23,0.49838268756866455,0.6069203615188599,0.7226277372262774,0.7352941176470589
1,3,24,0.49272021651268005,0.6123124361038208,0.7299270072992701,0.7352941176470589
1,3,25,0.48431235551834106,0.619894802570343,0.7299270072992701,0.7352941176470589
1,3,26,0.47618693113327026,0.6288299560546875,0.7299270072992701,0.7647058823529411
1,3,27,0.4668937027454376,0.6376602649688721,0.7445255474452555,0.7647058823529411
1,3,28,0.46072766184806824,0.644903838634491,0.7518248175182481,0.7647058823529411
1,3,29,0.4462563693523407,0.649047315120697,0.7737226277372263,0.7352941176470589
1,3,30,0.44062355160713196,0.6491517424583435,0.781021897810219,0.7352941176470589
1,3,31,0.42969968914985657,0.6463274359703064,0.7737226277372263,0.7352941176470589
1,3,32,0.4264739155769348,0.6419580578804016,0.7883211678832117,0.7352941176470589
1,3,33,0.4159882664680481,0.6373101472854614,0.7956204379562044,0.7647058823529411
1,3,34,0.4003046154975891,0.6333815455436707,0.8029197080291971,0.7647058823529411
1,3,35,0.39113354682922363,0.6316612362861633,0.8175182481751825,0.7352941176470589
1,3,36,0.3835223615169525,0.6328639984130859,0.8248175182481752,0.7352941176470589
1,3,37,0.3634212613105774,0.6388883590698242,0.8394160583941606,0.7352941176470589
1,3,38,0.3546315133571625,0.6469623446464539,0.8540145985401459,0.7352941176470589
1,3,39,0.34569138288497925,0.6518802046775818,0.8540145985401459,0.7352941176470589
1,3,40,0.334761381149292,0.6514893174171448,0.8467153284671532,0.7352941176470589
1,3,41,0.3199799358844757,0.6449475288391113,0.8613138686131386,0.7058823529411765
1,3,42,0.32630401849746704,0.6378474235534668,0.8394160583941606,0.6764705882352942
1,3,43,0.30055031180381775,0.6409114599227905,0.8686131386861314,0.7352941176470589
1,3,44,0.2906755805015564,0.658223569393158,0.8759124087591241,0.7352941176470589
1,3,45,0.28233256936073303,0.681908130645752,0.8832116788321168,0.7352941176470589
1,3,46,0.2855086028575897,0.7039900422096252,0.8686131386861314,0.7352941176470589
1,3,47,0.2795988619327545,0.7214568853378296,0.8759124087591241,0.7352941176470589
1,3,48,0.2793937623500824,0.7269195318222046,0.8832116788321168,0.7058823529411765
1,3,49,0.26028165221214294,0.7303996682167053,0.8905109489051095,0.7058823529411765
1,3,50,0.23998138308525085,0.7398126125335693,0.8905109489051095,0.7058823529411765
1,3,51,0.24150130152702332,0.7566742897033691,0.9051094890510949,0.7058823529411765
1,3,52,0.2260037362575531,0.7764132022857666,0.927007299270073,0.7058823529411765
1,3,53,0.21147863566875458,0.7883038520812988,0.9197080291970803,0.7058823529411765
1,3,54,0.21186602115631104,0.78371262550354,0.9197080291970803,0.7058823529411765
1,3,55,0.21812403202056885,0.7719376683235168,0.9343065693430657,0.7058823529411765
1,3,56,0.21708667278289795,0.7801651358604431,0.9343065693430657,0.7058823529411765
1,3,57,0.19910164177417755,0.7994598150253296,0.927007299270073,0.7058823529411765
1,3,58,0.19554069638252258,0.8135122656822205,0.9343065693430657,0.7058823529411765
1,3,59,0.16602642834186554,0.8225818276405334,0.9343065693430657,0.7058823529411765
1,3,60,0.1691010445356369,0.8243324160575867,0.948905109489051,0.7058823529411765
1,3,61,0.16413336992263794,0.8559399843215942,0.9416058394160584,0.7058823529411765
1,3,62,0.14941483736038208,0.8962069153785706,0.948905109489051,0.7058823529411765
1,3,63,0.146528422832489,0.9464032649993896,0.9635036496350365,0.7352941176470589
1,3,64,0.13906322419643402,0.9853266477584839,0.9562043795620438,0.7352941176470589
1,3,65,0.1233542338013649,1.030521273612976,0.9708029197080292,0.7352941176470589
1,3,66,0.11032096296548843,1.0855427980422974,0.9708029197080292,0.7352941176470589
1,3,67,0.12718185782432556,1.1352938413619995,0.9562043795620438,0.7352941176470589
1,3,68,0.10379813611507416,1.1723291873931885,0.9708029197080292,0.7352941176470589
1,3,69,0.12430322915315628,1.2136012315750122,0.9562043795620438,0.7352941176470589
1,3,70,0.0791163370013237,1.2559221982955933,0.9708029197080292,0.7352941176470589
1,3,71,0.08223231136798859,1.290745496749878,0.9927007299270073,0.7352941176470589
1,3,72,0.10219760984182358,1.3139479160308838,0.9635036496350365,0.7352941176470589
1,3,73,0.06884516030550003,1.3192802667617798,0.9781021897810219,0.7352941176470589
1,3,74,0.09642603993415833,1.3358755111694336,0.9562043795620438,0.7352941176470589
1,3,75,0.07095490396022797,1.3495419025421143,0.9854014598540146,0.7352941176470589
1,3,76,0.07771886140108109,1.3703656196594238,0.9854014598540146,0.7352941176470589
1,3,77,0.060243718326091766,1.4070544242858887,0.9854014598540146,0.7352941176470589
1,3,78,0.07726896554231644,1.454125165939331,0.9854014598540146,0.7352941176470589
1,3,79,0.06534463912248611,1.4920672178268433,0.9854014598540146,0.7352941176470589
1,3,80,0.06857548654079437,1.5165761709213257,0.9781021897810219,0.7352941176470589
1,3,81,0.057889096438884735,1.5468472242355347,0.9854014598540146,0.7352941176470589
1,3,82,0.06832807511091232,1.5685855150222778,0.9927007299270073,0.7352941176470589
1,3,83,0.040736399590969086,1.5825772285461426,0.9927007299270073,0.7352941176470589
1,3,84,0.0428585484623909,1.6006802320480347,0.9854014598540146,0.7352941176470589
1,3,85,0.02480621263384819,1.6398714780807495,1.0,0.7352941176470589
1,3,86,0.060178060084581375,1.7163615226745605,0.9708029197080292,0.7352941176470589
1,3,87,0.03739594295620918,1.7747397422790527,0.9854014598540146,0.7352941176470589
1,3,88,0.04237677529454231,1.8103033304214478,0.9927007299270073,0.7352941176470589
1,3,89,0.029239194467663765,1.822443962097168,0.9927007299270073,0.7352941176470589
1,3,90,0.04289587214589119,1.821574330329895,0.9854014598540146,0.7058823529411765
1,3,91,0.05078093335032463,1.8549203872680664,0.9781021897810219,0.7352941176470589
1,3,92,0.057194456458091736,1.8523573875427246,0.9927007299270073,0.7352941176470589
1,3,93,0.05255163088440895,1.8452495336532593,0.9854014598540146,0.7352941176470589
1,3,94,0.034652963280677795,1.8220148086547852,0.9927007299270073,0.7352941176470589
1,3,95,0.028158215805888176,1.774897813796997,0.9927007299270073,0.7058823529411765
1,3,96,0.062096405774354935,1.794811487197876,0.9708029197080292,0.7352941176470589
1,3,97,0.0339369997382164,1.8479796648025513,0.9854014598540146,0.7352941176470589
1,3,98,0.06010601297020912,1.8717509508132935,0.9854014598540146,0.7352941176470589
1,3,99,0.05418188497424126,1.895933985710144,0.9854014598540146,0.7352941176470589
1,3,100,0.05111768841743469,1.9028661251068115,0.9927007299270073,0.7352941176470589
1,4,1,0.6839994788169861,0.669827401638031,0.7226277372262774,0.7352941176470589
1,4,2,0.6715776324272156,0.6567422151565552,0.7226277372262774,0.7352941176470589
1,4,3,0.6594580411911011,0.6428501009941101,0.7226277372262774,0.7352941176470589
1,4,4,0.6466683149337769,0.6273653507232666,0.7226277372262774,0.7352941176470589
1,4,5,0.6319229602813721,0.6099657416343689,0.7226277372262774,0.7352941176470589
1,4,6,0.616942822933197,0.5919024348258972,0.7226277372262774,0.7352941176470589
1,4,7,0.5992875695228577,0.574911892414093,0.7226277372262774,0.7352941176470589
1,4,8,0.5858889222145081,0.5621700882911682,0.7226277372262774,0.7352941176470589
1,4,9,0.5781915783882141,0.5570307970046997,0.7226277372262774,0.7352941176470589
1,4,10,0.575762152671814,0.5590839982032776,0.7226277372262774,0.7352941176470589
1,4,11,0.5781764984130859,0.5621209740638733,0.7226277372262774,0.7352941176470589
1,4,12,0.5772769451141357,0.5611885190010071,0.7226277372262774,0.7352941176470589
1,4,13,0.5711262226104736,0.5566551089286804,0.7226277372262774,0.7352941176470589
1,4,14,0.5662886500358582,0.5506215691566467,0.7226277372262774,0.7352941176470589
1,4,15,0.5597537755966187,0.5452333688735962,0.7226277372262774,0.7352941176470589
1,4,16,0.5514818429946899,0.5415934324264526,0.7226277372262774,0.7352941176470589
1,4,17,0.5489434003829956,0.53958660364151,0.7226277372262774,0.7352941176470589
1,4,18,0.5429651737213135,0.5383597016334534,0.7226277372262774,0.7352941176470589
1,4,19,0.5411512851715088,0.5369532108306885,0.7226277372262774,0.7352941176470589
1,4,20,0.5359337329864502,0.5346412062644958,0.7226277372262774,0.7352941176470589
1,4,21,0.5316515564918518,0.5312619805335999,0.7226277372262774,0.7352941176470589
1,4,22,0.5271124243736267,0.5269959568977356,0.7226277372262774,0.7352941176470589
1,4,23,0.5163272619247437,0.5223166942596436,0.7226277372262774,0.7352941176470589
1,4,24,0.5106374025344849,0.5179864764213562,0.7226277372262774,0.7352941176470589
1,4,25,0.5022031664848328,0.5143769979476929,0.7226277372262774,0.7352941176470589
1,4,26,0.4967344403266907,0.5114365220069885,0.7299270072992701,0.7352941176470589
1,4,27,0.486654132604599,0.5084499716758728,0.7372262773722628,0.7352941176470589
1,4,28,0.4806842505931854,0.5043483972549438,0.7518248175182481,0.7352941176470589
1,4,29,0.46924617886543274,0.4984018802642822,0.7664233576642335,0.7352941176470589
1,4,30,0.4598639905452728,0.49073734879493713,0.781021897810219,0.7352941176470589
1,4,31,0.45215901732444763,0.48217761516571045,0.781021897810219,0.7352941176470589
1,4,32,0.4409838616847992,0.4738905429840088,0.781021897810219,0.7647058823529411
1,4,33,0.43128108978271484,0.4666394889354706,0.8102189781021898,0.7647058823529411
1,4,34,0.4181007444858551,0.46051958203315735,0.8029197080291971,0.7647058823529411
1,4,35,0.4097013473510742,0.4555569887161255,0.8175182481751825,0.7941176470588235
1,4,36,0.39723560214042664,0.4514484107494354,0.7956204379562044,0.7647058823529411
1,4,37,0.3910817801952362,0.4485267698764801,0.8248175182481752,0.8235294117647058
1,4,38,0.3859262466430664,0.4444902539253235,0.8175182481751825,0.8529411764705882
1,4,39,0.3787495493888855,0.43920689821243286,0.8175182481751825,0.8529411764705882
1,4,40,0.361636757850647,0.4323587715625763,0.8102189781021898,0.8529411764705882
1,4,41,0.3584006130695343,0.4251599609851837,0.8394160583941606,0.8529411764705882
1,4,42,0.3494592308998108,0.4201892018318176,0.8540145985401459,0.8529411764705882
1,4,43,0.33277833461761475,0.4196869730949402,0.8394160583941606,0.8235294117647058
1,4,44,0.33438482880592346,0.42165717482566833,0.8321167883211679,0.8235294117647058
1,4,45,0.33607637882232666,0.4285588562488556,0.8467153284671532,0.8529411764705882
1,4,46,0.33281975984573364,0.43639424443244934,0.8467153284671532,0.8529411764705882
1,4,47,0.3211638331413269,0.4384183883666992,0.8613138686131386,0.8529411764705882
1,4,48,0.3246668875217438,0.4381476640701294,0.8467153284671532,0.8235294117647058
1,4,49,0.2950560450553894,0.4444199204444885,0.8613138686131386,0.8529411764705882
1,4,50,0.3030473589897156,0.45198360085487366,0.8394160583941606,0.8529411764705882
1,4,51,0.3018884062767029,0.45288389921188354,0.8540145985401459,0.8529411764705882
1,4,52,0.28331488370895386,0.4517127275466919,0.8540145985401459,0.8529411764705882
1,4,53,0.28347668051719666,0.4504241347312927,0.8540145985401459,0.8529411764705882
1,4,54,0.2863266170024872,0.45039811730384827,0.8686131386861314,0.8529411764705882
1,4,55,0.29609888792037964,0.4482628405094147,0.8832116788321168,0.8529411764705882
1,4,56,0.26446157693862915,0.45251378417015076,0.8613138686131386,0.8529411764705882
1,4,57,0.2688153088092804,0.45464006066322327,0.8759124087591241,0.8529411764705882
1,4,58,0.250861257314682,0.4469740390777588,0.8905109489051095,0.8529411764705882
1,4,59,0.2711622714996338,0.44333720207214355,0.8832116788321168,0.8529411764705882
1,4,60,0.2654002904891968,0.44547680020332336,0.9124087591240876,0.8529411764705882
1,4,61,0.24604573845863342,0.4396793246269226,0.8832116788321168,0.8529411764705882
1,4,62,0.23038774728775024,0.4344370365142822,0.927007299270073,0.8529411764705882
1,4,63,0.24096807837486267,0.4375917911529541,0.9124087591240876,0.8529411764705882
1,4,64,0.2257336974143982,0.45122021436691284,0.9124087591240876,0.8529411764705882
1,4,65,0.21033039689064026,0.4532809257507324,0.9197080291970803,0.8529411764705882
1,4,66,0.21248677372932434,0.4476707875728607,0.9197080291970803,0.8529411764705882
1,4,67,0.1944623738527298,0.44324812293052673,0.927007299270073,0.8235294117647058
1,4,68,0.18485033512115479,0.44511979818344116,0.9416058394160584,0.7941176470588235
1,4,69,0.165736585855484,0.454261839389801,0.9562043795620438,0.8235294117647058
1,4,70,0.20049896836280823,0.47548046708106995,0.9197080291970803,0.8529411764705882
1,4,71,0.17212645709514618,0.478078156709671,0.9343065693430657,0.8235294117647058
1,4,72,0.16260091960430145,0.4683661162853241,0.927007299270073,0.7941176470588235
1,4,73,0.1799703985452652,0.47277188301086426,0.9416058394160584,0.8235294117647058
1,4,74,0.20484907925128937,0.49398019909858704,0.8978102189781022,0.7941176470588235
1,4,75,0.1669907122850418,0.5194233655929565,0.9416058394160584,0.8235294117647058
1,4,76,0.17866981029510498,0.5130923986434937,0.948905109489051,0.7941176470588235
1,4,77,0.13812793791294098,0.5124399662017822,0.9708029197080292,0.8235294117647058
1,4,78,0.156305193901062,0.5233879685401917,0.9416058394160584,0.8235294117647058
1,4,79,0.15503695607185364,0.5364552140235901,0.9562043795620438,0.8235294117647058
1,4,80,0.16377636790275574,0.555169939994812,0.9343065693430657,0.7941176470588235
1,4,81,0.12706705927848816,0.5772449374198914,0.9562043795620438,0.8235294117647058
1,4,82,0.13298434019088745,0.58273845911026,0.9416058394160584,0.8235294117647058
1,4,83,0.13317392766475677,0.584313690662384,0.948905109489051,0.7941176470588235
1,4,84,0.1266716569662094,0.5863236784934998,0.9635036496350365,0.8235294117647058
1,4,85,0.15574833750724792,0.5846888422966003,0.9416058394160584,0.8235294117647058
1,4,86,0.10941223800182343,0.5940015912055969,0.948905109489051,0.7941176470588235
1,4,87,0.09948065131902695,0.6028751134872437,0.9708029197080292,0.7941176470588235
1,4,88,0.11718535423278809,0.6007809042930603,0.948905109489051,0.8235294117647058
1,4,89,0.1214393824338913,0.6075308322906494,0.9562043795620438,0.8235294117647058
1,4,90,0.11718485504388809,0.6285927891731262,0.9562043795620438,0.8235294117647058
1,4,91,0.12473206222057343,0.637650728225708,0.9416058394160584,0.8235294117647058
1,4,92,0.09481339156627655,0.661733090877533,0.948905109489051,0.8235294117647058
1,4,93,0.10560426115989685,0.6834760308265686,0.9562043795620438,0.8235294117647058
1,4,94,0.1170136108994484,0.6728131771087646,0.9343065693430657,0.8235294117647058
1,4,95,0.1194411888718605,0.6570449471473694,0.9416058394160584,0.8235294117647058
1,4,96,0.13007499277591705,0.6634010672569275,0.9416058394160584,0.8235294117647058
1,4,97,0.12556976079940796,0.6587780117988586,0.9343065693430657,0.8235294117647058
1,4,98,0.11674468219280243,0.6551138758659363,0.948905109489051,0.8235294117647058
1,4,99,0.13542231917381287,0.659953236579895,0.9416058394160584,0.8235294117647058
1,4,100,0.13268792629241943,0.6657704710960388,0.9562043795620438,0.7941176470588235
1,5,1,0.6925013065338135,0.6803655028343201,0.6277372262773723,0.7058823529411765
1,5,2,0.6797170639038086,0.6691267490386963,0.7299270072992701,0.7058823529411765
1,5,3,0.6668303608894348,0.6570752263069153,0.7299270072992701,0.7058823529411765
1,5,4,0.6528226733207703,0.6438904404640198,0.7299270072992701,0.7058823529411765
1,5,5,0.6394413113594055,0.6293582916259766,0.7299270072992701,0.7058823529411765
1,5,6,0.6216760277748108,0.6139438152313232,0.7299270072992701,0.7058823529411765
1,5,7,0.6035668253898621,0.5993693470954895,0.7299270072992701,0.7058823529411765
1,5,8,0.5873396396636963,0.5881051421165466,0.7299270072992701,0.7058823529411765
1,5,9,0.5762069821357727,0.5834985971450806,0.7299270072992701,0.7058823529411765
1,5,10,0.5670769214630127,0.5873715281486511,0.7299270072992701,0.7058823529411765
1,5,11,0.5683999061584473,0.5952826142311096,0.7299270072992701,0.7058823529411765
1,5,12,0.5656223297119141,0.5995872616767883,0.7299270072992701,0.7058823529411765
1,5,13,0.5666176676750183,0.5976405739784241,0.7299270072992701,0.7058823529411765
1,5,14,0.5648842453956604,0.5908152461051941,0.7299270072992701,0.7058823529411765
1,5,15,0.5611266493797302,0.5822395086288452,0.7299270072992701,0.7058823529411765
1,5,16,0.5462809205055237,0.574633777141571,0.7299270072992701,0.7058823529411765
1,5,17,0.5410988330841064,0.5690341591835022,0.7299270072992701,0.7058823529411765
1,5,18,0.5379770994186401,0.5653252601623535,0.7299270072992701,0.7058823529411765
1,5,19,0.5333486795425415,0.5627819299697876,0.7299270072992701,0.7058823529411765
1,5,20,0.5270825028419495,0.5605664253234863,0.7299270072992701,0.7058823529411765
1,5,21,0.5221152305603027,0.5580236911773682,0.7299270072992701,0.7058823529411765
1,5,22,0.5225576162338257,0.5549001097679138,0.7299270072992701,0.7058823529411765
1,5,23,0.5162330269813538,0.5513567328453064,0.7299270072992701,0.7058823529411765
1,5,24,0.5098428130149841,0.5477578043937683,0.7372262773722628,0.7058823529411765
1,5,25,0.4998191297054291,0.5445230007171631,0.7299270072992701,0.7058823529411765
1,5,26,0.4844503402709961,0.5421620011329651,0.7372262773722628,0.7058823529411765
1,5,27,0.479551762342453,0.5409083962440491,0.7372262773722628,0.7058823529411765
1,5,28,0.4724191129207611,0.5400790572166443,0.7372262773722628,0.7058823529411765
1,5,29,0.4667864441871643,0.5385412573814392,0.7445255474452555,0.7058823529411765
1,5,30,0.458429217338562,0.53523850440979,0.7445255474452555,0.7058823529411765
1,5,31,0.44587865471839905,0.5305459499359131,0.7445255474452555,0.7352941176470589
1,5,32,0.43273019790649414,0.5257986783981323,0.7883211678832117,0.7352941176470589
1,5,33,0.41301795840263367,0.5219531655311584,0.8102189781021898,0.7647058823529411
1,5,34,0.40923669934272766,0.5201752185821533,0.8175182481751825,0.7647058823529411
1,5,35,0.3988661766052246,0.521422803401947,0.8248175182481752,0.7647058823529411
1,5,36,0.38363003730773926,0.5258193612098694,0.8394160583941606,0.7647058823529411
1,5,37,0.3794099688529968,0.5338858962059021,0.8394160583941606,0.7647058823529411
1,5,38,0.3700837790966034,0.5456302762031555,0.8394160583941606,0.7647058823529411
1,5,39,0.35624805092811584,0.5590577721595764,0.8394160583941606,0.7941176470588235
1,5,40,0.3469143509864807,0.5709438323974609,0.8467153284671532,0.7941176470588235
1,5,41,0.33609598875045776,0.5810962319374084,0.8394160583941606,0.7941176470588235
1,5,42,0.3362500071525574,0.5874937772750854,0.8321167883211679,0.8235294117647058
1,5,43,0.3254074156284332,0.5929999351501465,0.8321167883211679,0.8235294117647058
1,5,44,0.2961672246456146,0.6026622653007507,0.8759124087591241,0.8235294117647058
1,5,45,0.28038448095321655,0.6159915924072266,0.8613138686131386,0.8235294117647058
1,5,46,0.2743227183818817,0.6382302641868591,0.8905109489051095,0.8235294117647058
1,5,47,0.2727745771408081,0.6553164720535278,0.8759124087591241,0.8235294117647058
1,5,48,0.2743323743343353,0.6726276874542236,0.8686131386861314,0.8235294117647058
1,5,49,0.2743748724460602,0.6872367262840271,0.8832116788321168,0.8529411764705882
1,5,50,0.24529419839382172,0.7099372148513794,0.9124087591240876,0.8529411764705882
1,5,51,0.2569463551044464,0.7496808171272278,0.8905109489051095,0.8529411764705882
1,5,52,0.23594225943088531,0.7822735905647278,0.8905109489051095,0.8529411764705882
1,5,53,0.22521081566810608,0.8064285516738892,0.8978102189781022,0.8529411764705882
1,5,54,0.21356093883514404,0.8319130539894104,0.9051094890510949,0.8529411764705882
1,5,55,0.21337692439556122,0.8470178246498108,0.927007299270073,0.8529411764705882
1,5,56,0.2254824936389923,0.8713006377220154,0.8905109489051095,0.8529411764705882
1,5,57,0.21571673452854156,0.8970600366592407,0.9124087591240876,0.8529411764705882
1,5,58,0.2180415242910385,0.9136905074119568,0.9197080291970803,0.8529411764705882
1,5,59,0.23050525784492493,0.9091345071792603,0.9197080291970803,0.8529411764705882
1,5,60,0.18600134551525116,0.9187912940979004,0.9343065693430657,0.8529411764705882
1,5,61,0.1888381540775299,0.947521448135376,0.927007299270073,0.8529411764705882
1,5,62,0.19361236691474915,0.9932243227958679,0.927007299270073,0.8529411764705882
1,5,63,0.19923286139965057,1.028354525566101,0.9197080291970803,0.8529411764705882
1,5,64,0.1838424801826477,1.0124750137329102,0.927007299270073,0.8529411764705882
1,5,65,0.1801874190568924,0.9920434355735779,0.9343065693430657,0.8529411764705882
1,5,66,0.1732981652021408,0.9950329065322876,0.9197080291970803,0.8529411764705882
1,5,67,0.16318759322166443,1.0066663026809692,0.9343065693430657,0.8529411764705882
1,5,68,0.14980585873126984,1.0233988761901855,0.9562043795620438,0.8529411764705882
1,5,69,0.15597566962242126,1.0485601425170898,0.948905109489051,0.8529411764705882
1,5,70,0.14303986728191376,1.0381171703338623,0.948905109489051,0.8529411764705882
1,5,71,0.14338792860507965,1.0342330932617188,0.9416058394160584,0.8529411764705882
1,5,72,0.14674249291419983,1.048447608947754,0.9343065693430657,0.8235294117647058
1,5,73,0.16508452594280243,1.0743131637573242,0.9343065693430657,0.8529411764705882
1,5,74,0.1276591420173645,1.1064974069595337,0.948905109489051,0.8529411764705882
1,5,75,0.1567148119211197,1.1062397956848145,0.948905109489051,0.8529411764705882
1,5,76,0.1458461880683899,1.085516095161438,0.9197080291970803,0.8235294117647058
1,5,77,0.13734686374664307,1.0845271348953247,0.9635036496350365,0.8529411764705882
1,5,78,0.1368524581193924,1.0988731384277344,0.9562043795620438,0.8529411764705882
1,5,79,0.1626131236553192,1.1349087953567505,0.9197080291970803,0.8529411764705882
1,5,80,0.11055152118206024,1.194069504737854,0.9562043795620438,0.8529411764705882
1,5,81,0.1286427527666092,1.1947665214538574,0.9562043795620438,0.8529411764705882
1,5,82,0.12961483001708984,1.1581577062606812,0.9562043795620438,0.8529411764705882
1,5,83,0.11090964078903198,1.1497163772583008,0.948905109489051,0.8235294117647058
1,5,84,0.11499910056591034,1.1624237298965454,0.948905109489051,0.8235294117647058
1,5,85,0.12956950068473816,1.1863230466842651,0.9562043795620438,0.8529411764705882
1,5,86,0.11650923639535904,1.2218581438064575,0.9562043795620438,0.8529411764705882
1,5,87,0.0959276333451271,1.264016032218933,0.9635036496350365,0.8235294117647058
1,5,88,0.11044037342071533,1.2556416988372803,0.9562043795620438,0.8235294117647058
1,5,89,0.11617562919855118,1.2074167728424072,0.948905109489051,0.8529411764705882
1,5,90,0.06964088976383209,1.1797972917556763,0.9854014598540146,0.8529411764705882
1,5,91,0.0966513380408287,1.174961805343628,0.9562043795620438,0.8529411764705882
1,5,92,0.10860320925712585,1.181409478187561,0.9562043795620438,0.8529411764705882
1,5,93,0.07230755686759949,1.2030651569366455,0.9635036496350365,0.8529411764705882
1,5,94,0.08940181881189346,1.2404990196228027,0.9635036496350365,0.8235294117647058
1,5,95,0.08701904118061066,1.2742972373962402,0.9708029197080292,0.8529411764705882
1,5,96,0.08690036088228226,1.2964125871658325,0.9635036496350365,0.8529411764705882
1,5,97,0.08467523753643036,1.3163275718688965,0.9635036496350365,0.8529411764705882
1,5,98,0.08908919990062714,1.326325535774231,0.9708029197080292,0.8529411764705882
1,5,99,0.06382506340742111,1.3249542713165283,0.9854014598540146,0.8529411764705882
1,5,100,0.08754739910364151,1.3186450004577637,0.9708029197080292,0.8529411764705882
2,1,1,0.7092157602310181,0.6916214823722839,0.27205882352941174,0.6285714285714286
2,1,2,0.6923432946205139,0.67741459608078,0.5294117647058824,0.7142857142857143
2,1,3,0.6775993704795837,0.6619941592216492,0.7279411764705882,0.7142857142857143
2,1,4,0.6609371900558472,0.6449613571166992,0.7279411764705882,0.7142857142857143
2,1,5,0.6425037980079651,0.6267594695091248,0.7279411764705882,0.7142857142857143
2,1,6,0.6240362524986267,0.6086991429328918,0.7279411764705882,0.7142857142857143
2,1,7,0.6053650379180908,0.5933739542961121,0.7279411764705882,0.7142857142857143
2,1,8,0.585705041885376,0.5841981172561646,0.7279411764705882,0.7142857142857143
2,1,9,0.5801409482955933,0.5840298533439636,0.7279411764705882,0.7142857142857143
2,1,10,0.5726847052574158,0.5909166932106018,0.7279411764705882,0.7142857142857143
2,1,11,0.5826160311698914,0.5965856909751892,0.7279411764705882,0.7142857142857143
2,1,12,0.5831711888313293,0.5960378646850586,0.7279411764705882,0.7142857142857143
2,1,13,0.5823808908462524,0.5900391936302185,0.7279411764705882,0.7142857142857143
2,1,14,0.5703496336936951,0.5819778442382812,0.7279411764705882,0.7142857142857143
2,1,15,0.5642829537391663,0.5746043920516968,0.7279411764705882,0.7142857142857143
2,1,16,0.5551651120185852,0.5692911148071289,0.7279411764705882,0.7142857142857143
2,1,17,0.5499666333198547,0.566114068031311,0.7279411764705882,0.7142857142857143
2,1,18,0.548474133014679,0.5642686486244202,0.7279411764705882,0.7142857142857143
2,1,19,0.5474126935005188,0.5627376437187195,0.7279411764705882,0.7142857142857143
2,1,20,0.5420189499855042,0.5607801079750061,0.7279411764705882,0.7142857142857143
2,1,21,0.539242148399353,0.5580886006355286,0.7279411764705882,0.7142857142857143
2,1,22,0.5304858088493347,0.554608166217804,0.7279411764705882,0.7142857142857143
2,1,23,0.5254387855529785,0.550840437412262,0.7279411764705882,0.7142857142857143
2,1,24,0.5194087624549866,0.5474791526794434,0.7279411764705882,0.7142857142857143
2,1,25,0.5122423768043518,0.5450295805931091,0.7279411764705882,0.7142857142857143
2,1,26,0.5003934502601624,0.5437003970146179,0.7279411764705882,0.7142857142857143
2,1,27,0.4966575503349304,0.5428225994110107,0.7352941176470589,0.7142857142857143
2,1,28,0.48760154843330383,0.5416660308837891,0.7279411764705882,0.7142857142857143
2,1,29,0.48106878995895386,0.5391976237297058,0.7352941176470589,0.7142857142857143
2,1,30,0.4709327816963196,0.53515625,0.7352941176470589,0.7142857142857143
2,1,31,0.4613203704357147,0.5302804708480835,0.75,0.7142857142857143
2,1,32,0.45167556405067444,0.5255576968193054,0.7794117647058824,0.7428571428571429
2,1,33,0.4393976926803589,0.5225385427474976,0.8014705882352942,0.7428571428571429
2,1,34,0.4293259084224701,0.5211859345436096,0.8088235294117647,0.7714285714285715
2,1,35,0.4314626157283783,0.522060751914978,0.8088235294117647,0.7428571428571429
2,1,36,0.4173628091812134,0.5257221460342407,0.8235294117647058,0.7428571428571429
2,1,37,0.4010404050350189,0.532212495803833,0.8088235294117647,0.7428571428571429
2,1,38,0.39112892746925354,0.542339563369751,0.8088235294117647,0.7428571428571429
2,1,39,0.3834659457206726,0.5552676916122437,0.8235294117647058,0.7428571428571429
2,1,40,0.3678949177265167,0.5687596797943115,0.8161764705882353,0.7428571428571429
2,1,41,0.3746062219142914,0.580339789390564,0.8161764705882353,0.7428571428571429
2,1,42,0.35084235668182373,0.5895205736160278,0.8088235294117647,0.7428571428571429
2,1,43,0.3520348370075226,0.5997641682624817,0.8382352941176471,0.7714285714285715
2,1,44,0.3444485366344452,0.6142112612724304,0.8235294117647058,0.7714285714285715
2,1,45,0.33746010065078735,0.6329845190048218,0.8161764705882353,0.8
2,1,46,0.32702457904815674,0.6563719511032104,0.8529411764705882,0.8285714285714286
2,1,47,0.3108661472797394,0.6818762421607971,0.8455882352941176,0.7714285714285715
2,1,48,0.32860106229782104,0.6980467438697815,0.8308823529411765,0.8285714285714286
2,1,49,0.2832326292991638,0.7126405239105225,0.8823529411764706,0.8285714285714286
2,1,50,0.31099680066108704,0.7281081676483154,0.8308823529411765,0.8285714285714286
2,1,51,0.3115292191505432,0.745858907699585,0.8382352941176471,0.8285714285714286
2,1,52,0.2931908369064331,0.7667447924613953,0.8529411764705882,0.8
2,1,53,0.29473400115966797,0.7884888648986816,0.8382352941176471,0.8285714285714286
2,1,54,0.2731654942035675,0.8077548742294312,0.8529411764705882,0.8
2,1,55,0.27980437874794006,0.8083146810531616,0.875,0.8
2,1,56,0.24914970993995667,0.8138776421546936,0.8970588235294118,0.8
2,1,57,0.26347091794013977,0.8258059620857239,0.875,0.8
2,1,58,0.25835418701171875,0.8412309288978577,0.8676470588235294,0.7714285714285715
2,1,59,0.22660598158836365,0.8622552752494812,0.875,0.7714285714285715
2,1,60,0.22394730150699615,0.8733617663383484,0.8823529411764706,0.7714285714285715
2,1,61,0.23528127372264862,0.8804569840431213,0.8823529411764706,0.7714285714285715
2,1,62,0.20461063086986542,0.892819344997406,0.8897058823529411,0.7714285714285715
2,1,63,0.2204449623823166,0.921618640422821,0.9117647058823529,0.7714285714285715
2,1,64,0.20662790536880493,0.9625942707061768,0.9117647058823529,0.7142857142857143
2,1,65,0.19969415664672852,0.9776492714881897,0.9044117647058824,0.7142857142857143
2,1,66,0.17426520586013794,0.9791902899742126,0.9338235294117647,0.7142857142857143
2,1,67,0.18721622228622437,0.9708755612373352,0.9117647058823529,0.7428571428571429
2,1,68,0.1949266493320465,0.9870713353157043,0.9191176470588235,0.7428571428571429
2,1,69,0.21371367573738098,1.0493205785751343,0.8897058823529411,0.7142857142857143
2,1,70,0.1495899111032486,1.133946180343628,0.9411764705882353,0.7428571428571429
2,1,71,0.19871999323368073,1.1380934715270996,0.8897058823529411,0.7142857142857143
2,1,72,0.2115451991558075,1.0923558473587036,0.9044117647058824,0.7428571428571429
2,1,73,0.17899692058563232,1.091699481010437,0.9485294117647058,0.7428571428571429
2,1,74,0.15873278677463531,1.107253074645996,0.9485294117647058,0.7428571428571429
2,1,75,0.1914720982313156,1.1283549070358276,0.9264705882352942,0.7428571428571429
2,1,76,0.15622374415397644,1.190368413925171,0.9411764705882353,0.6857142857142857
2,1,77,0.16300223767757416,1.2345818281173706,0.9338235294117647,0.7142857142857143
2,1,78,0.1310967653989792,1.2364524602890015,0.9411764705882353,0.7428571428571429
2,1,79,0.12702342867851257,1.225135326385498,0.9411764705882353,0.7142857142857143
2,1,80,0.17954550683498383,1.239569067955017,0.9044117647058824,0.7428571428571429
2,1,81,0.12252931296825409,1.2730172872543335,0.9558823529411765,0.7714285714285715
2,1,82,0.12027935683727264,1.2902379035949707,0.9632352941176471,0.7714285714285715
2,1,83,0.18009327352046967,1.3045002222061157,0.9117647058823529,0.7714285714285715
2,1,84,0.13862474262714386,1.2948895692825317,0.9485294117647058,0.7428571428571429
2,1,85,0.14957016706466675,1.321275234222412,0.9411764705882353,0.7714285714285715
2,1,86,0.14898134768009186,1.3603345155715942,0.9411764705882353,0.7428571428571429
2,1,87,0.1058192253112793,1.393629550933838,0.9632352941176471,0.7428571428571429
2,1,88,0.12183971703052521,1.4018019437789917,0.9411764705882353,0.7142857142857143
2,1,89,0.11033900827169418,1.3958028554916382,0.9632352941176471,0.7428571428571429
2,1,90,0.11164290457963943,1.4091453552246094,0.9558823529411765,0.7142857142857143
2,1,91,0.09268086403608322,1.4336910247802734,0.9632352941176471,0.7428571428571429
2,1,92,0.1293868124485016,1.4488096237182617,0.9338235294117647,0.7142857142857143
2,1,93,0.12037517130374908,1.4594345092773438,0.9338235294117647,0.7142857142857143
2,1,94,0.08599940687417984,1.469907522201538,0.9632352941176471,0.7142857142857143
2,1,95,0.10404615104198456,1.4755125045776367,0.9632352941176471,0.7428571428571429
2,1,96,0.09477346390485764,1.5088293552398682,0.9558823529411765,0.7428571428571429
2,1,97,0.08283919841051102,1.5429208278656006,0.9705882352941176,0.7428571428571429
2,1,98,0.12738581001758575,1.5466126203536987,0.9338235294117647,0.7142857142857143
2,1,99,0.10950889438390732,1.5550562143325806,0.9338235294117647,0.7142857142857143
2,1,100,0.10731480270624161,1.5553263425827026,0.9558823529411765,0.7428571428571429
2,2,1,0.695020854473114,0.6793001890182495,0.34306569343065696,0.7352941176470589
2,2,2,0.6797696352005005,0.6663036942481995,0.7226277372262774,0.7352941176470589
2,2,3,0.667130708694458,0.6530917882919312,0.7226277372262774,0.7352941176470589
2,2,4,0.653572142124176,0.6382988095283508,0.7226277372262774,0.7352941176470589
2,2,5,0.6377317309379578,0.6219913363456726,0.7226277372262774,0.7352941176470589
2,2,6,0.6213249564170837,0.6050116419792175,0.7226277372262774,0.7352941176470589
2,2,7,0.6016003489494324,0.5903925895690918,0.7226277372262774,0.7352941176470589
2,2,8,0.5866305828094482,0.5815616846084595,0.7226277372262774,0.7352941176470589
2,2,9,0.5772555470466614,0.581369936466217,0.7226277372262774,0.7352941176470589
2,2,10,0.5724324584007263,0.5880295038223267,0.7226277372262774,0.7352941176470589
2,2,11,0.5860728025436401,0.5935212969779968,0.7226277372262774,0.7352941176470589
2,2,12,0.5799593925476074,0.5934733152389526,0.7226277372262774,0.7352941176470589
2,2,13,0.5797733068466187,0.5888717770576477,0.7226277372262774,0.7352941176470589
2,2,14,0.5667042136192322,0.5828588604927063,0.7226277372262774,0.7352941176470589
2,2,15,0.5613331198692322,0.577739953994751,0.7226277372262774,0.7352941176470589
2,2,16,0.5511687994003296,0.5744715332984924,0.7226277372262774,0.7352941176470589
2,2,17,0.5497565865516663,0.5728594660758972,0.7226277372262774,0.7352941176470589
2,2,18,0.5444657206535339,0.5722833871841431,0.7226277372262774,0.7352941176470589
2,2,19,0.5386744737625122,0.571874737739563,0.7226277372262774,0.7352941176470589
2,2,20,0.5368250608444214,0.5711026191711426,0.7226277372262774,0.7352941176470589
2,2,21,0.5317371487617493,0.5697130560874939,0.7226277372262774,0.7352941176470589
2,2,22,0.5306483507156372,0.5678917169570923,0.7226277372262774,0.7352941176470589
2,2,23,0.5207123160362244,0.5660632848739624,0.7226277372262774,0.7352941176470589
2,2,24,0.5110668540000916,0.5648145079612732,0.7299270072992701,0.7352941176470589
2,2,25,0.5060908198356628,0.5644341111183167,0.7299270072992701,0.7352941176470589
2,2,26,0.501946210861206,0.5647690892219543,0.7372262773722628,0.7352941176470589
2,2,27,0.4939175248146057,0.5650752782821655,0.7372262773722628,0.7352941176470589
2,2,28,0.4813292622566223,0.5647258162498474,0.7372262773722628,0.7352941176470589
2,2,29,0.47276952862739563,0.5630901455879211,0.7372262773722628,0.7352941176470589
2,2,30,0.4723585247993469,0.5598698854446411,0.7445255474452555,0.7352941176470589
2,2,31,0.4594059884548187,0.555852472782135,0.781021897810219,0.7352941176470589
2,2,32,0.4500247836112976,0.5514129400253296,0.7883211678832117,0.7352941176470589
2,2,33,0.44923701882362366,0.5468760132789612,0.7956204379562044,0.7352941176470589
2,2,34,0.43358203768730164,0.5423446893692017,0.8102189781021898,0.6470588235294118
2,2,35,0.4251285493373871,0.5376409888267517,0.8102189781021898,0.6470588235294118
2,2,36,0.41588324308395386,0.5335682034492493,0.8321167883211679,0.6470588235294118
2,2,37,0.4028225541114807,0.5302682518959045,0.8467153284671532,0.6470588235294118
2,2,38,0.39806562662124634,0.5287660956382751,0.8321167883211679,0.6764705882352942
2,2,39,0.39332759380340576,0.5285024046897888,0.8248175182481752,0.6764705882352942
2,2,40,0.37677714228630066,0.5285585522651672,0.8540145985401459,0.6764705882352942
2,2,41,0.3770444691181183,0.5272218585014343,0.8248175182481752,0.7058823529411765
2,2,42,0.36134111881256104,0.5265478491783142,0.8467153284671532,0.7058823529411765
2,2,43,0.3535236418247223,0.528300404548645,0.8394160583941606,0.7058823529411765
2,2,44,0.34981998801231384,0.5336611270904541,0.8467153284671532,0.7352941176470589
2,2,45,0.3389562964439392,0.5440430641174316,0.8467153284671532,0.7352941176470589
2,2,46,0.31602829694747925,0.5606611371040344,0.8467153284671532,0.7352941176470589
2,2,47,0.3154152035713196,0.5852576494216919,0.8394160583941606,0.7352941176470589
2,2,48,0.3345067501068115,0.6110561490058899,0.8467153284671532,0.7352941176470589
2,2,49,0.31299084424972534,0.6325988173484802,0.8467153284671532,0.7352941176470589
2,2,50,0.29882895946502686,0.6496243476867676,0.8613138686131386,0.7352941176470589
2,2,51,0.30968666076660156,0.6648064255714417,0.8613138686131386,0.7352941176470589
2,2,52,0.27898451685905457,0.6805344820022583,0.8759124087591241,0.7058823529411765
2,2,53,0.2846059203147888,0.7033094763755798,0.8759124087591241,0.7058823529411765
2,2,54,0.28088629245758057,0.7285104393959045,0.8832116788321168,0.7352941176470589
2,2,55,0.28332626819610596,0.7531033754348755,0.8686131386861314,0.7352941176470589
2,2,56,0.2633877992630005,0.7779738903045654,0.8759124087591241,0.7058823529411765
2,2,57,0.2661914527416229,0.8001430630683899,0.8905109489051095,0.7058823529411765
2,2,58,0.23962680995464325,0.8312669992446899,0.8832116788321168,0.7058823529411765
2,2,59,0.24021290242671967,0.8528995513916016,0.8905109489051095,0.7058823529411765
2,2,60,0.24800947308540344,0.8694117069244385,0.9051094890510949,0.7058823529411765
2,2,61,0.2373458445072174,0.908094584941864,0.9124087591240876,0.7058823529411765
2,2,62,0.24627141654491425,0.9337760806083679,0.9051094890510949,0.7058823529411765
2,2,63,0.22363944351673126,0.94891357421875,0.9051094890510949,0.7058823529411765
2,2,64,0.2134011834859848,0.9709222316741943,0.9197080291970803,0.7058823529411765
2,2,65,0.22415433824062347,0.9900099635124207,0.8832116788321168,0.7058823529411765
2,2,66,0.20818381011486053,1.0308492183685303,0.9343065693430657,0.7058823529411765
2,2,67,0.1922575682401657,1.084253191947937,0.927007299270073,0.7058823529411765
2,2,68,0.1926560252904892,1.1015535593032837,0.9343065693430657,0.7058823529411765
2,2,69,0.1694021075963974,1.099157452583313,0.9343065693430657,0.7058823529411765
2,2,70,0.1571817249059677,1.1110877990722656,0.927007299270073,0.6764705882352942
2,2,71,0.17699480056762695,1.1377215385437012,0.927007299270073,0.6764705882352942
2,2,72,0.18133699893951416,1.1885120868682861,0.9124087591240876,0.7058823529411765
2,2,73,0.17331455647945404,1.207615613937378,0.9197080291970803,0.7058823529411765
2,2,74,0.1723775714635849,1.2076236009597778,0.9343065693430657,0.7058823529411765
2,2,75,0.17958524823188782,1.244457483291626,0.9051094890510949,0.7058823529411765
2,2,76,0.12925384938716888,1.3101030588150024,0.9635036496350365,0.7058823529411765
2,2,77,0.1520380973815918,1.3402092456817627,0.9416058394160584,0.7058823529411765
2,2,78,0.1619192659854889,1.3279602527618408,0.927007299270073,0.7058823529411765
2,2,79,0.16050216555595398,1.2791249752044678,0.9343065693430657,0.7352941176470589
2,2,80,0.15951621532440186,1.307005763053894,0.9343065693430657,0.7058823529411765
2,2,81,0.13302472233772278,1.3663721084594727,0.9416058394160584,0.7058823529411765
2,2,82,0.15594838559627533,1.437023639678955,0.9197080291970803,0.7058823529411765
2,2,83,0.16838152706623077,1.4559612274169922,0.927007299270073,0.7058823529411765
2,2,84,0.12711982429027557,1.4507094621658325,0.9635036496350365,0.7058823529411765
2,2,85,0.15822985768318176,1.4327616691589355,0.9343065693430657,0.7058823529411765
2,2,86,0.1551530957221985,1.453348994255066,0.9343065693430657,0.7058823529411765
2,2,87,0.1407352238893509,1.5035570859909058,0.9343065693430657,0.7058823529411765
2,2,88,0.13865546882152557,1.5119659900665283,0.9416058394160584,0.7058823529411765
2,2,89,0.15475037693977356,1.4561958312988281,0.9343065693430657,0.7058823529411765
2,2,90,0.13995620608329773,1.3949004411697388,0.9416058394160584,0.7058823529411765
2,2,91,0.12962345778942108,1.376918077468872,0.9416058394160584,0.7058823529411765
2,2,92,0.13556145131587982,1.4204003810882568,0.9343065693430657,0.7058823529411765
2,2,93,0.15773315727710724,1.484340786933899,0.9343065693430657,0.7058823529411765
2,2,94,0.11371125280857086,1.538916826248169,0.948905109489051,0.7058823529411765
2,2,95,0.12662373483181,1.5591379404067993,0.948905109489051,0.7058823529411765
2,2,96,0.12365034967660904,1.5577888488769531,0.9416058394160584,0.7058823529411765
2,2,97,0.12627814710140228,1.5459529161453247,0.9416058394160584,0.7058823529411765
2,2,98,0.12841995060443878,1.5296217203140259,0.948905109489051,0.7058823529411765
2,2,99,0.12051380425691605,1.5140868425369263,0.948905109489051,0.7058823529411765
2,2,100,0.14029932022094727,1.4964263439178467,0.9416058394160584,0.7058823529411765
2,3,1,0.7018638849258423,0.6861512064933777,0.2773722627737226,0.7352941176470589
2,3,2,0.687334418296814,0.6713581085205078,0.7226277372262774,0.7352941176470589
2,3,3,0.6739095449447632,0.6572508811950684,0.7226277372262774,0.7352941176470589
2,3,4,0.6611573100090027,0.64216148853302,0.7226277372262774,0.7352941176470589
2,3,5,0.646323025226593,0.6255378723144531,0.7226277372262774,0.7352941176470589
2,3,6,0.6311725974082947,0.6082220077514648,0.7226277372262774,0.7352941176470589
2,3,7,0.6164435148239136,0.5911577343940735,0.7226277372262774,0.7352941176470589
2,3,8,0.5994437336921692,0.5765179991722107,0.7226277372262774,0.7352941176470589
2,3,9,0.5885007381439209,0.5671876072883606,0.7226277372262774,0.7352941176470589
2,3,10,0.5835310816764832,0.5654525756835938,0.7226277372262774,0.7352941176470589
2,3,11,0.5804234743118286,0.5683256983757019,0.7226277372262774,0.7352941176470589
2,3,12,0.5838996171951294,0.5695211291313171,0.7226277372262774,0.7352941176470589
2,3,13,0.5840058922767639,0.566312849521637,0.7226277372262774,0.7352941176470589
2,3,14,0.5807363390922546,0.5602173209190369,0.7226277372262774,0.7352941176470589
2,3,15,0.5768244862556458,0.5537273287773132,0.7226277372262774,0.7352941176470589
2,3,16,0.5711457133293152,0.5483937859535217,0.7226277372262774,0.7352941176470589
2,3,17,0.5662367343902588,0.545010507106781,0.7226277372262774,0.7352941176470589
2,3,18,0.5617431998252869,0.5432729125022888,0.7226277372262774,0.7352941176470589
2,3,19,0.5527033805847168,0.5421052575111389,0.7226277372262774,0.7352941176470589
2,3,20,0.554718554019928,0.5406557321548462,0.7226277372262774,0.7352941176470589
2,3,21,0.55254727602005,0.5382444262504578,0.7226277372262774,0.7352941176470589
2,3,22,0.5516374111175537,0.5344921350479126,0.7226277372262774,0.7352941176470589
2,3,23,0.5474426746368408,0.5294990539550781,0.7226277372262774,0.7352941176470589
2,3,24,0.5413516759872437,0.523495078086853,0.7226277372262774,0.7352941176470589
2,3,25,0.5323575735092163,0.5169810652732849,0.7226277372262774,0.7352941176470589
2,3,26,0.5268903374671936,0.5104907155036926,0.7226277372262774,0.7352941176470589
2,3,27,0.5270170569419861,0.5042992830276489,0.7226277372262774,0.7352941176470589
2,3,28,0.5170594453811646,0.49826323986053467,0.7226277372262774,0.7352941176470589
2,3,29,0.5126450657844543,0.4920114576816559,0.7299270072992701,0.7352941176470589
2,3,30,0.506392240524292,0.4852094054222107,0.7372262773722628,0.7352941176470589
2,3,31,0.4969000816345215,0.47758516669273376,0.7445255474452555,0.7352941176470589
2,3,32,0.49366024136543274,0.4691499173641205,0.7445255474452555,0.7352941176470589
2,3,33,0.47777873277664185,0.4602878987789154,0.7591240875912408,0.7352941176470589
2,3,34,0.47213366627693176,0.4516279101371765,0.7664233576642335,0.7352941176470589
2,3,35,0.46634891629219055,0.4436936676502228,0.7591240875912408,0.7647058823529411
2,3,36,0.445503830909729,0.4363895058631897,0.7664233576642335,0.7941176470588235
2,3,37,0.449003130197525,0.42926836013793945,0.781021897810219,0.7941176470588235
2,3,38,0.4422295391559601,0.4213255047798157,0.8102189781021898,0.7941176470588235
2,3,39,0.42765384912490845,0.4126458466053009,0.8102189781021898,0.7941176470588235
2,3,40,0.429795503616333,0.40432584285736084,0.7956204379562044,0.8235294117647058
2,3,41,0.407005250453949,0.39675745368003845,0.8029197080291971,0.8235294117647058
2,3,42,0.40895476937294006,0.3907012939453125,0.8029197080291971,0.8529411764705882
2,3,43,0.39536067843437195,0.38594987988471985,0.8102189781021898,0.8529411764705882
2,3,44,0.3881964683532715,0.3829798996448517,0.7956204379562044,0.8529411764705882
2,3,45,0.3812513053417206,0.3827648460865021,0.7956204379562044,0.8529411764705882
2,3,46,0.37458059191703796,0.3836883008480072,0.8248175182481752,0.8529411764705882
2,3,47,0.3693472445011139,0.38342946767807007,0.8175182481751825,0.8529411764705882
2,3,48,0.3672218322753906,0.38091346621513367,0.8248175182481752,0.8529411764705882
2,3,49,0.3450872600078583,0.38034650683403015,0.8394160583941606,0.8529411764705882
2,3,50,0.35529276728630066,0.3797509968280792,0.8540145985401459,0.8529411764705882
2,3,51,0.3421277105808258,0.3772636651992798,0.8540145985401459,0.8529411764705882
2,3,52,0.3403739631175995,0.3748522996902466,0.8686131386861314,0.8235294117647058
2,3,53,0.36686256527900696,0.37376028299331665,0.8175182481751825,0.8235294117647058
2,3,54,0.3375152051448822,0.37298303842544556,0.8467153284671532,0.8235294117647058
2,3,55,0.3463882505893707,0.3722965121269226,0.8394160583941606,0.8235294117647058
2,3,56,0.34930452704429626,0.373823881149292,0.8467153284671532,0.8235294117647058
2,3,57,0.3329413831233978,0.37891706824302673,0.8540145985401459,0.8235294117647058
2,3,58,0.31194648146629333,0.38415077328681946,0.8540145985401459,0.8235294117647058
2,3,59,0.31782132387161255,0.3878280520439148,0.8686131386861314,0.8235294117647058
2,3,60,0.2959003746509552,0.3941912353038788,0.8759124087591241,0.8235294117647058
2,3,61,0.28460493683815,0.3955574631690979,0.8978102189781022,0.8235294117647058
2,3,62,0.28057610988616943,0.394410640001297,0.8905109489051095,0.8235294117647058
2,3,63,0.28611433506011963,0.3953287899494171,0.9051094890510949,0.8235294117647058
2,3,64,0.30260539054870605,0.3961982727050781,0.8613138686131386,0.8235294117647058
2,3,65,0.31118401885032654,0.3979799449443817,0.8686131386861314,0.8235294117647058
2,3,66,0.28850969672203064,0.3998483121395111,0.8905109489051095,0.8235294117647058
2,3,67,0.2650442123413086,0.40306955575942993,0.8905109489051095,0.8235294117647058
2,3,68,0.27689483761787415,0.40528014302253723,0.8978102189781022,0.8235294117647058
2,3,69,0.25204095244407654,0.4089406430721283,0.9051094890510949,0.8235294117647058
2,3,70,0.2516091465950012,0.41220998764038086,0.8832116788321168,0.8235294117647058
2,3,71,0.25501272082328796,0.41642990708351135,0.8832116788321168,0.8235294117647058
2,3,72,0.24612228572368622,0.4193818271160126,0.8978102189781022,0.8235294117647058
2,3,73,0.24337175488471985,0.41925206780433655,0.8832116788321168,0.8235294117647058
2,3,74,0.2616307735443115,0.41786032915115356,0.8978102189781022,0.8235294117647058
2,3,75,0.21191726624965668,0.42120179533958435,0.9124087591240876,0.8235294117647058
2,3,76,0.2325887680053711,0.4241222143173218,0.9051094890510949,0.8235294117647058
2,3,77,0.21697957813739777,0.44049519300460815,0.927007299270073,0.8235294117647058
2,3,78,0.23393070697784424,0.4515444338321686,0.9197080291970803,0.8235294117647058
2,3,79,0.19132034480571747,0.4559006094932556,0.927007299270073,0.8235294117647058
2,3,80,0.20553438365459442,0.4606335461139679,0.9197080291970803,0.7941176470588235
2,3,81,0.1779005080461502,0.4717380404472351,0.9343065693430657,0.7941176470588235
2,3,82,0.1918371021747589,0.478503555059433,0.9343065693430657,0.7941176470588235
2,3,83,0.2068096548318863,0.4852709472179413,0.9051094890510949,0.7941176470588235
2,3,84,0.17856092751026154,0.499575674533844,0.9197080291970803,0.8235294117647058
2,3,85,0.18470850586891174,0.4990183413028717,0.9197080291970803,0.8235294117647058
2,3,86,0.16334228217601776,0.49372851848602295,0.927007299270073,0.7941176470588235
2,3,87,0.170358344912529,0.4985688626766205,0.9343065693430657,0.7941176470588235
2,3,88,0.17283384501934052,0.5043427348136902,0.9197080291970803,0.7941176470588235
2,3,89,0.17958103120326996,0.5132864713668823,0.9124087591240876,0.8235294117647058
2,3,90,0.16248677670955658,0.5206005573272705,0.9124087591240876,0.8235294117647058
2,3,91,0.1683630347251892,0.5327379703521729,0.9051094890510949,0.8235294117647058
2,3,92,0.15366095304489136,0.5409432649612427,0.9343065693430657,0.7941176470588235
2,3,93,0.15022316575050354,0.5572659373283386,0.9343065693430657,0.7941176470588235
2,3,94,0.13052749633789062,0.5789053440093994,0.9416058394160584,0.7941176470588235
2,3,95,0.1315111517906189,0.5946711897850037,0.9562043795620438,0.7941176470588235
2,3,96,0.1721690595149994,0.600492537021637,0.9343065693430657,0.7941176470588235
2,3,97,0.16316546499729156,0.5973007082939148,0.9197080291970803,0.7941176470588235
2,3,98,0.12207412719726562,0.5960604548454285,0.9343065693430657,0.7941176470588235
2,3,99,0.11144816130399704,0.600098192691803,0.948905109489051,0.7941176470588235
2,3,100,0.13658520579338074,0.6107984185218811,0.9635036496350365,0.7941176470588235
2,4,1,0.6829760670661926,0.6663267612457275,0.7226277372262774,0.7352941176470589
2,4,2,0.667468786239624,0.6523086428642273,0.7226277372262774,0.7352941176470589
2,4,3,0.653526246547699,0.6382635235786438,0.7226277372262774,0.7352941176470589
2,4,4,0.6390010714530945,0.6236409544944763,0.7226277372262774,0.7352941176470589
2,4,5,0.6242465972900391,0.6085279583930969,0.7226277372262774,0.7352941176470589
2,4,6,0.6083127856254578,0.594106912612915,0.7226277372262774,0.7352941176470589
2,4,7,0.5930781960487366,0.5826032757759094,0.7226277372262774,0.7352941176470589
2,4,8,0.5814253091812134,0.5768342018127441,0.7226277372262774,0.7352941176470589
2,4,9,0.5764992237091064,0.5785086154937744,0.7226277372262774,0.7352941176470589
2,4,10,0.5819330215454102,0.583135187625885,0.7226277372262774,0.7352941176470589
2,4,11,0.5800947546958923,0.584773600101471,0.7226277372262774,0.7352941176470589
2,4,12,0.5787937045097351,0.5816418528556824,0.7226277372262774,0.7352941176470589
2,4,13,0.5818449258804321,0.57535320520401,0.7226277372262774,0.7352941176470589
2,4,14,0.5666338801383972,0.5690271854400635,0.7226277372262774,0.7352941176470589
2,4,15,0.5571151375770569,0.5641061663627625,0.7226277372262774,0.7352941176470589
2,4,16,0.5568379759788513,0.5607593059539795,0.7226277372262774,0.7352941176470589
2,4,17,0.5504583120346069,0.5585219264030457,0.7226277372262774,0.7352941176470589
2,4,18,0.5441281199455261,0.5565764307975769,0.7226277372262774,0.7352941176470589
2,4,19,0.5426807403564453,0.554237961769104,0.7226277372262774,0.7352941176470589
2,4,20,0.543823778629303,0.5513384342193604,0.7226277372262774,0.7352941176470589
2,4,21,0.5365137457847595,0.5478063225746155,0.7226277372262774,0.7352941176470589
2,4,22,0.5305461287498474,0.5439879298210144,0.7226277372262774,0.7352941176470589
2,4,23,0.5222664475440979,0.5404124855995178,0.7226277372262774,0.7352941176470589
2,4,24,0.515350341796875,0.5375332832336426,0.7226277372262774,0.7352941176470589
2,4,25,0.508510172367096,0.5354072451591492,0.7299270072992701,0.7352941176470589
2,4,26,0.5061987638473511,0.5335479378700256,0.7372262773722628,0.7352941176470589
2,4,27,0.4933837652206421,0.5311131477355957,0.7372262773722628,0.7352941176470589
2,4,28,0.4852418601512909,0.5272331237792969,0.7372262773722628,0.7352941176470589
2,4,29,0.47741419076919556,0.5215622186660767,0.7372262773722628,0.7352941176470589
2,4,30,0.4678072929382324,0.5146191716194153,0.7372262773722628,0.7352941176470589
2,4,31,0.4567118287086487,0.5074440836906433,0.7664233576642335,0.7647058823529411
2,4,32,0.45016157627105713,0.500515341758728,0.781021897810219,0.7647058823529411
2,4,33,0.4347887635231018,0.4943488538265228,0.7956204379562044,0.7352941176470589
2,4,34,0.4376353323459625,0.4895062744617462,0.8102189781021898,0.7352941176470589
2,4,35,0.42685210704803467,0.4869917035102844,0.8102189781021898,0.7352941176470589
2,4,36,0.41875746846199036,0.4866744875907898,0.8175182481751825,0.7647058823529411
2,4,37,0.401235967874527,0.48869526386260986,0.8467153284671532,0.7647058823529411
2,4,38,0.4044627547264099,0.4909537136554718,0.8321167883211679,0.7352941176470589
2,4,39,0.3842315077781677,0.49224260449409485,0.8467153284671532,0.7352941176470589
2,4,40,0.385605126619339,0.4906136095523834,0.8394160583941606,0.7352941176470589
2,4,41,0.37397444248199463,0.4867739975452423,0.8321167883211679,0.7352941176470589
2,4,42,0.370413213968277,0.4824560284614563,0.8248175182481752,0.7941176470588235
2,4,43,0.35756248235702515,0.483917236328125,0.8540145985401459,0.7941176470588235
2,4,44,0.3553735315799713,0.4946463406085968,0.8613138686131386,0.7941176470588235
2,4,45,0.34129077196121216,0.5098977088928223,0.8540145985401459,0.7941176470588235
2,4,46,0.3426979184150696,0.5257964730262756,0.8321167883211679,0.7941176470588235
2,4,47,0.3324606120586395,0.5428395867347717,0.8613138686131386,0.7941176470588235
2,4,48,0.3201809525489807,0.5531572103500366,0.8613138686131386,0.7941176470588235
2,4,49,0.3171481788158417,0.5566250085830688,0.8613138686131386,0.7941176470588235
2,4,50,0.3122518062591553,0.5636819005012512,0.8540145985401459,0.7941176470588235
2,4,51,0.315314918756485,0.5825932025909424,0.8540145985401459,0.7941176470588235
2,4,52,0.31677576899528503,0.6134268045425415,0.8686131386861314,0.7941176470588235
2,4,53,0.3000563979148865,0.6436492800712585,0.8759124087591241,0.7647058823529411
2,4,54,0.2949773967266083,0.6572995781898499,0.8759124087591241,0.7352941176470589
2,4,55,0.2638765573501587,0.6494731307029724,0.8832116788321168,0.7352941176470589
2,4,56,0.28206953406333923,0.6535460352897644,0.8905109489051095,0.7352941176470589
2,4,57,0.3055287301540375,0.6677144765853882,0.8832116788321168,0.7352941176470589
2,4,58,0.2622050940990448,0.6873392462730408,0.8978102189781022,0.7352941176470589
2,4,59,0.263131707906723,0.709709644317627,0.8905109489051095,0.7058823529411765
2,4,60,0.25698140263557434,0.7270658016204834,0.8905109489051095,0.7058823529411765
2,4,61,0.25470349192619324,0.722443163394928,0.8905109489051095,0.7058823529411765
2,4,62,0.26226794719696045,0.7133011221885681,0.8978102189781022,0.7352941176470589
2,4,63,0.24468578398227692,0.7256136536598206,0.9197080291970803,0.7352941176470589
2,4,64,0.2747913599014282,0.7681803703308105,0.8832116788321168,0.7058823529411765
2,4,65,0.22172847390174866,0.8049638271331787,0.9124087591240876,0.7352941176470589
2,4,66,0.2324567437171936,0.7948428392410278,0.9051094890510949,0.7352941176470589
2,4,67,0.24447792768478394,0.7530482411384583,0.9124087591240876,0.7058823529411765
2,4,68,0.2250201553106308,0.7391083836555481,0.9051094890510949,0.7352941176470589
2,4,69,0.19223995506763458,0.7667751312255859,0.9197080291970803,0.7352941176470589
2,4,70,0.2166154533624649,0.8079930543899536,0.9197080291970803,0.7058823529411765
2,4,71,0.22922177612781525,0.8080437779426575,0.8905109489051095,0.7058823529411765
2,4,72,0.18590988218784332,0.7878448367118835,0.9124087591240876,0.7058823529411765
2,4,73,0.2183387577533722,0.7737196683883667,0.8978102189781022,0.7352941176470589
2,4,74,0.21489258110523224,0.7844123840332031,0.9051094890510949,0.7352941176470589
2,4,75,0.1962718963623047,0.8373997807502747,0.9124087591240876,0.7058823529411765
2,4,76,0.21593564748764038,0.8930763602256775,0.9051094890510949,0.7058823529411765
2,4,77,0.24541351199150085,0.8674066066741943,0.8832116788321168,0.7058823529411765
2,4,78,0.20107798278331757,0.8212745189666748,0.9197080291970803,0.7647058823529411
2,4,79,0.16096442937850952,0.8245386481285095,0.9343065693430657,0.7352941176470589
2,4,80,0.1775132119655609,0.8499136567115784,0.9197080291970803,0.7647058823529411
2,4,81,0.17551463842391968,0.9229662418365479,0.9343065693430657,0.7352941176470589
2,4,82,0.17854927480220795,1.0208499431610107,0.9197080291970803,0.7352941176470589
2,4,83,0.2230258584022522,1.0007802248001099,0.8978102189781022,0.7058823529411765
2,4,84,0.17244336009025574,0.9294009208679199,0.9416058394160584,0.7647058823529411
2,4,85,0.1888917237520218,0.893441915512085,0.9124087591240876,0.7647058823529411
2,4,86,0.18490396440029144,0.904900074005127,0.9124087591240876,0.7647058823529411
2,4,87,0.16431181132793427,0.9254648685455322,0.9343065693430657,0.7647058823529411
2,4,88,0.1870180070400238,0.9775009155273438,0.8978102189781022,0.7647058823529411
2,4,89,0.13920298218727112,1.0010559558868408,0.9343065693430657,0.7647058823529411
2,4,90,0.1352122277021408,0.9825637936592102,0.9562043795620438,0.7647058823529411
2,4,91,0.15566234290599823,0.9551647305488586,0.9343065693430657,0.7647058823529411
2,4,92,0.1330115795135498,0.9550060033798218,0.948905109489051,0.7647058823529411
2,4,93,0.1529299020767212,0.9902432560920715,0.9197080291970803,0.7647058823529411
2,4,94,0.1676950305700302,1.0156744718551636,0.9124087591240876,0.7647058823529411
2,4,95,0.15733842551708221,1.035907506942749,0.9343065693430657,0.7647058823529411
2,4,96,0.15204137563705444,1.0188685655593872,0.9416058394160584,0.7647058823529411
2,4,97,0.15099406242370605,1.0207263231277466,0.927007299270073,0.7647058823529411
2,4,98,0.1251021772623062,1.0159434080123901,0.9416058394160584,0.7352941176470589
2,4,99,0.12344193458557129,1.048757791519165,0.9416058394160584,0.7352941176470589
2,4,100,0.13646039366722107,1.1060534715652466,0.9343065693430657,0.7352941176470589
2,5,1,0.7018978595733643,0.685681939125061,0.27007299270072993,0.7058823529411765
2,5,2,0.6858588457107544,0.6725072264671326,0.7299270072992701,0.7058823529411765
2,5,3,0.6727408170700073,0.6596381068229675,0.7299270072992701,0.7058823529411765
2,5,4,0.6572050452232361,0.6455401182174683,0.7299270072992701,0.7058823529411765
2,5,5,0.6428554058074951,0.6301316618919373,0.7299270072992701,0.7058823529411765
2,5,6,0.6256393194198608,0.6144677400588989,0.7299270072992701,0.7058823529411765
2,5,7,0.6077743768692017,0.6004619002342224,0.7299270072992701,0.7058823529411765
2,5,8,0.5909772515296936,0.5913127064704895,0.7299270072992701,0.7058823529411765
2,5,9,0.5812432169914246,0.5899973511695862,0.7299270072992701,0.7058823529411765
2,5,10,0.5743617415428162,0.5960503220558167,0.7299270072992701,0.7058823529411765
2,5,11,0.5769275426864624,0.6032352447509766,0.7299270072992701,0.7058823529411765
2,5,12,0.5833641290664673,0.6044467687606812,0.7299270072992701,0.7058823529411765
2,5,13,0.5796149969100952,0.5992224216461182,0.7299270072992701,0.7058823529411765
2,5,14,0.5750525593757629,0.5904514193534851,0.7299270072992701,0.7058823529411765
2,5,15,0.5671125054359436,0.5813149213790894,0.7299270072992701,0.7058823529411765
2,5,16,0.5636456608772278,0.5739730596542358,0.7299270072992701,0.7058823529411765
2,5,17,0.5556862354278564,0.5691282153129578,0.7299270072992701,0.7058823529411765
2,5,18,0.551445722579956,0.5662572383880615,0.7299270072992701,0.7058823529411765
2,5,19,0.5495719909667969,0.5643334984779358,0.7299270072992701,0.7058823529411765
2,5,20,0.5464597940444946,0.5623121857643127,0.7299270072992701,0.7058823529411765
2,5,21,0.5415695309638977,0.5595882534980774,0.7299270072992701,0.7058823529411765
2,5,22,0.5411364436149597,0.5559126138687134,0.7299270072992701,0.7058823529411765
2,5,23,0.5376483798027039,0.5512521266937256,0.7299270072992701,0.7058823529411765
2,5,24,0.5309342741966248,0.54573655128479,0.7299270072992701,0.7058823529411765
2,5,25,0.5254371762275696,0.5397656559944153,0.7372262773722628,0.7058823529411765
2,5,26,0.5168955326080322,0.5336840748786926,0.7372262773722628,0.7058823529411765
2,5,27,0.5099917054176331,0.5277776718139648,0.7445255474452555,0.7058823529411765
2,5,28,0.5027928352355957,0.5218309760093689,0.7372262773722628,0.7058823529411765
2,5,29,0.4983659088611603,0.5152699947357178,0.7445255474452555,0.7058823529411765
2,5,30,0.49423500895500183,0.5076634883880615,0.7445255474452555,0.7058823529411765
2,5,31,0.48656323552131653,0.4992700517177582,0.7518248175182481,0.7058823529411765
2,5,32,0.47901827096939087,0.4907931685447693,0.7518248175182481,0.7647058823529411
2,5,33,0.46628642082214355,0.48326796293258667,0.7664233576642335,0.7647058823529411
2,5,34,0.4581090807914734,0.4768657684326172,0.781021897810219,0.7352941176470589
2,5,35,0.45217952132225037,0.47019681334495544,0.7956204379562044,0.7352941176470589
2,5,36,0.4466635584831238,0.46223706007003784,0.8029197080291971,0.7058823529411765
2,5,37,0.4410320818424225,0.4522435963153839,0.7956204379562044,0.7352941176470589
2,5,38,0.42944633960723877,0.44087809324264526,0.8029197080291971,0.8235294117647058
2,5,39,0.4223365783691406,0.4297201931476593,0.7956204379562044,0.8235294117647058
2,5,40,0.40192410349845886,0.4194077253341675,0.8248175182481752,0.8529411764705882
2,5,41,0.3998177945613861,0.4112042784690857,0.7956204379562044,0.8529411764705882
2,5,42,0.4028494656085968,0.4064696133136749,0.8175182481751825,0.8235294117647058
2,5,43,0.37812575697898865,0.40755611658096313,0.8029197080291971,0.7941176470588235
2,5,44,0.39008471369743347,0.4111621379852295,0.8102189781021898,0.7941176470588235
2,5,45,0.3718438744544983,0.4160624146461487,0.8248175182481752,0.7941176470588235
2,5,46,0.35694223642349243,0.4175947308540344,0.8467153284671532,0.7941176470588235
2,5,47,0.36265653371810913,0.4141325354576111,0.8175182481751825,0.7941176470588235
2,5,48,0.338209867477417,0.4123707115650177,0.8467153284671532,0.7941176470588235
2,5,49,0.3554989993572235,0.4141322672367096,0.8394160583941606,0.7941176470588235
2,5,50,0.3507477343082428,0.4169408082962036,0.8467153284671532,0.7941176470588235
2,5,51,0.3502516448497772,0.4211157262325287,0.8613138686131386,0.7941176470588235
2,5,52,0.34216901659965515,0.4261263906955719,0.8394160583941606,0.7941176470588235
2,5,53,0.32172489166259766,0.43187981843948364,0.8613138686131386,0.7941176470588235
2,5,54,0.3147256672382355,0.43579861521720886,0.8686131386861314,0.7941176470588235
2,5,55,0.32416078448295593,0.436120867729187,0.8686131386861314,0.7941176470588235
2,5,56,0.3215593695640564,0.4313073754310608,0.8540145985401459,0.7941176470588235
2,5,57,0.31142908334732056,0.42860445380210876,0.8686131386861314,0.7941176470588235
2,5,58,0.2954195737838745,0.4298675060272217,0.8832116788321168,0.7941176470588235
2,5,59,0.26126420497894287,0.43640509247779846,0.8832116788321168,0.7941176470588235
2,5,60,0.29241371154785156,0.44402527809143066,0.8686131386861314,0.7941176470588235
2,5,61,0.27672407031059265,0.4423980414867401,0.8759124087591241,0.7941176470588235
2,5,62,0.28139930963516235,0.4360184371471405,0.8686131386861314,0.8235294117647058
2,5,63,0.2613460123538971,0.4370155930519104,0.8759124087591241,0.7941176470588235
2,5,64,0.28003859519958496,0.4381938874721527,0.8905109489051095,0.7941176470588235
2,5,65,0.25830766558647156,0.4404551088809967,0.8978102189781022,0.7941176470588235
2,5,66,0.24480022490024567,0.44316497445106506,0.9051094890510949,0.8235294117647058
2,5,67,0.23146824538707733,0.44932791590690613,0.9051094890510949,0.8529411764705882
2,5,68,0.235124871134758,0.44926708936691284,0.9124087591240876,0.8235294117647058
2,5,69,0.23800235986709595,0.4462670385837555,0.8905109489051095,0.8235294117647058
2,5,70,0.244899719953537,0.4435145854949951,0.8686131386861314,0.7941176470588235
2,5,71,0.22637255489826202,0.448066383600235,0.9124087591240876,0.7941176470588235
2,5,72,0.22908024489879608,0.45528462529182434,0.9124087591240876,0.7941176470588235
2,5,73,0.21629616618156433,0.46477010846138,0.9051094890510949,0.8235294117647058
2,5,74,0.2130381166934967,0.47533684968948364,0.9197080291970803,0.8235294117647058
2,5,75,0.2179536521434784,0.47833481431007385,0.9051094890510949,0.8235294117647058
2,5,76,0.21559983491897583,0.46526768803596497,0.8905109489051095,0.7941176470588235
2,5,77,0.1894131898880005,0.4644452929496765,0.9051094890510949,0.7941176470588235
2,5,78,0.2137426733970642,0.4688623249530792,0.8905109489051095,0.7941176470588235
2,5,79,0.2041264921426773,0.48299452662467957,0.9051094890510949,0.8235294117647058
2,5,80,0.20188525319099426,0.4822857677936554,0.9197080291970803,0.8235294117647058
2,5,81,0.15713754296302795,0.46461111307144165,0.9343065693430657,0.8235294117647058
2,5,82,0.17425815761089325,0.4554084241390228,0.927007299270073,0.8235294117647058
2,5,83,0.17572283744812012,0.4541487395763397,0.9343065693430657,0.8235294117647058
2,5,84,0.15282520651817322,0.4565954804420471,0.9416058394160584,0.7941176470588235
2,5,85,0.16911818087100983,0.47110360860824585,0.927007299270073,0.7941176470588235
2,5,86,0.14631474018096924,0.4802118241786957,0.9343065693430657,0.7941176470588235
2,5,87,0.14008985459804535,0.4961297810077667,0.927007299270073,0.8235294117647058
2,5,88,0.1542128622531891,0.4941839873790741,0.927007299270073,0.7941176470588235
2,5,89,0.11947517842054367,0.5008471608161926,0.9635036496350365,0.7941176470588235
2,5,90,0.125026673078537,0.5199873447418213,0.9416058394160584,0.7941176470588235
2,5,91,0.12479700148105621,0.5596538186073303,0.9343065693430657,0.7941176470588235
2,5,92,0.14350979030132294,0.5588091611862183,0.927007299270073,0.7647058823529411
2,5,93,0.14172804355621338,0.5255339741706848,0.948905109489051,0.7941176470588235
2,5,94,0.1449844390153885,0.5237603783607483,0.9416058394160584,0.7941176470588235
2,5,95,0.15014231204986572,0.539871335029602,0.9124087591240876,0.7941176470588235
2,5,96,0.12473778426647186,0.5718764066696167,0.927007299270073,0.7941176470588235
2,5,97,0.12014870345592499,0.5971347689628601,0.9416058394160584,0.7647058823529411
2,5,98,0.10504768788814545,0.61260986328125,0.9635036496350365,0.7647058823529411
2,5,99,0.13315574824810028,0.6128059029579163,0.9343065693430657,0.7647058823529411
2,5,100,0.11519329994916916,0.62277752161026,0.927007299270073,0.7941176470588235
3,1,1,0.6880320906639099,0.6745009422302246,0.7426470588235294,0.7142857142857143
3,1,2,0.6734405755996704,0.6620661020278931,0.7279411764705882,0.7142857142857143
3,1,3,0.6602576971054077,0.649755597114563,0.7279411764705882,0.7142857142857143
3,1,4,0.6480851769447327,0.6363919377326965,0.7279411764705882,0.7142857142857143
3,1,5,0.6330453753471375,0.6219272613525391,0.7279411764705882,0.7142857142857143
3,1,6,0.6180129647254944,0.6073521375656128,0.7279411764705882,0.7142857142857143
3,1,7,0.6038792729377747,0.5941559672355652,0.7279411764705882,0.7142857142857143
3,1,8,0.5909821391105652,0.5849448442459106,0.7279411764705882,0.7142857142857143
3,1,9,0.5772044062614441,0.5824024081230164,0.7279411764705882,0.7142857142857143
3,1,10,0.5765958428382874,0.5864514112472534,0.7279411764705882,0.7142857142857143
3,1,11,0.5740897059440613,0.5918259620666504,0.7279411764705882,0.7142857142857143
3,1,12,0.5787000060081482,0.5930988192558289,0.7279411764705882,0.7142857142857143
3,1,13,0.579283595085144,0.5896802544593811,0.7279411764705882,0.7142857142857143
3,1,14,0.5751926302909851,0.584239661693573,0.7279411764705882,0.7142857142857143
3,1,15,0.5616378784179688,0.5793644189834595,0.7279411764705882,0.7142857142857143
3,1,16,0.5582184791564941,0.576076865196228,0.7279411764705882,0.7142857142857143
3,1,17,0.5506325364112854,0.5744749903678894,0.7279411764705882,0.7142857142857143
3,1,18,0.5514110326766968,0.5739331841468811,0.7279411764705882,0.7142857142857143
3,1,19,0.5460130572319031,0.5737482309341431,0.7279411764705882,0.7142857142857143
3,1,20,0.5408291816711426,0.5733792185783386,0.7279411764705882,0.7142857142857143
3,1,21,0.538113534450531,0.5724765062332153,0.7279411764705882,0.7142857142857143
3,1,22,0.533938467502594,0.5711373090744019,0.7279411764705882,0.7142857142857143
3,1,23,0.5278341770172119,0.5696491003036499,0.7279411764705882,0.7142857142857143
3,1,24,0.5209885239601135,0.5683324337005615,0.7279411764705882,0.7142857142857143
3,1,25,0.5146283507347107,0.5676290392875671,0.7279411764705882,0.7142857142857143
3,1,26,0.5077003240585327,0.5675604939460754,0.7279411764705882,0.7142857142857143
3,1,27,0.5026147365570068,0.5679183006286621,0.7279411764705882,0.7142857142857143
3,1,28,0.4971480667591095,0.568214476108551,0.7279411764705882,0.7142857142857143
3,1,29,0.4848605990409851,0.5681423544883728,0.7279411764705882,0.7142857142857143
3,1,30,0.48188522458076477,0.5674801468849182,0.7279411764705882,0.7142857142857143
3,1,31,0.47450941801071167,0.5664170384407043,0.7279411764705882,0.7142857142857143
3,1,32,0.46071764826774597,0.5653051733970642,0.7426470588235294,0.7428571428571429
3,1,33,0.45410478115081787,0.563910961151123,0.75,0.7142857142857143
3,1,34,0.4503099322319031,0.5623055696487427,0.7720588235294118,0.6571428571428571
3,1,35,0.4439133107662201,0.5601468086242676,0.8014705882352942,0.6285714285714286
3,1,36,0.43522846698760986,0.5583518743515015,0.8235294117647058,0.6285714285714286
3,1,37,0.4331252872943878,0.5574895739555359,0.8088235294117647,0.6285714285714286
3,1,38,0.42233365774154663,0.5574779510498047,0.8455882352941176,0.6285714285714286
3,1,39,0.4216175973415375,0.5576345324516296,0.8088235294117647,0.6285714285714286
3,1,40,0.4083712697029114,0.5568066239356995,0.8235294117647058,0.6571428571428571
3,1,41,0.40809446573257446,0.5548833608627319,0.7941176470588235,0.6571428571428571
3,1,42,0.3946559727191925,0.5513337254524231,0.8308823529411765,0.6571428571428571
3,1,43,0.39943286776542664,0.5476352572441101,0.8014705882352942,0.6857142857142857
3,1,44,0.37891510128974915,0.5444032549858093,0.8602941176470589,0.6571428571428571
3,1,45,0.37611138820648193,0.5415425896644592,0.8382352941176471,0.6857142857142857
3,1,46,0.3667808771133423,0.5388790965080261,0.8308823529411765,0.7428571428571429
3,1,47,0.3650438189506531,0.5374913811683655,0.8235294117647058,0.7142857142857143
3,1,48,0.3630792498588562,0.5369844436645508,0.8308823529411765,0.7142857142857143
3,1,49,0.3529914617538452,0.5372670292854309,0.8308823529411765,0.7142857142857143
3,1,50,0.33957865834236145,0.539360761642456,0.8455882352941176,0.7142857142857143
3,1,51,0.3401356339454651,0.544771671295166,0.8455882352941176,0.6857142857142857
3,1,52,0.3267744779586792,0.5519565939903259,0.8455882352941176,0.7142857142857143
3,1,53,0.3137708008289337,0.5590855479240417,0.8823529411764706,0.6857142857142857
3,1,54,0.30874788761138916,0.5648066997528076,0.8602941176470589,0.7142857142857143
3,1,55,0.3002321422100067,0.5640072226524353,0.8676470588235294,0.6857142857142857
3,1,56,0.2826145887374878,0.5585001707077026,0.8823529411764706,0.6571428571428571
3,1,57,0.2943199574947357,0.5582705140113831,0.8602941176470589,0.6857142857142857
3,1,58,0.2698003053665161,0.562527596950531,0.8970588235294118,0.6857142857142857
3,1,59,0.27054864168167114,0.5707491040229797,0.8823529411764706,0.7142857142857143
3,1,60,0.2549310326576233,0.5752273797988892,0.8970588235294118,0.7142857142857143
3,1,61,0.28005141019821167,0.5784401893615723,0.8823529411764706,0.7142857142857143
3,1,62,0.23166266083717346,0.5829917788505554,0.9117647058823529,0.7428571428571429
3,1,63,0.23290465772151947,0.5801814794540405,0.8897058823529411,0.7428571428571429
3,1,64,0.2425619512796402,0.5806808471679688,0.8970588235294118,0.7428571428571429
3,1,65,0.24145479500293732,0.5868420004844666,0.9044117647058824,0.7428571428571429
3,1,66,0.2125241607427597,0.5952673554420471,0.9264705882352942,0.7428571428571429
3,1,67,0.20832714438438416,0.6018741726875305,0.9338235294117647,0.7714285714285715
3,1,68,0.2007712721824646,0.616453230381012,0.9338235294117647,0.7428571428571429
3,1,69,0.2223142683506012,0.6176937818527222,0.9044117647058824,0.7428571428571429
3,1,70,0.20229531824588776,0.6031559705734253,0.9264705882352942,0.7714285714285715
3,1,71,0.20483936369419098,0.599604606628418,0.9264705882352942,0.7428571428571429
3,1,72,0.25485527515411377,0.6185060739517212,0.8676470588235294,0.7428571428571429
3,1,73,0.18939924240112305,0.6424285173416138,0.9191176470588235,0.7714285714285715
3,1,74,0.17799809575080872,0.6507856249809265,0.9264705882352942,0.7428571428571429
3,1,75,0.18793152272701263,0.648030698299408,0.9264705882352942,0.7714285714285715
3,1,76,0.18515226244926453,0.6457169651985168,0.9191176470588235,0.7714285714285715
3,1,77,0.2202543467283249,0.6494811773300171,0.8970588235294118,0.7714285714285715
3,1,78,0.17632852494716644,0.6794650554656982,0.9044117647058824,0.7428571428571429
3,1,79,0.1820727288722992,0.6934683918952942,0.9117647058823529,0.7428571428571429
3,1,80,0.1671876758337021,0.6764311194419861,0.9264705882352942,0.7714285714285715
3,1,81,0.15105372667312622,0.649200439453125,0.9338235294117647,0.7142857142857143
3,1,82,0.17675654590129852,0.6403895616531372,0.9117647058823529,0.7428571428571429
3,1,83,0.18941548466682434,0.6770798563957214,0.9191176470588235,0.7428571428571429
3,1,84,0.15789060294628143,0.7152822017669678,0.9191176470588235,0.7428571428571429
3,1,85,0.16251543164253235,0.7150123715400696,0.9264705882352942,0.7428571428571429
3,1,86,0.15622098743915558,0.6745830178260803,0.9338235294117647,0.7142857142857143
3,1,87,0.14557230472564697,0.6621525287628174,0.9338235294117647,0.6857142857142857
3,1,88,0.15604905784130096,0.653529703617096,0.9117647058823529,0.7428571428571429
3,1,89,0.12845107913017273,0.7119924426078796,0.9632352941176471,0.7428571428571429
3,1,90,0.13885918259620667,0.737547755241394,0.9485294117647058,0.7714285714285715
3,1,91,0.17582158744335175,0.7126301527023315,0.9044117647058824,0.7428571428571429
3,1,92,0.12830905616283417,0.6879382133483887,0.9411764705882353,0.7428571428571429
3,1,93,0.13643933832645416,0.685748815536499,0.9191176470588235,0.7428571428571429
3,1,94,0.1363842636346817,0.6766240000724792,0.9338235294117647,0.7428571428571429
3,1,95,0.13148033618927002,0.7057160139083862,0.9485294117647058,0.7714285714285715
3,1,96,0.20112617313861847,0.7111937999725342,0.9264705882352942,0.7428571428571429
3,1,97,0.1381436139345169,0.7297652959823608,0.9338235294117647,0.7428571428571429
3,1,98,0.1482190638780594,0.7485501766204834,0.9411764705882353,0.7428571428571429
3,1,99,0.1168854832649231,0.7713212370872498,0.9485294117647058,0.7428571428571429
3,1,100,0.14422187209129333,0.7709991335868835,0.9338235294117647,0.8
3,2,1,0.6798620223999023,0.6673828363418579,0.7299270072992701,0.7058823529411765
3,2,2,0.6639012098312378,0.6535144448280334,0.7299270072992701,0.7058823529411765
3,2,3,0.6487311720848083,0.6398938298225403,0.7299270072992701,0.7058823529411765
3,2,4,0.6314983367919922,0.6265590786933899,0.7299270072992701,0.7058823529411765
3,2,5,0.6142784953117371,0.6143123507499695,0.7299270072992701,0.7058823529411765
3,2,6,0.6003298759460449,0.6057516932487488,0.7299270072992701,0.7058823529411765
3,2,7,0.5828964710235596,0.6040857434272766,0.7299270072992701,0.7058823529411765
3,2,8,0.5758659243583679,0.6110793948173523,0.7299270072992701,0.7058823529411765
3,2,9,0.5734276175498962,0.6225243806838989,0.7299270072992701,0.7058823529411765
3,2,10,0.5766121745109558,0.6287974119186401,0.7299270072992701,0.7058823529411765
3,2,11,0.5828003287315369,0.6255995631217957,0.7299270072992701,0.7058823529411765
3,2,12,0.576904833316803,0.6160930395126343,0.7299270072992701,0.7058823529411765
3,2,13,0.5703860521316528,0.6048901677131653,0.7299270072992701,0.7058823529411765
3,2,14,0.5626131296157837,0.5949493646621704,0.7299270072992701,0.7058823529411765
3,2,15,0.5563979148864746,0.5874192714691162,0.7299270072992701,0.7058823529411765
3,2,16,0.549411416053772,0.5823855996131897,0.7299270072992701,0.7058823529411765
3,2,17,0.5493915677070618,0.5788417458534241,0.7299270072992701,0.7058823529411765
3,2,18,0.5456352233886719,0.5759057402610779,0.7299270072992701,0.7058823529411765
3,2,19,0.543880820274353,0.5729094743728638,0.7299270072992701,0.7058823529411765
3,2,20,0.5423359274864197,0.5696185827255249,0.7299270072992701,0.7058823529411765
3,2,21,0.5326093435287476,0.5661396980285645,0.7299270072992701,0.7058823529411765
3,2,22,0.5301105976104736,0.5626809000968933,0.7299270072992701,0.7058823529411765
3,2,23,0.5262209177017212,0.5596020221710205,0.7299270072992701,0.7058823529411765
3,2,24,0.5151882767677307,0.557131826877594,0.7299270072992701,0.7058823529411765
3,2,25,0.5103685259819031,0.5551483035087585,0.7299270072992701,0.7058823529411765
3,2,26,0.5054299235343933,0.5531373023986816,0.7299270072992701,0.7058823529411765
3,2,27,0.5028968453407288,0.5503440499305725,0.7299270072992701,0.7058823529411765
3,2,28,0.4956342577934265,0.5462136268615723,0.7299270072992701,0.7058823529411765
3,2,29,0.4896199107170105,0.5408623218536377,0.7299270072992701,0.7058823529411765
3,2,30,0.4798935353755951,0.534945547580719,0.7299270072992701,0.7058823529411765
3,2,31,0.4727945327758789,0.5293824672698975,0.7372262773722628,0.7058823529411765
3,2,32,0.46885713934898376,0.5246462821960449,0.7445255474452555,0.7058823529411765
3,2,33,0.4552547335624695,0.5208925604820251,0.7664233576642335,0.7058823529411765
3,2,34,0.45175716280937195,0.5182623267173767,0.781021897810219,0.7058823529411765
3,2,35,0.44727927446365356,0.5164504647254944,0.7883211678832117,0.7058823529411765
3,2,36,0.4339011013507843,0.515922486782074,0.7956204379562044,0.7352941176470589
3,2,37,0.43247517943382263,0.5166438221931458,0.7956204379562044,0.7352941176470589
3,2,38,0.4232082962989807,0.5180686712265015,0.8029197080291971,0.7058823529411765
3,2,39,0.4153155982494354,0.5191352963447571,0.8029197080291971,0.7352941176470589
3,2,40,0.4082580804824829,0.5195200443267822,0.8321167883211679,0.7647058823529411
3,2,41,0.41242122650146484,0.519098162651062,0.8321167883211679,0.7647058823529411
3,2,42,0.38664233684539795,0.5182194709777832,0.8175182481751825,0.7647058823529411
3,2,43,0.3964153230190277,0.517564594745636,0.8102189781021898,0.7352941176470589
3,2,44,0.3913784623146057,0.51747727394104,0.8029197080291971,0.7647058823529411
3,2,45,0.37319299578666687,0.5182383060455322,0.8321167883211679,0.7647058823529411
3,2,46,0.3627152740955353,0.5193009972572327,0.8467153284671532,0.7647058823529411
3,2,47,0.36490023136138916,0.5213943123817444,0.8394160583941606,0.7647058823529411
3,2,48,0.3549234867095947,0.5251571536064148,0.8467153284671532,0.7647058823529411
3,2,49,0.36964911222457886,0.526798665523529,0.8321167883211679,0.7647058823529411
3,2,50,0.3421030044555664,0.5273700952529907,0.8394160583941606,0.7647058823529411
3,2,51,0.3296525180339813,0.5304405093193054,0.8686131386861314,0.7647058823529411
3,2,52,0.3100426495075226,0.5344043970108032,0.8686131386861314,0.7647058823529411
3,2,53,0.31945866346359253,0.5394666790962219,0.8613138686131386,0.7647058823529411
3,2,54,0.30804502964019775,0.5453764796257019,0.8540145985401459,0.7647058823529411
3,2,55,0.3115474283695221,0.5464593172073364,0.8759124087591241,0.7647058823529411
3,2,56,0.27211278676986694,0.548878014087677,0.8613138686131386,0.7941176470588235
3,2,57,0.27030616998672485,0.5515226125717163,0.8832116788321168,0.7647058823529411
3,2,58,0.2943253517150879,0.5520301461219788,0.8467153284671532,0.7941176470588235
3,2,59,0.2629675567150116,0.551023006439209,0.8540145985401459,0.7941176470588235
3,2,60,0.2580096423625946,0.5573269724845886,0.8905109489051095,0.8235294117647058
3,2,61,0.22306576371192932,0.5582222938537598,0.9197080291970803,0.8235294117647058
3,2,62,0.24777176976203918,0.5533392429351807,0.8905109489051095,0.7647058823529411
3,2,63,0.22331126034259796,0.5590491890907288,0.9197080291970803,0.7941176470588235
3,2,64,0.23274803161621094,0.5563069581985474,0.8978102189781022,0.7941176470588235
3,2,65,0.21909062564373016,0.5705065131187439,0.9051094890510949,0.7647058823529411
3,2,66,0.21580153703689575,0.5738961696624756,0.9124087591240876,0.7647058823529411
3,2,67,0.20200011134147644,0.5725201964378357,0.9051094890510949,0.7941176470588235
3,2,68,0.21558907628059387,0.591749906539917,0.9124087591240876,0.7352941176470589
3,2,69,0.21086981892585754,0.5986819863319397,0.9197080291970803,0.7352941176470589
3,2,70,0.2097587138414383,0.6013622879981995,0.9124087591240876,0.7941176470588235
3,2,71,0.17502634227275848,0.6373017430305481,0.9343065693430657,0.7058823529411765
3,2,72,0.22658121585845947,0.625312864780426,0.8978102189781022,0.7352941176470589
3,2,73,0.16592095792293549,0.6200734376907349,0.9197080291970803,0.7941176470588235
3,2,74,0.20420818030834198,0.643659234046936,0.9124087591240876,0.7352941176470589
3,2,75,0.18859727680683136,0.6270996928215027,0.9124087591240876,0.7647058823529411
3,2,76,0.1750335842370987,0.6151531338691711,0.9124087591240876,0.7941176470588235
3,2,77,0.14207030832767487,0.6313509941101074,0.948905109489051,0.7352941176470589
3,2,78,0.16814769804477692,0.6324137449264526,0.9124087591240876,0.7058823529411765
3,2,79,0.1663304567337036,0.6296103596687317,0.927007299270073,0.7352941176470589
3,2,80,0.16052959859371185,0.6393088102340698,0.927007299270073,0.7352941176470589
3,2,81,0.1425885409116745,0.6415168046951294,0.9416058394160584,0.7941176470588235
3,2,82,0.14112485945224762,0.6484732031822205,0.948905109489051,0.7941176470588235
3,2,83,0.13260017335414886,0.6581876277923584,0.927007299270073,0.7941176470588235
3,2,84,0.13527114689350128,0.6636109352111816,0.9562043795620438,0.7941176470588235
3,2,85,0.1557692587375641,0.6617201566696167,0.9343065693430657,0.7941176470588235
3,2,86,0.16366572678089142,0.65617835521698,0.9124087591240876,0.7941176470588235
3,2,87,0.16554836928844452,0.6449006199836731,0.9343065693430657,0.7941176470588235
3,2,88,0.13596060872077942,0.6429917812347412,0.9343065693430657,0.7941176470588235
3,2,89,0.09541503340005875,0.6491400003433228,0.9708029197080292,0.7941176470588235
3,2,90,0.1570407599210739,0.658496618270874,0.9416058394160584,0.7647058823529411
3,2,91,0.1267537921667099,0.678128182888031,0.927007299270073,0.7647058823529411
3,2,92,0.12297429889440536,0.7013354897499084,0.9562043795620438,0.7647058823529411
3,2,93,0.14068545401096344,0.7146209478378296,0.9416058394160584,0.7647058823529411
3,2,94,0.11867936700582504,0.7201963663101196,0.9416058394160584,0.7941176470588235
3,2,95,0.1016319990158081,0.7271891236305237,0.9635036496350365,0.7941176470588235
3,2,96,0.13879577815532684,0.7276527285575867,0.927007299270073,0.7647058823529411
3,2,97,0.14110557734966278,0.7355397343635559,0.927007299270073,0.7352941176470589
3,2,98,0.11806304007768631,0.7256243228912354,0.9635036496350365,0.7647058823529411
3,2,99,0.09982206672430038,0.7212218046188354,0.9562043795620438,0.7647058823529411
3,2,100,0.10545863956212997,0.72353196144104,0.9562043795620438,0.7647058823529411
3,3,1,0.6976550221443176,0.682124674320221,0.29927007299270075,0.7352941176470589
3,3,2,0.6827019453048706,0.6683260202407837,0.7226277372262774,0.7352941176470589
3,3,3,0.6689468622207642,0.6544950008392334,0.7226277372262774,0.7352941176470589
3,3,4,0.6548044681549072,0.6393568515777588,0.7226277372262774,0.7352941176470589
3,3,5,0.6403441429138184,0.622872531414032,0.7226277372262774,0.7352941176470589
3,3,6,0.6253942251205444,0.6062211394309998,0.7226277372262774,0.7352941176470589
3,3,7,0.6051841378211975,0.5916193723678589,0.7226277372262774,0.7352941176470589
3,3,8,0.5928890705108643,0.5823318362236023,0.7226277372262774,0.7352941176470589
3,3,9,0.5825364589691162,0.5810999274253845,0.7226277372262774,0.7352941176470589
3,3,10,0.5820444822311401,0.5858708024024963,0.7226277372262774,0.7352941176470589
3,3,11,0.5822378396987915,0.58957439661026,0.7226277372262774,0.7352941176470589
3,3,12,0.5840948224067688,0.5885581970214844,0.7226277372262774,0.7352941176470589
3,3,13,0.5818562507629395,0.5836342573165894,0.7226277372262774,0.7352941176470589
3,3,14,0.5773513317108154,0.5774004459381104,0.7226277372262774,0.7352941176470589
3,3,15,0.5663957595825195,0.5720720291137695,0.7226277372262774,0.7352941176470589
3,3,16,0.5589584112167358,0.5685392022132874,0.7226277372262774,0.7352941176470589
3,3,17,0.5534968376159668,0.5665688514709473,0.7226277372262774,0.7352941176470589
3,3,18,0.5505101680755615,0.565329372882843,0.7226277372262774,0.7352941176470589
3,3,19,0.5508698225021362,0.5641037821769714,0.7226277372262774,0.7352941176470589
3,3,20,0.5430554151535034,0.5624760985374451,0.7226277372262774,0.7352941176470589
3,3,21,0.54155433177948,0.5604264140129089,0.7226277372262774,0.7352941176470589
3,3,22,0.5387932062149048,0.5583013892173767,0.7226277372262774,0.7352941176470589
3,3,23,0.5294743180274963,0.556468665599823,0.7226277372262774,0.7352941176470589
3,3,24,0.5202730298042297,0.5554698705673218,0.7226277372262774,0.7352941176470589
3,3,25,0.5156151652336121,0.5555388331413269,0.7226277372262774,0.7352941176470589
3,3,26,0.5106410980224609,0.5566154718399048,0.7226277372262774,0.7352941176470589
3,3,27,0.5016464591026306,0.5582581758499146,0.7226277372262774,0.7352941176470589
3,3,28,0.49522650241851807,0.5596798062324524,0.7226277372262774,0.7352941176470589
3,3,29,0.4878235459327698,0.5602832436561584,0.7226277372262774,0.7352941176470589
3,3,30,0.4804817736148834,0.5597310662269592,0.7226277372262774,0.7352941176470589
3,3,31,0.475065141916275,0.5583035945892334,0.7226277372262774,0.7352941176470589
3,3,32,0.46083685755729675,0.5570265650749207,0.7372262773722628,0.7352941176470589
3,3,33,0.4591980576515198,0.5565921068191528,0.7518248175182481,0.7647058823529411
3,3,34,0.4495706558227539,0.5574434399604797,0.7664233576642335,0.7647058823529411
3,3,35,0.4458503723144531,0.5597810745239258,0.7664233576642335,0.7352941176470589
3,3,36,0.43912360072135925,0.563992440700531,0.7956204379562044,0.7352941176470589
3,3,37,0.4337538778781891,0.5706148743629456,0.8175182481751825,0.7352941176470589
3,3,38,0.4212893843650818,0.5799047946929932,0.8321167883211679,0.7352941176470589
3,3,39,0.4135584533214569,0.5908650755882263,0.8102189781021898,0.7352941176470589
3,3,40,0.4054764211177826,0.6028205156326294,0.8321167883211679,0.7352941176470589
3,3,41,0.39707818627357483,0.6121500134468079,0.8394160583941606,0.7352941176470589
3,3,42,0.3930506110191345,0.616680383682251,0.8394160583941606,0.7352941176470589
3,3,43,0.39234527945518494,0.6198108792304993,0.8248175182481752,0.7352941176470589
3,3,44,0.38367536664009094,0.6230312585830688,0.8540145985401459,0.7352941176470589
3,3,45,0.368390828371048,0.630571722984314,0.8467153284671532,0.7352941176470589
3,3,46,0.35251927375793457,0.6439716219902039,0.8321167883211679,0.7352941176470589
3,3,47,0.3525821566581726,0.6650425791740417,0.8394160583941606,0.7352941176470589
3,3,48,0.3363392651081085,0.6933206915855408,0.8540145985401459,0.7352941176470589
3,3,49,0.3199266195297241,0.7207480669021606,0.8613138686131386,0.7647058823529411
3,3,50,0.3268631398677826,0.7392107248306274,0.8540145985401459,0.7352941176470589
3,3,51,0.31016096472740173,0.7526991963386536,0.8686131386861314,0.7352941176470589
3,3,52,0.2904500365257263,0.7703347206115723,0.8759124087591241,0.7352941176470589
3,3,53,0.2982344627380371,0.7971816658973694,0.8759124087591241,0.7352941176470589
3,3,54,0.2827492356300354,0.8384318947792053,0.8759124087591241,0.7647058823529411
3,3,55,0.28594791889190674,0.8796281218528748,0.8613138686131386,0.7647058823529411
3,3,56,0.2701174020767212,0.90513014793396,0.8978102189781022,0.7647058823529411
3,3,57,0.2649097144603729,0.9175959229469299,0.8978102189781022,0.7647058823529411
3,3,58,0.2507813274860382,0.9235707521438599,0.8832116788321168,0.7647058823529411
3,3,59,0.22800125181674957,0.9371234178543091,0.8905109489051095,0.7647058823529411
3,3,60,0.25352421402931213,0.9816285371780396,0.8832116788321168,0.7647058823529411
3,3,61,0.23910321295261383,1.0537526607513428,0.9124087591240876,0.7647058823529411
3,3,62,0.24879997968673706,1.0899221897125244,0.8978102189781022,0.7647058823529411
3,3,63,0.21725578606128693,1.0833264589309692,0.8978102189781022,0.7647058823529411
3,3,64,0.2203940451145172,1.0823405981063843,0.9124087591240876,0.7647058823529411
3,3,65,0.22830769419670105,1.1109952926635742,0.8978102189781022,0.7647058823529411
3,3,66,0.2181326299905777,1.1339679956436157,0.9197080291970803,0.7647058823529411
3,3,67,0.21853339672088623,1.1632694005966187,0.9197080291970803,0.7647058823529411
3,3,68,0.2090136706829071,1.1696430444717407,0.9197080291970803,0.7647058823529411
3,3,69,0.19229815900325775,1.1747865676879883,0.9197080291970803,0.7647058823529411
3,3,70,0.17703941464424133,1.1600894927978516,0.9124087591240876,0.7647058823529411
3,3,71,0.17814552783966064,1.1566957235336304,0.9197080291970803,0.7647058823529411
3,3,72,0.19552642107009888,1.1964545249938965,0.927007299270073,0.7647058823529411
3,3,73,0.17420357465744019,1.2342027425765991,0.9343065693430657,0.7647058823529411
3,3,74,0.1695273518562317,1.226333737373352,0.9416058394160584,0.7647058823529411
3,3,75,0.21213673055171967,1.207688570022583,0.9197080291970803,0.7647058823529411
3,3,76,0.16529177129268646,1.1753321886062622,0.9343065693430657,0.7647058823529411
3,3,77,0.15382622182369232,1.1809645891189575,0.9343065693430657,0.7647058823529411
3,3,78,0.19120526313781738,1.20757257938385,0.9343065693430657,0.7647058823529411
3,3,79,0.15526416897773743,1.2648155689239502,0.9416058394160584,0.7647058823529411
3,3,80,0.15192660689353943,1.2916520833969116,0.9343065693430657,0.7647058823529411
3,3,81,0.15592864155769348,1.3039486408233643,0.927007299270073,0.7647058823529411
3,3,82,0.16536945104599,1.304487705230713,0.927007299270073,0.7647058823529411
3,3,83,0.21730336546897888,1.3017058372497559,0.9051094890510949,0.7647058823529411
3,3,84,0.19164155423641205,1.306540608406067,0.9051094890510949,0.7647058823529411
3,3,85,0.14331597089767456,1.309417486190796,0.9343065693430657,0.7647058823529411
3,3,86,0.1677321046590805,1.3033210039138794,0.9197080291970803,0.7647058823529411
3,3,87,0.1809440404176712,1.3027957677841187,0.9197080291970803,0.7647058823529411
3,3,88,0.15822501480579376,1.3202563524246216,0.9343065693430657,0.7647058823529411
3,3,89,0.15268927812576294,1.3287397623062134,0.948905109489051,0.7647058823529411
3,3,90,0.1632699817419052,1.3249480724334717,0.927007299270073,0.7647058823529411
3,3,91,0.14569810032844543,1.3198539018630981,0.9343065693430657,0.7647058823529411
3,3,92,0.14882561564445496,1.3184832334518433,0.927007299270073,0.7647058823529411
3,3,93,0.15146706998348236,1.3333003520965576,0.927007299270073,0.7647058823529411
3,3,94,0.12943340837955475,1.3472133874893188,0.9343065693430657,0.7647058823529411
3,3,95,0.13298802077770233,1.3481580018997192,0.9416058394160584,0.7647058823529411
3,3,96,0.14050164818763733,1.3409101963043213,0.9416058394160584,0.7647058823529411
3,3,97,0.10893544554710388,1.3508211374282837,0.9635036496350365,0.7647058823529411
3,3,98,0.14625543355941772,1.3753029108047485,0.9197080291970803,0.7647058823529411
3,3,99,0.11749506741762161,1.4049330949783325,0.9416058394160584,0.7647058823529411
3,3,100,0.1616286337375641,1.4458322525024414,0.9197080291970803,0.7647058823529411
3,4,1,0.7006742358207703,0.68349689245224,0.2846715328467153,0.7352941176470589
3,4,2,0.6856251955032349,0.6678373217582703,0.7226277372262774,0.7352941176470589
3,4,3,0.6715147495269775,0.6514008641242981,0.7226277372262774,0.7352941176470589
3,4,4,0.6554752588272095,0.6333767175674438,0.7226277372262774,0.7352941176470589
3,4,5,0.6400187611579895,0.6138102412223816,0.7226277372262774,0.7352941176470589
3,4,6,0.621673583984375,0.5939372777938843,0.7226277372262774,0.7352941176470589
3,4,7,0.6065587997436523,0.5765190124511719,0.7226277372262774,0.7352941176470589
3,4,8,0.5923323631286621,0.5649909973144531,0.7226277372262774,0.7352941176470589
3,4,9,0.585575520992279,0.5617671608924866,0.7226277372262774,0.7352941176470589
3,4,10,0.5876150727272034,0.5636708736419678,0.7226277372262774,0.7352941176470589
3,4,11,0.5949862599372864,0.5638620853424072,0.7226277372262774,0.7352941176470589
3,4,12,0.5919039845466614,0.560305118560791,0.7226277372262774,0.7352941176470589
3,4,13,0.5851514339447021,0.5548837780952454,0.7226277372262774,0.7352941176470589
3,4,14,0.5796902775764465,0.5498448610305786,0.7226277372262774,0.7352941176470589
3,4,15,0.5701993107795715,0.5466480851173401,0.7226277372262774,0.7352941176470589
3,4,16,0.5676162242889404,0.5451971292495728,0.7226277372262774,0.7352941176470589
3,4,17,0.564880907535553,0.5447856783866882,0.7226277372262774,0.7352941176470589
3,4,18,0.5603073835372925,0.5443077683448792,0.7226277372262774,0.7352941176470589
3,4,19,0.5602250695228577,0.5429392457008362,0.7226277372262774,0.7352941176470589
3,4,20,0.557540237903595,0.5402637720108032,0.7226277372262774,0.7352941176470589
3,4,21,0.5526340007781982,0.5361710786819458,0.7226277372262774,0.7352941176470589
3,4,22,0.5522667169570923,0.530907154083252,0.7226277372262774,0.7352941176470589
3,4,23,0.5443260669708252,0.5249906182289124,0.7226277372262774,0.7352941176470589
3,4,24,0.5422980189323425,0.5189846754074097,0.7226277372262774,0.7352941176470589
3,4,25,0.5350924134254456,0.5133862495422363,0.7226277372262774,0.7352941176470589
3,4,26,0.5318096876144409,0.5084612369537354,0.7226277372262774,0.7352941176470589
3,4,27,0.5261610150337219,0.503783643245697,0.7226277372262774,0.7352941176470589
3,4,28,0.5252739191055298,0.49893710017204285,0.7226277372262774,0.7352941176470589
3,4,29,0.519874632358551,0.49356168508529663,0.7226277372262774,0.7352941176470589
3,4,30,0.5122759938240051,0.4875752031803131,0.7226277372262774,0.7352941176470589
3,4,31,0.5087968111038208,0.481180876493454,0.7226277372262774,0.7352941176470589
3,4,32,0.5052397847175598,0.47458285093307495,0.7226277372262774,0.7352941176470589
3,4,33,0.495633989572525,0.46801823377609253,0.7226277372262774,0.7352941176470589
3,4,34,0.4948069453239441,0.46145108342170715,0.7226277372262774,0.7352941176470589
3,4,35,0.4852663576602936,0.45456135272979736,0.7372262773722628,0.7352941176470589
3,4,36,0.4814971089363098,0.4469749331474304,0.7518248175182481,0.7352941176470589
3,4,37,0.4760669767856598,0.4385770261287689,0.7518248175182481,0.7352941176470589
3,4,38,0.46797001361846924,0.42951714992523193,0.7445255474452555,0.7352941176470589
3,4,39,0.46556058526039124,0.42040547728538513,0.7445255474452555,0.7352941176470589
3,4,40,0.45539590716362,0.41138723492622375,0.7664233576642335,0.7352941176470589
3,4,41,0.46156835556030273,0.4026561379432678,0.7591240875912408,0.7352941176470589
3,4,42,0.4475243389606476,0.3941468298435211,0.7883211678832117,0.7647058823529411
3,4,43,0.44816339015960693,0.3867020308971405,0.7883211678832117,0.8529411764705882
3,4,44,0.43886837363243103,0.38075217604637146,0.781021897810219,0.8823529411764706
3,4,45,0.4277380406856537,0.3754782974720001,0.8102189781021898,0.8823529411764706
3,4,46,0.4208642244338989,0.3694019913673401,0.8175182481751825,0.8823529411764706
3,4,47,0.4101102948188782,0.360932856798172,0.8175182481751825,0.8823529411764706
3,4,48,0.4183475971221924,0.35331031680107117,0.8175182481751825,0.8823529411764706
3,4,49,0.399371474981308,0.3461908996105194,0.8175182481751825,0.8823529411764706
3,4,50,0.40090304613113403,0.3399275541305542,0.8248175182481752,0.8529411764705882
3,4,51,0.38678067922592163,0.3339342772960663,0.8175182481751825,0.8529411764705882
3,4,52,0.3763490915298462,0.32974305748939514,0.8321167883211679,0.8529411764705882
3,4,53,0.3760611414909363,0.32485100626945496,0.8175182481751825,0.8823529411764706
3,4,54,0.36073631048202515,0.3225148022174835,0.8540145985401459,0.8823529411764706
3,4,55,0.3429131507873535,0.31721022725105286,0.8467153284671532,0.8823529411764706
3,4,56,0.3414880037307739,0.3084057569503784,0.8613138686131386,0.8823529411764706
3,4,57,0.34634721279144287,0.3035290539264679,0.8394160583941606,0.8823529411764706
3,4,58,0.3161247968673706,0.30255571007728577,0.8467153284671532,0.8823529411764706
3,4,59,0.3258236348628998,0.30059999227523804,0.8394160583941606,0.8823529411764706
3,4,60,0.29561203718185425,0.29150402545928955,0.8832116788321168,0.8823529411764706
3,4,61,0.31860455870628357,0.2909190058708191,0.8686131386861314,0.8823529411764706
3,4,62,0.2896280884742737,0.29828712344169617,0.8686131386861314,0.8823529411764706
3,4,63,0.2832563817501068,0.304014652967453,0.8613138686131386,0.8823529411764706
3,4,64,0.26253899931907654,0.31496933102607727,0.8832116788321168,0.8529411764705882
3,4,65,0.26764434576034546,0.3027823865413666,0.9051094890510949,0.8823529411764706
3,4,66,0.26831451058387756,0.30035504698753357,0.8686131386861314,0.9117647058823529
3,4,67,0.2663644254207611,0.30165231227874756,0.8613138686131386,0.8823529411764706
3,4,68,0.23764967918395996,0.30207622051239014,0.8905109489051095,0.8823529411764706
3,4,69,0.25742295384407043,0.30529749393463135,0.8978102189781022,0.8529411764705882
3,4,70,0.22889629006385803,0.29805788397789,0.9051094890510949,0.8529411764705882
3,4,71,0.21520216763019562,0.3060077130794525,0.9051094890510949,0.8529411764705882
3,4,72,0.24994945526123047,0.31990131735801697,0.8759124087591241,0.8529411764705882
3,4,73,0.19404415786266327,0.3299713134765625,0.9124087591240876,0.8529411764705882
3,4,74,0.2071724683046341,0.30465149879455566,0.8978102189781022,0.8529411764705882
3,4,75,0.21492011845111847,0.3062495291233063,0.9051094890510949,0.8529411764705882
3,4,76,0.19594158232212067,0.32457125186920166,0.9343065693430657,0.8529411764705882
3,4,77,0.20904876291751862,0.35143449902534485,0.8832116788321168,0.8529411764705882
3,4,78,0.1871643364429474,0.34452980756759644,0.9051094890510949,0.8529411764705882
3,4,79,0.1591179519891739,0.2958972156047821,0.9416058394160584,0.8235294117647058
3,4,80,0.17506331205368042,0.28829607367515564,0.9197080291970803,0.8235294117647058
3,4,81,0.18979458510875702,0.3120306134223938,0.9124087591240876,0.8529411764705882
3,4,82,0.1974540650844574,0.3835388123989105,0.9051094890510949,0.8529411764705882
3,4,83,0.1720612645149231,0.3700404465198517,0.9124087591240876,0.8235294117647058
3,4,84,0.1920010894536972,0.32828396558761597,0.8978102189781022,0.8529411764705882
3,4,85,0.15619425475597382,0.298873633146286,0.9343065693430657,0.8529411764705882
3,4,86,0.15276122093200684,0.30552977323532104,0.927007299270073,0.8529411764705882
3,4,87,0.18321973085403442,0.3487214744091034,0.9051094890510949,0.8235294117647058
3,4,88,0.1799611747264862,0.37948286533355713,0.9197080291970803,0.8235294117647058
3,4,89,0.16653317213058472,0.3804372549057007,0.9124087591240876,0.8529411764705882
3,4,90,0.15159648656845093,0.3412230908870697,0.9343065693430657,0.8529411764705882
3,4,91,0.17780554294586182,0.3166913390159607,0.9051094890510949,0.8529411764705882
3,4,92,0.17598773539066315,0.3186887204647064,0.9197080291970803,0.8529411764705882
3,4,93,0.1812058389186859,0.34211763739585876,0.9124087591240876,0.8529411764705882
3,4,94,0.1505846232175827,0.392250120639801,0.9416058394160584,0.8529411764705882
3,4,95,0.14738601446151733,0.388249933719635,0.9416058394160584,0.8235294117647058
3,4,96,0.14854256808757782,0.3822076916694641,0.9197080291970803,0.8235294117647058
3,4,97,0.13472989201545715,0.3647952377796173,0.927007299270073,0.8235294117647058
3,4,98,0.14349913597106934,0.3609359860420227,0.9197080291970803,0.8235294117647058
3,4,99,0.15982480347156525,0.3656148314476013,0.9051094890510949,0.8235294117647058
3,4,100,0.16763682663440704,0.3698381185531616,0.8978102189781022,0.8529411764705882
3,5,1,0.7092361450195312,0.6918178796768188,0.2773722627737226,0.5882352941176471
3,5,2,0.6924197673797607,0.6759466528892517,0.5547445255474452,0.7352941176470589
3,5,3,0.6765376925468445,0.6607299447059631,0.7226277372262774,0.7352941176470589
3,5,4,0.6600831747055054,0.6444736123085022,0.7226277372262774,0.7352941176470589
3,5,5,0.6444896459579468,0.6273635625839233,0.7226277372262774,0.7352941176470589
3,5,6,0.6276940107345581,0.6099967956542969,0.7226277372262774,0.7352941176470589
3,5,7,0.6100823283195496,0.59501051902771,0.7226277372262774,0.7352941176470589
3,5,8,0.5949755907058716,0.5855008363723755,0.7226277372262774,0.7352941176470589
3,5,9,0.583039402961731,0.5844019055366516,0.7226277372262774,0.7352941176470589
3,5,10,0.5815465450286865,0.5897533297538757,0.7226277372262774,0.7352941176470589
3,5,11,0.5887506604194641,0.5931277275085449,0.7226277372262774,0.7352941176470589
3,5,12,0.5912318229675293,0.5903422236442566,0.7226277372262774,0.7352941176470589
3,5,13,0.5924864411354065,0.582938015460968,0.7226277372262774,0.7352941176470589
3,5,14,0.5831378698348999,0.5744074583053589,0.7226277372262774,0.7352941176470589
3,5,15,0.5739150047302246,0.5675473809242249,0.7226277372262774,0.7352941176470589
3,5,16,0.5681084394454956,0.5630970597267151,0.7226277372262774,0.7352941176470589
3,5,17,0.5639745593070984,0.5607382655143738,0.7226277372262774,0.7352941176470589
3,5,18,0.5572003722190857,0.5592945218086243,0.7226277372262774,0.7352941176470589
3,5,19,0.559268057346344,0.5576273798942566,0.7226277372262774,0.7352941176470589
3,5,20,0.5583844184875488,0.5550954937934875,0.7226277372262774,0.7352941176470589
3,5,21,0.5577419400215149,0.5514225959777832,0.7226277372262774,0.7352941176470589
3,5,22,0.5530954003334045,0.5466585755348206,0.7226277372262774,0.7352941176470589
3,5,23,0.5497754812240601,0.5411931276321411,0.7226277372262774,0.7352941176470589
3,5,24,0.5475766658782959,0.535483181476593,0.7226277372262774,0.7352941176470589
3,5,25,0.5410433411598206,0.5299657583236694,0.7226277372262774,0.7352941176470589
3,5,26,0.535560131072998,0.5250120162963867,0.7226277372262774,0.7352941176470589
3,5,27,0.5316891670227051,0.5203904509544373,0.7226277372262774,0.7352941176470589
3,5,28,0.5285528898239136,0.5157380700111389,0.7226277372262774,0.7352941176470589
3,5,29,0.516986072063446,0.5108364224433899,0.7226277372262774,0.7352941176470589
3,5,30,0.5165451169013977,0.5052886605262756,0.7226277372262774,0.7352941176470589
3,5,31,0.5133024454116821,0.49908605217933655,0.7226277372262774,0.7352941176470589
3,5,32,0.5006440281867981,0.4925229251384735,0.7226277372262774,0.7352941176470589
3,5,33,0.4937150478363037,0.4863028824329376,0.7226277372262774,0.7352941176470589
3,5,34,0.48809146881103516,0.4805605411529541,0.7299270072992701,0.7352941176470589
3,5,35,0.48225167393684387,0.4750775694847107,0.7372262773722628,0.7352941176470589
3,5,36,0.4739571511745453,0.46964263916015625,0.7445255474452555,0.7647058823529411
3,5,37,0.4686194062232971,0.4641510844230652,0.7518248175182481,0.7647058823529411
3,5,38,0.4600820541381836,0.4586554765701294,0.7737226277372263,0.8235294117647058
3,5,39,0.4484606087207794,0.45386233925819397,0.7883211678832117,0.8235294117647058
3,5,40,0.44632238149642944,0.4502590000629425,0.7883211678832117,0.8235294117647058
3,5,41,0.42701178789138794,0.44872787594795227,0.8102189781021898,0.8235294117647058
3,5,42,0.4295862913131714,0.44901248812675476,0.8029197080291971,0.7941176470588235
3,5,43,0.4148605167865753,0.4500831663608551,0.8248175182481752,0.7941176470588235
3,5,44,0.41408294439315796,0.45140811800956726,0.8248175182481752,0.7647058823529411
3,5,45,0.41609442234039307,0.45284220576286316,0.8321167883211679,0.7352941176470589
3,5,46,0.3859666585922241,0.45351219177246094,0.8321167883211679,0.7352941176470589
3,5,47,0.39622214436531067,0.4546234905719757,0.8394160583941606,0.7352941176470589
3,5,48,0.3971936106681824,0.4577312767505646,0.8467153284671532,0.7352941176470589
3,5,49,0.3736124634742737,0.4636270999908447,0.8394160583941606,0.7352941176470589
3,5,50,0.3761950731277466,0.47066250443458557,0.8394160583941606,0.7352941176470589
3,5,51,0.3719453513622284,0.48056209087371826,0.8467153284671532,0.7352941176470589
3,5,52,0.34777238965034485,0.48530706763267517,0.8394160583941606,0.7647058823529411
3,5,53,0.3463806211948395,0.48876965045928955,0.8540145985401459,0.7352941176470589
3,5,54,0.33212655782699585,0.4949314594268799,0.8540145985401459,0.7352941176470589
3,5,55,0.32706597447395325,0.5070192813873291,0.8686131386861314,0.7352941176470589
3,5,56,0.32083284854888916,0.5183249711990356,0.8759124087591241,0.7352941176470589
3,5,57,0.2881891429424286,0.5323334336280823,0.8613138686131386,0.7352941176470589
3,5,58,0.323736310005188,0.5400189757347107,0.8540145985401459,0.7352941176470589
3,5,59,0.2840128540992737,0.5471800565719604,0.8832116788321168,0.7058823529411765
3,5,60,0.3179607689380646,0.5548613667488098,0.8540145985401459,0.7058823529411765
3,5,61,0.2923286259174347,0.5563757419586182,0.8978102189781022,0.7058823529411765
3,5,62,0.27286502718925476,0.5537870526313782,0.8905109489051095,0.7058823529411765
3,5,63,0.2504231929779053,0.5519121885299683,0.8905109489051095,0.6764705882352942
3,5,64,0.263897180557251,0.5431380867958069,0.8540145985401459,0.6764705882352942
3,5,65,0.231111079454422,0.5449591279029846,0.8905109489051095,0.6764705882352942
3,5,66,0.23353160917758942,0.5464478731155396,0.8832116788321168,0.6470588235294118
3,5,67,0.2248811423778534,0.5498957633972168,0.8978102189781022,0.6470588235294118
3,5,68,0.22990542650222778,0.5610824227333069,0.9124087591240876,0.7352941176470589
3,5,69,0.23268958926200867,0.5788330435752869,0.8978102189781022,0.7058823529411765
3,5,70,0.24186588823795319,0.5970017910003662,0.8759124087591241,0.7058823529411765
3,5,71,0.23031295835971832,0.6108915209770203,0.9124087591240876,0.6764705882352942
3,5,72,0.2070683091878891,0.6282796263694763,0.927007299270073,0.6764705882352942
3,5,73,0.22377675771713257,0.6301814913749695,0.9124087591240876,0.6764705882352942
3,5,74,0.19289587438106537,0.6156017184257507,0.9124087591240876,0.6764705882352942
3,5,75,0.1822184920310974,0.6270772814750671,0.927007299270073,0.7352941176470589
3,5,76,0.2132854014635086,0.6394467949867249,0.9416058394160584,0.6764705882352942
3,5,77,0.2108815610408783,0.653339147567749,0.9197080291970803,0.7058823529411765
3,5,78,0.21153442561626434,0.67176753282547,0.9124087591240876,0.7058823529411765
3,5,79,0.1723589301109314,0.6598654985427856,0.9343065693430657,0.7058823529411765
3,5,80,0.1674763709306717,0.6455577611923218,0.9197080291970803,0.7352941176470589
3,5,81,0.17814680933952332,0.6551558375358582,0.927007299270073,0.6764705882352942
3,5,82,0.17910943925380707,0.6702820062637329,0.9343065693430657,0.6764705882352942
3,5,83,0.18431150913238525,0.6774545311927795,0.9051094890510949,0.6764705882352942
3,5,84,0.1467897742986679,0.6807374358177185,0.948905109489051,0.6764705882352942
3,5,85,0.15359649062156677,0.6930556893348694,0.9416058394160584,0.6764705882352942
3,5,86,0.16250427067279816,0.7099736332893372,0.9416058394160584,0.6764705882352942
3,5,87,0.173176109790802,0.7386763095855713,0.927007299270073,0.6764705882352942
3,5,88,0.17325836420059204,0.7666030526161194,0.927007299270073,0.6764705882352942
3,5,89,0.15547020733356476,0.7894871234893799,0.927007299270073,0.6764705882352942
3,5,90,0.17012779414653778,0.7477896809577942,0.9416058394160584,0.6764705882352942
3,5,91,0.17385445535182953,0.7410945892333984,0.927007299270073,0.6764705882352942
3,5,92,0.13205699622631073,0.7202466130256653,0.9416058394160584,0.6764705882352942
3,5,93,0.15149621665477753,0.6849162578582764,0.9416058394160584,0.7058823529411765
3,5,94,0.15603138506412506,0.6797090172767639,0.9343065693430657,0.7352941176470589
3,5,95,0.16082529723644257,0.7249799966812134,0.948905109489051,0.7058823529411765
3,5,96,0.12602391839027405,0.7748050689697266,0.948905109489051,0.6764705882352942
3,5,97,0.16604866087436676,0.7403648495674133,0.9197080291970803,0.6764705882352942
3,5,98,0.12605595588684082,0.728267252445221,0.9416058394160584,0.7352941176470589
3,5,99,0.13922016322612762,0.7575980424880981,0.9562043795620438,0.7058823529411765
3,5,100,0.1220095306634903,0.8060975670814514,0.948905109489051,0.6764705882352942
4,1,1,0.6888267993927002,0.6759880781173706,0.7132352941176471,0.7142857142857143
4,1,2,0.6743993163108826,0.6633787751197815,0.7279411764705882,0.7142857142857143
4,1,3,0.6594696044921875,0.6501014828681946,0.7279411764705882,0.7142857142857143
4,1,4,0.6441630125045776,0.6358398795127869,0.7279411764705882,0.7142857142857143
4,1,5,0.6255426406860352,0.621440589427948,0.7279411764705882,0.7142857142857143
4,1,6,0.6086615324020386,0.6080687642097473,0.7279411764705882,0.7142857142857143
4,1,7,0.5921909213066101,0.5981428027153015,0.7279411764705882,0.7142857142857143
4,1,8,0.5748879313468933,0.5952423214912415,0.7279411764705882,0.7142857142857143
4,1,9,0.564128041267395,0.6012709736824036,0.7279411764705882,0.7142857142857143
4,1,10,0.5737518072128296,0.6113232374191284,0.7279411764705882,0.7142857142857143
4,1,11,0.5757657885551453,0.6167501211166382,0.7279411764705882,0.7142857142857143
4,1,12,0.5766057968139648,0.6144086718559265,0.7279411764705882,0.7142857142857143
4,1,13,0.5735257267951965,0.6068229675292969,0.7279411764705882,0.7142857142857143
4,1,14,0.5578181147575378,0.5979312658309937,0.7279411764705882,0.7142857142857143
4,1,15,0.5551554560661316,0.5901841521263123,0.7279411764705882,0.7142857142857143
4,1,16,0.5444490313529968,0.5848515629768372,0.7279411764705882,0.7142857142857143
4,1,17,0.542711615562439,0.58171147108078,0.7279411764705882,0.7142857142857143
4,1,18,0.5378504395484924,0.5799481868743896,0.7279411764705882,0.7142857142857143
4,1,19,0.536043107509613,0.5785184502601624,0.7279411764705882,0.7142857142857143
4,1,20,0.5337731838226318,0.5766880512237549,0.7352941176470589,0.7142857142857143
4,1,21,0.5291585922241211,0.574081301689148,0.7426470588235294,0.7142857142857143
4,1,22,0.5242663621902466,0.5707468390464783,0.75,0.7142857142857143
4,1,23,0.5180209875106812,0.5669023394584656,0.75,0.7142857142857143
4,1,24,0.5133213400840759,0.5629300475120544,0.75,0.7142857142857143
4,1,25,0.5099157691001892,0.5591384172439575,0.7426470588235294,0.7142857142857143
4,1,26,0.5019447207450867,0.5555592179298401,0.75,0.7428571428571429
4,1,27,0.4946897327899933,0.551624596118927,0.7573529411764706,0.7428571428571429
4,1,28,0.4856775999069214,0.5466687679290771,0.7647058823529411,0.7428571428571429
4,1,29,0.48211905360221863,0.5402320623397827,0.7720588235294118,0.7428571428571429
4,1,30,0.47590401768684387,0.5319781303405762,0.7794117647058824,0.7142857142857143
4,1,31,0.46223852038383484,0.522548496723175,0.7867647058823529,0.7142857142857143
4,1,32,0.4552750289440155,0.5126561522483826,0.7941176470588235,0.7142857142857143
4,1,33,0.44188714027404785,0.5020373463630676,0.8014705882352942,0.7142857142857143
4,1,34,0.4345175325870514,0.4903416335582733,0.8088235294117647,0.7142857142857143
4,1,35,0.4281834661960602,0.4774899184703827,0.8161764705882353,0.7142857142857143
4,1,36,0.4243684411048889,0.4638221859931946,0.8088235294117647,0.7428571428571429
4,1,37,0.4142650067806244,0.4511193335056305,0.8161764705882353,0.7428571428571429
4,1,38,0.39947307109832764,0.4394075274467468,0.8014705882352942,0.7428571428571429
4,1,39,0.3971754312515259,0.425331175327301,0.8161764705882353,0.7714285714285715
4,1,40,0.3930385410785675,0.40867286920547485,0.8088235294117647,0.8
4,1,41,0.3878052234649658,0.39287152886390686,0.8088235294117647,0.8571428571428571
4,1,42,0.375327467918396,0.3798399865627289,0.8088235294117647,0.8571428571428571
4,1,43,0.37845203280448914,0.37028443813323975,0.8161764705882353,0.8285714285714286
4,1,44,0.3669443130493164,0.3643016219139099,0.7941176470588235,0.8285714285714286
4,1,45,0.36431989073753357,0.35980120301246643,0.8235294117647058,0.8285714285714286
4,1,46,0.34462738037109375,0.354414165019989,0.8161764705882353,0.8571428571428571
4,1,47,0.33982136845588684,0.3509790599346161,0.8235294117647058,0.8571428571428571
4,1,48,0.3573382496833801,0.3526076674461365,0.8529411764705882,0.8571428571428571
4,1,49,0.34758540987968445,0.35490596294403076,0.8235294117647058,0.8571428571428571
4,1,50,0.3405535817146301,0.35248059034347534,0.8382352941176471,0.8571428571428571
4,1,51,0.34894415736198425,0.35208261013031006,0.8308823529411765,0.8571428571428571
4,1,52,0.32148998975753784,0.35383909940719604,0.8602941176470589,0.8571428571428571
4,1,53,0.33674654364585876,0.357798308134079,0.8602941176470589,0.8571428571428571
4,1,54,0.31227371096611023,0.3694405257701874,0.8529411764705882,0.8571428571428571
4,1,55,0.31299009919166565,0.3736722767353058,0.8676470588235294,0.8
4,1,56,0.30328068137168884,0.36469176411628723,0.8676470588235294,0.8857142857142857
4,1,57,0.2965752184391022,0.36058735847473145,0.8529411764705882,0.8857142857142857
4,1,58,0.28445228934288025,0.3601683974266052,0.8529411764705882,0.8857142857142857
4,1,59,0.25882530212402344,0.36506387591362,0.8823529411764706,0.8
4,1,60,0.2655462622642517,0.37427887320518494,0.8897058823529411,0.7714285714285715
4,1,61,0.26700156927108765,0.3714023232460022,0.8970588235294118,0.8
4,1,62,0.2412230223417282,0.3680168688297272,0.9117647058823529,0.8
4,1,63,0.23421786725521088,0.36886709928512573,0.9044117647058824,0.8
4,1,64,0.2522261440753937,0.3632795214653015,0.9117647058823529,0.8285714285714286
4,1,65,0.22086331248283386,0.3634801208972931,0.9191176470588235,0.8571428571428571
4,1,66,0.24093307554721832,0.3694120943546295,0.9117647058823529,0.8
4,1,67,0.22145606577396393,0.3780630826950073,0.9264705882352942,0.8
4,1,68,0.23746439814567566,0.36826857924461365,0.9044117647058824,0.8
4,1,69,0.1994638442993164,0.35458439588546753,0.9264705882352942,0.8857142857142857
4,1,70,0.2272828072309494,0.35406649112701416,0.9191176470588235,0.8857142857142857
4,1,71,0.19614525139331818,0.34408506751060486,0.9044117647058824,0.8857142857142857
4,1,72,0.185128852725029,0.35249024629592896,0.9191176470588235,0.8571428571428571
4,1,73,0.20301862061023712,0.3539319336414337,0.9264705882352942,0.8571428571428571
4,1,74,0.1890329122543335,0.3488795757293701,0.9338235294117647,0.8857142857142857
4,1,75,0.17968851327896118,0.3611210286617279,0.9338235294117647,0.8857142857142857
4,1,76,0.1968342512845993,0.3644464612007141,0.9191176470588235,0.8285714285714286
4,1,77,0.17551112174987793,0.4001043736934662,0.9338235294117647,0.7714285714285715
4,1,78,0.18351341784000397,0.377063125371933,0.9264705882352942,0.7714285714285715
4,1,79,0.170966237783432,0.3586333394050598,0.9117647058823529,0.8857142857142857
4,1,80,0.18151400983333588,0.3580430746078491,0.9264705882352942,0.8571428571428571
4,1,81,0.15940997004508972,0.35866427421569824,0.9485294117647058,0.8285714285714286
4,1,82,0.20708884298801422,0.36168164014816284,0.9044117647058824,0.8285714285714286
4,1,83,0.17694896459579468,0.3679240643978119,0.9264705882352942,0.8
4,1,84,0.15620452165603638,0.3606356084346771,0.9411764705882353,0.8
4,1,85,0.15798918902873993,0.363137811422348,0.9191176470588235,0.8
4,1,86,0.14251746237277985,0.3701006770133972,0.9411764705882353,0.8
4,1,87,0.14965060353279114,0.37635117769241333,0.9411764705882353,0.7428571428571429
4,1,88,0.13264741003513336,0.3788789212703705,0.9264705882352942,0.7428571428571429
4,1,89,0.1947118490934372,0.3741806149482727,0.9411764705882353,0.7428571428571429
4,1,90,0.1566620022058487,0.3724502623081207,0.9485294117647058,0.7428571428571429
4,1,91,0.14478498697280884,0.3685811758041382,0.9411764705882353,0.8285714285714286
4,1,92,0.1426142454147339,0.3553546369075775,0.9264705882352942,0.8571428571428571
4,1,93,0.14533084630966187,0.36655792593955994,0.9264705882352942,0.8571428571428571
4,1,94,0.150004580616951,0.4010789096355438,0.9485294117647058,0.7714285714285715
4,1,95,0.1253858208656311,0.4370195269584656,0.9411764705882353,0.7428571428571429
4,1,96,0.14211609959602356,0.4435739517211914,0.9338235294117647,0.7428571428571429
4,1,97,0.13924935460090637,0.4368070065975189,0.9338235294117647,0.7428571428571429
4,1,98,0.13192714750766754,0.3943929672241211,0.9485294117647058,0.8285714285714286
4,1,99,0.14373229444026947,0.3761637508869171,0.9485294117647058,0.8571428571428571
4,1,100,0.16071726381778717,0.37348103523254395,0.9338235294117647,0.8857142857142857
4,2,1,0.6973216533660889,0.6808372735977173,0.2846715328467153,0.7352941176470589
4,2,2,0.6819508671760559,0.6656511425971985,0.7226277372262774,0.7352941176470589
4,2,3,0.668435275554657,0.6501278877258301,0.7226277372262774,0.7352941176470589
4,2,4,0.65215003490448,0.6322947144508362,0.7226277372262774,0.7352941176470589
4,2,5,0.6352757215499878,0.6128985285758972,0.7226277372262774,0.7352941176470589
4,2,6,0.617324948310852,0.5937426686286926,0.7226277372262774,0.7352941176470589
4,2,7,0.5989693403244019,0.5780877470970154,0.7226277372262774,0.7352941176470589
4,2,8,0.582709789276123,0.5699656009674072,0.7226277372262774,0.7352941176470589
4,2,9,0.5736109018325806,0.5720509886741638,0.7226277372262774,0.7352941176470589
4,2,10,0.5724499821662903,0.5803245306015015,0.7226277372262774,0.7352941176470589
4,2,11,0.579376220703125,0.5849802494049072,0.7226277372262774,0.7352941176470589
4,2,12,0.5817039608955383,0.5823226571083069,0.7226277372262774,0.7352941176470589
4,2,13,0.5810831189155579,0.5744736790657043,0.7226277372262774,0.7352941176470589
4,2,14,0.570052981376648,0.56545090675354,0.7226277372262774,0.7352941176470589
4,2,15,0.5655257105827332,0.5580716133117676,0.7226277372262774,0.7352941176470589
4,2,16,0.5609058737754822,0.553476095199585,0.7226277372262774,0.7352941176470589
4,2,17,0.5537577271461487,0.5513769388198853,0.7226277372262774,0.7352941176470589
4,2,18,0.5516610741615295,0.550488293170929,0.7226277372262774,0.7352941176470589
4,2,19,0.5486165881156921,0.5495060682296753,0.7226277372262774,0.7352941176470589
4,2,20,0.5496538877487183,0.5476639866828918,0.7226277372262774,0.7352941176470589
4,2,21,0.5455280542373657,0.5446910858154297,0.7226277372262774,0.7352941176470589
4,2,22,0.5452603697776794,0.5407801866531372,0.7226277372262774,0.7352941176470589
4,2,23,0.5363371968269348,0.5362851023674011,0.7299270072992701,0.7352941176470589
4,2,24,0.5283429026603699,0.531721293926239,0.7372262773722628,0.7352941176470589
4,2,25,0.5246149301528931,0.5276088118553162,0.7445255474452555,0.7352941176470589
4,2,26,0.5170387625694275,0.5242232084274292,0.7445255474452555,0.7352941176470589
4,2,27,0.506617546081543,0.5213014483451843,0.7445255474452555,0.7352941176470589
4,2,28,0.49985837936401367,0.5181017518043518,0.7445255474452555,0.7058823529411765
4,2,29,0.49807849526405334,0.5137068629264832,0.7445255474452555,0.7058823529411765
4,2,30,0.49247458577156067,0.5078308582305908,0.7445255474452555,0.7058823529411765
4,2,31,0.47991788387298584,0.5011366605758667,0.7591240875912408,0.7352941176470589
4,2,32,0.4708443582057953,0.4949991703033447,0.7664233576642335,0.7352941176470589
4,2,33,0.4552823603153229,0.49011775851249695,0.781021897810219,0.7058823529411765
4,2,34,0.4476839005947113,0.48641854524612427,0.7883211678832117,0.7352941176470589
4,2,35,0.43624356389045715,0.4835129976272583,0.7956204379562044,0.7352941176470589
4,2,36,0.4269179105758667,0.4808385968208313,0.8029197080291971,0.7058823529411765
4,2,37,0.4164782166481018,0.47922852635383606,0.8102189781021898,0.7058823529411765
4,2,38,0.410176545381546,0.4798263609409332,0.8175182481751825,0.7352941176470589
4,2,39,0.39106613397598267,0.48302891850471497,0.8248175182481752,0.7352941176470589
4,2,40,0.3822214901447296,0.4881645739078522,0.8175182481751825,0.7352941176470589
4,2,41,0.3715169131755829,0.4952292740345001,0.8248175182481752,0.7352941176470589
4,2,42,0.3591408133506775,0.5057752132415771,0.8540145985401459,0.7941176470588235
4,2,43,0.3535851240158081,0.5204930901527405,0.8467153284671532,0.7941176470588235
4,2,44,0.341472864151001,0.5353974103927612,0.8686131386861314,0.7941176470588235
4,2,45,0.3337446451187134,0.552505373954773,0.8613138686131386,0.7941176470588235
4,2,46,0.34102335572242737,0.5724606513977051,0.8540145985401459,0.7941176470588235
4,2,47,0.31398260593414307,0.5950584411621094,0.8686131386861314,0.7941176470588235
4,2,48,0.313400000333786,0.6176437139511108,0.8832116788321168,0.7941176470588235
4,2,49,0.3082294166088104,0.6399416923522949,0.8540145985401459,0.7941176470588235
4,2,50,0.29459041357040405,0.661707878112793,0.8540145985401459,0.7941176470588235
4,2,51,0.2982048988342285,0.6818577647209167,0.8613138686131386,0.7941176470588235
4,2,52,0.2931519150733948,0.699008584022522,0.8978102189781022,0.7941176470588235
4,2,53,0.24637636542320251,0.7162662744522095,0.8978102189781022,0.7941176470588235
4,2,54,0.27249211072921753,0.7349514961242676,0.8905109489051095,0.7941176470588235
4,2,55,0.2571790814399719,0.7547607421875,0.9051094890510949,0.7941176470588235
4,2,56,0.27748730778694153,0.7592629790306091,0.8978102189781022,0.7647058823529411
4,2,57,0.2532035708427429,0.7707712650299072,0.8905109489051095,0.7647058823529411
4,2,58,0.2577679753303528,0.7781658172607422,0.8832116788321168,0.7647058823529411
4,2,59,0.2507132589817047,0.7836332321166992,0.9051094890510949,0.7647058823529411
4,2,60,0.23742926120758057,0.7957581877708435,0.9051094890510949,0.7941176470588235
4,2,61,0.22073456645011902,0.7992310523986816,0.9343065693430657,0.7941176470588235
4,2,62,0.22471198439598083,0.8040537238121033,0.9197080291970803,0.7352941176470589
4,2,63,0.1925947368144989,0.8175584077835083,0.9416058394160584,0.7058823529411765
4,2,64,0.22430355846881866,0.8281497359275818,0.8978102189781022,0.7058823529411765
4,2,65,0.21823899447917938,0.8375967741012573,0.9197080291970803,0.7352941176470589
4,2,66,0.1914977729320526,0.8517734408378601,0.9416058394160584,0.7647058823529411
4,2,67,0.20236362516880035,0.8694494962692261,0.927007299270073,0.7058823529411765
4,2,68,0.1933104693889618,0.8854326605796814,0.9124087591240876,0.7647058823529411
4,2,69,0.19275575876235962,0.9024073481559753,0.9197080291970803,0.7647058823529411
4,2,70,0.18045258522033691,0.9191054701805115,0.9343065693430657,0.7647058823529411
4,2,71,0.21068674325942993,0.9358587861061096,0.9343065693430657,0.7352941176470589
4,2,72,0.19385926425457,0.9491078853607178,0.9197080291970803,0.7647058823529411
4,2,73,0.19552163779735565,0.9617570042610168,0.9197080291970803,0.7647058823529411
4,2,74,0.20321837067604065,0.972417950630188,0.9124087591240876,0.7647058823529411
4,2,75,0.19602075219154358,0.9835712313652039,0.9051094890510949,0.7647058823529411
4,2,76,0.13474665582180023,0.9895464777946472,0.948905109489051,0.7647058823529411
4,2,77,0.15009035170078278,0.9974101781845093,0.9197080291970803,0.7058823529411765
4,2,78,0.18005356192588806,1.0070644617080688,0.9343065693430657,0.7058823529411765
4,2,79,0.1770932972431183,1.0168238878250122,0.9124087591240876,0.7058823529411765
4,2,80,0.16971071064472198,1.0314511060714722,0.9416058394160584,0.7352941176470589
4,2,81,0.13464459776878357,1.054175615310669,0.9635036496350365,0.7941176470588235
4,2,82,0.18926090002059937,1.0599188804626465,0.9197080291970803,0.7352941176470589
4,2,83,0.16003017127513885,1.079431414604187,0.927007299270073,0.7058823529411765
4,2,84,0.17826257646083832,1.0941808223724365,0.927007299270073,0.7058823529411765
4,2,85,0.17896534502506256,1.0910621881484985,0.9197080291970803,0.7058823529411765
4,2,86,0.16851887106895447,1.1052274703979492,0.9197080291970803,0.7941176470588235
4,2,87,0.15386568009853363,1.1188299655914307,0.9197080291970803,0.7941176470588235
4,2,88,0.1515544354915619,1.1234134435653687,0.948905109489051,0.7058823529411765
4,2,89,0.14407974481582642,1.1364710330963135,0.9343065693430657,0.7058823529411765
4,2,90,0.1286269873380661,1.1402850151062012,0.948905109489051,0.7058823529411765
4,2,91,0.16720232367515564,1.1600587368011475,0.9197080291970803,0.7941176470588235
4,2,92,0.13509029150009155,1.1735196113586426,0.9416058394160584,0.7941176470588235
4,2,93,0.09842807054519653,1.1731499433517456,0.9781021897810219,0.7058823529411765
4,2,94,0.11936219781637192,1.1849290132522583,0.9562043795620438,0.7058823529411765
4,2,95,0.10219141840934753,1.2016019821166992,0.9635036496350365,0.7058823529411765
4,2,96,0.11874133348464966,1.217057466506958,0.9562043795620438,0.7058823529411765
4,2,97,0.12277884036302567,1.2445669174194336,0.9562043795620438,0.7941176470588235
4,2,98,0.1328127533197403,1.2628809213638306,0.9343065693430657,0.7941176470588235
4,2,99,0.16575226187705994,1.2800501585006714,0.9197080291970803,0.7941176470588235
4,2,100,0.10642826557159424,1.2976163625717163,0.948905109489051,0.7941176470588235
4,3,1,0.6900961399078369,0.6732538938522339,0.7007299270072993,0.7352941176470589
4,3,2,0.6743128299713135,0.6586867570877075,0.7226277372262774,0.7352941176470589
4,3,3,0.6593766808509827,0.643835723400116,0.7226277372262774,0.7352941176470589
4,3,4,0.6447433829307556,0.628072202205658,0.7226277372262774,0.7352941176470589
4,3,5,0.6291355490684509,0.6119695901870728,0.7226277372262774,0.7352941176470589
4,3,6,0.6117843389511108,0.5966459512710571,0.7226277372262774,0.7352941176470589
4,3,7,0.5943624973297119,0.58466637134552,0.7226277372262774,0.7352941176470589
4,3,8,0.5782425999641418,0.5797367095947266,0.7226277372262774,0.7352941176470589
4,3,9,0.5714495778083801,0.5839133262634277,0.7226277372262774,0.7352941176470589
4,3,10,0.5757011771202087,0.5925745368003845,0.7226277372262774,0.7352941176470589
4,3,11,0.5792350769042969,0.5969752073287964,0.7226277372262774,0.7352941176470589
4,3,12,0.5804425477981567,0.5944514870643616,0.7226277372262774,0.7352941176470589
4,3,13,0.5741658806800842,0.5875748991966248,0.7226277372262774,0.7352941176470589
4,3,14,0.5686962604522705,0.5798262357711792,0.7226277372262774,0.7352941176470589
4,3,15,0.5581302046775818,0.5736500024795532,0.7226277372262774,0.7352941176470589
4,3,16,0.5489407181739807,0.569747269153595,0.7226277372262774,0.7352941176470589
4,3,17,0.5453782677650452,0.5675782561302185,0.7226277372262774,0.7352941176470589
4,3,18,0.5456704497337341,0.5662145018577576,0.7226277372262774,0.7352941176470589
4,3,19,0.5399675369262695,0.5647543668746948,0.7226277372262774,0.7352941176470589
4,3,20,0.5430546998977661,0.5627456903457642,0.7226277372262774,0.7352941176470589
4,3,21,0.5360666513442993,0.5600386261940002,0.7226277372262774,0.7352941176470589
4,3,22,0.531251847743988,0.5569995641708374,0.7226277372262774,0.7352941176470589
4,3,23,0.5243575572967529,0.5540271401405334,0.7226277372262774,0.7352941176470589
4,3,24,0.5154367089271545,0.5516394376754761,0.7226277372262774,0.7352941176470589
4,3,25,0.508812665939331,0.5499709248542786,0.7226277372262774,0.7352941176470589
4,3,26,0.5022373795509338,0.548750102519989,0.7226277372262774,0.7352941176470589
4,3,27,0.49367907643318176,0.5472918748855591,0.7299270072992701,0.7352941176470589
4,3,28,0.4841492474079132,0.5450363159179688,0.7372262773722628,0.7352941176470589
4,3,29,0.4813016355037689,0.5412231087684631,0.7372262773722628,0.7647058823529411
4,3,30,0.471036821603775,0.5361535549163818,0.7737226277372263,0.7647058823529411
4,3,31,0.466574102640152,0.5302431583404541,0.7737226277372263,0.7647058823529411
4,3,32,0.45174330472946167,0.5253077149391174,0.7737226277372263,0.7647058823529411
4,3,33,0.44056886434555054,0.5216854810714722,0.7883211678832117,0.7941176470588235
4,3,34,0.43437427282333374,0.5186399817466736,0.8029197080291971,0.7941176470588235
4,3,35,0.4276628792285919,0.5167235136032104,0.8029197080291971,0.7941176470588235
4,3,36,0.41545069217681885,0.5158692598342896,0.8102189781021898,0.7941176470588235
4,3,37,0.40558725595474243,0.5165033340454102,0.8248175182481752,0.8235294117647058
4,3,38,0.3860793113708496,0.5187440514564514,0.8248175182481752,0.8235294117647058
4,3,39,0.3999747335910797,0.5206848978996277,0.8102189781021898,0.8529411764705882
4,3,40,0.3760365843772888,0.5235302448272705,0.8394160583941606,0.8235294117647058
4,3,41,0.3635976314544678,0.5268181562423706,0.8175182481751825,0.8235294117647058
4,3,42,0.3388857841491699,0.5316534042358398,0.8686131386861314,0.7941176470588235
4,3,43,0.34558629989624023,0.5375924110412598,0.8467153284671532,0.7941176470588235
4,3,44,0.336482971906662,0.5458964705467224,0.8540145985401459,0.7941176470588235
4,3,45,0.34304630756378174,0.5574114322662354,0.8467153284671532,0.7941176470588235
4,3,46,0.3171304762363434,0.5693844556808472,0.8759124087591241,0.7941176470588235
4,3,47,0.3178146183490753,0.5800806879997253,0.8686131386861314,0.7941176470588235
4,3,48,0.3190245032310486,0.5910664200782776,0.8540145985401459,0.7941176470588235
4,3,49,0.3196469247341156,0.603546142578125,0.8686131386861314,0.7941176470588235
4,3,50,0.302452027797699,0.6140745282173157,0.8832116788321168,0.7941176470588235
4,3,51,0.290005624294281,0.621395468711853,0.8759124087591241,0.7941176470588235
4,3,52,0.29870137572288513,0.6394938230514526,0.8832116788321168,0.7941176470588235
4,3,53,0.2531859576702118,0.6588236093521118,0.9051094890510949,0.7941176470588235
4,3,54,0.26485076546669006,0.6639743447303772,0.8905109489051095,0.7941176470588235
4,3,55,0.27382734417915344,0.6734193563461304,0.8832116788321168,0.7941176470588235
4,3,56,0.29348224401474,0.6723827123641968,0.8832116788321168,0.7941176470588235
4,3,57,0.25373855233192444,0.6714164614677429,0.8978102189781022,0.7647058823529411
4,3,58,0.2351621389389038,0.6813806891441345,0.9051094890510949,0.7647058823529411
4,3,59,0.25220295786857605,0.6980870962142944,0.8978102189781022,0.7941176470588235
4,3,60,0.22446194291114807,0.6951850652694702,0.9197080291970803,0.7647058823529411
4,3,61,0.23449283838272095,0.7009177207946777,0.9051094890510949,0.7647058823529411
4,3,62,0.19290198385715485,0.7128745317459106,0.948905109489051,0.7352941176470589
4,3,63,0.1957508772611618,0.7286706566810608,0.9343065693430657,0.7941176470588235
4,3,64,0.19125480949878693,0.7418618202209473,0.9416058394160584,0.7647058823529411
4,3,65,0.194777250289917,0.747622013092041,0.927007299270073,0.7647058823529411
4,3,66,0.20932036638259888,0.7529523372650146,0.9343065693430657,0.7647058823529411
4,3,67,0.1874445080757141,0.766311764717102,0.9416058394160584,0.7647058823529411
4,3,68,0.18149100244045258,0.7660501003265381,0.948905109489051,0.7647058823529411
4,3,69,0.16852867603302002,0.7672223448753357,0.927007299270073,0.7647058823529411
4,3,70,0.17082755267620087,0.7727686166763306,0.927007299270073,0.7352941176470589
4,3,71,0.16432072222232819,0.7792764902114868,0.9416058394160584,0.7352941176470589
4,3,72,0.15445224940776825,0.7870193719863892,0.948905109489051,0.7352941176470589
4,3,73,0.19288136065006256,0.8031490445137024,0.9197080291970803,0.7352941176470589
4,3,74,0.1743292212486267,0.8152197599411011,0.9416058394160584,0.7352941176470589
4,3,75,0.14669474959373474,0.8229150772094727,0.948905109489051,0.7352941176470589
4,3,76,0.16850969195365906,0.8370254635810852,0.9416058394160584,0.7352941176470589
4,3,77,0.11262793093919754,0.8528981804847717,0.9708029197080292,0.7352941176470589
4,3,78,0.13400447368621826,0.8799617886543274,0.948905109489051,0.7352941176470589
4,3,79,0.16657154262065887,0.879457950592041,0.9343065693430657,0.7352941176470589
4,3,80,0.14627712965011597,0.8878530859947205,0.9416058394160584,0.7352941176470589
4,3,81,0.14116905629634857,0.8971444368362427,0.9416058394160584,0.7352941176470589
4,3,82,0.10341532528400421,0.8968797326087952,0.9562043795620438,0.7352941176470589
4,3,83,0.13664108514785767,0.8945968747138977,0.9562043795620438,0.7352941176470589
4,3,84,0.1163855791091919,0.9003269076347351,0.948905109489051,0.7352941176470589
4,3,85,0.17559051513671875,0.9399706721305847,0.9197080291970803,0.7647058823529411
4,3,86,0.15471108257770538,0.9200994968414307,0.9343065693430657,0.7058823529411765
4,3,87,0.17470163106918335,0.9170156121253967,0.9197080291970803,0.7352941176470589
4,3,88,0.15913820266723633,0.9444328546524048,0.9416058394160584,0.7058823529411765
4,3,89,0.12500707805156708,0.96567702293396,0.9635036496350365,0.7058823529411765
4,3,90,0.14655902981758118,0.9647340178489685,0.927007299270073,0.7647058823529411
4,3,91,0.1581680178642273,0.9832642674446106,0.9343065693430657,0.7352941176470589
4,3,92,0.12372881174087524,0.9903676509857178,0.9562043795620438,0.7352941176470589
4,3,93,0.14431893825531006,0.9632251858711243,0.948905109489051,0.7352941176470589
4,3,94,0.13566064834594727,0.9478138089179993,0.9416058394160584,0.7058823529411765
4,3,95,0.10458998382091522,0.9545909762382507,0.9562043795620438,0.7058823529411765
4,3,96,0.1413184106349945,0.9775910973548889,0.9197080291970803,0.7058823529411765
4,3,97,0.15800629556179047,0.9432966709136963,0.9343065693430657,0.7352941176470589
4,3,98,0.11043910682201385,0.9555319547653198,0.948905109489051,0.7352941176470589
4,3,99,0.12370287626981735,0.9936525821685791,0.948905109489051,0.7647058823529411
4,3,100,0.16654567420482635,0.9885209202766418,0.9416058394160584,0.7647058823529411
4,4,1,0.6990513801574707,0.6828241944313049,0.291970802919708,0.7352941176470589
4,4,2,0.6838700771331787,0.6671186089515686,0.7226277372262774,0.7352941176470589
4,4,3,0.6686065196990967,0.6500011086463928,0.7226277372262774,0.7352941176470589
4,4,4,0.6532572507858276,0.6305508613586426,0.7226277372262774,0.7352941176470589
4,4,5,0.6352645754814148,0.6088423132896423,0.7226277372262774,0.7352941176470589
4,4,6,0.6159152984619141,0.5866383910179138,0.7226277372262774,0.7352941176470589
4,4,7,0.5979811549186707,0.5668781995773315,0.7226277372262774,0.7352941176470589
4,4,8,0.5844574570655823,0.5538758635520935,0.7226277372262774,0.7352941176470589
4,4,9,0.5784805417060852,0.5498883724212646,0.7226277372262774,0.7352941176470589
4,4,10,0.5833481550216675,0.5504666566848755,0.7226277372262774,0.7352941176470589
4,4,11,0.5916417241096497,0.5494037866592407,0.7226277372262774,0.7352941176470589
4,4,12,0.5926855206489563,0.5457521080970764,0.7226277372262774,0.7352941176470589
4,4,13,0.5803126096725464,0.5416371822357178,0.7226277372262774,0.7352941176470589
4,4,14,0.5763283371925354,0.5388761162757874,0.7226277372262774,0.7352941176470589
4,4,15,0.5624091625213623,0.5380678176879883,0.7226277372262774,0.7352941176470589
4,4,16,0.5602229237556458,0.5385943651199341,0.7226277372262774,0.7352941176470589
4,4,17,0.5581287741661072,0.5393995046615601,0.7226277372262774,0.7352941176470589
4,4,18,0.5558847188949585,0.5393838286399841,0.7226277372262774,0.7352941176470589
4,4,19,0.5535847544670105,0.5378291606903076,0.7226277372262774,0.7352941176470589
4,4,20,0.5498340725898743,0.5344150066375732,0.7226277372262774,0.7352941176470589
4,4,21,0.5452651977539062,0.5291746258735657,0.7226277372262774,0.7352941176470589
4,4,22,0.5454763174057007,0.5227404236793518,0.7226277372262774,0.7352941176470589
4,4,23,0.5394144654273987,0.5157437920570374,0.7226277372262774,0.7352941176470589
4,4,24,0.5328016877174377,0.5086565613746643,0.7226277372262774,0.7352941176470589
4,4,25,0.5236133337020874,0.5018140077590942,0.7226277372262774,0.7352941176470589
4,4,26,0.5209049582481384,0.4952281415462494,0.7226277372262774,0.7352941176470589
4,4,27,0.5091211795806885,0.4885462522506714,0.7226277372262774,0.7352941176470589
4,4,28,0.509205162525177,0.4815124571323395,0.7226277372262774,0.7352941176470589
4,4,29,0.5011359453201294,0.4738146960735321,0.7299270072992701,0.7352941176470589
4,4,30,0.49960213899612427,0.4657095968723297,0.7372262773722628,0.7352941176470589
4,4,31,0.4844609797000885,0.45778125524520874,0.7372262773722628,0.7352941176470589
4,4,32,0.47747552394866943,0.4503609836101532,0.7591240875912408,0.7941176470588235
4,4,33,0.4695698618888855,0.44367706775665283,0.781021897810219,0.8235294117647058
4,4,34,0.4663127064704895,0.43716031312942505,0.7883211678832117,0.7941176470588235
4,4,35,0.4593810737133026,0.42949119210243225,0.8102189781021898,0.7941176470588235
4,4,36,0.44923752546310425,0.42114612460136414,0.8175182481751825,0.7941176470588235
4,4,37,0.4394609034061432,0.41279691457748413,0.8175182481751825,0.7941176470588235
4,4,38,0.4363182783126831,0.4050084948539734,0.8248175182481752,0.7941176470588235
4,4,39,0.4273947775363922,0.3973641097545624,0.8175182481751825,0.8235294117647058
4,4,40,0.4199519455432892,0.38953202962875366,0.8175182481751825,0.8235294117647058
4,4,41,0.418447881937027,0.3816397190093994,0.8175182481751825,0.8235294117647058
4,4,42,0.40887245535850525,0.37445899844169617,0.8175182481751825,0.8529411764705882
4,4,43,0.3986193835735321,0.3679981529712677,0.8175182481751825,0.8529411764705882
4,4,44,0.3878621757030487,0.3615708649158478,0.8175182481751825,0.8529411764705882
4,4,45,0.37676694989204407,0.3543536961078644,0.8248175182481752,0.8529411764705882
4,4,46,0.3742005228996277,0.3479554355144501,0.8321167883211679,0.8529411764705882
4,4,47,0.35891973972320557,0.34386467933654785,0.8321167883211679,0.8529411764705882
4,4,48,0.35117268562316895,0.34107792377471924,0.8394160583941606,0.8529411764705882
4,4,49,0.35615992546081543,0.33936259150505066,0.8394160583941606,0.8529411764705882
4,4,50,0.3578176200389862,0.3391534090042114,0.8394160583941606,0.8529411764705882
4,4,51,0.32798999547958374,0.3395344316959381,0.8540145985401459,0.8529411764705882
4,4,52,0.3142632246017456,0.340721994638443,0.8613138686131386,0.8529411764705882
4,4,53,0.31718677282333374,0.3434678912162781,0.8686131386861314,0.8529411764705882
4,4,54,0.30904150009155273,0.35004353523254395,0.8613138686131386,0.8235294117647058
4,4,55,0.28882136940956116,0.35806572437286377,0.8759124087591241,0.8235294117647058
4,4,56,0.3114597797393799,0.36281898617744446,0.8832116788321168,0.8235294117647058
4,4,57,0.27018457651138306,0.3722066879272461,0.8759124087591241,0.8529411764705882
4,4,58,0.24665281176567078,0.3862845301628113,0.9197080291970803,0.8235294117647058
4,4,59,0.2554718852043152,0.4117381274700165,0.8905109489051095,0.7941176470588235
4,4,60,0.23344486951828003,0.42698878049850464,0.9051094890510949,0.7941176470588235
4,4,61,0.2639387249946594,0.427946001291275,0.9124087591240876,0.7941176470588235
4,4,62,0.26657634973526,0.4406355619430542,0.9124087591240876,0.8235294117647058
4,4,63,0.25794661045074463,0.45866793394088745,0.9197080291970803,0.8235294117647058
4,4,64,0.24732381105422974,0.4855702221393585,0.8905109489051095,0.7941176470588235
4,4,65,0.2227485179901123,0.5179980993270874,0.9197080291970803,0.7941176470588235
4,4,66,0.23434993624687195,0.5233306884765625,0.8978102189781022,0.7941176470588235
4,4,67,0.21728962659835815,0.5155741572380066,0.927007299270073,0.7647058823529411
4,4,68,0.21500441431999207,0.5194838643074036,0.9124087591240876,0.7352941176470589
4,4,69,0.22635407745838165,0.528606653213501,0.9124087591240876,0.7352941176470589
4,4,70,0.21495863795280457,0.5403297543525696,0.927007299270073,0.7352941176470589
4,4,71,0.21884027123451233,0.5567043423652649,0.9197080291970803,0.7352941176470589
4,4,72,0.20361892879009247,0.5712043642997742,0.9124087591240876,0.7352941176470589
4,4,73,0.19330894947052002,0.5839067101478577,0.9197080291970803,0.7352941176470589
4,4,74,0.20326197147369385,0.5953184366226196,0.9124087591240876,0.7352941176470589
4,4,75,0.21063339710235596,0.599103569984436,0.8905109489051095,0.7352941176470589
4,4,76,0.20418231189250946,0.5994207859039307,0.8832116788321168,0.7352941176470589
4,4,77,0.19686277210712433,0.5974320769309998,0.9343065693430657,0.7352941176470589
4,4,78,0.19561797380447388,0.6021009087562561,0.9197080291970803,0.7352941176470589
4,4,79,0.1984187215566635,0.6106347441673279,0.9124087591240876,0.7352941176470589
4,4,80,0.20408479869365692,0.6222805976867676,0.9124087591240876,0.7352941176470589
4,4,81,0.1751045435667038,0.6383906602859497,0.9416058394160584,0.7352941176470589
4,4,82,0.17772284150123596,0.6567938923835754,0.9416058394160584,0.7352941176470589
4,4,83,0.1663210242986679,0.6698795557022095,0.9124087591240876,0.7352941176470589
4,4,84,0.17532819509506226,0.6772461533546448,0.948905109489051,0.7352941176470589
4,4,85,0.15901203453540802,0.6768063902854919,0.948905109489051,0.7352941176470589
4,4,86,0.15017858147621155,0.6799395084381104,0.948905109489051,0.7352941176470589
4,4,87,0.1444292813539505,0.6802874207496643,0.9416058394160584,0.7352941176470589
4,4,88,0.1616004854440689,0.6822121739387512,0.9343065693430657,0.7352941176470589
4,4,89,0.1446692794561386,0.6931827664375305,0.9416058394160584,0.7352941176470589
4,4,90,0.1636570543050766,0.7024994492530823,0.9343065693430657,0.7352941176470589
4,4,91,0.1400010734796524,0.710476279258728,0.948905109489051,0.7352941176470589
4,4,92,0.1707836091518402,0.7211687564849854,0.927007299270073,0.7352941176470589
4,4,93,0.19204847514629364,0.7365322709083557,0.9124087591240876,0.7352941176470589
4,4,94,0.1420849859714508,0.7560559511184692,0.9416058394160584,0.7352941176470589
4,4,95,0.17167262732982635,0.7711440324783325,0.9197080291970803,0.7352941176470589
4,4,96,0.17261900007724762,0.7874323725700378,0.927007299270073,0.7647058823529411
4,4,97,0.16794204711914062,0.795711100101471,0.9343065693430657,0.7647058823529411
4,4,98,0.15551216900348663,0.7968366742134094,0.9197080291970803,0.7352941176470589
4,4,99,0.15400871634483337,0.7956550717353821,0.9051094890510949,0.7647058823529411
4,4,100,0.13737131655216217,0.7887367010116577,0.9343065693430657,0.7352941176470589
4,5,1,0.7059073448181152,0.6900681257247925,0.27007299270072993,0.7352941176470589
4,5,2,0.6909055113792419,0.677730143070221,0.6788321167883211,0.7058823529411765
4,5,3,0.6767563819885254,0.6650528907775879,0.7299270072992701,0.7058823529411765
4,5,4,0.6638418436050415,0.6507882475852966,0.7299270072992701,0.7058823529411765
4,5,5,0.6475539803504944,0.6345296502113342,0.7299270072992701,0.7058823529411765
4,5,6,0.6287916302680969,0.6172719597816467,0.7299270072992701,0.7058823529411765
4,5,7,0.6115046739578247,0.600750207901001,0.7299270072992701,0.7058823529411765
4,5,8,0.5933837890625,0.588168740272522,0.7299270072992701,0.7058823529411765
4,5,9,0.5742427110671997,0.5836146473884583,0.7299270072992701,0.7058823529411765
4,5,10,0.5719553232192993,0.588916003704071,0.7299270072992701,0.7058823529411765
4,5,11,0.5732574462890625,0.5982127785682678,0.7299270072992701,0.7058823529411765
4,5,12,0.5795029401779175,0.6020508408546448,0.7299270072992701,0.7058823529411765
4,5,13,0.5814370512962341,0.5987370610237122,0.7299270072992701,0.7058823529411765
4,5,14,0.5747907161712646,0.5913277864456177,0.7299270072992701,0.7058823529411765
4,5,15,0.5675296187400818,0.583437442779541,0.7299270072992701,0.7058823529411765
4,5,16,0.5558696389198303,0.5773847103118896,0.7299270072992701,0.7058823529411765
4,5,17,0.5484487414360046,0.5738361477851868,0.7299270072992701,0.7058823529411765
4,5,18,0.5444596409797668,0.5721847414970398,0.7299270072992701,0.7058823529411765
4,5,19,0.5394750237464905,0.5713759064674377,0.7299270072992701,0.7058823529411765
4,5,20,0.5365130305290222,0.5704705715179443,0.7299270072992701,0.7058823529411765
4,5,21,0.5309693813323975,0.5690551400184631,0.7299270072992701,0.7058823529411765
4,5,22,0.5298631191253662,0.5670928955078125,0.7299270072992701,0.7058823529411765
4,5,23,0.5255957841873169,0.5648581385612488,0.7299270072992701,0.7058823529411765
4,5,24,0.5193420052528381,0.5627948641777039,0.7299270072992701,0.7058823529411765
4,5,25,0.5144533514976501,0.5613719820976257,0.7299270072992701,0.7058823529411765
4,5,26,0.5005853772163391,0.5609490871429443,0.7372262773722628,0.7058823529411765
4,5,27,0.49753955006599426,0.5613626837730408,0.7299270072992701,0.7058823529411765
4,5,28,0.4894697666168213,0.5619344711303711,0.7372262773722628,0.7058823529411765
4,5,29,0.4776458740234375,0.5619972944259644,0.7372262773722628,0.7058823529411765
4,5,30,0.47127553820610046,0.5612749457359314,0.7372262773722628,0.7352941176470589
4,5,31,0.46270129084587097,0.5598648190498352,0.7445255474452555,0.7647058823529411
4,5,32,0.45693808794021606,0.5583868622779846,0.7737226277372263,0.7647058823529411
4,5,33,0.43845751881599426,0.557259738445282,0.781021897810219,0.7352941176470589
4,5,34,0.4342365562915802,0.556813657283783,0.7883211678832117,0.7352941176470589
4,5,35,0.42248034477233887,0.5573102831840515,0.8102189781021898,0.7352941176470589
4,5,36,0.41436484456062317,0.5593457818031311,0.8102189781021898,0.7352941176470589
4,5,37,0.41163212060928345,0.563261866569519,0.8102189781021898,0.7058823529411765
4,5,38,0.4003317058086395,0.5695279240608215,0.8248175182481752,0.7058823529411765
4,5,39,0.3867579996585846,0.577544093132019,0.8394160583941606,0.7058823529411765
4,5,40,0.37020590901374817,0.586970865726471,0.8467153284671532,0.6764705882352942
4,5,41,0.3714650869369507,0.5954673886299133,0.8394160583941606,0.6764705882352942
4,5,42,0.36074256896972656,0.6023503541946411,0.8394160583941606,0.6764705882352942
4,5,43,0.35073933005332947,0.6074005365371704,0.8321167883211679,0.6764705882352942
4,5,44,0.35568585991859436,0.6147966980934143,0.8394160583941606,0.7058823529411765
4,5,45,0.3331065773963928,0.62708979845047,0.8540145985401459,0.7058823529411765
4,5,46,0.32680705189704895,0.6420103311538696,0.8540145985401459,0.7058823529411765
4,5,47,0.3360320031642914,0.661608099937439,0.8540145985401459,0.7058823529411765
4,5,48,0.31961512565612793,0.6826914548873901,0.8613138686131386,0.7058823529411765
4,5,49,0.321615993976593,0.7022386193275452,0.8540145985401459,0.6764705882352942
4,5,50,0.31105759739875793,0.7146912813186646,0.8613138686131386,0.6470588235294118
4,5,51,0.3070107102394104,0.7266887426376343,0.8759124087591241,0.6470588235294118
4,5,52,0.3261312246322632,0.7425307035446167,0.8467153284671532,0.6470588235294118
4,5,53,0.30133482813835144,0.7623612880706787,0.8540145985401459,0.6470588235294118
4,5,54,0.2817005217075348,0.7823157906532288,0.8686131386861314,0.6764705882352942
4,5,55,0.2927612364292145,0.7871535420417786,0.8613138686131386,0.6470588235294118
4,5,56,0.2797641158103943,0.7871898412704468,0.8832116788321168,0.6470588235294118
4,5,57,0.267871618270874,0.7830186486244202,0.8613138686131386,0.6470588235294118
4,5,58,0.2740549147129059,0.7822669744491577,0.8905109489051095,0.6470588235294118
4,5,59,0.2724747955799103,0.7839632630348206,0.8686131386861314,0.6764705882352942
4,5,60,0.24429795145988464,0.7904874086380005,0.9051094890510949,0.6764705882352942
4,5,61,0.23641951382160187,0.7989843487739563,0.8905109489051095,0.6764705882352942
4,5,62,0.26958391070365906,0.8046988248825073,0.8759124087591241,0.6764705882352942
4,5,63,0.23529036343097687,0.807705819606781,0.8832116788321168,0.6764705882352942
4,5,64,0.24108970165252686,0.8061491847038269,0.8978102189781022,0.6764705882352942
4,5,65,0.2465071827173233,0.8078606724739075,0.9197080291970803,0.7058823529411765
4,5,66,0.23060517013072968,0.8153650760650635,0.927007299270073,0.7058823529411765
4,5,67,0.20326243340969086,0.8298938870429993,0.9124087591240876,0.7058823529411765
4,5,68,0.22276060283184052,0.8424243330955505,0.9124087591240876,0.7352941176470589
4,5,69,0.2087290734052658,0.8466106653213501,0.9197080291970803,0.7058823529411765
4,5,70,0.19351032376289368,0.8563132882118225,0.927007299270073,0.7058823529411765
4,5,71,0.194105863571167,0.8742095828056335,0.9343065693430657,0.7058823529411765
4,5,72,0.21341964602470398,0.889248251914978,0.927007299270073,0.7058823529411765
4,5,73,0.19116516411304474,0.9061177372932434,0.9197080291970803,0.7352941176470589
4,5,74,0.18389639258384705,0.9223679900169373,0.9197080291970803,0.7352941176470589
4,5,75,0.1986444741487503,0.9315690994262695,0.9051094890510949,0.7352941176470589
4,5,76,0.1513439565896988,0.9499301910400391,0.9343065693430657,0.7352941176470589
4,5,77,0.16722756624221802,0.9631161689758301,0.9343065693430657,0.7352941176470589
4,5,78,0.15045566856861115,0.9793174862861633,0.927007299270073,0.7352941176470589
4,5,79,0.1500452756881714,0.9956329464912415,0.948905109489051,0.7352941176470589
4,5,80,0.12200455367565155,1.0131465196609497,0.9562043795620438,0.7352941176470589
4,5,81,0.16876699030399323,1.0307039022445679,0.927007299270073,0.7352941176470589
4,5,82,0.16107426583766937,1.0476664304733276,0.927007299270073,0.7352941176470589
4,5,83,0.1401035040616989,1.0622107982635498,0.9562043795620438,0.7352941176470589
4,5,84,0.16161039471626282,1.0773437023162842,0.9197080291970803,0.7352941176470589
4,5,85,0.14371734857559204,1.0939346551895142,0.9416058394160584,0.7352941176470589
4,5,86,0.13846491277217865,1.1100237369537354,0.948905109489051,0.7352941176470589
4,5,87,0.15171009302139282,1.1304200887680054,0.927007299270073,0.7352941176470589
4,5,88,0.13319280743598938,1.140946626663208,0.9343065693430657,0.7058823529411765
4,5,89,0.15801508724689484,1.1426407098770142,0.9197080291970803,0.7352941176470589
4,5,90,0.12157874554395676,1.148450255393982,0.9416058394160584,0.7352941176470589
4,5,91,0.12618155777454376,1.166525959968567,0.948905109489051,0.7352941176470589
4,5,92,0.13484764099121094,1.1786359548568726,0.9343065693430657,0.7352941176470589
4,5,93,0.11035159230232239,1.185343623161316,0.9562043795620438,0.7352941176470589
4,5,94,0.13687409460544586,1.1949272155761719,0.9343065693430657,0.7352941176470589
4,5,95,0.1415257453918457,1.2084068059921265,0.9343065693430657,0.7352941176470589
4,5,96,0.12887434661388397,1.2128797769546509,0.9343065693430657,0.7352941176470589
4,5,97,0.15886040031909943,1.2055715322494507,0.927007299270073,0.7352941176470589
4,5,98,0.1254362314939499,1.2125180959701538,0.9416058394160584,0.7352941176470589
4,5,99,0.15440112352371216,1.2190204858779907,0.927007299270073,0.6764705882352942
4,5,100,0.09706772118806839,1.2309132814407349,0.9562043795620438,0.6764705882352942
5,1,1,0.6991772651672363,0.6855442523956299,0.27205882352941174,0.7142857142857143
5,1,2,0.6840654015541077,0.6728923916816711,0.7279411764705882,0.7142857142857143
5,1,3,0.6703078150749207,0.6600657105445862,0.7279411764705882,0.7142857142857143
5,1,4,0.6566085815429688,0.6451653838157654,0.7279411764705882,0.7142857142857143
5,1,5,0.6382855772972107,0.6284363269805908,0.7279411764705882,0.7142857142857143
5,1,6,0.6186836361885071,0.6108319759368896,0.7279411764705882,0.7142857142857143
5,1,7,0.6015886664390564,0.5950166583061218,0.7279411764705882,0.7142857142857143
5,1,8,0.5834975242614746,0.5846490859985352,0.7279411764705882,0.7142857142857143
5,1,9,0.5732916593551636,0.5827174186706543,0.7279411764705882,0.7142857142857143
5,1,10,0.5684359073638916,0.5877457857131958,0.7279411764705882,0.7142857142857143
5,1,11,0.5776771903038025,0.5909777879714966,0.7279411764705882,0.7142857142857143
5,1,12,0.5795884728431702,0.5882712602615356,0.7279411764705882,0.7142857142857143
5,1,13,0.5767251253128052,0.5814648866653442,0.7279411764705882,0.7142857142857143
5,1,14,0.5674447417259216,0.5739917755126953,0.7279411764705882,0.7142857142857143
5,1,15,0.5595271587371826,0.5682901740074158,0.7279411764705882,0.7142857142857143
5,1,16,0.5522816181182861,0.5650054812431335,0.7279411764705882,0.7142857142857143
5,1,17,0.5464177131652832,0.5634588599205017,0.7279411764705882,0.7142857142857143
5,1,18,0.5437203645706177,0.5624871253967285,0.7279411764705882,0.7142857142857143
5,1,19,0.5431816577911377,0.5611143708229065,0.7279411764705882,0.7142857142857143
5,1,20,0.5371118187904358,0.5587577223777771,0.7279411764705882,0.7142857142857143
5,1,21,0.5339133143424988,0.5551354885101318,0.7279411764705882,0.7142857142857143
5,1,22,0.5285689234733582,0.550324559211731,0.7279411764705882,0.7142857142857143
5,1,23,0.5274620056152344,0.5448098182678223,0.7279411764705882,0.7142857142857143
5,1,24,0.5147376656532288,0.5390923619270325,0.7279411764705882,0.7142857142857143
5,1,25,0.5113604068756104,0.5336665511131287,0.7279411764705882,0.7142857142857143
5,1,26,0.5019112229347229,0.5287434458732605,0.7279411764705882,0.7142857142857143
5,1,27,0.4959288239479065,0.5240573287010193,0.7352941176470589,0.7142857142857143
5,1,28,0.4922949969768524,0.5190495252609253,0.7279411764705882,0.7142857142857143
5,1,29,0.48444584012031555,0.5131884813308716,0.7279411764705882,0.7142857142857143
5,1,30,0.47045907378196716,0.5065286755561829,0.7352941176470589,0.7142857142857143
5,1,31,0.4642845094203949,0.49948132038116455,0.7352941176470589,0.7142857142857143
5,1,32,0.4547450840473175,0.4923980236053467,0.7352941176470589,0.7142857142857143
5,1,33,0.4457571804523468,0.48589152097702026,0.7352941176470589,0.7142857142857143
5,1,34,0.4376258850097656,0.4798699617385864,0.7647058823529411,0.7428571428571429
5,1,35,0.4282264709472656,0.4740757644176483,0.8088235294117647,0.7714285714285715
5,1,36,0.421825110912323,0.46800822019577026,0.8014705882352942,0.7428571428571429
5,1,37,0.4163343012332916,0.4622915983200073,0.8088235294117647,0.7428571428571429
5,1,38,0.4020162522792816,0.45780137181282043,0.8235294117647058,0.7428571428571429
5,1,39,0.3843328356742859,0.45513468980789185,0.8235294117647058,0.7142857142857143
5,1,40,0.3863442838191986,0.45346799492836,0.8308823529411765,0.7428571428571429
5,1,41,0.37647849321365356,0.4514555037021637,0.8235294117647058,0.7428571428571429
5,1,42,0.369294673204422,0.4494819939136505,0.8382352941176471,0.7142857142857143
5,1,43,0.35784366726875305,0.44710034132003784,0.8676470588235294,0.7142857142857143
5,1,44,0.3486325442790985,0.44601166248321533,0.8602941176470589,0.7142857142857143
5,1,45,0.32725441455841064,0.4469829201698303,0.8602941176470589,0.6857142857142857
5,1,46,0.327789306640625,0.45028647780418396,0.875,0.6857142857142857
5,1,47,0.31112828850746155,0.45594045519828796,0.8676470588235294,0.6857142857142857
5,1,48,0.3143385946750641,0.4663512110710144,0.8602941176470589,0.6857142857142857
5,1,49,0.2996149957180023,0.47435805201530457,0.8823529411764706,0.6857142857142857
5,1,50,0.29747843742370605,0.4805452525615692,0.8676470588235294,0.6857142857142857
5,1,51,0.2863903045654297,0.48947688937187195,0.8897058823529411,0.7142857142857143
5,1,52,0.25124868750572205,0.5018713474273682,0.8897058823529411,0.7142857142857143
5,1,53,0.26806145906448364,0.5149556994438171,0.9117647058823529,0.7142857142857143
5,1,54,0.27216315269470215,0.5264170169830322,0.8823529411764706,0.7142857142857143
5,1,55,0.24090419709682465,0.5390071868896484,0.9044117647058824,0.7428571428571429
5,1,56,0.23215298354625702,0.5548104047775269,0.9044117647058824,0.7428571428571429
5,1,57,0.22507089376449585,0.5751887559890747,0.8970588235294118,0.7142857142857143
5,1,58,0.2181738317012787,0.5856065154075623,0.9117647058823529,0.7142857142857143
5,1,59,0.2440887838602066,0.5853047966957092,0.9044117647058824,0.7142857142857143
5,1,60,0.19524815678596497,0.5879220366477966,0.9264705882352942,0.7428571428571429
5,1,61,0.1841648817062378,0.6008350849151611,0.9411764705882353,0.7142857142857143
5,1,62,0.20905649662017822,0.6291930079460144,0.8970588235294118,0.6571428571428571
5,1,63,0.18991148471832275,0.6538102030754089,0.9264705882352942,0.6571428571428571
5,1,64,0.19367700815200806,0.6408156156539917,0.9191176470588235,0.6857142857142857
5,1,65,0.20383141934871674,0.6287111639976501,0.9044117647058824,0.7428571428571429
5,1,66,0.18141895532608032,0.6346163153648376,0.9338235294117647,0.7428571428571429
5,1,67,0.20207913219928741,0.6658728718757629,0.9264705882352942,0.6857142857142857
5,1,68,0.1684044897556305,0.7029247879981995,0.9485294117647058,0.6857142857142857
5,1,69,0.16225942969322205,0.6753384470939636,0.9264705882352942,0.6571428571428571
5,1,70,0.1601199209690094,0.6242716312408447,0.9338235294117647,0.7142857142857143
5,1,71,0.16995519399642944,0.6159274578094482,0.9264705882352942,0.7142857142857143
5,1,72,0.16615507006645203,0.622990608215332,0.9338235294117647,0.7428571428571429
5,1,73,0.18483851850032806,0.6423343420028687,0.9191176470588235,0.7142857142857143
5,1,74,0.17561852931976318,0.6757069826126099,0.9191176470588235,0.6857142857142857
5,1,75,0.18169014155864716,0.6883324980735779,0.9044117647058824,0.6857142857142857
5,1,76,0.1821107566356659,0.6543834209442139,0.8897058823529411,0.7142857142857143
5,1,77,0.142023503780365,0.6435993909835815,0.9558823529411765,0.7428571428571429
5,1,78,0.1794639378786087,0.6442294120788574,0.9338235294117647,0.7714285714285715
5,1,79,0.1476648598909378,0.6514245867729187,0.9485294117647058,0.7142857142857143
5,1,80,0.13185574114322662,0.681943953037262,0.9558823529411765,0.7142857142857143
5,1,81,0.143349289894104,0.7150598168373108,0.9191176470588235,0.7142857142857143
5,1,82,0.1436382681131363,0.7091156840324402,0.9411764705882353,0.7142857142857143
5,1,83,0.13079315423965454,0.6863170266151428,0.9411764705882353,0.7142857142857143
5,1,84,0.1691817194223404,0.6518431305885315,0.9117647058823529,0.7428571428571429
5,1,85,0.17109161615371704,0.6413291692733765,0.9485294117647058,0.7714285714285715
5,1,86,0.17272943258285522,0.6467660665512085,0.9338235294117647,0.7714285714285715
5,1,87,0.1381199210882187,0.6712750196456909,0.9411764705882353,0.7142857142857143
5,1,88,0.13652604818344116,0.7256149053573608,0.9411764705882353,0.7428571428571429
5,1,89,0.1295211762189865,0.7731513977050781,0.9558823529411765,0.6857142857142857
5,1,90,0.12853126227855682,0.7788757085800171,0.9558823529411765,0.6857142857142857
5,1,91,0.17707599699497223,0.7187204957008362,0.9117647058823529,0.7142857142857143
5,1,92,0.1665106862783432,0.6614081859588623,0.9191176470588235,0.7142857142857143
5,1,93,0.11838609725236893,0.6444810032844543,0.9558823529411765,0.8
5,1,94,0.13270564377307892,0.6482726335525513,0.9558823529411765,0.8
5,1,95,0.14247213304042816,0.6674726605415344,0.9338235294117647,0.7428571428571429
5,1,96,0.15561886131763458,0.704573392868042,0.9338235294117647,0.7142857142857143
5,1,97,0.12195225059986115,0.7536259293556213,0.9632352941176471,0.6857142857142857
5,1,98,0.13642609119415283,0.7552445530891418,0.9264705882352942,0.6857142857142857
5,1,99,0.1277971863746643,0.7530430555343628,0.9558823529411765,0.6857142857142857
5,1,100,0.13536831736564636,0.7355266213417053,0.9338235294117647,0.7142857142857143
5,2,1,0.7049674391746521,0.6889142990112305,0.2773722627737226,0.7352941176470589
5,2,2,0.6897255182266235,0.6732697486877441,0.7007299270072993,0.7352941176470589
5,2,3,0.6739650964736938,0.6571468114852905,0.7226277372262774,0.7352941176470589
5,2,4,0.658087968826294,0.6396183967590332,0.7226277372262774,0.7352941176470589
5,2,5,0.6409293413162231,0.6209211945533752,0.7226277372262774,0.7352941176470589
5,2,6,0.622692346572876,0.6022424101829529,0.7226277372262774,0.7352941176470589
5,2,7,0.6047115921974182,0.5863214135169983,0.7226277372262774,0.7352941176470589
5,2,8,0.5882931351661682,0.5774703621864319,0.7226277372262774,0.7352941176470589
5,2,9,0.5779865384101868,0.5790789127349854,0.7226277372262774,0.7352941176470589
5,2,10,0.5723931193351746,0.5882070660591125,0.7226277372262774,0.7352941176470589
5,2,11,0.5805894732475281,0.5947343707084656,0.7226277372262774,0.7352941176470589
5,2,12,0.5833072066307068,0.5931797027587891,0.7226277372262774,0.7352941176470589
5,2,13,0.5712059736251831,0.5860914587974548,0.7226277372262774,0.7352941176470589
5,2,14,0.5700929760932922,0.5768390893936157,0.7226277372262774,0.7352941176470589
5,2,15,0.562957763671875,0.568629801273346,0.7226277372262774,0.7352941176470589
5,2,16,0.5554932951927185,0.5629321336746216,0.7226277372262774,0.7352941176470589
5,2,17,0.5479456782341003,0.5596114993095398,0.7226277372262774,0.7352941176470589
5,2,18,0.5441678762435913,0.5576520562171936,0.7226277372262774,0.7352941176470589
5,2,19,0.5438966751098633,0.5560325384140015,0.7226277372262774,0.7352941176470589
5,2,20,0.539154052734375,0.5539038181304932,0.7226277372262774,0.7352941176470589
5,2,21,0.5388197898864746,0.5509412288665771,0.7226277372262774,0.7352941176470589
5,2,22,0.5308994650840759,0.5472525358200073,0.7226277372262774,0.7352941176470589
5,2,23,0.5262935757637024,0.5432689785957336,0.7226277372262774,0.7352941176470589
5,2,24,0.5168282985687256,0.5395419001579285,0.7299270072992701,0.7352941176470589
5,2,25,0.5131643414497375,0.536428689956665,0.7299270072992701,0.7352941176470589
5,2,26,0.5036739706993103,0.5341097712516785,0.7299270072992701,0.7352941176470589
5,2,27,0.4908292293548584,0.532250702381134,0.7299270072992701,0.7352941176470589
5,2,28,0.4864526391029358,0.5299127697944641,0.7299270072992701,0.7352941176470589
5,2,29,0.47489750385284424,0.5263602137565613,0.7518248175182481,0.7352941176470589
5,2,30,0.46759846806526184,0.5209299325942993,0.7518248175182481,0.7352941176470589
5,2,31,0.45938801765441895,0.514552116394043,0.7591240875912408,0.7352941176470589
5,2,32,0.4507679343223572,0.5077289342880249,0.7591240875912408,0.7352941176470589
5,2,33,0.44172990322113037,0.5019391775131226,0.7664233576642335,0.7352941176470589
5,2,34,0.43273940682411194,0.4975088834762573,0.7883211678832117,0.7941176470588235
5,2,35,0.41931670904159546,0.494633287191391,0.7883211678832117,0.7647058823529411
5,2,36,0.41617482900619507,0.49249380826950073,0.8029197080291971,0.7647058823529411
5,2,37,0.4046860933303833,0.4914330244064331,0.8175182481751825,0.7647058823529411
5,2,38,0.38976091146469116,0.4917319715023041,0.8175182481751825,0.7647058823529411
5,2,39,0.3690899610519409,0.49306029081344604,0.8175182481751825,0.7941176470588235
5,2,40,0.3688739836215973,0.49454811215400696,0.8102189781021898,0.7941176470588235
5,2,41,0.3603907525539398,0.49661776423454285,0.8175182481751825,0.7941176470588235
5,2,42,0.35557428002357483,0.4997136890888214,0.8248175182481752,0.7941176470588235
5,2,43,0.33548417687416077,0.5042073130607605,0.8102189781021898,0.7941176470588235
5,2,44,0.3304835259914398,0.5094174742698669,0.8029197080291971,0.7941176470588235
5,2,45,0.32931506633758545,0.51462322473526,0.8321167883211679,0.7941176470588235
5,2,46,0.32582104206085205,0.5219259858131409,0.8029197080291971,0.7941176470588235
5,2,47,0.31266650557518005,0.5301888585090637,0.8394160583941606,0.7941176470588235
5,2,48,0.30313700437545776,0.5364465713500977,0.8394160583941606,0.7941176470588235
5,2,49,0.29883524775505066,0.5406646132469177,0.8175182481751825,0.7941176470588235
5,2,50,0.2835322618484497,0.5429420471191406,0.8613138686131386,0.7941176470588235
5,2,51,0.27016139030456543,0.5447022914886475,0.8686131386861314,0.7941176470588235
5,2,52,0.2669912576675415,0.5477131605148315,0.8686131386861314,0.7941176470588235
5,2,53,0.2612866461277008,0.5477176904678345,0.8613138686131386,0.7941176470588235
5,2,54,0.24751406908035278,0.5492560267448425,0.8686131386861314,0.7941176470588235
5,2,55,0.2617699205875397,0.5575466156005859,0.8540145985401459,0.7941176470588235
5,2,56,0.2423318773508072,0.5641116499900818,0.9051094890510949,0.7941176470588235
5,2,57,0.22861656546592712,0.5678638219833374,0.8905109489051095,0.8235294117647058
5,2,58,0.23732969164848328,0.5773105621337891,0.8905109489051095,0.8235294117647058
5,2,59,0.1939152181148529,0.5847809910774231,0.9124087591240876,0.8529411764705882
5,2,60,0.20450972020626068,0.5861539244651794,0.9124087591240876,0.8235294117647058
5,2,61,0.22053778171539307,0.5897948145866394,0.9197080291970803,0.8235294117647058
5,2,62,0.17604902386665344,0.6009157299995422,0.948905109489051,0.8529411764705882
5,2,63,0.15648438036441803,0.6174836754798889,0.948905109489051,0.8235294117647058
5,2,64,0.18166932463645935,0.624259352684021,0.9124087591240876,0.8235294117647058
5,2,65,0.16916869580745697,0.627990186214447,0.9416058394160584,0.7941176470588235
5,2,66,0.16079333424568176,0.6403603553771973,0.9343065693430657,0.7941176470588235
5,2,67,0.17751476168632507,0.6537750959396362,0.9124087591240876,0.7941176470588235
5,2,68,0.12975233793258667,0.6819213032722473,0.9562043795620438,0.8529411764705882
5,2,69,0.1914527267217636,0.690976619720459,0.8978102189781022,0.8235294117647058
5,2,70,0.16774941980838776,0.7060489058494568,0.9197080291970803,0.7941176470588235
5,2,71,0.13565820455551147,0.7313247323036194,0.948905109489051,0.7941176470588235
5,2,72,0.1330195814371109,0.7279988527297974,0.9562043795620438,0.7941176470588235
5,2,73,0.13982939720153809,0.7518271207809448,0.9343065693430657,0.8529411764705882
5,2,74,0.16218824684619904,0.7607090473175049,0.9343065693430657,0.8235294117647058
5,2,75,0.1461234986782074,0.7478422522544861,0.9197080291970803,0.8235294117647058
5,2,76,0.11892349272966385,0.7688442468643188,0.948905109489051,0.7941176470588235
5,2,77,0.18137623369693756,0.7858458161354065,0.9197080291970803,0.8235294117647058
5,2,78,0.11665767431259155,0.779474139213562,0.9416058394160584,0.7941176470588235
5,2,79,0.12478169798851013,0.8127821087837219,0.9416058394160584,0.8529411764705882
5,2,80,0.13275876641273499,0.8238120079040527,0.9416058394160584,0.8235294117647058
5,2,81,0.12803101539611816,0.8022377490997314,0.9343065693430657,0.8235294117647058
5,2,82,0.12167422473430634,0.800288736820221,0.9343065693430657,0.7941176470588235
5,2,83,0.14616191387176514,0.8055219054222107,0.927007299270073,0.7941176470588235
5,2,84,0.09799070656299591,0.8080858588218689,0.9635036496350365,0.7941176470588235
5,2,85,0.13525500893592834,0.8149969577789307,0.9416058394160584,0.8235294117647058
5,2,86,0.09621167182922363,0.8243470788002014,0.9635036496350365,0.8529411764705882
5,2,87,0.11084332317113876,0.8206100463867188,0.948905109489051,0.8529411764705882
5,2,88,0.09385554492473602,0.8201770186424255,0.9562043795620438,0.8235294117647058
5,2,89,0.07760719954967499,0.8315750360488892,0.9708029197080292,0.7941176470588235
5,2,90,0.1176765188574791,0.8414880037307739,0.9343065693430657,0.7941176470588235
5,2,91,0.09551829099655151,0.8518998026847839,0.9562043795620438,0.7941176470588235
5,2,92,0.07684347033500671,0.8670815229415894,0.9854014598540146,0.8235294117647058
5,2,93,0.08698295056819916,0.8702407479286194,0.9562043795620438,0.7941176470588235
5,2,94,0.10288041085004807,0.8720424175262451,0.948905109489051,0.7941176470588235
5,2,95,0.07569339126348495,0.8813490271568298,0.948905109489051,0.7941176470588235
5,2,96,0.09959449619054794,0.8981692790985107,0.9635036496350365,0.7941176470588235
5,2,97,0.09417440742254257,0.9111690521240234,0.9635036496350365,0.7941176470588235
5,2,98,0.0789182260632515,0.9093772768974304,0.9708029197080292,0.7941176470588235
5,2,99,0.09903104603290558,0.916016161441803,0.9416058394160584,0.7941176470588235
5,2,100,0.07452491670846939,0.9260879158973694,0.9708029197080292,0.8235294117647058
5,3,1,0.6917844414710999,0.6753373742103577,0.6131386861313869,0.7352941176470589
5,3,2,0.6768708229064941,0.6614788174629211,0.7226277372262774,0.7352941176470589
5,3,3,0.664674699306488,0.6473463773727417,0.7226277372262774,0.7352941176470589
5,3,4,0.6518551707267761,0.6323527097702026,0.7226277372262774,0.7352941176470589
5,3,5,0.6385127305984497,0.6157643795013428,0.7226277372262774,0.7352941176470589
5,3,6,0.622469961643219,0.5980035066604614,0.7226277372262774,0.7352941176470589
5,3,7,0.6072770357131958,0.5802751183509827,0.7226277372262774,0.7352941176470589
5,3,8,0.5905671119689941,0.5658368468284607,0.7226277372262774,0.7352941176470589
5,3,9,0.5835299491882324,0.5582706332206726,0.7226277372262774,0.7352941176470589
5,3,10,0.5719348192214966,0.5587411522865295,0.7226277372262774,0.7352941176470589
5,3,11,0.5791007876396179,0.56205815076828,0.7226277372262774,0.7352941176470589
5,3,12,0.5782960653305054,0.562106728553772,0.7226277372262774,0.7352941176470589
5,3,13,0.5839720964431763,0.5573633313179016,0.7226277372262774,0.7352941176470589
5,3,14,0.5851327776908875,0.5502229332923889,0.7226277372262774,0.7352941176470589
5,3,15,0.5721540451049805,0.5435953140258789,0.7226277372262774,0.7352941176470589
5,3,16,0.5654584169387817,0.5390577912330627,0.7226277372262774,0.7352941176470589
5,3,17,0.5605742931365967,0.5367305874824524,0.7226277372262774,0.7352941176470589
5,3,18,0.5559285283088684,0.5355944037437439,0.7226277372262774,0.7352941176470589
5,3,19,0.5544615387916565,0.5343498587608337,0.7226277372262774,0.7352941176470589
5,3,20,0.5509949922561646,0.5321504473686218,0.7226277372262774,0.7352941176470589
5,3,21,0.5484335422515869,0.5285823941230774,0.7226277372262774,0.7352941176470589
5,3,22,0.5464934706687927,0.5236843228340149,0.7226277372262774,0.7352941176470589
5,3,23,0.5432692170143127,0.5178771615028381,0.7226277372262774,0.7352941176470589
5,3,24,0.5341283082962036,0.5116553902626038,0.7226277372262774,0.7352941176470589
5,3,25,0.5293535590171814,0.5056470632553101,0.7226277372262774,0.7352941176470589
5,3,26,0.5238858461380005,0.5001278519630432,0.7226277372262774,0.7352941176470589
5,3,27,0.5137770175933838,0.4951435625553131,0.7226277372262774,0.7352941176470589
5,3,28,0.5083785653114319,0.4902908205986023,0.7226277372262774,0.7352941176470589
5,3,29,0.5037227869033813,0.4845741391181946,0.7226277372262774,0.7352941176470589
5,3,30,0.498466819524765,0.4773285686969757,0.7372262773722628,0.7352941176470589
5,3,31,0.49130716919898987,0.4684395492076874,0.7372262773722628,0.7352941176470589
5,3,32,0.48311910033226013,0.45835646986961365,0.7372262773722628,0.7352941176470589
5,3,33,0.4786536693572998,0.4478777050971985,0.7372262773722628,0.7647058823529411
5,3,34,0.46226099133491516,0.4375160038471222,0.7737226277372263,0.7647058823529411
5,3,35,0.4578664004802704,0.4271203875541687,0.7883211678832117,0.7647058823529411
5,3,36,0.4493076205253601,0.4164651036262512,0.781021897810219,0.7941176470588235
5,3,37,0.43692344427108765,0.4055246114730835,0.7956204379562044,0.7941176470588235
5,3,38,0.4378278851509094,0.395524263381958,0.7956204379562044,0.7647058823529411
5,3,39,0.42348960041999817,0.3868345320224762,0.8175182481751825,0.7647058823529411
5,3,40,0.4189445376396179,0.37818729877471924,0.8029197080291971,0.7647058823529411
5,3,41,0.4054200053215027,0.3676244914531708,0.8175182481751825,0.7647058823529411
5,3,42,0.3971554934978485,0.3548147976398468,0.8175182481751825,0.7941176470588235
5,3,43,0.37832143902778625,0.33963409066200256,0.8102189781021898,0.8235294117647058
5,3,44,0.373798668384552,0.3252948224544525,0.8248175182481752,0.8235294117647058
5,3,45,0.36521533131599426,0.3147867023944855,0.8394160583941606,0.8235294117647058
5,3,46,0.3530885875225067,0.30968397855758667,0.8686131386861314,0.8529411764705882
5,3,47,0.35201767086982727,0.30863240361213684,0.8394160583941606,0.8529411764705882
5,3,48,0.3384954035282135,0.30463510751724243,0.8540145985401459,0.8529411764705882
5,3,49,0.3302774429321289,0.29280343651771545,0.8540145985401459,0.8823529411764706
5,3,50,0.31000760197639465,0.28956088423728943,0.8686131386861314,0.8823529411764706
5,3,51,0.31717610359191895,0.29381465911865234,0.8686131386861314,0.8823529411764706
5,3,52,0.31872355937957764,0.2959108054637909,0.8613138686131386,0.8823529411764706
5,3,53,0.2900336980819702,0.29001402854919434,0.8686131386861314,0.8823529411764706
5,3,54,0.26405394077301025,0.2907866835594177,0.9051094890510949,0.8823529411764706
5,3,55,0.2698286175727844,0.2984718084335327,0.8686131386861314,0.8823529411764706
5,3,56,0.26223084330558777,0.2894126772880554,0.8905109489051095,0.8529411764705882
5,3,57,0.2326064556837082,0.28531450033187866,0.927007299270073,0.8529411764705882
5,3,58,0.24039264023303986,0.2941380739212036,0.9197080291970803,0.8529411764705882
5,3,59,0.24439918994903564,0.3211749494075775,0.9124087591240876,0.8529411764705882
5,3,60,0.2645253539085388,0.304916650056839,0.8978102189781022,0.8529411764705882
5,3,61,0.22762517631053925,0.2971831262111664,0.9051094890510949,0.8235294117647058
5,3,62,0.20542049407958984,0.30215004086494446,0.9343065693430657,0.8235294117647058
5,3,63,0.19499966502189636,0.319927453994751,0.927007299270073,0.8529411764705882
5,3,64,0.2421901673078537,0.3131430447101593,0.9124087591240876,0.8529411764705882
5,3,65,0.21009798347949982,0.31583356857299805,0.927007299270073,0.8529411764705882
5,3,66,0.1810704469680786,0.325912207365036,0.9343065693430657,0.8529411764705882
5,3,67,0.20370660722255707,0.3403303623199463,0.9197080291970803,0.8529411764705882
5,3,68,0.21018335223197937,0.349006325006485,0.9197080291970803,0.8529411764705882
5,3,69,0.1828591227531433,0.3630068600177765,0.927007299270073,0.8235294117647058
5,3,70,0.21123692393302917,0.38296881318092346,0.9124087591240876,0.7941176470588235
5,3,71,0.1680472493171692,0.3690073788166046,0.9416058394160584,0.8235294117647058
5,3,72,0.2157462239265442,0.3244231939315796,0.9051094890510949,0.8235294117647058
5,3,73,0.18823941051959991,0.3218221664428711,0.9343065693430657,0.8529411764705882
5,3,74,0.16298174858093262,0.34429556131362915,0.9416058394160584,0.8235294117647058
5,3,75,0.14168865978717804,0.3696560859680176,0.9343065693430657,0.8235294117647058
5,3,76,0.1545935571193695,0.36411017179489136,0.948905109489051,0.8235294117647058
5,3,77,0.1565127670764923,0.3614591956138611,0.9343065693430657,0.8529411764705882
5,3,78,0.19425813853740692,0.35542482137680054,0.927007299270073,0.8529411764705882
5,3,79,0.16744530200958252,0.3584413528442383,0.927007299270073,0.8529411764705882
5,3,80,0.17433950304985046,0.35066282749176025,0.9124087591240876,0.8529411764705882
5,3,81,0.1350160837173462,0.34070542454719543,0.927007299270073,0.8823529411764706
5,3,82,0.13791918754577637,0.3340587317943573,0.9416058394160584,0.8529411764705882
5,3,83,0.16731195151805878,0.34908854961395264,0.9197080291970803,0.8823529411764706
5,3,84,0.14470593631267548,0.379134863615036,0.9343065693430657,0.8823529411764706
5,3,85,0.1741340160369873,0.4086002707481384,0.9197080291970803,0.8529411764705882
5,3,86,0.1303834319114685,0.4022652506828308,0.9416058394160584,0.8529411764705882
5,3,87,0.13449372351169586,0.40589338541030884,0.9343065693430657,0.8529411764705882
5,3,88,0.14380639791488647,0.4047835171222687,0.9197080291970803,0.8823529411764706
5,3,89,0.11990127712488174,0.41872379183769226,0.9562043795620438,0.8529411764705882
5,3,90,0.13111069798469543,0.4301035404205322,0.9416058394160584,0.8529411764705882
5,3,91,0.14917021989822388,0.43842461705207825,0.9343065693430657,0.8235294117647058
5,3,92,0.16477784514427185,0.44312405586242676,0.9416058394160584,0.8235294117647058
5,3,93,0.13951733708381653,0.4449158310890198,0.9343065693430657,0.8235294117647058
5,3,94,0.16641083359718323,0.44696056842803955,0.927007299270073,0.8235294117647058
5,3,95,0.11357168108224869,0.4504396319389343,0.948905109489051,0.8235294117647058
5,3,96,0.12507490813732147,0.47372323274612427,0.9416058394160584,0.8235294117647058
5,3,97,0.1370762586593628,0.46655306220054626,0.9562043795620438,0.8235294117647058
5,3,98,0.13651059567928314,0.4525550901889801,0.9343065693430657,0.8235294117647058
5,3,99,0.14581067860126495,0.4436896741390228,0.9343065693430657,0.8529411764705882
5,3,100,0.12120465189218521,0.4408770799636841,0.948905109489051,0.8529411764705882
5,4,1,0.6810752749443054,0.665757954120636,0.7226277372262774,0.7352941176470589
5,4,2,0.6666423678398132,0.6528845429420471,0.7226277372262774,0.7352941176470589
5,4,3,0.6545714735984802,0.640265166759491,0.7226277372262774,0.7352941176470589
5,4,4,0.6418166160583496,0.6264536380767822,0.7226277372262774,0.7352941176470589
5,4,5,0.628948450088501,0.6115683913230896,0.7226277372262774,0.7352941176470589
5,4,6,0.6129443645477295,0.5965753793716431,0.7226277372262774,0.7352941176470589
5,4,7,0.5969824194908142,0.583480954170227,0.7226277372262774,0.7352941176470589
5,4,8,0.58619624376297,0.5754088163375854,0.7226277372262774,0.7352941176470589
5,4,9,0.5760716199874878,0.5744441747665405,0.7226277372262774,0.7352941176470589
5,4,10,0.5705026388168335,0.5791357159614563,0.7226277372262774,0.7352941176470589
5,4,11,0.5740116238594055,0.5830216407775879,0.7226277372262774,0.7352941176470589
5,4,12,0.5766749978065491,0.5816433429718018,0.7226277372262774,0.7352941176470589
5,4,13,0.5725650787353516,0.5761398077011108,0.7226277372262774,0.7352941176470589
5,4,14,0.5739116668701172,0.5690984725952148,0.7226277372262774,0.7352941176470589
5,4,15,0.5587602853775024,0.5630119442939758,0.7226277372262774,0.7352941176470589
5,4,16,0.5508496165275574,0.558932363986969,0.7226277372262774,0.7352941176470589
5,4,17,0.5457333326339722,0.5565038323402405,0.7226277372262774,0.7352941176470589
5,4,18,0.5416579842567444,0.554880678653717,0.7226277372262774,0.7352941176470589
5,4,19,0.5380948781967163,0.5531865954399109,0.7226277372262774,0.7352941176470589
5,4,20,0.5354008078575134,0.5508345365524292,0.7226277372262774,0.7352941176470589
5,4,21,0.5275807976722717,0.5474978685379028,0.7299270072992701,0.7352941176470589
5,4,22,0.5212643146514893,0.5432204008102417,0.7299270072992701,0.7352941176470589
5,4,23,0.5150362849235535,0.5385690927505493,0.7299270072992701,0.7352941176470589
5,4,24,0.5096008777618408,0.5341017842292786,0.7299270072992701,0.7352941176470589
5,4,25,0.49968937039375305,0.530304491519928,0.7372262773722628,0.7352941176470589
5,4,26,0.4884761571884155,0.5274215340614319,0.7518248175182481,0.7352941176470589
5,4,27,0.48396071791648865,0.5248920321464539,0.7518248175182481,0.7352941176470589
5,4,28,0.47270727157592773,0.5218244194984436,0.7518248175182481,0.7352941176470589
5,4,29,0.4610809087753296,0.5176344513893127,0.7664233576642335,0.7058823529411765
5,4,30,0.4553461968898773,0.5120615363121033,0.7737226277372263,0.7352941176470589
5,4,31,0.44428372383117676,0.5059810280799866,0.781021897810219,0.7352941176470589
5,4,32,0.42568668723106384,0.5005077123641968,0.8175182481751825,0.7352941176470589
5,4,33,0.42660224437713623,0.495548814535141,0.8102189781021898,0.7058823529411765
5,4,34,0.4090521037578583,0.4918851852416992,0.8394160583941606,0.7058823529411765
5,4,35,0.40453606843948364,0.4900059401988983,0.8175182481751825,0.7058823529411765
5,4,36,0.39601847529411316,0.49052733182907104,0.8102189781021898,0.7058823529411765
5,4,37,0.3948817551136017,0.49389591813087463,0.8029197080291971,0.7058823529411765
5,4,38,0.3740319013595581,0.49785116314888,0.8175182481751825,0.7352941176470589
5,4,39,0.3656677007675171,0.49848735332489014,0.8102189781021898,0.7352941176470589
5,4,40,0.3690997362136841,0.4979417026042938,0.8175182481751825,0.7352941176470589
5,4,41,0.3436278700828552,0.4962155520915985,0.8248175182481752,0.7352941176470589
5,4,42,0.3512099087238312,0.49457287788391113,0.8175182481751825,0.7352941176470589
5,4,43,0.34986913204193115,0.4982273578643799,0.8248175182481752,0.7647058823529411
5,4,44,0.32443785667419434,0.5046058297157288,0.8540145985401459,0.7352941176470589
5,4,45,0.3221748471260071,0.5124949216842651,0.8613138686131386,0.7352941176470589
5,4,46,0.3128663897514343,0.5173901915550232,0.8540145985401459,0.7352941176470589
5,4,47,0.30399683117866516,0.5210517048835754,0.8686131386861314,0.7352941176470589
5,4,48,0.3063425123691559,0.5237044095993042,0.8540145985401459,0.7352941176470589
5,4,49,0.30293935537338257,0.5258534550666809,0.8613138686131386,0.7352941176470589
5,4,50,0.2940831482410431,0.5265117883682251,0.8467153284671532,0.7352941176470589
5,4,51,0.2805410921573639,0.5323276519775391,0.8686131386861314,0.7352941176470589
5,4,52,0.276577353477478,0.5415671467781067,0.8759124087591241,0.7352941176470589
5,4,53,0.2794674038887024,0.5503939390182495,0.8394160583941606,0.7352941176470589
5,4,54,0.24061952531337738,0.5523576140403748,0.8978102189781022,0.7352941176470589
5,4,55,0.2262185961008072,0.5506280064582825,0.9051094890510949,0.7647058823529411
5,4,56,0.2227819263935089,0.5596157908439636,0.8978102189781022,0.7647058823529411
5,4,57,0.23673512041568756,0.5743247866630554,0.8759124087591241,0.7352941176470589
5,4,58,0.22484983503818512,0.587662398815155,0.9051094890510949,0.7352941176470589
5,4,59,0.21683068573474884,0.5921664834022522,0.9197080291970803,0.7941176470588235
5,4,60,0.23380078375339508,0.6041186451911926,0.8832116788321168,0.7647058823529411
5,4,61,0.23722399771213531,0.6134436130523682,0.8759124087591241,0.7941176470588235
5,4,62,0.21906894445419312,0.624286413192749,0.8905109489051095,0.7647058823529411
5,4,63,0.19519180059432983,0.6345928311347961,0.9416058394160584,0.7647058823529411
5,4,64,0.20821721851825714,0.6493122577667236,0.9051094890510949,0.7647058823529411
5,4,65,0.2198435664176941,0.6602162718772888,0.8978102189781022,0.7647058823529411
5,4,66,0.1743168979883194,0.6671470403671265,0.9197080291970803,0.7941176470588235
5,4,67,0.16288940608501434,0.6765928864479065,0.9416058394160584,0.7647058823529411
5,4,68,0.1800588220357895,0.6882836818695068,0.9197080291970803,0.7941176470588235
5,4,69,0.15538303554058075,0.6981902718544006,0.9343065693430657,0.7647058823529411
5,4,70,0.15122953057289124,0.709729015827179,0.9416058394160584,0.7647058823529411
5,4,71,0.16121448576450348,0.7178979516029358,0.9343065693430657,0.7647058823529411
5,4,72,0.18041928112506866,0.7251617312431335,0.9124087591240876,0.7941176470588235
5,4,73,0.16802331805229187,0.7324087619781494,0.9197080291970803,0.7941176470588235
5,4,74,0.16539853811264038,0.7466416954994202,0.9124087591240876,0.8235294117647058
5,4,75,0.14317499101161957,0.7545491456985474,0.9197080291970803,0.8235294117647058
5,4,76,0.1441638469696045,0.7555554509162903,0.9197080291970803,0.7941176470588235
5,4,77,0.14896467328071594,0.7641668915748596,0.9343065693430657,0.7941176470588235
5,4,78,0.1577863246202469,0.7730010747909546,0.948905109489051,0.7941176470588235
5,4,79,0.15041236579418182,0.7838141918182373,0.9416058394160584,0.7941176470588235
5,4,80,0.15389089286327362,0.8009911775588989,0.927007299270073,0.7647058823529411
5,4,81,0.1469002366065979,0.8190674781799316,0.927007299270073,0.7941176470588235
5,4,82,0.15131999552249908,0.8116211891174316,0.927007299270073,0.7941176470588235
5,4,83,0.17789964377880096,0.8111505508422852,0.9124087591240876,0.7647058823529411
5,4,84,0.13433535397052765,0.8143712282180786,0.9416058394160584,0.7647058823529411
5,4,85,0.1376604288816452,0.8220897912979126,0.948905109489051,0.8235294117647058
5,4,86,0.11763181537389755,0.8555566668510437,0.9562043795620438,0.7941176470588235
5,4,87,0.17560802400112152,0.8513565063476562,0.927007299270073,0.8235294117647058
5,4,88,0.13417646288871765,0.8284807801246643,0.9416058394160584,0.8235294117647058
5,4,89,0.13495087623596191,0.8270602822303772,0.9343065693430657,0.7352941176470589
5,4,90,0.1442689597606659,0.8369156122207642,0.9343065693430657,0.7352941176470589
5,4,91,0.15372003614902496,0.8366695642471313,0.9343065693430657,0.7941176470588235
5,4,92,0.12307862937450409,0.8582091927528381,0.9562043795620438,0.8235294117647058
5,4,93,0.12804028391838074,0.8863034844398499,0.9562043795620438,0.8235294117647058
5,4,94,0.14171692728996277,0.8880505561828613,0.9124087591240876,0.7941176470588235
5,4,95,0.13559353351593018,0.8748222589492798,0.9416058394160584,0.8235294117647058
5,4,96,0.13511399924755096,0.8653882741928101,0.9343065693430657,0.8235294117647058
5,4,97,0.12024036794900894,0.868646502494812,0.9343065693430657,0.7647058823529411
5,4,98,0.12361236661672592,0.8738219141960144,0.9416058394160584,0.7647058823529411
5,4,99,0.1166207417845726,0.8828282952308655,0.9562043795620438,0.8235294117647058
5,4,100,0.13581733405590057,0.9062489867210388,0.927007299270073,0.7941176470588235
5,5,1,0.6871963739395142,0.6741003394126892,0.7299270072992701,0.7058823529411765
5,5,2,0.6720811724662781,0.6602895259857178,0.7299270072992701,0.7058823529411765
5,5,3,0.6567443013191223,0.6459407210350037,0.7299270072992701,0.7058823529411765
5,5,4,0.6405104398727417,0.6303462982177734,0.7299270072992701,0.7058823529411765
5,5,5,0.621941089630127,0.6142430901527405,0.7299270072992701,0.7058823529411765
5,5,6,0.6024788022041321,0.6000123620033264,0.7299270072992701,0.7058823529411765
5,5,7,0.5842947959899902,0.5912785530090332,0.7299270072992701,0.7058823529411765
5,5,8,0.5709885954856873,0.5915021896362305,0.7299270072992701,0.7058823529411765
5,5,9,0.5713527798652649,0.599153995513916,0.7299270072992701,0.7058823529411765
5,5,10,0.5698461532592773,0.605615496635437,0.7299270072992701,0.7058823529411765
5,5,11,0.5787482857704163,0.6042157411575317,0.7299270072992701,0.7058823529411765
5,5,12,0.5705868005752563,0.5966213941574097,0.7299270072992701,0.7058823529411765
5,5,13,0.5640357136726379,0.5867739319801331,0.7299270072992701,0.7058823529411765
5,5,14,0.553208589553833,0.5781813263893127,0.7299270072992701,0.7058823529411765
5,5,15,0.5471516847610474,0.5722193121910095,0.7299270072992701,0.7058823529411765
5,5,16,0.5407105088233948,0.5685863494873047,0.7299270072992701,0.7058823529411765
5,5,17,0.5394482016563416,0.5661270022392273,0.7299270072992701,0.7058823529411765
5,5,18,0.535339891910553,0.5636336207389832,0.7299270072992701,0.7058823529411765
5,5,19,0.5309766530990601,0.560367226600647,0.7299270072992701,0.7058823529411765
5,5,20,0.5286455154418945,0.5561471581459045,0.7299270072992701,0.7058823529411765
5,5,21,0.5233635306358337,0.5510464906692505,0.7299270072992701,0.7058823529411765
5,5,22,0.5168264508247375,0.5455636382102966,0.7299270072992701,0.7058823529411765
5,5,23,0.5045724511146545,0.5401931405067444,0.7372262773722628,0.7058823529411765
5,5,24,0.4981587529182434,0.5352031588554382,0.7372262773722628,0.7058823529411765
5,5,25,0.4934298098087311,0.5302768349647522,0.7372262773722628,0.7058823529411765
5,5,26,0.4813333749771118,0.5246179103851318,0.7372262773722628,0.7058823529411765
5,5,27,0.4750857949256897,0.5176069140434265,0.7372262773722628,0.7058823529411765
5,5,28,0.46652624011039734,0.5089595913887024,0.7518248175182481,0.7058823529411765
5,5,29,0.4557298421859741,0.49942275881767273,0.7591240875912408,0.7058823529411765
5,5,30,0.44671303033828735,0.4905861020088196,0.7737226277372263,0.7058823529411765
5,5,31,0.44275104999542236,0.48318132758140564,0.7591240875912408,0.7058823529411765
5,5,32,0.43305373191833496,0.4776543378829956,0.7591240875912408,0.7647058823529411
5,5,33,0.4228059649467468,0.47188276052474976,0.8102189781021898,0.7647058823529411
5,5,34,0.41013339161872864,0.4642799496650696,0.8175182481751825,0.7941176470588235
5,5,35,0.40550968050956726,0.45531412959098816,0.8102189781021898,0.7941176470588235
5,5,36,0.3964332640171051,0.44628092646598816,0.8102189781021898,0.7941176470588235
5,5,37,0.38374775648117065,0.43727046251296997,0.8175182481751825,0.8235294117647058
5,5,38,0.37440094351768494,0.42885303497314453,0.8175182481751825,0.8235294117647058
5,5,39,0.37265515327453613,0.42022088170051575,0.8248175182481752,0.8235294117647058
5,5,40,0.356740802526474,0.4128798842430115,0.8321167883211679,0.8235294117647058
5,5,41,0.33969593048095703,0.40572717785835266,0.8394160583941606,0.8529411764705882
5,5,42,0.34257200360298157,0.39790770411491394,0.8321167883211679,0.8529411764705882
5,5,43,0.34247174859046936,0.38706621527671814,0.8394160583941606,0.8529411764705882
5,5,44,0.31686723232269287,0.37837886810302734,0.8467153284671532,0.8529411764705882
5,5,45,0.318649023771286,0.3722938001155853,0.8321167883211679,0.8529411764705882
5,5,46,0.32224318385124207,0.36984550952911377,0.8467153284671532,0.8529411764705882
5,5,47,0.30845481157302856,0.36826443672180176,0.8540145985401459,0.8529411764705882
5,5,48,0.3037298917770386,0.3693006634712219,0.8540145985401459,0.8235294117647058
5,5,49,0.28675371408462524,0.37340474128723145,0.8686131386861314,0.7941176470588235
5,5,50,0.2978549003601074,0.3725554049015045,0.8686131386861314,0.7941176470588235
5,5,51,0.2779756784439087,0.36889833211898804,0.8686131386861314,0.7941176470588235
5,5,52,0.26966750621795654,0.365648478269577,0.8686131386861314,0.7941176470588235
5,5,53,0.28303807973861694,0.361686646938324,0.8613138686131386,0.8235294117647058
5,5,54,0.27922457456588745,0.35853758454322815,0.8759124087591241,0.8235294117647058
5,5,55,0.22362056374549866,0.3578685224056244,0.9197080291970803,0.7941176470588235
5,5,56,0.23724013566970825,0.3484387695789337,0.8832116788321168,0.8235294117647058
5,5,57,0.24508948624134064,0.34602075815200806,0.8905109489051095,0.8529411764705882
5,5,58,0.23713989555835724,0.34039390087127686,0.9051094890510949,0.7941176470588235
5,5,59,0.25969672203063965,0.3498663008213043,0.8978102189781022,0.8235294117647058
5,5,60,0.2416294366121292,0.359797865152359,0.8905109489051095,0.7941176470588235
5,5,61,0.21458040177822113,0.3717777132987976,0.9197080291970803,0.7941176470588235
5,5,62,0.2016431987285614,0.38250917196273804,0.9124087591240876,0.8529411764705882
5,5,63,0.24896663427352905,0.37339967489242554,0.8905109489051095,0.8235294117647058
5,5,64,0.20578718185424805,0.3584209382534027,0.9197080291970803,0.8235294117647058
5,5,65,0.221884623169899,0.33945879340171814,0.9124087591240876,0.7941176470588235
5,5,66,0.1986662894487381,0.3289180397987366,0.9124087591240876,0.8235294117647058
5,5,67,0.17354632914066315,0.3222978711128235,0.9343065693430657,0.8235294117647058
5,5,68,0.216120645403862,0.322424978017807,0.9124087591240876,0.8529411764705882
5,5,69,0.19289392232894897,0.3257782757282257,0.9343065693430657,0.8529411764705882
5,5,70,0.19114214181900024,0.334804892539978,0.927007299270073,0.8235294117647058
5,5,71,0.17207854986190796,0.3563886284828186,0.9416058394160584,0.8529411764705882
5,5,72,0.2126014679670334,0.3588700592517853,0.8978102189781022,0.8235294117647058
5,5,73,0.1930021345615387,0.3658187985420227,0.9197080291970803,0.7647058823529411
5,5,74,0.14474530518054962,0.368095338344574,0.9562043795620438,0.8235294117647058
5,5,75,0.19780506193637848,0.3262011706829071,0.9124087591240876,0.8529411764705882
5,5,76,0.148489847779274,0.32316532731056213,0.9343065693430657,0.8235294117647058
5,5,77,0.1686563938856125,0.3180491328239441,0.927007299270073,0.8235294117647058
5,5,78,0.16390661895275116,0.3025028705596924,0.9124087591240876,0.8529411764705882
5,5,79,0.14680151641368866,0.300607293844223,0.9416058394160584,0.8529411764705882
5,5,80,0.1440901756286621,0.30671826004981995,0.948905109489051,0.8529411764705882
5,5,81,0.19310344755649567,0.2942539155483246,0.9197080291970803,0.8823529411764706
5,5,82,0.1421600729227066,0.28972306847572327,0.948905109489051,0.8823529411764706
5,5,83,0.17514848709106445,0.3178686797618866,0.9124087591240876,0.7941176470588235
5,5,84,0.15535925328731537,0.29982611536979675,0.9197080291970803,0.8529411764705882
5,5,85,0.13291209936141968,0.3003097474575043,0.9416058394160584,0.8529411764705882
5,5,86,0.16842962801456451,0.3384619951248169,0.9343065693430657,0.7941176470588235
5,5,87,0.1829681247472763,0.32835933566093445,0.9197080291970803,0.8529411764705882
5,5,88,0.12663443386554718,0.3208193778991699,0.9343065693430657,0.8235294117647058
5,5,89,0.10318777710199356,0.3501822054386139,0.9562043795620438,0.8529411764705882
5,5,90,0.17251291871070862,0.3351941406726837,0.9124087591240876,0.8529411764705882
5,5,91,0.12208353728055954,0.31780335307121277,0.948905109489051,0.8235294117647058
5,5,92,0.14368686079978943,0.33249181509017944,0.9343065693430657,0.8235294117647058
5,5,93,0.12662427127361298,0.3300623297691345,0.927007299270073,0.7941176470588235
5,5,94,0.14449267089366913,0.3039476275444031,0.948905109489051,0.8235294117647058
5,5,95,0.13402646780014038,0.3163401484489441,0.9416058394160584,0.8235294117647058
5,5,96,0.10738523304462433,0.33180540800094604,0.9416058394160584,0.8235294117647058
5,5,97,0.15112470090389252,0.3193616569042206,0.9343065693430657,0.8235294117647058
5,5,98,0.13792434334754944,0.31443241238594055,0.927007299270073,0.8235294117647058
5,5,99,0.12015026807785034,0.3286662697792053,0.9416058394160584,0.8823529411764706
5,5,100,0.10431499779224396,0.32732322812080383,0.9635036496350365,0.8529411764705882
