repeat,fold,epoch,train_loss,val_loss,train_acc,val_acc
1,1,1,0.9795937538146973,1.1175627708435059,0.7279411764705882,0.7142857142857143
1,1,2,0.6844367980957031,0.6829594373703003,0.6544117647058824,0.6857142857142857
1,1,3,0.6714005470275879,0.6721125841140747,0.7279411764705882,0.7142857142857143
1,1,4,0.6381798982620239,0.6430743932723999,0.7279411764705882,0.7142857142857143
1,1,5,0.6046567559242249,0.6144194602966309,0.7279411764705882,0.7142857142857143
1,1,6,0.5675523281097412,0.5864444375038147,0.7279411764705882,0.7142857142857143
1,1,7,0.5413347482681274,0.577298104763031,0.7279411764705882,0.7142857142857143
1,1,8,0.5406494140625,0.60048508644104,0.7279411764705882,0.7142857142857143
1,1,9,0.5244097709655762,0.600243091583252,0.7279411764705882,0.7142857142857143
1,1,10,0.47801074385643005,0.5358164310455322,0.7426470588235294,0.7142857142857143
1,1,11,0.4677772521972656,0.4836747348308563,0.8308823529411765,0.7428571428571429
1,1,12,0.43608835339546204,0.4722522795200348,0.8308823529411765,0.7142857142857143
1,1,13,0.4198111295700073,0.5373595356941223,0.8308823529411765,0.7142857142857143
1,1,14,0.4139009416103363,0.5637453198432922,0.8308823529411765,0.7142857142857143
1,1,15,0.3764951527118683,0.48776233196258545,0.8529411764705882,0.7142857142857143
1,1,16,0.3877176344394684,0.4848872721195221,0.8382352941176471,0.7428571428571429
1,1,17,0.3870537579059601,0.5790329575538635,0.8308823529411765,0.7142857142857143
1,1,18,0.39173436164855957,0.5773711800575256,0.8382352941176471,0.7142857142857143
1,1,19,0.33813419938087463,0.4913451671600342,0.875,0.7428571428571429
1,1,20,0.3643382787704468,0.4786982536315918,0.8455882352941176,0.8
1,1,21,0.3275012671947479,0.4614255726337433,0.8676470588235294,0.8
1,1,22,0.3279882073402405,0.4736413061618805,0.8823529411764706,0.6857142857142857
1,1,23,0.3404250144958496,0.49202555418014526,0.8455882352941176,0.6857142857142857
1,1,24,0.31211212277412415,0.47310560941696167,0.8823529411764706,0.7142857142857143
1,1,25,0.2978246510028839,0.4624008238315582,0.8897058823529411,0.7714285714285715
1,1,26,0.29550647735595703,0.4771377146244049,0.8897058823529411,0.8
1,1,27,0.27580252289772034,0.4932892918586731,0.8897058823529411,0.8
1,1,28,0.26827284693717957,0.5104544758796692,0.8897058823529411,0.7428571428571429
1,1,29,0.261205792427063,0.5250879526138306,0.8897058823529411,0.7428571428571429
1,1,30,0.24825718998908997,0.5318138599395752,0.9117647058823529,0.8
1,1,31,0.2401883751153946,0.5390509366989136,0.9044117647058824,0.8
1,1,32,0.22734405100345612,0.5427615642547607,0.9191176470588235,0.8
1,1,33,0.21558643877506256,0.5592039823532104,0.9191176470588235,0.8
1,1,34,0.20989036560058594,0.5794333219528198,0.9264705882352942,0.8
1,1,35,0.1954014152288437,0.5824766159057617,0.9264705882352942,0.8
1,1,36,0.1864783763885498,0.5870546102523804,0.9264705882352942,0.8
1,1,37,0.17975394427776337,0.5943808555603027,0.9338235294117647,0.8
1,1,38,0.1743445247411728,0.6127837300300598,0.9411764705882353,0.7714285714285715
1,1,39,0.16189193725585938,0.5864241719245911,0.9485294117647058,0.8
1,1,40,0.15342645347118378,0.545825719833374,0.9632352941176471,0.8
1,1,41,0.14610786736011505,0.5460653901100159,0.9558823529411765,0.8
1,1,42,0.13919976353645325,0.563611626625061,0.9558823529411765,0.8
1,1,43,0.12988920509815216,0.5992975831031799,0.9558823529411765,0.8
1,1,44,0.14759185910224915,0.6003895401954651,0.9558823529411765,0.8285714285714286
1,1,45,0.1875530183315277,0.8012306094169617,0.9338235294117647,0.7428571428571429
1,1,46,0.15826545655727386,0.7379834055900574,0.9558823529411765,0.7428571428571429
1,1,47,0.15818433463573456,0.7072043418884277,0.9485294117647058,0.8285714285714286
1,1,48,0.16356471180915833,0.7016019821166992,0.9411764705882353,0.8285714285714286
1,1,49,0.1402440071105957,0.6855154037475586,0.9558823529411765,0.8
1,1,50,0.13691332936286926,0.7018641233444214,0.9558823529411765,0.7714285714285715
1,1,51,0.12745951116085052,0.6896029710769653,0.9632352941176471,0.7714285714285715
1,1,52,0.1224682480096817,0.6745743155479431,0.9705882352941176,0.7714285714285715
1,1,53,0.11847316473722458,0.6701815128326416,0.9705882352941176,0.8285714285714286
1,1,54,0.11552408337593079,0.7059987187385559,0.9558823529411765,0.8
1,1,55,0.14086510241031647,0.8020787835121155,0.9411764705882353,0.7428571428571429
1,1,56,0.1302645057439804,0.810640275478363,0.9558823529411765,0.7428571428571429
1,1,57,0.1175059825181961,0.7870855331420898,0.9558823529411765,0.8285714285714286
1,1,58,0.12922723591327667,0.8377217054367065,0.9411764705882353,0.8285714285714286
1,1,59,0.11321236193180084,0.9267194271087646,0.9558823529411765,0.7714285714285715
1,1,60,0.1125539019703865,0.966810405254364,0.9558823529411765,0.7714285714285715
1,1,61,0.10619896650314331,0.9089766144752502,0.9705882352941176,0.7714285714285715
1,1,62,0.11041173338890076,0.8484716415405273,0.9558823529411765,0.8285714285714286
1,1,63,0.09815233200788498,0.8624207377433777,0.9632352941176471,0.7714285714285715
1,1,64,0.1254749596118927,0.9348715543746948,0.9558823529411765,0.7428571428571429
1,1,65,0.11583785712718964,0.9116517305374146,0.9632352941176471,0.7142857142857143
1,1,66,0.09947167336940765,0.8632591366767883,0.9558823529411765,0.8285714285714286
1,1,67,0.10008786618709564,0.8880505561828613,0.9558823529411765,0.8
1,1,68,0.09695848077535629,0.8985374569892883,0.9632352941176471,0.7714285714285715
1,1,69,0.09063463658094406,0.9441913962364197,0.9632352941176471,0.7428571428571429
1,1,70,0.08811686187982559,0.9235275387763977,0.9632352941176471,0.7714285714285715
1,1,71,0.08749563246965408,0.9314112067222595,0.9632352941176471,0.7428571428571429
1,1,72,0.07975110411643982,0.9093928933143616,0.9779411764705882,0.8
1,1,73,0.07365916669368744,0.9367890357971191,0.9779411764705882,0.8
1,1,74,0.07378029823303223,0.9940481185913086,0.9558823529411765,0.8
1,1,75,0.06641338765621185,1.0335079431533813,0.9779411764705882,0.8
1,1,76,0.07743626832962036,1.1467686891555786,0.9558823529411765,0.7714285714285715
1,1,77,0.081945039331913,1.0695139169692993,0.9558823529411765,0.8
1,1,78,0.10872922837734222,1.2313013076782227,0.9558823529411765,0.7428571428571429
1,1,79,0.09460610896348953,1.109336256980896,0.9558823529411765,0.7714285714285715
1,1,80,0.07754907757043839,0.9917635321617126,0.9705882352941176,0.8
1,1,81,0.0782773569226265,0.9159210324287415,0.9705882352941176,0.8
1,1,82,0.09153089672327042,1.015358567237854,0.9558823529411765,0.7714285714285715
1,1,83,0.10562963783740997,1.000699758529663,0.9632352941176471,0.7714285714285715
1,1,84,0.09889687597751617,0.8852578401565552,0.9558823529411765,0.7714285714285715
1,1,85,0.0925079956650734,0.8663217425346375,0.9558823529411765,0.7714285714285715
1,1,86,0.09662090241909027,0.9612529277801514,0.9558823529411765,0.7714285714285715
1,1,87,0.08584558218717575,0.9468711614608765,0.9558823529411765,0.7714285714285715
1,1,88,0.07215828448534012,0.8926784992218018,0.9779411764705882,0.8
1,1,89,0.07170409709215164,0.9137439727783203,0.9705882352941176,0.8
1,1,90,0.07204759865999222,1.0014644861221313,0.9632352941176471,0.7428571428571429
1,1,91,0.11546988785266876,1.179560661315918,0.9485294117647058,0.7142857142857143
1,1,92,0.07459770143032074,1.0717113018035889,0.9632352941176471,0.7428571428571429
1,1,93,0.08796591311693192,0.9498658180236816,0.9632352941176471,0.8
1,1,94,0.06683710217475891,1.031195044517517,0.9779411764705882,0.7714285714285715
1,1,95,0.09669284522533417,1.2428659200668335,0.9632352941176471,0.6857142857142857
1,1,96,0.10765068978071213,1.269163727760315,0.9485294117647058,0.7142857142857143
1,1,97,0.06394529342651367,0.9588527083396912,0.9632352941176471,0.7714285714285715
1,1,98,0.11025054007768631,0.905147135257721,0.9558823529411765,0.8285714285714286
1,1,99,0.06734190136194229,1.0373048782348633,0.9632352941176471,0.7428571428571429
1,1,100,0.09588742256164551,1.256880760192871,0.9632352941176471,0.7142857142857143
1,2,1,1.2681559324264526,1.161909818649292,0.7226277372262774,0.7352941176470589
1,2,2,0.698910117149353,0.6979063749313354,0.4233576642335766,0.4117647058823529
1,2,3,0.674825131893158,0.6746979355812073,0.7226277372262774,0.7352941176470589
1,2,4,0.6328903436660767,0.6333877444267273,0.7226277372262774,0.7352941176470589
1,2,5,0.587158203125,0.5846509337425232,0.7226277372262774,0.7352941176470589
1,2,6,0.570453941822052,0.5608959197998047,0.7226277372262774,0.7352941176470589
1,2,7,0.5711945295333862,0.5615135431289673,0.7226277372262774,0.7352941176470589
1,2,8,0.5526853799819946,0.5515878200531006,0.7226277372262774,0.7352941176470589
1,2,9,0.5346075892448425,0.5426485538482666,0.7226277372262774,0.7352941176470589
1,2,10,0.5256325006484985,0.5414935350418091,0.7226277372262774,0.7352941176470589
1,2,11,0.5078586339950562,0.5332208275794983,0.7372262773722628,0.7352941176470589
1,2,12,0.48213818669319153,0.5199928283691406,0.7372262773722628,0.7352941176470589
1,2,13,0.4617478549480438,0.5172374844551086,0.7445255474452555,0.7352941176470589
1,2,14,0.4297846257686615,0.5124445557594299,0.7737226277372263,0.7941176470588235
1,2,15,0.3997791111469269,0.5163055062294006,0.8248175182481752,0.8235294117647058
1,2,16,0.3738860487937927,0.5331271886825562,0.8248175182481752,0.8235294117647058
1,2,17,0.3588961362838745,0.5637519359588623,0.8394160583941606,0.7941176470588235
1,2,18,0.33250120282173157,0.5954837203025818,0.8394160583941606,0.8529411764705882
1,2,19,0.3177233338356018,0.6503596901893616,0.8540145985401459,0.8529411764705882
1,2,20,0.2985273599624634,0.7140721678733826,0.8686131386861314,0.8529411764705882
1,2,21,0.29787835478782654,0.7812420129776001,0.8467153284671532,0.8529411764705882
1,2,22,0.29493531584739685,0.8706346154212952,0.8686131386861314,0.7647058823529411
1,2,23,0.2821089029312134,0.845676064491272,0.8613138686131386,0.7647058823529411
1,2,24,0.27800577878952026,0.8596382141113281,0.8759124087591241,0.7647058823529411
1,2,25,0.2849894165992737,0.9575056433677673,0.8759124087591241,0.7352941176470589
1,2,26,0.24316288530826569,0.8981054425239563,0.9051094890510949,0.7647058823529411
1,2,27,0.2587123215198517,0.8993812799453735,0.8832116788321168,0.7647058823529411
1,2,28,0.23264701664447784,0.9033191800117493,0.9051094890510949,0.7941176470588235
1,2,29,0.23564735054969788,0.941959023475647,0.8905109489051095,0.7647058823529411
1,2,30,0.22013366222381592,0.9346985816955566,0.9124087591240876,0.7647058823529411
1,2,31,0.21931743621826172,0.9235625863075256,0.9197080291970803,0.7941176470588235
1,2,32,0.22239764034748077,0.9320715665817261,0.8978102189781022,0.7647058823529411
1,2,33,0.20796042680740356,0.9482831358909607,0.9124087591240876,0.7941176470588235
1,2,34,0.2040717899799347,0.9797734618186951,0.9124087591240876,0.7941176470588235
1,2,35,0.19571803510189056,0.9898576140403748,0.9124087591240876,0.7941176470588235
1,2,36,0.19144754111766815,0.9911393523216248,0.927007299270073,0.7941176470588235
1,2,37,0.18432222306728363,1.014125108718872,0.927007299270073,0.7941176470588235
1,2,38,0.175749734044075,1.0404280424118042,0.927007299270073,0.8235294117647058
1,2,39,0.1668705940246582,1.0843005180358887,0.927007299270073,0.8235294117647058
1,2,40,0.16143442690372467,1.127355933189392,0.9343065693430657,0.7941176470588235
1,2,41,0.16119420528411865,1.1588109731674194,0.9343065693430657,0.7941176470588235
1,2,42,0.14751169085502625,1.200116515159607,0.948905109489051,0.8235294117647058
1,2,43,0.14536382257938385,1.2579047679901123,0.9416058394160584,0.8235294117647058
1,2,44,0.1449170559644699,1.2931544780731201,0.9343065693430657,0.8235294117647058
1,2,45,0.13955633342266083,1.3127130270004272,0.9343065693430657,0.7941176470588235
1,2,46,0.1362195461988449,1.3476781845092773,0.9416058394160584,0.7941176470588235
1,2,47,0.14432576298713684,1.32817542552948,0.948905109489051,0.7941176470588235
1,2,48,0.13403360545635223,1.3202903270721436,0.9562043795620438,0.7941176470588235
1,2,49,0.1413361132144928,1.3371343612670898,0.9416058394160584,0.8235294117647058
1,2,50,0.1327773928642273,1.3532471656799316,0.9343065693430657,0.7941176470588235
1,2,51,0.14303630590438843,1.3293755054473877,0.927007299270073,0.7941176470588235
1,2,52,0.1504296362400055,1.3291025161743164,0.927007299270073,0.7941176470588235
1,2,53,0.1348734050989151,1.354546308517456,0.927007299270073,0.7647058823529411
1,2,54,0.14876584708690643,1.4584518671035767,0.9416058394160584,0.7352941176470589
1,2,55,0.12798075377941132,1.3785667419433594,0.9635036496350365,0.7647058823529411
1,2,56,0.13001471757888794,1.368920922279358,0.9416058394160584,0.7941176470588235
1,2,57,0.13458482921123505,1.4052306413650513,0.9343065693430657,0.8235294117647058
1,2,58,0.11837989836931229,1.4339485168457031,0.9635036496350365,0.7941176470588235
1,2,59,0.1210157573223114,1.539404273033142,0.948905109489051,0.7647058823529411
1,2,60,0.11640805006027222,1.5575482845306396,0.948905109489051,0.7941176470588235
1,2,61,0.130792498588562,1.5030590295791626,0.927007299270073,0.7941176470588235
1,2,62,0.12646666169166565,1.4918179512023926,0.927007299270073,0.8235294117647058
1,2,63,0.10887647420167923,1.5016082525253296,0.9635036496350365,0.7941176470588235
1,2,64,0.11362103372812271,1.5104678869247437,0.948905109489051,0.8235294117647058
1,2,65,0.10645661503076553,1.4896416664123535,0.948905109489051,0.8235294117647058
1,2,66,0.11035116016864777,1.5001790523529053,0.9416058394160584,0.8235294117647058
1,2,67,0.10765968263149261,1.5697306394577026,0.9562043795620438,0.8235294117647058
1,2,68,0.10012591630220413,1.5286659002304077,0.9416058394160584,0.8235294117647058
1,2,69,0.11414159834384918,1.4950038194656372,0.927007299270073,0.7941176470588235
1,2,70,0.106058269739151,1.5015161037445068,0.9416058394160584,0.8235294117647058
1,2,71,0.09801150113344193,1.5264813899993896,0.948905109489051,0.7941176470588235
1,2,72,0.09148184955120087,1.5397621393203735,0.9562043795620438,0.8235294117647058
1,2,73,0.08978570997714996,1.5801053047180176,0.9635036496350365,0.8235294117647058
1,2,74,0.09108415991067886,1.6266210079193115,0.9562043795620438,0.8529411764705882
1,2,75,0.09640359878540039,1.6539006233215332,0.9343065693430657,0.8529411764705882
1,2,76,0.10230958461761475,1.6737968921661377,0.9416058394160584,0.8235294117647058
1,2,77,0.08405406773090363,1.7174041271209717,0.9562043795620438,0.7941176470588235
1,2,78,0.09016283601522446,1.7419227361679077,0.948905109489051,0.7941176470588235
1,2,79,0.09231752902269363,1.7651249170303345,0.948905109489051,0.7941176470588235
1,2,80,0.07722017914056778,1.7767304182052612,0.9708029197080292,0.7941176470588235
1,2,81,0.07208861410617828,1.8127946853637695,0.9708029197080292,0.7941176470588235
1,2,82,0.08307391405105591,1.8613611459732056,0.9781021897810219,0.7647058823529411
1,2,83,0.09373737126588821,1.7692543268203735,0.9416058394160584,0.8235294117647058
1,2,84,0.08645059168338776,1.7726367712020874,0.948905109489051,0.8235294117647058
1,2,85,0.08815854042768478,1.7764992713928223,0.9635036496350365,0.8529411764705882
1,2,86,0.08208451420068741,1.7707768678665161,0.9708029197080292,0.8529411764705882
1,2,87,0.07470913976430893,1.7837798595428467,0.9708029197080292,0.7941176470588235
1,2,88,0.07534424960613251,1.7845216989517212,0.9781021897810219,0.7941176470588235
1,2,89,0.0875244140625,1.770151972770691,0.948905109489051,0.7941176470588235
1,2,90,0.07070481032133102,1.757330060005188,0.9781021897810219,0.7941176470588235
1,2,91,0.06863909959793091,1.7331544160842896,0.9781021897810219,0.8235294117647058
1,2,92,0.08581312000751495,1.7988390922546387,0.9635036496350365,0.8235294117647058
1,2,93,0.08444783091545105,1.8091363906860352,0.9635036496350365,0.8235294117647058
1,2,94,0.07707984000444412,1.7430944442749023,0.9854014598540146,0.8529411764705882
1,2,95,0.07962889224290848,1.7258892059326172,0.9781021897810219,0.8823529411764706
1,2,96,0.09310021251440048,1.7408976554870605,0.9562043795620438,0.8529411764705882
1,2,97,0.10873493552207947,1.7647727727890015,0.948905109489051,0.8235294117647058
1,2,98,0.07400686293840408,1.7931069135665894,0.9708029197080292,0.8235294117647058
1,2,99,0.07707084715366364,1.8770043849945068,0.9708029197080292,0.7941176470588235
1,2,100,0.06889677047729492,1.88190758228302,0.9927007299270073,0.7647058823529411
1,3,1,1.1575648784637451,1.3288872241973877,0.7226277372262774,0.7352941176470589
1,3,2,0.6985962390899658,0.7022872567176819,0.38686131386861317,0.38235294117647056
1,3,3,0.6919326186180115,0.6970289945602417,0.48905109489051096,0.38235294117647056
1,3,4,0.6578946113586426,0.6651942133903503,0.7226277372262774,0.7352941176470589
1,3,5,0.61619633436203,0.6276926398277283,0.7226277372262774,0.7352941176470589
1,3,6,0.5785461068153381,0.6009364128112793,0.7226277372262774,0.7352941176470589
1,3,7,0.5625205039978027,0.6009907126426697,0.7226277372262774,0.7352941176470589
1,3,8,0.5663238167762756,0.6236920952796936,0.7226277372262774,0.7352941176470589
1,3,9,0.553083062171936,0.6212552189826965,0.7226277372262774,0.7352941176470589
1,3,10,0.5245375633239746,0.5973346829414368,0.7226277372262774,0.7352941176470589
1,3,11,0.5036763548851013,0.5820842385292053,0.7372262773722628,0.7352941176470589
1,3,12,0.48623690009117126,0.5813552737236023,0.7883211678832117,0.7058823529411765
1,3,13,0.4538719654083252,0.5806213021278381,0.7883211678832117,0.7352941176470589
1,3,14,0.43154585361480713,0.588871955871582,0.7956204379562044,0.7352941176470589
1,3,15,0.397834837436676,0.5714417695999146,0.7956204379562044,0.7352941176470589
1,3,16,0.38086217641830444,0.5764294862747192,0.8175182481751825,0.6176470588235294
1,3,17,0.362218976020813,0.5654085278511047,0.8248175182481752,0.7352941176470589
1,3,18,0.34552037715911865,0.5628602504730225,0.8248175182481752,0.6764705882352942
1,3,19,0.3284740447998047,0.5726891756057739,0.8467153284671532,0.7058823529411765
1,3,20,0.31238165497779846,0.5863437652587891,0.8540145985401459,0.7058823529411765
1,3,21,0.29486456513404846,0.6082002520561218,0.8613138686131386,0.6470588235294118
1,3,22,0.2785654067993164,0.6215367317199707,0.8832116788321168,0.7058823529411765
1,3,23,0.26034098863601685,0.636582612991333,0.8905109489051095,0.6470588235294118
1,3,24,0.24757808446884155,0.6404467225074768,0.8978102189781022,0.6764705882352942
1,3,25,0.2377304881811142,0.7187280058860779,0.9124087591240876,0.6470588235294118
1,3,26,0.22694192826747894,0.6770300269126892,0.9197080291970803,0.7058823529411765
1,3,27,0.2097575068473816,0.6931519508361816,0.927007299270073,0.7058823529411765
1,3,28,0.19480149447917938,0.7276833653450012,0.927007299270073,0.6470588235294118
1,3,29,0.18233801424503326,0.741657018661499,0.9343065693430657,0.7058823529411765
1,3,30,0.19950339198112488,0.7268415093421936,0.9343065693430657,0.7058823529411765
1,3,31,0.17025123536586761,0.8262342810630798,0.9343065693430657,0.7058823529411765
1,3,32,0.18114204704761505,0.9144293665885925,0.9197080291970803,0.6470588235294118
1,3,33,0.15736524760723114,0.7457188367843628,0.9343065693430657,0.6764705882352942
1,3,34,0.16281414031982422,0.7233966588973999,0.9416058394160584,0.7058823529411765
1,3,35,0.13525398075580597,0.7690262794494629,0.948905109489051,0.7058823529411765
1,3,36,0.15909071266651154,0.9571104645729065,0.9416058394160584,0.6470588235294118
1,3,37,0.13071751594543457,0.7964187264442444,0.9562043795620438,0.7058823529411765
1,3,38,0.1512085497379303,0.7853295803070068,0.9197080291970803,0.7352941176470589
1,3,39,0.12189587950706482,0.8450738191604614,0.9562043795620438,0.6764705882352942
1,3,40,0.12352927774190903,0.9549276828765869,0.948905109489051,0.6764705882352942
1,3,41,0.12218140810728073,0.9510799646377563,0.948905109489051,0.6764705882352942
1,3,42,0.11394696682691574,0.8524482846260071,0.9562043795620438,0.7352941176470589
1,3,43,0.11238949745893478,0.8707236647605896,0.9562043795620438,0.7352941176470589
1,3,44,0.1071997806429863,0.9509696960449219,0.9562043795620438,0.7058823529411765
1,3,45,0.10431855171918869,1.0609180927276611,0.9562043795620438,0.7058823529411765
1,3,46,0.10250388830900192,1.1188197135925293,0.9635036496350365,0.6764705882352942
1,3,47,0.09950097650289536,1.162412405014038,0.9562043795620438,0.6764705882352942
1,3,48,0.10053547471761703,1.2512643337249756,0.9562043795620438,0.7058823529411765
1,3,49,0.0973031148314476,1.083482265472412,0.9562043795620438,0.7352941176470589
1,3,50,0.1042812243103981,1.040576696395874,0.9635036496350365,0.7352941176470589
1,3,51,0.09511691331863403,1.0431267023086548,0.9562043795620438,0.7941176470588235
1,3,52,0.10032088309526443,1.2303129434585571,0.9635036496350365,0.6764705882352942
1,3,53,0.09394094347953796,1.40000319480896,0.9562043795620438,0.6470588235294118
1,3,54,0.09379899501800537,1.3851243257522583,0.9708029197080292,0.6764705882352942
1,3,55,0.09586192667484283,1.4028215408325195,0.948905109489051,0.7058823529411765
1,3,56,0.08549254387617111,1.5295013189315796,0.9562043795620438,0.6470588235294118
1,3,57,0.08338898420333862,1.4714655876159668,0.9562043795620438,0.6764705882352942
1,3,58,0.0840258076786995,1.3926225900650024,0.9562043795620438,0.7058823529411765
1,3,59,0.08328929543495178,1.3186721801757812,0.9562043795620438,0.7058823529411765
1,3,60,0.07397722452878952,1.3363512754440308,0.9635036496350365,0.7352941176470589
1,3,61,0.06824921816587448,1.361376404762268,0.9635036496350365,0.7352941176470589
1,3,62,0.0655645951628685,1.425311803817749,0.9781021897810219,0.7352941176470589
1,3,63,0.09282875061035156,1.4136245250701904,0.9416058394160584,0.7058823529411765
1,3,64,0.06337276101112366,1.5134745836257935,0.9708029197080292,0.6764705882352942
1,3,65,0.07395356148481369,1.6069674491882324,0.9708029197080292,0.6470588235294118
1,3,66,0.09187574684619904,1.5323408842086792,0.9708029197080292,0.7058823529411765
1,3,67,0.10920003056526184,1.4311000108718872,0.948905109489051,0.7058823529411765
1,3,68,0.07599356025457382,1.4698140621185303,0.9708029197080292,0.7058823529411765
1,3,69,0.13579456508159637,1.59438955783844,0.948905109489051,0.6470588235294118
1,3,70,0.0725257396697998,1.2157418727874756,0.9635036496350365,0.7647058823529411
1,3,71,0.10954530537128448,1.2124079465866089,0.9416058394160584,0.7647058823529411
1,3,72,0.102583147585392,1.2179020643234253,0.9635036496350365,0.7647058823529411
1,3,73,0.0882735550403595,1.5063095092773438,0.9562043795620438,0.6764705882352942
1,3,74,0.10070272535085678,1.7827545404434204,0.9562043795620438,0.6176470588235294
1,3,75,0.09279103577136993,1.7272531986236572,0.9562043795620438,0.6470588235294118
1,3,76,0.08490759879350662,1.3598833084106445,0.9708029197080292,0.7058823529411765
1,3,77,0.09873594343662262,1.150382161140442,0.948905109489051,0.6764705882352942
1,3,78,0.09354475885629654,1.0810023546218872,0.9635036496350365,0.7352941176470589
1,3,79,0.08326879143714905,1.0893633365631104,0.9635036496350365,0.7352941176470589
1,3,80,0.08426500856876373,1.2001131772994995,0.9781021897810219,0.7058823529411765
1,3,81,0.07930903136730194,1.282950520515442,0.9635036496350365,0.7058823529411765
1,3,82,0.07932193577289581,1.384732961654663,0.9562043795620438,0.6764705882352942
1,3,83,0.07852025330066681,1.41986083984375,0.9562043795620438,0.6764705882352942
1,3,84,0.07783541828393936,1.442074179649353,0.9562043795620438,0.6764705882352942
1,3,85,0.07518221437931061,1.4437111616134644,0.9635036496350365,0.6764705882352942
1,3,86,0.07195325195789337,1.4347013235092163,0.9708029197080292,0.6764705882352942
1,3,87,0.06627664715051651,1.439195156097412,0.9708029197080292,0.7058823529411765
1,3,88,0.06363766640424728,1.4656296968460083,0.9635036496350365,0.7352941176470589
1,3,89,0.06055007129907608,1.4509869813919067,0.9708029197080292,0.7058823529411765
1,3,90,0.06496001780033112,1.3893208503723145,0.9781021897810219,0.7058823529411765
1,3,91,0.058240700513124466,1.3804023265838623,0.9708029197080292,0.7058823529411765
1,3,92,0.059929583221673965,1.4712563753128052,0.9708029197080292,0.6764705882352942
1,3,93,0.06099266558885574,1.6292182207107544,0.9708029197080292,0.7058823529411765
1,3,94,0.05477824807167053,1.728771448135376,0.9708029197080292,0.6764705882352942
1,3,95,0.06597770750522614,1.8416796922683716,0.9781021897810219,0.7058823529411765
1,3,96,0.05865607410669327,1.943518877029419,0.9781021897810219,0.7058823529411765
1,3,97,0.0458570271730423,2.0714991092681885,0.9927007299270073,0.6470588235294118
1,3,98,0.046539392322301865,2.0775845050811768,1.0,0.7058823529411765
1,3,99,0.045247070491313934,2.072214365005493,0.9854014598540146,0.6764705882352942
1,3,100,0.052943937480449677,1.98939847946167,0.9854014598540146,0.7352941176470589
1,4,1,1.1254202127456665,0.976873517036438,0.7226277372262774,0.7352941176470589
1,4,2,0.6939540505409241,0.7027672529220581,0.44525547445255476,0.38235294117647056
1,4,3,0.6779269576072693,0.6822776794433594,0.7226277372262774,0.7352941176470589
1,4,4,0.6463260650634766,0.6480952501296997,0.7226277372262774,0.7352941176470589
1,4,5,0.6077026128768921,0.5999969244003296,0.7226277372262774,0.7352941176470589
1,4,6,0.5808019638061523,0.5596799254417419,0.7226277372262774,0.7352941176470589
1,4,7,0.5811536908149719,0.5471203923225403,0.7226277372262774,0.7352941176470589
1,4,8,0.5784896016120911,0.5454903244972229,0.7226277372262774,0.7352941176470589
1,4,9,0.5576496124267578,0.5382201075553894,0.7226277372262774,0.7352941176470589
1,4,10,0.5425657629966736,0.5402755737304688,0.7226277372262774,0.7352941176470589
1,4,11,0.5342156291007996,0.545272946357727,0.7226277372262774,0.7352941176470589
1,4,12,0.5177887082099915,0.5350416898727417,0.7226277372262774,0.7352941176470589
1,4,13,0.5016393661499023,0.5204873085021973,0.7226277372262774,0.7352941176470589
1,4,14,0.4864315986633301,0.5125198364257812,0.7226277372262774,0.7352941176470589
1,4,15,0.46459877490997314,0.509566068649292,0.7299270072992701,0.7352941176470589
1,4,16,0.44697269797325134,0.5203338265419006,0.7883211678832117,0.7647058823529411
1,4,17,0.4305412173271179,0.5255164504051208,0.8394160583941606,0.7352941176470589
1,4,18,0.40848883986473083,0.5121530890464783,0.8540145985401459,0.8235294117647058
1,4,19,0.3931402564048767,0.4969290494918823,0.8394160583941606,0.8235294117647058
1,4,20,0.3724585473537445,0.5019952058792114,0.8321167883211679,0.8235294117647058
1,4,21,0.35677435994148254,0.5064762830734253,0.8540145985401459,0.7941176470588235
1,4,22,0.340580016374588,0.48023584485054016,0.8613138686131386,0.8235294117647058
1,4,23,0.3311968445777893,0.46219220757484436,0.8540145985401459,0.8235294117647058
1,4,24,0.3133353292942047,0.4705979526042938,0.8540145985401459,0.8235294117647058
1,4,25,0.3041512072086334,0.498582124710083,0.8832116788321168,0.7941176470588235
1,4,26,0.29086920619010925,0.4804885983467102,0.8686131386861314,0.8235294117647058
1,4,27,0.29758620262145996,0.47538521885871887,0.8686131386861314,0.8235294117647058
1,4,28,0.2745479941368103,0.5611826777458191,0.9124087591240876,0.7647058823529411
1,4,29,0.26751983165740967,0.5700117349624634,0.9124087591240876,0.7647058823529411
1,4,30,0.2595573961734772,0.511846125125885,0.9051094890510949,0.7941176470588235
1,4,31,0.26810210943222046,0.4913019835948944,0.8978102189781022,0.8235294117647058
1,4,32,0.235402911901474,0.5312228798866272,0.9197080291970803,0.7941176470588235
1,4,33,0.2313934713602066,0.5586887001991272,0.9197080291970803,0.7941176470588235
1,4,34,0.21605782210826874,0.49506479501724243,0.9124087591240876,0.8235294117647058
1,4,35,0.22388936579227448,0.4779413938522339,0.9197080291970803,0.8235294117647058
1,4,36,0.18633802235126495,0.5250229835510254,0.9416058394160584,0.8235294117647058
1,4,37,0.1972316950559616,0.6181063652038574,0.9343065693430657,0.7058823529411765
1,4,38,0.17000813782215118,0.563525378704071,0.9343065693430657,0.8235294117647058
1,4,39,0.17513053119182587,0.5299191474914551,0.927007299270073,0.8235294117647058
1,4,40,0.15098129212856293,0.6146567463874817,0.9635036496350365,0.8235294117647058
1,4,41,0.14991217851638794,0.6505848169326782,0.9562043795620438,0.7941176470588235
1,4,42,0.14490358531475067,0.5454692840576172,0.948905109489051,0.8235294117647058
1,4,43,0.13846838474273682,0.5215433835983276,0.9562043795620438,0.8235294117647058
1,4,44,0.1273978054523468,0.5665277242660522,0.9562043795620438,0.7941176470588235
1,4,45,0.12928950786590576,0.6204010248184204,0.9562043795620438,0.7647058823529411
1,4,46,0.12930159270763397,0.5987964868545532,0.948905109489051,0.7647058823529411
1,4,47,0.13010990619659424,0.5904098749160767,0.948905109489051,0.8235294117647058
1,4,48,0.12089838832616806,0.6295056939125061,0.948905109489051,0.8235294117647058
1,4,49,0.11367001384496689,0.698923647403717,0.9635036496350365,0.7941176470588235
1,4,50,0.11458954215049744,0.7251368165016174,0.9562043795620438,0.7647058823529411
1,4,51,0.10749230533838272,0.7032685279846191,0.9708029197080292,0.8235294117647058
1,4,52,0.11571217328310013,0.666016161441803,0.948905109489051,0.8235294117647058
1,4,53,0.11492685973644257,0.6572054624557495,0.948905109489051,0.8235294117647058
1,4,54,0.1055813655257225,0.7859817743301392,0.9708029197080292,0.7352941176470589
1,4,55,0.09937182068824768,0.6278226375579834,0.9635036496350365,0.7647058823529411
1,4,56,0.10196591168642044,0.5755152106285095,0.9635036496350365,0.8235294117647058
1,4,57,0.09975805133581161,0.6223005652427673,0.9635036496350365,0.7647058823529411
1,4,58,0.10043296217918396,0.6570510864257812,0.9562043795620438,0.7647058823529411
1,4,59,0.09794345498085022,0.7172536849975586,0.9635036496350365,0.7647058823529411
1,4,60,0.09850562363862991,0.7990922927856445,0.9708029197080292,0.7647058823529411
1,4,61,0.09189622849225998,0.7060143947601318,0.9635036496350365,0.7941176470588235
1,4,62,0.10104487091302872,0.6810413002967834,0.9708029197080292,0.8235294117647058
1,4,63,0.08682990074157715,0.7494986057281494,0.9635036496350365,0.7647058823529411
1,4,64,0.10690993815660477,0.8914569616317749,0.9562043795620438,0.7058823529411765
1,4,65,0.08336231112480164,0.7992839217185974,0.9635036496350365,0.7647058823529411
1,4,66,0.10935734212398529,0.6864325404167175,0.9562043795620438,0.7647058823529411
1,4,67,0.08573317527770996,0.7282130122184753,0.9635036496350365,0.7647058823529411
1,4,68,0.08053604513406754,0.8262248635292053,0.9635036496350365,0.7352941176470589
1,4,69,0.07659666985273361,0.823201060295105,0.9781021897810219,0.7647058823529411
1,4,70,0.0846741795539856,0.7858873009681702,0.948905109489051,0.7941176470588235
1,4,71,0.09068787097930908,0.7564029693603516,0.9562043795620438,0.8235294117647058
1,4,72,0.07652909308671951,0.8222489953041077,0.9708029197080292,0.8235294117647058
1,4,73,0.07686584442853928,0.8596963882446289,0.9708029197080292,0.8235294117647058
1,4,74,0.07353216409683228,0.8330146670341492,0.9708029197080292,0.8235294117647058
1,4,75,0.08350181579589844,0.8173051476478577,0.9562043795620438,0.8235294117647058
1,4,76,0.07473684102296829,0.8535677790641785,0.9562043795620438,0.7941176470588235
1,4,77,0.061519768089056015,0.8531180024147034,0.9854014598540146,0.7941176470588235
1,4,78,0.07760036736726761,0.8135448694229126,0.9635036496350365,0.7941176470588235
1,4,79,0.07212155312299728,0.950092077255249,0.9635036496350365,0.7647058823529411
1,4,80,0.06322905421257019,0.9278509616851807,0.9708029197080292,0.7647058823529411
1,4,81,0.06896477192640305,0.8584813475608826,0.9635036496350365,0.7941176470588235
1,4,82,0.07291241735219955,0.8654080629348755,0.9562043795620438,0.8235294117647058
1,4,83,0.07256362587213516,0.8500322699546814,0.9635036496350365,0.8235294117647058
1,4,84,0.06479818373918533,0.8770801424980164,0.9708029197080292,0.8235294117647058
1,4,85,0.07019195705652237,0.8934857845306396,0.9635036496350365,0.7941176470588235
1,4,86,0.06636740267276764,0.8728823065757751,0.9781021897810219,0.8235294117647058
1,4,87,0.06865856051445007,0.8438761234283447,0.9781021897810219,0.8235294117647058
1,4,88,0.06411890685558319,0.8672567009925842,0.9927007299270073,0.8235294117647058
1,4,89,0.06336117535829544,0.9495024085044861,0.9781021897810219,0.8235294117647058
1,4,90,0.06621822714805603,0.9975240230560303,0.9781021897810219,0.7941176470588235
1,4,91,0.0702306479215622,0.934490978717804,0.9635036496350365,0.8235294117647058
1,4,92,0.0596596784889698,0.8580670952796936,0.9781021897810219,0.8235294117647058
1,4,93,0.06258758902549744,0.8343725204467773,0.9708029197080292,0.7941176470588235
1,4,94,0.05964119732379913,0.7896769046783447,0.9781021897810219,0.8235294117647058
1,4,95,0.07164041697978973,0.7592005729675293,0.9781021897810219,0.8235294117647058
1,4,96,0.06234315037727356,0.8259692788124084,0.9781021897810219,0.7647058823529411
1,4,97,0.05906828120350838,0.9549455046653748,0.9708029197080292,0.7647058823529411
1,4,98,0.05688118189573288,1.0052937269210815,0.9708029197080292,0.7647058823529411
1,4,99,0.0523751899600029,0.9425116181373596,0.9927007299270073,0.7647058823529411
1,4,100,0.0575479157269001,0.872959315776825,0.9781021897810219,0.7647058823529411
1,5,1,1.1555184125900269,1.1394190788269043,0.7299270072992701,0.7058823529411765
1,5,2,0.677168607711792,0.6861464977264404,0.7226277372262774,0.5882352941176471
1,5,3,0.6930689215660095,0.6961696147918701,0.4744525547445255,0.4411764705882353
1,5,4,0.6698713898658752,0.6744354367256165,0.7956204379562044,0.7647058823529411
1,5,5,0.6430672407150269,0.6441173553466797,0.7299270072992701,0.7058823529411765
1,5,6,0.6122825145721436,0.6136556267738342,0.7299270072992701,0.7058823529411765
1,5,7,0.5773401260375977,0.5822837948799133,0.7299270072992701,0.7058823529411765
1,5,8,0.5490521192550659,0.5616448521614075,0.7299270072992701,0.7058823529411765
1,5,9,0.5327276587486267,0.5604007840156555,0.7299270072992701,0.7058823529411765
1,5,10,0.5066642761230469,0.559185802936554,0.7299270072992701,0.7058823529411765
1,5,11,0.46960777044296265,0.5454999804496765,0.7518248175182481,0.7352941176470589
1,5,12,0.46029454469680786,0.5619109869003296,0.8248175182481752,0.6470588235294118
1,5,13,0.4275890290737152,0.5428832769393921,0.8175182481751825,0.6470588235294118
1,5,14,0.4233952462673187,0.5364735722541809,0.8029197080291971,0.7352941176470589
1,5,15,0.3922693133354187,0.5081074833869934,0.8321167883211679,0.7941176470588235
1,5,16,0.38990819454193115,0.5126456618309021,0.8248175182481752,0.7058823529411765
1,5,17,0.35863643884658813,0.47305241227149963,0.8467153284671532,0.7941176470588235
1,5,18,0.35184246301651,0.47460225224494934,0.8613138686131386,0.8235294117647058
1,5,19,0.3359071612358093,0.4731384813785553,0.8613138686131386,0.7647058823529411
1,5,20,0.32087379693984985,0.48385894298553467,0.8613138686131386,0.8235294117647058
1,5,21,0.31017163395881653,0.5129762887954712,0.8686131386861314,0.8235294117647058
1,5,22,0.2976701259613037,0.530114471912384,0.8759124087591241,0.7352941176470589
1,5,23,0.2903166115283966,0.5210941433906555,0.8613138686131386,0.8235294117647058
1,5,24,0.27340662479400635,0.509393572807312,0.8905109489051095,0.8235294117647058
1,5,25,0.2631160020828247,0.5102752447128296,0.8905109489051095,0.8235294117647058
1,5,26,0.25951719284057617,0.5470032095909119,0.8905109489051095,0.7941176470588235
1,5,27,0.24051083624362946,0.5720027089118958,0.9124087591240876,0.7352941176470589
1,5,28,0.23152031004428864,0.5853811502456665,0.9124087591240876,0.7058823529411765
1,5,29,0.24344795942306519,0.6067522764205933,0.8905109489051095,0.7647058823529411
1,5,30,0.2192831039428711,0.5843813419342041,0.9197080291970803,0.7647058823529411
1,5,31,0.21607236564159393,0.5895652770996094,0.9343065693430657,0.7647058823529411
1,5,32,0.1935536116361618,0.6416699886322021,0.9416058394160584,0.7647058823529411
1,5,33,0.19564785063266754,0.7249024510383606,0.9197080291970803,0.7647058823529411
1,5,34,0.183685302734375,0.7424852848052979,0.9197080291970803,0.6764705882352942
1,5,35,0.17024236917495728,0.7081598043441772,0.9562043795620438,0.7352941176470589
1,5,36,0.17686384916305542,0.7095990180969238,0.9197080291970803,0.7352941176470589
1,5,37,0.1721263825893402,0.6953191161155701,0.927007299270073,0.7352941176470589
1,5,38,0.1657787263393402,0.6745993494987488,0.9416058394160584,0.7941176470588235
1,5,39,0.15795931220054626,0.7361305356025696,0.9343065693430657,0.6764705882352942
1,5,40,0.1534997671842575,0.8334720134735107,0.9416058394160584,0.7647058823529411
1,5,41,0.13937395811080933,0.8287276029586792,0.948905109489051,0.7647058823529411
1,5,42,0.13966748118400574,0.8301189541816711,0.9343065693430657,0.6470588235294118
1,5,43,0.12994880974292755,0.8219393491744995,0.948905109489051,0.7058823529411765
1,5,44,0.129247784614563,0.842704713344574,0.948905109489051,0.7352941176470589
1,5,45,0.13383769989013672,0.8669188618659973,0.9416058394160584,0.7352941176470589
1,5,46,0.12310225516557693,0.852414071559906,0.9416058394160584,0.7352941176470589
1,5,47,0.11683746427297592,0.8830182552337646,0.9562043795620438,0.7058823529411765
1,5,48,0.1203007623553276,0.9517475366592407,0.9562043795620438,0.7352941176470589
1,5,49,0.11536034196615219,0.9932290315628052,0.9635036496350365,0.7058823529411765
1,5,50,0.11068587750196457,0.9775895476341248,0.9562043795620438,0.6764705882352942
1,5,51,0.1063210666179657,0.9512977600097656,0.9635036496350365,0.7058823529411765
1,5,52,0.1040123924612999,0.9603307247161865,0.9635036496350365,0.7058823529411765
1,5,53,0.10130243748426437,0.9736076593399048,0.9635036496350365,0.7058823529411765
1,5,54,0.0956898182630539,0.9961133003234863,0.9635036496350365,0.6764705882352942
1,5,55,0.10325413942337036,1.050384283065796,0.9562043795620438,0.6764705882352942
1,5,56,0.09641052037477493,1.112099528312683,0.9635036496350365,0.6764705882352942
1,5,57,0.10003567487001419,1.178393006324768,0.9708029197080292,0.7058823529411765
1,5,58,0.08349716663360596,1.1197634935379028,0.9562043795620438,0.6470588235294118
1,5,59,0.08918651938438416,1.106296181678772,0.948905109489051,0.6764705882352942
1,5,60,0.08341271430253983,1.0721417665481567,0.9562043795620438,0.6764705882352942
1,5,61,0.08077632635831833,1.093587875366211,0.9635036496350365,0.6764705882352942
1,5,62,0.14169280230998993,1.3209763765335083,0.9197080291970803,0.7058823529411765
1,5,63,0.10761890560388565,1.3119328022003174,0.948905109489051,0.6764705882352942
1,5,64,0.10059352219104767,1.240065097808838,0.948905109489051,0.6176470588235294
1,5,65,0.07348718494176865,1.1807693243026733,0.9708029197080292,0.6764705882352942
1,5,66,0.10308931022882462,1.2306926250457764,0.9562043795620438,0.6470588235294118
1,5,67,0.11316104233264923,1.240347981452942,0.9562043795620438,0.6470588235294118
1,5,68,0.08482459932565689,1.1696219444274902,0.9708029197080292,0.7058823529411765
1,5,69,0.06915594637393951,1.1609845161437988,0.9708029197080292,0.6470588235294118
1,5,70,0.07870694249868393,1.2256766557693481,0.9708029197080292,0.6176470588235294
1,5,71,0.09018558263778687,1.2782946825027466,0.9708029197080292,0.6764705882352942
1,5,72,0.08551681041717529,1.2668123245239258,0.9781021897810219,0.6764705882352942
1,5,73,0.07456090301275253,1.178314208984375,0.9708029197080292,0.6470588235294118
1,5,74,0.06943706423044205,1.1679285764694214,0.9781021897810219,0.7058823529411765
1,5,75,0.08415042608976364,1.1833007335662842,0.948905109489051,0.6764705882352942
1,5,76,0.09282027930021286,1.2097574472427368,0.948905109489051,0.6764705882352942
1,5,77,0.0778978243470192,1.2509604692459106,0.948905109489051,0.6764705882352942
1,5,78,0.06326460838317871,1.306892991065979,0.9708029197080292,0.6470588235294118
1,5,79,0.07501020282506943,1.3741580247879028,0.9635036496350365,0.6764705882352942
1,5,80,0.05737962946295738,1.3707447052001953,0.9708029197080292,0.6470588235294118
1,5,81,0.061577051877975464,1.3839333057403564,0.9854014598540146,0.6470588235294118
1,5,82,0.05513494834303856,1.3670053482055664,0.9781021897810219,0.6470588235294118
1,5,83,0.06300786882638931,1.3800345659255981,0.9708029197080292,0.6764705882352942
1,5,84,0.048662394285202026,1.3808987140655518,0.9708029197080292,0.6470588235294118
1,5,85,0.05256124585866928,1.441158652305603,0.9854014598540146,0.6470588235294118
1,5,86,0.05124226585030556,1.4507983922958374,0.9708029197080292,0.7058823529411765
1,5,87,0.046779993921518326,1.4273171424865723,0.9927007299270073,0.7352941176470589
1,5,88,0.045160215348005295,1.4142595529556274,1.0,0.7647058823529411
1,5,89,0.04499642178416252,1.3256734609603882,0.9781021897810219,0.6764705882352942
1,5,90,0.04238026216626167,1.2947331666946411,0.9927007299270073,0.7058823529411765
1,5,91,0.04396050050854683,1.3242173194885254,0.9854014598540146,0.7058823529411765
1,5,92,0.03565526753664017,1.3644464015960693,0.9927007299270073,0.7058823529411765
1,5,93,0.033606432378292084,1.433958649635315,0.9927007299270073,0.6764705882352942
1,5,94,0.03172136843204498,1.4849318265914917,1.0,0.6764705882352942
1,5,95,0.0326915867626667,1.4128278493881226,0.9927007299270073,0.6764705882352942
1,5,96,0.07295729964971542,1.4729194641113281,0.9635036496350365,0.6764705882352942
1,5,97,0.060128286480903625,1.4686810970306396,0.9854014598540146,0.7352941176470589
1,5,98,0.07316934317350388,1.5669008493423462,0.9708029197080292,0.7352941176470589
1,5,99,0.06466466933488846,1.5526165962219238,0.9854014598540146,0.7352941176470589
1,5,100,0.061992350965738297,1.568324327468872,0.9927007299270073,0.7352941176470589
2,1,1,1.1736284494400024,1.1307427883148193,0.7279411764705882,0.7142857142857143
2,1,2,0.7139702439308167,0.715025007724762,0.27941176470588236,0.2857142857142857
2,1,3,0.688696563243866,0.6905260682106018,0.6838235294117647,0.6285714285714286
2,1,4,0.6706662178039551,0.6717088222503662,0.7279411764705882,0.7142857142857143
2,1,5,0.6522801518440247,0.6526390910148621,0.7279411764705882,0.7142857142857143
2,1,6,0.631905734539032,0.631528377532959,0.7279411764705882,0.7142857142857143
2,1,7,0.6071847677230835,0.606386125087738,0.7279411764705882,0.7142857142857143
2,1,8,0.581744909286499,0.5806061625480652,0.7279411764705882,0.7142857142857143
2,1,9,0.5652647614479065,0.5650595426559448,0.7279411764705882,0.7142857142857143
2,1,10,0.560200572013855,0.5635271072387695,0.7279411764705882,0.7142857142857143
2,1,11,0.5465260744094849,0.5572417378425598,0.7279411764705882,0.7142857142857143
2,1,12,0.5237257480621338,0.53917396068573,0.7279411764705882,0.7142857142857143
2,1,13,0.5050849914550781,0.5217726826667786,0.7279411764705882,0.7142857142857143
2,1,14,0.48832669854164124,0.508728563785553,0.7279411764705882,0.7142857142857143
2,1,15,0.46729525923728943,0.5025086998939514,0.7279411764705882,0.7142857142857143
2,1,16,0.4504896402359009,0.504522442817688,0.7352941176470589,0.7142857142857143
2,1,17,0.43253278732299805,0.4959328770637512,0.7573529411764706,0.6571428571428571
2,1,18,0.4097546935081482,0.4737572968006134,0.8308823529411765,0.7714285714285715
2,1,19,0.394499272108078,0.46144530177116394,0.8161764705882353,0.7142857142857143
2,1,20,0.37786605954170227,0.43946391344070435,0.8308823529411765,0.7714285714285715
2,1,21,0.3609108626842499,0.43521392345428467,0.8308823529411765,0.8
2,1,22,0.34408706426620483,0.4558331370353699,0.8088235294117647,0.7428571428571429
2,1,23,0.3279973864555359,0.4535926878452301,0.8161764705882353,0.7428571428571429
2,1,24,0.32760295271873474,0.4259987473487854,0.8382352941176471,0.8285714285714286
2,1,25,0.2947942316532135,0.4297885000705719,0.8676470588235294,0.8285714285714286
2,1,26,0.29075178503990173,0.4642921984195709,0.8823529411764706,0.7714285714285715
2,1,27,0.2865486443042755,0.427627295255661,0.8602941176470589,0.8285714285714286
2,1,28,0.26466095447540283,0.4423431158065796,0.875,0.8
2,1,29,0.2487347275018692,0.46829572319984436,0.9117647058823529,0.8571428571428571
2,1,30,0.2413342446088791,0.480711966753006,0.8970588235294118,0.7714285714285715
2,1,31,0.23978064954280853,0.4367404580116272,0.8897058823529411,0.8
2,1,32,0.2631934583187103,0.4152190685272217,0.8823529411764706,0.8
2,1,33,0.21144738793373108,0.4601128101348877,0.9191176470588235,0.7714285714285715
2,1,34,0.21442854404449463,0.5307603478431702,0.9191176470588235,0.6857142857142857
2,1,35,0.19665616750717163,0.47852379083633423,0.9117647058823529,0.7428571428571429
2,1,36,0.19748200476169586,0.4772833585739136,0.9191176470588235,0.7714285714285715
2,1,37,0.18317051231861115,0.5283199548721313,0.9338235294117647,0.7142857142857143
2,1,38,0.1745569258928299,0.5542201995849609,0.9411764705882353,0.7142857142857143
2,1,39,0.1692630797624588,0.5566654801368713,0.9411764705882353,0.7428571428571429
2,1,40,0.1567792296409607,0.6199235320091248,0.9338235294117647,0.7142857142857143
2,1,41,0.14998099207878113,0.6675089597702026,0.9338235294117647,0.7142857142857143
2,1,42,0.14177504181861877,0.6864398717880249,0.9411764705882353,0.7428571428571429
2,1,43,0.1336807757616043,0.7238870859146118,0.9485294117647058,0.7714285714285715
2,1,44,0.1278211921453476,0.7058790922164917,0.9411764705882353,0.7428571428571429
2,1,45,0.12415993958711624,0.684465229511261,0.9411764705882353,0.7428571428571429
2,1,46,0.11223059892654419,0.7353627681732178,0.9558823529411765,0.7142857142857143
2,1,47,0.11671306192874908,0.7381035089492798,0.9485294117647058,0.7142857142857143
2,1,48,0.10665924102067947,0.7147137522697449,0.9632352941176471,0.7142857142857143
2,1,49,0.10106412321329117,0.8071044683456421,0.9779411764705882,0.7428571428571429
2,1,50,0.10640940815210342,0.7640309929847717,0.9411764705882353,0.7428571428571429
2,1,51,0.09262160956859589,0.7820960879325867,0.9632352941176471,0.7142857142857143
2,1,52,0.10092442482709885,0.8358429670333862,0.9558823529411765,0.6857142857142857
2,1,53,0.09476612508296967,0.7641484141349792,0.9632352941176471,0.7142857142857143
2,1,54,0.11364104598760605,0.7730954885482788,0.9338235294117647,0.7142857142857143
2,1,55,0.08609408140182495,0.9766845703125,0.9926470588235294,0.7142857142857143
2,1,56,0.07879775017499924,1.0618623495101929,0.9852941176470589,0.7142857142857143
2,1,57,0.09989425539970398,0.99774169921875,0.9411764705882353,0.7428571428571429
2,1,58,0.08157946169376373,1.0310368537902832,0.9779411764705882,0.7142857142857143
2,1,59,0.07539540529251099,1.14639413356781,0.9705882352941176,0.7142857142857143
2,1,60,0.11206772923469543,0.9719383120536804,0.9485294117647058,0.7428571428571429
2,1,61,0.1099313497543335,0.9758111238479614,0.9485294117647058,0.7428571428571429
2,1,62,0.07241332530975342,1.1932536363601685,0.9705882352941176,0.7142857142857143
2,1,63,0.09008566290140152,1.3161662817001343,0.9411764705882353,0.6571428571428571
2,1,64,0.09795195609331131,1.1327524185180664,0.9632352941176471,0.7142857142857143
2,1,65,0.1354147493839264,1.0817406177520752,0.9338235294117647,0.7142857142857143
2,1,66,0.09380359202623367,1.2361361980438232,0.9485294117647058,0.6571428571428571
2,1,67,0.11633118987083435,1.3181796073913574,0.9264705882352942,0.6571428571428571
2,1,68,0.07204943150281906,1.1193795204162598,0.9705882352941176,0.6857142857142857
2,1,69,0.08278678357601166,1.012205958366394,0.9485294117647058,0.7142857142857143
2,1,70,0.09470441937446594,0.9677368402481079,0.9558823529411765,0.7142857142857143
2,1,71,0.07776908576488495,1.0030335187911987,0.9558823529411765,0.7428571428571429
2,1,72,0.06652376055717468,1.0299620628356934,0.9852941176470589,0.7142857142857143
2,1,73,0.06793014705181122,1.021875023841858,0.9705882352941176,0.7142857142857143
2,1,74,0.07888133078813553,1.0890350341796875,0.9558823529411765,0.6857142857142857
2,1,75,0.07104448974132538,1.0808517932891846,0.9632352941176471,0.7142857142857143
2,1,76,0.07584933936595917,1.02255380153656,0.9632352941176471,0.7428571428571429
2,1,77,0.07110340148210526,1.062795877456665,0.9779411764705882,0.6857142857142857
2,1,78,0.06744856387376785,1.2916433811187744,0.9926470588235294,0.6857142857142857
2,1,79,0.059811100363731384,1.3221455812454224,0.9852941176470589,0.7142857142857143
2,1,80,0.06500568240880966,1.2418153285980225,0.9779411764705882,0.6857142857142857
2,1,81,0.06567568331956863,1.1635838747024536,0.9779411764705882,0.6857142857142857
2,1,82,0.06463772058486938,1.1341136693954468,0.9779411764705882,0.6857142857142857
2,1,83,0.057913992553949356,1.2595678567886353,0.9852941176470589,0.6571428571428571
2,1,84,0.05386625602841377,1.2768205404281616,0.9926470588235294,0.6857142857142857
2,1,85,0.058648403733968735,1.2863810062408447,0.9779411764705882,0.6857142857142857
2,1,86,0.05430836230516434,1.3925048112869263,0.9926470588235294,0.6857142857142857
2,1,87,0.05331921577453613,1.5312366485595703,0.9926470588235294,0.6571428571428571
2,1,88,0.05822451412677765,1.5428667068481445,0.9779411764705882,0.6571428571428571
2,1,89,0.054448533803224564,1.3202406167984009,0.9852941176470589,0.6857142857142857
2,1,90,0.05782601982355118,1.261535882949829,0.9705882352941176,0.6857142857142857
2,1,91,0.04255860298871994,1.4758716821670532,0.9926470588235294,0.6571428571428571
2,1,92,0.04185052961111069,1.5806124210357666,1.0,0.6857142857142857
2,1,93,0.044054064899683,1.564974069595337,0.9926470588235294,0.6857142857142857
2,1,94,0.05326538905501366,1.611378788948059,0.9852941176470589,0.6857142857142857
2,1,95,0.04133448377251625,1.6780195236206055,0.9852941176470589,0.6857142857142857
2,1,96,0.04053517058491707,1.7138746976852417,0.9779411764705882,0.6857142857142857
2,1,97,0.03942206874489784,1.7493027448654175,0.9779411764705882,0.6571428571428571
2,1,98,0.03797105327248573,1.7109489440917969,0.9926470588235294,0.6857142857142857
2,1,99,0.06794867664575577,1.5736567974090576,0.9632352941176471,0.6857142857142857
2,1,100,0.048036668449640274,1.6508870124816895,0.9779411764705882,0.6857142857142857
2,2,1,1.0522257089614868,1.0108333826065063,0.7226277372262774,0.7352941176470589
2,2,2,0.6706488132476807,0.6727038621902466,0.7518248175182481,0.7647058823529411
2,2,3,0.6642103791236877,0.6662256717681885,0.7226277372262774,0.7352941176470589
2,2,4,0.6378981471061707,0.6415574550628662,0.7226277372262774,0.7352941176470589
2,2,5,0.6048463582992554,0.6096570491790771,0.7226277372262774,0.7352941176470589
2,2,6,0.5695819854736328,0.5772203207015991,0.7226277372262774,0.7352941176470589
2,2,7,0.5483157634735107,0.5633272528648376,0.7226277372262774,0.7352941176470589
2,2,8,0.5408548712730408,0.5734459161758423,0.7226277372262774,0.7352941176470589
2,2,9,0.5064830183982849,0.559156060218811,0.7299270072992701,0.7352941176470589
2,2,10,0.473727822303772,0.5363670587539673,0.7372262773722628,0.7352941176470589
2,2,11,0.457786500453949,0.5343798995018005,0.7664233576642335,0.7352941176470589
2,2,12,0.4302079677581787,0.5390329957008362,0.8175182481751825,0.7647058823529411
2,2,13,0.41776344180107117,0.5822850465774536,0.7883211678832117,0.7647058823529411
2,2,14,0.3748730719089508,0.5541815757751465,0.8394160583941606,0.7941176470588235
2,2,15,0.3676881492137909,0.5493589043617249,0.8029197080291971,0.8235294117647058
2,2,16,0.3658580183982849,0.6041744351387024,0.8248175182481752,0.8235294117647058
2,2,17,0.3341503143310547,0.594114363193512,0.8540145985401459,0.8529411764705882
2,2,18,0.32019102573394775,0.5714418888092041,0.8321167883211679,0.7941176470588235
2,2,19,0.30766183137893677,0.6106200218200684,0.8613138686131386,0.8235294117647058
2,2,20,0.2910906672477722,0.6057419180870056,0.8613138686131386,0.8235294117647058
2,2,21,0.2846524715423584,0.5762439966201782,0.8978102189781022,0.8235294117647058
2,2,22,0.26866573095321655,0.5955620408058167,0.8832116788321168,0.8235294117647058
2,2,23,0.2634662091732025,0.6031842827796936,0.8832116788321168,0.8235294117647058
2,2,24,0.2532239556312561,0.5918439030647278,0.8686131386861314,0.8235294117647058
2,2,25,0.24183206260204315,0.6110512018203735,0.8905109489051095,0.8235294117647058
2,2,26,0.2329123467206955,0.6160716414451599,0.8832116788321168,0.8235294117647058
2,2,27,0.2182426154613495,0.6066265106201172,0.9051094890510949,0.8235294117647058
2,2,28,0.2104579359292984,0.608910858631134,0.9124087591240876,0.8235294117647058
2,2,29,0.20480263233184814,0.6024717688560486,0.9124087591240876,0.8529411764705882
2,2,30,0.20116107165813446,0.6281625628471375,0.9197080291970803,0.8235294117647058
2,2,31,0.19235900044441223,0.6480279564857483,0.9197080291970803,0.8235294117647058
2,2,32,0.19875290989875793,0.6541361212730408,0.9197080291970803,0.8529411764705882
2,2,33,0.1811310201883316,0.7042266726493835,0.9197080291970803,0.8235294117647058
2,2,34,0.1725069284439087,0.7025400996208191,0.9197080291970803,0.8235294117647058
2,2,35,0.1644640415906906,0.6905151009559631,0.927007299270073,0.8529411764705882
2,2,36,0.1582264006137848,0.6866222620010376,0.9416058394160584,0.7941176470588235
2,2,37,0.15576578676700592,0.7147718071937561,0.927007299270073,0.7941176470588235
2,2,38,0.14719849824905396,0.7358684539794922,0.9197080291970803,0.8529411764705882
2,2,39,0.14778989553451538,0.7555531859397888,0.927007299270073,0.8529411764705882
2,2,40,0.1793331652879715,0.8741140961647034,0.9124087591240876,0.7941176470588235
2,2,41,0.14063888788223267,0.877434253692627,0.9343065693430657,0.7941176470588235
2,2,42,0.1854802668094635,0.8630913496017456,0.9051094890510949,0.7647058823529411
2,2,43,0.14321781694889069,0.9093194603919983,0.927007299270073,0.8235294117647058
2,2,44,0.16879698634147644,0.9224230647087097,0.9343065693430657,0.8529411764705882
2,2,45,0.12912051379680634,0.7925503253936768,0.9562043795620438,0.7941176470588235
2,2,46,0.1454673409461975,0.93709397315979,0.948905109489051,0.7941176470588235
2,2,47,0.14480601251125336,0.9062951803207397,0.9343065693430657,0.8235294117647058
2,2,48,0.17178089916706085,0.9738278985023499,0.9124087591240876,0.7941176470588235
2,2,49,0.13042812049388885,0.9469843506813049,0.9635036496350365,0.7941176470588235
2,2,50,0.1743949055671692,0.9301280379295349,0.9051094890510949,0.7941176470588235
2,2,51,0.12069734185934067,0.9405905604362488,0.9562043795620438,0.8235294117647058
2,2,52,0.14690092206001282,0.9741868376731873,0.9343065693430657,0.8529411764705882
2,2,53,0.13035862147808075,0.8793559670448303,0.9416058394160584,0.7941176470588235
2,2,54,0.13190704584121704,0.870864748954773,0.9416058394160584,0.7352941176470589
2,2,55,0.13237226009368896,0.9283174276351929,0.927007299270073,0.7647058823529411
2,2,56,0.11965208500623703,0.8871333003044128,0.9343065693430657,0.7941176470588235
2,2,57,0.1312568336725235,0.8736336827278137,0.9343065693430657,0.7941176470588235
2,2,58,0.12558656930923462,0.8630242943763733,0.9635036496350365,0.7941176470588235
2,2,59,0.12347492575645447,0.8648901581764221,0.948905109489051,0.8235294117647058
2,2,60,0.12195411324501038,0.8810198307037354,0.9562043795620438,0.8235294117647058
2,2,61,0.12264759838581085,0.8943787813186646,0.9416058394160584,0.8235294117647058
2,2,62,0.12674467265605927,0.9039766788482666,0.948905109489051,0.8235294117647058
2,2,63,0.11854767799377441,0.8917432427406311,0.9343065693430657,0.7941176470588235
2,2,64,0.11270394921302795,0.851521372795105,0.9562043795620438,0.7941176470588235
2,2,65,0.10516589134931564,0.7987532019615173,0.9562043795620438,0.7941176470588235
2,2,66,0.10850369930267334,0.7947025299072266,0.9708029197080292,0.8529411764705882
2,2,67,0.11199552565813065,0.80320805311203,0.9562043795620438,0.8529411764705882
2,2,68,0.09778664261102676,0.7918434739112854,0.9708029197080292,0.8529411764705882
2,2,69,0.09934359043836594,0.8086194396018982,0.9635036496350365,0.7647058823529411
2,2,70,0.10172931849956512,0.8739216923713684,0.9416058394160584,0.7941176470588235
2,2,71,0.10955215990543365,0.9359641075134277,0.9416058394160584,0.7941176470588235
2,2,72,0.10832297056913376,0.99272221326828,0.9343065693430657,0.8529411764705882
2,2,73,0.106486015021801,0.9985615015029907,0.948905109489051,0.7941176470588235
2,2,74,0.09281069040298462,1.0923272371292114,0.9854014598540146,0.8235294117647058
2,2,75,0.09947969764471054,1.15980064868927,0.948905109489051,0.8529411764705882
2,2,76,0.0896957516670227,1.0201481580734253,0.948905109489051,0.7647058823529411
2,2,77,0.09323272854089737,1.0159010887145996,0.9781021897810219,0.8235294117647058
2,2,78,0.08420386910438538,0.9498840570449829,0.9708029197080292,0.7941176470588235
2,2,79,0.10103285312652588,0.9160414338111877,0.9416058394160584,0.8529411764705882
2,2,80,0.08388537168502808,0.9013600945472717,0.9708029197080292,0.8235294117647058
2,2,81,0.08774930983781815,0.9032485485076904,0.9416058394160584,0.8235294117647058
2,2,82,0.0847800150513649,0.9769124388694763,0.9635036496350365,0.8823529411764706
2,2,83,0.08147554099559784,1.0111415386199951,0.9781021897810219,0.8529411764705882
2,2,84,0.07097895443439484,0.9882685542106628,0.9781021897810219,0.8529411764705882
2,2,85,0.06582342088222504,1.000764012336731,1.0,0.8235294117647058
2,2,86,0.08193604648113251,1.0182970762252808,0.9562043795620438,0.8235294117647058
2,2,87,0.06508450955152512,1.0259394645690918,0.9854014598540146,0.7941176470588235
2,2,88,0.06343428045511246,1.0657126903533936,0.9854014598540146,0.7941176470588235
2,2,89,0.0892803743481636,1.1050329208374023,0.9416058394160584,0.8235294117647058
2,2,90,0.07408823072910309,1.110098958015442,0.9781021897810219,0.7941176470588235
2,2,91,0.0754169374704361,1.1173138618469238,0.9708029197080292,0.8529411764705882
2,2,92,0.06615284085273743,1.0971910953521729,0.9708029197080292,0.8529411764705882
2,2,93,0.10489467531442642,1.0557430982589722,0.9343065693430657,0.7647058823529411
2,2,94,0.15975883603096008,1.2171831130981445,0.927007299270073,0.8529411764705882
2,2,95,0.12233713269233704,1.2291181087493896,0.9562043795620438,0.8529411764705882
2,2,96,0.1994621902704239,1.2927309274673462,0.9124087591240876,0.8235294117647058
2,2,97,0.0695253238081932,1.210996389389038,0.9635036496350365,0.7941176470588235
2,2,98,0.11437900364398956,1.3617271184921265,0.927007299270073,0.8529411764705882
2,2,99,0.06980544328689575,1.0992531776428223,0.9708029197080292,0.8529411764705882
2,2,100,0.07945942878723145,1.0035444498062134,0.9635036496350365,0.7941176470588235
2,3,1,1.256611704826355,1.124289631843567,0.7226277372262774,0.7352941176470589
2,3,2,0.6995539665222168,0.7036687135696411,0.40875912408759124,0.3235294117647059
2,3,3,0.6825897693634033,0.6836183667182922,0.7372262773722628,0.7352941176470589
2,3,4,0.6565133929252625,0.6550365686416626,0.7226277372262774,0.7352941176470589
2,3,5,0.6284704804420471,0.6218198537826538,0.7226277372262774,0.7352941176470589
2,3,6,0.6024481654167175,0.5892102718353271,0.7226277372262774,0.7352941176470589
2,3,7,0.5868520140647888,0.5657687187194824,0.7226277372262774,0.7352941176470589
2,3,8,0.5853815674781799,0.5607312321662903,0.7226277372262774,0.7352941176470589
2,3,9,0.571767270565033,0.5535373091697693,0.7226277372262774,0.7352941176470589
2,3,10,0.5461168885231018,0.5399537682533264,0.7226277372262774,0.7352941176470589
2,3,11,0.5263456702232361,0.5318248271942139,0.7226277372262774,0.7352941176470589
2,3,12,0.5101111531257629,0.5257588624954224,0.7299270072992701,0.7352941176470589
2,3,13,0.49167126417160034,0.5157226324081421,0.7299270072992701,0.7352941176470589
2,3,14,0.47293615341186523,0.5041481256484985,0.7299270072992701,0.7647058823529411
2,3,15,0.4565845727920532,0.49308764934539795,0.7299270072992701,0.7647058823529411
2,3,16,0.43638327717781067,0.4754830598831177,0.7591240875912408,0.7647058823529411
2,3,17,0.4181324243545532,0.45600631833076477,0.7883211678832117,0.7941176470588235
2,3,18,0.39963534474372864,0.4363102614879608,0.8175182481751825,0.7941176470588235
2,3,19,0.38108378648757935,0.42118290066719055,0.8321167883211679,0.8235294117647058
2,3,20,0.3647586703300476,0.4143153429031372,0.8394160583941606,0.7941176470588235
2,3,21,0.3486974835395813,0.41749218106269836,0.8394160583941606,0.7647058823529411
2,3,22,0.33594223856925964,0.4293228089809418,0.8394160583941606,0.7647058823529411
2,3,23,0.3238461911678314,0.43564239144325256,0.8394160583941606,0.7647058823529411
2,3,24,0.31279900670051575,0.4507765471935272,0.8467153284671532,0.7647058823529411
2,3,25,0.3173142075538635,0.5076059699058533,0.8467153284671532,0.7352941176470589
2,3,26,0.3016444742679596,0.45861363410949707,0.8613138686131386,0.7352941176470589
2,3,27,0.2832198441028595,0.504359781742096,0.8540145985401459,0.7647058823529411
2,3,28,0.28453782200813293,0.558870792388916,0.8832116788321168,0.7352941176470589
2,3,29,0.27199476957321167,0.5264866948127747,0.9124087591240876,0.7058823529411765
2,3,30,0.26402947306632996,0.5618939399719238,0.8832116788321168,0.7352941176470589
2,3,31,0.26608994603157043,0.6172845363616943,0.8905109489051095,0.7647058823529411
2,3,32,0.24699825048446655,0.5604611039161682,0.8832116788321168,0.7352941176470589
2,3,33,0.24863751232624054,0.5015759468078613,0.8832116788321168,0.7647058823529411
2,3,34,0.24172037839889526,0.5276587605476379,0.8905109489051095,0.7647058823529411
2,3,35,0.2437526136636734,0.609298825263977,0.8978102189781022,0.7352941176470589
2,3,36,0.22801117599010468,0.5982406735420227,0.8978102189781022,0.7352941176470589
2,3,37,0.22011008858680725,0.5672869086265564,0.8905109489051095,0.7647058823529411
2,3,38,0.21102242171764374,0.5844213962554932,0.8978102189781022,0.7352941176470589
2,3,39,0.21451526880264282,0.6054655909538269,0.9051094890510949,0.7352941176470589
2,3,40,0.20638617873191833,0.5793278813362122,0.9124087591240876,0.7647058823529411
2,3,41,0.19559021294116974,0.5332061052322388,0.9197080291970803,0.7647058823529411
2,3,42,0.18681100010871887,0.5619215369224548,0.9197080291970803,0.7647058823529411
2,3,43,0.18010850250720978,0.6222281455993652,0.927007299270073,0.7352941176470589
2,3,44,0.17236195504665375,0.6392679810523987,0.9197080291970803,0.7352941176470589
2,3,45,0.17313368618488312,0.6352746486663818,0.9343065693430657,0.7352941176470589
2,3,46,0.16834069788455963,0.7605945467948914,0.9197080291970803,0.7058823529411765
2,3,47,0.18138745427131653,0.8048873543739319,0.9124087591240876,0.7352941176470589
2,3,48,0.14960843324661255,0.6805034279823303,0.9124087591240876,0.7058823529411765
2,3,49,0.14818355441093445,0.6854366064071655,0.9343065693430657,0.7352941176470589
2,3,50,0.14340078830718994,0.7742208242416382,0.9197080291970803,0.7352941176470589
2,3,51,0.14147475361824036,0.8036139607429504,0.9051094890510949,0.7352941176470589
2,3,52,0.14005084335803986,0.8185866475105286,0.9124087591240876,0.7647058823529411
2,3,53,0.13861283659934998,0.7766473293304443,0.9343065693430657,0.7352941176470589
2,3,54,0.14208897948265076,0.9276720285415649,0.9197080291970803,0.7352941176470589
2,3,55,0.1384413242340088,0.9402689933776855,0.927007299270073,0.7647058823529411
2,3,56,0.1294388324022293,0.9091161489486694,0.927007299270073,0.7352941176470589
2,3,57,0.13468337059020996,0.8080945014953613,0.9416058394160584,0.7352941176470589
2,3,58,0.12819960713386536,0.8423417210578918,0.9343065693430657,0.7352941176470589
2,3,59,0.13536377251148224,0.9492080807685852,0.9124087591240876,0.7058823529411765
2,3,60,0.1296311318874359,0.9993653893470764,0.927007299270073,0.7058823529411765
2,3,61,0.12664677202701569,0.9995787143707275,0.9343065693430657,0.6764705882352942
2,3,62,0.12526214122772217,0.959990918636322,0.9343065693430657,0.7058823529411765
2,3,63,0.12940870225429535,0.9637377262115479,0.9343065693430657,0.7058823529411765
2,3,64,0.13165698945522308,0.9665691256523132,0.9343065693430657,0.7058823529411765
2,3,65,0.11782354861497879,0.9742759466171265,0.9197080291970803,0.7352941176470589
2,3,66,0.11323095113039017,1.098376750946045,0.948905109489051,0.7352941176470589
2,3,67,0.11816971749067307,1.2019391059875488,0.9343065693430657,0.7058823529411765
2,3,68,0.10639612376689911,1.0710819959640503,0.9562043795620438,0.7058823529411765
2,3,69,0.11320246011018753,0.9229429364204407,0.948905109489051,0.7352941176470589
2,3,70,0.12417293339967728,1.0191736221313477,0.9343065693430657,0.7058823529411765
2,3,71,0.12483925372362137,1.0765576362609863,0.9343065693430657,0.7058823529411765
2,3,72,0.10756122320890427,1.0445730686187744,0.927007299270073,0.7352941176470589
2,3,73,0.10709980130195618,1.0400116443634033,0.948905109489051,0.7352941176470589
2,3,74,0.10696493834257126,1.0425606966018677,0.948905109489051,0.7352941176470589
2,3,75,0.10303246974945068,1.188354730606079,0.9708029197080292,0.7058823529411765
2,3,76,0.11517687141895294,1.29786217212677,0.9416058394160584,0.7058823529411765
2,3,77,0.1075022742152214,1.15500009059906,0.948905109489051,0.7058823529411765
2,3,78,0.09560270607471466,1.0059441328048706,0.9416058394160584,0.7352941176470589
2,3,79,0.10771392285823822,0.997541069984436,0.9343065693430657,0.7352941176470589
2,3,80,0.12146445363759995,0.948029100894928,0.9416058394160584,0.7058823529411765
2,3,81,0.11536649614572525,0.9846937656402588,0.948905109489051,0.7058823529411765
2,3,82,0.09978045523166656,1.0489511489868164,0.9562043795620438,0.7058823529411765
2,3,83,0.10090824216604233,1.0958279371261597,0.9562043795620438,0.7058823529411765
2,3,84,0.09767626971006393,1.0904932022094727,0.948905109489051,0.7352941176470589
2,3,85,0.1023421511054039,1.0664485692977905,0.9562043795620438,0.7058823529411765
2,3,86,0.09921269118785858,0.997156023979187,0.9343065693430657,0.7352941176470589
2,3,87,0.0944463238120079,0.9880862832069397,0.9562043795620438,0.7352941176470589
2,3,88,0.0918269157409668,1.032158613204956,0.9635036496350365,0.7058823529411765
2,3,89,0.09552031010389328,1.0745556354522705,0.9562043795620438,0.7058823529411765
2,3,90,0.0991678312420845,1.105819582939148,0.948905109489051,0.7058823529411765
2,3,91,0.08995885401964188,1.073918104171753,0.9562043795620438,0.7058823529411765
2,3,92,0.09372638911008835,1.0367928743362427,0.9562043795620438,0.7058823529411765
2,3,93,0.08363012224435806,1.0496339797973633,0.9708029197080292,0.7058823529411765
2,3,94,0.09374772757291794,1.0978939533233643,0.9562043795620438,0.7058823529411765
2,3,95,0.0838780626654625,1.0413354635238647,0.9562043795620438,0.7352941176470589
2,3,96,0.08374704420566559,1.0797300338745117,0.9635036496350365,0.7352941176470589
2,3,97,0.08873382210731506,1.166422724723816,0.9635036496350365,0.7058823529411765
2,3,98,0.08542703092098236,1.1726796627044678,0.9635036496350365,0.7058823529411765
2,3,99,0.07638271898031235,1.0552846193313599,0.9708029197080292,0.7058823529411765
2,3,100,0.07638528943061829,1.061368465423584,0.9854014598540146,0.7352941176470589
2,4,1,1.0559487342834473,1.232043743133545,0.7226277372262774,0.7352941176470589
2,4,2,0.7323932647705078,0.7336598634719849,0.2773722627737226,0.2647058823529412
2,4,3,0.7008821964263916,0.7055298686027527,0.32116788321167883,0.35294117647058826
2,4,4,0.6650798916816711,0.6693951487541199,0.7372262773722628,0.7352941176470589
2,4,5,0.6268591284751892,0.6307293176651001,0.7226277372262774,0.7352941176470589
2,4,6,0.5882080793380737,0.5979546904563904,0.7226277372262774,0.7352941176470589
2,4,7,0.5639286637306213,0.5911273956298828,0.7226277372262774,0.7352941176470589
2,4,8,0.563727855682373,0.6135090589523315,0.7226277372262774,0.7352941176470589
2,4,9,0.5518619418144226,0.6139715909957886,0.7299270072992701,0.7352941176470589
2,4,10,0.5196236371994019,0.5748250484466553,0.7372262773722628,0.7352941176470589
2,4,11,0.49864083528518677,0.542443573474884,0.7372262773722628,0.7352941176470589
2,4,12,0.47480273246765137,0.5254758596420288,0.781021897810219,0.7352941176470589
2,4,13,0.4401093125343323,0.5205205082893372,0.7956204379562044,0.7352941176470589
2,4,14,0.4168846309185028,0.5351951122283936,0.8102189781021898,0.7352941176470589
2,4,15,0.3808843791484833,0.49258843064308167,0.8467153284671532,0.7058823529411765
2,4,16,0.36055949330329895,0.5106155276298523,0.8613138686131386,0.7352941176470589
2,4,17,0.3423336148262024,0.5018987059593201,0.8613138686131386,0.7647058823529411
2,4,18,0.32583338022232056,0.5105516910552979,0.8686131386861314,0.7352941176470589
2,4,19,0.3237380385398865,0.6124863028526306,0.8613138686131386,0.7352941176470589
2,4,20,0.29212939739227295,0.5502751469612122,0.8540145985401459,0.7647058823529411
2,4,21,0.2683337926864624,0.5972769856452942,0.8832116788321168,0.7352941176470589
2,4,22,0.27271726727485657,0.6874063014984131,0.8613138686131386,0.7058823529411765
2,4,23,0.2380273938179016,0.6620345711708069,0.8978102189781022,0.7058823529411765
2,4,24,0.24723108112812042,0.6848224401473999,0.9051094890510949,0.6764705882352942
2,4,25,0.27818700671195984,0.8665291666984558,0.8759124087591241,0.7058823529411765
2,4,26,0.2128450572490692,0.7751758098602295,0.9051094890510949,0.7058823529411765
2,4,27,0.2565309703350067,0.7312297821044922,0.8686131386861314,0.7647058823529411
2,4,28,0.19456033408641815,0.7878677845001221,0.9197080291970803,0.7352941176470589
2,4,29,0.2194620966911316,0.9092665314674377,0.9124087591240876,0.7058823529411765
2,4,30,0.18674959242343903,0.853583037853241,0.9343065693430657,0.7352941176470589
2,4,31,0.19390641152858734,0.797341525554657,0.9124087591240876,0.7058823529411765
2,4,32,0.172481507062912,0.8271430134773254,0.9343065693430657,0.7352941176470589
2,4,33,0.19102449715137482,0.8912760615348816,0.9051094890510949,0.7058823529411765
2,4,34,0.17929542064666748,0.8668326735496521,0.927007299270073,0.7058823529411765
2,4,35,0.1638140082359314,0.8006747961044312,0.927007299270073,0.7352941176470589
2,4,36,0.16939105093479156,0.7883197665214539,0.9197080291970803,0.7352941176470589
2,4,37,0.15493972599506378,0.8016297817230225,0.9343065693430657,0.7352941176470589
2,4,38,0.16379621624946594,0.843538761138916,0.9343065693430657,0.7058823529411765
2,4,39,0.1494177132844925,0.8410114049911499,0.948905109489051,0.7352941176470589
2,4,40,0.14715147018432617,0.8392584323883057,0.9343065693430657,0.7352941176470589
2,4,41,0.1365451067686081,0.8787074685096741,0.9343065693430657,0.7352941176470589
2,4,42,0.13568493723869324,0.9379495978355408,0.9416058394160584,0.7058823529411765
2,4,43,0.1375557780265808,0.9869654178619385,0.9343065693430657,0.7058823529411765
2,4,44,0.1279280185699463,0.9947556853294373,0.9562043795620438,0.7352941176470589
2,4,45,0.13022342324256897,1.0099470615386963,0.9343065693430657,0.7058823529411765
2,4,46,0.11863171309232712,1.0163459777832031,0.9635036496350365,0.7352941176470589
2,4,47,0.11885464936494827,1.0452290773391724,0.9416058394160584,0.7058823529411765
2,4,48,0.12440550327301025,1.0690394639968872,0.9416058394160584,0.7058823529411765
2,4,49,0.11359833925962448,1.0684595108032227,0.9416058394160584,0.7058823529411765
2,4,50,0.1036175936460495,1.0853859186172485,0.9781021897810219,0.7352941176470589
2,4,51,0.09585795551538467,1.1416534185409546,0.9781021897810219,0.7058823529411765
2,4,52,0.09747041761875153,1.2534446716308594,0.9416058394160584,0.7058823529411765
2,4,53,0.09021610766649246,1.2564419507980347,0.9635036496350365,0.7352941176470589
2,4,54,0.09403541684150696,1.2246721982955933,0.948905109489051,0.7058823529411765
2,4,55,0.09150837361812592,1.2355293035507202,0.9562043795620438,0.7058823529411765
2,4,56,0.09345284104347229,1.2866262197494507,0.9416058394160584,0.6764705882352942
2,4,57,0.11928296834230423,1.2975754737854004,0.9562043795620438,0.6764705882352942
2,4,58,0.14511951804161072,1.4424647092819214,0.9416058394160584,0.7058823529411765
2,4,59,0.15284466743469238,1.429341435432434,0.9416058394160584,0.7058823529411765
2,4,60,0.14915277063846588,1.3193583488464355,0.9197080291970803,0.6764705882352942
2,4,61,0.11221221834421158,1.235087275505066,0.948905109489051,0.7058823529411765
2,4,62,0.10082204639911652,1.2032419443130493,0.9416058394160584,0.7058823529411765
2,4,63,0.09819295257329941,1.1572082042694092,0.9562043795620438,0.7058823529411765
2,4,64,0.09686309099197388,1.1210521459579468,0.9635036496350365,0.7352941176470589
2,4,65,0.09259826689958572,1.0943289995193481,0.9635036496350365,0.7058823529411765
2,4,66,0.0987655520439148,1.1146079301834106,0.948905109489051,0.7352941176470589
2,4,67,0.09998322278261185,1.1052194833755493,0.9416058394160584,0.7352941176470589
2,4,68,0.09740716218948364,1.1460330486297607,0.9635036496350365,0.7352941176470589
2,4,69,0.1206764429807663,1.2102938890457153,0.9416058394160584,0.7058823529411765
2,4,70,0.10819557309150696,1.2007323503494263,0.9416058394160584,0.7058823529411765
2,4,71,0.0864391177892685,1.1542580127716064,0.9635036496350365,0.7352941176470589
2,4,72,0.08577638119459152,1.1350961923599243,0.9781021897810219,0.7352941176470589
2,4,73,0.10493196547031403,1.1774722337722778,0.9416058394160584,0.7058823529411765
2,4,74,0.10684224963188171,1.1764219999313354,0.9416058394160584,0.7058823529411765
2,4,75,0.08638565987348557,1.142077088356018,0.9635036496350365,0.7352941176470589
2,4,76,0.08432125300168991,1.1672366857528687,0.948905109489051,0.7058823529411765
2,4,77,0.08399089425802231,1.2186143398284912,0.9635036496350365,0.7352941176470589
2,4,78,0.08615370094776154,1.2428739070892334,0.9708029197080292,0.7352941176470589
2,4,79,0.08618289977312088,1.2520920038223267,0.9562043795620438,0.7352941176470589
2,4,80,0.0770353451371193,1.240351676940918,0.9708029197080292,0.7058823529411765
2,4,81,0.08018794655799866,1.237087607383728,0.948905109489051,0.7058823529411765
2,4,82,0.07529079169034958,1.2207900285720825,0.9635036496350365,0.7058823529411765
2,4,83,0.08687928318977356,1.2775957584381104,0.9416058394160584,0.7352941176470589
2,4,84,0.07111018151044846,1.2702709436416626,0.9708029197080292,0.7352941176470589
2,4,85,0.07167427986860275,1.2759538888931274,0.9708029197080292,0.7352941176470589
2,4,86,0.06955650448799133,1.2682220935821533,0.9781021897810219,0.7058823529411765
2,4,87,0.0711573138833046,1.2701817750930786,0.9635036496350365,0.7058823529411765
2,4,88,0.0661226212978363,1.2559316158294678,0.9927007299270073,0.7352941176470589
2,4,89,0.0645768940448761,1.2766889333724976,0.9927007299270073,0.7647058823529411
2,4,90,0.1100553348660469,1.3828092813491821,0.9416058394160584,0.7058823529411765
2,4,91,0.0866180881857872,1.3662086725234985,0.948905109489051,0.7058823529411765
2,4,92,0.07375628501176834,1.3161224126815796,0.9781021897810219,0.7647058823529411
2,4,93,0.07433654367923737,1.3131539821624756,0.9781021897810219,0.7352941176470589
2,4,94,0.08091665804386139,1.3723905086517334,0.9635036496350365,0.7352941176470589
2,4,95,0.12085528671741486,1.4645816087722778,0.9416058394160584,0.7058823529411765
2,4,96,0.11295188218355179,1.4415271282196045,0.9416058394160584,0.7058823529411765
2,4,97,0.0849752202630043,1.3557158708572388,0.9635036496350365,0.7352941176470589
2,4,98,0.07433414459228516,1.287529468536377,0.9708029197080292,0.6764705882352942
2,4,99,0.08176468312740326,1.2839800119400024,0.9781021897810219,0.7058823529411765
2,4,100,0.07368189841508865,1.2926629781723022,0.9708029197080292,0.7352941176470589
2,5,1,1.0985785722732544,1.1865549087524414,0.7299270072992701,0.7058823529411765
2,5,2,0.6945669054985046,0.7002356052398682,0.43795620437956206,0.4411764705882353
2,5,3,0.6669284701347351,0.6745531558990479,0.7372262773722628,0.7058823529411765
2,5,4,0.6256149411201477,0.6365495920181274,0.7299270072992701,0.7058823529411765
2,5,5,0.5843531489372253,0.5984303951263428,0.7299270072992701,0.7058823529411765
2,5,6,0.5607607960700989,0.5814080238342285,0.7299270072992701,0.7058823529411765
2,5,7,0.5544687509536743,0.5845259428024292,0.7299270072992701,0.7058823529411765
2,5,8,0.5263615846633911,0.5639296770095825,0.7372262773722628,0.7058823529411765
2,5,9,0.4898374676704407,0.5363503098487854,0.7445255474452555,0.7058823529411765
2,5,10,0.4635772407054901,0.5290017127990723,0.7664233576642335,0.7647058823529411
2,5,11,0.4249827265739441,0.511834442615509,0.781021897810219,0.7647058823529411
2,5,12,0.4027897119522095,0.5132952332496643,0.7956204379562044,0.7352941176470589
2,5,13,0.3766820728778839,0.5364964604377747,0.8540145985401459,0.7352941176470589
2,5,14,0.35896801948547363,0.5336546301841736,0.8248175182481752,0.7647058823529411
2,5,15,0.3457021415233612,0.5719294548034668,0.8686131386861314,0.8235294117647058
2,5,16,0.33030495047569275,0.576934814453125,0.8613138686131386,0.7941176470588235
2,5,17,0.32307690382003784,0.5839429497718811,0.8467153284671532,0.7941176470588235
2,5,18,0.3422706127166748,0.6722350716590881,0.8540145985401459,0.7647058823529411
2,5,19,0.33996373414993286,0.6213679909706116,0.8613138686131386,0.6764705882352942
2,5,20,0.3018830120563507,0.6011813879013062,0.8686131386861314,0.7058823529411765
2,5,21,0.2937007546424866,0.6286594271659851,0.8613138686131386,0.7941176470588235
2,5,22,0.2697645425796509,0.6025463342666626,0.8759124087591241,0.8235294117647058
2,5,23,0.278543084859848,0.6002259254455566,0.8613138686131386,0.6764705882352942
2,5,24,0.26400884985923767,0.6030566096305847,0.8759124087591241,0.7352941176470589
2,5,25,0.25070419907569885,0.6358051300048828,0.8978102189781022,0.8235294117647058
2,5,26,0.24439483880996704,0.6633678078651428,0.9197080291970803,0.8529411764705882
2,5,27,0.2336767166852951,0.6642181277275085,0.8905109489051095,0.7352941176470589
2,5,28,0.2353755384683609,0.6900004744529724,0.8905109489051095,0.7058823529411765
2,5,29,0.21357131004333496,0.7151996493339539,0.8978102189781022,0.7352941176470589
2,5,30,0.21168705821037292,0.7542858123779297,0.9051094890510949,0.7941176470588235
2,5,31,0.19408583641052246,0.7604913115501404,0.9124087591240876,0.7941176470588235
2,5,32,0.19495272636413574,0.7624396085739136,0.9124087591240876,0.7352941176470589
2,5,33,0.1874229460954666,0.7714619636535645,0.9124087591240876,0.7647058823529411
2,5,34,0.17366774380207062,0.8283810019493103,0.9343065693430657,0.8529411764705882
2,5,35,0.16392561793327332,0.842706561088562,0.927007299270073,0.7941176470588235
2,5,36,0.17033825814723969,0.8375921249389648,0.9197080291970803,0.7352941176470589
2,5,37,0.15874812006950378,0.8569231033325195,0.927007299270073,0.7352941176470589
2,5,38,0.15125460922718048,0.9212959408760071,0.9343065693430657,0.7647058823529411
2,5,39,0.1437184363603592,0.930077850818634,0.948905109489051,0.7647058823529411
2,5,40,0.1597190499305725,0.8959190249443054,0.9051094890510949,0.7352941176470589
2,5,41,0.1387612223625183,0.9372299909591675,0.9416058394160584,0.7352941176470589
2,5,42,0.13594530522823334,0.985117495059967,0.9416058394160584,0.7941176470588235
2,5,43,0.12960420548915863,0.9668773412704468,0.948905109489051,0.7647058823529411
2,5,44,0.13408221304416656,0.9315392971038818,0.948905109489051,0.7352941176470589
2,5,45,0.12693151831626892,0.9433429837226868,0.9635036496350365,0.7352941176470589
2,5,46,0.12775404751300812,1.0276825428009033,0.9416058394160584,0.7647058823529411
2,5,47,0.1136053279042244,1.0037071704864502,0.9562043795620438,0.7941176470588235
2,5,48,0.12224461883306503,0.9778605103492737,0.9416058394160584,0.7352941176470589
2,5,49,0.11547277122735977,1.0177751779556274,0.948905109489051,0.7352941176470589
2,5,50,0.10853636264801025,1.0719212293624878,0.9562043795620438,0.7647058823529411
2,5,51,0.10822194069623947,1.0730047225952148,0.9635036496350365,0.7352941176470589
2,5,52,0.10436705499887466,1.12428879737854,0.9635036496350365,0.7352941176470589
2,5,53,0.10099196434020996,1.1474854946136475,0.9781021897810219,0.7647058823529411
2,5,54,0.10967915505170822,1.1223722696304321,0.9562043795620438,0.7352941176470589
2,5,55,0.10031481832265854,1.1317156553268433,0.9781021897810219,0.7647058823529411
2,5,56,0.09835962951183319,1.1757265329360962,0.9562043795620438,0.7647058823529411
2,5,57,0.1012672707438469,1.1647095680236816,0.9635036496350365,0.7352941176470589
2,5,58,0.0984111800789833,1.2058781385421753,0.9635036496350365,0.7352941176470589
2,5,59,0.09456998854875565,1.2268750667572021,0.9708029197080292,0.7647058823529411
2,5,60,0.09706827253103256,1.2230777740478516,0.9562043795620438,0.7058823529411765
2,5,61,0.10714229941368103,1.1743237972259521,0.948905109489051,0.7352941176470589
2,5,62,0.09231400489807129,1.2389470338821411,0.9781021897810219,0.7647058823529411
2,5,63,0.09314937889575958,1.3024390935897827,0.9562043795620438,0.7941176470588235
2,5,64,0.09172110259532928,1.3576725721359253,0.9562043795620438,0.8235294117647058
2,5,65,0.08873891085386276,1.3493685722351074,0.9635036496350365,0.7352941176470589
2,5,66,0.0857325941324234,1.3713455200195312,0.9781021897810219,0.7647058823529411
2,5,67,0.10217152535915375,1.4894986152648926,0.9562043795620438,0.7058823529411765
2,5,68,0.12490084767341614,1.3954583406448364,0.9343065693430657,0.7058823529411765
2,5,69,0.09535925835371017,1.4356954097747803,0.9562043795620438,0.7352941176470589
2,5,70,0.09390006959438324,1.534236192703247,0.9562043795620438,0.7647058823529411
2,5,71,0.09101948142051697,1.5246020555496216,0.9635036496350365,0.7941176470588235
2,5,72,0.09659475833177567,1.4789977073669434,0.9562043795620438,0.7647058823529411
2,5,73,0.09719595313072205,1.4608222246170044,0.9562043795620438,0.7058823529411765
2,5,74,0.08869218081235886,1.47991943359375,0.9562043795620438,0.7352941176470589
2,5,75,0.09001672267913818,1.4824748039245605,0.948905109489051,0.7352941176470589
2,5,76,0.08624473214149475,1.4520357847213745,0.9781021897810219,0.7352941176470589
2,5,77,0.08916025608778,1.4844008684158325,0.9635036496350365,0.7352941176470589
2,5,78,0.08258917182683945,1.5779789686203003,0.9635036496350365,0.7647058823529411
2,5,79,0.08213988691568375,1.5830570459365845,0.9854014598540146,0.7352941176470589
2,5,80,0.08106908202171326,1.6389416456222534,0.9635036496350365,0.7058823529411765
2,5,81,0.07912786304950714,1.5646437406539917,0.9635036496350365,0.7352941176470589
2,5,82,0.08537419885396957,1.4490572214126587,0.9635036496350365,0.7352941176470589
2,5,83,0.07468023151159286,1.495608925819397,0.9708029197080292,0.7941176470588235
2,5,84,0.09738120436668396,1.6897214651107788,0.9562043795620438,0.7647058823529411
2,5,85,0.10150526463985443,1.5877456665039062,0.9343065693430657,0.7352941176470589
2,5,86,0.09967024624347687,1.578782558441162,0.9416058394160584,0.7352941176470589
2,5,87,0.08035527169704437,1.6900248527526855,0.9708029197080292,0.6176470588235294
2,5,88,0.09596917033195496,1.7346301078796387,0.9635036496350365,0.6470588235294118
2,5,89,0.1016559973359108,1.4600762128829956,0.948905109489051,0.7352941176470589
2,5,90,0.1338064968585968,1.3960555791854858,0.927007299270073,0.7058823529411765
2,5,91,0.08167369663715363,1.431232213973999,0.9708029197080292,0.7352941176470589
2,5,92,0.10510649532079697,1.5947599411010742,0.9416058394160584,0.7352941176470589
2,5,93,0.08518927544355392,1.4999231100082397,0.948905109489051,0.7058823529411765
2,5,94,0.08448249101638794,1.3912161588668823,0.9708029197080292,0.7647058823529411
2,5,95,0.09290839731693268,1.3710163831710815,0.948905109489051,0.7352941176470589
2,5,96,0.08715550601482391,1.3789565563201904,0.9708029197080292,0.7647058823529411
2,5,97,0.08088669180870056,1.424582600593567,0.9854014598540146,0.7647058823529411
2,5,98,0.07917769998311996,1.4928514957427979,0.9854014598540146,0.7647058823529411
2,5,99,0.08455422520637512,1.571399450302124,0.9708029197080292,0.6764705882352942
2,5,100,0.08470955491065979,1.5256621837615967,0.9708029197080292,0.6764705882352942
3,1,1,0.9196875691413879,0.9584712386131287,0.7279411764705882,0.7142857142857143
3,1,2,0.7116580605506897,0.713691234588623,0.3014705882352941,0.2857142857142857
3,1,3,0.6739454865455627,0.685758650302887,0.8382352941176471,0.5714285714285714
3,1,4,0.6522011756896973,0.6706982254981995,0.8235294117647058,0.6857142857142857
3,1,5,0.6189612150192261,0.6406238079071045,0.75,0.7142857142857143
3,1,6,0.5689754486083984,0.6070484519004822,0.75,0.7142857142857143
3,1,7,0.5004945993423462,0.5802566409111023,0.7720588235294118,0.7142857142857143
3,1,8,0.4201548993587494,0.5881555676460266,0.8382352941176471,0.7142857142857143
3,1,9,0.3605634570121765,0.6301551461219788,0.8529411764705882,0.6571428571428571
3,1,10,0.37156274914741516,0.6864951848983765,0.8382352941176471,0.7142857142857143
3,1,11,0.3744610548019409,0.8717172145843506,0.8235294117647058,0.5714285714285714
3,1,12,0.36784133315086365,0.7659524083137512,0.8602941176470589,0.7142857142857143
3,1,13,0.30785179138183594,0.7477087378501892,0.875,0.6857142857142857
3,1,14,0.3311243951320648,0.8975334763526917,0.8308823529411765,0.6285714285714286
3,1,15,0.26358115673065186,0.78164142370224,0.8970588235294118,0.7428571428571429
3,1,16,0.31042250990867615,0.7637636661529541,0.8676470588235294,0.6857142857142857
3,1,17,0.2673269808292389,0.7539793848991394,0.875,0.7142857142857143
3,1,18,0.26443150639533997,0.8317293524742126,0.875,0.6285714285714286
3,1,19,0.25168469548225403,0.8153888583183289,0.8823529411764706,0.6857142857142857
3,1,20,0.21812309324741364,0.7304487824440002,0.8970588235294118,0.7428571428571429
3,1,21,0.24261757731437683,0.7336485385894775,0.875,0.6857142857142857
3,1,22,0.1950392872095108,0.7227852940559387,0.9191176470588235,0.7428571428571429
3,1,23,0.2046126276254654,0.7803959250450134,0.9485294117647058,0.8
3,1,24,0.17888960242271423,0.782853901386261,0.9338235294117647,0.7428571428571429
3,1,25,0.17393827438354492,0.8110285401344299,0.9044117647058824,0.7142857142857143
3,1,26,0.1732412576675415,0.8317584991455078,0.8970588235294118,0.6857142857142857
3,1,27,0.15288108587265015,0.8280810713768005,0.9485294117647058,0.7142857142857143
3,1,28,0.14944136142730713,0.8234517574310303,0.9632352941176471,0.7714285714285715
3,1,29,0.1411750167608261,0.8127810955047607,0.9338235294117647,0.7428571428571429
3,1,30,0.1462053656578064,0.8218246102333069,0.9411764705882353,0.7142857142857143
3,1,31,0.1325196623802185,0.842336118221283,0.9411764705882353,0.7142857142857143
3,1,32,0.13262176513671875,0.8966809511184692,0.9411764705882353,0.8
3,1,33,0.13067246973514557,0.923235297203064,0.9411764705882353,0.7714285714285715
3,1,34,0.12658990919589996,0.9211677312850952,0.9411764705882353,0.6857142857142857
3,1,35,0.1275169402360916,0.9185889363288879,0.9411764705882353,0.6857142857142857
3,1,36,0.11074415594339371,0.9120526313781738,0.9411764705882353,0.7714285714285715
3,1,37,0.11649136990308762,0.9246047735214233,0.9779411764705882,0.8
3,1,38,0.10718706995248795,0.904595136642456,0.9338235294117647,0.8
3,1,39,0.11031273007392883,0.9318042397499084,0.9485294117647058,0.7142857142857143
3,1,40,0.10586385428905487,0.9986468553543091,0.9338235294117647,0.6857142857142857
3,1,41,0.10632375627756119,1.0370995998382568,0.9485294117647058,0.6857142857142857
3,1,42,0.1056179478764534,1.0469623804092407,0.9485294117647058,0.6571428571428571
3,1,43,0.0954010933637619,1.0195400714874268,0.9338235294117647,0.6857142857142857
3,1,44,0.10755906254053116,0.9792063236236572,0.9411764705882353,0.6857142857142857
3,1,45,0.10277600586414337,0.9441453218460083,0.9485294117647058,0.7428571428571429
3,1,46,0.0946572795510292,0.9568411707878113,0.9485294117647058,0.8285714285714286
3,1,47,0.09462511539459229,0.9913293123245239,0.9779411764705882,0.8
3,1,48,0.08772198110818863,1.0404211282730103,0.9779411764705882,0.7142857142857143
3,1,49,0.08938843756914139,1.0839945077896118,0.9485294117647058,0.7142857142857143
3,1,50,0.08629234880208969,1.1225824356079102,0.9558823529411765,0.7142857142857143
3,1,51,0.08363419771194458,1.1214386224746704,0.9852941176470589,0.7142857142857143
3,1,52,0.08088243752717972,1.10066819190979,0.9558823529411765,0.7142857142857143
3,1,53,0.0786164402961731,1.1022447347640991,0.9705882352941176,0.7142857142857143
3,1,54,0.07678263634443283,1.0986524820327759,0.9632352941176471,0.7142857142857143
3,1,55,0.07708888500928879,1.1093981266021729,0.9632352941176471,0.7428571428571429
3,1,56,0.07913961261510849,1.1222045421600342,0.9558823529411765,0.7142857142857143
3,1,57,0.07612159103155136,1.1276605129241943,0.9852941176470589,0.7142857142857143
3,1,58,0.07661114633083344,1.1205946207046509,0.9705882352941176,0.7428571428571429
3,1,59,0.07379597425460815,1.1085833311080933,0.9632352941176471,0.7142857142857143
3,1,60,0.07248980551958084,1.1280593872070312,0.9705882352941176,0.7428571428571429
3,1,61,0.07347393780946732,1.164607048034668,0.9779411764705882,0.7142857142857143
3,1,62,0.0708741545677185,1.1676578521728516,0.9705882352941176,0.7142857142857143
3,1,63,0.08355189859867096,1.1768102645874023,0.9485294117647058,0.7142857142857143
3,1,64,0.07357204705476761,1.1927253007888794,0.9779411764705882,0.7428571428571429
3,1,65,0.0864051952958107,1.2372076511383057,0.9632352941176471,0.7428571428571429
3,1,66,0.07718043029308319,1.2329204082489014,0.9485294117647058,0.7142857142857143
3,1,67,0.09551577270030975,1.3064101934432983,0.9485294117647058,0.6857142857142857
3,1,68,0.07150546461343765,1.3411165475845337,0.9632352941176471,0.6857142857142857
3,1,69,0.07336798310279846,1.3594138622283936,0.9705882352941176,0.6571428571428571
3,1,70,0.07330695539712906,1.3295936584472656,0.9705882352941176,0.6857142857142857
3,1,71,0.08159688115119934,1.2929044961929321,0.9485294117647058,0.6857142857142857
3,1,72,0.07585327327251434,1.2218523025512695,0.9558823529411765,0.7428571428571429
3,1,73,0.069150410592556,1.1959294080734253,0.9926470588235294,0.7428571428571429
3,1,74,0.07611261308193207,1.2029424905776978,0.9705882352941176,0.8
3,1,75,0.06867609173059464,1.1635810136795044,0.9779411764705882,0.8
3,1,76,0.06904398649930954,1.173323154449463,0.9632352941176471,0.7428571428571429
3,1,77,0.0657305046916008,1.2313684225082397,0.9852941176470589,0.7142857142857143
3,1,78,0.06750916689634323,1.2938413619995117,0.9705882352941176,0.7142857142857143
3,1,79,0.06674591451883316,1.3439043760299683,0.9852941176470589,0.7142857142857143
3,1,80,0.0716652125120163,1.352107286453247,0.9632352941176471,0.7142857142857143
3,1,81,0.06525520980358124,1.3519504070281982,0.9705882352941176,0.7142857142857143
3,1,82,0.07223737239837646,1.3559108972549438,0.9558823529411765,0.7142857142857143
3,1,83,0.05986109748482704,1.312888264656067,0.9779411764705882,0.7142857142857143
3,1,84,0.0662211999297142,1.2949230670928955,0.9558823529411765,0.7428571428571429
3,1,85,0.06007424369454384,1.2913317680358887,0.9632352941176471,0.7428571428571429
3,1,86,0.06143995746970177,1.3288463354110718,0.9705882352941176,0.7428571428571429
3,1,87,0.056466810405254364,1.3372594118118286,0.9926470588235294,0.7142857142857143
3,1,88,0.05595100671052933,1.3833906650543213,0.9779411764705882,0.7428571428571429
3,1,89,0.05880919098854065,1.4216032028198242,0.9705882352941176,0.7142857142857143
3,1,90,0.05570647493004799,1.442222237586975,0.9852941176470589,0.7142857142857143
3,1,91,0.05750415101647377,1.4422175884246826,0.9632352941176471,0.7142857142857143
3,1,92,0.057697828859090805,1.4317935705184937,0.9632352941176471,0.7428571428571429
3,1,93,0.054225265979766846,1.4198728799819946,0.9779411764705882,0.7428571428571429
3,1,94,0.05195450410246849,1.4196568727493286,0.9926470588235294,0.7142857142857143
3,1,95,0.05492005497217178,1.4381152391433716,0.9705882352941176,0.7142857142857143
3,1,96,0.050698403269052505,1.4231843948364258,0.9852941176470589,0.7142857142857143
3,1,97,0.07213276624679565,1.4293428659439087,0.9632352941176471,0.7714285714285715
3,1,98,0.058973509818315506,1.4133397340774536,0.9705882352941176,0.7714285714285715
3,1,99,0.06946826726198196,1.4602872133255005,0.9558823529411765,0.7428571428571429
3,1,100,0.05987571179866791,1.4595723152160645,0.9705882352941176,0.7714285714285715
3,2,1,1.1010353565216064,1.163500189781189,0.7299270072992701,0.7058823529411765
3,2,2,0.7447430491447449,0.7347347140312195,0.27007299270072993,0.29411764705882354
3,2,3,0.6887136697769165,0.6889503598213196,0.5620437956204379,0.4411764705882353
3,2,4,0.6626636981964111,0.6675936579704285,0.7299270072992701,0.7058823529411765
3,2,5,0.6426324248313904,0.6509010195732117,0.7299270072992701,0.7058823529411765
3,2,6,0.6185249090194702,0.631179690361023,0.7299270072992701,0.7058823529411765
3,2,7,0.5885900259017944,0.6067059636116028,0.7299270072992701,0.7058823529411765
3,2,8,0.560955286026001,0.5857015252113342,0.7299270072992701,0.7058823529411765
3,2,9,0.5537424087524414,0.5845891237258911,0.7299270072992701,0.7058823529411765
3,2,10,0.552636444568634,0.5868483781814575,0.7299270072992701,0.7058823529411765
3,2,11,0.5256987810134888,0.5604966878890991,0.7299270072992701,0.7058823529411765
3,2,12,0.49788597226142883,0.5327697396278381,0.7372262773722628,0.7058823529411765
3,2,13,0.4894084930419922,0.5212473273277283,0.7372262773722628,0.7352941176470589
3,2,14,0.4703853130340576,0.4951643645763397,0.781021897810219,0.8235294117647058
3,2,15,0.4411945641040802,0.4588644802570343,0.7591240875912408,0.7941176470588235
3,2,16,0.43285253643989563,0.4409674406051636,0.7664233576642335,0.8235294117647058
3,2,17,0.405184268951416,0.3985151946544647,0.8102189781021898,0.8235294117647058
3,2,18,0.3838595151901245,0.36332571506500244,0.8321167883211679,0.8823529411764706
3,2,19,0.36555758118629456,0.35646751523017883,0.8467153284671532,0.8823529411764706
3,2,20,0.3593456447124481,0.36108532547950745,0.8540145985401459,0.8823529411764706
3,2,21,0.34354904294013977,0.3458815813064575,0.8467153284671532,0.8823529411764706
3,2,22,0.3311920166015625,0.32984545826911926,0.8540145985401459,0.8823529411764706
3,2,23,0.3094174861907959,0.298383891582489,0.8613138686131386,0.8823529411764706
3,2,24,0.29286935925483704,0.3031582832336426,0.8759124087591241,0.8235294117647058
3,2,25,0.2791890501976013,0.3256182372570038,0.8905109489051095,0.8235294117647058
3,2,26,0.26842910051345825,0.34098127484321594,0.8832116788321168,0.8235294117647058
3,2,27,0.25449904799461365,0.3486669361591339,0.8832116788321168,0.8235294117647058
3,2,28,0.23835209012031555,0.3375362157821655,0.9124087591240876,0.8235294117647058
3,2,29,0.22850503027439117,0.32353752851486206,0.9124087591240876,0.8235294117647058
3,2,30,0.2146349996328354,0.3236956298351288,0.9197080291970803,0.8529411764705882
3,2,31,0.20390357077121735,0.3413415849208832,0.9197080291970803,0.8823529411764706
3,2,32,0.2321232110261917,0.3562924563884735,0.8832116788321168,0.7941176470588235
3,2,33,0.18525834381580353,0.37628883123397827,0.927007299270073,0.8235294117647058
3,2,34,0.1936030238866806,0.4364309012889862,0.9197080291970803,0.8529411764705882
3,2,35,0.17111065983772278,0.3764472007751465,0.927007299270073,0.8235294117647058
3,2,36,0.18476948142051697,0.3520767390727997,0.9124087591240876,0.8529411764705882
3,2,37,0.16264908015727997,0.3335508704185486,0.9343065693430657,0.8823529411764706
3,2,38,0.155068501830101,0.3365577459335327,0.9343065693430657,0.8529411764705882
3,2,39,0.15123887360095978,0.3534940183162689,0.9343065693430657,0.8529411764705882
3,2,40,0.15268732607364655,0.37193477153778076,0.927007299270073,0.8235294117647058
3,2,41,0.1485525518655777,0.39891839027404785,0.9343065693430657,0.8235294117647058
3,2,42,0.14106644690036774,0.4315514862537384,0.9416058394160584,0.8529411764705882
3,2,43,0.14288678765296936,0.4818655550479889,0.9343065693430657,0.8529411764705882
3,2,44,0.1398794800043106,0.5139923691749573,0.9416058394160584,0.8235294117647058
3,2,45,0.14306356012821198,0.5155324339866638,0.9343065693430657,0.8235294117647058
3,2,46,0.14296206831932068,0.5136284828186035,0.9197080291970803,0.8235294117647058
3,2,47,0.13291779160499573,0.503014087677002,0.9562043795620438,0.8235294117647058
3,2,48,0.13369841873645782,0.4973214566707611,0.9343065693430657,0.8529411764705882
3,2,49,0.13042087852954865,0.4856104552745819,0.9416058394160584,0.8529411764705882
3,2,50,0.1250874102115631,0.4870777726173401,0.9416058394160584,0.8529411764705882
3,2,51,0.12961028516292572,0.4984666705131531,0.9343065693430657,0.8235294117647058
3,2,52,0.12484455853700638,0.4966667890548706,0.9416058394160584,0.8529411764705882
3,2,53,0.12320366501808167,0.4930650591850281,0.9416058394160584,0.8823529411764706
3,2,54,0.12335484474897385,0.5009241104125977,0.9416058394160584,0.8823529411764706
3,2,55,0.12687189877033234,0.5466387271881104,0.9416058394160584,0.8529411764705882
3,2,56,0.1342911720275879,0.5746750831604004,0.9416058394160584,0.8529411764705882
3,2,57,0.1203596293926239,0.5473079085350037,0.9416058394160584,0.8529411764705882
3,2,58,0.12660767138004303,0.5485633015632629,0.927007299270073,0.8823529411764706
3,2,59,0.12127342820167542,0.5480284094810486,0.9562043795620438,0.8823529411764706
3,2,60,0.11750282347202301,0.5635612607002258,0.9416058394160584,0.8529411764705882
3,2,61,0.1302056908607483,0.598591685295105,0.9343065693430657,0.8235294117647058
3,2,62,0.12593375146389008,0.6085202097892761,0.9416058394160584,0.8529411764705882
3,2,63,0.11534380912780762,0.610072910785675,0.9416058394160584,0.8529411764705882
3,2,64,0.11582935601472855,0.6149802803993225,0.9416058394160584,0.8529411764705882
3,2,65,0.12129464745521545,0.6220718622207642,0.9343065693430657,0.8823529411764706
3,2,66,0.10963354259729385,0.6214389801025391,0.948905109489051,0.8529411764705882
3,2,67,0.10944893956184387,0.6281039714813232,0.9416058394160584,0.8529411764705882
3,2,68,0.11393492668867111,0.6306066513061523,0.9416058394160584,0.8529411764705882
3,2,69,0.11021257191896439,0.6199929714202881,0.9416058394160584,0.8529411764705882
3,2,70,0.10956766456365585,0.5814727544784546,0.948905109489051,0.8823529411764706
3,2,71,0.11184493452310562,0.5671850442886353,0.948905109489051,0.8823529411764706
3,2,72,0.10865947604179382,0.5925742983818054,0.9416058394160584,0.8529411764705882
3,2,73,0.11216303706169128,0.6302511692047119,0.9562043795620438,0.8235294117647058
3,2,74,0.11038153618574142,0.6304753422737122,0.948905109489051,0.8235294117647058
3,2,75,0.10493655502796173,0.5870356559753418,0.9416058394160584,0.8529411764705882
3,2,76,0.10462429374456406,0.5549860000610352,0.9562043795620438,0.9117647058823529
3,2,77,0.10291636735200882,0.5383124351501465,0.9635036496350365,0.9117647058823529
3,2,78,0.10872013121843338,0.5622438192367554,0.9416058394160584,0.8529411764705882
3,2,79,0.11008858680725098,0.5540962815284729,0.948905109489051,0.8529411764705882
3,2,80,0.10184429585933685,0.5265442132949829,0.9416058394160584,0.8529411764705882
3,2,81,0.09954877942800522,0.49634721875190735,0.9416058394160584,0.8823529411764706
3,2,82,0.09947409480810165,0.4985448718070984,0.948905109489051,0.8823529411764706
3,2,83,0.10276387631893158,0.5056592226028442,0.9562043795620438,0.8529411764705882
3,2,84,0.09865496307611465,0.49309393763542175,0.9562043795620438,0.8529411764705882
3,2,85,0.0925343856215477,0.4616643190383911,0.9635036496350365,0.9411764705882353
3,2,86,0.09609222412109375,0.5150550603866577,0.9416058394160584,0.9117647058823529
3,2,87,0.09333642572164536,0.52230304479599,0.948905109489051,0.8823529411764706
3,2,88,0.0918101817369461,0.5176904797554016,0.9635036496350365,0.8529411764705882
3,2,89,0.09074977785348892,0.499575674533844,0.9562043795620438,0.8529411764705882
3,2,90,0.0912187471985817,0.5041479468345642,0.948905109489051,0.8823529411764706
3,2,91,0.08534567803144455,0.4855594038963318,0.9708029197080292,0.8823529411764706
3,2,92,0.0874854177236557,0.48529988527297974,0.9781021897810219,0.8823529411764706
3,2,93,0.09243238717317581,0.5387460589408875,0.9562043795620438,0.8823529411764706
3,2,94,0.0851360633969307,0.5719845294952393,0.9562043795620438,0.8823529411764706
3,2,95,0.0864192321896553,0.48098301887512207,0.9635036496350365,0.9117647058823529
3,2,96,0.0944221094250679,0.478396475315094,0.9416058394160584,0.8823529411764706
3,2,97,0.0878164991736412,0.5077369213104248,0.948905109489051,0.8823529411764706
3,2,98,0.08826574683189392,0.5263811945915222,0.9416058394160584,0.9117647058823529
3,2,99,0.08844846487045288,0.5416250824928284,0.9562043795620438,0.8823529411764706
3,2,100,0.09830687940120697,0.7218186259269714,0.9708029197080292,0.8235294117647058
3,3,1,1.0799891948699951,1.150117039680481,0.7226277372262774,0.7352941176470589
3,3,2,0.7133549451828003,0.7144906520843506,0.2846715328467153,0.2647058823529412
3,3,3,0.7281226515769958,0.740250289440155,0.35036496350364965,0.29411764705882354
3,3,4,0.6612417101860046,0.6652302742004395,0.7372262773722628,0.7352941176470589
3,3,5,0.6254004836082458,0.6204835176467896,0.7226277372262774,0.7352941176470589
3,3,6,0.5959111452102661,0.58924800157547,0.7226277372262774,0.7352941176470589
3,3,7,0.5928142070770264,0.5984786748886108,0.7226277372262774,0.7352941176470589
3,3,8,0.5774065256118774,0.6048546433448792,0.7226277372262774,0.7352941176470589
3,3,9,0.5325813889503479,0.5775446891784668,0.7226277372262774,0.7352941176470589
3,3,10,0.5042927861213684,0.5637683272361755,0.7372262773722628,0.7352941176470589
3,3,11,0.4879360795021057,0.5606005191802979,0.7883211678832117,0.7352941176470589
3,3,12,0.4583145081996918,0.5499246120452881,0.7883211678832117,0.7647058823529411
3,3,13,0.43571364879608154,0.5603960752487183,0.7883211678832117,0.7647058823529411
3,3,14,0.42030128836631775,0.5741389989852905,0.7956204379562044,0.7647058823529411
3,3,15,0.38231515884399414,0.5388320088386536,0.8175182481751825,0.7647058823529411
3,3,16,0.3648566007614136,0.5090689659118652,0.8613138686131386,0.7647058823529411
3,3,17,0.33815252780914307,0.5130711197853088,0.8613138686131386,0.7647058823529411
3,3,18,0.3298369348049164,0.5990023016929626,0.8686131386861314,0.7647058823529411
3,3,19,0.3143593370914459,0.6094922423362732,0.8613138686131386,0.7941176470588235
3,3,20,0.30103787779808044,0.5656068325042725,0.8686131386861314,0.7352941176470589
3,3,21,0.2902829945087433,0.5695844292640686,0.8759124087591241,0.7352941176470589
3,3,22,0.2855431139469147,0.6601579785346985,0.8832116788321168,0.7941176470588235
3,3,23,0.27344685792922974,0.6706153750419617,0.8978102189781022,0.7647058823529411
3,3,24,0.24883151054382324,0.5859929323196411,0.8905109489051095,0.7647058823529411
3,3,25,0.23777629435062408,0.5942073464393616,0.9051094890510949,0.7647058823529411
3,3,26,0.2353401482105255,0.6734559535980225,0.9051094890510949,0.7647058823529411
3,3,27,0.2296978086233139,0.6886628866195679,0.9124087591240876,0.7647058823529411
3,3,28,0.21898065507411957,0.6485674977302551,0.9197080291970803,0.7352941176470589
3,3,29,0.21208325028419495,0.6572222113609314,0.9197080291970803,0.7647058823529411
3,3,30,0.20085103809833527,0.7138911485671997,0.9197080291970803,0.7352941176470589
3,3,31,0.19735895097255707,0.7717853784561157,0.927007299270073,0.7352941176470589
3,3,32,0.18571510910987854,0.7289848923683167,0.9197080291970803,0.7647058823529411
3,3,33,0.18082012236118317,0.7357490658760071,0.9197080291970803,0.7647058823529411
3,3,34,0.17585140466690063,0.7622621059417725,0.927007299270073,0.7647058823529411
3,3,35,0.1671266406774521,0.8564072847366333,0.9343065693430657,0.7647058823529411
3,3,36,0.1547292172908783,0.8674392700195312,0.9416058394160584,0.7647058823529411
3,3,37,0.1473650187253952,0.8341829776763916,0.948905109489051,0.7941176470588235
3,3,38,0.1428370475769043,0.8219028115272522,0.9416058394160584,0.7647058823529411
3,3,39,0.1320175677537918,0.8741952180862427,0.948905109489051,0.7352941176470589
3,3,40,0.12449534237384796,0.882614254951477,0.948905109489051,0.7058823529411765
3,3,41,0.1198958083987236,0.8686335682868958,0.948905109489051,0.7058823529411765
3,3,42,0.11898675560951233,0.9189345240592957,0.948905109489051,0.7058823529411765
3,3,43,0.12963752448558807,1.013600468635559,0.9416058394160584,0.7352941176470589
3,3,44,0.10658174753189087,0.9393346309661865,0.948905109489051,0.7058823529411765
3,3,45,0.10666771978139877,0.913956344127655,0.948905109489051,0.7058823529411765
3,3,46,0.11534690111875534,0.9624150395393372,0.948905109489051,0.7647058823529411
3,3,47,0.1176765039563179,0.9926137328147888,0.9562043795620438,0.7647058823529411
3,3,48,0.10575684159994125,0.912534236907959,0.948905109489051,0.7058823529411765
3,3,49,0.11226510256528854,0.9075139164924622,0.9562043795620438,0.7647058823529411
3,3,50,0.10018330067396164,0.9569451808929443,0.9562043795620438,0.7058823529411765
3,3,51,0.12447677552700043,1.0857017040252686,0.927007299270073,0.7941176470588235
3,3,52,0.09145631641149521,0.9492464661598206,0.9635036496350365,0.7352941176470589
3,3,53,0.09965348243713379,0.9501717686653137,0.9562043795620438,0.7352941176470589
3,3,54,0.0983198955655098,1.054917335510254,0.9562043795620438,0.7058823529411765
3,3,55,0.10803758352994919,1.133905053138733,0.9562043795620438,0.7647058823529411
3,3,56,0.08658377081155777,1.0406286716461182,0.9635036496350365,0.7058823529411765
3,3,57,0.10790266841650009,1.0097683668136597,0.9708029197080292,0.7941176470588235
3,3,58,0.11005090922117233,1.0808508396148682,0.9562043795620438,0.7058823529411765
3,3,59,0.13686849176883698,1.178731083869934,0.9562043795620438,0.7941176470588235
3,3,60,0.10742275416851044,1.0757908821105957,0.9562043795620438,0.7352941176470589
3,3,61,0.0917971283197403,0.9819741249084473,0.948905109489051,0.7352941176470589
3,3,62,0.1016232967376709,0.9689542055130005,0.948905109489051,0.7647058823529411
3,3,63,0.0950668454170227,0.9759235382080078,0.9562043795620438,0.7352941176470589
3,3,64,0.09398753941059113,1.021587610244751,0.9562043795620438,0.7352941176470589
3,3,65,0.10381767153739929,1.0737841129302979,0.9416058394160584,0.7647058823529411
3,3,66,0.09878318011760712,1.062407374382019,0.948905109489051,0.7647058823529411
3,3,67,0.08743911236524582,0.998644232749939,0.9635036496350365,0.7352941176470589
3,3,68,0.09812560677528381,1.024440050125122,0.9562043795620438,0.7647058823529411
3,3,69,0.08753982186317444,1.0337259769439697,0.9562043795620438,0.7647058823529411
3,3,70,0.09080325812101364,1.1174734830856323,0.9562043795620438,0.7352941176470589
3,3,71,0.08816453069448471,1.1572364568710327,0.9562043795620438,0.7352941176470589
3,3,72,0.07983693480491638,1.1460176706314087,0.9562043795620438,0.7058823529411765
3,3,73,0.09512574225664139,1.130138635635376,0.9854014598540146,0.7941176470588235
3,3,74,0.09260013699531555,1.1483508348464966,0.9781021897810219,0.7647058823529411
3,3,75,0.07654818147420883,1.1481274366378784,0.9562043795620438,0.7647058823529411
3,3,76,0.08236058056354523,1.2264353036880493,0.9562043795620438,0.7352941176470589
3,3,77,0.08444536477327347,1.2492327690124512,0.9562043795620438,0.7352941176470589
3,3,78,0.07372474670410156,1.1946629285812378,0.9635036496350365,0.7352941176470589
3,3,79,0.08358064293861389,1.2298088073730469,0.9708029197080292,0.7352941176470589
3,3,80,0.07782488316297531,1.2275032997131348,0.9781021897810219,0.7647058823529411
3,3,81,0.07281381636857986,1.233010172843933,0.9708029197080292,0.7647058823529411
3,3,82,0.07837965339422226,1.2697886228561401,0.9635036496350365,0.7941176470588235
3,3,83,0.07840906828641891,1.2886791229248047,0.9562043795620438,0.7647058823529411
3,3,84,0.07451009005308151,1.283003807067871,0.9562043795620438,0.7352941176470589
3,3,85,0.06887036561965942,1.3201121091842651,0.9562043795620438,0.7352941176470589
3,3,86,0.06883683055639267,1.4011688232421875,0.9562043795620438,0.7058823529411765
3,3,87,0.0665409117937088,1.340148687362671,0.9781021897810219,0.7058823529411765
3,3,88,0.06718851625919342,1.3141906261444092,0.9781021897810219,0.7352941176470589
3,3,89,0.0645534098148346,1.3250495195388794,0.9635036496350365,0.7352941176470589
3,3,90,0.06265125423669815,1.305878758430481,0.9708029197080292,0.7647058823529411
3,3,91,0.06155691295862198,1.3033159971237183,0.9781021897810219,0.7352941176470589
3,3,92,0.05943857133388519,1.3231853246688843,0.9781021897810219,0.7647058823529411
3,3,93,0.06735848635435104,1.4232698678970337,0.9635036496350365,0.7647058823529411
3,3,94,0.049042508006095886,1.4026269912719727,0.9854014598540146,0.7647058823529411
3,3,95,0.05166054889559746,1.452130675315857,0.9854014598540146,0.7647058823529411
3,3,96,0.08490298688411713,1.591371774673462,0.948905109489051,0.7647058823529411
3,3,97,0.05790167674422264,1.4694030284881592,0.9854014598540146,0.7058823529411765
3,3,98,0.06620664149522781,1.446413516998291,0.9635036496350365,0.7058823529411765
3,3,99,0.06603172421455383,1.424500584602356,0.9562043795620438,0.7647058823529411
3,3,100,0.05245714634656906,1.3969480991363525,0.9708029197080292,0.7647058823529411
3,4,1,1.0995690822601318,1.0304969549179077,0.7226277372262774,0.7352941176470589
3,4,2,0.7015024423599243,0.7084031105041504,0.40145985401459855,0.3235294117647059
3,4,3,0.6836070418357849,0.6873226761817932,0.8029197080291971,0.6764705882352942
3,4,4,0.6624426245689392,0.6670253872871399,0.7226277372262774,0.7352941176470589
3,4,5,0.6363074779510498,0.6371327638626099,0.7226277372262774,0.7352941176470589
3,4,6,0.6078566312789917,0.6068748235702515,0.7226277372262774,0.7352941176470589
3,4,7,0.5777745246887207,0.5744031667709351,0.7226277372262774,0.7352941176470589
3,4,8,0.557391881942749,0.5504734516143799,0.7226277372262774,0.7352941176470589
3,4,9,0.5490292906761169,0.5407737493515015,0.7226277372262774,0.7352941176470589
3,4,10,0.5284209251403809,0.5255813598632812,0.7226277372262774,0.7352941176470589
3,4,11,0.4913571774959564,0.504669725894928,0.7299270072992701,0.7647058823529411
3,4,12,0.46665844321250916,0.502026379108429,0.781021897810219,0.7941176470588235
3,4,13,0.4377308487892151,0.4929681718349457,0.8248175182481752,0.7647058823529411
3,4,14,0.398434579372406,0.4547969698905945,0.7956204379562044,0.7941176470588235
3,4,15,0.3744928240776062,0.44653740525245667,0.7956204379562044,0.7941176470588235
3,4,16,0.3529149293899536,0.4928220212459564,0.8394160583941606,0.7352941176470589
3,4,17,0.32668405771255493,0.4713386595249176,0.8759124087591241,0.7058823529411765
3,4,18,0.3158304989337921,0.49255549907684326,0.8759124087591241,0.7058823529411765
3,4,19,0.304761677980423,0.5441879034042358,0.8686131386861314,0.7352941176470589
3,4,20,0.3063509166240692,0.5503337979316711,0.8759124087591241,0.7058823529411765
3,4,21,0.27419522404670715,0.57413649559021,0.8832116788321168,0.7058823529411765
3,4,22,0.26340946555137634,0.6170631051063538,0.9051094890510949,0.7058823529411765
3,4,23,0.2543335258960724,0.6119762063026428,0.8905109489051095,0.7352941176470589
3,4,24,0.24061277508735657,0.6327352523803711,0.9051094890510949,0.7352941176470589
3,4,25,0.2339172065258026,0.6446648836135864,0.9051094890510949,0.7352941176470589
3,4,26,0.22159592807292938,0.685357928276062,0.9197080291970803,0.7058823529411765
3,4,27,0.20722122490406036,0.6774944067001343,0.927007299270073,0.7352941176470589
3,4,28,0.20685991644859314,0.6700035929679871,0.9124087591240876,0.7352941176470589
3,4,29,0.18535344302654266,0.6893317103385925,0.9343065693430657,0.7058823529411765
3,4,30,0.1756298542022705,0.6858974695205688,0.9343065693430657,0.7058823529411765
3,4,31,0.16961811482906342,0.6840507388114929,0.927007299270073,0.7058823529411765
3,4,32,0.1599242240190506,0.711121141910553,0.9416058394160584,0.7058823529411765
3,4,33,0.15539579093456268,0.7109437584877014,0.9416058394160584,0.7058823529411765
3,4,34,0.15099875628948212,0.7146549224853516,0.9416058394160584,0.7058823529411765
3,4,35,0.1396973878145218,0.7196930050849915,0.9416058394160584,0.7352941176470589
3,4,36,0.15435361862182617,0.7942376732826233,0.9416058394160584,0.7352941176470589
3,4,37,0.15806259214878082,0.7073073983192444,0.9197080291970803,0.7352941176470589
3,4,38,0.142947256565094,0.7083001732826233,0.9416058394160584,0.7058823529411765
3,4,39,0.1361679583787918,0.743529736995697,0.9416058394160584,0.7647058823529411
3,4,40,0.13371941447257996,0.730538010597229,0.9416058394160584,0.7647058823529411
3,4,41,0.1293054223060608,0.703643798828125,0.9416058394160584,0.7352941176470589
3,4,42,0.1261773556470871,0.7157114148139954,0.9416058394160584,0.7352941176470589
3,4,43,0.12199699878692627,0.7303085923194885,0.9416058394160584,0.7058823529411765
3,4,44,0.1162588894367218,0.752966046333313,0.9416058394160584,0.7352941176470589
3,4,45,0.11560127884149551,0.7731705904006958,0.9416058394160584,0.7352941176470589
3,4,46,0.1117776483297348,0.8347379565238953,0.9343065693430657,0.7647058823529411
3,4,47,0.11016280204057693,0.8408631086349487,0.948905109489051,0.7647058823529411
3,4,48,0.10751841217279434,0.8116828799247742,0.9416058394160584,0.7352941176470589
3,4,49,0.10799094289541245,0.8245537281036377,0.948905109489051,0.7352941176470589
3,4,50,0.10732840746641159,0.8844684362411499,0.9562043795620438,0.7647058823529411
3,4,51,0.10265045613050461,0.9051781892776489,0.9562043795620438,0.7647058823529411
3,4,52,0.10945345461368561,0.8569288849830627,0.9416058394160584,0.7352941176470589
3,4,53,0.12003134191036224,0.8329840302467346,0.9343065693430657,0.7352941176470589
3,4,54,0.10352221876382828,0.930312991142273,0.9416058394160584,0.7647058823529411
3,4,55,0.10395302623510361,0.8730172514915466,0.948905109489051,0.7941176470588235
3,4,56,0.10766477137804031,0.7478866577148438,0.9562043795620438,0.7352941176470589
3,4,57,0.1119413748383522,0.7354080080986023,0.9562043795620438,0.7352941176470589
3,4,58,0.10108412802219391,0.7446268796920776,0.948905109489051,0.7352941176470589
3,4,59,0.10309937596321106,0.7915496826171875,0.9635036496350365,0.7352941176470589
3,4,60,0.09927225112915039,0.8165679574012756,0.9635036496350365,0.7352941176470589
3,4,61,0.10184141993522644,0.8034588098526001,0.948905109489051,0.7352941176470589
3,4,62,0.1099538579583168,0.793405294418335,0.9562043795620438,0.7352941176470589
3,4,63,0.10408680886030197,0.8043878674507141,0.9562043795620438,0.7352941176470589
3,4,64,0.09743737429380417,0.8184207677841187,0.948905109489051,0.7352941176470589
3,4,65,0.09799061715602875,0.8505825400352478,0.948905109489051,0.7352941176470589
3,4,66,0.09608600288629532,0.8193821907043457,0.948905109489051,0.7352941176470589
3,4,67,0.09563739597797394,0.8271096348762512,0.948905109489051,0.7352941176470589
3,4,68,0.093105249106884,0.8397354483604431,0.948905109489051,0.7352941176470589
3,4,69,0.09201273322105408,0.832678496837616,0.948905109489051,0.7352941176470589
3,4,70,0.09278015047311783,0.8523511290550232,0.948905109489051,0.7352941176470589
3,4,71,0.08893337845802307,0.8969734907150269,0.948905109489051,0.7352941176470589
3,4,72,0.08514416962862015,0.9514527916908264,0.9562043795620438,0.7352941176470589
3,4,73,0.0851130560040474,1.0643564462661743,0.948905109489051,0.7352941176470589
3,4,74,0.08499792963266373,1.157379388809204,0.9562043795620438,0.7352941176470589
3,4,75,0.08170299977064133,1.211431622505188,0.9562043795620438,0.7352941176470589
3,4,76,0.07942518591880798,1.2263652086257935,0.9708029197080292,0.7352941176470589
3,4,77,0.07997655868530273,1.200366735458374,0.9708029197080292,0.7352941176470589
3,4,78,0.07754819840192795,1.2017143964767456,0.9708029197080292,0.7352941176470589
3,4,79,0.07674892246723175,1.1737226247787476,0.9708029197080292,0.7647058823529411
3,4,80,0.07726337760686874,1.2030969858169556,0.9708029197080292,0.7352941176470589
3,4,81,0.07966215163469315,1.2276374101638794,0.9562043795620438,0.7352941176470589
3,4,82,0.07841014862060547,1.228337287902832,0.9781021897810219,0.7352941176470589
3,4,83,0.08802786469459534,1.0893280506134033,0.9562043795620438,0.7352941176470589
3,4,84,0.07862099260091782,1.0665639638900757,0.9781021897810219,0.7647058823529411
3,4,85,0.08176678419113159,1.0678881406784058,0.948905109489051,0.7058823529411765
3,4,86,0.07745479792356491,1.0321753025054932,0.9708029197080292,0.7352941176470589
3,4,87,0.09663915634155273,1.0132735967636108,0.9635036496350365,0.7647058823529411
3,4,88,0.09190398454666138,1.0125924348831177,0.9635036496350365,0.7647058823529411
3,4,89,0.07882970571517944,1.012157917022705,0.9708029197080292,0.7352941176470589
3,4,90,0.08007802814245224,0.9975795745849609,0.9635036496350365,0.7058823529411765
3,4,91,0.07213305681943893,0.9678124785423279,0.9854014598540146,0.7352941176470589
3,4,92,0.09269484132528305,0.9968225955963135,0.9562043795620438,0.7352941176470589
3,4,93,0.08715260773897171,1.073844075202942,0.9635036496350365,0.7352941176470589
3,4,94,0.07898804545402527,1.124003529548645,0.948905109489051,0.7352941176470589
3,4,95,0.08709149062633514,1.154369592666626,0.9708029197080292,0.7058823529411765
3,4,96,0.07985235750675201,1.0685088634490967,0.9635036496350365,0.7647058823529411
3,4,97,0.11505619436502457,1.0914562940597534,0.927007299270073,0.7647058823529411
3,4,98,0.07273178547620773,1.110558032989502,0.9708029197080292,0.7352941176470589
3,4,99,0.09920983016490936,1.2537131309509277,0.948905109489051,0.6764705882352942
3,4,100,0.07321637868881226,1.1917991638183594,0.9562043795620438,0.7352941176470589
3,5,1,1.097128987312317,1.0299102067947388,0.7226277372262774,0.7352941176470589
3,5,2,0.7043194770812988,0.7052512764930725,0.3357664233576642,0.35294117647058826
3,5,3,0.6912446618080139,0.692901611328125,0.46715328467153283,0.47058823529411764
3,5,4,0.6608189940452576,0.6570243835449219,0.7226277372262774,0.7352941176470589
3,5,5,0.6337386965751648,0.6237924098968506,0.7226277372262774,0.7352941176470589
3,5,6,0.6049562096595764,0.588223397731781,0.7226277372262774,0.7352941176470589
3,5,7,0.593787670135498,0.5683392286300659,0.7226277372262774,0.7352941176470589
3,5,8,0.5856631994247437,0.5563122034072876,0.7226277372262774,0.7352941176470589
3,5,9,0.5532374382019043,0.5276725888252258,0.7226277372262774,0.7352941176470589
3,5,10,0.5260120034217834,0.5074996948242188,0.7226277372262774,0.7352941176470589
3,5,11,0.5046716928482056,0.4924502670764923,0.7372262773722628,0.7352941176470589
3,5,12,0.47784122824668884,0.46404314041137695,0.7445255474452555,0.7352941176470589
3,5,13,0.45778176188468933,0.43779197335243225,0.7445255474452555,0.7647058823529411
3,5,14,0.42758774757385254,0.41155433654785156,0.7737226277372263,0.7941176470588235
3,5,15,0.4074794352054596,0.40232065320014954,0.8175182481751825,0.8235294117647058
3,5,16,0.376851886510849,0.36590462923049927,0.8394160583941606,0.8529411764705882
3,5,17,0.365673303604126,0.3374945819377899,0.8394160583941606,0.8529411764705882
3,5,18,0.3338693082332611,0.33348003029823303,0.8394160583941606,0.8823529411764706
3,5,19,0.32781150937080383,0.3603522479534149,0.8540145985401459,0.8235294117647058
3,5,20,0.3198465406894684,0.329941064119339,0.8467153284671532,0.8529411764705882
3,5,21,0.28582748770713806,0.333414763212204,0.8540145985401459,0.8529411764705882
3,5,22,0.2895714044570923,0.38462966680526733,0.8832116788321168,0.7058823529411765
3,5,23,0.2621234059333801,0.3162713348865509,0.8686131386861314,0.8823529411764706
3,5,24,0.2557644248008728,0.3282664120197296,0.8905109489051095,0.8529411764705882
3,5,25,0.2329469621181488,0.3398953974246979,0.9051094890510949,0.8823529411764706
3,5,26,0.22315190732479095,0.37853705883026123,0.927007299270073,0.8235294117647058
3,5,27,0.2304007112979889,0.40913131833076477,0.8832116788321168,0.7647058823529411
3,5,28,0.19456514716148376,0.38660597801208496,0.9197080291970803,0.7941176470588235
3,5,29,0.1917579472064972,0.39864569902420044,0.9343065693430657,0.8235294117647058
3,5,30,0.175819531083107,0.36357632279396057,0.9124087591240876,0.8235294117647058
3,5,31,0.16819407045841217,0.3789446949958801,0.9343065693430657,0.7941176470588235
3,5,32,0.15121552348136902,0.41071927547454834,0.9416058394160584,0.7941176470588235
3,5,33,0.14736974239349365,0.42905133962631226,0.9416058394160584,0.8235294117647058
3,5,34,0.14002785086631775,0.40377333760261536,0.948905109489051,0.7941176470588235
3,5,35,0.1273326575756073,0.4163171350955963,0.9708029197080292,0.7941176470588235
3,5,36,0.1252298355102539,0.47114670276641846,0.9635036496350365,0.7941176470588235
3,5,37,0.11454138159751892,0.4937494397163391,0.9635036496350365,0.7647058823529411
3,5,38,0.12212115526199341,0.5201849341392517,0.9635036496350365,0.7647058823529411
3,5,39,0.10176745802164078,0.5619879961013794,0.9635036496350365,0.7058823529411765
3,5,40,0.10188344866037369,0.5798070430755615,0.9635036496350365,0.7647058823529411
3,5,41,0.10463191568851471,0.5104555487632751,0.9562043795620438,0.7647058823529411
3,5,42,0.09431635588407516,0.5252039432525635,0.9635036496350365,0.7647058823529411
3,5,43,0.09082489460706711,0.6064347624778748,0.9635036496350365,0.7647058823529411
3,5,44,0.08937710523605347,0.6543748378753662,0.9635036496350365,0.7352941176470589
3,5,45,0.0821361094713211,0.671636164188385,0.9635036496350365,0.7058823529411765
3,5,46,0.07998666912317276,0.7002573609352112,0.9708029197080292,0.7058823529411765
3,5,47,0.09919241815805435,0.711172342300415,0.948905109489051,0.7647058823529411
3,5,48,0.08009415119886398,0.7688762545585632,0.9562043795620438,0.7058823529411765
3,5,49,0.07945464551448822,0.7640327215194702,0.9708029197080292,0.7352941176470589
3,5,50,0.07504452019929886,0.7793851494789124,0.9708029197080292,0.7352941176470589
3,5,51,0.07950829714536667,0.739270031452179,0.9708029197080292,0.7647058823529411
3,5,52,0.07283845543861389,0.730907142162323,0.9635036496350365,0.7941176470588235
3,5,53,0.06946776807308197,0.7701374292373657,0.9635036496350365,0.7647058823529411
3,5,54,0.06965675950050354,0.8140335083007812,0.9781021897810219,0.7352941176470589
3,5,55,0.0758182629942894,0.904734194278717,0.9708029197080292,0.7058823529411765
3,5,56,0.0723966732621193,0.85873943567276,0.9635036496350365,0.7058823529411765
3,5,57,0.06912598013877869,0.7687002420425415,0.9781021897810219,0.7352941176470589
3,5,58,0.07264892011880875,0.7136836647987366,0.9708029197080292,0.7352941176470589
3,5,59,0.06764473021030426,0.705572247505188,0.9781021897810219,0.7941176470588235
3,5,60,0.07046125084161758,0.7378520369529724,0.9781021897810219,0.7647058823529411
3,5,61,0.07268422842025757,0.8242484927177429,0.9781021897810219,0.7647058823529411
3,5,62,0.06275547295808792,0.7748998403549194,0.9927007299270073,0.7352941176470589
3,5,63,0.06971262395381927,0.7413103580474854,0.9781021897810219,0.7058823529411765
3,5,64,0.0767785906791687,0.669400691986084,0.9562043795620438,0.7647058823529411
3,5,65,0.06601646542549133,0.6636654138565063,0.9781021897810219,0.7647058823529411
3,5,66,0.0630282461643219,0.7204566597938538,0.9781021897810219,0.7058823529411765
3,5,67,0.0673336312174797,0.7430979609489441,0.9781021897810219,0.7352941176470589
3,5,68,0.06683998554944992,0.7633953094482422,0.9781021897810219,0.7058823529411765
3,5,69,0.06146177649497986,0.7254219651222229,0.9781021897810219,0.7647058823529411
3,5,70,0.06501796096563339,0.6890841126441956,0.9781021897810219,0.8235294117647058
3,5,71,0.06541277468204498,0.6910058259963989,0.9708029197080292,0.7941176470588235
3,5,72,0.06780850142240524,0.7648345828056335,0.9635036496350365,0.7941176470588235
3,5,73,0.06285083293914795,0.9272758364677429,0.9781021897810219,0.7058823529411765
3,5,74,0.060997553169727325,0.9687948822975159,0.9708029197080292,0.7058823529411765
3,5,75,0.08491411060094833,0.8809120059013367,0.9562043795620438,0.7941176470588235
3,5,76,0.05577639490365982,0.857219934463501,0.9854014598540146,0.7352941176470589
3,5,77,0.06751636415719986,0.827099621295929,0.9635036496350365,0.7941176470588235
3,5,78,0.06189248710870743,0.7228670120239258,0.9781021897810219,0.8235294117647058
3,5,79,0.07671768218278885,0.7400572299957275,0.9562043795620438,0.7352941176470589
3,5,80,0.06108187884092331,0.7687447667121887,0.9854014598540146,0.7647058823529411
3,5,81,0.062120214104652405,0.8838868141174316,0.9781021897810219,0.7058823529411765
3,5,82,0.05585856735706329,0.9413521885871887,0.9781021897810219,0.6764705882352942
3,5,83,0.06527573615312576,0.9508249759674072,0.9708029197080292,0.7352941176470589
3,5,84,0.05584445595741272,0.9663792848587036,0.9854014598540146,0.7058823529411765
3,5,85,0.07034678757190704,1.054253339767456,0.9708029197080292,0.7058823529411765
3,5,86,0.04777481406927109,0.9005987048149109,0.9927007299270073,0.7647058823529411
3,5,87,0.09884289652109146,0.8912780284881592,0.948905109489051,0.7647058823529411
3,5,88,0.051228541880846024,0.8687875270843506,0.9781021897810219,0.7647058823529411
3,5,89,0.06598898023366928,1.0120313167572021,0.9635036496350365,0.7647058823529411
3,5,90,0.045760150998830795,0.9663613438606262,0.9927007299270073,0.7352941176470589
3,5,91,0.09742094576358795,0.9591994881629944,0.9416058394160584,0.7352941176470589
3,5,92,0.058198001235723495,1.0458147525787354,0.9781021897810219,0.7058823529411765
3,5,93,0.06129327416419983,0.9943104982376099,0.9781021897810219,0.7058823529411765
3,5,94,0.04951377213001251,0.902655303478241,0.9854014598540146,0.7058823529411765
3,5,95,0.057758063077926636,0.8197178244590759,0.9708029197080292,0.7647058823529411
3,5,96,0.050932060927152634,0.8354669213294983,0.9927007299270073,0.7647058823529411
3,5,97,0.06082869693636894,0.9349509477615356,0.9708029197080292,0.7647058823529411
3,5,98,0.0525658056139946,0.8854812383651733,0.9781021897810219,0.7647058823529411
3,5,99,0.04876649007201195,0.8716893792152405,0.9927007299270073,0.7352941176470589
3,5,100,0.05803053826093674,0.9359346032142639,0.9781021897810219,0.7058823529411765
4,1,1,1.065058946609497,1.1590933799743652,0.7279411764705882,0.7142857142857143
4,1,2,0.6923600435256958,0.6936091184616089,0.47794117647058826,0.4857142857142857
4,1,3,0.6826766729354858,0.6855174899101257,0.7720588235294118,0.6285714285714286
4,1,4,0.6662007570266724,0.6698870062828064,0.7279411764705882,0.7142857142857143
4,1,5,0.6423969268798828,0.644929826259613,0.7279411764705882,0.7142857142857143
4,1,6,0.6136369705200195,0.6178520321846008,0.7279411764705882,0.7142857142857143
4,1,7,0.5826988220214844,0.5934818983078003,0.7279411764705882,0.7142857142857143
4,1,8,0.564654529094696,0.5913228988647461,0.7279411764705882,0.7142857142857143
4,1,9,0.5521457195281982,0.6015710234642029,0.7279411764705882,0.7142857142857143
4,1,10,0.5199480056762695,0.5869747400283813,0.7279411764705882,0.7142857142857143
4,1,11,0.49165254831314087,0.5730603337287903,0.7279411764705882,0.7142857142857143
4,1,12,0.46834754943847656,0.5761597752571106,0.7279411764705882,0.7142857142857143
4,1,13,0.44023609161376953,0.5931944847106934,0.7352941176470589,0.7142857142857143
4,1,14,0.423344224691391,0.6273337006568909,0.7426470588235294,0.7142857142857143
4,1,15,0.3919858932495117,0.6438149213790894,0.7794117647058824,0.6857142857142857
4,1,16,0.37248796224594116,0.6646380424499512,0.8308823529411765,0.6857142857142857
4,1,17,0.3423975110054016,0.7050448060035706,0.8382352941176471,0.7428571428571429
4,1,18,0.3403244912624359,0.7863492965698242,0.8382352941176471,0.7142857142857143
4,1,19,0.3084478974342346,0.7669345736503601,0.8308823529411765,0.7142857142857143
4,1,20,0.2984544038772583,0.7955312728881836,0.8455882352941176,0.7142857142857143
4,1,21,0.3260338604450226,0.9107896089553833,0.8455882352941176,0.7428571428571429
4,1,22,0.2776569426059723,0.8855857253074646,0.8676470588235294,0.7142857142857143
4,1,23,0.27368539571762085,0.8927188515663147,0.8602941176470589,0.6857142857142857
4,1,24,0.24258223176002502,0.9293182492256165,0.8897058823529411,0.7428571428571429
4,1,25,0.27096933126449585,1.0178254842758179,0.8676470588235294,0.7142857142857143
4,1,26,0.22090931236743927,0.9952268600463867,0.9117647058823529,0.7428571428571429
4,1,27,0.22981728613376617,1.0084222555160522,0.9117647058823529,0.6857142857142857
4,1,28,0.20099692046642303,1.0222623348236084,0.9117647058823529,0.7428571428571429
4,1,29,0.2128230780363083,1.0533467531204224,0.9191176470588235,0.7428571428571429
4,1,30,0.19022144377231598,1.0313818454742432,0.9264705882352942,0.7428571428571429
4,1,31,0.180815652012825,1.0276060104370117,0.9117647058823529,0.6571428571428571
4,1,32,0.17215538024902344,1.0264452695846558,0.9264705882352942,0.6571428571428571
4,1,33,0.1673555076122284,1.0282785892486572,0.9264705882352942,0.7428571428571429
4,1,34,0.16183561086654663,1.0604139566421509,0.9411764705882353,0.7428571428571429
4,1,35,0.15026521682739258,1.1094046831130981,0.9264705882352942,0.7142857142857143
4,1,36,0.14638487994670868,1.150500774383545,0.9338235294117647,0.7142857142857143
4,1,37,0.13757456839084625,1.158254623413086,0.9411764705882353,0.7142857142857143
4,1,38,0.13392505049705505,1.1929867267608643,0.9411764705882353,0.7142857142857143
4,1,39,0.12772944569587708,1.2441209554672241,0.9338235294117647,0.7142857142857143
4,1,40,0.1258700042963028,1.3099868297576904,0.9338235294117647,0.6571428571428571
4,1,41,0.11753715574741364,1.347649335861206,0.9485294117647058,0.7428571428571429
4,1,42,0.11945731192827225,1.420894742012024,0.9485294117647058,0.7428571428571429
4,1,43,0.10585305839776993,1.5117074251174927,0.9411764705882353,0.7142857142857143
4,1,44,0.10142607241868973,1.590331792831421,0.9411764705882353,0.7142857142857143
4,1,45,0.11312244087457657,1.6317790746688843,0.9485294117647058,0.7428571428571429
4,1,46,0.09049899131059647,1.6938742399215698,0.9558823529411765,0.7142857142857143
4,1,47,0.08949247747659683,1.7801711559295654,0.9632352941176471,0.7142857142857143
4,1,48,0.08438611030578613,1.7795543670654297,0.9485294117647058,0.7142857142857143
4,1,49,0.09838754683732986,1.7855489253997803,0.9485294117647058,0.6857142857142857
4,1,50,0.08080480992794037,1.8215363025665283,0.9485294117647058,0.7142857142857143
4,1,51,0.08476681262254715,1.8544527292251587,0.9558823529411765,0.7142857142857143
4,1,52,0.07925847917795181,1.844820261001587,0.9558823529411765,0.7142857142857143
4,1,53,0.07763183861970901,1.8639260530471802,0.9632352941176471,0.7142857142857143
4,1,54,0.07683059573173523,1.8753520250320435,0.9632352941176471,0.7142857142857143
4,1,55,0.07552286982536316,1.9254270792007446,0.9632352941176471,0.7142857142857143
4,1,56,0.07812624424695969,1.9768226146697998,0.9705882352941176,0.6571428571428571
4,1,57,0.07941984385251999,2.0345189571380615,0.9705882352941176,0.6571428571428571
4,1,58,0.07535920292139053,2.045238733291626,0.9705882352941176,0.7142857142857143
4,1,59,0.07122717797756195,2.083787679672241,0.9558823529411765,0.7428571428571429
4,1,60,0.07076284289360046,2.114577531814575,0.9558823529411765,0.7142857142857143
4,1,61,0.07750825583934784,2.0867514610290527,0.9558823529411765,0.7142857142857143
4,1,62,0.07328790426254272,2.091036558151245,0.9558823529411765,0.7142857142857143
4,1,63,0.06942050904035568,2.101457118988037,0.9632352941176471,0.7142857142857143
4,1,64,0.07120002806186676,2.077913522720337,0.9705882352941176,0.6857142857142857
4,1,65,0.06938980519771576,2.0697367191314697,0.9558823529411765,0.7142857142857143
4,1,66,0.07016796618700027,2.069767951965332,0.9558823529411765,0.7142857142857143
4,1,67,0.07896891981363297,2.067770004272461,0.9632352941176471,0.6857142857142857
4,1,68,0.08038878440856934,2.021130323410034,0.9632352941176471,0.6857142857142857
4,1,69,0.06957514584064484,1.9890960454940796,0.9705882352941176,0.6857142857142857
4,1,70,0.07053664326667786,1.9922454357147217,0.9485294117647058,0.7142857142857143
4,1,71,0.07008137553930283,2.0770511627197266,0.9558823529411765,0.7428571428571429
4,1,72,0.0710565522313118,2.0743255615234375,0.9485294117647058,0.7142857142857143
4,1,73,0.07246173173189163,2.09616756439209,0.9705882352941176,0.7142857142857143
4,1,74,0.07357768714427948,2.1702771186828613,0.9558823529411765,0.7142857142857143
4,1,75,0.07634921371936798,2.2143545150756836,0.9558823529411765,0.7428571428571429
4,1,76,0.07490863651037216,2.147613048553467,0.9705882352941176,0.7142857142857143
4,1,77,0.07525146752595901,2.1437783241271973,0.9485294117647058,0.7714285714285715
4,1,78,0.07172878086566925,2.216111660003662,0.9705882352941176,0.7142857142857143
4,1,79,0.0717104896903038,2.232337474822998,0.9558823529411765,0.6857142857142857
4,1,80,0.07558547705411911,2.194281578063965,0.9632352941176471,0.7142857142857143
4,1,81,0.07653540372848511,2.0763516426086426,0.9632352941176471,0.7428571428571429
4,1,82,0.07466791570186615,2.045894145965576,0.9558823529411765,0.7142857142857143
4,1,83,0.07807569205760956,2.023599624633789,0.9705882352941176,0.7714285714285715
4,1,84,0.07486703991889954,1.8403377532958984,0.9558823529411765,0.7714285714285715
4,1,85,0.07564321905374527,1.8265888690948486,0.9558823529411765,0.7714285714285715
4,1,86,0.07222865521907806,1.8390328884124756,0.9632352941176471,0.7714285714285715
4,1,87,0.0716380774974823,2.069418430328369,0.9558823529411765,0.7142857142857143
4,1,88,0.09030026942491531,2.301051378250122,0.9485294117647058,0.6571428571428571
4,1,89,0.06805605441331863,2.0964102745056152,0.9558823529411765,0.7142857142857143
4,1,90,0.09344862401485443,2.036327600479126,0.9411764705882353,0.7142857142857143
4,1,91,0.09162909537553787,1.961614966392517,0.9558823529411765,0.7714285714285715
4,1,92,0.08280231058597565,2.171839952468872,0.9485294117647058,0.6857142857142857
4,1,93,0.1555013656616211,2.5403599739074707,0.9117647058823529,0.5714285714285714
4,1,94,0.07453128695487976,2.249065637588501,0.9558823529411765,0.7428571428571429
4,1,95,0.10182946920394897,2.207096576690674,0.9411764705882353,0.7428571428571429
4,1,96,0.11000754684209824,2.216073989868164,0.9411764705882353,0.7142857142857143
4,1,97,0.08031510561704636,2.224855661392212,0.9485294117647058,0.7428571428571429
4,1,98,0.07965043187141418,2.30550217628479,0.9558823529411765,0.7142857142857143
4,1,99,0.07684747129678726,2.2681753635406494,0.9632352941176471,0.7142857142857143
4,1,100,0.07052779197692871,2.177055835723877,0.9705882352941176,0.7428571428571429
4,2,1,1.0209625959396362,0.929697573184967,0.7226277372262774,0.7352941176470589
4,2,2,0.6739498376846313,0.6749987006187439,0.7007299270072993,0.7352941176470589
4,2,3,0.6638087630271912,0.66340571641922,0.7226277372262774,0.7352941176470589
4,2,4,0.6376228928565979,0.6366135478019714,0.7226277372262774,0.7352941176470589
4,2,5,0.6088964939117432,0.6059360504150391,0.7226277372262774,0.7352941176470589
4,2,6,0.5780547261238098,0.571835458278656,0.7226277372262774,0.7352941176470589
4,2,7,0.5568260550498962,0.5462327599525452,0.7226277372262774,0.7352941176470589
4,2,8,0.5463468432426453,0.5338134765625,0.7226277372262774,0.7352941176470589
4,2,9,0.5168073177337646,0.5083904266357422,0.7226277372262774,0.7352941176470589
4,2,10,0.48944881558418274,0.49263325333595276,0.7226277372262774,0.7352941176470589
4,2,11,0.4696598947048187,0.486823707818985,0.7372262773722628,0.7352941176470589
4,2,12,0.43743839859962463,0.44417229294776917,0.7591240875912408,0.7647058823529411
4,2,13,0.4222346842288971,0.42046457529067993,0.7883211678832117,0.7941176470588235
4,2,14,0.39187926054000854,0.439433217048645,0.8467153284671532,0.7647058823529411
4,2,15,0.3648231029510498,0.40741175413131714,0.8321167883211679,0.7352941176470589
4,2,16,0.3482923209667206,0.4063623547554016,0.8540145985401459,0.7352941176470589
4,2,17,0.3398095667362213,0.48697584867477417,0.8394160583941606,0.7058823529411765
4,2,18,0.3134786784648895,0.42817795276641846,0.8686131386861314,0.7352941176470589
4,2,19,0.3037634491920471,0.48179951310157776,0.8613138686131386,0.6764705882352942
4,2,20,0.3446313738822937,0.4587439298629761,0.8394160583941606,0.7647058823529411
4,2,21,0.27750319242477417,0.5096707940101624,0.8832116788321168,0.6764705882352942
4,2,22,0.32282012701034546,0.6851681470870972,0.8321167883211679,0.6764705882352942
4,2,23,0.28659117221832275,0.4519912898540497,0.8613138686131386,0.7941176470588235
4,2,24,0.308488667011261,0.46298709511756897,0.8467153284671532,0.7941176470588235
4,2,25,0.2382425218820572,0.4812191128730774,0.8978102189781022,0.7941176470588235
4,2,26,0.2714848816394806,0.6044612526893616,0.8832116788321168,0.6764705882352942
4,2,27,0.22875940799713135,0.4923575818538666,0.8978102189781022,0.7941176470588235
4,2,28,0.2515229284763336,0.4590485394001007,0.8905109489051095,0.8235294117647058
4,2,29,0.2285723090171814,0.46227386593818665,0.9051094890510949,0.8529411764705882
4,2,30,0.2147538661956787,0.5065521001815796,0.9197080291970803,0.7647058823529411
4,2,31,0.21907787024974823,0.5304675102233887,0.9051094890510949,0.7352941176470589
4,2,32,0.20387600362300873,0.47554802894592285,0.9343065693430657,0.8529411764705882
4,2,33,0.22162599861621857,0.4775662124156952,0.8978102189781022,0.8235294117647058
4,2,34,0.2005024403333664,0.49285435676574707,0.9124087591240876,0.8235294117647058
4,2,35,0.18598362803459167,0.5693377256393433,0.9197080291970803,0.7647058823529411
4,2,36,0.2000156044960022,0.6832895874977112,0.9197080291970803,0.7058823529411765
4,2,37,0.17735838890075684,0.6123988628387451,0.9197080291970803,0.7647058823529411
4,2,38,0.1820281744003296,0.5528731346130371,0.9197080291970803,0.8235294117647058
4,2,39,0.17307858169078827,0.5573670268058777,0.9197080291970803,0.8235294117647058
4,2,40,0.1632939577102661,0.5790572762489319,0.9124087591240876,0.8529411764705882
4,2,41,0.1503593474626541,0.599170446395874,0.9416058394160584,0.8235294117647058
4,2,42,0.148829385638237,0.585639238357544,0.927007299270073,0.8529411764705882
4,2,43,0.1492672860622406,0.5909126400947571,0.927007299270073,0.8235294117647058
4,2,44,0.14193449914455414,0.6057379245758057,0.9343065693430657,0.8235294117647058
4,2,45,0.13862250745296478,0.6435283422470093,0.948905109489051,0.7647058823529411
4,2,46,0.1311320960521698,0.6215508580207825,0.948905109489051,0.8235294117647058
4,2,47,0.12838177382946014,0.6184989809989929,0.9416058394160584,0.8529411764705882
4,2,48,0.1246543899178505,0.6429042220115662,0.9416058394160584,0.8529411764705882
4,2,49,0.1219170019030571,0.7019767761230469,0.9562043795620438,0.8235294117647058
4,2,50,0.1187148243188858,0.7194600701332092,0.9416058394160584,0.8235294117647058
4,2,51,0.11871225386857986,0.7213236689567566,0.9343065693430657,0.7941176470588235
4,2,52,0.11077190935611725,0.7500211000442505,0.9562043795620438,0.8235294117647058
4,2,53,0.1110130250453949,0.7619458436965942,0.9562043795620438,0.8529411764705882
4,2,54,0.11093652248382568,0.8031159043312073,0.9708029197080292,0.7941176470588235
4,2,55,0.11661532521247864,0.7921357750892639,0.9416058394160584,0.8235294117647058
4,2,56,0.10741239041090012,0.8756328821182251,0.9562043795620438,0.7941176470588235
4,2,57,0.10111993551254272,0.8845048546791077,0.9562043795620438,0.7941176470588235
4,2,58,0.10291559994220734,0.8777180910110474,0.948905109489051,0.8235294117647058
4,2,59,0.11349160224199295,0.8689824938774109,0.9416058394160584,0.7941176470588235
4,2,60,0.10269355028867722,0.8990828394889832,0.9416058394160584,0.8235294117647058
4,2,61,0.09753942489624023,0.8661142587661743,0.948905109489051,0.8235294117647058
4,2,62,0.09586422890424728,0.8531671166419983,0.9635036496350365,0.8529411764705882
4,2,63,0.09439665824174881,0.8819166421890259,0.9562043795620438,0.8529411764705882
4,2,64,0.0990423858165741,0.8914279341697693,0.948905109489051,0.8235294117647058
4,2,65,0.09736362099647522,0.9147763252258301,0.948905109489051,0.7941176470588235
4,2,66,0.09992868453264236,0.8935957551002502,0.948905109489051,0.8235294117647058
4,2,67,0.09606391936540604,0.9046794772148132,0.9562043795620438,0.7941176470588235
4,2,68,0.09996244311332703,0.8810211420059204,0.9416058394160584,0.8235294117647058
4,2,69,0.0993102639913559,0.8624914288520813,0.948905109489051,0.7941176470588235
4,2,70,0.08581165969371796,0.8696627020835876,0.9708029197080292,0.8529411764705882
4,2,71,0.095542311668396,0.8766565322875977,0.948905109489051,0.7941176470588235
4,2,72,0.10129740089178085,0.8942224979400635,0.948905109489051,0.7647058823529411
4,2,73,0.08370494097471237,0.9748494625091553,0.9635036496350365,0.7941176470588235
4,2,74,0.10191172361373901,0.9423601627349854,0.9562043795620438,0.7941176470588235
4,2,75,0.0819752886891365,0.9538180232048035,0.9562043795620438,0.8235294117647058
4,2,76,0.08053552359342575,0.9708421230316162,0.9708029197080292,0.8529411764705882
4,2,77,0.07644986361265182,0.9811850190162659,0.9708029197080292,0.8529411764705882
4,2,78,0.07723632454872131,0.9719966650009155,0.9708029197080292,0.8529411764705882
4,2,79,0.07350005209445953,1.022875428199768,0.9781021897810219,0.8235294117647058
4,2,80,0.08599060773849487,1.0365015268325806,0.948905109489051,0.7941176470588235
4,2,81,0.08057510852813721,1.0740691423416138,0.948905109489051,0.7647058823529411
4,2,82,0.07037815451622009,1.108689308166504,0.9854014598540146,0.7941176470588235
4,2,83,0.07693848758935928,1.0818012952804565,0.9635036496350365,0.8235294117647058
4,2,84,0.11146605759859085,1.0219565629959106,0.9343065693430657,0.8235294117647058
4,2,85,0.08768797665834427,1.0962318181991577,0.9635036496350365,0.7647058823529411
4,2,86,0.09895480424165726,1.0284736156463623,0.9562043795620438,0.8235294117647058
4,2,87,0.08779367059469223,1.0438100099563599,0.9635036496350365,0.7941176470588235
4,2,88,0.08368594944477081,1.0363560914993286,0.9927007299270073,0.7941176470588235
4,2,89,0.08203344792127609,0.9856294989585876,0.9781021897810219,0.8235294117647058
4,2,90,0.0801156610250473,0.9574952125549316,0.9781021897810219,0.8529411764705882
4,2,91,0.08318137377500534,0.9470582008361816,0.9562043795620438,0.8235294117647058
4,2,92,0.08440737426280975,0.9312604665756226,0.9635036496350365,0.8235294117647058
4,2,93,0.09198418259620667,0.9376868605613708,0.9635036496350365,0.7941176470588235
4,2,94,0.08082351833581924,0.9526858925819397,0.9635036496350365,0.8235294117647058
4,2,95,0.0766073539853096,1.0026613473892212,0.9708029197080292,0.8235294117647058
4,2,96,0.08854496479034424,1.0799684524536133,0.948905109489051,0.7941176470588235
4,2,97,0.0864189937710762,1.1399884223937988,0.948905109489051,0.7941176470588235
4,2,98,0.08031829446554184,1.126815676689148,0.9708029197080292,0.7941176470588235
4,2,99,0.08164654672145844,1.0672894716262817,0.9635036496350365,0.7941176470588235
4,2,100,0.0750330463051796,1.0601142644882202,0.9635036496350365,0.7647058823529411
4,3,1,0.9348552227020264,0.9169988036155701,0.7226277372262774,0.7352941176470589
4,3,2,0.7442607879638672,0.7417737245559692,0.2773722627737226,0.2647058823529412
4,3,3,0.6844722032546997,0.6838607788085938,0.7372262773722628,0.6764705882352942
4,3,4,0.6570284962654114,0.657349169254303,0.7226277372262774,0.7352941176470589
4,3,5,0.6318163275718689,0.6330221891403198,0.7226277372262774,0.7352941176470589
4,3,6,0.6014338731765747,0.6039720177650452,0.7226277372262774,0.7352941176470589
4,3,7,0.5773618221282959,0.581241250038147,0.7226277372262774,0.7352941176470589
4,3,8,0.5720843076705933,0.5774391293525696,0.7226277372262774,0.7352941176470589
4,3,9,0.5620902180671692,0.5707953572273254,0.7226277372262774,0.7352941176470589
4,3,10,0.5361557602882385,0.5465870499610901,0.7226277372262774,0.7352941176470589
4,3,11,0.5152315497398376,0.5237294435501099,0.7226277372262774,0.7352941176470589
4,3,12,0.4957817792892456,0.5048420429229736,0.7226277372262774,0.7352941176470589
4,3,13,0.473602294921875,0.48842036724090576,0.7299270072992701,0.7352941176470589
4,3,14,0.4530925154685974,0.4740765392780304,0.7372262773722628,0.7352941176470589
4,3,15,0.4267304241657257,0.44359079003334045,0.781021897810219,0.7941176470588235
4,3,16,0.4052170217037201,0.4160316288471222,0.8321167883211679,0.7941176470588235
4,3,17,0.3827334940433502,0.41172388195991516,0.8175182481751825,0.7941176470588235
4,3,18,0.3629215955734253,0.40194135904312134,0.8321167883211679,0.7941176470588235
4,3,19,0.3449656367301941,0.4023667573928833,0.8321167883211679,0.8529411764705882
4,3,20,0.330335795879364,0.37354427576065063,0.8467153284671532,0.8529411764705882
4,3,21,0.31532877683639526,0.43235906958580017,0.8540145985401459,0.8529411764705882
4,3,22,0.3018016517162323,0.4484700560569763,0.8540145985401459,0.8529411764705882
4,3,23,0.2817939519882202,0.3891933858394623,0.9051094890510949,0.8235294117647058
4,3,24,0.2607559263706207,0.4158802330493927,0.8978102189781022,0.8529411764705882
4,3,25,0.2469789832830429,0.4266747236251831,0.9051094890510949,0.8529411764705882
4,3,26,0.2269604206085205,0.4134937822818756,0.9051094890510949,0.8529411764705882
4,3,27,0.22435668110847473,0.47806516289711,0.9197080291970803,0.8529411764705882
4,3,28,0.20418979227542877,0.45138946175575256,0.8978102189781022,0.8235294117647058
4,3,29,0.20273782312870026,0.5266076326370239,0.9124087591240876,0.8235294117647058
4,3,30,0.1861138790845871,0.5226840376853943,0.9197080291970803,0.7941176470588235
4,3,31,0.1831924021244049,0.5133368968963623,0.9343065693430657,0.7941176470588235
4,3,32,0.21109944581985474,0.677449107170105,0.9051094890510949,0.7647058823529411
4,3,33,0.1647215336561203,0.5904584527015686,0.927007299270073,0.7941176470588235
4,3,34,0.19418735802173615,0.5201280117034912,0.9051094890510949,0.7352941176470589
4,3,35,0.16231267154216766,0.5570448637008667,0.9343065693430657,0.8235294117647058
4,3,36,0.1984969973564148,0.6503389477729797,0.9197080291970803,0.7941176470588235
4,3,37,0.15663489699363708,0.466287225484848,0.9343065693430657,0.7941176470588235
4,3,38,0.17427149415016174,0.44043126702308655,0.9124087591240876,0.7941176470588235
4,3,39,0.14880718290805817,0.46088114380836487,0.927007299270073,0.7647058823529411
4,3,40,0.1511748880147934,0.6067288517951965,0.9343065693430657,0.7941176470588235
4,3,41,0.16759410500526428,0.6808677911758423,0.9343065693430657,0.7941176470588235
4,3,42,0.13429710268974304,0.5853523015975952,0.948905109489051,0.7647058823529411
4,3,43,0.13435734808444977,0.5598993897438049,0.927007299270073,0.7352941176470589
4,3,44,0.1331544667482376,0.5754429697990417,0.927007299270073,0.7352941176470589
4,3,45,0.1266150325536728,0.6031461358070374,0.9416058394160584,0.7647058823529411
4,3,46,0.13586612045764923,0.6638167500495911,0.9343065693430657,0.7647058823529411
4,3,47,0.1321568787097931,0.6684283018112183,0.9343065693430657,0.7647058823529411
4,3,48,0.12124764919281006,0.6239002346992493,0.9343065693430657,0.7647058823529411
4,3,49,0.11814215034246445,0.6543529629707336,0.948905109489051,0.7647058823529411
4,3,50,0.11331473290920258,0.6971089839935303,0.9416058394160584,0.7647058823529411
4,3,51,0.10825575888156891,0.75408935546875,0.9562043795620438,0.7352941176470589
4,3,52,0.10765710473060608,0.8185650110244751,0.948905109489051,0.7058823529411765
4,3,53,0.10813727974891663,0.8788337111473083,0.9416058394160584,0.6764705882352942
4,3,54,0.1086869165301323,0.8911338448524475,0.9416058394160584,0.6764705882352942
4,3,55,0.10064414888620377,0.8648295402526855,0.9562043795620438,0.7058823529411765
4,3,56,0.09857653826475143,0.8464513421058655,0.9708029197080292,0.7647058823529411
4,3,57,0.09564314037561417,0.8279289603233337,0.9635036496350365,0.7941176470588235
4,3,58,0.10072046518325806,0.8172243237495422,0.9562043795620438,0.7941176470588235
4,3,59,0.10205040872097015,0.8091990351676941,0.9562043795620438,0.7941176470588235
4,3,60,0.09677767008543015,0.792147159576416,0.9635036496350365,0.8235294117647058
4,3,61,0.09020330756902695,0.8185266852378845,0.9635036496350365,0.7941176470588235
4,3,62,0.10067137330770493,0.9224829077720642,0.9562043795620438,0.7647058823529411
4,3,63,0.0969885066151619,0.905451774597168,0.9562043795620438,0.7058823529411765
4,3,64,0.09174901247024536,0.8519050478935242,0.9635036496350365,0.7352941176470589
4,3,65,0.0990334078669548,0.8660990595817566,0.9635036496350365,0.8235294117647058
4,3,66,0.08878620713949203,0.8014138340950012,0.9708029197080292,0.7941176470588235
4,3,67,0.0957845151424408,0.8119615316390991,0.948905109489051,0.7941176470588235
4,3,68,0.09446857869625092,0.8691868185997009,0.948905109489051,0.7647058823529411
4,3,69,0.08972645550966263,0.8999353051185608,0.9708029197080292,0.7941176470588235
4,3,70,0.087661013007164,0.9307931661605835,0.9635036496350365,0.7647058823529411
4,3,71,0.0852474719285965,0.9362055659294128,0.9635036496350365,0.8235294117647058
4,3,72,0.09154161810874939,0.9514219760894775,0.948905109489051,0.8235294117647058
4,3,73,0.08676537126302719,0.9147207736968994,0.9635036496350365,0.8235294117647058
4,3,74,0.0910099446773529,0.956969678401947,0.9635036496350365,0.7647058823529411
4,3,75,0.08551552146673203,1.009168028831482,0.9708029197080292,0.7647058823529411
4,3,76,0.09609317034482956,1.1833049058914185,0.9562043795620438,0.7352941176470589
4,3,77,0.08975311368703842,1.0407190322875977,0.9635036496350365,0.6764705882352942
4,3,78,0.09572234004735947,0.9751216769218445,0.9635036496350365,0.7941176470588235
4,3,79,0.09293932467699051,0.8844508528709412,0.948905109489051,0.7647058823529411
4,3,80,0.10960053652524948,0.8893741965293884,0.9562043795620438,0.7941176470588235
4,3,81,0.10277055948972702,0.8271675109863281,0.9562043795620438,0.7941176470588235
4,3,82,0.08592584729194641,0.7270544767379761,0.9635036496350365,0.7941176470588235
4,3,83,0.09019888192415237,0.7060979008674622,0.9708029197080292,0.7941176470588235
4,3,84,0.08553514629602432,0.7530865669250488,0.9708029197080292,0.7647058823529411
4,3,85,0.09145002067089081,0.7711740136146545,0.9562043795620438,0.7941176470588235
4,3,86,0.08691569417715073,0.7050217390060425,0.948905109489051,0.7941176470588235
4,3,87,0.09183313697576523,0.6743124723434448,0.948905109489051,0.7941176470588235
4,3,88,0.08918064087629318,0.6854021549224854,0.9635036496350365,0.7647058823529411
4,3,89,0.08443581312894821,0.7014579772949219,0.9708029197080292,0.7647058823529411
4,3,90,0.08364613354206085,0.7354421019554138,0.9562043795620438,0.7647058823529411
4,3,91,0.0810127928853035,0.8070791363716125,0.9635036496350365,0.7647058823529411
4,3,92,0.07795995473861694,0.8110973238945007,0.9781021897810219,0.7647058823529411
4,3,93,0.07707808911800385,0.8263993263244629,0.9781021897810219,0.7647058823529411
4,3,94,0.08861353248357773,0.8313370943069458,0.948905109489051,0.7941176470588235
4,3,95,0.08092789351940155,0.8939680457115173,0.948905109489051,0.7941176470588235
4,3,96,0.09711006283760071,0.9651307463645935,0.948905109489051,0.7941176470588235
4,3,97,0.07913065701723099,0.9446056485176086,0.9562043795620438,0.7941176470588235
4,3,98,0.07399687170982361,1.0054033994674683,0.9635036496350365,0.8235294117647058
4,3,99,0.07381381839513779,1.0620872974395752,0.9708029197080292,0.7647058823529411
4,3,100,0.07850252091884613,0.9746930599212646,0.9708029197080292,0.8235294117647058
4,4,1,1.157033920288086,1.1816182136535645,0.7226277372262774,0.7352941176470589
4,4,2,0.7062587738037109,0.7149966955184937,0.34306569343065696,0.29411764705882354
4,4,3,0.6839902997016907,0.6947264671325684,0.5693430656934306,0.4411764705882353
4,4,4,0.6515344381332397,0.6626675724983215,0.7299270072992701,0.7352941176470589
4,4,5,0.6125082969665527,0.6224141716957092,0.7226277372262774,0.7352941176470589
4,4,6,0.5753403306007385,0.5896806120872498,0.7226277372262774,0.7352941176470589
4,4,7,0.5544338822364807,0.5826742053031921,0.7226277372262774,0.7352941176470589
4,4,8,0.5385746955871582,0.5919222235679626,0.7226277372262774,0.7352941176470589
4,4,9,0.5012670755386353,0.5848861336708069,0.7299270072992701,0.7352941176470589
4,4,10,0.46431997418403625,0.5799760222434998,0.7591240875912408,0.7352941176470589
4,4,11,0.4293937683105469,0.5918415188789368,0.8248175182481752,0.7058823529411765
4,4,12,0.3927978277206421,0.6048803925514221,0.8321167883211679,0.6764705882352942
4,4,13,0.35859060287475586,0.6354935765266418,0.8540145985401459,0.6764705882352942
4,4,14,0.3429062068462372,0.7133168578147888,0.8394160583941606,0.6764705882352942
4,4,15,0.4073217809200287,0.7701980471611023,0.8321167883211679,0.6764705882352942
4,4,16,0.3053252398967743,0.723187267780304,0.8467153284671532,0.6764705882352942
4,4,17,0.32809215784072876,0.8198575377464294,0.8394160583941606,0.7352941176470589
4,4,18,0.3304504156112671,0.8150048851966858,0.8686131386861314,0.6764705882352942
4,4,19,0.3099801540374756,0.8277319669723511,0.8686131386861314,0.6764705882352942
4,4,20,0.27052903175354004,0.861973226070404,0.8467153284671532,0.6764705882352942
4,4,21,0.2678705155849457,0.8442948460578918,0.8905109489051095,0.7352941176470589
4,4,22,0.2482234686613083,0.7905398011207581,0.8905109489051095,0.7352941176470589
4,4,23,0.2590843141078949,0.7931739687919617,0.8978102189781022,0.7058823529411765
4,4,24,0.24201840162277222,0.7865570187568665,0.8978102189781022,0.7352941176470589
4,4,25,0.22312940657138824,0.7925479412078857,0.9124087591240876,0.7352941176470589
4,4,26,0.21819548308849335,0.8251559734344482,0.9416058394160584,0.7058823529411765
4,4,27,0.20028406381607056,0.8500048518180847,0.9197080291970803,0.6764705882352942
4,4,28,0.20992545783519745,0.8978191018104553,0.8978102189781022,0.6470588235294118
4,4,29,0.188487246632576,0.9318602085113525,0.9343065693430657,0.7058823529411765
4,4,30,0.17125050723552704,0.96318119764328,0.9416058394160584,0.7352941176470589
4,4,31,0.15980838239192963,0.962948203086853,0.9562043795620438,0.7058823529411765
4,4,32,0.15362104773521423,0.998568058013916,0.9562043795620438,0.7058823529411765
4,4,33,0.14492827653884888,1.0811808109283447,0.948905109489051,0.7352941176470589
4,4,34,0.13516825437545776,1.1227819919586182,0.9635036496350365,0.7352941176470589
4,4,35,0.14920425415039062,1.1409573554992676,0.9416058394160584,0.7352941176470589
4,4,36,0.124700166285038,1.1746835708618164,0.9562043795620438,0.7058823529411765
4,4,37,0.12751759588718414,1.2543741464614868,0.9635036496350365,0.7058823529411765
4,4,38,0.14008361101150513,1.2587285041809082,0.948905109489051,0.7058823529411765
4,4,39,0.12429483979940414,1.283769130706787,0.9635036496350365,0.7058823529411765
4,4,40,0.1141614243388176,1.3090238571166992,0.9416058394160584,0.6764705882352942
4,4,41,0.10012264549732208,1.2524797916412354,0.9781021897810219,0.7058823529411765
4,4,42,0.09798537194728851,1.2388001680374146,0.9708029197080292,0.7352941176470589
4,4,43,0.09543058276176453,1.2430717945098877,0.9635036496350365,0.7352941176470589
4,4,44,0.08677900582551956,1.3043699264526367,0.9708029197080292,0.7352941176470589
4,4,45,0.08633311837911606,1.3303543329238892,0.9781021897810219,0.6470588235294118
4,4,46,0.08637546002864838,1.3906676769256592,0.9781021897810219,0.6470588235294118
4,4,47,0.08354822546243668,1.431885838508606,0.9708029197080292,0.6470588235294118
4,4,48,0.06719421595335007,1.4821741580963135,0.9854014598540146,0.7058823529411765
4,4,49,0.08308430761098862,1.5858781337738037,0.9781021897810219,0.6764705882352942
4,4,50,0.10211087018251419,1.552234172821045,0.9562043795620438,0.7352941176470589
4,4,51,0.10483814030885696,1.6059889793395996,0.9562043795620438,0.7058823529411765
4,4,52,0.06705588847398758,1.636764645576477,0.9854014598540146,0.6764705882352942
4,4,53,0.09652502089738846,1.8047643899917603,0.9416058394160584,0.6764705882352942
4,4,54,0.08465919643640518,1.6333236694335938,0.9562043795620438,0.7058823529411765
4,4,55,0.1181514635682106,1.6395847797393799,0.9562043795620438,0.7058823529411765
4,4,56,0.09191190451383591,1.6326266527175903,0.9635036496350365,0.7352941176470589
4,4,57,0.08051210641860962,1.6610678434371948,0.9635036496350365,0.7352941176470589
4,4,58,0.07010185718536377,1.6824523210525513,0.9781021897810219,0.7058823529411765
4,4,59,0.06113981455564499,1.6635398864746094,0.9854014598540146,0.6176470588235294
4,4,60,0.06547027081251144,1.681981086730957,0.9781021897810219,0.7058823529411765
4,4,61,0.05886095389723778,1.6873891353607178,0.9854014598540146,0.6764705882352942
4,4,62,0.061391789466142654,1.7636945247650146,0.9781021897810219,0.6764705882352942
4,4,63,0.06008347123861313,1.7263621091842651,0.9781021897810219,0.7058823529411765
4,4,64,0.07284507900476456,1.7260223627090454,0.9635036496350365,0.7058823529411765
4,4,65,0.05915498360991478,1.789965033531189,0.9781021897810219,0.7058823529411765
4,4,66,0.06903218477964401,1.9828163385391235,0.9708029197080292,0.6764705882352942
4,4,67,0.051823195070028305,1.9027880430221558,0.9854014598540146,0.6764705882352942
4,4,68,0.07313564419746399,1.923896074295044,0.9562043795620438,0.6764705882352942
4,4,69,0.0640399158000946,1.9749552011489868,0.9781021897810219,0.6764705882352942
4,4,70,0.05119357258081436,2.0681562423706055,0.9854014598540146,0.7058823529411765
4,4,71,0.05912604555487633,2.164640426635742,0.9854014598540146,0.6764705882352942
4,4,72,0.05285084247589111,2.112800121307373,0.9854014598540146,0.6764705882352942
4,4,73,0.05716084688901901,2.1200098991394043,0.9781021897810219,0.6764705882352942
4,4,74,0.05173591151833534,2.17313289642334,0.9854014598540146,0.6470588235294118
4,4,75,0.04767047241330147,2.2658042907714844,0.9854014598540146,0.6470588235294118
4,4,76,0.049219947308301926,2.374876022338867,0.9708029197080292,0.6470588235294118
4,4,77,0.045704808086156845,2.382850170135498,0.9854014598540146,0.6470588235294118
4,4,78,0.05000784620642662,2.389580726623535,0.9854014598540146,0.6470588235294118
4,4,79,0.04268158972263336,2.5086512565612793,0.9854014598540146,0.6176470588235294
4,4,80,0.04210377112030983,2.542283535003662,0.9854014598540146,0.6176470588235294
4,4,81,0.04005105793476105,2.561638593673706,0.9854014598540146,0.6470588235294118
4,4,82,0.04273848608136177,2.564126968383789,0.9854014598540146,0.6176470588235294
4,4,83,0.03788634017109871,2.598750591278076,0.9854014598540146,0.6176470588235294
4,4,84,0.04970359429717064,2.5867762565612793,0.9781021897810219,0.6176470588235294
4,4,85,0.035125862807035446,2.6335198879241943,0.9854014598540146,0.6176470588235294
4,4,86,0.034623049199581146,5.17066764831543,0.9927007299270073,0.6470588235294118
4,4,87,0.055099811404943466,2.602066993713379,0.9781021897810219,0.6176470588235294
4,4,88,0.05263436585664749,2.6207375526428223,0.9781021897810219,0.6176470588235294
4,4,89,0.037808485329151154,2.6630403995513916,0.9927007299270073,0.6176470588235294
4,4,90,0.04322065785527229,2.6465001106262207,0.9854014598540146,0.6470588235294118
4,4,91,0.03771168738603592,2.6436522006988525,0.9854014598540146,0.6176470588235294
4,4,92,0.03812884911894798,2.7488601207733154,0.9854014598540146,0.6470588235294118
4,4,93,0.057361144572496414,2.6293649673461914,0.9781021897810219,0.6470588235294118
4,4,94,0.033572692424058914,2.672938585281372,0.9854014598540146,0.6470588235294118
4,4,95,0.0724593922495842,2.917856454849243,0.9635036496350365,0.6176470588235294
4,4,96,0.06277069449424744,2.553032875061035,0.9635036496350365,0.7058823529411765
4,4,97,0.09747591614723206,2.4876646995544434,0.9635036496350365,0.7058823529411765
4,4,98,0.08815640956163406,2.388723611831665,0.9635036496350365,0.7352941176470589
4,4,99,0.06723984330892563,2.3366949558258057,0.9635036496350365,0.7352941176470589
4,4,100,0.048316746950149536,2.3758952617645264,0.9854014598540146,0.7058823529411765
4,5,1,1.1900875568389893,1.2503862380981445,0.7299270072992701,0.7058823529411765
4,5,2,0.6867823600769043,0.6881508827209473,0.5401459854014599,0.5882352941176471
4,5,3,0.6878765821456909,0.6892373561859131,0.5328467153284672,0.6176470588235294
4,5,4,0.65718674659729,0.6598683595657349,0.7372262773722628,0.7058823529411765
4,5,5,0.6231606006622314,0.6273812055587769,0.7299270072992701,0.7058823529411765
4,5,6,0.5902414321899414,0.5973683595657349,0.7299270072992701,0.7058823529411765
4,5,7,0.5648919939994812,0.57706218957901,0.7299270072992701,0.7058823529411765
4,5,8,0.5585411190986633,0.5784216523170471,0.7299270072992701,0.7058823529411765
4,5,9,0.5548377633094788,0.5818727016448975,0.7299270072992701,0.7058823529411765
4,5,10,0.5303026437759399,0.5592256188392639,0.7299270072992701,0.7058823529411765
4,5,11,0.5054907202720642,0.5315479040145874,0.7299270072992701,0.7058823529411765
4,5,12,0.4892559051513672,0.5167208909988403,0.7299270072992701,0.7058823529411765
4,5,13,0.46402162313461304,0.5034323334693909,0.7372262773722628,0.7058823529411765
4,5,14,0.4436449110507965,0.5028364062309265,0.7372262773722628,0.7058823529411765
4,5,15,0.41893112659454346,0.4917376935482025,0.7737226277372263,0.7058823529411765
4,5,16,0.3912944197654724,0.46690458059310913,0.8467153284671532,0.7352941176470589
4,5,17,0.3673107922077179,0.44588762521743774,0.8540145985401459,0.7352941176470589
4,5,18,0.3663012683391571,0.4926660656929016,0.8248175182481752,0.7352941176470589
4,5,19,0.32795754075050354,0.42842498421669006,0.8686131386861314,0.7941176470588235
4,5,20,0.31778931617736816,0.47301438450813293,0.8613138686131386,0.7647058823529411
4,5,21,0.2936643958091736,0.46185487508773804,0.8832116788321168,0.7647058823529411
4,5,22,0.2812419831752777,0.48715171217918396,0.8978102189781022,0.7647058823529411
4,5,23,0.2610913813114166,0.4785279631614685,0.9124087591240876,0.7647058823529411
4,5,24,0.2563415765762329,0.5265741348266602,0.9051094890510949,0.7647058823529411
4,5,25,0.2320064753293991,0.5117717981338501,0.9197080291970803,0.7647058823529411
4,5,26,0.21918590366840363,0.5191231966018677,0.9197080291970803,0.7647058823529411
4,5,27,0.21538004279136658,0.5345550179481506,0.9124087591240876,0.7647058823529411
4,5,28,0.19676679372787476,0.5245780944824219,0.9197080291970803,0.7941176470588235
4,5,29,0.19401495158672333,0.5423255562782288,0.927007299270073,0.8235294117647058
4,5,30,0.1964850127696991,0.573535144329071,0.927007299270073,0.7941176470588235
4,5,31,0.1745004951953888,0.5687637329101562,0.9343065693430657,0.7941176470588235
4,5,32,0.1767946183681488,0.6108765602111816,0.9124087591240876,0.7352941176470589
4,5,33,0.17998206615447998,0.6474767327308655,0.927007299270073,0.7941176470588235
4,5,34,0.17146772146224976,0.6768658757209778,0.9416058394160584,0.7941176470588235
4,5,35,0.15520761907100677,0.6961986422538757,0.9197080291970803,0.7647058823529411
4,5,36,0.1450619101524353,0.6949126124382019,0.9343065693430657,0.7941176470588235
4,5,37,0.1431954801082611,0.7152442336082458,0.9562043795620438,0.8235294117647058
4,5,38,0.15236777067184448,0.7645902037620544,0.948905109489051,0.8235294117647058
4,5,39,0.1299312263727188,0.7302224040031433,0.948905109489051,0.8529411764705882
4,5,40,0.12481173872947693,0.7415809035301208,0.948905109489051,0.7941176470588235
4,5,41,0.13405926525592804,0.7748781442642212,0.9416058394160584,0.7941176470588235
4,5,42,0.12239140272140503,0.7693660855293274,0.9416058394160584,0.7941176470588235
4,5,43,0.11379247158765793,0.7671768069267273,0.9416058394160584,0.8529411764705882
4,5,44,0.11489985138177872,0.7768388390541077,0.948905109489051,0.7647058823529411
4,5,45,0.1360207349061966,0.8481282591819763,0.9343065693430657,0.7647058823529411
4,5,46,0.11077911406755447,0.8365221619606018,0.948905109489051,0.8529411764705882
4,5,47,0.11821113526821136,0.8504210114479065,0.948905109489051,0.7941176470588235
4,5,48,0.11163225024938583,0.8534265160560608,0.9416058394160584,0.8235294117647058
4,5,49,0.11539760231971741,0.8749869465827942,0.9416058394160584,0.7941176470588235
4,5,50,0.1012297049164772,0.85117107629776,0.9416058394160584,0.8529411764705882
4,5,51,0.10486779361963272,0.8512436747550964,0.9635036496350365,0.8529411764705882
4,5,52,0.09802886098623276,0.8416647911071777,0.948905109489051,0.8529411764705882
4,5,53,0.10366801172494888,0.8542113900184631,0.9635036496350365,0.8235294117647058
4,5,54,0.10237998515367508,0.8567928671836853,0.9562043795620438,0.8529411764705882
4,5,55,0.096613809466362,0.8726792931556702,0.9708029197080292,0.7941176470588235
4,5,56,0.09283973276615143,0.8996198177337646,0.9635036496350365,0.8235294117647058
4,5,57,0.09656807780265808,0.9326440691947937,0.9562043795620438,0.8235294117647058
4,5,58,0.08880959451198578,0.9595913887023926,0.9562043795620438,0.8529411764705882
4,5,59,0.09557024389505386,1.0219069719314575,0.9562043795620438,0.7352941176470589
4,5,60,0.08943148702383041,1.0269513130187988,0.9562043795620438,0.8529411764705882
4,5,61,0.08751979470252991,1.012907862663269,0.9635036496350365,0.8235294117647058
4,5,62,0.08644996583461761,1.0201483964920044,0.9562043795620438,0.7941176470588235
4,5,63,0.09150481224060059,1.0540246963500977,0.9562043795620438,0.8235294117647058
4,5,64,0.08611661940813065,1.0671030282974243,0.9562043795620438,0.8235294117647058
4,5,65,0.07347159087657928,1.0636072158813477,0.9781021897810219,0.8235294117647058
4,5,66,0.06905443966388702,1.085911512374878,0.9708029197080292,0.8529411764705882
4,5,67,0.06962195783853531,1.1185756921768188,0.9708029197080292,0.8529411764705882
4,5,68,0.06730905175209045,1.163659691810608,0.9854014598540146,0.8529411764705882
4,5,69,0.06483809649944305,1.1877074241638184,0.9708029197080292,0.8529411764705882
4,5,70,0.0788329616189003,1.228751301765442,0.9562043795620438,0.8235294117647058
4,5,71,0.081796795129776,1.2336517572402954,0.948905109489051,0.8235294117647058
4,5,72,0.07547388970851898,1.2332476377487183,0.9562043795620438,0.8235294117647058
4,5,73,0.05977482348680496,1.2408339977264404,0.9854014598540146,0.8529411764705882
4,5,74,0.06544214487075806,1.2802903652191162,0.9854014598540146,0.8529411764705882
4,5,75,0.061496175825595856,1.3003509044647217,0.9927007299270073,0.8529411764705882
4,5,76,0.05623096972703934,1.306031346321106,0.9854014598540146,0.7647058823529411
4,5,77,0.05574364960193634,1.3285150527954102,0.9708029197080292,0.7647058823529411
4,5,78,0.09265635162591934,1.3456156253814697,0.9635036496350365,0.8235294117647058
4,5,79,0.06586632877588272,1.3094717264175415,0.9927007299270073,0.8529411764705882
4,5,80,0.08658361434936523,1.3756400346755981,0.9635036496350365,0.7352941176470589
4,5,81,0.05808667466044426,1.3664122819900513,0.9854014598540146,0.7941176470588235
4,5,82,0.10303101688623428,1.3910458087921143,0.9635036496350365,0.7941176470588235
4,5,83,0.10775718837976456,1.4122421741485596,0.9635036496350365,0.8235294117647058
4,5,84,0.07513482123613358,1.4205316305160522,0.9635036496350365,0.7352941176470589
4,5,85,0.06693170219659805,1.4200787544250488,0.9635036496350365,0.7352941176470589
4,5,86,0.06825905293226242,1.2955714464187622,0.9562043795620438,0.7647058823529411
4,5,87,0.08366373181343079,1.2678875923156738,0.9708029197080292,0.8235294117647058
4,5,88,0.08458112180233002,1.2753334045410156,0.9562043795620438,0.7647058823529411
4,5,89,0.09407059848308563,1.3270459175109863,0.9562043795620438,0.7352941176470589
4,5,90,0.07692362368106842,1.286712884902954,0.9635036496350365,0.7941176470588235
4,5,91,0.08293312042951584,1.2653491497039795,0.9635036496350365,0.7647058823529411
4,5,92,0.07599591463804245,1.237017273902893,0.9635036496350365,0.7941176470588235
4,5,93,0.07257172465324402,1.2199933528900146,0.9562043795620438,0.7647058823529411
4,5,94,0.07673698663711548,1.2415058612823486,0.9708029197080292,0.7647058823529411
4,5,95,0.06971083581447601,1.178917407989502,0.9635036496350365,0.7941176470588235
4,5,96,0.07044923305511475,1.161964774131775,0.9635036496350365,0.7941176470588235
4,5,97,0.07020411640405655,1.1720105409622192,0.9635036496350365,0.7941176470588235
4,5,98,0.06248735636472702,1.2160063982009888,0.9708029197080292,0.7941176470588235
4,5,99,0.06441773474216461,1.2699564695358276,0.9781021897810219,0.7941176470588235
4,5,100,0.06158171594142914,1.279084324836731,0.9708029197080292,0.7941176470588235
5,1,1,1.0227700471878052,0.9930387139320374,0.7279411764705882,0.7142857142857143
5,1,2,0.7480575442314148,0.7482658624649048,0.27205882352941174,0.2857142857142857
5,1,3,0.677557647228241,0.6843763589859009,0.8014705882352942,0.5714285714285714
5,1,4,0.6393635869026184,0.6423604488372803,0.7279411764705882,0.7142857142857143
5,1,5,0.6044116020202637,0.6036704182624817,0.7279411764705882,0.7142857142857143
5,1,6,0.5834153294563293,0.5813185572624207,0.7279411764705882,0.7142857142857143
5,1,7,0.5924370884895325,0.598342776298523,0.7279411764705882,0.7142857142857143
5,1,8,0.5648614168167114,0.5900488495826721,0.7279411764705882,0.7142857142857143
5,1,9,0.5307313799858093,0.576208233833313,0.7352941176470589,0.7142857142857143
5,1,10,0.5130563974380493,0.583763062953949,0.7426470588235294,0.7142857142857143
5,1,11,0.4885396957397461,0.5910418033599854,0.7794117647058824,0.7142857142857143
5,1,12,0.46338894963264465,0.5981038808822632,0.7720588235294118,0.7142857142857143
5,1,13,0.44193515181541443,0.6248026490211487,0.7867647058823529,0.7142857142857143
5,1,14,0.41219374537467957,0.6526182889938354,0.7867647058823529,0.6857142857142857
5,1,15,0.4007706642150879,0.6969200968742371,0.7867647058823529,0.5428571428571428
5,1,16,0.3778999149799347,0.723866879940033,0.7941176470588235,0.6571428571428571
5,1,17,0.3654857575893402,0.7665461301803589,0.8014705882352942,0.6571428571428571
5,1,18,0.35453251004219055,0.8122075796127319,0.8014705882352942,0.5714285714285714
5,1,19,0.33323708176612854,0.834969162940979,0.8308823529411765,0.6571428571428571
5,1,20,0.32316702604293823,0.8326374888420105,0.8455882352941176,0.6571428571428571
5,1,21,0.3015601933002472,0.8111390471458435,0.8529411764705882,0.6571428571428571
5,1,22,0.296793669462204,0.8107543587684631,0.875,0.7142857142857143
5,1,23,0.27878454327583313,0.8206199407577515,0.875,0.6571428571428571
5,1,24,0.26690542697906494,0.8615710139274597,0.8897058823529411,0.7142857142857143
5,1,25,0.25568288564682007,0.9014768004417419,0.8897058823529411,0.6571428571428571
5,1,26,0.24226722121238708,0.906212329864502,0.9338235294117647,0.7428571428571429
5,1,27,0.23761151731014252,0.9142287969589233,0.8823529411764706,0.7142857142857143
5,1,28,0.2224472016096115,0.9195331335067749,0.9117647058823529,0.7142857142857143
5,1,29,0.2188921570777893,0.9664415717124939,0.9191176470588235,0.6571428571428571
5,1,30,0.206070676445961,1.0111026763916016,0.9117647058823529,0.6571428571428571
5,1,31,0.19099260866641998,1.1015479564666748,0.9411764705882353,0.7142857142857143
5,1,32,0.187438502907753,1.1842749118804932,0.9338235294117647,0.7142857142857143
5,1,33,0.1971089392900467,1.232498049736023,0.8970588235294118,0.7142857142857143
5,1,34,0.16917814314365387,1.2434264421463013,0.9191176470588235,0.6571428571428571
5,1,35,0.17352056503295898,1.2860946655273438,0.9191176470588235,0.6285714285714286
5,1,36,0.18075023591518402,1.2749930620193481,0.9191176470588235,0.7142857142857143
5,1,37,0.16062693297863007,1.3196790218353271,0.9191176470588235,0.7428571428571429
5,1,38,0.20139147341251373,1.4487602710723877,0.8897058823529411,0.6
5,1,39,0.14646828174591064,1.3680096864700317,0.9191176470588235,0.7142857142857143
5,1,40,0.1764855682849884,1.4024932384490967,0.9191176470588235,0.7142857142857143
5,1,41,0.14549218118190765,1.3489137887954712,0.9264705882352942,0.6857142857142857
5,1,42,0.17030420899391174,1.475211262702942,0.9411764705882353,0.6571428571428571
5,1,43,0.14699439704418182,1.45111882686615,0.9411764705882353,0.7142857142857143
5,1,44,0.15844391286373138,1.4844332933425903,0.9191176470588235,0.6571428571428571
5,1,45,0.15468914806842804,1.5502943992614746,0.9191176470588235,0.6857142857142857
5,1,46,0.1358507126569748,1.5844398736953735,0.9411764705882353,0.6285714285714286
5,1,47,0.14605234563350677,1.6449588537216187,0.9191176470588235,0.5714285714285714
5,1,48,0.13566246628761292,1.6588046550750732,0.9338235294117647,0.6571428571428571
5,1,49,0.1364849954843521,1.655405879020691,0.9411764705882353,0.6571428571428571
5,1,50,0.13020817935466766,1.6216950416564941,0.9338235294117647,0.6571428571428571
5,1,51,0.13028977811336517,1.6209521293640137,0.9338235294117647,0.6857142857142857
5,1,52,0.128419429063797,1.6594550609588623,0.9338235294117647,0.6571428571428571
5,1,53,0.13044780492782593,1.705229640007019,0.9338235294117647,0.6571428571428571
5,1,54,0.1288474053144455,1.7424359321594238,0.9338235294117647,0.6571428571428571
5,1,55,0.1186743751168251,1.7701176404953003,0.9411764705882353,0.7142857142857143
5,1,56,0.11941225081682205,1.8203482627868652,0.9411764705882353,0.7142857142857143
5,1,57,0.11506843566894531,1.8723533153533936,0.9411764705882353,0.6571428571428571
5,1,58,0.1179773136973381,1.9116650819778442,0.9411764705882353,0.6571428571428571
5,1,59,0.11127254366874695,1.9175140857696533,0.9558823529411765,0.6571428571428571
5,1,60,0.11563699692487717,1.9156171083450317,0.9558823529411765,0.6857142857142857
5,1,61,0.11011595278978348,1.906285047531128,0.9411764705882353,0.7142857142857143
5,1,62,0.11282496154308319,1.926474690437317,0.9338235294117647,0.7142857142857143
5,1,63,0.11916452646255493,1.9463348388671875,0.9411764705882353,0.7142857142857143
5,1,64,0.11177501827478409,1.9703963994979858,0.9411764705882353,0.7142857142857143
5,1,65,0.10516764223575592,2.004564046859741,0.9485294117647058,0.6571428571428571
5,1,66,0.11967600136995316,2.0717356204986572,0.9264705882352942,0.6857142857142857
5,1,67,0.10247572511434555,2.0859622955322266,0.9705882352941176,0.6571428571428571
5,1,68,0.10515827685594559,2.127650737762451,0.9705882352941176,0.5714285714285714
5,1,69,0.10481051355600357,2.1289920806884766,0.9485294117647058,0.6571428571428571
5,1,70,0.10786730796098709,2.137011766433716,0.9485294117647058,0.6857142857142857
5,1,71,0.10656536370515823,2.1681149005889893,0.9558823529411765,0.6285714285714286
5,1,72,0.10016419738531113,2.168534994125366,0.9485294117647058,0.6571428571428571
5,1,73,0.10590366274118423,2.1714131832122803,0.9485294117647058,0.6571428571428571
5,1,74,0.10806926339864731,2.212827444076538,0.9338235294117647,0.7142857142857143
5,1,75,0.11359948664903641,2.265587091445923,0.9558823529411765,0.5428571428571428
5,1,76,0.09865088015794754,2.2891197204589844,0.9558823529411765,0.5714285714285714
5,1,77,0.10745591670274734,2.336867094039917,0.9485294117647058,0.6571428571428571
5,1,78,0.11990471184253693,2.356283664703369,0.9485294117647058,0.6571428571428571
5,1,79,0.11239215731620789,2.2966082096099854,0.9411764705882353,0.6857142857142857
5,1,80,0.10884178429841995,2.246095895767212,0.9558823529411765,0.6571428571428571
5,1,81,0.09842287003993988,2.191984176635742,0.9485294117647058,0.6571428571428571
5,1,82,0.10138344764709473,2.1728272438049316,0.9558823529411765,0.7142857142857143
5,1,83,0.09726942330598831,2.171525001525879,0.9558823529411765,0.6857142857142857
5,1,84,0.09458667784929276,2.170626401901245,0.9558823529411765,0.6857142857142857
5,1,85,0.09445545077323914,2.1864187717437744,0.9558823529411765,0.6857142857142857
5,1,86,0.09145493060350418,2.2635440826416016,0.9558823529411765,0.6285714285714286
5,1,87,0.09099321067333221,2.2794108390808105,0.9558823529411765,0.6857142857142857
5,1,88,0.09232630580663681,2.2832369804382324,0.9558823529411765,0.6857142857142857
5,1,89,0.09169887751340866,2.302563428878784,0.9632352941176471,0.6857142857142857
5,1,90,0.08436818420886993,2.377509117126465,0.9632352941176471,0.6857142857142857
5,1,91,0.10631456226110458,2.441549301147461,0.9411764705882353,0.7142857142857143
5,1,92,0.0812913104891777,2.3920507431030273,0.9705882352941176,0.7142857142857143
5,1,93,0.08667562901973724,2.4773261547088623,0.9705882352941176,0.6
5,1,94,0.0806812196969986,2.476722478866577,0.9779411764705882,0.6571428571428571
5,1,95,0.10284239798784256,2.4586644172668457,0.9485294117647058,0.6857142857142857
5,1,96,0.08360693603754044,2.5121865272521973,0.9705882352941176,0.6571428571428571
5,1,97,0.08653527498245239,2.549504518508911,0.9632352941176471,0.6285714285714286
5,1,98,0.07628502696752548,2.5016558170318604,0.9779411764705882,0.6857142857142857
5,1,99,0.09838926047086716,2.6027286052703857,0.9411764705882353,0.6857142857142857
5,1,100,0.08261678367853165,2.624406337738037,0.9926470588235294,0.6285714285714286
5,2,1,1.1097080707550049,1.1130177974700928,0.7226277372262774,0.7352941176470589
5,2,2,0.7172934412956238,0.7174102663993835,0.3284671532846715,0.29411764705882354
5,2,3,0.6849620342254639,0.6877769231796265,0.6204379562043796,0.5294117647058824
5,2,4,0.6549776196479797,0.6569238305091858,0.7226277372262774,0.7352941176470589
5,2,5,0.6263940930366516,0.6273645758628845,0.7226277372262774,0.7352941176470589
5,2,6,0.595276415348053,0.5969988107681274,0.7226277372262774,0.7352941176470589
5,2,7,0.5748912692070007,0.5788014531135559,0.7226277372262774,0.7352941176470589
5,2,8,0.5766229629516602,0.5865866541862488,0.7226277372262774,0.7352941176470589
5,2,9,0.5649954080581665,0.5832218527793884,0.7226277372262774,0.7352941176470589
5,2,10,0.5402733087539673,0.5664880275726318,0.7226277372262774,0.7352941176470589
5,2,11,0.522818922996521,0.554702639579773,0.7226277372262774,0.7352941176470589
5,2,12,0.5104718804359436,0.5492141842842102,0.7226277372262774,0.7352941176470589
5,2,13,0.49464428424835205,0.5424526929855347,0.7226277372262774,0.7352941176470589
5,2,14,0.48086413741111755,0.5397442579269409,0.7226277372262774,0.7352941176470589
5,2,15,0.46758410334587097,0.5378508567810059,0.7299270072992701,0.7352941176470589
5,2,16,0.44658422470092773,0.5264258980751038,0.7299270072992701,0.7352941176470589
5,2,17,0.43457266688346863,0.5245572328567505,0.7956204379562044,0.7058823529411765
5,2,18,0.4194316565990448,0.5298171639442444,0.8394160583941606,0.7352941176470589
5,2,19,0.4042504131793976,0.5490427017211914,0.8102189781021898,0.7058823529411765
5,2,20,0.3829389810562134,0.5650977492332458,0.8540145985401459,0.7352941176470589
5,2,21,0.3664794862270355,0.5812798738479614,0.8540145985401459,0.7352941176470589
5,2,22,0.35038551688194275,0.6083927750587463,0.8467153284671532,0.7352941176470589
5,2,23,0.3381996750831604,0.6498109698295593,0.8540145985401459,0.7352941176470589
5,2,24,0.3153943717479706,0.6696935296058655,0.8832116788321168,0.7352941176470589
5,2,25,0.2995173931121826,0.7009658813476562,0.8905109489051095,0.7058823529411765
5,2,26,0.2832569181919098,0.7367140650749207,0.8978102189781022,0.7352941176470589
5,2,27,0.27056288719177246,0.7816118597984314,0.8978102189781022,0.7647058823529411
5,2,28,0.2603326439857483,0.8245477080345154,0.8978102189781022,0.7352941176470589
5,2,29,0.23860998451709747,0.8433289527893066,0.9124087591240876,0.7058823529411765
5,2,30,0.22734108567237854,0.879207193851471,0.927007299270073,0.7058823529411765
5,2,31,0.28648191690444946,0.9867039918899536,0.9124087591240876,0.7352941176470589
5,2,32,0.2101442664861679,0.9097437858581543,0.9343065693430657,0.7058823529411765
5,2,33,0.19996796548366547,0.9327410459518433,0.9343065693430657,0.7352941176470589
5,2,34,0.2123461812734604,0.9826114773750305,0.9416058394160584,0.7058823529411765
5,2,35,0.18817806243896484,0.9645851254463196,0.9343065693430657,0.7352941176470589
5,2,36,0.17442113161087036,0.9658036828041077,0.9343065693430657,0.7058823529411765
5,2,37,0.16320982575416565,0.9584869146347046,0.9343065693430657,0.7058823529411765
5,2,38,0.16693958640098572,0.9665313363075256,0.9416058394160584,0.7941176470588235
5,2,39,0.16228879988193512,0.9724142551422119,0.948905109489051,0.7647058823529411
5,2,40,0.15225869417190552,0.9650754332542419,0.948905109489051,0.7352941176470589
5,2,41,0.15121228992938995,0.9940890073776245,0.9416058394160584,0.7352941176470589
5,2,42,0.14332465827465057,1.0282858610153198,0.9416058394160584,0.7352941176470589
5,2,43,0.1435350626707077,1.0376728773117065,0.9416058394160584,0.7352941176470589
5,2,44,0.13318698108196259,1.0332542657852173,0.9343065693430657,0.7352941176470589
5,2,45,0.13222581148147583,1.0482120513916016,0.9416058394160584,0.7352941176470589
5,2,46,0.12237832695245743,1.055364966392517,0.948905109489051,0.7647058823529411
5,2,47,0.12187594175338745,1.0727183818817139,0.9416058394160584,0.7058823529411765
5,2,48,0.11948837339878082,1.0645729303359985,0.9562043795620438,0.7058823529411765
5,2,49,0.12263128161430359,1.103569507598877,0.9416058394160584,0.7647058823529411
5,2,50,0.1204681396484375,1.1247172355651855,0.9416058394160584,0.7352941176470589
5,2,51,0.10931484401226044,1.1281601190567017,0.9562043795620438,0.7058823529411765
5,2,52,0.10291003435850143,1.1497313976287842,0.9635036496350365,0.7058823529411765
5,2,53,0.11883252114057541,1.2105785608291626,0.9416058394160584,0.7352941176470589
5,2,54,0.09909530729055405,1.2024762630462646,0.948905109489051,0.7058823529411765
5,2,55,0.10450205206871033,1.2035034894943237,0.9708029197080292,0.7352941176470589
5,2,56,0.0935184583067894,1.2066508531570435,0.9708029197080292,0.7647058823529411
5,2,57,0.10927169770002365,1.2875919342041016,0.948905109489051,0.7647058823529411
5,2,58,0.08606710284948349,1.246777892112732,0.9708029197080292,0.7647058823529411
5,2,59,0.08517687022686005,1.2922717332839966,0.9708029197080292,0.7352941176470589
5,2,60,0.09140699356794357,1.3046302795410156,0.948905109489051,0.7058823529411765
5,2,61,0.08077532798051834,1.3073793649673462,0.9854014598540146,0.7058823529411765
5,2,62,0.08625002950429916,1.3016177415847778,0.9708029197080292,0.7352941176470589
5,2,63,0.08253051340579987,1.3471132516860962,0.9708029197080292,0.7647058823529411
5,2,64,0.07496755570173264,1.3968983888626099,0.9708029197080292,0.7352941176470589
5,2,65,0.07457277923822403,1.443532109260559,0.9708029197080292,0.7352941176470589
5,2,66,0.12918905913829803,1.5742199420928955,0.9416058394160584,0.7647058823529411
5,2,67,0.08610422909259796,1.5314297676086426,0.9635036496350365,0.7647058823529411
5,2,68,0.09956543892621994,1.492766261100769,0.9781021897810219,0.7058823529411765
5,2,69,0.09893514961004257,1.5675296783447266,0.9562043795620438,0.7352941176470589
5,2,70,0.11318730562925339,1.5658354759216309,0.948905109489051,0.7647058823529411
5,2,71,0.08723796159029007,1.473258137702942,0.9635036496350365,0.7647058823529411
5,2,72,0.08220305293798447,1.4637843370437622,0.9781021897810219,0.7058823529411765
5,2,73,0.07725612819194794,1.5017335414886475,0.9635036496350365,0.7352941176470589
5,2,74,0.11021000146865845,1.5634708404541016,0.9416058394160584,0.7647058823529411
5,2,75,0.0751405730843544,1.5244905948638916,0.9635036496350365,0.7352941176470589
5,2,76,0.06942659616470337,1.4882633686065674,0.9781021897810219,0.7352941176470589
5,2,77,0.07401448488235474,1.4975543022155762,0.9635036496350365,0.7352941176470589
5,2,78,0.08894352614879608,1.5221647024154663,0.9635036496350365,0.7352941176470589
5,2,79,0.0728563591837883,1.485291600227356,0.9781021897810219,0.7647058823529411
5,2,80,0.06858900934457779,1.4794059991836548,0.9854014598540146,0.7352941176470589
5,2,81,0.07870718091726303,1.5236468315124512,0.9635036496350365,0.7941176470588235
5,2,82,0.0910441130399704,1.5325617790222168,0.948905109489051,0.7352941176470589
5,2,83,0.07442016899585724,1.5733561515808105,0.9635036496350365,0.7058823529411765
5,2,84,0.0817229300737381,1.5876429080963135,0.9781021897810219,0.6764705882352942
5,2,85,0.07553231716156006,1.5209429264068604,0.9562043795620438,0.7352941176470589
5,2,86,0.09257408231496811,1.542884349822998,0.9416058394160584,0.7941176470588235
5,2,87,0.07065576314926147,1.510249137878418,0.9781021897810219,0.7058823529411765
5,2,88,0.06687473505735397,1.52873694896698,0.9708029197080292,0.7352941176470589
5,2,89,0.06974530220031738,1.5647252798080444,0.9635036496350365,0.7352941176470589
5,2,90,0.07122814655303955,1.5971471071243286,0.9635036496350365,0.7352941176470589
5,2,91,0.07040507346391678,1.621825098991394,0.9708029197080292,0.7647058823529411
5,2,92,0.07545200735330582,1.6556226015090942,0.9635036496350365,0.7647058823529411
5,2,93,0.056996900588274,1.639440655708313,0.9708029197080292,0.7058823529411765
5,2,94,0.07289696484804153,1.6491492986679077,0.9708029197080292,0.6764705882352942
5,2,95,0.056944090873003006,1.6501665115356445,0.9854014598540146,0.7352941176470589
5,2,96,0.06974519044160843,1.713890552520752,0.9562043795620438,0.7647058823529411
5,2,97,0.058020561933517456,1.7435520887374878,0.9781021897810219,0.7352941176470589
5,2,98,0.05917554721236229,1.7764551639556885,0.9781021897810219,0.7058823529411765
5,2,99,0.06225219741463661,1.8216662406921387,0.9708029197080292,0.7058823529411765
5,2,100,0.05949777737259865,1.812786340713501,0.9708029197080292,0.7058823529411765
5,3,1,0.9046589732170105,0.9132377505302429,0.7226277372262774,0.7352941176470589
5,3,2,0.7344534397125244,0.740997850894928,0.2773722627737226,0.2647058823529412
5,3,3,0.6775854229927063,0.6800860166549683,0.781021897810219,0.7352941176470589
5,3,4,0.6427416801452637,0.6431933641433716,0.7226277372262774,0.7352941176470589
5,3,5,0.6062486171722412,0.6029631495475769,0.7226277372262774,0.7352941176470589
5,3,6,0.5745602250099182,0.5686469674110413,0.7226277372262774,0.7352941176470589
5,3,7,0.5624234676361084,0.5584139227867126,0.7226277372262774,0.7352941176470589
5,3,8,0.562229335308075,0.5642018914222717,0.7226277372262774,0.7352941176470589
5,3,9,0.5343129634857178,0.539095938205719,0.7445255474452555,0.7352941176470589
5,3,10,0.5104594230651855,0.5192301273345947,0.7664233576642335,0.7352941176470589
5,3,11,0.5038170218467712,0.5213409066200256,0.7737226277372263,0.7647058823529411
5,3,12,0.4711201786994934,0.4900643527507782,0.7737226277372263,0.7352941176470589
5,3,13,0.4700000584125519,0.4990861713886261,0.7664233576642335,0.7352941176470589
5,3,14,0.43331968784332275,0.4532923996448517,0.7883211678832117,0.7352941176470589
5,3,15,0.439804345369339,0.4677794873714447,0.7664233576642335,0.7058823529411765
5,3,16,0.4125414192676544,0.4367566704750061,0.7956204379562044,0.7941176470588235
5,3,17,0.411348819732666,0.43769434094429016,0.8029197080291971,0.7647058823529411
5,3,18,0.3813299238681793,0.40900281071662903,0.8394160583941606,0.7941176470588235
5,3,19,0.37444180250167847,0.4136561453342438,0.8394160583941606,0.8235294117647058
5,3,20,0.36318859457969666,0.3820126950740814,0.8613138686131386,0.7941176470588235
5,3,21,0.353223592042923,0.37235844135284424,0.8540145985401459,0.8235294117647058
5,3,22,0.3377768397331238,0.38310039043426514,0.8686131386861314,0.8823529411764706
5,3,23,0.3228314220905304,0.36985525488853455,0.8832116788321168,0.8823529411764706
5,3,24,0.31461822986602783,0.3660683333873749,0.8686131386861314,0.8823529411764706
5,3,25,0.3001897633075714,0.36128196120262146,0.8832116788321168,0.8823529411764706
5,3,26,0.29004818201065063,0.3590661287307739,0.8905109489051095,0.8529411764705882
5,3,27,0.27830788493156433,0.33409255743026733,0.8905109489051095,0.8823529411764706
5,3,28,0.27030760049819946,0.31785231828689575,0.8978102189781022,0.8823529411764706
5,3,29,0.2584366202354431,0.3432733416557312,0.8978102189781022,0.8235294117647058
5,3,30,0.24246135354042053,0.3018987476825714,0.8978102189781022,0.8823529411764706
5,3,31,0.23367758095264435,0.2863636016845703,0.8978102189781022,0.8823529411764706
5,3,32,0.21418125927448273,0.2981768250465393,0.9197080291970803,0.8235294117647058
5,3,33,0.2050226777791977,0.30485832691192627,0.9197080291970803,0.8235294117647058
5,3,34,0.20355232059955597,0.2790376543998718,0.927007299270073,0.9117647058823529
5,3,35,0.19663524627685547,0.3230820894241333,0.9124087591240876,0.8529411764705882
5,3,36,0.185445636510849,0.322903573513031,0.9197080291970803,0.8823529411764706
5,3,37,0.18037258088588715,0.2999645173549652,0.9343065693430657,0.8529411764705882
5,3,38,0.1824880689382553,0.2919562757015228,0.9343065693430657,0.8235294117647058
5,3,39,0.18041449785232544,0.4616851806640625,0.9416058394160584,0.8529411764705882
5,3,40,0.16791996359825134,0.37183189392089844,0.9124087591240876,0.8235294117647058
5,3,41,0.17629297077655792,0.3101097643375397,0.9124087591240876,0.8529411764705882
5,3,42,0.15632781386375427,0.3203958570957184,0.9343065693430657,0.8823529411764706
5,3,43,0.16439293324947357,0.4820779263973236,0.927007299270073,0.7941176470588235
5,3,44,0.15989308059215546,0.3035321533679962,0.9416058394160584,0.8823529411764706
5,3,45,0.15031923353672028,0.2720310091972351,0.927007299270073,0.9411764705882353
5,3,46,0.14111825823783875,0.3041612505912781,0.948905109489051,0.8529411764705882
5,3,47,0.13253533840179443,0.28541773557662964,0.9635036496350365,0.9117647058823529
5,3,48,0.14026454091072083,0.3601112961769104,0.9197080291970803,0.8823529411764706
5,3,49,0.12944428622722626,0.5543340444564819,0.948905109489051,0.8235294117647058
5,3,50,0.1293572187423706,0.3650701344013214,0.9416058394160584,0.8529411764705882
5,3,51,0.13496612012386322,0.29611092805862427,0.927007299270073,0.8823529411764706
5,3,52,0.13986487686634064,0.2970355749130249,0.9343065693430657,0.8823529411764706
5,3,53,0.11962759494781494,0.26052454113960266,0.9562043795620438,0.9411764705882353
5,3,54,0.11364077776670456,0.3796841502189636,0.9562043795620438,0.8529411764705882
5,3,55,0.14440205693244934,0.3613928556442261,0.9197080291970803,0.8529411764705882
5,3,56,0.1231815293431282,0.4892923831939697,0.9416058394160584,0.8235294117647058
5,3,57,0.17734600603580475,0.9489262700080872,0.8978102189781022,0.7058823529411765
5,3,58,0.2190113216638565,0.2991410493850708,0.9197080291970803,0.8529411764705882
5,3,59,0.29308196902275085,0.586248517036438,0.8832116788321168,0.7941176470588235
5,3,60,0.18623386323451996,0.30372053384780884,0.9197080291970803,0.8529411764705882
5,3,61,0.16873686015605927,0.7759893536567688,0.9197080291970803,0.7941176470588235
5,3,62,0.20932160317897797,1.0723927021026611,0.9051094890510949,0.7647058823529411
5,3,63,0.15894192457199097,0.379682332277298,0.9124087591240876,0.8235294117647058
5,3,64,0.18667086958885193,0.37333664298057556,0.9124087591240876,0.8235294117647058
5,3,65,0.25619935989379883,0.562411367893219,0.8686131386861314,0.7647058823529411
5,3,66,0.1871975213289261,0.375350683927536,0.9051094890510949,0.8235294117647058
5,3,67,0.16650815308094025,0.37623515725135803,0.9124087591240876,0.7941176470588235
5,3,68,0.16915801167488098,0.7087112069129944,0.9197080291970803,0.7352941176470589
5,3,69,0.19656217098236084,1.074770212173462,0.9197080291970803,0.8235294117647058
5,3,70,0.1677202433347702,0.8212320804595947,0.9343065693430657,0.8235294117647058
5,3,71,0.1552463173866272,0.509106457233429,0.927007299270073,0.8235294117647058
5,3,72,0.15219746530056,0.3287915587425232,0.9416058394160584,0.8529411764705882
5,3,73,0.15589016675949097,0.33758068084716797,0.9343065693430657,0.8235294117647058
5,3,74,0.1561245620250702,0.3544052839279175,0.9197080291970803,0.8235294117647058
5,3,75,0.14582067728042603,0.3350563645362854,0.927007299270073,0.8823529411764706
5,3,76,0.13686029613018036,0.3390783965587616,0.927007299270073,0.8823529411764706
5,3,77,0.13804590702056885,0.38343557715415955,0.927007299270073,0.8235294117647058
5,3,78,0.1455247551202774,0.4480995833873749,0.9197080291970803,0.8529411764705882
5,3,79,0.1425575315952301,0.5336513519287109,0.9197080291970803,0.8529411764705882
5,3,80,0.1304447501897812,0.6997718214988708,0.9562043795620438,0.8235294117647058
5,3,81,0.12951859831809998,0.7295001745223999,0.9562043795620438,0.8235294117647058
5,3,82,0.12834537029266357,0.6332870721817017,0.9562043795620438,0.8529411764705882
5,3,83,0.13830550014972687,0.4828583300113678,0.927007299270073,0.8529411764705882
5,3,84,0.13199566304683685,0.4216293394565582,0.948905109489051,0.7941176470588235
5,3,85,0.12302607297897339,0.3823245167732239,0.927007299270073,0.8529411764705882
5,3,86,0.11930730193853378,0.3539815843105316,0.927007299270073,0.8529411764705882
5,3,87,0.11888999491930008,0.3715340793132782,0.9416058394160584,0.8529411764705882
5,3,88,0.11905732750892639,0.38993820548057556,0.9416058394160584,0.8235294117647058
5,3,89,0.11520547419786453,0.4381050765514374,0.948905109489051,0.8235294117647058
5,3,90,0.11372976750135422,0.5013751983642578,0.9635036496350365,0.8529411764705882
5,3,91,0.11242759227752686,0.5348861217498779,0.9562043795620438,0.8529411764705882
5,3,92,0.11065893620252609,0.5817776918411255,0.948905109489051,0.8529411764705882
5,3,93,0.10452989488840103,0.5879284739494324,0.948905109489051,0.8529411764705882
5,3,94,0.1006913036108017,0.5653479099273682,0.9635036496350365,0.8823529411764706
5,3,95,0.09877942502498627,0.5935152173042297,0.9562043795620438,0.8823529411764706
5,3,96,0.10039819777011871,0.6804656386375427,0.9562043795620438,0.8529411764705882
5,3,97,0.09681161493062973,0.6135093569755554,0.9562043795620438,0.8823529411764706
5,3,98,0.10078701376914978,0.5986603498458862,0.9635036496350365,0.8823529411764706
5,3,99,0.09721697121858597,0.5598794221878052,0.9708029197080292,0.8529411764705882
5,3,100,0.08336979150772095,0.5392337441444397,0.9708029197080292,0.8529411764705882
5,4,1,1.1823028326034546,1.0806454420089722,0.7226277372262774,0.7352941176470589
5,4,2,0.6917700171470642,0.6918343901634216,0.4744525547445255,0.5
5,4,3,0.6751306653022766,0.6765975952148438,0.7591240875912408,0.7647058823529411
5,4,4,0.6509164571762085,0.6498825550079346,0.7226277372262774,0.7352941176470589
5,4,5,0.6247883439064026,0.6214457154273987,0.7226277372262774,0.7352941176470589
5,4,6,0.5964934229850769,0.5894821286201477,0.7226277372262774,0.7352941176470589
5,4,7,0.5770772099494934,0.5637376308441162,0.7226277372262774,0.7352941176470589
5,4,8,0.5765610337257385,0.5558040738105774,0.7226277372262774,0.7352941176470589
5,4,9,0.5640230774879456,0.5425462126731873,0.7299270072992701,0.7352941176470589
5,4,10,0.5401250123977661,0.521182119846344,0.7372262773722628,0.7352941176470589
5,4,11,0.5252710580825806,0.5120939016342163,0.7299270072992701,0.7352941176470589
5,4,12,0.5126031637191772,0.4995628893375397,0.7591240875912408,0.7647058823529411
5,4,13,0.4871731400489807,0.4675336182117462,0.7664233576642335,0.7941176470588235
5,4,14,0.47135668992996216,0.4421621859073639,0.7664233576642335,0.7941176470588235
5,4,15,0.4476441740989685,0.41273993253707886,0.781021897810219,0.7941176470588235
5,4,16,0.4394652545452118,0.40037623047828674,0.8102189781021898,0.8529411764705882
5,4,17,0.4235784709453583,0.3746599555015564,0.8175182481751825,0.7941176470588235
5,4,18,0.4068925976753235,0.36077991127967834,0.7956204379562044,0.8235294117647058
5,4,19,0.39217230677604675,0.3525666296482086,0.8102189781021898,0.8235294117647058
5,4,20,0.3782251179218292,0.35081252455711365,0.8321167883211679,0.8529411764705882
5,4,21,0.36747920513153076,0.35800614953041077,0.8321167883211679,0.7941176470588235
5,4,22,0.34835585951805115,0.3565865755081177,0.8540145985401459,0.8235294117647058
5,4,23,0.33452150225639343,0.3638480305671692,0.8613138686131386,0.8529411764705882
5,4,24,0.32197487354278564,0.38071489334106445,0.8832116788321168,0.7941176470588235
5,4,25,0.3083020746707916,0.395437091588974,0.8905109489051095,0.7647058823529411
5,4,26,0.2923502027988434,0.4039664566516876,0.8978102189781022,0.7647058823529411
5,4,27,0.3113815188407898,0.46117815375328064,0.8905109489051095,0.7352941176470589
5,4,28,0.2674546539783478,0.4284091591835022,0.8978102189781022,0.7352941176470589
5,4,29,0.2659706175327301,0.4399603605270386,0.9124087591240876,0.7647058823529411
5,4,30,0.2624053955078125,0.45079904794692993,0.8905109489051095,0.7352941176470589
5,4,31,0.23747526109218597,0.4426143169403076,0.8978102189781022,0.7647058823529411
5,4,32,0.242732435464859,0.4901764392852783,0.9051094890510949,0.7352941176470589
5,4,33,0.22790338099002838,0.4858540892601013,0.9197080291970803,0.7352941176470589
5,4,34,0.23298810422420502,0.511324942111969,0.9197080291970803,0.7058823529411765
5,4,35,0.19805243611335754,0.5168383121490479,0.9051094890510949,0.7647058823529411
5,4,36,0.2165432572364807,0.6072930693626404,0.927007299270073,0.7352941176470589
5,4,37,0.19462710618972778,0.5457251667976379,0.9051094890510949,0.7647058823529411
5,4,38,0.1913904994726181,0.564400315284729,0.9197080291970803,0.7352941176470589
5,4,39,0.1733439564704895,0.616574764251709,0.9124087591240876,0.7647058823529411
5,4,40,0.1707829087972641,0.6738928556442261,0.9197080291970803,0.7352941176470589
5,4,41,0.16294126212596893,0.6302183866500854,0.9343065693430657,0.7352941176470589
5,4,42,0.16357752680778503,0.6451444029808044,0.9416058394160584,0.7058823529411765
5,4,43,0.14890128374099731,0.6852830052375793,0.948905109489051,0.7352941176470589
5,4,44,0.14407922327518463,0.7506119012832642,0.927007299270073,0.7058823529411765
5,4,45,0.14334504306316376,0.7737617492675781,0.9343065693430657,0.7058823529411765
5,4,46,0.1275458186864853,0.8307639956474304,0.9562043795620438,0.7647058823529411
5,4,47,0.1520683318376541,0.7859053015708923,0.9343065693430657,0.7058823529411765
5,4,48,0.11762560158967972,0.8565003871917725,0.9708029197080292,0.7647058823529411
5,4,49,0.1829311102628708,0.8430678844451904,0.9197080291970803,0.7058823529411765
5,4,50,0.12871628999710083,1.0570319890975952,0.9416058394160584,0.7058823529411765
5,4,51,0.12891195714473724,1.0295660495758057,0.9343065693430657,0.7352941176470589
5,4,52,0.14478151500225067,0.9107106328010559,0.9416058394160584,0.6470588235294118
5,4,53,0.10995250195264816,0.8895139098167419,0.9708029197080292,0.6470588235294118
5,4,54,0.10268131643533707,0.8797484040260315,0.9708029197080292,0.6470588235294118
5,4,55,0.10258955508470535,0.9268392324447632,0.9781021897810219,0.6470588235294118
5,4,56,0.10088479518890381,0.9985912442207336,0.9781021897810219,0.7352941176470589
5,4,57,0.10148918628692627,0.9911215305328369,0.9562043795620438,0.6470588235294118
5,4,58,0.10200931876897812,1.0222010612487793,0.9562043795620438,0.6470588235294118
5,4,59,0.09614608436822891,1.0023738145828247,0.9635036496350365,0.6470588235294118
5,4,60,0.09397073835134506,1.0226351022720337,0.9708029197080292,0.7058823529411765
5,4,61,0.09492138773202896,1.0334045886993408,0.9635036496350365,0.6470588235294118
5,4,62,0.1039067953824997,1.0792535543441772,0.948905109489051,0.6470588235294118
5,4,63,0.09954828768968582,1.19425368309021,0.948905109489051,0.7058823529411765
5,4,64,0.1329200714826584,1.1487562656402588,0.948905109489051,0.6470588235294118
5,4,65,0.15059703588485718,1.1526621580123901,0.9416058394160584,0.6764705882352942
5,4,66,0.08905915915966034,1.120965600013733,0.9562043795620438,0.6470588235294118
5,4,67,0.09815583378076553,1.1650080680847168,0.9781021897810219,0.7058823529411765
5,4,68,0.10557503253221512,1.153748631477356,0.948905109489051,0.6764705882352942
5,4,69,0.1101129874587059,1.1896512508392334,0.948905109489051,0.6764705882352942
5,4,70,0.10530219972133636,1.2228230237960815,0.9562043795620438,0.6764705882352942
5,4,71,0.10420306026935577,1.355218529701233,0.9416058394160584,0.6764705882352942
5,4,72,0.09490637481212616,1.1943954229354858,0.9562043795620438,0.7058823529411765
5,4,73,0.08954565972089767,1.1931476593017578,0.9708029197080292,0.6764705882352942
5,4,74,0.08846529573202133,1.2364367246627808,0.9635036496350365,0.6470588235294118
5,4,75,0.08860933780670166,1.2905696630477905,0.9708029197080292,0.6764705882352942
5,4,76,0.0883837416768074,1.3592208623886108,0.9562043795620438,0.6764705882352942
5,4,77,0.08440607786178589,1.443861722946167,0.9708029197080292,0.6470588235294118
5,4,78,0.08293555676937103,1.459046721458435,0.9708029197080292,0.6470588235294118
5,4,79,0.07973581552505493,1.508643388748169,0.9781021897810219,0.6764705882352942
5,4,80,0.07829447835683823,1.4634190797805786,0.9708029197080292,0.6764705882352942
5,4,81,0.0790158063173294,1.461130976676941,0.9708029197080292,0.6470588235294118
5,4,82,0.08359888941049576,1.5132181644439697,0.9854014598540146,0.6764705882352942
5,4,83,0.07554948329925537,1.4972333908081055,0.9635036496350365,0.6764705882352942
5,4,84,0.0752498209476471,1.5113009214401245,0.9635036496350365,0.6470588235294118
5,4,85,0.07771800458431244,1.5864578485488892,0.9854014598540146,0.7058823529411765
5,4,86,0.07164310663938522,1.5633955001831055,0.9635036496350365,0.6470588235294118
5,4,87,0.09162843972444534,1.604582667350769,0.9562043795620438,0.6764705882352942
5,4,88,0.06662577390670776,1.5966968536376953,0.9708029197080292,0.6764705882352942
5,4,89,0.10565980523824692,1.653472900390625,0.927007299270073,0.6764705882352942
5,4,90,0.10790461301803589,1.6297286748886108,0.9562043795620438,0.6764705882352942
5,4,91,0.11955434828996658,1.631730318069458,0.9562043795620438,0.6764705882352942
5,4,92,0.09719205647706985,1.6099239587783813,0.9635036496350365,0.6764705882352942
5,4,93,0.07647024095058441,1.6150709390640259,0.9708029197080292,0.7058823529411765
5,4,94,0.08345616608858109,1.5268254280090332,0.9562043795620438,0.6764705882352942
5,4,95,0.0999077558517456,1.5366599559783936,0.9562043795620438,0.6764705882352942
5,4,96,0.09355705231428146,1.5724626779556274,0.9635036496350365,0.6764705882352942
5,4,97,0.08026640862226486,1.588854432106018,0.9708029197080292,0.6764705882352942
5,4,98,0.06940492242574692,1.6141619682312012,0.9708029197080292,0.6764705882352942
5,4,99,0.08303634077310562,1.607361912727356,0.9562043795620438,0.6764705882352942
5,4,100,0.08671019226312637,1.6010584831237793,0.9562043795620438,0.6764705882352942
5,5,1,0.9607004523277283,1.1227538585662842,0.7299270072992701,0.7058823529411765
5,5,2,0.731541633605957,0.7304206490516663,0.27007299270072993,0.29411764705882354
5,5,3,0.691436767578125,0.6983103156089783,0.5255474452554745,0.4117647058823529
5,5,4,0.6636676788330078,0.6756123900413513,0.7299270072992701,0.7058823529411765
5,5,5,0.6382161974906921,0.6554171442985535,0.7299270072992701,0.7058823529411765
5,5,6,0.6066851019859314,0.6337852478027344,0.7299270072992701,0.7058823529411765
5,5,7,0.5723108649253845,0.6175294518470764,0.7299270072992701,0.7058823529411765
5,5,8,0.5535277128219604,0.6313167214393616,0.7299270072992701,0.7058823529411765
5,5,9,0.5534408688545227,0.6862414479255676,0.7299270072992701,0.7058823529411765
5,5,10,0.5465307831764221,0.7340948581695557,0.7299270072992701,0.7058823529411765
5,5,11,0.5283527374267578,0.7495564222335815,0.7299270072992701,0.7058823529411765
5,5,12,0.5128907561302185,0.7433866858482361,0.7299270072992701,0.7058823529411765
5,5,13,0.5082955360412598,0.7348218560218811,0.7372262773722628,0.7058823529411765
5,5,14,0.5010223984718323,0.7350538969039917,0.7737226277372263,0.6764705882352942
5,5,15,0.48206767439842224,0.7424576878547668,0.7737226277372263,0.6764705882352942
5,5,16,0.46675607562065125,0.7626932263374329,0.7445255474452555,0.7058823529411765
5,5,17,0.460598349571228,0.7902852892875671,0.7445255474452555,0.7058823529411765
5,5,18,0.442210853099823,0.7836216688156128,0.7445255474452555,0.6764705882352942
5,5,19,0.41755935549736023,0.7516385912895203,0.8248175182481752,0.7352941176470589
5,5,20,0.4123634696006775,0.745140790939331,0.8102189781021898,0.7352941176470589
5,5,21,0.3919670879840851,0.7701395153999329,0.8175182481751825,0.7647058823529411
5,5,22,0.3858810067176819,0.8312230110168457,0.8321167883211679,0.7647058823529411
5,5,23,0.37129873037338257,0.8695160150527954,0.8102189781021898,0.7647058823529411
5,5,24,0.3575189709663391,0.8805188536643982,0.8321167883211679,0.7352941176470589
5,5,25,0.3450899124145508,0.9319279789924622,0.8394160583941606,0.7352941176470589
5,5,26,0.3407285213470459,1.030112385749817,0.8467153284671532,0.7352941176470589
5,5,27,0.32484662532806396,1.0505857467651367,0.8613138686131386,0.7352941176470589
5,5,28,0.31077221035957336,1.0654782056808472,0.8686131386861314,0.7058823529411765
5,5,29,0.3001709580421448,1.0613497495651245,0.8613138686131386,0.7058823529411765
5,5,30,0.2878974974155426,1.0997471809387207,0.8759124087591241,0.7058823529411765
5,5,31,0.27432340383529663,1.1680233478546143,0.8832116788321168,0.7058823529411765
5,5,32,0.25928691029548645,1.2033594846725464,0.8832116788321168,0.7058823529411765
5,5,33,0.24614553153514862,1.2573158740997314,0.8905109489051095,0.7058823529411765
5,5,34,0.23201535642147064,1.3131247758865356,0.8978102189781022,0.7058823529411765
5,5,35,0.2269175499677658,1.4002591371536255,0.8978102189781022,0.7058823529411765
5,5,36,0.20875780284404755,1.4450544118881226,0.9124087591240876,0.7058823529411765
5,5,37,0.2006896585226059,1.4719531536102295,0.9051094890510949,0.7058823529411765
5,5,38,0.1863652765750885,1.519920825958252,0.9343065693430657,0.7058823529411765
5,5,39,0.20192669332027435,1.635021686553955,0.9343065693430657,0.7058823529411765
5,5,40,0.17491556704044342,1.6385215520858765,0.9343065693430657,0.7058823529411765
5,5,41,0.1716427356004715,1.6270924806594849,0.9197080291970803,0.6764705882352942
5,5,42,0.15926171839237213,1.6775611639022827,0.9416058394160584,0.7058823529411765
5,5,43,0.15926921367645264,1.7628021240234375,0.9343065693430657,0.7058823529411765
5,5,44,0.1461694836616516,1.7787785530090332,0.9416058394160584,0.7058823529411765
5,5,45,0.14418399333953857,1.7897565364837646,0.927007299270073,0.7058823529411765
5,5,46,0.13359586894512177,1.8477879762649536,0.9416058394160584,0.7058823529411765
5,5,47,0.15073417127132416,1.9428006410598755,0.9416058394160584,0.7058823529411765
5,5,48,0.12422489374876022,1.9099810123443604,0.9416058394160584,0.7058823529411765
5,5,49,0.12554562091827393,1.9450042247772217,0.9343065693430657,0.7352941176470589
5,5,50,0.13328413665294647,2.0246119499206543,0.9416058394160584,0.7058823529411765
5,5,51,0.14158998429775238,2.0575544834136963,0.9416058394160584,0.7058823529411765
5,5,52,0.1164906919002533,2.017362117767334,0.948905109489051,0.7058823529411765
5,5,53,0.1206902414560318,2.011152505874634,0.9343065693430657,0.7352941176470589
5,5,54,0.11607180535793304,2.0113301277160645,0.948905109489051,0.7352941176470589
5,5,55,0.12349811941385269,2.0637009143829346,0.9416058394160584,0.7058823529411765
5,5,56,0.11863627284765244,2.0735788345336914,0.9416058394160584,0.7058823529411765
5,5,57,0.11148818582296371,2.098217010498047,0.948905109489051,0.7058823529411765
5,5,58,0.11071833968162537,2.0945215225219727,0.9416058394160584,0.7058823529411765
5,5,59,0.10934264212846756,2.0986759662628174,0.9416058394160584,0.7352941176470589
5,5,60,0.11619020998477936,2.1107890605926514,0.948905109489051,0.7352941176470589
5,5,61,0.1374492198228836,2.1718790531158447,0.9416058394160584,0.7352941176470589
5,5,62,0.10718020051717758,2.155247449874878,0.948905109489051,0.7352941176470589
5,5,63,0.11595389246940613,2.1830453872680664,0.948905109489051,0.6764705882352942
5,5,64,0.10769519209861755,2.150728702545166,0.948905109489051,0.6764705882352942
5,5,65,0.10972298681735992,2.0926923751831055,0.9635036496350365,0.7352941176470589
5,5,66,0.1387602984905243,2.1298084259033203,0.9343065693430657,0.7058823529411765
5,5,67,0.1342678666114807,2.1171584129333496,0.9416058394160584,0.7058823529411765
5,5,68,0.1168031319975853,2.0791568756103516,0.9416058394160584,0.7352941176470589
5,5,69,0.1102709174156189,2.0746214389801025,0.9635036496350365,0.7058823529411765
5,5,70,0.10687986761331558,2.067669153213501,0.948905109489051,0.7058823529411765
5,5,71,0.10281334072351456,2.0923705101013184,0.9562043795620438,0.7352941176470589
5,5,72,0.10415040701627731,2.133321523666382,0.948905109489051,0.7647058823529411
5,5,73,0.10750789940357208,2.1716339588165283,0.948905109489051,0.7647058823529411
5,5,74,0.10018031299114227,2.1742584705352783,0.948905109489051,0.7647058823529411
5,5,75,0.10429852455854416,2.1336381435394287,0.9635036496350365,0.7352941176470589
5,5,76,0.09916988760232925,2.132070779800415,0.948905109489051,0.7647058823529411
5,5,77,0.10440132766962051,2.1883468627929688,0.9416058394160584,0.7352941176470589
5,5,78,0.09964558482170105,2.210768938064575,0.948905109489051,0.7352941176470589
5,5,79,0.09597337990999222,2.2222518920898438,0.9635036496350365,0.7352941176470589
5,5,80,0.09176599234342575,2.2250478267669678,0.9562043795620438,0.7352941176470589
5,5,81,0.08862241357564926,2.2520384788513184,0.9635036496350365,0.7352941176470589
5,5,82,0.08652188628911972,2.2923521995544434,0.9708029197080292,0.7352941176470589
5,5,83,0.09054136276245117,2.342883348464966,0.9562043795620438,0.7352941176470589
5,5,84,0.08719128370285034,2.3670573234558105,0.9708029197080292,0.7352941176470589
5,5,85,0.08413850516080856,2.3493402004241943,0.9635036496350365,0.7352941176470589
5,5,86,0.08190778642892838,2.341918468475342,0.9708029197080292,0.7352941176470589
5,5,87,0.0801139622926712,2.375065803527832,0.9635036496350365,0.7352941176470589
5,5,88,0.07808709144592285,2.4266982078552246,0.9635036496350365,0.7352941176470589
5,5,89,0.07678945362567902,2.4802699089050293,0.9562043795620438,0.7352941176470589
5,5,90,0.07799415290355682,2.5443193912506104,0.9708029197080292,0.7352941176470589
5,5,91,0.07670596987009048,2.574812412261963,0.9635036496350365,0.7352941176470589
5,5,92,0.07952127605676651,2.5557138919830322,0.9708029197080292,0.7352941176470589
5,5,93,0.0827794000506401,2.58612060546875,0.9635036496350365,0.7058823529411765
5,5,94,0.07813693583011627,2.686112403869629,0.9708029197080292,0.7352941176470589
5,5,95,0.08628496527671814,2.7428557872772217,0.9635036496350365,0.7352941176470589
5,5,96,0.07838179171085358,2.707273244857788,0.9635036496350365,0.7058823529411765
5,5,97,0.07253905385732651,2.7265753746032715,0.9635036496350365,0.7058823529411765
5,5,98,0.08576798439025879,2.7796967029571533,0.948905109489051,0.7352941176470589
5,5,99,0.07683993130922318,2.7749719619750977,0.948905109489051,0.7352941176470589
5,5,100,0.07196377962827682,2.7950382232666016,0.9781021897810219,0.6764705882352942
