repeat,fold,epoch,train_loss,val_loss,train_acc,val_acc
1,1,1,0.7377201318740845,0.7796628475189209,0.7279411764705882,0.7142857142857143
1,1,2,0.6357538104057312,0.6406171917915344,0.7279411764705882,0.7142857142857143
1,1,3,0.6508827209472656,0.6541329622268677,0.7279411764705882,0.7142857142857143
1,1,4,0.621903121471405,0.628790557384491,0.7279411764705882,0.7142857142857143
1,1,5,0.5910743474960327,0.6032890677452087,0.7279411764705882,0.7142857142857143
1,1,6,0.5799602270126343,0.599755585193634,0.7279411764705882,0.7142857142857143
1,1,7,0.5972073674201965,0.6240572333335876,0.7279411764705882,0.7142857142857143
1,1,8,0.5994284152984619,0.6273179054260254,0.7279411764705882,0.7142857142857143
1,1,9,0.5840112566947937,0.6084331274032593,0.7279411764705882,0.7142857142857143
1,1,10,0.5738322138786316,0.5933250784873962,0.7279411764705882,0.7142857142857143
1,1,11,0.5750513672828674,0.5904727578163147,0.7279411764705882,0.7142857142857143
1,1,12,0.5795016884803772,0.5925815105438232,0.7279411764705882,0.7142857142857143
1,1,13,0.5791836977005005,0.5917924046516418,0.7279411764705882,0.7142857142857143
1,1,14,0.5739350914955139,0.5875145792961121,0.7279411764705882,0.7142857142857143
1,1,15,0.566837728023529,0.5827024579048157,0.7279411764705882,0.7142857142857143
1,1,16,0.5621734857559204,0.5813830494880676,0.7279411764705882,0.7142857142857143
1,1,17,0.5621519684791565,0.584716796875,0.7279411764705882,0.7142857142857143
1,1,18,0.5627949237823486,0.5875680446624756,0.7279411764705882,0.7142857142857143
1,1,19,0.558569610118866,0.5832591652870178,0.7279411764705882,0.7142857142857143
1,1,20,0.5517160892486572,0.5744147300720215,0.7279411764705882,0.7142857142857143
1,1,21,0.5476543307304382,0.567017674446106,0.7279411764705882,0.7142857142857143
1,1,22,0.5472872257232666,0.5638499855995178,0.7279411764705882,0.7142857142857143
1,1,23,0.5455420017242432,0.5609935522079468,0.7279411764705882,0.7142857142857143
1,1,24,0.5386182069778442,0.5557742714881897,0.7279411764705882,0.7142857142857143
1,1,25,0.530344545841217,0.552320659160614,0.7279411764705882,0.7142857142857143
1,1,26,0.527156412601471,0.5553357005119324,0.7279411764705882,0.7142857142857143
1,1,27,0.5243561863899231,0.556623637676239,0.7279411764705882,0.7142857142857143
1,1,28,0.5161887407302856,0.5474214553833008,0.7279411764705882,0.7142857142857143
1,1,29,0.5101615786552429,0.5353740453720093,0.7279411764705882,0.7142857142857143
1,1,30,0.5080380439758301,0.5298360586166382,0.7279411764705882,0.7142857142857143
1,1,31,0.4977644681930542,0.5263556241989136,0.7279411764705882,0.7142857142857143
1,1,32,0.48939698934555054,0.5332083702087402,0.7279411764705882,0.7142857142857143
1,1,33,0.48516717553138733,0.5407174229621887,0.7279411764705882,0.7142857142857143
1,1,34,0.474949449300766,0.5256484746932983,0.7279411764705882,0.7142857142857143
1,1,35,0.4700672924518585,0.511551022529602,0.7279411764705882,0.7142857142857143
1,1,36,0.45976024866104126,0.5157027840614319,0.7279411764705882,0.7142857142857143
1,1,37,0.4550243318080902,0.5389668345451355,0.7279411764705882,0.7142857142857143
1,1,38,0.444487065076828,0.5326223373413086,0.7279411764705882,0.7142857142857143
1,1,39,0.4376237988471985,0.5077955722808838,0.7720588235294118,0.7428571428571429
1,1,40,0.427060604095459,0.5244160890579224,0.7647058823529411,0.7428571428571429
1,1,41,0.41875767707824707,0.5430890917778015,0.7573529411764706,0.7428571428571429
1,1,42,0.4088338315486908,0.5357593894004822,0.7867647058823529,0.7714285714285715
1,1,43,0.4000818133354187,0.5329372882843018,0.7941176470588235,0.7714285714285715
1,1,44,0.388357937335968,0.5521069169044495,0.8014705882352942,0.7714285714285715
1,1,45,0.3785264790058136,0.5739001631736755,0.7941176470588235,0.7714285714285715
1,1,46,0.3807718753814697,0.5206806063652039,0.8235294117647058,0.7428571428571429
1,1,47,0.4060284197330475,0.7135661244392395,0.7867647058823529,0.7428571428571429
1,1,48,0.3446706235408783,0.5578397512435913,0.8529411764705882,0.7714285714285715
1,1,49,0.36326348781585693,0.5381562113761902,0.8308823529411765,0.7142857142857143
1,1,50,0.40249258279800415,0.776498556137085,0.8014705882352942,0.7428571428571429
1,1,51,0.3247881829738617,0.6162749528884888,0.8676470588235294,0.8
1,1,52,0.3720628023147583,0.5537119507789612,0.8161764705882353,0.7142857142857143
1,1,53,0.32753854990005493,0.6588687300682068,0.8676470588235294,0.8
1,1,54,0.343004435300827,0.7177782654762268,0.8161764705882353,0.8
1,1,55,0.31221237778663635,0.5787492990493774,0.8602941176470589,0.7428571428571429
1,1,56,0.3129849135875702,0.5760968923568726,0.8529411764705882,0.7428571428571429
1,1,57,0.3183155953884125,0.7034167647361755,0.8602941176470589,0.8285714285714286
1,1,58,0.2970832884311676,0.6615310907363892,0.8676470588235294,0.8
1,1,59,0.298103392124176,0.5783039331436157,0.875,0.7428571428571429
1,1,60,0.28552696108818054,0.6370809078216553,0.875,0.8
1,1,61,0.30732327699661255,0.724335789680481,0.8529411764705882,0.8285714285714286
1,1,62,0.27719879150390625,0.6037989258766174,0.875,0.7428571428571429
1,1,63,0.27186858654022217,0.6116801500320435,0.8823529411764706,0.7428571428571429
1,1,64,0.28658998012542725,0.7451912760734558,0.8676470588235294,0.8285714285714286
1,1,65,0.25891631841659546,0.6673532724380493,0.8823529411764706,0.8285714285714286
1,1,66,0.2719443142414093,0.613419771194458,0.8970588235294118,0.7142857142857143
1,1,67,0.26340433955192566,0.7306516170501709,0.8676470588235294,0.8285714285714286
1,1,68,0.26328277587890625,0.7470678687095642,0.8602941176470589,0.8
1,1,69,0.2555598318576813,0.6094440221786499,0.8970588235294118,0.7142857142857143
1,1,70,0.24083827435970306,0.6923742294311523,0.875,0.8285714285714286
1,1,71,0.2709796130657196,0.7933831214904785,0.8676470588235294,0.7714285714285715
1,1,72,0.24117273092269897,0.623929500579834,0.9044117647058824,0.7428571428571429
1,1,73,0.23375952243804932,0.6344744563102722,0.9044117647058824,0.7428571428571429
1,1,74,0.26012465357780457,0.7875798940658569,0.8602941176470589,0.8
1,1,75,0.22347459197044373,0.7032520174980164,0.8970588235294118,0.8285714285714286
1,1,76,0.2658884525299072,0.5834490060806274,0.8970588235294118,0.7142857142857143
1,1,77,0.24484656751155853,0.7581650614738464,0.8676470588235294,0.7714285714285715
1,1,78,0.21975506842136383,0.7048564553260803,0.9044117647058824,0.8285714285714286
1,1,79,0.2302411049604416,0.6090784668922424,0.9117647058823529,0.7714285714285715
1,1,80,0.2103787362575531,0.7299874424934387,0.9117647058823529,0.8
1,1,81,0.2306477427482605,0.8032143712043762,0.8970588235294118,0.8285714285714286
1,1,82,0.21024318039417267,0.6556437015533447,0.9117647058823529,0.7714285714285715
1,1,83,0.2009708136320114,0.6524852514266968,0.9191176470588235,0.8
1,1,84,0.21023108065128326,0.7602253556251526,0.9191176470588235,0.8285714285714286
1,1,85,0.19029152393341064,0.7032793760299683,0.9264705882352942,0.8
1,1,86,0.19692575931549072,0.6356142163276672,0.9191176470588235,0.8285714285714286
1,1,87,0.1813008338212967,0.6921178698539734,0.9338235294117647,0.7714285714285715
1,1,88,0.22840338945388794,0.8985679745674133,0.875,0.7428571428571429
1,1,89,0.17751730978488922,0.6924052834510803,0.9191176470588235,0.8285714285714286
1,1,90,0.1682533621788025,0.7111776471138,0.9485294117647058,0.7714285714285715
1,1,91,0.18062171339988708,0.8009615540504456,0.9264705882352942,0.7714285714285715
1,1,92,0.1798713207244873,0.6601088643074036,0.9264705882352942,0.8
1,1,93,0.16106340289115906,0.7586881518363953,0.9485294117647058,0.7714285714285715
1,1,94,0.19284547865390778,0.9125158190727234,0.9191176470588235,0.8
1,1,95,0.1597636342048645,0.7350912690162659,0.9191176470588235,0.8285714285714286
1,1,96,0.15668538212776184,0.7325526475906372,0.9264705882352942,0.8
1,1,97,0.19944092631340027,0.9407930970191956,0.8970588235294118,0.8
1,1,98,0.14386460185050964,0.751589834690094,0.9632352941176471,0.7714285714285715
1,1,99,0.16604477167129517,0.675264298915863,0.9338235294117647,0.8
1,1,100,0.16580989956855774,0.8552799820899963,0.9264705882352942,0.8
1,2,1,0.7940553426742554,0.765415370464325,0.7226277372262774,0.7352941176470589
1,2,2,0.6310600638389587,0.629347562789917,0.7226277372262774,0.7352941176470589
1,2,3,0.6552637219429016,0.6553714275360107,0.7226277372262774,0.7352941176470589
1,2,4,0.6329300999641418,0.6320579648017883,0.7226277372262774,0.7352941176470589
1,2,5,0.6039045453071594,0.6008695960044861,0.7226277372262774,0.7352941176470589
1,2,6,0.5841740369796753,0.5781222581863403,0.7226277372262774,0.7352941176470589
1,2,7,0.5912536978721619,0.5809437036514282,0.7226277372262774,0.7352941176470589
1,2,8,0.5990326404571533,0.5875067114830017,0.7226277372262774,0.7352941176470589
1,2,9,0.5865492820739746,0.5775986909866333,0.7226277372262774,0.7352941176470589
1,2,10,0.575680136680603,0.5705814361572266,0.7226277372262774,0.7352941176470589
1,2,11,0.5754095315933228,0.5737996101379395,0.7226277372262774,0.7352941176470589
1,2,12,0.5790519118309021,0.5798637270927429,0.7226277372262774,0.7352941176470589
1,2,13,0.5780780911445618,0.5806146264076233,0.7226277372262774,0.7352941176470589
1,2,14,0.5707964897155762,0.5745109915733337,0.7226277372262774,0.7352941176470589
1,2,15,0.5620275735855103,0.5662781000137329,0.7226277372262774,0.7352941176470589
1,2,16,0.5575705170631409,0.5613057613372803,0.7226277372262774,0.7352941176470589
1,2,17,0.5580295324325562,0.5609622597694397,0.7226277372262774,0.7352941176470589
1,2,18,0.5559908151626587,0.5598395466804504,0.7226277372262774,0.7352941176470589
1,2,19,0.5482862591743469,0.5552687644958496,0.7226277372262774,0.7352941176470589
1,2,20,0.5406520962715149,0.5517304539680481,0.7226277372262774,0.7352941176470589
1,2,21,0.5381773710250854,0.5526922941207886,0.7226277372262774,0.7352941176470589
1,2,22,0.5351132750511169,0.5527545213699341,0.7226277372262774,0.7352941176470589
1,2,23,0.5267593860626221,0.5473273992538452,0.7226277372262774,0.7352941176470589
1,2,24,0.5191932320594788,0.5416262745857239,0.7226277372262774,0.7352941176470589
1,2,25,0.5185103416442871,0.5412458181381226,0.7226277372262774,0.7352941176470589
1,2,26,0.5117595195770264,0.5373756885528564,0.7226277372262774,0.7352941176470589
1,2,27,0.5030154585838318,0.531316876411438,0.7226277372262774,0.7352941176470589
1,2,28,0.5042315721511841,0.5330482721328735,0.7445255474452555,0.6764705882352942
1,2,29,0.49835437536239624,0.5288689732551575,0.7591240875912408,0.6470588235294118
1,2,30,0.4888591170310974,0.5203825235366821,0.7445255474452555,0.6764705882352942
1,2,31,0.48887768387794495,0.5200533270835876,0.7372262773722628,0.7058823529411765
1,2,32,0.4793505072593689,0.5141112804412842,0.7445255474452555,0.6764705882352942
1,2,33,0.4739260673522949,0.5130101442337036,0.7883211678832117,0.6764705882352942
1,2,34,0.47189831733703613,0.5135483145713806,0.7737226277372263,0.6470588235294118
1,2,35,0.46230459213256836,0.5035769939422607,0.781021897810219,0.6764705882352942
1,2,36,0.46311765909194946,0.5038796663284302,0.7664233576642335,0.6764705882352942
1,2,37,0.45041942596435547,0.4961607754230499,0.781021897810219,0.7058823529411765
1,2,38,0.4504532516002655,0.5010271668434143,0.7664233576642335,0.6470588235294118
1,2,39,0.44062209129333496,0.4904015362262726,0.7664233576642335,0.6470588235294118
1,2,40,0.44179466366767883,0.48821231722831726,0.7883211678832117,0.7058823529411765
1,2,41,0.43014082312583923,0.4821472764015198,0.7664233576642335,0.7058823529411765
1,2,42,0.42702656984329224,0.48590901494026184,0.781021897810219,0.7352941176470589
1,2,43,0.42190030217170715,0.4773842394351959,0.7883211678832117,0.7352941176470589
1,2,44,0.4128423035144806,0.472500741481781,0.7956204379562044,0.7058823529411765
1,2,45,0.40470656752586365,0.4761832654476166,0.7737226277372263,0.7058823529411765
1,2,46,0.3977590501308441,0.47045591473579407,0.8029197080291971,0.7352941176470589
1,2,47,0.3883534371852875,0.470001220703125,0.8029197080291971,0.7352941176470589
1,2,48,0.3803030252456665,0.47497788071632385,0.7664233576642335,0.6764705882352942
1,2,49,0.3738585114479065,0.4718010425567627,0.7883211678832117,0.6764705882352942
1,2,50,0.3665567636489868,0.4622234106063843,0.8102189781021898,0.7352941176470589
1,2,51,0.3562254011631012,0.4668556749820709,0.8175182481751825,0.6764705882352942
1,2,52,0.3492167592048645,0.4771774113178253,0.8029197080291971,0.6764705882352942
1,2,53,0.35960617661476135,0.45590484142303467,0.8029197080291971,0.7352941176470589
1,2,54,0.3918926417827606,0.5743651986122131,0.8102189781021898,0.6764705882352942
1,2,55,0.40420645475387573,0.4770694077014923,0.8029197080291971,0.7941176470588235
1,2,56,0.3572513461112976,0.4535887539386749,0.8175182481751825,0.7352941176470589
1,2,57,0.39475372433662415,0.5907394886016846,0.8248175182481752,0.6470588235294118
1,2,58,0.322725385427475,0.4643993079662323,0.8248175182481752,0.7058823529411765
1,2,59,0.40588316321372986,0.492251455783844,0.8029197080291971,0.7941176470588235
1,2,60,0.31394803524017334,0.4530572295188904,0.8394160583941606,0.7058823529411765
1,2,61,0.35483357310295105,0.5457385778427124,0.8321167883211679,0.6764705882352942
1,2,62,0.31270158290863037,0.46256282925605774,0.8686131386861314,0.7058823529411765
1,2,63,0.3520720899105072,0.4474745988845825,0.8175182481751825,0.7647058823529411
1,2,64,0.30641376972198486,0.4328330457210541,0.8467153284671532,0.7058823529411765
1,2,65,0.3161158561706543,0.489317387342453,0.8540145985401459,0.7058823529411765
1,2,66,0.2978702485561371,0.4366303086280823,0.8686131386861314,0.7352941176470589
1,2,67,0.33549341559410095,0.4436580240726471,0.8175182481751825,0.7941176470588235
1,2,68,0.2873478829860687,0.4466894865036011,0.8759124087591241,0.7058823529411765
1,2,69,0.3125215470790863,0.5126374363899231,0.8613138686131386,0.7352941176470589
1,2,70,0.2871983051300049,0.42773497104644775,0.8613138686131386,0.7352941176470589
1,2,71,0.30723142623901367,0.42864009737968445,0.8467153284671532,0.7941176470588235
1,2,72,0.2715921998023987,0.43811750411987305,0.8832116788321168,0.7352941176470589
1,2,73,0.2725353240966797,0.4557030498981476,0.8905109489051095,0.7352941176470589
1,2,74,0.2758827805519104,0.40912988781929016,0.8686131386861314,0.7647058823529411
1,2,75,0.26699861884117126,0.40810301899909973,0.8832116788321168,0.7647058823529411
1,2,76,0.24947485327720642,0.43475860357284546,0.9051094890510949,0.7647058823529411
1,2,77,0.2422388643026352,0.4176406264305115,0.9051094890510949,0.7352941176470589
1,2,78,0.2759507894515991,0.4118730425834656,0.8759124087591241,0.7941176470588235
1,2,79,0.2307489812374115,0.4018842577934265,0.8978102189781022,0.7941176470588235
1,2,80,0.23782964050769806,0.45623311400413513,0.9051094890510949,0.7352941176470589
1,2,81,0.22938324511051178,0.3976346254348755,0.9051094890510949,0.7647058823529411
1,2,82,0.2173319011926651,0.39692842960357666,0.8978102189781022,0.7647058823529411
1,2,83,0.21077042818069458,0.41906479001045227,0.9124087591240876,0.8235294117647058
1,2,84,0.20041002333164215,0.3996543288230896,0.9051094890510949,0.7647058823529411
1,2,85,0.19680377840995789,0.3980061113834381,0.8978102189781022,0.7941176470588235
1,2,86,0.18898813426494598,0.4356757402420044,0.9197080291970803,0.7352941176470589
1,2,87,0.19562794268131256,0.4243288040161133,0.9197080291970803,0.7647058823529411
1,2,88,0.17806506156921387,0.44068431854248047,0.9197080291970803,0.7352941176470589
1,2,89,0.17350445687770844,0.4268442392349243,0.9197080291970803,0.7352941176470589
1,2,90,0.232801154255867,0.46098417043685913,0.8905109489051095,0.8235294117647058
1,2,91,0.2062675505876541,0.5336604714393616,0.9124087591240876,0.7352941176470589
1,2,92,0.22181425988674164,0.47313544154167175,0.8978102189781022,0.7941176470588235
1,2,93,0.1591465175151825,0.45087867975234985,0.927007299270073,0.7058823529411765
1,2,94,0.21966488659381866,0.590495765209198,0.8978102189781022,0.7352941176470589
1,2,95,0.30480197072029114,0.582621157169342,0.8394160583941606,0.8235294117647058
1,2,96,0.14683526754379272,0.4599545896053314,0.927007299270073,0.7352941176470589
1,2,97,0.19594348967075348,0.576315701007843,0.9124087591240876,0.7352941176470589
1,2,98,0.1728421449661255,0.4519774615764618,0.9343065693430657,0.7941176470588235
1,2,99,0.16930264234542847,0.4718455672264099,0.9343065693430657,0.7647058823529411
1,2,100,0.17955854535102844,0.6352763772010803,0.9416058394160584,0.6764705882352942
1,3,1,0.7857667207717896,0.7456299066543579,0.7226277372262774,0.7352941176470589
1,3,2,0.638272225856781,0.6357287168502808,0.7226277372262774,0.7352941176470589
1,3,3,0.665553092956543,0.6657930016517639,0.7226277372262774,0.7352941176470589
1,3,4,0.6476498246192932,0.6470263600349426,0.7226277372262774,0.7352941176470589
1,3,5,0.6200859546661377,0.6178025603294373,0.7226277372262774,0.7352941176470589
1,3,6,0.5915508270263672,0.5864629149436951,0.7226277372262774,0.7352941176470589
1,3,7,0.5821741819381714,0.5732253789901733,0.7226277372262774,0.7352941176470589
1,3,8,0.5988603830337524,0.587124764919281,0.7226277372262774,0.7352941176470589
1,3,9,0.6014336347579956,0.5913504958152771,0.7226277372262774,0.7352941176470589
1,3,10,0.5837270021438599,0.578685462474823,0.7226277372262774,0.7352941176470589
1,3,11,0.5707636475563049,0.5719351172447205,0.7226277372262774,0.7352941176470589
1,3,12,0.571230947971344,0.5776646733283997,0.7226277372262774,0.7352941176470589
1,3,13,0.5758005976676941,0.5864866971969604,0.7226277372262774,0.7352941176470589
1,3,14,0.5756454467773438,0.5900974273681641,0.7226277372262774,0.7352941176470589
1,3,15,0.5682970285415649,0.586182177066803,0.7226277372262774,0.7352941176470589
1,3,16,0.5571638941764832,0.5775462985038757,0.7226277372262774,0.7352941176470589
1,3,17,0.5499647259712219,0.5716097354888916,0.7226277372262774,0.7352941176470589
1,3,18,0.5494667887687683,0.5726523399353027,0.7226277372262774,0.7352941176470589
1,3,19,0.5489940047264099,0.5758011341094971,0.7226277372262774,0.7352941176470589
1,3,20,0.5409542322158813,0.5745473504066467,0.7226277372262774,0.7352941176470589
1,3,21,0.5299856066703796,0.5740118026733398,0.7226277372262774,0.7352941176470589
1,3,22,0.5248795747756958,0.5786608457565308,0.7226277372262774,0.7352941176470589
1,3,23,0.522815465927124,0.5855507850646973,0.7226277372262774,0.7352941176470589
1,3,24,0.5177282691001892,0.5891950130462646,0.7226277372262774,0.7352941176470589
1,3,25,0.5076982378959656,0.5872042179107666,0.7226277372262774,0.7352941176470589
1,3,26,0.4999958872795105,0.5851189494132996,0.7226277372262774,0.7352941176470589
1,3,27,0.4962415397167206,0.5878072381019592,0.7226277372262774,0.7352941176470589
1,3,28,0.48857206106185913,0.5928193926811218,0.7226277372262774,0.7352941176470589
1,3,29,0.48105794191360474,0.5976284146308899,0.7226277372262774,0.7352941176470589
1,3,30,0.47671693563461304,0.6037761569023132,0.7226277372262774,0.7352941176470589
1,3,31,0.47106990218162537,0.6058052182197571,0.7226277372262774,0.7352941176470589
1,3,32,0.4633750915527344,0.6049714088439941,0.7226277372262774,0.7352941176470589
1,3,33,0.4588644802570343,0.6055610179901123,0.7226277372262774,0.7352941176470589
1,3,34,0.4507746994495392,0.6073808073997498,0.7226277372262774,0.7352941176470589
1,3,35,0.44327256083488464,0.6099609732627869,0.7226277372262774,0.7352941176470589
1,3,36,0.43958738446235657,0.6110498905181885,0.7226277372262774,0.7352941176470589
1,3,37,0.4332111179828644,0.6111471056938171,0.7226277372262774,0.7352941176470589
1,3,38,0.42915964126586914,0.6121336817741394,0.7226277372262774,0.7352941176470589
1,3,39,0.42313265800476074,0.6107529401779175,0.7226277372262774,0.7352941176470589
1,3,40,0.41831690073013306,0.612511932849884,0.7226277372262774,0.7352941176470589
1,3,41,0.41348108649253845,0.6118016839027405,0.7226277372262774,0.7352941176470589
1,3,42,0.4097193777561188,0.618947446346283,0.7226277372262774,0.7352941176470589
1,3,43,0.40270426869392395,0.6241884827613831,0.7226277372262774,0.7352941176470589
1,3,44,0.39862754940986633,0.6287207007408142,0.7226277372262774,0.7352941176470589
1,3,45,0.3946256935596466,0.6347816586494446,0.7226277372262774,0.7352941176470589
1,3,46,0.38752850890159607,0.6382138729095459,0.7226277372262774,0.7352941176470589
1,3,47,0.3833615183830261,0.6328331828117371,0.7445255474452555,0.7352941176470589
1,3,48,0.37816718220710754,0.6331619024276733,0.7737226277372263,0.7647058823529411
1,3,49,0.3730145990848541,0.6402983069419861,0.7883211678832117,0.7352941176470589
1,3,50,0.3666631281375885,0.6449692845344543,0.7737226277372263,0.7941176470588235
1,3,51,0.3602932095527649,0.6460186243057251,0.8102189781021898,0.6764705882352942
1,3,52,0.3546421527862549,0.6442564129829407,0.7956204379562044,0.7352941176470589
1,3,53,0.3509759306907654,0.638018786907196,0.781021897810219,0.7352941176470589
1,3,54,0.34833967685699463,0.6310054063796997,0.7956204379562044,0.7647058823529411
1,3,55,0.34034591913223267,0.6353052854537964,0.8248175182481752,0.7058823529411765
1,3,56,0.3308221399784088,0.6514149904251099,0.8248175182481752,0.6176470588235294
1,3,57,0.33318376541137695,0.6588909029960632,0.7956204379562044,0.7352941176470589
1,3,58,0.32577967643737793,0.6424479484558105,0.8613138686131386,0.5588235294117647
1,3,59,0.32199275493621826,0.6512261629104614,0.8321167883211679,0.6764705882352942
1,3,60,0.31123706698417664,0.6475963592529297,0.8467153284671532,0.6470588235294118
1,3,61,0.3051326274871826,0.6511827707290649,0.8394160583941606,0.6764705882352942
1,3,62,0.3029859662055969,0.6662597060203552,0.8321167883211679,0.7058823529411765
1,3,63,0.2960536777973175,0.6628100872039795,0.8905109489051095,0.5294117647058824
1,3,64,0.29691168665885925,0.6960339546203613,0.8321167883211679,0.6176470588235294
1,3,65,0.28800898790359497,0.675646960735321,0.9051094890510949,0.5588235294117647
1,3,66,0.28538793325424194,0.714536726474762,0.8394160583941606,0.6176470588235294
1,3,67,0.27275195717811584,0.6946030855178833,0.8978102189781022,0.5294117647058824
1,3,68,0.2729295790195465,0.7229926586151123,0.8540145985401459,0.6764705882352942
1,3,69,0.2609042227268219,0.7079535722732544,0.9197080291970803,0.5294117647058824
1,3,70,0.25779661536216736,0.7181000709533691,0.9051094890510949,0.5294117647058824
1,3,71,0.25626155734062195,0.7160019278526306,0.9051094890510949,0.5588235294117647
1,3,72,0.2546418309211731,0.7105892896652222,0.927007299270073,0.5294117647058824
1,3,73,0.27190062403678894,0.776482105255127,0.8394160583941606,0.7352941176470589
1,3,74,0.2527851164340973,0.7220619320869446,0.9343065693430657,0.47058823529411764
1,3,75,0.2359396070241928,0.7440221309661865,0.9197080291970803,0.5294117647058824
1,3,76,0.2521233558654785,0.7649856209754944,0.8613138686131386,0.7058823529411765
1,3,77,0.23770876228809357,0.7273510694503784,0.9343065693430657,0.5
1,3,78,0.22302617132663727,0.7528036236763,0.9343065693430657,0.5294117647058824
1,3,79,0.22611159086227417,0.7643588781356812,0.9197080291970803,0.6176470588235294
1,3,80,0.2283334732055664,0.7607447504997253,0.9416058394160584,0.47058823529411764
1,3,81,0.2147255688905716,0.8042486906051636,0.9124087591240876,0.5294117647058824
1,3,82,0.20911043882369995,0.8097213506698608,0.927007299270073,0.5588235294117647
1,3,83,0.20597276091575623,0.7838550209999084,0.9416058394160584,0.5
1,3,84,0.19929860532283783,0.8013956546783447,0.948905109489051,0.5294117647058824
1,3,85,0.1869650036096573,0.8358587622642517,0.9562043795620438,0.5
1,3,86,0.1858043372631073,0.8418164253234863,0.9416058394160584,0.47058823529411764
1,3,87,0.18871641159057617,0.8717707991600037,0.9343065693430657,0.5
1,3,88,0.16939398646354675,0.8503183722496033,0.9562043795620438,0.47058823529411764
1,3,89,0.1683289259672165,0.8487757444381714,0.9635036496350365,0.5588235294117647
1,3,90,0.17083990573883057,0.8692601919174194,0.9635036496350365,0.5588235294117647
1,3,91,0.1617422103881836,0.8895363807678223,0.948905109489051,0.47058823529411764
1,3,92,0.1525353193283081,0.9126232266426086,0.9708029197080292,0.5
1,3,93,0.14637531340122223,0.9340410828590393,0.9708029197080292,0.5
1,3,94,0.1429528445005417,0.986710250377655,0.948905109489051,0.47058823529411764
1,3,95,0.1360669732093811,0.9814714789390564,0.9635036496350365,0.5588235294117647
1,3,96,0.12697955965995789,1.0156885385513306,0.9781021897810219,0.5882352941176471
1,3,97,0.12275667488574982,1.0781832933425903,0.9708029197080292,0.47058823529411764
1,3,98,0.1187637597322464,1.0972373485565186,0.9708029197080292,0.5294117647058824
1,3,99,0.11622888594865799,1.138569712638855,0.9781021897810219,0.47058823529411764
1,3,100,0.114254891872406,1.1567505598068237,0.9781021897810219,0.47058823529411764
1,4,1,0.7037475109100342,0.6762745976448059,0.7226277372262774,0.7352941176470589
1,4,2,0.6389862895011902,0.6367735862731934,0.7226277372262774,0.7352941176470589
1,4,3,0.6435754895210266,0.642142653465271,0.7226277372262774,0.7352941176470589
1,4,4,0.6147539019584656,0.6115145683288574,0.7226277372262774,0.7352941176470589
1,4,5,0.5883341431617737,0.5822884440422058,0.7226277372262774,0.7352941176470589
1,4,6,0.5868526697158813,0.5772681832313538,0.7226277372262774,0.7352941176470589
1,4,7,0.5983684062957764,0.587924063205719,0.7226277372262774,0.7352941176470589
1,4,8,0.5891305804252625,0.5813069939613342,0.7226277372262774,0.7352941176470589
1,4,9,0.5763459801673889,0.5724442005157471,0.7226277372262774,0.7352941176470589
1,4,10,0.576187014579773,0.5753247141838074,0.7226277372262774,0.7352941176470589
1,4,11,0.5793489217758179,0.5804705023765564,0.7226277372262774,0.7352941176470589
1,4,12,0.5765061378479004,0.5792669057846069,0.7226277372262774,0.7352941176470589
1,4,13,0.5687516927719116,0.5731414556503296,0.7226277372262774,0.7352941176470589
1,4,14,0.5619524717330933,0.5680800676345825,0.7226277372262774,0.7352941176470589
1,4,15,0.5599348545074463,0.568325400352478,0.7226277372262774,0.7352941176470589
1,4,16,0.558807373046875,0.5702627301216125,0.7226277372262774,0.7352941176470589
1,4,17,0.552675187587738,0.5680891871452332,0.7226277372262774,0.7352941176470589
1,4,18,0.5449031591415405,0.5641624331474304,0.7226277372262774,0.7352941176470589
1,4,19,0.5412598252296448,0.5638948678970337,0.7226277372262774,0.7352941176470589
1,4,20,0.5378899574279785,0.5646510720252991,0.7226277372262774,0.7352941176470589
1,4,21,0.5303734540939331,0.5630513429641724,0.7226277372262774,0.7352941176470589
1,4,22,0.5227317810058594,0.5631365180015564,0.7226277372262774,0.7352941176470589
1,4,23,0.5189526677131653,0.567449688911438,0.7226277372262774,0.7352941176470589
1,4,24,0.5123216509819031,0.5689699649810791,0.7226277372262774,0.7352941176470589
1,4,25,0.5032475590705872,0.5659223794937134,0.7226277372262774,0.7352941176470589
1,4,26,0.4993104040622711,0.5672416687011719,0.7226277372262774,0.7352941176470589
1,4,27,0.4914257824420929,0.5687094330787659,0.7226277372262774,0.7352941176470589
1,4,28,0.48272469639778137,0.5746444463729858,0.7226277372262774,0.7352941176470589
1,4,29,0.47749996185302734,0.5839344263076782,0.7226277372262774,0.7352941176470589
1,4,30,0.4662601053714752,0.5836079716682434,0.7226277372262774,0.7352941176470589
1,4,31,0.46205177903175354,0.5840825438499451,0.7226277372262774,0.7352941176470589
1,4,32,0.4517558217048645,0.5927362442016602,0.7226277372262774,0.7352941176470589
1,4,33,0.44850602746009827,0.6133326888084412,0.7226277372262774,0.7352941176470589
1,4,34,0.4369722306728363,0.615946352481842,0.7226277372262774,0.7352941176470589
1,4,35,0.4320114552974701,0.6136146187782288,0.7226277372262774,0.7352941176470589
1,4,36,0.4262659549713135,0.630416750907898,0.7445255474452555,0.7647058823529411
1,4,37,0.42020145058631897,0.6527718901634216,0.7664233576642335,0.7352941176470589
1,4,38,0.4095686674118042,0.6591744422912598,0.7518248175182481,0.7058823529411765
1,4,39,0.40053173899650574,0.6705633401870728,0.7956204379562044,0.7058823529411765
1,4,40,0.39673975110054016,0.7002977728843689,0.781021897810219,0.7352941176470589
1,4,41,0.38379496335983276,0.7015448212623596,0.7956204379562044,0.6176470588235294
1,4,42,0.3728356659412384,0.7233529090881348,0.8102189781021898,0.6764705882352942
1,4,43,0.3634997606277466,0.7467453479766846,0.8321167883211679,0.6764705882352942
1,4,44,0.35611584782600403,0.7784704566001892,0.8321167883211679,0.6764705882352942
1,4,45,0.34432825446128845,0.8016524314880371,0.8467153284671532,0.6764705882352942
1,4,46,0.3436245024204254,0.8548023104667664,0.8467153284671532,0.6764705882352942
1,4,47,0.3808162212371826,0.8776765465736389,0.8175182481751825,0.6176470588235294
1,4,48,0.4241686463356018,1.0054606199264526,0.7591240875912408,0.6764705882352942
1,4,49,0.31494590640068054,0.8949795365333557,0.8540145985401459,0.6470588235294118
1,4,50,0.36801108717918396,0.8965930938720703,0.8248175182481752,0.6176470588235294
1,4,51,0.3150893747806549,0.9257083535194397,0.8686131386861314,0.7058823529411765
1,4,52,0.3292309641838074,0.956365704536438,0.8540145985401459,0.6764705882352942
1,4,53,0.3011244237422943,0.90834641456604,0.8759124087591241,0.6470588235294118
1,4,54,0.3074904978275299,0.9187613129615784,0.8686131386861314,0.6470588235294118
1,4,55,0.3092031478881836,0.9767022728919983,0.8613138686131386,0.6764705882352942
1,4,56,0.29077550768852234,0.9685179591178894,0.8686131386861314,0.6470588235294118
1,4,57,0.29041787981987,0.9457390904426575,0.8759124087591241,0.6470588235294118
1,4,58,0.2752525508403778,0.9622815251350403,0.8686131386861314,0.6764705882352942
1,4,59,0.27516746520996094,0.980126678943634,0.8686131386861314,0.6470588235294118
1,4,60,0.2635107934474945,0.9708419442176819,0.8832116788321168,0.6764705882352942
1,4,61,0.2592519521713257,0.9730623960494995,0.8832116788321168,0.6764705882352942
1,4,62,0.2585233747959137,0.9861717224121094,0.8686131386861314,0.6470588235294118
1,4,63,0.2547917664051056,0.9910634160041809,0.8759124087591241,0.6764705882352942
1,4,64,0.24675174057483673,1.0023595094680786,0.8905109489051095,0.6470588235294118
1,4,65,0.24115502834320068,1.0294239521026611,0.8832116788321168,0.6764705882352942
1,4,66,0.23479656875133514,1.0398513078689575,0.8832116788321168,0.6764705882352942
1,4,67,0.2297687977552414,1.0457638502120972,0.8905109489051095,0.6764705882352942
1,4,68,0.2282048910856247,1.060354232788086,0.8759124087591241,0.6764705882352942
1,4,69,0.2204652726650238,1.0808794498443604,0.8905109489051095,0.6470588235294118
1,4,70,0.21694695949554443,1.1089950799942017,0.8978102189781022,0.6470588235294118
1,4,71,0.21927040815353394,1.1249109506607056,0.8905109489051095,0.7352941176470589
1,4,72,0.21189166605472565,1.1409975290298462,0.9124087591240876,0.6764705882352942
1,4,73,0.21122877299785614,1.1325652599334717,0.8832116788321168,0.7352941176470589
1,4,74,0.20079602301120758,1.1473808288574219,0.9197080291970803,0.6764705882352942
1,4,75,0.19192591309547424,1.1719969511032104,0.9124087591240876,0.6764705882352942
1,4,76,0.1977214813232422,1.191918969154358,0.8978102189781022,0.7352941176470589
1,4,77,0.22537022829055786,1.2460707426071167,0.9051094890510949,0.6176470588235294
1,4,78,0.29650214314460754,1.2582100629806519,0.8540145985401459,0.7352941176470589
1,4,79,0.19823695719242096,1.1696817874908447,0.927007299270073,0.6764705882352942
1,4,80,0.17462223768234253,1.152547836303711,0.9197080291970803,0.7058823529411765
1,4,81,0.25261837244033813,1.2480062246322632,0.8832116788321168,0.7058823529411765
1,4,82,0.17954513430595398,1.187312126159668,0.9197080291970803,0.6176470588235294
1,4,83,0.1929708868265152,1.2173796892166138,0.9124087591240876,0.6470588235294118
1,4,84,0.2574270963668823,1.297921061515808,0.8613138686131386,0.7058823529411765
1,4,85,0.16635839641094208,1.2210478782653809,0.9197080291970803,0.7352941176470589
1,4,86,0.21225190162658691,1.2536331415176392,0.9197080291970803,0.6470588235294118
1,4,87,0.17964473366737366,1.2257308959960938,0.927007299270073,0.7352941176470589
1,4,88,0.20207172632217407,1.244184136390686,0.8905109489051095,0.7352941176470589
1,4,89,0.1602237969636917,1.18977689743042,0.9343065693430657,0.6764705882352942
1,4,90,0.1697135716676712,1.195862889289856,0.9343065693430657,0.6470588235294118
1,4,91,0.24457454681396484,1.255774736404419,0.8759124087591241,0.7352941176470589
1,4,92,0.14719176292419434,1.1955775022506714,0.9343065693430657,0.7352941176470589
1,4,93,0.19967946410179138,1.2811411619186401,0.9197080291970803,0.6764705882352942
1,4,94,0.16923756897449493,1.2521544694900513,0.9343065693430657,0.7647058823529411
1,4,95,0.1683432012796402,1.2530815601348877,0.9343065693430657,0.7647058823529411
1,4,96,0.1584286242723465,1.2249202728271484,0.927007299270073,0.6470588235294118
1,4,97,0.14008262753486633,1.1864354610443115,0.9562043795620438,0.7352941176470589
1,4,98,0.17216813564300537,1.2106412649154663,0.9197080291970803,0.7058823529411765
1,4,99,0.13173653185367584,1.1923922300338745,0.9416058394160584,0.7352941176470589
1,4,100,0.1382034420967102,1.2418434619903564,0.948905109489051,0.6764705882352942
1,5,1,0.7847322225570679,0.8467698693275452,0.7299270072992701,0.7058823529411765
1,5,2,0.6299125552177429,0.6374119520187378,0.7299270072992701,0.7058823529411765
1,5,3,0.6545787453651428,0.6587749123573303,0.7299270072992701,0.7058823529411765
1,5,4,0.633030354976654,0.6400999426841736,0.7299270072992701,0.7058823529411765
1,5,5,0.5990973711013794,0.6124598383903503,0.7299270072992701,0.7058823529411765
1,5,6,0.5757976770401001,0.5995807647705078,0.7299270072992701,0.7058823529411765
1,5,7,0.5879698395729065,0.6242920160293579,0.7299270072992701,0.7058823529411765
1,5,8,0.5950828790664673,0.6355449557304382,0.7299270072992701,0.7058823529411765
1,5,9,0.5797915458679199,0.6166834235191345,0.7299270072992701,0.7058823529411765
1,5,10,0.5671788454055786,0.596672534942627,0.7299270072992701,0.7058823529411765
1,5,11,0.5685604810714722,0.5918982028961182,0.7299270072992701,0.7058823529411765
1,5,12,0.5730699896812439,0.5932048559188843,0.7299270072992701,0.7058823529411765
1,5,13,0.5722141861915588,0.5921432971954346,0.7299270072992701,0.7058823529411765
1,5,14,0.5647566318511963,0.5874825716018677,0.7299270072992701,0.7058823529411765
1,5,15,0.5558761358261108,0.5841356515884399,0.7299270072992701,0.7058823529411765
1,5,16,0.552047610282898,0.5877001285552979,0.7299270072992701,0.7058823529411765
1,5,17,0.5531604886054993,0.5951796174049377,0.7299270072992701,0.7058823529411765
1,5,18,0.5502574443817139,0.5941076874732971,0.7299270072992701,0.7058823529411765
1,5,19,0.5424373149871826,0.5834113955497742,0.7299270072992701,0.7058823529411765
1,5,20,0.5367375016212463,0.572034478187561,0.7299270072992701,0.7058823529411765
1,5,21,0.5357447266578674,0.5673933625221252,0.7299270072992701,0.7058823529411765
1,5,22,0.533338725566864,0.5644504427909851,0.7299270072992701,0.7058823529411765
1,5,23,0.5270503759384155,0.5610135793685913,0.7299270072992701,0.7058823529411765
1,5,24,0.520392894744873,0.560338020324707,0.7299270072992701,0.7058823529411765
1,5,25,0.5177009105682373,0.564374566078186,0.7299270072992701,0.7058823529411765
1,5,26,0.5159599184989929,0.5667752623558044,0.7299270072992701,0.7058823529411765
1,5,27,0.5085140466690063,0.5559900999069214,0.7299270072992701,0.7058823529411765
1,5,28,0.5034974813461304,0.5448874235153198,0.7299270072992701,0.7058823529411765
1,5,29,0.5022355318069458,0.5399412512779236,0.7299270072992701,0.7058823529411765
1,5,30,0.4968923330307007,0.5360510945320129,0.7299270072992701,0.7058823529411765
1,5,31,0.489971786737442,0.5358743071556091,0.7299270072992701,0.7058823529411765
1,5,32,0.48733392357826233,0.5390989184379578,0.7299270072992701,0.7058823529411765
1,5,33,0.47967928647994995,0.5291299223899841,0.7299270072992701,0.7058823529411765
1,5,34,0.47403666377067566,0.5192318558692932,0.7299270072992701,0.7058823529411765
1,5,35,0.46984875202178955,0.513522744178772,0.7299270072992701,0.7058823529411765
1,5,36,0.463779091835022,0.508492648601532,0.7299270072992701,0.7058823529411765
1,5,37,0.45878034830093384,0.5111600756645203,0.7299270072992701,0.7058823529411765
1,5,38,0.45411112904548645,0.509545624256134,0.7299270072992701,0.7058823529411765
1,5,39,0.44666987657546997,0.4981728792190552,0.7299270072992701,0.7058823529411765
1,5,40,0.44413840770721436,0.49277833104133606,0.7299270072992701,0.7058823529411765
1,5,41,0.4392739236354828,0.4944778382778168,0.7299270072992701,0.7058823529411765
1,5,42,0.4337129294872284,0.4916327893733978,0.7299270072992701,0.7058823529411765
1,5,43,0.4283962547779083,0.48140549659729004,0.7372262773722628,0.7058823529411765
1,5,44,0.423190712928772,0.47951540350914,0.7445255474452555,0.7058823529411765
1,5,45,0.41823625564575195,0.4808431565761566,0.7518248175182481,0.7058823529411765
1,5,46,0.4112875759601593,0.47043782472610474,0.7591240875912408,0.7352941176470589
1,5,47,0.4080542027950287,0.4705871343612671,0.7518248175182481,0.7647058823529411
1,5,48,0.4023267924785614,0.46925243735313416,0.7445255474452555,0.7352941176470589
1,5,49,0.3974963426589966,0.4620840847492218,0.7372262773722628,0.7352941176470589
1,5,50,0.3948805332183838,0.4646168351173401,0.7591240875912408,0.7647058823529411
1,5,51,0.3889930248260498,0.45889946818351746,0.7591240875912408,0.7647058823529411
1,5,52,0.3814554810523987,0.4547235667705536,0.781021897810219,0.7352941176470589
1,5,53,0.37699094414711,0.4531743824481964,0.7591240875912408,0.7647058823529411
1,5,54,0.3740803599357605,0.4510858356952667,0.7518248175182481,0.7647058823529411
1,5,55,0.36627018451690674,0.445215106010437,0.781021897810219,0.7647058823529411
1,5,56,0.36077064275741577,0.4349360764026642,0.8029197080291971,0.8235294117647058
1,5,57,0.3639462888240814,0.4484686553478241,0.7737226277372263,0.7352941176470589
1,5,58,0.35442814230918884,0.4319114685058594,0.8540145985401459,0.8235294117647058
1,5,59,0.3505151867866516,0.4376532733440399,0.781021897810219,0.7941176470588235
1,5,60,0.34497779607772827,0.43383413553237915,0.7737226277372263,0.7941176470588235
1,5,61,0.3439759612083435,0.4216449558734894,0.8686131386861314,0.7941176470588235
1,5,62,0.3472541272640228,0.44027310609817505,0.781021897810219,0.7352941176470589
1,5,63,0.3290662467479706,0.41645559668540955,0.8321167883211679,0.8235294117647058
1,5,64,0.32680416107177734,0.41353586316108704,0.8248175182481752,0.8235294117647058
1,5,65,0.32376566529273987,0.4144628643989563,0.7956204379562044,0.7941176470588235
1,5,66,0.3166857063770294,0.4114333391189575,0.8175182481751825,0.8235294117647058
1,5,67,0.31159481406211853,0.40678641200065613,0.8394160583941606,0.7941176470588235
1,5,68,0.30389007925987244,0.39830055832862854,0.8394160583941606,0.7941176470588235
1,5,69,0.29628875851631165,0.3878902196884155,0.8905109489051095,0.8235294117647058
1,5,70,0.30549460649490356,0.42328518629074097,0.8029197080291971,0.7352941176470589
1,5,71,0.2928984761238098,0.38903287053108215,0.8832116788321168,0.8529411764705882
1,5,72,0.2924420237541199,0.4054594933986664,0.8175182481751825,0.7647058823529411
1,5,73,0.27866658568382263,0.37733161449432373,0.8905109489051095,0.8823529411764706
1,5,74,0.2867201864719391,0.4038226306438446,0.8321167883211679,0.7352941176470589
1,5,75,0.2679036855697632,0.36576035618782043,0.8905109489051095,0.8823529411764706
1,5,76,0.2677486836910248,0.3902926743030548,0.8540145985401459,0.8235294117647058
1,5,77,0.2567315995693207,0.36503341794013977,0.8978102189781022,0.8529411764705882
1,5,78,0.27307620644569397,0.42547479271888733,0.8394160583941606,0.7647058823529411
1,5,79,0.2600744962692261,0.3753594756126404,0.8978102189781022,0.8235294117647058
1,5,80,0.24549230933189392,0.37474721670150757,0.8759124087591241,0.8529411764705882
1,5,81,0.2270294725894928,0.35309281945228577,0.8905109489051095,0.8529411764705882
1,5,82,0.2240576297044754,0.3531029224395752,0.8832116788321168,0.8235294117647058
1,5,83,0.21637757122516632,0.34209033846855164,0.8905109489051095,0.8529411764705882
1,5,84,0.2194470912218094,0.3467976450920105,0.9051094890510949,0.8529411764705882
1,5,85,0.2889569103717804,0.47242119908332825,0.8248175182481752,0.7647058823529411
1,5,86,0.23979097604751587,0.37322890758514404,0.9051094890510949,0.8235294117647058
1,5,87,0.2119046151638031,0.3550499379634857,0.9124087591240876,0.8235294117647058
1,5,88,0.24023286998271942,0.4134054183959961,0.8905109489051095,0.7352941176470589
1,5,89,0.22757434844970703,0.3488643169403076,0.9124087591240876,0.8235294117647058
1,5,90,0.20968635380268097,0.3575252294540405,0.9124087591240876,0.9117647058823529
1,5,91,0.2125902622938156,0.3801528811454773,0.9197080291970803,0.8529411764705882
1,5,92,0.2156766802072525,0.3581559956073761,0.9197080291970803,0.8235294117647058
1,5,93,0.2018355429172516,0.3829459249973297,0.9124087591240876,0.8235294117647058
1,5,94,0.20884719491004944,0.40738174319267273,0.9197080291970803,0.7941176470588235
1,5,95,0.19710306823253632,0.3481394350528717,0.9124087591240876,0.7941176470588235
1,5,96,0.17662544548511505,0.3424023687839508,0.927007299270073,0.8823529411764706
1,5,97,0.1834225058555603,0.3684581220149994,0.9343065693430657,0.8235294117647058
1,5,98,0.16874706745147705,0.33473727107048035,0.9343065693430657,0.8235294117647058
1,5,99,0.16627497971057892,0.36160990595817566,0.948905109489051,0.8529411764705882
1,5,100,0.15714964270591736,0.34999123215675354,0.9343065693430657,0.8529411764705882
2,1,1,0.6964738368988037,0.7316076159477234,0.7279411764705882,0.7142857142857143
2,1,2,0.6401094198226929,0.6462436318397522,0.7279411764705882,0.7142857142857143
2,1,3,0.6349140405654907,0.6421495079994202,0.7279411764705882,0.7142857142857143
2,1,4,0.5964367985725403,0.6100019216537476,0.7279411764705882,0.7142857142857143
2,1,5,0.5752756595611572,0.5983360409736633,0.7279411764705882,0.7142857142857143
2,1,6,0.592240035533905,0.6241568922996521,0.7279411764705882,0.7142857142857143
2,1,7,0.5880088210105896,0.6219552159309387,0.7279411764705882,0.7142857142857143
2,1,8,0.5690611600875854,0.6002481579780579,0.7279411764705882,0.7142857142857143
2,1,9,0.5653899908065796,0.5929629802703857,0.7279411764705882,0.7142857142857143
2,1,10,0.5707332491874695,0.5967830419540405,0.7279411764705882,0.7142857142857143
2,1,11,0.5692455172538757,0.5970923900604248,0.7279411764705882,0.7142857142857143
2,1,12,0.5592780709266663,0.591953694820404,0.7279411764705882,0.7142857142857143
2,1,13,0.548812210559845,0.588655948638916,0.7279411764705882,0.7142857142857143
2,1,14,0.5472158789634705,0.5948176980018616,0.7279411764705882,0.7142857142857143
2,1,15,0.5474485754966736,0.6012279987335205,0.7279411764705882,0.7142857142857143
2,1,16,0.5375521183013916,0.5940879583358765,0.7279411764705882,0.7142857142857143
2,1,17,0.5282185673713684,0.585767388343811,0.7279411764705882,0.7142857142857143
2,1,18,0.5254939794540405,0.5841549038887024,0.7279411764705882,0.7142857142857143
2,1,19,0.5216325521469116,0.583772599697113,0.7279411764705882,0.7142857142857143
2,1,20,0.5126484036445618,0.5820010900497437,0.7279411764705882,0.7142857142857143
2,1,21,0.5054693818092346,0.5839234590530396,0.7279411764705882,0.7142857142857143
2,1,22,0.5015059113502502,0.5882610082626343,0.7279411764705882,0.7142857142857143
2,1,23,0.4943363070487976,0.5866287350654602,0.7279411764705882,0.7142857142857143
2,1,24,0.4868867099285126,0.5793388485908508,0.7279411764705882,0.7142857142857143
2,1,25,0.48371532559394836,0.5755580067634583,0.7279411764705882,0.7142857142857143
2,1,26,0.47642090916633606,0.5735424757003784,0.7279411764705882,0.7142857142857143
2,1,27,0.4692024886608124,0.5768606066703796,0.7279411764705882,0.7142857142857143
2,1,28,0.46451860666275024,0.582064151763916,0.7279411764705882,0.7142857142857143
2,1,29,0.4561171233654022,0.5769750475883484,0.7279411764705882,0.7142857142857143
2,1,30,0.4503660202026367,0.5673309564590454,0.7279411764705882,0.7142857142857143
2,1,31,0.44551780819892883,0.5658199191093445,0.7279411764705882,0.7142857142857143
2,1,32,0.44098785519599915,0.5774908065795898,0.7279411764705882,0.7142857142857143
2,1,33,0.43640121817588806,0.5850385427474976,0.7352941176470589,0.7142857142857143
2,1,34,0.4296398162841797,0.5730438232421875,0.7720588235294118,0.7428571428571429
2,1,35,0.4258441925048828,0.5770000219345093,0.7794117647058824,0.7428571428571429
2,1,36,0.4265540838241577,0.6036351323127747,0.7426470588235294,0.7142857142857143
2,1,37,0.41558972001075745,0.5920999050140381,0.7647058823529411,0.7428571428571429
2,1,38,0.410540908575058,0.5881579518318176,0.7720588235294118,0.6857142857142857
2,1,39,0.4078282117843628,0.6148163676261902,0.7941176470588235,0.7428571428571429
2,1,40,0.4021461308002472,0.6165004372596741,0.7941176470588235,0.7428571428571429
2,1,41,0.394783079624176,0.6050699949264526,0.7867647058823529,0.6857142857142857
2,1,42,0.3899323642253876,0.6076883673667908,0.8088235294117647,0.6857142857142857
2,1,43,0.3865533471107483,0.6281136870384216,0.7941176470588235,0.6857142857142857
2,1,44,0.38013356924057007,0.6122218370437622,0.8235294117647058,0.6285714285714286
2,1,45,0.3774912357330322,0.6259807348251343,0.7867647058823529,0.6857142857142857
2,1,46,0.3713100254535675,0.6374277472496033,0.8014705882352942,0.6857142857142857
2,1,47,0.3641286790370941,0.6329928040504456,0.8455882352941176,0.6857142857142857
2,1,48,0.36211127042770386,0.6587324738502502,0.7941176470588235,0.6857142857142857
2,1,49,0.35061225295066833,0.6474947333335876,0.8529411764705882,0.6571428571428571
2,1,50,0.3491561710834503,0.6642033457756042,0.8235294117647058,0.6571428571428571
2,1,51,0.34519100189208984,0.663617730140686,0.8308823529411765,0.6857142857142857
2,1,52,0.3424704372882843,0.6532770395278931,0.8676470588235294,0.6285714285714286
2,1,53,0.3468743562698364,0.6930838227272034,0.7867647058823529,0.7142857142857143
2,1,54,0.3268597722053528,0.6718693375587463,0.8676470588235294,0.6285714285714286
2,1,55,0.32389378547668457,0.6850023865699768,0.8602941176470589,0.6571428571428571
2,1,56,0.3254645764827728,0.7113903164863586,0.8235294117647058,0.7142857142857143
2,1,57,0.31625792384147644,0.6923666596412659,0.8970588235294118,0.6285714285714286
2,1,58,0.32424283027648926,0.7231683135032654,0.8088235294117647,0.6857142857142857
2,1,59,0.30278822779655457,0.7057979702949524,0.8602941176470589,0.6571428571428571
2,1,60,0.3018531799316406,0.7056112885475159,0.8529411764705882,0.6571428571428571
2,1,61,0.2949000597000122,0.6996135711669922,0.8970588235294118,0.6571428571428571
2,1,62,0.29964491724967957,0.7245680689811707,0.8455882352941176,0.6857142857142857
2,1,63,0.2861233353614807,0.7196550965309143,0.9117647058823529,0.6
2,1,64,0.2796172797679901,0.7519289255142212,0.8676470588235294,0.6857142857142857
2,1,65,0.26562291383743286,0.7390009164810181,0.9191176470588235,0.6285714285714286
2,1,66,0.26671257615089417,0.7485133409500122,0.8823529411764706,0.6571428571428571
2,1,67,0.2523195445537567,0.7605242133140564,0.9117647058823529,0.6285714285714286
2,1,68,0.256160706281662,0.7733977437019348,0.8823529411764706,0.6571428571428571
2,1,69,0.2536048889160156,0.8150630593299866,0.9044117647058824,0.6285714285714286
2,1,70,0.26199954748153687,0.8169788122177124,0.8676470588235294,0.6857142857142857
2,1,71,0.2273002564907074,0.8526964783668518,0.9117647058823529,0.6285714285714286
2,1,72,0.20807316899299622,0.8557765483856201,0.9191176470588235,0.6285714285714286
2,1,73,0.24161462485790253,0.8492570519447327,0.8823529411764706,0.6571428571428571
2,1,74,0.25382816791534424,0.9701300263404846,0.8823529411764706,0.6571428571428571
2,1,75,0.214803084731102,0.8919792175292969,0.8970588235294118,0.6
2,1,76,0.19458720088005066,0.8887017369270325,0.9411764705882353,0.5714285714285714
2,1,77,0.2023613601922989,0.9178209900856018,0.9264705882352942,0.6571428571428571
2,1,78,0.19705988466739655,0.8514713644981384,0.9264705882352942,0.6857142857142857
2,1,79,0.18292821943759918,0.8709054589271545,0.9411764705882353,0.6285714285714286
2,1,80,0.1857321709394455,0.9486643075942993,0.9338235294117647,0.6571428571428571
2,1,81,0.2075733095407486,0.8983176946640015,0.9044117647058824,0.6857142857142857
2,1,82,0.1717560738325119,0.9671393036842346,0.9338235294117647,0.6571428571428571
2,1,83,0.16545657813549042,0.9543436169624329,0.9338235294117647,0.6571428571428571
2,1,84,0.17563921213150024,0.9039111733436584,0.9485294117647058,0.6
2,1,85,0.1639169603586197,0.9700407981872559,0.9485294117647058,0.6571428571428571
2,1,86,0.15364085137844086,0.9228298664093018,0.9558823529411765,0.6571428571428571
2,1,87,0.15732675790786743,0.9060587882995605,0.9485294117647058,0.6285714285714286
2,1,88,0.14702165126800537,0.9627873301506042,0.9558823529411765,0.6571428571428571
2,1,89,0.14103685319423676,0.9520350694656372,0.9632352941176471,0.6571428571428571
2,1,90,0.15104307234287262,0.9239896535873413,0.9632352941176471,0.6285714285714286
2,1,91,0.13653762638568878,1.0402909517288208,0.9411764705882353,0.6571428571428571
2,1,92,0.12674248218536377,1.005088448524475,0.9705882352941176,0.6285714285714286
2,1,93,0.15083028376102448,0.9753440022468567,0.9558823529411765,0.6
2,1,94,0.16517788171768188,1.173028588294983,0.9117647058823529,0.6571428571428571
2,1,95,0.17164766788482666,0.9750546216964722,0.9338235294117647,0.6285714285714286
2,1,96,0.10952991992235184,1.0699996948242188,0.9705882352941176,0.6571428571428571
2,1,97,0.10720474272966385,1.0599075555801392,0.9632352941176471,0.6571428571428571
2,1,98,0.10855362564325333,1.0726312398910522,0.9632352941176471,0.6571428571428571
2,1,99,0.11664722859859467,1.0078257322311401,0.9558823529411765,0.6
2,1,100,0.10312464833259583,1.121123194694519,0.9558823529411765,0.6857142857142857
2,2,1,0.7346197962760925,0.7042704224586487,0.7226277372262774,0.7352941176470589
2,2,2,0.6376900672912598,0.6327228546142578,0.7226277372262774,0.7352941176470589
2,2,3,0.6505780220031738,0.6466438174247742,0.7226277372262774,0.7352941176470589
2,2,4,0.6252303123474121,0.6188334822654724,0.7226277372262774,0.7352941176470589
2,2,5,0.5973594188690186,0.5873028039932251,0.7226277372262774,0.7352941176470589
2,2,6,0.585326611995697,0.5705409646034241,0.7226277372262774,0.7352941176470589
2,2,7,0.598197877407074,0.5795658230781555,0.7226277372262774,0.7352941176470589
2,2,8,0.6011353135108948,0.5817954540252686,0.7226277372262774,0.7352941176470589
2,2,9,0.5874416828155518,0.5698641538619995,0.7226277372262774,0.7352941176470589
2,2,10,0.5785526037216187,0.5633180737495422,0.7226277372262774,0.7352941176470589
2,2,11,0.5797343254089355,0.566445529460907,0.7226277372262774,0.7352941176470589
2,2,12,0.5823370814323425,0.5701388120651245,0.7226277372262774,0.7352941176470589
2,2,13,0.579922616481781,0.5674992799758911,0.7226277372262774,0.7352941176470589
2,2,14,0.5730566382408142,0.5593113899230957,0.7226277372262774,0.7352941176470589
2,2,15,0.5662189722061157,0.5505204200744629,0.7226277372262774,0.7352941176470589
2,2,16,0.5636997818946838,0.5464507937431335,0.7226277372262774,0.7352941176470589
2,2,17,0.5644098520278931,0.5466459393501282,0.7226277372262774,0.7352941176470589
2,2,18,0.5602030754089355,0.5434152483940125,0.7226277372262774,0.7352941176470589
2,2,19,0.5519667267799377,0.537161111831665,0.7226277372262774,0.7352941176470589
2,2,20,0.5471838116645813,0.5351189374923706,0.7226277372262774,0.7352941176470589
2,2,21,0.5468026995658875,0.5369210839271545,0.7226277372262774,0.7352941176470589
2,2,22,0.541520893573761,0.5327920317649841,0.7226277372262774,0.7352941176470589
2,2,23,0.5323156714439392,0.5246229767799377,0.7226277372262774,0.7352941176470589
2,2,24,0.528774619102478,0.5228061676025391,0.7226277372262774,0.7352941176470589
2,2,25,0.5242177248001099,0.5216960310935974,0.7226277372262774,0.7352941176470589
2,2,26,0.5160472989082336,0.5173698663711548,0.7226277372262774,0.7352941176470589
2,2,27,0.5122382640838623,0.5162325501441956,0.7226277372262774,0.7352941176470589
2,2,28,0.5079999566078186,0.5147958397865295,0.7226277372262774,0.7352941176470589
2,2,29,0.5010843873023987,0.5131159424781799,0.7226277372262774,0.7352941176470589
2,2,30,0.49768322706222534,0.5165977478027344,0.7226277372262774,0.7352941176470589
2,2,31,0.4910027086734772,0.5144802927970886,0.7226277372262774,0.7352941176470589
2,2,32,0.48522865772247314,0.5082882642745972,0.7226277372262774,0.7352941176470589
2,2,33,0.4810228645801544,0.5072231292724609,0.7226277372262774,0.7352941176470589
2,2,34,0.4767940044403076,0.5110090970993042,0.7226277372262774,0.7352941176470589
2,2,35,0.4717729091644287,0.5123802423477173,0.7226277372262774,0.7352941176470589
2,2,36,0.46450671553611755,0.5058459043502808,0.7226277372262774,0.7352941176470589
2,2,37,0.4601566195487976,0.5055431127548218,0.7226277372262774,0.7352941176470589
2,2,38,0.45617857575416565,0.5147977471351624,0.7226277372262774,0.7352941176470589
2,2,39,0.4511725902557373,0.5178772211074829,0.7226277372262774,0.7352941176470589
2,2,40,0.4476098120212555,0.5089200735092163,0.7226277372262774,0.7352941176470589
2,2,41,0.442268967628479,0.5109846591949463,0.7445255474452555,0.7352941176470589
2,2,42,0.4448741376399994,0.5445661544799805,0.7299270072992701,0.7352941176470589
2,2,43,0.43021950125694275,0.5257195234298706,0.7591240875912408,0.8235294117647058
2,2,44,0.42826157808303833,0.5242403745651245,0.7737226277372263,0.8235294117647058
2,2,45,0.424310564994812,0.557474672794342,0.7591240875912408,0.8235294117647058
2,2,46,0.41340696811676025,0.5402539372444153,0.781021897810219,0.8235294117647058
2,2,47,0.4064632058143616,0.5570045113563538,0.7883211678832117,0.8529411764705882
2,2,48,0.3984578251838684,0.5775965452194214,0.8248175182481752,0.8529411764705882
2,2,49,0.39070188999176025,0.6001214385032654,0.8175182481751825,0.8529411764705882
2,2,50,0.38281774520874023,0.5918905138969421,0.8102189781021898,0.8529411764705882
2,2,51,0.39761701226234436,0.6971235275268555,0.7664233576642335,0.7941176470588235
2,2,52,0.39661625027656555,0.5949378609657288,0.7883211678832117,0.7941176470588235
2,2,53,0.3866828978061676,0.7417998909950256,0.7956204379562044,0.7941176470588235
2,2,54,0.34948277473449707,0.6729966402053833,0.8175182481751825,0.8529411764705882
2,2,55,0.37780964374542236,0.6243200898170471,0.8175182481751825,0.7941176470588235
2,2,56,0.36632639169692993,0.7740506529808044,0.8248175182481752,0.7647058823529411
2,2,57,0.339886337518692,0.7380145192146301,0.8467153284671532,0.8235294117647058
2,2,58,0.36727502942085266,0.6379829049110413,0.8321167883211679,0.8235294117647058
2,2,59,0.34735849499702454,0.7938414216041565,0.8029197080291971,0.8235294117647058
2,2,60,0.32548972964286804,0.7672812342643738,0.8540145985401459,0.8235294117647058
2,2,61,0.3419191241264343,0.6653847694396973,0.8467153284671532,0.8235294117647058
2,2,62,0.3202492296695709,0.8013119697570801,0.8540145985401459,0.7941176470588235
2,2,63,0.32082998752593994,0.8333695530891418,0.8540145985401459,0.7941176470588235
2,2,64,0.3310805857181549,0.693548321723938,0.8467153284671532,0.8235294117647058
2,2,65,0.2993103265762329,0.75738525390625,0.8394160583941606,0.8235294117647058
2,2,66,0.35655397176742554,0.9403858184814453,0.7883211678832117,0.7647058823529411
2,2,67,0.3010334372520447,0.7417461276054382,0.8540145985401459,0.8235294117647058
2,2,68,0.29896578192710876,0.7489744424819946,0.8613138686131386,0.8235294117647058
2,2,69,0.3192782402038574,0.9368813633918762,0.8175182481751825,0.7647058823529411
2,2,70,0.2840140163898468,0.8782035112380981,0.8759124087591241,0.7941176470588235
2,2,71,0.2990078330039978,0.7524268627166748,0.8613138686131386,0.8235294117647058
2,2,72,0.2684316039085388,0.8246415853500366,0.8905109489051095,0.8235294117647058
2,2,73,0.2907038629055023,0.9396894574165344,0.8613138686131386,0.7941176470588235
2,2,74,0.27001386880874634,0.7843283414840698,0.8759124087591241,0.8235294117647058
2,2,75,0.2524261176586151,0.8471305966377258,0.9051094890510949,0.8235294117647058
2,2,76,0.2909737527370453,1.0145622491836548,0.8540145985401459,0.7647058823529411
2,2,77,0.2633322477340698,0.8058419227600098,0.8759124087591241,0.8235294117647058
2,2,78,0.24062864482402802,0.876022219657898,0.9124087591240876,0.8235294117647058
2,2,79,0.2744402289390564,1.0318986177444458,0.8759124087591241,0.7941176470588235
2,2,80,0.23516739904880524,0.8506555557250977,0.8978102189781022,0.8235294117647058
2,2,81,0.22843952476978302,0.8761541843414307,0.8978102189781022,0.8235294117647058
2,2,82,0.2696737051010132,1.0648765563964844,0.8540145985401459,0.7941176470588235
2,2,83,0.2433854192495346,0.8393996357917786,0.8978102189781022,0.8529411764705882
2,2,84,0.21049560606479645,0.9512818455696106,0.9343065693430657,0.8235294117647058
2,2,85,0.26182302832603455,1.1323457956314087,0.8613138686131386,0.8235294117647058
2,2,86,0.22106246650218964,0.9004386067390442,0.9124087591240876,0.8529411764705882
2,2,87,0.20220793783664703,0.9551277160644531,0.9124087591240876,0.8235294117647058
2,2,88,0.28051361441612244,1.229409098625183,0.8175182481751825,0.8235294117647058
2,2,89,0.2287079244852066,0.9107528328895569,0.8978102189781022,0.8529411764705882
2,2,90,0.18582262098789215,1.0570542812347412,0.9416058394160584,0.8235294117647058
2,2,91,0.25462648272514343,1.2620890140533447,0.8613138686131386,0.7941176470588235
2,2,92,0.19759759306907654,0.9757674932479858,0.9124087591240876,0.8529411764705882
2,2,93,0.20323732495307922,0.971285879611969,0.8978102189781022,0.8529411764705882
2,2,94,0.26795077323913574,1.3165435791015625,0.8613138686131386,0.7941176470588235
2,2,95,0.1767267882823944,1.053147315979004,0.9051094890510949,0.8529411764705882
2,2,96,0.2248229682445526,0.9522586464881897,0.9051094890510949,0.8235294117647058
2,2,97,0.18641264736652374,1.184205174446106,0.9343065693430657,0.8235294117647058
2,2,98,0.1800278127193451,1.1775329113006592,0.948905109489051,0.8235294117647058
2,2,99,0.17492517828941345,1.0199246406555176,0.9124087591240876,0.8529411764705882
2,2,100,0.16033422946929932,1.0846482515335083,0.9416058394160584,0.8529411764705882
2,3,1,0.6921910047531128,0.6632606387138367,0.7226277372262774,0.7352941176470589
2,3,2,0.6509096622467041,0.6484196782112122,0.7226277372262774,0.7352941176470589
2,3,3,0.6418195962905884,0.6386465430259705,0.7226277372262774,0.7352941176470589
2,3,4,0.6046807169914246,0.5977407097816467,0.7226277372262774,0.7352941176470589
2,3,5,0.58232581615448,0.5698526501655579,0.7226277372262774,0.7352941176470589
2,3,6,0.5955266952514648,0.5789127349853516,0.7226277372262774,0.7352941176470589
2,3,7,0.5931996703147888,0.577199399471283,0.7226277372262774,0.7352941176470589
2,3,8,0.5764484405517578,0.5641589760780334,0.7226277372262774,0.7352941176470589
2,3,9,0.5734245181083679,0.5647651553153992,0.7226277372262774,0.7352941176470589
2,3,10,0.5773981213569641,0.5708875060081482,0.7226277372262774,0.7352941176470589
2,3,11,0.5752140283584595,0.5693270564079285,0.7226277372262774,0.7352941176470589
2,3,12,0.5667051076889038,0.560640811920166,0.7226277372262774,0.7352941176470589
2,3,13,0.5583183169364929,0.5516969561576843,0.7226277372262774,0.7352941176470589
2,3,14,0.5561383962631226,0.5492425560951233,0.7226277372262774,0.7352941176470589
2,3,15,0.5542539954185486,0.5479500889778137,0.7226277372262774,0.7352941176470589
2,3,16,0.5469726920127869,0.5418239235877991,0.7226277372262774,0.7352941176470589
2,3,17,0.5394112467765808,0.5359945893287659,0.7226277372262774,0.7352941176470589
2,3,18,0.5357558131217957,0.5347141027450562,0.7226277372262774,0.7352941176470589
2,3,19,0.5315920114517212,0.5330408811569214,0.7226277372262774,0.7352941176470589
2,3,20,0.5235229134559631,0.5254333019256592,0.7226277372262774,0.7352941176470589
2,3,21,0.5177456140518188,0.5202338695526123,0.7226277372262774,0.7352941176470589
2,3,22,0.5139614939689636,0.5181048512458801,0.7226277372262774,0.7352941176470589
2,3,23,0.504864513874054,0.5129493474960327,0.7226277372262774,0.7352941176470589
2,3,24,0.5018811821937561,0.5161138772964478,0.7226277372262774,0.7352941176470589
2,3,25,0.4961244761943817,0.5133205056190491,0.7226277372262774,0.7352941176470589
2,3,26,0.4899144470691681,0.5077796578407288,0.7226277372262774,0.7352941176470589
2,3,27,0.48788875341415405,0.507940948009491,0.7226277372262774,0.7352941176470589
2,3,28,0.47930485010147095,0.5058479309082031,0.7226277372262774,0.7352941176470589
2,3,29,0.47544586658477783,0.5091713666915894,0.7226277372262774,0.7352941176470589
2,3,30,0.46999475359916687,0.5054863691329956,0.7226277372262774,0.7352941176470589
2,3,31,0.46781086921691895,0.5027600526809692,0.7226277372262774,0.7352941176470589
2,3,32,0.46125710010528564,0.5010417699813843,0.7226277372262774,0.7352941176470589
2,3,33,0.45683157444000244,0.5036333203315735,0.7226277372262774,0.7352941176470589
2,3,34,0.45140883326530457,0.5007397532463074,0.7226277372262774,0.7352941176470589
2,3,35,0.448820561170578,0.4979417622089386,0.7226277372262774,0.7352941176470589
2,3,36,0.4410903751850128,0.4949815571308136,0.7299270072992701,0.7352941176470589
2,3,37,0.438138484954834,0.4964929521083832,0.7518248175182481,0.7647058823529411
2,3,38,0.4343545734882355,0.4934089779853821,0.7299270072992701,0.7647058823529411
2,3,39,0.4288899600505829,0.4909437894821167,0.7445255474452555,0.7647058823529411
2,3,40,0.4242340922355652,0.48699653148651123,0.7445255474452555,0.7647058823529411
2,3,41,0.4192970395088196,0.4856286346912384,0.7445255474452555,0.7647058823529411
2,3,42,0.41253605484962463,0.4798826277256012,0.7664233576642335,0.7647058823529411
2,3,43,0.4056699872016907,0.47410792112350464,0.7737226277372263,0.7941176470588235
2,3,44,0.4020143449306488,0.47351348400115967,0.7883211678832117,0.7647058823529411
2,3,45,0.40211352705955505,0.47214004397392273,0.7518248175182481,0.7647058823529411
2,3,46,0.39421629905700684,0.47634539008140564,0.7883211678832117,0.8235294117647058
2,3,47,0.38759198784828186,0.4674622416496277,0.7737226277372263,0.7647058823529411
2,3,48,0.3835579752922058,0.4682197868824005,0.7664233576642335,0.7647058823529411
2,3,49,0.37976741790771484,0.4763437807559967,0.8175182481751825,0.8529411764705882
2,3,50,0.3773321807384491,0.4707879424095154,0.7664233576642335,0.7941176470588235
2,3,51,0.36620357632637024,0.470156729221344,0.8102189781021898,0.8235294117647058
2,3,52,0.36204081773757935,0.4740622937679291,0.8248175182481752,0.8235294117647058
2,3,53,0.3584769368171692,0.4737749695777893,0.7956204379562044,0.7941176470588235
2,3,54,0.3511205017566681,0.4707425534725189,0.8248175182481752,0.8529411764705882
2,3,55,0.353430837392807,0.47397175431251526,0.7737226277372263,0.7647058823529411
2,3,56,0.3430573344230652,0.4716067612171173,0.8394160583941606,0.8529411764705882
2,3,57,0.3510429859161377,0.4794304668903351,0.781021897810219,0.7941176470588235
2,3,58,0.34279805421829224,0.47662803530693054,0.8175182481751825,0.8529411764705882
2,3,59,0.3345528542995453,0.46447837352752686,0.8321167883211679,0.7941176470588235
2,3,60,0.3272620439529419,0.46321070194244385,0.8175182481751825,0.8529411764705882
2,3,61,0.3262048363685608,0.4659985303878784,0.8248175182481752,0.8529411764705882
2,3,62,0.324992835521698,0.46606388688087463,0.8248175182481752,0.7941176470588235
2,3,63,0.31703129410743713,0.4633234739303589,0.8394160583941606,0.8529411764705882
2,3,64,0.31810861825942993,0.4691711366176605,0.8248175182481752,0.7647058823529411
2,3,65,0.3089468777179718,0.461881160736084,0.8540145985401459,0.8529411764705882
2,3,66,0.3172639012336731,0.4887198209762573,0.8175182481751825,0.7941176470588235
2,3,67,0.3110729157924652,0.47431692481040955,0.8540145985401459,0.8529411764705882
2,3,68,0.3198486566543579,0.48262590169906616,0.8102189781021898,0.7941176470588235
2,3,69,0.3012237548828125,0.46137353777885437,0.8613138686131386,0.8529411764705882
2,3,70,0.29377853870391846,0.4557161033153534,0.8540145985401459,0.8235294117647058
2,3,71,0.2842997610569,0.4469662010669708,0.8540145985401459,0.7941176470588235
2,3,72,0.2798548936843872,0.4400319755077362,0.8759124087591241,0.8235294117647058
2,3,73,0.27523964643478394,0.440451443195343,0.8978102189781022,0.8235294117647058
2,3,74,0.2805936336517334,0.4621444642543793,0.8467153284671532,0.8235294117647058
2,3,75,0.2872116267681122,0.4527456760406494,0.8686131386861314,0.8529411764705882
2,3,76,0.2920917570590973,0.48266276717185974,0.8248175182481752,0.7941176470588235
2,3,77,0.26429039239883423,0.4358699321746826,0.8759124087591241,0.8823529411764706
2,3,78,0.25409093499183655,0.44255128502845764,0.8905109489051095,0.8235294117647058
2,3,79,0.2645193338394165,0.479679673910141,0.8832116788321168,0.8235294117647058
2,3,80,0.2542620599269867,0.43617701530456543,0.8832116788321168,0.8823529411764706
2,3,81,0.26214224100112915,0.45826566219329834,0.8686131386861314,0.8529411764705882
2,3,82,0.2400769740343094,0.41722872853279114,0.9124087591240876,0.8823529411764706
2,3,83,0.2279181331396103,0.4175814986228943,0.9124087591240876,0.8529411764705882
2,3,84,0.24372722208499908,0.47614121437072754,0.8905109489051095,0.8529411764705882
2,3,85,0.22463354468345642,0.4301193058490753,0.8905109489051095,0.8823529411764706
2,3,86,0.21370159089565277,0.4300612509250641,0.9197080291970803,0.8529411764705882
2,3,87,0.211446151137352,0.43637406826019287,0.927007299270073,0.8235294117647058
2,3,88,0.21299749612808228,0.4251249432563782,0.9051094890510949,0.8823529411764706
2,3,89,0.2353391945362091,0.5229499340057373,0.8832116788321168,0.8529411764705882
2,3,90,0.2403290718793869,0.4511069655418396,0.8759124087591241,0.7941176470588235
2,3,91,0.21129198372364044,0.45851802825927734,0.9124087591240876,0.7941176470588235
2,3,92,0.18928556144237518,0.41758131980895996,0.9343065693430657,0.8235294117647058
2,3,93,0.1836179494857788,0.42724812030792236,0.9343065693430657,0.8823529411764706
2,3,94,0.1811341941356659,0.43794289231300354,0.9343065693430657,0.8235294117647058
2,3,95,0.17609873414039612,0.42752644419670105,0.9416058394160584,0.8823529411764706
2,3,96,0.174647256731987,0.4325285851955414,0.948905109489051,0.8823529411764706
2,3,97,0.19266363978385925,0.5069052577018738,0.9197080291970803,0.8235294117647058
2,3,98,0.2131115198135376,0.5037383437156677,0.8978102189781022,0.8235294117647058
2,3,99,0.20181132853031158,0.5400738716125488,0.9124087591240876,0.7941176470588235
2,3,100,0.15341852605342865,0.4375903904438019,0.948905109489051,0.8823529411764706
2,4,1,0.7533552646636963,0.7211687564849854,0.7226277372262774,0.7352941176470589
2,4,2,0.6462099552154541,0.6452957391738892,0.7226277372262774,0.7352941176470589
2,4,3,0.6560982465744019,0.6557938456535339,0.7226277372262774,0.7352941176470589
2,4,4,0.6327650547027588,0.6307725310325623,0.7226277372262774,0.7352941176470589
2,4,5,0.6055405139923096,0.6014021635055542,0.7226277372262774,0.7352941176470589
2,4,6,0.5843909978866577,0.5766773223876953,0.7226277372262774,0.7352941176470589
2,4,7,0.5890811085700989,0.5768337249755859,0.7226277372262774,0.7352941176470589
2,4,8,0.5998801589012146,0.5863919854164124,0.7226277372262774,0.7352941176470589
2,4,9,0.5889960527420044,0.5787396430969238,0.7226277372262774,0.7352941176470589
2,4,10,0.5748333930969238,0.5696296095848083,0.7226277372262774,0.7352941176470589
2,4,11,0.5724246501922607,0.5714425444602966,0.7226277372262774,0.7352941176470589
2,4,12,0.5745836496353149,0.5768707990646362,0.7226277372262774,0.7352941176470589
2,4,13,0.5732288360595703,0.5786803960800171,0.7226277372262774,0.7352941176470589
2,4,14,0.566185712814331,0.5747154951095581,0.7226277372262774,0.7352941176470589
2,4,15,0.5572143197059631,0.5679972171783447,0.7226277372262774,0.7352941176470589
2,4,16,0.552562415599823,0.5646129250526428,0.7226277372262774,0.7352941176470589
2,4,17,0.5517624020576477,0.5656717419624329,0.7226277372262774,0.7352941176470589
2,4,18,0.547899067401886,0.5659469962120056,0.7226277372262774,0.7352941176470589
2,4,19,0.5372664332389832,0.5632310509681702,0.7226277372262774,0.7352941176470589
2,4,20,0.530014157295227,0.5645221471786499,0.7226277372262774,0.7352941176470589
2,4,21,0.527045726776123,0.5692630410194397,0.7226277372262774,0.7352941176470589
2,4,22,0.5203385949134827,0.5705763101577759,0.7226277372262774,0.7352941176470589
2,4,23,0.5093294382095337,0.5684917569160461,0.7226277372262774,0.7352941176470589
2,4,24,0.502480149269104,0.5695726871490479,0.7226277372262774,0.7352941176470589
2,4,25,0.4968441128730774,0.5739209651947021,0.7226277372262774,0.7352941176470589
2,4,26,0.4869947135448456,0.5762728452682495,0.7226277372262774,0.7352941176470589
2,4,27,0.47990182042121887,0.5804651975631714,0.7226277372262774,0.7352941176470589
2,4,28,0.4740428030490875,0.5849729180335999,0.7226277372262774,0.7352941176470589
2,4,29,0.46653851866722107,0.5914707183837891,0.7226277372262774,0.7352941176470589
2,4,30,0.4605480134487152,0.6003542542457581,0.7226277372262774,0.7352941176470589
2,4,31,0.45458081364631653,0.6110789775848389,0.7226277372262774,0.7352941176470589
2,4,32,0.4476345479488373,0.6169632077217102,0.7226277372262774,0.7352941176470589
2,4,33,0.44415146112442017,0.6195859909057617,0.7226277372262774,0.7352941176470589
2,4,34,0.4402228593826294,0.6272810697555542,0.7226277372262774,0.7352941176470589
2,4,35,0.43669751286506653,0.6281699538230896,0.7226277372262774,0.7352941176470589
2,4,36,0.43146663904190063,0.630653977394104,0.7226277372262774,0.7352941176470589
2,4,37,0.42582762241363525,0.6386078000068665,0.7226277372262774,0.7352941176470589
2,4,38,0.42151403427124023,0.6437069177627563,0.7226277372262774,0.7352941176470589
2,4,39,0.41501206159591675,0.6444683074951172,0.8029197080291971,0.7647058823529411
2,4,40,0.4073004126548767,0.6491410732269287,0.8102189781021898,0.7352941176470589
2,4,41,0.40045586228370667,0.6549649834632874,0.7956204379562044,0.6764705882352942
2,4,42,0.3961538076400757,0.6551032662391663,0.8175182481751825,0.7647058823529411
2,4,43,0.3855884075164795,0.6574603915214539,0.8102189781021898,0.7058823529411765
2,4,44,0.3791201114654541,0.6563107371330261,0.8175182481751825,0.7058823529411765
2,4,45,0.3675538897514343,0.6644644737243652,0.8248175182481752,0.6764705882352942
2,4,46,0.3905412554740906,0.6724081635475159,0.8102189781021898,0.7941176470588235
2,4,47,0.3660881817340851,0.6622994542121887,0.8175182481751825,0.6176470588235294
2,4,48,0.3487393856048584,0.6506790518760681,0.8540145985401459,0.6470588235294118
2,4,49,0.4047234058380127,0.7040767073631287,0.7956204379562044,0.7647058823529411
2,4,50,0.3428107798099518,0.6532189846038818,0.8540145985401459,0.6470588235294118
2,4,51,0.34598368406295776,0.664900541305542,0.8394160583941606,0.6176470588235294
2,4,52,0.37250715494155884,0.6928392052650452,0.8248175182481752,0.7941176470588235
2,4,53,0.3247598707675934,0.6577955484390259,0.8467153284671532,0.7647058823529411
2,4,54,0.3487890064716339,0.7019512057304382,0.8321167883211679,0.6176470588235294
2,4,55,0.31215760111808777,0.6542114019393921,0.8540145985401459,0.7058823529411765
2,4,56,0.3681027591228485,0.7087186574935913,0.8175182481751825,0.7941176470588235
2,4,57,0.30552154779434204,0.6434105038642883,0.8613138686131386,0.6470588235294118
2,4,58,0.3314729630947113,0.6803944110870361,0.8540145985401459,0.6470588235294118
2,4,59,0.2981959879398346,0.6463433504104614,0.8540145985401459,0.7647058823529411
2,4,60,0.3164996802806854,0.6759427785873413,0.8467153284671532,0.7941176470588235
2,4,61,0.2860339879989624,0.6490048766136169,0.8467153284671532,0.6470588235294118
2,4,62,0.2856629192829132,0.6527209877967834,0.8759124087591241,0.6764705882352942
2,4,63,0.290853887796402,0.665804922580719,0.8759124087591241,0.7941176470588235
2,4,64,0.2740364670753479,0.6454252600669861,0.8905109489051095,0.7352941176470589
2,4,65,0.2743896543979645,0.6433680653572083,0.8686131386861314,0.7058823529411765
2,4,66,0.26425719261169434,0.6390705704689026,0.8832116788321168,0.7058823529411765
2,4,67,0.27029022574424744,0.6641248464584351,0.8905109489051095,0.7941176470588235
2,4,68,0.25404709577560425,0.6547448635101318,0.8832116788321168,0.6764705882352942
2,4,69,0.24595819413661957,0.6687027215957642,0.8832116788321168,0.6470588235294118
2,4,70,0.24564015865325928,0.6994187235832214,0.8978102189781022,0.7647058823529411
2,4,71,0.22725939750671387,0.6963472962379456,0.8978102189781022,0.7352941176470589
2,4,72,0.23365040123462677,0.7029158473014832,0.9124087591240876,0.6470588235294118
2,4,73,0.2668023705482483,0.7741456031799316,0.8832116788321168,0.7647058823529411
2,4,74,0.21279220283031464,0.7015454769134521,0.927007299270073,0.7352941176470589
2,4,75,0.2061096727848053,0.7050782442092896,0.9197080291970803,0.7352941176470589
2,4,76,0.21993689239025116,0.7480220198631287,0.9051094890510949,0.7647058823529411
2,4,77,0.20555835962295532,0.708638608455658,0.927007299270073,0.7352941176470589
2,4,78,0.19312267005443573,0.7219856381416321,0.948905109489051,0.7352941176470589
2,4,79,0.18476146459579468,0.7264515161514282,0.948905109489051,0.7352941176470589
2,4,80,0.18409210443496704,0.7242122292518616,0.9343065693430657,0.7352941176470589
2,4,81,0.1840803176164627,0.766314685344696,0.9343065693430657,0.7058823529411765
2,4,82,0.17493836581707,0.7328629493713379,0.9416058394160584,0.7352941176470589
2,4,83,0.19989559054374695,0.8380400538444519,0.9124087591240876,0.7647058823529411
2,4,84,0.19161561131477356,0.7561675310134888,0.9197080291970803,0.6764705882352942
2,4,85,0.16172845661640167,0.785747766494751,0.9416058394160584,0.7058823529411765
2,4,86,0.15919549763202667,0.7864437103271484,0.9343065693430657,0.7058823529411765
2,4,87,0.1767193078994751,0.7548916935920715,0.9197080291970803,0.7058823529411765
2,4,88,0.17741839587688446,0.8622578382492065,0.9197080291970803,0.7941176470588235
2,4,89,0.1354651004076004,0.8182254433631897,0.9635036496350365,0.7352941176470589
2,4,90,0.16417153179645538,0.7915784120559692,0.948905109489051,0.7058823529411765
2,4,91,0.1990472376346588,0.9623523950576782,0.9051094890510949,0.7647058823529411
2,4,92,0.13022470474243164,0.7827445864677429,0.9708029197080292,0.7352941176470589
2,4,93,0.11958342045545578,0.786162793636322,0.9781021897810219,0.7647058823529411
2,4,94,0.24429883062839508,1.0278902053833008,0.8613138686131386,0.7941176470588235
2,4,95,0.20143389701843262,0.8345546722412109,0.9051094890510949,0.7058823529411765
2,4,96,0.11207275837659836,0.8604946136474609,0.9781021897810219,0.7647058823529411
2,4,97,0.18701204657554626,1.0151358842849731,0.8978102189781022,0.7352941176470589
2,4,98,0.13305774331092834,0.7948746681213379,0.9635036496350365,0.7352941176470589
2,4,99,0.14628559350967407,0.7799516320228577,0.9343065693430657,0.7058823529411765
2,4,100,0.2080821841955185,0.9562044739723206,0.8905109489051095,0.7941176470588235
2,5,1,0.711876630783081,0.770861804485321,0.7299270072992701,0.7058823529411765
2,5,2,0.636928915977478,0.645115315914154,0.7299270072992701,0.7058823529411765
2,5,3,0.64280766248703,0.6499735116958618,0.7299270072992701,0.7058823529411765
2,5,4,0.6198763847351074,0.6311925053596497,0.7299270072992701,0.7058823529411765
2,5,5,0.5882906913757324,0.6078660488128662,0.7299270072992701,0.7058823529411765
2,5,6,0.5736090540885925,0.6062349677085876,0.7299270072992701,0.7058823529411765
2,5,7,0.590472400188446,0.6349892616271973,0.7299270072992701,0.7058823529411765
2,5,8,0.5870957970619202,0.6329149603843689,0.7299270072992701,0.7058823529411765
2,5,9,0.5685021281242371,0.6078603863716125,0.7299270072992701,0.7058823529411765
2,5,10,0.5636239647865295,0.5951411128044128,0.7299270072992701,0.7058823529411765
2,5,11,0.5687481760978699,0.5953906178474426,0.7299270072992701,0.7058823529411765
2,5,12,0.5690929293632507,0.5951992273330688,0.7299270072992701,0.7058823529411765
2,5,13,0.561549723148346,0.5909358263015747,0.7299270072992701,0.7058823529411765
2,5,14,0.5511617064476013,0.5873488187789917,0.7299270072992701,0.7058823529411765
2,5,15,0.5469879508018494,0.5919892191886902,0.7299270072992701,0.7058823529411765
2,5,16,0.549165666103363,0.6017763614654541,0.7299270072992701,0.7058823529411765
2,5,17,0.5445870757102966,0.5990864038467407,0.7299270072992701,0.7058823529411765
2,5,18,0.5347058773040771,0.585300087928772,0.7299270072992701,0.7058823529411765
2,5,19,0.5311135649681091,0.5748482942581177,0.7299270072992701,0.7058823529411765
2,5,20,0.5323445200920105,0.5715611577033997,0.7299270072992701,0.7058823529411765
2,5,21,0.5278452634811401,0.5682931542396545,0.7299270072992701,0.7058823529411765
2,5,22,0.5176265835762024,0.5665679574012756,0.7299270072992701,0.7058823529411765
2,5,23,0.5133048892021179,0.5733123421669006,0.7299270072992701,0.7058823529411765
2,5,24,0.5117467641830444,0.5789168477058411,0.7299270072992701,0.7058823529411765
2,5,25,0.5034253001213074,0.568297266960144,0.7299270072992701,0.7058823529411765
2,5,26,0.4968932867050171,0.553090512752533,0.7299270072992701,0.7058823529411765
2,5,27,0.49585020542144775,0.544503927230835,0.7299270072992701,0.7058823529411765
2,5,28,0.4896775782108307,0.540794849395752,0.7299270072992701,0.7058823529411765
2,5,29,0.48213863372802734,0.5442661046981812,0.7299270072992701,0.7058823529411765
2,5,30,0.47816479206085205,0.5485670566558838,0.7299270072992701,0.7058823529411765
2,5,31,0.470936119556427,0.5380788445472717,0.7299270072992701,0.7058823529411765
2,5,32,0.4656688868999481,0.5260589122772217,0.7299270072992701,0.7058823529411765
2,5,33,0.4622039496898651,0.5176721215248108,0.7299270072992701,0.7058823529411765
2,5,34,0.4561273157596588,0.5231896638870239,0.7299270072992701,0.7058823529411765
2,5,35,0.45221588015556335,0.5305397510528564,0.7299270072992701,0.7058823529411765
2,5,36,0.4470263123512268,0.5205903649330139,0.7299270072992701,0.7058823529411765
2,5,37,0.44400274753570557,0.5061784386634827,0.7299270072992701,0.7058823529411765
2,5,38,0.4401737451553345,0.5051738619804382,0.7299270072992701,0.7058823529411765
2,5,39,0.4358212649822235,0.5142747163772583,0.7299270072992701,0.7058823529411765
2,5,40,0.4335014820098877,0.5258798003196716,0.7299270072992701,0.7058823529411765
2,5,41,0.4260048270225525,0.5107157230377197,0.7299270072992701,0.7058823529411765
2,5,42,0.42296233773231506,0.49445608258247375,0.7299270072992701,0.7058823529411765
2,5,43,0.4188913404941559,0.5136346817016602,0.7299270072992701,0.7058823529411765
2,5,44,0.4139161705970764,0.5191144347190857,0.7299270072992701,0.7058823529411765
2,5,45,0.4087079167366028,0.4976221024990082,0.7299270072992701,0.7058823529411765
2,5,46,0.4042436182498932,0.5099855065345764,0.7299270072992701,0.7058823529411765
2,5,47,0.40102559328079224,0.5242008566856384,0.7299270072992701,0.7058823529411765
2,5,48,0.3946307599544525,0.5047985315322876,0.7664233576642335,0.7058823529411765
2,5,49,0.38948142528533936,0.5032392144203186,0.7737226277372263,0.7352941176470589
2,5,50,0.38943547010421753,0.5281115174293518,0.7445255474452555,0.7058823529411765
2,5,51,0.3815707564353943,0.4989168643951416,0.8102189781021898,0.7352941176470589
2,5,52,0.379593163728714,0.487956166267395,0.8175182481751825,0.7352941176470589
2,5,53,0.3816452622413635,0.5171598792076111,0.7445255474452555,0.7352941176470589
2,5,54,0.36886924505233765,0.4789049029350281,0.8248175182481752,0.7058823529411765
2,5,55,0.3664318919181824,0.5076531767845154,0.8175182481751825,0.7058823529411765
2,5,56,0.3596837818622589,0.48703497648239136,0.8248175182481752,0.7058823529411765
2,5,57,0.3560367822647095,0.4573212265968323,0.8467153284671532,0.7058823529411765
2,5,58,0.3586580157279968,0.49825170636177063,0.7664233576642335,0.7647058823529411
2,5,59,0.34357789158821106,0.45947250723838806,0.8394160583941606,0.7058823529411765
2,5,60,0.3379964828491211,0.46803709864616394,0.8467153284671532,0.7058823529411765
2,5,61,0.3387490510940552,0.49386870861053467,0.8102189781021898,0.7352941176470589
2,5,62,0.33603501319885254,0.4393582046031952,0.8686131386861314,0.6764705882352942
2,5,63,0.33295321464538574,0.49379080533981323,0.8248175182481752,0.7058823529411765
2,5,64,0.31988242268562317,0.47525647282600403,0.8394160583941606,0.7058823529411765
2,5,65,0.31908127665519714,0.4379107356071472,0.8978102189781022,0.7352941176470589
2,5,66,0.3436747193336487,0.5398949980735779,0.7883211678832117,0.7647058823529411
2,5,67,0.32248789072036743,0.42911195755004883,0.8686131386861314,0.7352941176470589
2,5,68,0.30140677094459534,0.4800366759300232,0.8613138686131386,0.7058823529411765
2,5,69,0.31874239444732666,0.5590764284133911,0.8321167883211679,0.7058823529411765
2,5,70,0.3061985671520233,0.426883339881897,0.8759124087591241,0.7352941176470589
2,5,71,0.2896329164505005,0.4581783413887024,0.8978102189781022,0.6764705882352942
2,5,72,0.29603758454322815,0.504168689250946,0.8540145985401459,0.7352941176470589
2,5,73,0.2977621853351593,0.4241352379322052,0.8832116788321168,0.7352941176470589
2,5,74,0.28195324540138245,0.4926290512084961,0.8759124087591241,0.7352941176470589
2,5,75,0.27653104066848755,0.5004721879959106,0.8759124087591241,0.7352941176470589
2,5,76,0.26824912428855896,0.43685269355773926,0.9124087591240876,0.7058823529411765
2,5,77,0.2641090154647827,0.45880869030952454,0.9051094890510949,0.7352941176470589
2,5,78,0.25302430987358093,0.4515412151813507,0.9124087591240876,0.7058823529411765
2,5,79,0.24587079882621765,0.48153990507125854,0.9124087591240876,0.7352941176470589
2,5,80,0.23852279782295227,0.473066121339798,0.927007299270073,0.7352941176470589
2,5,81,0.23540087044239044,0.489933580160141,0.9124087591240876,0.7058823529411765
2,5,82,0.22730302810668945,0.44379740953445435,0.9343065693430657,0.7058823529411765
2,5,83,0.22211521863937378,0.4705941379070282,0.9343065693430657,0.7058823529411765
2,5,84,0.2213873714208603,0.4287576675415039,0.9343065693430657,0.7352941176470589
2,5,85,0.2580339312553406,0.5655834078788757,0.8686131386861314,0.7058823529411765
2,5,86,0.2567529082298279,0.43428781628608704,0.8905109489051095,0.8235294117647058
2,5,87,0.20101474225521088,0.4834820330142975,0.948905109489051,0.7352941176470589
2,5,88,0.24271464347839355,0.6072264909744263,0.8759124087591241,0.7058823529411765
2,5,89,0.22687876224517822,0.4601079225540161,0.8978102189781022,0.7352941176470589
2,5,90,0.18961256742477417,0.5008925795555115,0.9416058394160584,0.7058823529411765
2,5,91,0.26656007766723633,0.6782079935073853,0.8613138686131386,0.7352941176470589
2,5,92,0.21818052232265472,0.4693971872329712,0.9051094890510949,0.7647058823529411
2,5,93,0.18138965964317322,0.47071388363838196,0.9343065693430657,0.7352941176470589
2,5,94,0.3000655770301819,0.7183071374893188,0.8029197080291971,0.7647058823529411
2,5,95,0.18128108978271484,0.4527534544467926,0.9416058394160584,0.7352941176470589
2,5,96,0.21024441719055176,0.44961291551589966,0.9124087591240876,0.8235294117647058
2,5,97,0.2027418613433838,0.5346554517745972,0.9124087591240876,0.7647058823529411
2,5,98,0.16364140808582306,0.4994199573993683,0.948905109489051,0.7352941176470589
2,5,99,0.18241773545742035,0.48551979660987854,0.927007299270073,0.7058823529411765
2,5,100,0.1615421026945114,0.5738312005996704,0.9562043795620438,0.7352941176470589
3,1,1,0.7195561528205872,0.7526986002922058,0.7279411764705882,0.7142857142857143
3,1,2,0.6304253935813904,0.6362825036048889,0.7279411764705882,0.7142857142857143
3,1,3,0.6459900140762329,0.650985062122345,0.7279411764705882,0.7142857142857143
3,1,4,0.61916184425354,0.6276622414588928,0.7279411764705882,0.7142857142857143
3,1,5,0.5886646509170532,0.6025010943412781,0.7279411764705882,0.7142857142857143
3,1,6,0.5790899991989136,0.5998433828353882,0.7279411764705882,0.7142857142857143
3,1,7,0.5934291481971741,0.6193476319313049,0.7279411764705882,0.7142857142857143
3,1,8,0.5907807946205139,0.6177043318748474,0.7279411764705882,0.7142857142857143
3,1,9,0.5753820538520813,0.6004432439804077,0.7279411764705882,0.7142857142857143
3,1,10,0.5698927640914917,0.5927741527557373,0.7279411764705882,0.7142857142857143
3,1,11,0.573074221611023,0.5945117473602295,0.7279411764705882,0.7142857142857143
3,1,12,0.5740799307823181,0.5960993766784668,0.7279411764705882,0.7142857142857143
3,1,13,0.5683043599128723,0.5929538011550903,0.7279411764705882,0.7142857142857143
3,1,14,0.5594874024391174,0.5881326794624329,0.7279411764705882,0.7142857142857143
3,1,15,0.5541034936904907,0.5872107148170471,0.7279411764705882,0.7142857142857143
3,1,16,0.5530940890312195,0.5905544757843018,0.7279411764705882,0.7142857142857143
3,1,17,0.5511291027069092,0.5922698974609375,0.7279411764705882,0.7142857142857143
3,1,18,0.5422258973121643,0.586592435836792,0.7279411764705882,0.7142857142857143
3,1,19,0.5336525440216064,0.5811777710914612,0.7279411764705882,0.7142857142857143
3,1,20,0.5310287475585938,0.5820357799530029,0.7279411764705882,0.7142857142857143
3,1,21,0.5248096585273743,0.581379771232605,0.7279411764705882,0.7142857142857143
3,1,22,0.513416051864624,0.5779129862785339,0.7279411764705882,0.7142857142857143
3,1,23,0.5066216588020325,0.5795572400093079,0.7279411764705882,0.7142857142857143
3,1,24,0.5012222528457642,0.583320140838623,0.7279411764705882,0.7142857142857143
3,1,25,0.4903877377510071,0.5815510153770447,0.7279411764705882,0.7142857142857143
3,1,26,0.4848524034023285,0.5833191275596619,0.7279411764705882,0.7142857142857143
3,1,27,0.4774377644062042,0.5856491923332214,0.7279411764705882,0.7142857142857143
3,1,28,0.4710789918899536,0.5914605855941772,0.7279411764705882,0.7142857142857143
3,1,29,0.4649014174938202,0.5964450240135193,0.7279411764705882,0.7142857142857143
3,1,30,0.45550498366355896,0.5939046740531921,0.7279411764705882,0.7142857142857143
3,1,31,0.4508383870124817,0.5957769155502319,0.7279411764705882,0.7142857142857143
3,1,32,0.44313210248947144,0.5997769832611084,0.7279411764705882,0.7142857142857143
3,1,33,0.4390857517719269,0.6082140207290649,0.7279411764705882,0.7142857142857143
3,1,34,0.4301651120185852,0.6042512059211731,0.7279411764705882,0.7142857142857143
3,1,35,0.4248110055923462,0.6054337024688721,0.7279411764705882,0.7142857142857143
3,1,36,0.4196127653121948,0.608650267124176,0.7279411764705882,0.7142857142857143
3,1,37,0.4130808711051941,0.6121645569801331,0.7279411764705882,0.7142857142857143
3,1,38,0.40584585070610046,0.6116971969604492,0.7279411764705882,0.7142857142857143
3,1,39,0.39997395873069763,0.6203157305717468,0.7279411764705882,0.7142857142857143
3,1,40,0.3937525153160095,0.616362452507019,0.7279411764705882,0.7142857142857143
3,1,41,0.3896215558052063,0.6168744564056396,0.7426470588235294,0.7142857142857143
3,1,42,0.3834148943424225,0.6170804500579834,0.7647058823529411,0.7142857142857143
3,1,43,0.3770791292190552,0.6317086219787598,0.7720588235294118,0.6857142857142857
3,1,44,0.36890384554862976,0.6281870007514954,0.8088235294117647,0.7142857142857143
3,1,45,0.36633428931236267,0.6248547434806824,0.8088235294117647,0.7142857142857143
3,1,46,0.3603518307209015,0.6330778002738953,0.8014705882352942,0.7428571428571429
3,1,47,0.3540791869163513,0.6329454779624939,0.8088235294117647,0.7428571428571429
3,1,48,0.3482309877872467,0.6320204138755798,0.8308823529411765,0.6857142857142857
3,1,49,0.3470439612865448,0.638293981552124,0.8088235294117647,0.7142857142857143
3,1,50,0.34042027592658997,0.6300632953643799,0.8308823529411765,0.6857142857142857
3,1,51,0.3391159772872925,0.6482087969779968,0.7867647058823529,0.7428571428571429
3,1,52,0.32733651995658875,0.6344809532165527,0.8455882352941176,0.7142857142857143
3,1,53,0.324795126914978,0.6465951800346375,0.8455882352941176,0.6857142857142857
3,1,54,0.3202352821826935,0.6489641666412354,0.8455882352941176,0.6857142857142857
3,1,55,0.3126113712787628,0.6381329894065857,0.8676470588235294,0.6571428571428571
3,1,56,0.30764761567115784,0.6556183099746704,0.8382352941176471,0.7142857142857143
3,1,57,0.30195292830467224,0.6541171073913574,0.8676470588235294,0.7142857142857143
3,1,58,0.30012691020965576,0.661851167678833,0.8602941176470589,0.7428571428571429
3,1,59,0.29559430480003357,0.6523250341415405,0.9191176470588235,0.5714285714285714
3,1,60,0.33240631222724915,0.7345970869064331,0.7794117647058824,0.7428571428571429
3,1,61,0.31600862741470337,0.6332109570503235,0.8676470588235294,0.6
3,1,62,0.2863239049911499,0.6406824588775635,0.8970588235294118,0.6285714285714286
3,1,63,0.3611256182193756,0.7655263543128967,0.75,0.7142857142857143
3,1,64,0.289404034614563,0.6377411484718323,0.8897058823529411,0.5428571428571428
3,1,65,0.2989187240600586,0.6368141770362854,0.8823529411764706,0.5428571428571428
3,1,66,0.3255199193954468,0.6858754754066467,0.7720588235294118,0.7142857142857143
3,1,67,0.27684786915779114,0.6266679167747498,0.8897058823529411,0.6857142857142857
3,1,68,0.27785632014274597,0.6149429082870483,0.9117647058823529,0.5428571428571428
3,1,69,0.27566203474998474,0.6245071291923523,0.875,0.7428571428571429
3,1,70,0.2620854675769806,0.6156601905822754,0.8970588235294118,0.7142857142857143
3,1,71,0.2606887221336365,0.6211442351341248,0.9338235294117647,0.6285714285714286
3,1,72,0.2546532154083252,0.6392762660980225,0.8970588235294118,0.7428571428571429
3,1,73,0.2463049590587616,0.6469707489013672,0.9117647058823529,0.6857142857142857
3,1,74,0.24312546849250793,0.6370840668678284,0.9191176470588235,0.6
3,1,75,0.24245122075080872,0.632753849029541,0.8970588235294118,0.7428571428571429
3,1,76,0.23321110010147095,0.6292048096656799,0.9411764705882353,0.5714285714285714
3,1,77,0.2321551889181137,0.6396319270133972,0.8970588235294118,0.7428571428571429
3,1,78,0.21986787021160126,0.6280202865600586,0.9411764705882353,0.6
3,1,79,0.21405448019504547,0.6308818459510803,0.9338235294117647,0.6857142857142857
3,1,80,0.20591312646865845,0.6311625838279724,0.9485294117647058,0.6285714285714286
3,1,81,0.20074984431266785,0.6385008692741394,0.9338235294117647,0.6857142857142857
3,1,82,0.19267600774765015,0.6398688554763794,0.9632352941176471,0.6285714285714286
3,1,83,0.18992654979228973,0.6498358249664307,0.9485294117647058,0.6857142857142857
3,1,84,0.18985484540462494,0.6565861105918884,0.9338235294117647,0.6
3,1,85,0.19180138409137726,0.6768352389335632,0.9191176470588235,0.8
3,1,86,0.18650496006011963,0.6563166975975037,0.9485294117647058,0.6571428571428571
3,1,87,0.17770320177078247,0.6512410044670105,0.9191176470588235,0.7142857142857143
3,1,88,0.1605331152677536,0.652128279209137,0.9558823529411765,0.6285714285714286
3,1,89,0.17225521802902222,0.6868355870246887,0.9411764705882353,0.6571428571428571
3,1,90,0.1845741868019104,0.7075753211975098,0.9117647058823529,0.7714285714285715
3,1,91,0.1684635728597641,0.6839280724525452,0.9485294117647058,0.6857142857142857
3,1,92,0.1410359889268875,0.6415694355964661,0.9852941176470589,0.6857142857142857
3,1,93,0.1603660136461258,0.6638801693916321,0.9264705882352942,0.7428571428571429
3,1,94,0.18782268464565277,0.7137856483459473,0.9191176470588235,0.6857142857142857
3,1,95,0.1406341791152954,0.6471041440963745,0.9485294117647058,0.6857142857142857
3,1,96,0.1299978494644165,0.6544855237007141,0.9705882352941176,0.6571428571428571
3,1,97,0.14448215067386627,0.7027833461761475,0.9485294117647058,0.6285714285714286
3,1,98,0.12491688877344131,0.6504764556884766,0.9705882352941176,0.7142857142857143
3,1,99,0.12137306481599808,0.6364526152610779,0.9705882352941176,0.6857142857142857
3,1,100,0.13511645793914795,0.6829806566238403,0.9485294117647058,0.6285714285714286
3,2,1,0.7118679881095886,0.7581316828727722,0.7299270072992701,0.7058823529411765
3,2,2,0.6362389922142029,0.6442070007324219,0.7299270072992701,0.7058823529411765
3,2,3,0.6386391520500183,0.6466060876846313,0.7299270072992701,0.7058823529411765
3,2,4,0.6025227904319763,0.6173458695411682,0.7299270072992701,0.7058823529411765
3,2,5,0.5777388215065002,0.6034759283065796,0.7299270072992701,0.7058823529411765
3,2,6,0.5899368524551392,0.6273230314254761,0.7299270072992701,0.7058823529411765
3,2,7,0.5942886471748352,0.6356791257858276,0.7299270072992701,0.7058823529411765
3,2,8,0.5768636465072632,0.6142997741699219,0.7299270072992701,0.7058823529411765
3,2,9,0.569663405418396,0.6008871793746948,0.7299270072992701,0.7058823529411765
3,2,10,0.5729739665985107,0.6004090905189514,0.7299270072992701,0.7058823529411765
3,2,11,0.5743523240089417,0.6010473966598511,0.7299270072992701,0.7058823529411765
3,2,12,0.5691216588020325,0.5983943343162537,0.7299270072992701,0.7058823529411765
3,2,13,0.5608498454093933,0.5954868197441101,0.7299270072992701,0.7058823529411765
3,2,14,0.5569942593574524,0.5985709428787231,0.7299270072992701,0.7058823529411765
3,2,15,0.5570363402366638,0.6043736934661865,0.7299270072992701,0.7058823529411765
3,2,16,0.5535310506820679,0.602175772190094,0.7299270072992701,0.7058823529411765
3,2,17,0.547065794467926,0.5925488471984863,0.7299270072992701,0.7058823529411765
3,2,18,0.5441807508468628,0.5860590934753418,0.7299270072992701,0.7058823529411765
3,2,19,0.541886031627655,0.58320552110672,0.7299270072992701,0.7058823529411765
3,2,20,0.5366158485412598,0.5800904035568237,0.7299270072992701,0.7058823529411765
3,2,21,0.5312877297401428,0.5789210200309753,0.7299270072992701,0.7058823529411765
3,2,22,0.5278394818305969,0.5791512727737427,0.7299270072992701,0.7058823529411765
3,2,23,0.5228655934333801,0.574597954750061,0.7299270072992701,0.7058823529411765
3,2,24,0.5174041986465454,0.5679341554641724,0.7299270072992701,0.7058823529411765
3,2,25,0.5122311115264893,0.560734748840332,0.7299270072992701,0.7058823529411765
3,2,26,0.5073094367980957,0.5545492768287659,0.7299270072992701,0.7058823529411765
3,2,27,0.5005104541778564,0.5490354895591736,0.7299270072992701,0.7058823529411765
3,2,28,0.4948838949203491,0.5458123087882996,0.7299270072992701,0.7058823529411765
3,2,29,0.4888074994087219,0.5398933291435242,0.7299270072992701,0.7058823529411765
3,2,30,0.4816085994243622,0.5319368839263916,0.7299270072992701,0.7058823529411765
3,2,31,0.4761199951171875,0.5248900055885315,0.7299270072992701,0.7058823529411765
3,2,32,0.47107023000717163,0.5211097002029419,0.7299270072992701,0.7058823529411765
3,2,33,0.4631693959236145,0.5128818154335022,0.7299270072992701,0.7058823529411765
3,2,34,0.45760083198547363,0.5110085606575012,0.7299270072992701,0.7058823529411765
3,2,35,0.4519493281841278,0.5090495944023132,0.7299270072992701,0.7058823529411765
3,2,36,0.44564273953437805,0.5078161358833313,0.7299270072992701,0.7058823529411765
3,2,37,0.43794259428977966,0.5105675458908081,0.7299270072992701,0.7058823529411765
3,2,38,0.4303905665874481,0.5094190239906311,0.7299270072992701,0.7058823529411765
3,2,39,0.42598414421081543,0.5139671564102173,0.7299270072992701,0.7058823529411765
3,2,40,0.4199015200138092,0.5074281096458435,0.7299270072992701,0.7058823529411765
3,2,41,0.41877296566963196,0.518109917640686,0.7299270072992701,0.7058823529411765
3,2,42,0.40988388657569885,0.5102567076683044,0.7299270072992701,0.7058823529411765
3,2,43,0.40544193983078003,0.5281900763511658,0.7299270072992701,0.7058823529411765
3,2,44,0.3957604169845581,0.5245181322097778,0.7299270072992701,0.7058823529411765
3,2,45,0.39370760321617126,0.5465816259384155,0.7299270072992701,0.7058823529411765
3,2,46,0.3856618106365204,0.54569011926651,0.7445255474452555,0.7058823529411765
3,2,47,0.3793814480304718,0.5461834073066711,0.7737226277372263,0.7058823529411765
3,2,48,0.3755609393119812,0.554238498210907,0.7518248175182481,0.7352941176470589
3,2,49,0.36961084604263306,0.5338960289955139,0.7883211678832117,0.8235294117647058
3,2,50,0.3675832152366638,0.5509816408157349,0.7737226277372263,0.7352941176470589
3,2,51,0.36084216833114624,0.5476281642913818,0.8175182481751825,0.8235294117647058
3,2,52,0.3582797348499298,0.5931737422943115,0.7737226277372263,0.7352941176470589
3,2,53,0.3470796048641205,0.5518624782562256,0.8613138686131386,0.7647058823529411
3,2,54,0.38151609897613525,0.6702295541763306,0.7372262773722628,0.7058823529411765
3,2,55,0.3671211004257202,0.5264028310775757,0.8540145985401459,0.7941176470588235
3,2,56,0.33832257986068726,0.5643355250358582,0.8029197080291971,0.8235294117647058
3,2,57,0.3326384127140045,0.5775104761123657,0.8175182481751825,0.8235294117647058
3,2,58,0.3324354887008667,0.5201805830001831,0.8467153284671532,0.7647058823529411
3,2,59,0.3240385949611664,0.5937104821205139,0.8321167883211679,0.8235294117647058
3,2,60,0.3069964647293091,0.5531592965126038,0.8540145985401459,0.7941176470588235
3,2,61,0.30060192942619324,0.5452920198440552,0.8540145985401459,0.7647058823529411
3,2,62,0.3394639492034912,0.7220478653907776,0.7883211678832117,0.7647058823529411
3,2,63,0.3141908347606659,0.5309039354324341,0.8686131386861314,0.7941176470588235
3,2,64,0.2914074659347534,0.5582868456840515,0.8686131386861314,0.7941176470588235
3,2,65,0.33507034182548523,0.7266096472740173,0.8029197080291971,0.8235294117647058
3,2,66,0.30362653732299805,0.5271459221839905,0.8905109489051095,0.7941176470588235
3,2,67,0.2718890607357025,0.5839303731918335,0.8686131386861314,0.7941176470588235
3,2,68,0.33277732133865356,0.7833839058876038,0.7956204379562044,0.7647058823529411
3,2,69,0.2947225272655487,0.5447262525558472,0.8978102189781022,0.7647058823529411
3,2,70,0.26630622148513794,0.5926231145858765,0.8759124087591241,0.7941176470588235
3,2,71,0.3046557605266571,0.7281453609466553,0.8248175182481752,0.7647058823529411
3,2,72,0.2792578339576721,0.5312696099281311,0.9051094890510949,0.7941176470588235
3,2,73,0.2625642418861389,0.5419286489486694,0.8832116788321168,0.7647058823529411
3,2,74,0.34839609265327454,0.8218672275543213,0.7883211678832117,0.7352941176470589
3,2,75,0.2529778778553009,0.5582950711250305,0.8759124087591241,0.7647058823529411
3,2,76,0.2862966060638428,0.5305176377296448,0.9051094890510949,0.7941176470588235
3,2,77,0.2749229371547699,0.6722723245620728,0.8686131386861314,0.8235294117647058
3,2,78,0.27976492047309875,0.7033196091651917,0.8686131386861314,0.7941176470588235
3,2,79,0.2524223327636719,0.538650393486023,0.8978102189781022,0.7647058823529411
3,2,80,0.24504795670509338,0.531816840171814,0.8905109489051095,0.7647058823529411
3,2,81,0.2633116841316223,0.7061643600463867,0.8759124087591241,0.7941176470588235
3,2,82,0.22677651047706604,0.6074649691581726,0.8978102189781022,0.8235294117647058
3,2,83,0.23513293266296387,0.5418028235435486,0.9051094890510949,0.8235294117647058
3,2,84,0.24432273209095,0.7353121042251587,0.8832116788321168,0.7941176470588235
3,2,85,0.2313411682844162,0.7188795804977417,0.8905109489051095,0.8235294117647058
3,2,86,0.21574851870536804,0.5652480721473694,0.9197080291970803,0.7941176470588235
3,2,87,0.2107408195734024,0.6272932887077332,0.8978102189781022,0.8235294117647058
3,2,88,0.21509769558906555,0.6575422286987305,0.8832116788321168,0.8235294117647058
3,2,89,0.1972091943025589,0.5877832770347595,0.9051094890510949,0.7941176470588235
3,2,90,0.1969331055879593,0.5552719831466675,0.9197080291970803,0.7941176470588235
3,2,91,0.23295748233795166,0.7827748656272888,0.8978102189781022,0.7941176470588235
3,2,92,0.19275739789009094,0.5579568147659302,0.9197080291970803,0.7941176470588235
3,2,93,0.17728760838508606,0.6309710144996643,0.9416058394160584,0.7941176470588235
3,2,94,0.20508180558681488,0.7760242223739624,0.8978102189781022,0.7941176470588235
3,2,95,0.1726437211036682,0.5449108481407166,0.927007299270073,0.7941176470588235
3,2,96,0.1707116812467575,0.6626942157745361,0.9416058394160584,0.8235294117647058
3,2,97,0.17260271310806274,0.6862328052520752,0.9343065693430657,0.8235294117647058
3,2,98,0.17267893254756927,0.4686114192008972,0.9343065693430657,0.8235294117647058
3,2,99,0.19631710648536682,0.7464616298675537,0.8978102189781022,0.7941176470588235
3,2,100,0.13785523176193237,0.5234375,0.9562043795620438,0.8235294117647058
3,3,1,0.6880673766136169,0.6591641902923584,0.7226277372262774,0.7352941176470589
3,3,2,0.6422354578971863,0.6399074196815491,0.7226277372262774,0.7352941176470589
3,3,3,0.636902391910553,0.6351405382156372,0.7226277372262774,0.7352941176470589
3,3,4,0.6019697189331055,0.5977486371994019,0.7226277372262774,0.7352941176470589
3,3,5,0.5829963684082031,0.5749608278274536,0.7226277372262774,0.7352941176470589
3,3,6,0.5979748964309692,0.5878573060035706,0.7226277372262774,0.7352941176470589
3,3,7,0.5956551432609558,0.5882187485694885,0.7226277372262774,0.7352941176470589
3,3,8,0.5780553817749023,0.5750839114189148,0.7226277372262774,0.7352941176470589
3,3,9,0.5731844305992126,0.574572741985321,0.7226277372262774,0.7352941176470589
3,3,10,0.5768978595733643,0.5812802910804749,0.7226277372262774,0.7352941176470589
3,3,11,0.5752356052398682,0.5825701355934143,0.7226277372262774,0.7352941176470589
3,3,12,0.5658593773841858,0.5767112374305725,0.7226277372262774,0.7352941176470589
3,3,13,0.5566901564598083,0.5711320042610168,0.7226277372262774,0.7352941176470589
3,3,14,0.5555229187011719,0.5737603306770325,0.7226277372262774,0.7352941176470589
3,3,15,0.553991436958313,0.5769935250282288,0.7226277372262774,0.7352941176470589
3,3,16,0.5445030927658081,0.5732881426811218,0.7226277372262774,0.7352941176470589
3,3,17,0.5365702509880066,0.5701274871826172,0.7226277372262774,0.7352941176470589
3,3,18,0.5356143116950989,0.5723795294761658,0.7226277372262774,0.7352941176470589
3,3,19,0.5304374694824219,0.5727973580360413,0.7226277372262774,0.7352941176470589
3,3,20,0.5184515714645386,0.5703780651092529,0.7226277372262774,0.7352941176470589
3,3,21,0.5123054385185242,0.5746429562568665,0.7226277372262774,0.7352941176470589
3,3,22,0.5074870586395264,0.5795971751213074,0.7226277372262774,0.7352941176470589
3,3,23,0.49723631143569946,0.5757303237915039,0.7226277372262774,0.7352941176470589
3,3,24,0.49149367213249207,0.572396993637085,0.7226277372262774,0.7352941176470589
3,3,25,0.4861685633659363,0.5725168585777283,0.7226277372262774,0.7352941176470589
3,3,26,0.4796854257583618,0.5744675397872925,0.7226277372262774,0.7352941176470589
3,3,27,0.47349363565444946,0.5761047601699829,0.7226277372262774,0.7352941176470589
3,3,28,0.46711409091949463,0.5711066126823425,0.7226277372262774,0.7352941176470589
3,3,29,0.4624320864677429,0.5673359632492065,0.7226277372262774,0.7352941176470589
3,3,30,0.4580414295196533,0.5690277218818665,0.7226277372262774,0.7352941176470589
3,3,31,0.45351892709732056,0.5679559707641602,0.7226277372262774,0.7352941176470589
3,3,32,0.4481910765171051,0.5618615746498108,0.7226277372262774,0.7352941176470589
3,3,33,0.4445156753063202,0.557748019695282,0.7372262773722628,0.7352941176470589
3,3,34,0.43931788206100464,0.5541040897369385,0.7445255474452555,0.7352941176470589
3,3,35,0.4326910376548767,0.5532665252685547,0.7664233576642335,0.7352941176470589
3,3,36,0.4264027774333954,0.5533973574638367,0.7664233576642335,0.7647058823529411
3,3,37,0.42073875665664673,0.5535053610801697,0.7737226277372263,0.7352941176470589
3,3,38,0.41382157802581787,0.551784336566925,0.781021897810219,0.7352941176470589
3,3,39,0.407753050327301,0.5463187098503113,0.7956204379562044,0.7058823529411765
3,3,40,0.40064820647239685,0.5407314300537109,0.7956204379562044,0.7352941176470589
3,3,41,0.3931823670864105,0.5367110967636108,0.8175182481751825,0.7352941176470589
3,3,42,0.3894411325454712,0.5354413390159607,0.7956204379562044,0.7647058823529411
3,3,43,0.3812007009983063,0.533711314201355,0.8321167883211679,0.7352941176470589
3,3,44,0.37432682514190674,0.5303442478179932,0.8248175182481752,0.7352941176470589
3,3,45,0.3640279173851013,0.5327368974685669,0.8613138686131386,0.7352941176470589
3,3,46,0.3539484143257141,0.5334835052490234,0.8540145985401459,0.7352941176470589
3,3,47,0.34621530771255493,0.5300310850143433,0.8540145985401459,0.7352941176470589
3,3,48,0.33829018473625183,0.5360814332962036,0.8905109489051095,0.6764705882352942
3,3,49,0.34296438097953796,0.5612883567810059,0.8029197080291971,0.7352941176470589
3,3,50,0.3467644453048706,0.579149067401886,0.8905109489051095,0.5882352941176471
3,3,51,0.3285934627056122,0.5662780404090881,0.8540145985401459,0.7352941176470589
3,3,52,0.2905905246734619,0.5516760349273682,0.8978102189781022,0.6470588235294118
3,3,53,0.28665292263031006,0.5706156492233276,0.9197080291970803,0.6470588235294118
3,3,54,0.3654737174510956,0.6601900458335876,0.7664233576642335,0.7058823529411765
3,3,55,0.31734463572502136,0.6372562646865845,0.8613138686131386,0.5
3,3,56,0.2687467634677887,0.5960641503334045,0.9197080291970803,0.5882352941176471
3,3,57,0.4222198724746704,0.7608298063278198,0.7591240875912408,0.7352941176470589
3,3,58,0.24198897182941437,0.5871130228042603,0.9343065693430657,0.6470588235294118
3,3,59,0.35052773356437683,0.7465335726737976,0.8467153284671532,0.4411764705882353
3,3,60,0.24575749039649963,0.6157121062278748,0.9197080291970803,0.6764705882352942
3,3,61,0.3675660192966461,0.7546010613441467,0.781021897810219,0.7058823529411765
3,3,62,0.22389072179794312,0.6145837306976318,0.9343065693430657,0.6764705882352942
3,3,63,0.2914379835128784,0.7295846939086914,0.8832116788321168,0.5294117647058824
3,3,64,0.21698203682899475,0.6309734582901001,0.927007299270073,0.6764705882352942
3,3,65,0.2984083592891693,0.7249440550804138,0.8394160583941606,0.6764705882352942
3,3,66,0.20647770166397095,0.6466546058654785,0.9343065693430657,0.6470588235294118
3,3,67,0.22556892037391663,0.6898258924484253,0.9124087591240876,0.5294117647058824
3,3,68,0.21284247934818268,0.675450325012207,0.9416058394160584,0.6764705882352942
3,3,69,0.23989814519882202,0.7178651094436646,0.8978102189781022,0.6764705882352942
3,3,70,0.19284175336360931,0.6687988042831421,0.9343065693430657,0.6176470588235294
3,3,71,0.19613249599933624,0.6758182048797607,0.9343065693430657,0.6176470588235294
3,3,72,0.19686193764209747,0.6787244081497192,0.948905109489051,0.6764705882352942
3,3,73,0.19406813383102417,0.6822201013565063,0.948905109489051,0.6764705882352942
3,3,74,0.17442475259304047,0.6617448329925537,0.948905109489051,0.5882352941176471
3,3,75,0.16315874457359314,0.6512622833251953,0.9635036496350365,0.6470588235294118
3,3,76,0.20439699292182922,0.7158815860748291,0.9197080291970803,0.6764705882352942
3,3,77,0.14954693615436554,0.6791247129440308,0.9635036496350365,0.6176470588235294
3,3,78,0.17191782593727112,0.7298104166984558,0.948905109489051,0.5294117647058824
3,3,79,0.15429334342479706,0.7383708953857422,0.948905109489051,0.6470588235294118
3,3,80,0.190024271607399,0.8044376373291016,0.9343065693430657,0.6764705882352942
3,3,81,0.13484685122966766,0.7347482442855835,0.9708029197080292,0.5882352941176471
3,3,82,0.1309816986322403,0.7300355434417725,0.9708029197080292,0.5882352941176471
3,3,83,0.1454184651374817,0.7864765524864197,0.9416058394160584,0.6470588235294118
3,3,84,0.11583279073238373,0.7708865404129028,0.9708029197080292,0.6764705882352942
3,3,85,0.1159212738275528,0.7944642305374146,0.9781021897810219,0.5588235294117647
3,3,86,0.12037377059459686,0.8390161395072937,0.9562043795620438,0.6470588235294118
3,3,87,0.11049041152000427,0.8458632230758667,0.9635036496350365,0.6176470588235294
3,3,88,0.09547842293977737,0.8286557793617249,0.9781021897810219,0.5882352941176471
3,3,89,0.08696889132261276,0.8466199040412903,0.9854014598540146,0.6176470588235294
3,3,90,0.09861460328102112,0.9023128151893616,0.9635036496350365,0.6470588235294118
3,3,91,0.07901672273874283,0.8749678730964661,0.9854014598540146,0.6176470588235294
3,3,92,0.07785921543836594,0.8688271641731262,0.9854014598540146,0.5882352941176471
3,3,93,0.07164041697978973,0.9032081365585327,0.9854014598540146,0.6176470588235294
3,3,94,0.074653260409832,0.9679046869277954,0.9781021897810219,0.6764705882352942
3,3,95,0.06206614896655083,0.9754990935325623,0.9854014598540146,0.5882352941176471
3,3,96,0.06099575012922287,1.0016378164291382,0.9927007299270073,0.6470588235294118
3,3,97,0.06127846986055374,1.0104260444641113,0.9927007299270073,0.6470588235294118
3,3,98,0.05463814735412598,1.0056735277175903,0.9854014598540146,0.5882352941176471
3,3,99,0.05233451724052429,1.0125259160995483,0.9927007299270073,0.5882352941176471
3,3,100,0.052520282566547394,1.071973443031311,0.9927007299270073,0.6470588235294118
3,4,1,0.6997665166854858,0.6845784187316895,0.7226277372262774,0.7352941176470589
3,4,2,0.6440937519073486,0.6438954472541809,0.7226277372262774,0.7352941176470589
3,4,3,0.6472756266593933,0.6479842662811279,0.7226277372262774,0.7352941176470589
3,4,4,0.619396984577179,0.6204686760902405,0.7226277372262774,0.7352941176470589
3,4,5,0.5894349813461304,0.591029167175293,0.7226277372262774,0.7352941176470589
3,4,6,0.584028422832489,0.5865026116371155,0.7226277372262774,0.7352941176470589
3,4,7,0.6007751822471619,0.6057732105255127,0.7226277372262774,0.7352941176470589
3,4,8,0.5914404988288879,0.6000648140907288,0.7226277372262774,0.7352941176470589
3,4,9,0.5751445293426514,0.5865879654884338,0.7226277372262774,0.7352941176470589
3,4,10,0.5722386837005615,0.5854833722114563,0.7226277372262774,0.7352941176470589
3,4,11,0.575328528881073,0.5902856588363647,0.7226277372262774,0.7352941176470589
3,4,12,0.5735713243484497,0.5917302966117859,0.7226277372262774,0.7352941176470589
3,4,13,0.5658370852470398,0.5885647535324097,0.7226277372262774,0.7352941176470589
3,4,14,0.5579231381416321,0.5862431526184082,0.7226277372262774,0.7352941176470589
3,4,15,0.5545465350151062,0.5890665650367737,0.7226277372262774,0.7352941176470589
3,4,16,0.5521036386489868,0.5929868221282959,0.7226277372262774,0.7352941176470589
3,4,17,0.5458977222442627,0.5923833847045898,0.7226277372262774,0.7352941176470589
3,4,18,0.5384418964385986,0.5892979502677917,0.7226277372262774,0.7352941176470589
3,4,19,0.5337021350860596,0.5875487923622131,0.7226277372262774,0.7352941176470589
3,4,20,0.5290508270263672,0.5875239968299866,0.7226277372262774,0.7352941176470589
3,4,21,0.520660400390625,0.5875646471977234,0.7226277372262774,0.7352941176470589
3,4,22,0.5132136344909668,0.5901115536689758,0.7226277372262774,0.7352941176470589
3,4,23,0.5080307126045227,0.5955849289894104,0.7226277372262774,0.7352941176470589
3,4,24,0.5001577138900757,0.5940243601799011,0.7226277372262774,0.7352941176470589
3,4,25,0.4926895797252655,0.5864461064338684,0.7226277372262774,0.7352941176470589
3,4,26,0.4866596460342407,0.5829995274543762,0.7226277372262774,0.7352941176470589
3,4,27,0.47935178875923157,0.58310467004776,0.7226277372262774,0.7352941176470589
3,4,28,0.4732891619205475,0.5895474553108215,0.7226277372262774,0.7352941176470589
3,4,29,0.46600720286369324,0.5881273150444031,0.7226277372262774,0.7352941176470589
3,4,30,0.46002256870269775,0.5824737548828125,0.7226277372262774,0.7352941176470589
3,4,31,0.4542403221130371,0.5845473408699036,0.7226277372262774,0.7352941176470589
3,4,32,0.44950541853904724,0.5951938033103943,0.7226277372262774,0.7352941176470589
3,4,33,0.44399717450141907,0.60047447681427,0.7226277372262774,0.7352941176470589
3,4,34,0.4373592734336853,0.5919653177261353,0.7226277372262774,0.7352941176470589
3,4,35,0.4323537051677704,0.5991536378860474,0.7226277372262774,0.7352941176470589
3,4,36,0.42814162373542786,0.6117689609527588,0.7226277372262774,0.7352941176470589
3,4,37,0.42315661907196045,0.6126760840415955,0.7226277372262774,0.7352941176470589
3,4,38,0.4181637465953827,0.618746817111969,0.7372262773722628,0.7058823529411765
3,4,39,0.4118006229400635,0.6254664659500122,0.7883211678832117,0.7058823529411765
3,4,40,0.40569794178009033,0.62326580286026,0.7664233576642335,0.7058823529411765
3,4,41,0.3989938795566559,0.6426384449005127,0.7737226277372263,0.7058823529411765
3,4,42,0.3917374908924103,0.6662155985832214,0.7591240875912408,0.7058823529411765
3,4,43,0.38440224528312683,0.6853494048118591,0.7591240875912408,0.7058823529411765
3,4,44,0.37740105390548706,0.6900708079338074,0.7737226277372263,0.7058823529411765
3,4,45,0.3697459101676941,0.6973228454589844,0.7956204379562044,0.6764705882352942
3,4,46,0.36428865790367126,0.6865962147712708,0.8248175182481752,0.7058823529411765
3,4,47,0.3609614372253418,0.7505283951759338,0.781021897810219,0.6764705882352942
3,4,48,0.346250981092453,0.7234244346618652,0.8467153284671532,0.6176470588235294
3,4,49,0.3411858081817627,0.7735797762870789,0.8394160583941606,0.6764705882352942
3,4,50,0.33096417784690857,0.7605640292167664,0.8394160583941606,0.6470588235294118
3,4,51,0.32472988963127136,0.7581120133399963,0.8467153284671532,0.6470588235294118
3,4,52,0.3330368399620056,0.8276439905166626,0.8248175182481752,0.7352941176470589
3,4,53,0.3199785351753235,0.7505618333816528,0.8686131386861314,0.6470588235294118
3,4,54,0.32075628638267517,0.8282787203788757,0.8175182481751825,0.7058823529411765
3,4,55,0.304301381111145,0.7708646655082703,0.8540145985401459,0.6764705882352942
3,4,56,0.30401530861854553,0.8009514212608337,0.8613138686131386,0.7058823529411765
3,4,57,0.2928377687931061,0.7810810208320618,0.8759124087591241,0.7058823529411765
3,4,58,0.2876270115375519,0.7755275368690491,0.8686131386861314,0.6764705882352942
3,4,59,0.28317350149154663,0.793084442615509,0.8759124087591241,0.6764705882352942
3,4,60,0.27767080068588257,0.7810566425323486,0.8686131386861314,0.6764705882352942
3,4,61,0.27512797713279724,0.8114906549453735,0.8686131386861314,0.7058823529411765
3,4,62,0.26131951808929443,0.7837939262390137,0.8832116788321168,0.6764705882352942
3,4,63,0.3168700933456421,0.9192128777503967,0.8321167883211679,0.7352941176470589
3,4,64,0.31714892387390137,0.7318944334983826,0.8467153284671532,0.6470588235294118
3,4,65,0.3068658411502838,0.903320848941803,0.8321167883211679,0.7058823529411765
3,4,66,0.2539996802806854,0.8297830820083618,0.8832116788321168,0.7647058823529411
3,4,67,0.2564230263233185,0.7485276460647583,0.8832116788321168,0.6176470588235294
3,4,68,0.27666422724723816,0.8695538640022278,0.8759124087591241,0.7647058823529411
3,4,69,0.22847430408000946,0.771672785282135,0.9197080291970803,0.7058823529411765
3,4,70,0.23402754962444305,0.7469898462295532,0.9051094890510949,0.6470588235294118
3,4,71,0.245040163397789,0.8435313701629639,0.9051094890510949,0.7647058823529411
3,4,72,0.21266746520996094,0.7723397016525269,0.927007299270073,0.7352941176470589
3,4,73,0.21041372418403625,0.7621187567710876,0.9124087591240876,0.6470588235294118
3,4,74,0.2487664520740509,0.9146842956542969,0.8832116788321168,0.7941176470588235
3,4,75,0.19551537930965424,0.769999086856842,0.9197080291970803,0.6470588235294118
3,4,76,0.18989402055740356,0.8089028000831604,0.9343065693430657,0.7941176470588235
3,4,77,0.19777746498584747,0.8488117456436157,0.9197080291970803,0.7941176470588235
3,4,78,0.19260220229625702,0.7851004004478455,0.9124087591240876,0.6764705882352942
3,4,79,0.19612492620944977,0.9191698431968689,0.9124087591240876,0.7941176470588235
3,4,80,0.16681107878684998,0.8905784487724304,0.948905109489051,0.7352941176470589
3,4,81,0.1551736295223236,0.8511579036712646,0.9562043795620438,0.7058823529411765
3,4,82,0.171206995844841,0.9009013772010803,0.9343065693430657,0.7941176470588235
3,4,83,0.15019235014915466,0.8187447190284729,0.948905109489051,0.7058823529411765
3,4,84,0.1654750555753708,0.8850826621055603,0.927007299270073,0.7941176470588235
3,4,85,0.14807270467281342,0.8203359246253967,0.9562043795620438,0.7352941176470589
3,4,86,0.14838907122612,0.8771928548812866,0.9343065693430657,0.7941176470588235
3,4,87,0.14693282544612885,0.9071099758148193,0.9416058394160584,0.7647058823529411
3,4,88,0.1295214593410492,0.8676830530166626,0.9635036496350365,0.7352941176470589
3,4,89,0.18774519860744476,1.0865397453308105,0.9124087591240876,0.7941176470588235
3,4,90,0.18966759741306305,0.9357108473777771,0.9051094890510949,0.6764705882352942
3,4,91,0.15113872289657593,1.041829228401184,0.9416058394160584,0.7941176470588235
3,4,92,0.12571609020233154,0.9850284457206726,0.9416058394160584,0.7647058823529411
3,4,93,0.1397847831249237,0.883872389793396,0.948905109489051,0.7352941176470589
3,4,94,0.12891480326652527,0.9829418063163757,0.9416058394160584,0.7647058823529411
3,4,95,0.1159069687128067,0.9990521669387817,0.948905109489051,0.7352941176470589
3,4,96,0.13691186904907227,0.9437509179115295,0.927007299270073,0.7352941176470589
3,4,97,0.1782975047826767,1.1466748714447021,0.9197080291970803,0.7647058823529411
3,4,98,0.11072848737239838,0.9076910614967346,0.9708029197080292,0.7352941176470589
3,4,99,0.10111868381500244,0.9341421723365784,0.9708029197080292,0.7647058823529411
3,4,100,0.13573183119297028,1.0137860774993896,0.9416058394160584,0.7941176470588235
3,5,1,0.7566630840301514,0.7255905270576477,0.7226277372262774,0.7352941176470589
3,5,2,0.636561393737793,0.6328009366989136,0.7226277372262774,0.7352941176470589
3,5,3,0.65207439661026,0.6501861214637756,0.7226277372262774,0.7352941176470589
3,5,4,0.6312780380249023,0.6277969479560852,0.7226277372262774,0.7352941176470589
3,5,5,0.6032342910766602,0.5968115329742432,0.7226277372262774,0.7352941176470589
3,5,6,0.5848639011383057,0.5743905305862427,0.7226277372262774,0.7352941176470589
3,5,7,0.5945678949356079,0.5803579688072205,0.7226277372262774,0.7352941176470589
3,5,8,0.6029188632965088,0.5884090065956116,0.7226277372262774,0.7352941176470589
3,5,9,0.5894313454627991,0.5778681635856628,0.7226277372262774,0.7352941176470589
3,5,10,0.5766938924789429,0.5692530274391174,0.7226277372262774,0.7352941176470589
3,5,11,0.5759834051132202,0.5721030831336975,0.7226277372262774,0.7352941176470589
3,5,12,0.5789112448692322,0.577601969242096,0.7226277372262774,0.7352941176470589
3,5,13,0.5775433778762817,0.5781674981117249,0.7226277372262774,0.7352941176470589
3,5,14,0.5702077150344849,0.5715423226356506,0.7226277372262774,0.7352941176470589
3,5,15,0.56218421459198,0.5635737180709839,0.7226277372262774,0.7352941176470589
3,5,16,0.5603870153427124,0.5617082118988037,0.7226277372262774,0.7352941176470589
3,5,17,0.5612029433250427,0.5637431740760803,0.7226277372262774,0.7352941176470589
3,5,18,0.5543237328529358,0.5598862767219543,0.7226277372262774,0.7352941176470589
3,5,19,0.5446051359176636,0.5546740293502808,0.7226277372262774,0.7352941176470589
3,5,20,0.5406916737556458,0.5560773015022278,0.7226277372262774,0.7352941176470589
3,5,21,0.5407890677452087,0.5608963966369629,0.7226277372262774,0.7352941176470589
3,5,22,0.5343806743621826,0.5573984384536743,0.7226277372262774,0.7352941176470589
3,5,23,0.5236117839813232,0.5480738878250122,0.7226277372262774,0.7352941176470589
3,5,24,0.5210760235786438,0.5467979311943054,0.7226277372262774,0.7352941176470589
3,5,25,0.5171098113059998,0.5463051199913025,0.7226277372262774,0.7352941176470589
3,5,26,0.5059784054756165,0.5395446419715881,0.7226277372262774,0.7352941176470589
3,5,27,0.5009785294532776,0.5395397543907166,0.7226277372262774,0.7352941176470589
3,5,28,0.4967673718929291,0.5381307601928711,0.7226277372262774,0.7352941176470589
3,5,29,0.4876203238964081,0.5312889814376831,0.7226277372262774,0.7352941176470589
3,5,30,0.4832901060581207,0.5305820107460022,0.7226277372262774,0.7352941176470589
3,5,31,0.47494903206825256,0.5255981683731079,0.7226277372262774,0.7352941176470589
3,5,32,0.46813273429870605,0.5208709836006165,0.7226277372262774,0.7352941176470589
3,5,33,0.46278059482574463,0.5157818794250488,0.7226277372262774,0.7352941176470589
3,5,34,0.4575417637825012,0.5152083039283752,0.7226277372262774,0.7352941176470589
3,5,35,0.4493282437324524,0.512502908706665,0.7664233576642335,0.7352941176470589
3,5,36,0.44205185770988464,0.5058590173721313,0.781021897810219,0.7941176470588235
3,5,37,0.43341320753097534,0.5062687993049622,0.781021897810219,0.7941176470588235
3,5,38,0.4257660508155823,0.5099784731864929,0.781021897810219,0.7941176470588235
3,5,39,0.41645127534866333,0.49912720918655396,0.781021897810219,0.7647058823529411
3,5,40,0.40697768330574036,0.5036202669143677,0.781021897810219,0.8235294117647058
3,5,41,0.39840835332870483,0.5024739503860474,0.7956204379562044,0.8235294117647058
3,5,42,0.38890519738197327,0.4879379868507385,0.781021897810219,0.7352941176470589
3,5,43,0.40199702978134155,0.5428500771522522,0.8102189781021898,0.7647058823529411
3,5,44,0.3819217085838318,0.49136975407600403,0.8321167883211679,0.7352941176470589
3,5,45,0.377099871635437,0.5258267521858215,0.8175182481751825,0.8235294117647058
3,5,46,0.348901629447937,0.4817509353160858,0.8175182481751825,0.7352941176470589
3,5,47,0.34768393635749817,0.4751902222633362,0.8394160583941606,0.7058823529411765
3,5,48,0.391514390707016,0.5556889772415161,0.8175182481751825,0.7647058823529411
3,5,49,0.337831974029541,0.4720916748046875,0.8540145985401459,0.7352941176470589
3,5,50,0.31415295600891113,0.46500492095947266,0.8686131386861314,0.7647058823529411
3,5,51,0.3472479283809662,0.5257655382156372,0.8394160583941606,0.7647058823529411
3,5,52,0.3168896436691284,0.47219523787498474,0.8905109489051095,0.7352941176470589
3,5,53,0.29213279485702515,0.46142980456352234,0.8686131386861314,0.7941176470588235
3,5,54,0.3213992416858673,0.5172391533851624,0.8540145985401459,0.7647058823529411
3,5,55,0.3004685044288635,0.4830975830554962,0.8686131386861314,0.7352941176470589
3,5,56,0.2891075015068054,0.5007853507995605,0.8540145985401459,0.7941176470588235
3,5,57,0.273247092962265,0.49157485365867615,0.8759124087591241,0.7941176470588235
3,5,58,0.26913729310035706,0.4804776608943939,0.8978102189781022,0.7647058823529411
3,5,59,0.28765639662742615,0.5387643575668335,0.8540145985401459,0.7941176470588235
3,5,60,0.2613951861858368,0.4915533661842346,0.9051094890510949,0.7647058823529411
3,5,61,0.23887768387794495,0.49322059750556946,0.9124087591240876,0.7941176470588235
3,5,62,0.24954284727573395,0.5254388451576233,0.8978102189781022,0.7941176470588235
3,5,63,0.2439904808998108,0.513159990310669,0.9051094890510949,0.7647058823529411
3,5,64,0.23251445591449738,0.5369545221328735,0.9197080291970803,0.7941176470588235
3,5,65,0.2063112109899521,0.5199807286262512,0.9197080291970803,0.7941176470588235
3,5,66,0.21837878227233887,0.5430852174758911,0.9124087591240876,0.7352941176470589
3,5,67,0.28607621788978577,0.6546887755393982,0.8467153284671532,0.7352941176470589
3,5,68,0.20369993150234222,0.5685126185417175,0.9124087591240876,0.7941176470588235
3,5,69,0.18641948699951172,0.574430525302887,0.9124087591240876,0.7941176470588235
3,5,70,0.2214883416891098,0.6350623965263367,0.9124087591240876,0.7941176470588235
3,5,71,0.17957231402397156,0.586604118347168,0.9343065693430657,0.7941176470588235
3,5,72,0.16953501105308533,0.5700005292892456,0.9343065693430657,0.8235294117647058
3,5,73,0.190196692943573,0.5915914177894592,0.9343065693430657,0.7941176470588235
3,5,74,0.2227206826210022,0.6655948162078857,0.8832116788321168,0.6764705882352942
3,5,75,0.2005484700202942,0.6369150280952454,0.927007299270073,0.7941176470588235
3,5,76,0.15133428573608398,0.6030588746070862,0.9343065693430657,0.7941176470588235
3,5,77,0.18869461119174957,0.6625943779945374,0.9197080291970803,0.7058823529411765
3,5,78,0.18778453767299652,0.6600623726844788,0.9197080291970803,0.7941176470588235
3,5,79,0.13913556933403015,0.6173218488693237,0.948905109489051,0.7941176470588235
3,5,80,0.16749219596385956,0.6736931800842285,0.9197080291970803,0.7352941176470589
3,5,81,0.19163279235363007,0.6774939298629761,0.9343065693430657,0.7647058823529411
3,5,82,0.1249009296298027,0.6398407220840454,0.9635036496350365,0.7352941176470589
3,5,83,0.11775004118680954,0.6343269348144531,0.9708029197080292,0.7647058823529411
3,5,84,0.14343197643756866,0.6429591774940491,0.9343065693430657,0.7941176470588235
3,5,85,0.13007421791553497,0.6827594637870789,0.948905109489051,0.7058823529411765
3,5,86,0.11177302151918411,0.6519550085067749,0.9562043795620438,0.7941176470588235
3,5,87,0.10871876776218414,0.6667994260787964,0.9635036496350365,0.7941176470588235
3,5,88,0.10491160303354263,0.689712643623352,0.9708029197080292,0.7647058823529411
3,5,89,0.1074899286031723,0.6911188364028931,0.9635036496350365,0.7941176470588235
3,5,90,0.09179141372442245,0.7124238610267639,0.9927007299270073,0.7352941176470589
3,5,91,0.09294862300157547,0.7183190584182739,0.9781021897810219,0.7941176470588235
3,5,92,0.08965267986059189,0.7614991068840027,0.9781021897810219,0.7352941176470589
3,5,93,0.10070187598466873,0.7570734620094299,0.9562043795620438,0.7941176470588235
3,5,94,0.07602237910032272,0.7721152901649475,1.0,0.7352941176470589
3,5,95,0.072260782122612,0.7789909243583679,0.9927007299270073,0.7352941176470589
3,5,96,0.08459816128015518,0.7638982534408569,0.9562043795620438,0.7941176470588235
3,5,97,0.10895910114049911,0.9346306920051575,0.9343065693430657,0.6764705882352942
3,5,98,0.0816366896033287,0.7771098017692566,0.9562043795620438,0.7941176470588235
3,5,99,0.07013589888811111,0.7889260649681091,0.9781021897810219,0.7941176470588235
3,5,100,0.07655017077922821,0.8801308870315552,0.9781021897810219,0.7058823529411765
4,1,1,0.7140099406242371,0.7521024346351624,0.7279411764705882,0.7142857142857143
4,1,2,0.6344774961471558,0.6417468190193176,0.7279411764705882,0.7142857142857143
4,1,3,0.6473648548126221,0.6536309123039246,0.7279411764705882,0.7142857142857143
4,1,4,0.6173354983329773,0.6279101967811584,0.7279411764705882,0.7142857142857143
4,1,5,0.5849870443344116,0.6031094193458557,0.7279411764705882,0.7142857142857143
4,1,6,0.5795503854751587,0.6085115671157837,0.7279411764705882,0.7142857142857143
4,1,7,0.5955321192741394,0.6328351497650146,0.7279411764705882,0.7142857142857143
4,1,8,0.585820734500885,0.6247259974479675,0.7279411764705882,0.7142857142857143
4,1,9,0.5695443749427795,0.6057901978492737,0.7279411764705882,0.7142857142857143
4,1,10,0.5672078728675842,0.6003114581108093,0.7279411764705882,0.7142857142857143
4,1,11,0.5707482695579529,0.6027435660362244,0.7279411764705882,0.7142857142857143
4,1,12,0.5693917870521545,0.6039766669273376,0.7279411764705882,0.7142857142857143
4,1,13,0.5610190033912659,0.6018657088279724,0.7279411764705882,0.7142857142857143
4,1,14,0.5521554350852966,0.6019454598426819,0.7279411764705882,0.7142857142857143
4,1,15,0.5507230162620544,0.6101467609405518,0.7279411764705882,0.7142857142857143
4,1,16,0.5521573424339294,0.619340717792511,0.7279411764705882,0.7142857142857143
4,1,17,0.5448545813560486,0.6156722903251648,0.7279411764705882,0.7142857142857143
4,1,18,0.5355607867240906,0.6067236661911011,0.7279411764705882,0.7142857142857143
4,1,19,0.532571017742157,0.6038562655448914,0.7279411764705882,0.7142857142857143
4,1,20,0.5311895608901978,0.6047055721282959,0.7279411764705882,0.7142857142857143
4,1,21,0.5239241123199463,0.6053944230079651,0.7279411764705882,0.7142857142857143
4,1,22,0.5155462622642517,0.6088044047355652,0.7279411764705882,0.7142857142857143
4,1,23,0.5126280188560486,0.618135392665863,0.7279411764705882,0.7142857142857143
4,1,24,0.5082666873931885,0.6219204664230347,0.7279411764705882,0.7142857142857143
4,1,25,0.4984019696712494,0.6147233247756958,0.7279411764705882,0.7142857142857143
4,1,26,0.49449819326400757,0.6069965958595276,0.7279411764705882,0.7142857142857143
4,1,27,0.4905678331851959,0.6049880981445312,0.7279411764705882,0.7142857142857143
4,1,28,0.4790988266468048,0.6077028512954712,0.7279411764705882,0.7142857142857143
4,1,29,0.4742259383201599,0.6171138286590576,0.7279411764705882,0.7142857142857143
4,1,30,0.4655078947544098,0.6143028140068054,0.7279411764705882,0.7142857142857143
4,1,31,0.4575723111629486,0.6024528741836548,0.7279411764705882,0.7142857142857143
4,1,32,0.45151445269584656,0.5976219773292542,0.7279411764705882,0.7142857142857143
4,1,33,0.44362470507621765,0.6008949279785156,0.7279411764705882,0.7142857142857143
4,1,34,0.437711626291275,0.600631833076477,0.7279411764705882,0.7142857142857143
4,1,35,0.42953670024871826,0.5936504602432251,0.75,0.7142857142857143
4,1,36,0.42301908135414124,0.5912783145904541,0.7647058823529411,0.7142857142857143
4,1,37,0.4163649082183838,0.5978721380233765,0.7573529411764706,0.6571428571428571
4,1,38,0.4105873107910156,0.6066054105758667,0.7720588235294118,0.6571428571428571
4,1,39,0.40473440289497375,0.6058037877082825,0.7573529411764706,0.6571428571428571
4,1,40,0.3983420729637146,0.606514036655426,0.8014705882352942,0.6285714285714286
4,1,41,0.3926255702972412,0.6297633647918701,0.75,0.6285714285714286
4,1,42,0.384064644575119,0.6349571347236633,0.7720588235294118,0.6285714285714286
4,1,43,0.3737393319606781,0.6455053091049194,0.8529411764705882,0.6
4,1,44,0.3659302890300751,0.6678966879844666,0.8455882352941176,0.6
4,1,45,0.35933053493499756,0.6899709105491638,0.8455882352941176,0.6
4,1,46,0.3482936918735504,0.6878875494003296,0.8602941176470589,0.6857142857142857
4,1,47,0.3375330865383148,0.7082918286323547,0.8529411764705882,0.6857142857142857
4,1,48,0.3271070420742035,0.7265093326568604,0.8823529411764706,0.6571428571428571
4,1,49,0.32407060265541077,0.7747271060943604,0.8529411764705882,0.6571428571428571
4,1,50,0.31885826587677,0.7656243443489075,0.8676470588235294,0.7428571428571429
4,1,51,0.37836429476737976,0.9371136426925659,0.7794117647058824,0.6857142857142857
4,1,52,0.34732142090797424,0.8068820238113403,0.8382352941176471,0.6
4,1,53,0.29747846722602844,0.8092739582061768,0.875,0.7428571428571429
4,1,54,0.4420303702354431,1.0445659160614014,0.7279411764705882,0.7142857142857143
4,1,55,0.29060202836990356,0.8089184165000916,0.8823529411764706,0.7428571428571429
4,1,56,0.3538232147693634,0.8350846767425537,0.8455882352941176,0.6
4,1,57,0.29147666692733765,0.8399843573570251,0.8676470588235294,0.6571428571428571
4,1,58,0.36893269419670105,0.9691510796546936,0.75,0.6857142857142857
4,1,59,0.283239483833313,0.821885883808136,0.8676470588235294,0.7428571428571429
4,1,60,0.30264079570770264,0.8154692053794861,0.8676470588235294,0.6857142857142857
4,1,61,0.27681848406791687,0.8147197365760803,0.8897058823529411,0.7142857142857143
4,1,62,0.33779123425483704,0.9208659529685974,0.8235294117647058,0.6857142857142857
4,1,63,0.26832759380340576,0.8198021650314331,0.8897058823529411,0.6857142857142857
4,1,64,0.28387394547462463,0.8241132497787476,0.8823529411764706,0.6857142857142857
4,1,65,0.2636098265647888,0.8275061249732971,0.875,0.7428571428571429
4,1,66,0.28479596972465515,0.8792688846588135,0.8382352941176471,0.6857142857142857
4,1,67,0.2609896659851074,0.8463619351387024,0.8897058823529411,0.7142857142857143
4,1,68,0.25544610619544983,0.8324273228645325,0.8970588235294118,0.6857142857142857
4,1,69,0.2489192634820938,0.8356028199195862,0.8970588235294118,0.6857142857142857
4,1,70,0.2531546950340271,0.8617709875106812,0.8897058823529411,0.6857142857142857
4,1,71,0.24399429559707642,0.8524541854858398,0.8970588235294118,0.6857142857142857
4,1,72,0.2397691011428833,0.8469586372375488,0.8970588235294118,0.6571428571428571
4,1,73,0.23622176051139832,0.8551552295684814,0.8970588235294118,0.6571428571428571
4,1,74,0.23033498227596283,0.8737141489982605,0.8970588235294118,0.6571428571428571
4,1,75,0.22467578947544098,0.8855265378952026,0.8970588235294118,0.6571428571428571
4,1,76,0.22254474461078644,0.8984981179237366,0.8970588235294118,0.7142857142857143
4,1,77,0.21531040966510773,0.8967244625091553,0.9117647058823529,0.6857142857142857
4,1,78,0.2117617428302765,0.9045170545578003,0.9191176470588235,0.6857142857142857
4,1,79,0.20871037244796753,0.9066221117973328,0.9117647058823529,0.6857142857142857
4,1,80,0.20404770970344543,0.9126314520835876,0.9485294117647058,0.6571428571428571
4,1,81,0.21259203553199768,0.9299665093421936,0.9117647058823529,0.7142857142857143
4,1,82,0.2025214433670044,0.9443796277046204,0.9117647058823529,0.6571428571428571
4,1,83,0.19201797246932983,0.962003231048584,0.9338235294117647,0.6285714285714286
4,1,84,0.1998051255941391,0.9875054359436035,0.9338235294117647,0.7142857142857143
4,1,85,0.19472648203372955,0.9732288718223572,0.9191176470588235,0.6857142857142857
4,1,86,0.18501882255077362,0.9796492457389832,0.9411764705882353,0.7428571428571429
4,1,87,0.1883307844400406,0.995370626449585,0.9338235294117647,0.7428571428571429
4,1,88,0.1885763704776764,0.9580802917480469,0.9191176470588235,0.6857142857142857
4,1,89,0.17435896396636963,0.9700685739517212,0.9338235294117647,0.7428571428571429
4,1,90,0.18176032602787018,1.0124505758285522,0.9264705882352942,0.7142857142857143
4,1,91,0.1662885546684265,1.0157514810562134,0.9558823529411765,0.6571428571428571
4,1,92,0.16243895888328552,1.027578592300415,0.9411764705882353,0.6571428571428571
4,1,93,0.16204464435577393,1.045829176902771,0.9485294117647058,0.6857142857142857
4,1,94,0.15963831543922424,1.0354140996932983,0.9411764705882353,0.6857142857142857
4,1,95,0.17088383436203003,1.0678094625473022,0.9338235294117647,0.7428571428571429
4,1,96,0.1537022590637207,1.046831488609314,0.9485294117647058,0.6571428571428571
4,1,97,0.14518271386623383,1.0578405857086182,0.9632352941176471,0.7142857142857143
4,1,98,0.16136544942855835,1.0880818367004395,0.9264705882352942,0.7428571428571429
4,1,99,0.1504954993724823,1.0992908477783203,0.9411764705882353,0.6285714285714286
4,1,100,0.1440628468990326,1.1042356491088867,0.9632352941176471,0.7714285714285715
4,2,1,0.6732295751571655,0.640692412853241,0.7226277372262774,0.7352941176470589
4,2,2,0.6268014311790466,0.6222661733627319,0.7226277372262774,0.7352941176470589
4,2,3,0.6300761103630066,0.626449704170227,0.7226277372262774,0.7352941176470589
4,2,4,0.6022531986236572,0.595794141292572,0.7226277372262774,0.7352941176470589
4,2,5,0.5851560831069946,0.5729271173477173,0.7226277372262774,0.7352941176470589
4,2,6,0.5983861088752747,0.5809836983680725,0.7226277372262774,0.7352941176470589
4,2,7,0.5947540998458862,0.5789232850074768,0.7226277372262774,0.7352941176470589
4,2,8,0.5795418620109558,0.5692640542984009,0.7226277372262774,0.7352941176470589
4,2,9,0.5785913467407227,0.5729950666427612,0.7226277372262774,0.7352941176470589
4,2,10,0.5816059708595276,0.5787432193756104,0.7226277372262774,0.7352941176470589
4,2,11,0.5781689882278442,0.5768423080444336,0.7226277372262774,0.7352941176470589
4,2,12,0.5695027709007263,0.5682240724563599,0.7226277372262774,0.7352941176470589
4,2,13,0.5639131665229797,0.5616796016693115,0.7226277372262774,0.7352941176470589
4,2,14,0.5635227560997009,0.5611728429794312,0.7226277372262774,0.7352941176470589
4,2,15,0.5588900446891785,0.5593468546867371,0.7226277372262774,0.7352941176470589
4,2,16,0.5511913299560547,0.5576964020729065,0.7226277372262774,0.7352941176470589
4,2,17,0.5485811233520508,0.5613058805465698,0.7226277372262774,0.7352941176470589
4,2,18,0.5459185838699341,0.5626794695854187,0.7226277372262774,0.7352941176470589
4,2,19,0.5380712151527405,0.5568769574165344,0.7226277372262774,0.7352941176470589
4,2,20,0.532544732093811,0.5519207119941711,0.7226277372262774,0.7352941176470589
4,2,21,0.5289722084999084,0.5509957671165466,0.7226277372262774,0.7352941176470589
4,2,22,0.5200963616371155,0.5502455234527588,0.7226277372262774,0.7352941176470589
4,2,23,0.5146916508674622,0.554855227470398,0.7226277372262774,0.7352941176470589
4,2,24,0.5092620849609375,0.553825855255127,0.7226277372262774,0.7352941176470589
4,2,25,0.502627968788147,0.5490334033966064,0.7226277372262774,0.7352941176470589
4,2,26,0.49660685658454895,0.5471007227897644,0.7226277372262774,0.7352941176470589
4,2,27,0.48927193880081177,0.5469638705253601,0.7226277372262774,0.7352941176470589
4,2,28,0.4833965301513672,0.549613893032074,0.7226277372262774,0.7352941176470589
4,2,29,0.4758824110031128,0.5482926964759827,0.7226277372262774,0.7352941176470589
4,2,30,0.47243058681488037,0.5506970882415771,0.7226277372262774,0.7352941176470589
4,2,31,0.46432098746299744,0.5510278344154358,0.7226277372262774,0.7352941176470589
4,2,32,0.4588557779788971,0.5498954653739929,0.7226277372262774,0.7352941176470589
4,2,33,0.45384281873703003,0.548683762550354,0.7226277372262774,0.7352941176470589
4,2,34,0.44805842638015747,0.5514354705810547,0.7226277372262774,0.7352941176470589
4,2,35,0.4412805736064911,0.5523678660392761,0.7226277372262774,0.7058823529411765
4,2,36,0.43583494424819946,0.5543970465660095,0.7226277372262774,0.7352941176470589
4,2,37,0.4315890967845917,0.5589537024497986,0.7153284671532847,0.7352941176470589
4,2,38,0.42475980520248413,0.5599548816680908,0.7664233576642335,0.7647058823529411
4,2,39,0.42745280265808105,0.5768654942512512,0.7226277372262774,0.7941176470588235
4,2,40,0.42054441571235657,0.5700286626815796,0.8102189781021898,0.7647058823529411
4,2,41,0.4121866524219513,0.5843183994293213,0.7518248175182481,0.7941176470588235
4,2,42,0.4090602397918701,0.5897551774978638,0.7591240875912408,0.7941176470588235
4,2,43,0.413434773683548,0.5762054920196533,0.8029197080291971,0.7352941176470589
4,2,44,0.3976064622402191,0.5911117792129517,0.7737226277372263,0.8235294117647058
4,2,45,0.408555269241333,0.6143365502357483,0.7445255474452555,0.7941176470588235
4,2,46,0.4006701111793518,0.5832536220550537,0.8394160583941606,0.7352941176470589
4,2,47,0.3771800994873047,0.5961626768112183,0.8248175182481752,0.7647058823529411
4,2,48,0.40429916977882385,0.6463714241981506,0.7299270072992701,0.7941176470588235
4,2,49,0.37122803926467896,0.5965853929519653,0.8248175182481752,0.7647058823529411
4,2,50,0.3634331226348877,0.6063910126686096,0.8248175182481752,0.7647058823529411
4,2,51,0.3812786340713501,0.6472316384315491,0.7591240875912408,0.7352941176470589
4,2,52,0.3590911030769348,0.6024251580238342,0.8613138686131386,0.7352941176470589
4,2,53,0.3451591730117798,0.6234753727912903,0.8467153284671532,0.7647058823529411
4,2,54,0.35343050956726074,0.6652776002883911,0.8102189781021898,0.7647058823529411
4,2,55,0.3336576521396637,0.6309182047843933,0.8540145985401459,0.7647058823529411
4,2,56,0.3281673789024353,0.6406232714653015,0.8467153284671532,0.7647058823529411
4,2,57,0.34755924344062805,0.6865010261535645,0.8102189781021898,0.7352941176470589
4,2,58,0.34203293919563293,0.6243190169334412,0.8540145985401459,0.7647058823529411
4,2,59,0.3140313923358917,0.661882758140564,0.8394160583941606,0.7647058823529411
4,2,60,0.3223334550857544,0.6949945688247681,0.8102189781021898,0.7647058823529411
4,2,61,0.30532485246658325,0.6398724913597107,0.8978102189781022,0.7352941176470589
4,2,62,0.29921117424964905,0.6717664003372192,0.8540145985401459,0.7647058823529411
4,2,63,0.29581162333488464,0.6814348697662354,0.8467153284671532,0.7647058823529411
4,2,64,0.2910379469394684,0.6442784667015076,0.8978102189781022,0.7647058823529411
4,2,65,0.2834698557853699,0.6744380593299866,0.8540145985401459,0.7647058823529411
4,2,66,0.2721500098705292,0.6700476408004761,0.8978102189781022,0.7647058823529411
4,2,67,0.2662414610385895,0.6739838123321533,0.9124087591240876,0.7647058823529411
4,2,68,0.274844229221344,0.7291911840438843,0.8686131386861314,0.7647058823529411
4,2,69,0.2555364966392517,0.6913362145423889,0.9051094890510949,0.7941176470588235
4,2,70,0.26158827543258667,0.734857439994812,0.8759124087591241,0.7647058823529411
4,2,71,0.2769533097743988,0.6896951198577881,0.8832116788321168,0.7941176470588235
4,2,72,0.3590491712093353,0.8830803036689758,0.7591240875912408,0.7058823529411765
4,2,73,0.25107017159461975,0.6998556852340698,0.8978102189781022,0.7647058823529411
4,2,74,0.2372354120016098,0.7155583500862122,0.9197080291970803,0.7941176470588235
4,2,75,0.315311074256897,0.8694172501564026,0.8175182481751825,0.7352941176470589
4,2,76,0.24485068023204803,0.7046937346458435,0.8978102189781022,0.7941176470588235
4,2,77,0.23794007301330566,0.7150171995162964,0.9051094890510949,0.7647058823529411
4,2,78,0.2896052300930023,0.8311533331871033,0.8175182481751825,0.7352941176470589
4,2,79,0.22845964133739471,0.7200819849967957,0.927007299270073,0.7941176470588235
4,2,80,0.23250076174736023,0.70670086145401,0.9197080291970803,0.7941176470588235
4,2,81,0.24532648921012878,0.799713134765625,0.8978102189781022,0.7352941176470589
4,2,82,0.22310176491737366,0.780056893825531,0.9124087591240876,0.7058823529411765
4,2,83,0.2542879283428192,0.6981425881385803,0.9051094890510949,0.8235294117647058
4,2,84,0.22544744610786438,0.800372302532196,0.9124087591240876,0.7058823529411765
4,2,85,0.25918516516685486,0.8665767908096313,0.8540145985401459,0.7058823529411765
4,2,86,0.21908806264400482,0.719730019569397,0.9197080291970803,0.7941176470588235
4,2,87,0.20922602713108063,0.7321175932884216,0.927007299270073,0.7941176470588235
4,2,88,0.2467258721590042,0.8455609083175659,0.8759124087591241,0.7058823529411765
4,2,89,0.197067990899086,0.7562893629074097,0.9343065693430657,0.8235294117647058
4,2,90,0.21255870163440704,0.7374253869056702,0.927007299270073,0.8235294117647058
4,2,91,0.22214531898498535,0.8860545754432678,0.9124087591240876,0.6764705882352942
4,2,92,0.1880359798669815,0.8450284600257874,0.9197080291970803,0.7352941176470589
4,2,93,0.2026233822107315,0.7821328639984131,0.927007299270073,0.7941176470588235
4,2,94,0.18140281736850739,0.872077226638794,0.9197080291970803,0.7647058823529411
4,2,95,0.19058676064014435,0.9302593469619751,0.927007299270073,0.7058823529411765
4,2,96,0.17040686309337616,0.8369829058647156,0.9416058394160584,0.7647058823529411
4,2,97,0.16317546367645264,0.8566933870315552,0.948905109489051,0.7647058823529411
4,2,98,0.18212853372097015,0.9536864161491394,0.927007299270073,0.6764705882352942
4,2,99,0.15580634772777557,0.8838241696357727,0.9635036496350365,0.7352941176470589
4,2,100,0.15334390103816986,0.8932045698165894,0.9635036496350365,0.7352941176470589
4,3,1,0.7408931851387024,0.7108235955238342,0.7226277372262774,0.7352941176470589
4,3,2,0.6401487588882446,0.6366586685180664,0.7226277372262774,0.7352941176470589
4,3,3,0.658370852470398,0.6569691896438599,0.7226277372262774,0.7352941176470589
4,3,4,0.6415354013442993,0.639212429523468,0.7226277372262774,0.7352941176470589
4,3,5,0.6143227815628052,0.6099305748939514,0.7226277372262774,0.7352941176470589
4,3,6,0.5886324048042297,0.580434262752533,0.7226277372262774,0.7352941176470589
4,3,7,0.5874961018562317,0.573796808719635,0.7226277372262774,0.7352941176470589
4,3,8,0.6034548878669739,0.5862290859222412,0.7226277372262774,0.7352941176470589
4,3,9,0.5979427695274353,0.5818164944648743,0.7226277372262774,0.7352941176470589
4,3,10,0.5811677575111389,0.5695141553878784,0.7226277372262774,0.7352941176470589
4,3,11,0.5759514570236206,0.5691216588020325,0.7226277372262774,0.7352941176470589
4,3,12,0.5801652073860168,0.5769039392471313,0.7226277372262774,0.7352941176470589
4,3,13,0.5834218859672546,0.5823966860771179,0.7226277372262774,0.7352941176470589
4,3,14,0.580448567867279,0.5804504752159119,0.7226277372262774,0.7352941176470589
4,3,15,0.5724274516105652,0.5722527503967285,0.7226277372262774,0.7352941176470589
4,3,16,0.5643964409828186,0.5626955628395081,0.7226277372262774,0.7352941176470589
4,3,17,0.5619331002235413,0.5582575798034668,0.7226277372262774,0.7352941176470589
4,3,18,0.5626043081283569,0.5578410029411316,0.7226277372262774,0.7352941176470589
4,3,19,0.5592430830001831,0.5558843016624451,0.7226277372262774,0.7352941176470589
4,3,20,0.5518190860748291,0.5524774193763733,0.7226277372262774,0.7352941176470589
4,3,21,0.5466381311416626,0.5524623990058899,0.7226277372262774,0.7352941176470589
4,3,22,0.544926643371582,0.5556616187095642,0.7226277372262774,0.7352941176470589
4,3,23,0.5421850681304932,0.5567115545272827,0.7226277372262774,0.7352941176470589
4,3,24,0.5356372594833374,0.5529705286026001,0.7226277372262774,0.7352941176470589
4,3,25,0.5282778739929199,0.5462249517440796,0.7226277372262774,0.7352941176470589
4,3,26,0.5243318676948547,0.5417891144752502,0.7226277372262774,0.7352941176470589
4,3,27,0.5194963812828064,0.5404284000396729,0.7226277372262774,0.7352941176470589
4,3,28,0.5109909772872925,0.5408730506896973,0.7226277372262774,0.7352941176470589
4,3,29,0.5055899620056152,0.5460915565490723,0.7226277372262774,0.7352941176470589
4,3,30,0.5001174807548523,0.5474849343299866,0.7226277372262774,0.7352941176470589
4,3,31,0.4920966625213623,0.5416517853736877,0.7226277372262774,0.7352941176470589
4,3,32,0.48564431071281433,0.538155734539032,0.7226277372262774,0.7352941176470589
4,3,33,0.47824063897132874,0.5375231504440308,0.7226277372262774,0.7352941176470589
4,3,34,0.46902787685394287,0.5409389734268188,0.7226277372262774,0.7352941176470589
4,3,35,0.46113094687461853,0.5418494939804077,0.7226277372262774,0.7352941176470589
4,3,36,0.4536999464035034,0.5383038520812988,0.7226277372262774,0.7352941176470589
4,3,37,0.44673317670822144,0.5382000207901001,0.7226277372262774,0.7352941176470589
4,3,38,0.43962863087654114,0.5383069515228271,0.7226277372262774,0.7352941176470589
4,3,39,0.4329054057598114,0.536266565322876,0.7226277372262774,0.7352941176470589
4,3,40,0.4282303750514984,0.5357946157455444,0.7226277372262774,0.7352941176470589
4,3,41,0.4202389121055603,0.5340518951416016,0.7226277372262774,0.7352941176470589
4,3,42,0.4155745804309845,0.5334548950195312,0.7226277372262774,0.7352941176470589
4,3,43,0.406756192445755,0.5319263339042664,0.7226277372262774,0.7352941176470589
4,3,44,0.4046400189399719,0.5314512848854065,0.7226277372262774,0.7352941176470589
4,3,45,0.3997325003147125,0.5309801697731018,0.7226277372262774,0.7352941176470589
4,3,46,0.39271262288093567,0.530409574508667,0.7226277372262774,0.7352941176470589
4,3,47,0.38748225569725037,0.5316027998924255,0.7226277372262774,0.7352941176470589
4,3,48,0.38430237770080566,0.5337514281272888,0.7372262773722628,0.7058823529411765
4,3,49,0.37620577216148376,0.5331847071647644,0.7445255474452555,0.7058823529411765
4,3,50,0.37352243065834045,0.5284814834594727,0.7445255474452555,0.7352941176470589
4,3,51,0.36838462948799133,0.5292863249778748,0.7372262773722628,0.7352941176470589
4,3,52,0.36532774567604065,0.5289418697357178,0.7518248175182481,0.7352941176470589
4,3,53,0.35763129591941833,0.5311464667320251,0.7883211678832117,0.7941176470588235
4,3,54,0.3532617390155792,0.5314571857452393,0.7664233576642335,0.7647058823529411
4,3,55,0.34415629506111145,0.5310474038124084,0.7883211678832117,0.7941176470588235
4,3,56,0.343314528465271,0.531149685382843,0.7956204379562044,0.7941176470588235
4,3,57,0.3424290418624878,0.5365040898323059,0.7664233576642335,0.7352941176470589
4,3,58,0.33217477798461914,0.5371688604354858,0.8321167883211679,0.7647058823529411
4,3,59,0.3368269205093384,0.5533652901649475,0.7956204379562044,0.7647058823529411
4,3,60,0.3347608745098114,0.5431522727012634,0.8613138686131386,0.7647058823529411
4,3,61,0.35616350173950195,0.5717281103134155,0.7299270072992701,0.7352941176470589
4,3,62,0.3252428472042084,0.5362129211425781,0.8613138686131386,0.7647058823529411
4,3,63,0.31989410519599915,0.5358777642250061,0.8248175182481752,0.7647058823529411
4,3,64,0.3151364326477051,0.5374801754951477,0.8321167883211679,0.7647058823529411
4,3,65,0.30755600333213806,0.5384097695350647,0.8759124087591241,0.8235294117647058
4,3,66,0.30749639868736267,0.5511851906776428,0.8175182481751825,0.7941176470588235
4,3,67,0.31076714396476746,0.5512046813964844,0.8832116788321168,0.7352941176470589
4,3,68,0.31837719678878784,0.5872379541397095,0.781021897810219,0.7647058823529411
4,3,69,0.288564532995224,0.5504987239837646,0.8613138686131386,0.8235294117647058
4,3,70,0.28447282314300537,0.5519481301307678,0.8759124087591241,0.8235294117647058
4,3,71,0.3102854788303375,0.6102294921875,0.7883211678832117,0.7647058823529411
4,3,72,0.32180356979370117,0.5605235695838928,0.8759124087591241,0.6764705882352942
4,3,73,0.2823687195777893,0.5604630708694458,0.8978102189781022,0.7941176470588235
4,3,74,0.2988099753856659,0.5927506685256958,0.8029197080291971,0.7647058823529411
4,3,75,0.29427817463874817,0.5630161166191101,0.8905109489051095,0.7352941176470589
4,3,76,0.2736438810825348,0.5694181323051453,0.8686131386861314,0.7352941176470589
4,3,77,0.31516072154045105,0.6254165768623352,0.8029197080291971,0.7647058823529411
4,3,78,0.28204628825187683,0.568717896938324,0.8905109489051095,0.7647058823529411
4,3,79,0.2700536549091339,0.556325376033783,0.8978102189781022,0.7647058823529411
4,3,80,0.3184036612510681,0.6300749182701111,0.7664233576642335,0.7647058823529411
4,3,81,0.26932239532470703,0.5506414771080017,0.8978102189781022,0.7352941176470589
4,3,82,0.2661423981189728,0.5524863600730896,0.8978102189781022,0.7352941176470589
4,3,83,0.28588271141052246,0.6129613518714905,0.8175182481751825,0.7941176470588235
4,3,84,0.23723243176937103,0.5661582946777344,0.9197080291970803,0.8235294117647058
4,3,85,0.24105530977249146,0.554495632648468,0.927007299270073,0.8235294117647058
4,3,86,0.2342689037322998,0.578507661819458,0.9343065693430657,0.7941176470588235
4,3,87,0.23207668960094452,0.6041403412818909,0.9343065693430657,0.7941176470588235
4,3,88,0.22486913204193115,0.5858854055404663,0.927007299270073,0.8235294117647058
4,3,89,0.22032588720321655,0.5942153334617615,0.927007299270073,0.8235294117647058
4,3,90,0.22861801087856293,0.631088137626648,0.9051094890510949,0.7941176470588235
4,3,91,0.240031436085701,0.5826634764671326,0.9197080291970803,0.7352941176470589
4,3,92,0.20852282643318176,0.5899350643157959,0.9416058394160584,0.8235294117647058
4,3,93,0.2407408058643341,0.6741204261779785,0.8613138686131386,0.7647058823529411
4,3,94,0.2195127010345459,0.5912495255470276,0.9343065693430657,0.7352941176470589
4,3,95,0.20604895055294037,0.5983064770698547,0.9343065693430657,0.7941176470588235
4,3,96,0.23395106196403503,0.6610586643218994,0.8759124087591241,0.7941176470588235
4,3,97,0.2235277146100998,0.6043346524238586,0.9197080291970803,0.7647058823529411
4,3,98,0.19702723622322083,0.598073422908783,0.9343065693430657,0.7647058823529411
4,3,99,0.21498094499111176,0.656806468963623,0.8978102189781022,0.7941176470588235
4,3,100,0.1891847550868988,0.610794186592102,0.9343065693430657,0.7647058823529411
4,4,1,0.7115351557731628,0.6913328170776367,0.7226277372262774,0.7352941176470589
4,4,2,0.636471152305603,0.6333065032958984,0.7226277372262774,0.7352941176470589
4,4,3,0.6434899568557739,0.6402060389518738,0.7226277372262774,0.7352941176470589
4,4,4,0.6220899224281311,0.6169990301132202,0.7226277372262774,0.7352941176470589
4,4,5,0.5959890484809875,0.5883603096008301,0.7226277372262774,0.7352941176470589
4,4,6,0.5849591493606567,0.57437664270401,0.7226277372262774,0.7352941176470589
4,4,7,0.5970161557197571,0.5846685171127319,0.7226277372262774,0.7352941176470589
4,4,8,0.5993762612342834,0.5872782468795776,0.7226277372262774,0.7352941176470589
4,4,9,0.5862812995910645,0.5753912925720215,0.7226277372262774,0.7352941176470589
4,4,10,0.578377366065979,0.5687153935432434,0.7226277372262774,0.7352941176470589
4,4,11,0.5801900625228882,0.5713302493095398,0.7226277372262774,0.7352941176470589
4,4,12,0.5834270119667053,0.5748773217201233,0.7226277372262774,0.7352941176470589
4,4,13,0.582081139087677,0.5734644532203674,0.7226277372262774,0.7352941176470589
4,4,14,0.57581627368927,0.5670233368873596,0.7226277372262774,0.7352941176470589
4,4,15,0.5690206289291382,0.5603148341178894,0.7226277372262774,0.7352941176470589
4,4,16,0.5666142702102661,0.5585767030715942,0.7226277372262774,0.7352941176470589
4,4,17,0.5672141313552856,0.5601763129234314,0.7226277372262774,0.7352941176470589
4,4,18,0.5652231574058533,0.559101939201355,0.7226277372262774,0.7352941176470589
4,4,19,0.5584056377410889,0.5521191954612732,0.7226277372262774,0.7352941176470589
4,4,20,0.5531920790672302,0.5454683303833008,0.7226277372262774,0.7352941176470589
4,4,21,0.551157534122467,0.5423609018325806,0.7226277372262774,0.7352941176470589
4,4,22,0.548657238483429,0.5393356084823608,0.7226277372262774,0.7352941176470589
4,4,23,0.5428634285926819,0.5342081189155579,0.7226277372262774,0.7352941176470589
4,4,24,0.535354495048523,0.5297139286994934,0.7226277372262774,0.7352941176470589
4,4,25,0.5313628315925598,0.5311154127120972,0.7226277372262774,0.7352941176470589
4,4,26,0.527424693107605,0.5308917760848999,0.7226277372262774,0.7352941176470589
4,4,27,0.518937349319458,0.5208208560943604,0.7226277372262774,0.7352941176470589
4,4,28,0.5133086442947388,0.5115610957145691,0.7226277372262774,0.7352941176470589
4,4,29,0.5083907842636108,0.5078251957893372,0.7226277372262774,0.7352941176470589
4,4,30,0.500048816204071,0.5063230991363525,0.7226277372262774,0.7352941176470589
4,4,31,0.4922926425933838,0.5106163024902344,0.7226277372262774,0.7352941176470589
4,4,32,0.48599934577941895,0.5157166719436646,0.7226277372262774,0.7352941176470589
4,4,33,0.477658748626709,0.510669469833374,0.7226277372262774,0.7352941176470589
4,4,34,0.47211310267448425,0.5080971717834473,0.7226277372262774,0.7352941176470589
4,4,35,0.464672714471817,0.5149522423744202,0.7226277372262774,0.7352941176470589
4,4,36,0.45917248725891113,0.535882830619812,0.7226277372262774,0.7352941176470589
4,4,37,0.44956281781196594,0.5343452095985413,0.7226277372262774,0.7352941176470589
4,4,38,0.4439029395580292,0.5346847176551819,0.7226277372262774,0.7352941176470589
4,4,39,0.4359438121318817,0.5556699633598328,0.7226277372262774,0.7352941176470589
4,4,40,0.43055444955825806,0.5804671049118042,0.7226277372262774,0.7352941176470589
4,4,41,0.4199860394001007,0.5703598856925964,0.7226277372262774,0.7352941176470589
4,4,42,0.4162769317626953,0.5816375613212585,0.7226277372262774,0.7352941176470589
4,4,43,0.4108969569206238,0.5979453325271606,0.7226277372262774,0.7352941176470589
4,4,44,0.40247493982315063,0.5971885323524475,0.7226277372262774,0.7352941176470589
4,4,45,0.39653638005256653,0.6020435690879822,0.7226277372262774,0.7352941176470589
4,4,46,0.3930104076862335,0.6324630379676819,0.7226277372262774,0.7352941176470589
4,4,47,0.3832027316093445,0.6195468902587891,0.7591240875912408,0.7941176470588235
4,4,48,0.37957143783569336,0.6241176724433899,0.7372262773722628,0.7941176470588235
4,4,49,0.3738234341144562,0.6333877444267273,0.7445255474452555,0.7941176470588235
4,4,50,0.3673868179321289,0.6365333199501038,0.7737226277372263,0.7941176470588235
4,4,51,0.36445334553718567,0.6691561937332153,0.781021897810219,0.7941176470588235
4,4,52,0.35401657223701477,0.6470170617103577,0.8248175182481752,0.7941176470588235
4,4,53,0.36020147800445557,0.6882296204566956,0.7591240875912408,0.7941176470588235
4,4,54,0.3526510000228882,0.6381843686103821,0.8759124087591241,0.7941176470588235
4,4,55,0.3559427559375763,0.7030144929885864,0.7591240875912408,0.7941176470588235
4,4,56,0.3364710509777069,0.6541640162467957,0.8905109489051095,0.7647058823529411
4,4,57,0.3422052264213562,0.6937345862388611,0.7737226277372263,0.7941176470588235
4,4,58,0.3279598653316498,0.6511220335960388,0.9124087591240876,0.7647058823529411
4,4,59,0.33449745178222656,0.7202016115188599,0.7883211678832117,0.7941176470588235
4,4,60,0.313738077878952,0.6792730689048767,0.9051094890510949,0.7058823529411765
4,4,61,0.31082800030708313,0.7253509163856506,0.8394160583941606,0.7941176470588235
4,4,62,0.3041120171546936,0.6903937458992004,0.9197080291970803,0.7058823529411765
4,4,63,0.3204783797264099,0.7933845520019531,0.7883211678832117,0.7941176470588235
4,4,64,0.30543798208236694,0.6784621477127075,0.9197080291970803,0.7058823529411765
4,4,65,0.2926297187805176,0.7281970977783203,0.8686131386861314,0.7941176470588235
4,4,66,0.2829555869102478,0.7371885776519775,0.9124087591240876,0.7647058823529411
4,4,67,0.28126078844070435,0.7080565094947815,0.9343065693430657,0.7058823529411765
4,4,68,0.2975708544254303,0.8325550556182861,0.8102189781021898,0.7941176470588235
4,4,69,0.26888447999954224,0.72359699010849,0.9416058394160584,0.7058823529411765
4,4,70,0.2594238519668579,0.7778819799423218,0.9197080291970803,0.7352941176470589
4,4,71,0.25294962525367737,0.8133640289306641,0.927007299270073,0.7352941176470589
4,4,72,0.2589898705482483,0.739282488822937,0.9343065693430657,0.7058823529411765
4,4,73,0.24918946623802185,0.8801708221435547,0.9124087591240876,0.7647058823529411
4,4,74,0.21975821256637573,0.8241133093833923,0.9416058394160584,0.7058823529411765
4,4,75,0.21899744868278503,0.7969560027122498,0.9343065693430657,0.7058823529411765
4,4,76,0.21693599224090576,0.9024121761322021,0.927007299270073,0.7058823529411765
4,4,77,0.19158151745796204,0.8617476224899292,0.948905109489051,0.7058823529411765
4,4,78,0.1874968260526657,0.8463522791862488,0.948905109489051,0.7058823529411765
4,4,79,0.19478072226047516,0.9453834295272827,0.9343065693430657,0.7058823529411765
4,4,80,0.1813870370388031,0.875163733959198,0.9416058394160584,0.7352941176470589
4,4,81,0.19439652562141418,1.064062476158142,0.9343065693430657,0.7058823529411765
4,4,82,0.17015674710273743,0.9423413872718811,0.948905109489051,0.7352941176470589
4,4,83,0.16435012221336365,0.998400092124939,0.9562043795620438,0.7058823529411765
4,4,84,0.16298258304595947,1.0401819944381714,0.9562043795620438,0.7058823529411765
4,4,85,0.17299365997314453,0.9929120540618896,0.9635036496350365,0.6470588235294118
4,4,86,0.20978470146656036,1.216179609298706,0.9124087591240876,0.7647058823529411
4,4,87,0.14370182156562805,1.0357528924942017,0.9635036496350365,0.7352941176470589
4,4,88,0.13876144587993622,1.0605323314666748,0.9635036496350365,0.7647058823529411
4,4,89,0.17814752459526062,1.2506763935089111,0.9343065693430657,0.7058823529411765
4,4,90,0.14665915071964264,1.0639835596084595,0.9708029197080292,0.6764705882352942
4,4,91,0.1320086419582367,1.1711649894714355,0.9562043795620438,0.7058823529411765
4,4,92,0.1344212293624878,1.2105953693389893,0.9562043795620438,0.7058823529411765
4,4,93,0.12854677438735962,1.1480852365493774,0.9635036496350365,0.6764705882352942
4,4,94,0.12981963157653809,1.2818679809570312,0.9562043795620438,0.7058823529411765
4,4,95,0.11846042424440384,1.2906275987625122,0.9635036496350365,0.7058823529411765
4,4,96,0.12372452765703201,1.233013391494751,0.9635036496350365,0.6470588235294118
4,4,97,0.13676683604717255,1.3606913089752197,0.9635036496350365,0.7058823529411765
4,4,98,0.10886107385158539,1.3045194149017334,0.9708029197080292,0.7058823529411765
4,4,99,0.114895761013031,1.3017512559890747,0.9708029197080292,0.6764705882352942
4,4,100,0.12158556282520294,1.4109656810760498,0.9562043795620438,0.7058823529411765
4,5,1,0.7119454741477966,0.7683583498001099,0.7299270072992701,0.7058823529411765
4,5,2,0.6300085783004761,0.6388940811157227,0.7299270072992701,0.7058823529411765
4,5,3,0.6392602920532227,0.6467694640159607,0.7299270072992701,0.7058823529411765
4,5,4,0.611487090587616,0.6246142983436584,0.7299270072992701,0.7058823529411765
4,5,5,0.5812433362007141,0.6051769256591797,0.7299270072992701,0.7058823529411765
4,5,6,0.5824288725852966,0.621487021446228,0.7299270072992701,0.7058823529411765
4,5,7,0.5927234292030334,0.6401417851448059,0.7299270072992701,0.7058823529411765
4,5,8,0.5791051387786865,0.6241657137870789,0.7299270072992701,0.7058823529411765
4,5,9,0.5675769448280334,0.6054218411445618,0.7299270072992701,0.7058823529411765
4,5,10,0.5687317848205566,0.6005716919898987,0.7299270072992701,0.7058823529411765
4,5,11,0.5707914233207703,0.6007044315338135,0.7299270072992701,0.7058823529411765
4,5,12,0.5652196407318115,0.5987430810928345,0.7299270072992701,0.7058823529411765
4,5,13,0.5556250810623169,0.5978429317474365,0.7299270072992701,0.7058823529411765
4,5,14,0.5503649711608887,0.6044324040412903,0.7299270072992701,0.7058823529411765
4,5,15,0.550706684589386,0.6162359714508057,0.7299270072992701,0.7058823529411765
4,5,16,0.5459181070327759,0.6154945492744446,0.7299270072992701,0.7058823529411765
4,5,17,0.5374751091003418,0.6044472455978394,0.7299270072992701,0.7058823529411765
4,5,18,0.5326995849609375,0.5939412713050842,0.7299270072992701,0.7058823529411765
4,5,19,0.5303592085838318,0.5895123481750488,0.7299270072992701,0.7058823529411765
4,5,20,0.5233654379844666,0.5899538397789001,0.7299270072992701,0.7058823529411765
4,5,21,0.515865683555603,0.6006977558135986,0.7299270072992701,0.7058823529411765
4,5,22,0.5134068727493286,0.615833580493927,0.7299270072992701,0.7058823529411765
4,5,23,0.5065732002258301,0.6144218444824219,0.7299270072992701,0.7058823529411765
4,5,24,0.49842649698257446,0.597493052482605,0.7299270072992701,0.7058823529411765
4,5,25,0.4946998357772827,0.5880916714668274,0.7299270072992701,0.7058823529411765
4,5,26,0.4884236454963684,0.5908624529838562,0.7299270072992701,0.7058823529411765
4,5,27,0.4824274480342865,0.6069713234901428,0.7299270072992701,0.7058823529411765
4,5,28,0.47752946615219116,0.6151208877563477,0.7299270072992701,0.7058823529411765
4,5,29,0.46932971477508545,0.6031299233436584,0.7299270072992701,0.7058823529411765
4,5,30,0.46744421124458313,0.5865560173988342,0.7299270072992701,0.7058823529411765
4,5,31,0.4588913023471832,0.5961402654647827,0.7299270072992701,0.7058823529411765
4,5,32,0.45677733421325684,0.6303741335868835,0.7299270072992701,0.7058823529411765
4,5,33,0.4466548264026642,0.6206086277961731,0.7299270072992701,0.7058823529411765
4,5,34,0.44299137592315674,0.589113712310791,0.7518248175182481,0.7058823529411765
4,5,35,0.43325644731521606,0.6066408753395081,0.7664233576642335,0.6764705882352942
4,5,36,0.43351873755455017,0.6519515514373779,0.7299270072992701,0.7058823529411765
4,5,37,0.41961002349853516,0.6342284083366394,0.7591240875912408,0.6470588235294118
4,5,38,0.4174744784832001,0.5981524586677551,0.781021897810219,0.5882352941176471
4,5,39,0.4079650640487671,0.6570846438407898,0.7883211678832117,0.6176470588235294
4,5,40,0.39473196864128113,0.6382925510406494,0.8029197080291971,0.5882352941176471
4,5,41,0.38737913966178894,0.6212652325630188,0.7883211678832117,0.6176470588235294
4,5,42,0.3791648745536804,0.6555635333061218,0.8248175182481752,0.5882352941176471
4,5,43,0.3668597340583801,0.6299443244934082,0.8248175182481752,0.6176470588235294
4,5,44,0.3553661108016968,0.6707684397697449,0.8321167883211679,0.5882352941176471
4,5,45,0.343344122171402,0.6610066890716553,0.8248175182481752,0.6176470588235294
4,5,46,0.36449098587036133,0.7525824308395386,0.8102189781021898,0.6470588235294118
4,5,47,0.38770735263824463,0.6467981338500977,0.8175182481751825,0.7058823529411765
4,5,48,0.3536062240600586,0.7785155773162842,0.8321167883211679,0.6470588235294118
4,5,49,0.32868683338165283,0.7482990622520447,0.8394160583941606,0.6176470588235294
4,5,50,0.33880406618118286,0.6536595821380615,0.8540145985401459,0.7352941176470589
4,5,51,0.30952849984169006,0.7097402811050415,0.8321167883211679,0.5588235294117647
4,5,52,0.32403263449668884,0.7594449520111084,0.8540145985401459,0.6470588235294118
4,5,53,0.3023332357406616,0.6608216762542725,0.8905109489051095,0.7352941176470589
4,5,54,0.28717491030693054,0.6910287737846375,0.8686131386861314,0.6470588235294118
4,5,55,0.3270709812641144,0.8023803234100342,0.8321167883211679,0.6470588235294118
4,5,56,0.2804639935493469,0.6828820705413818,0.8905109489051095,0.7352941176470589
4,5,57,0.2667592167854309,0.6974018216133118,0.8905109489051095,0.7058823529411765
4,5,58,0.3086399734020233,0.8305373787879944,0.8321167883211679,0.6176470588235294
4,5,59,0.25958117842674255,0.703536331653595,0.8978102189781022,0.7352941176470589
4,5,60,0.2608087956905365,0.7080663442611694,0.9197080291970803,0.7352941176470589
4,5,61,0.2939497232437134,0.8652176856994629,0.8467153284671532,0.6176470588235294
4,5,62,0.23371438682079315,0.7539577484130859,0.9124087591240876,0.7352941176470589
4,5,63,0.2327873855829239,0.7586555480957031,0.927007299270073,0.7352941176470589
4,5,64,0.2435978502035141,0.8460302948951721,0.8759124087591241,0.6470588235294118
4,5,65,0.22342553734779358,0.7858110070228577,0.927007299270073,0.7352941176470589
4,5,66,0.24735119938850403,0.8870359063148499,0.8978102189781022,0.6176470588235294
4,5,67,0.20916898548603058,0.8130289912223816,0.9343065693430657,0.7058823529411765
4,5,68,0.21314822137355804,0.8779171705245972,0.9051094890510949,0.6176470588235294
4,5,69,0.19536279141902924,0.8648128509521484,0.927007299270073,0.6764705882352942
4,5,70,0.19158817827701569,0.8661760687828064,0.9416058394160584,0.7058823529411765
4,5,71,0.2502496540546417,0.9998451471328735,0.8759124087591241,0.6470588235294118
4,5,72,0.1948169767856598,0.8778729438781738,0.9416058394160584,0.7352941176470589
4,5,73,0.1923465132713318,0.9121626615524292,0.927007299270073,0.7058823529411765
4,5,74,0.18148867785930634,0.8957409262657166,0.9197080291970803,0.7058823529411765
4,5,75,0.1954338103532791,0.8937661051750183,0.9343065693430657,0.7058823529411765
4,5,76,0.22810101509094238,1.0291401147842407,0.8905109489051095,0.6176470588235294
4,5,77,0.1666858196258545,0.9135650396347046,0.9416058394160584,0.7058823529411765
4,5,78,0.16193699836730957,0.9238969087600708,0.9416058394160584,0.6470588235294118
4,5,79,0.15709972381591797,0.9160659909248352,0.9416058394160584,0.6470588235294118
4,5,80,0.15689222514629364,0.9347326755523682,0.948905109489051,0.6764705882352942
4,5,81,0.15415015816688538,0.9235923290252686,0.9416058394160584,0.7058823529411765
4,5,82,0.17183828353881836,1.0111427307128906,0.9343065693430657,0.7058823529411765
4,5,83,0.13870766758918762,0.963434100151062,0.948905109489051,0.6764705882352942
4,5,84,0.13509580492973328,0.9901046752929688,0.948905109489051,0.6470588235294118
4,5,85,0.13145191967487335,1.0286259651184082,0.9562043795620438,0.6176470588235294
4,5,86,0.12679728865623474,1.0372623205184937,0.948905109489051,0.6764705882352942
4,5,87,0.14243383705615997,1.1092500686645508,0.9635036496350365,0.6470588235294118
4,5,88,0.1389620304107666,1.03312087059021,0.9416058394160584,0.6764705882352942
4,5,89,0.1423366367816925,1.0813214778900146,0.9562043795620438,0.7058823529411765
4,5,90,0.1097135990858078,1.0232230424880981,0.9635036496350365,0.6764705882352942
4,5,91,0.1189357191324234,1.0424860715866089,0.9416058394160584,0.6764705882352942
4,5,92,0.25703999400138855,1.347967505455017,0.8686131386861314,0.6470588235294118
4,5,93,0.27085208892822266,1.1819037199020386,0.8686131386861314,0.6764705882352942
4,5,94,0.2734476327896118,1.395173192024231,0.8540145985401459,0.6470588235294118
4,5,95,0.14283664524555206,1.1827577352523804,0.948905109489051,0.6764705882352942
4,5,96,0.2395998239517212,1.1448076963424683,0.8686131386861314,0.6764705882352942
4,5,97,0.1323869228363037,1.1263028383255005,0.948905109489051,0.6764705882352942
4,5,98,0.2334325760602951,1.2770472764968872,0.8759124087591241,0.6764705882352942
4,5,99,0.15138693153858185,1.088030457496643,0.927007299270073,0.6764705882352942
4,5,100,0.11074373871088028,1.0519121885299683,0.9635036496350365,0.6764705882352942
5,1,1,0.7028118371963501,0.7356143593788147,0.7279411764705882,0.7142857142857143
5,1,2,0.6462230682373047,0.650646984577179,0.7279411764705882,0.7142857142857143
5,1,3,0.6409078240394592,0.6462647914886475,0.7279411764705882,0.7142857142857143
5,1,4,0.6020079255104065,0.6119118928909302,0.7279411764705882,0.7142857142857143
5,1,5,0.5780938267707825,0.5954851508140564,0.7279411764705882,0.7142857142857143
5,1,6,0.5945900678634644,0.619799017906189,0.7279411764705882,0.7142857142857143
5,1,7,0.5963600277900696,0.623805046081543,0.7279411764705882,0.7142857142857143
5,1,8,0.5745711922645569,0.5990591645240784,0.7279411764705882,0.7142857142857143
5,1,9,0.5686132907867432,0.5897623300552368,0.7279411764705882,0.7142857142857143
5,1,10,0.5737350583076477,0.593397319316864,0.7279411764705882,0.7142857142857143
5,1,11,0.5747556090354919,0.5952700972557068,0.7279411764705882,0.7142857142857143
5,1,12,0.5677320957183838,0.5910495519638062,0.7279411764705882,0.7142857142857143
5,1,13,0.5566546320915222,0.5839646458625793,0.7279411764705882,0.7142857142857143
5,1,14,0.5511839985847473,0.5832247138023376,0.7279411764705882,0.7142857142857143
5,1,15,0.5533797144889832,0.5901320576667786,0.7279411764705882,0.7142857142857143
5,1,16,0.5506659746170044,0.5902413725852966,0.7279411764705882,0.7142857142857143
5,1,17,0.540469229221344,0.580954372882843,0.7279411764705882,0.7142857142857143
5,1,18,0.5332835912704468,0.5751887559890747,0.7279411764705882,0.7142857142857143
5,1,19,0.5330156683921814,0.5783675909042358,0.7279411764705882,0.7142857142857143
5,1,20,0.530083954334259,0.5800749063491821,0.7279411764705882,0.7142857142857143
5,1,21,0.5199570059776306,0.575318455696106,0.7279411764705882,0.7142857142857143
5,1,22,0.5125463008880615,0.5726348757743835,0.7279411764705882,0.7142857142857143
5,1,23,0.5103157758712769,0.5757228136062622,0.7279411764705882,0.7142857142857143
5,1,24,0.5036675333976746,0.5760336518287659,0.7279411764705882,0.7142857142857143
5,1,25,0.4947660267353058,0.5751109719276428,0.7279411764705882,0.7142857142857143
5,1,26,0.49087923765182495,0.5785532593727112,0.7279411764705882,0.7142857142857143
5,1,27,0.48471641540527344,0.5820150971412659,0.7279411764705882,0.7142857142857143
5,1,28,0.4757973253726959,0.5826420187950134,0.7279411764705882,0.7142857142857143
5,1,29,0.4732185900211334,0.5878025889396667,0.7279411764705882,0.7142857142857143
5,1,30,0.4630616307258606,0.5869232416152954,0.7279411764705882,0.7142857142857143
5,1,31,0.45874810218811035,0.5868906378746033,0.7279411764705882,0.7142857142857143
5,1,32,0.4524669051170349,0.585536777973175,0.7279411764705882,0.7142857142857143
5,1,33,0.44786566495895386,0.5883857011795044,0.7279411764705882,0.7142857142857143
5,1,34,0.44403183460235596,0.5911667943000793,0.7279411764705882,0.7142857142857143
5,1,35,0.4335363805294037,0.5811774134635925,0.7279411764705882,0.7142857142857143
5,1,36,0.4317234754562378,0.5787073373794556,0.7279411764705882,0.7142857142857143
5,1,37,0.42453518509864807,0.5861304998397827,0.7279411764705882,0.7142857142857143
5,1,38,0.4199180006980896,0.5929839611053467,0.7279411764705882,0.7142857142857143
5,1,39,0.4109533727169037,0.5831504464149475,0.7573529411764706,0.7714285714285715
5,1,40,0.4064348340034485,0.5794591903686523,0.7573529411764706,0.7714285714285715
5,1,41,0.40176206827163696,0.5864425897598267,0.7573529411764706,0.7714285714285715
5,1,42,0.3954629600048065,0.5864017605781555,0.7573529411764706,0.7714285714285715
5,1,43,0.3914829194545746,0.5791157484054565,0.7573529411764706,0.7428571428571429
5,1,44,0.38594290614128113,0.582525372505188,0.7794117647058824,0.7142857142857143
5,1,45,0.3804047703742981,0.5887861251831055,0.7941176470588235,0.7714285714285715
5,1,46,0.37402382493019104,0.5892539620399475,0.8014705882352942,0.7428571428571429
5,1,47,0.36824771761894226,0.5973925590515137,0.8014705882352942,0.7142857142857143
5,1,48,0.36205145716667175,0.5955696105957031,0.8235294117647058,0.7428571428571429
5,1,49,0.36730945110321045,0.6073600053787231,0.75,0.7428571428571429
5,1,50,0.3564383089542389,0.5978723168373108,0.8235294117647058,0.7428571428571429
5,1,51,0.35222333669662476,0.6127065420150757,0.8014705882352942,0.7428571428571429
5,1,52,0.3414282202720642,0.6208210587501526,0.8235294117647058,0.7142857142857143
5,1,53,0.3390265703201294,0.6166666150093079,0.8308823529411765,0.7142857142857143
5,1,54,0.33764025568962097,0.6206569671630859,0.7867647058823529,0.7714285714285715
5,1,55,0.3249332904815674,0.6214833855628967,0.8161764705882353,0.7142857142857143
5,1,56,0.3208663761615753,0.6313861012458801,0.8308823529411765,0.6571428571428571
5,1,57,0.3126879930496216,0.622947633266449,0.8235294117647058,0.6857142857142857
5,1,58,0.3122049868106842,0.6355815529823303,0.8235294117647058,0.7142857142857143
5,1,59,0.30455949902534485,0.6402302980422974,0.875,0.7142857142857143
5,1,60,0.30671513080596924,0.6618420481681824,0.8235294117647058,0.7142857142857143
5,1,61,0.2979881763458252,0.6543318629264832,0.8970588235294118,0.6571428571428571
5,1,62,0.32346490025520325,0.6909602880477905,0.7794117647058824,0.7428571428571429
5,1,63,0.3042926788330078,0.6564006805419922,0.9191176470588235,0.6285714285714286
5,1,64,0.29369232058525085,0.6741049289703369,0.8308823529411765,0.7142857142857143
5,1,65,0.28329232335090637,0.6846203207969666,0.8235294117647058,0.6857142857142857
5,1,66,0.2768416702747345,0.6757436394691467,0.9338235294117647,0.6
5,1,67,0.29713934659957886,0.7258619666099548,0.8235294117647058,0.7428571428571429
5,1,68,0.2622317671775818,0.6888774037361145,0.9191176470588235,0.6285714285714286
5,1,69,0.25728654861450195,0.7107148170471191,0.9044117647058824,0.6857142857142857
5,1,70,0.2705780267715454,0.7583656907081604,0.8382352941176471,0.7142857142857143
5,1,71,0.2594984173774719,0.7111368775367737,0.9338235294117647,0.6
5,1,72,0.2548089921474457,0.7221003770828247,0.8602941176470589,0.6857142857142857
5,1,73,0.23829472064971924,0.7317047715187073,0.8970588235294118,0.6571428571428571
5,1,74,0.23388183116912842,0.7325576543807983,0.9411764705882353,0.6
5,1,75,0.24400320649147034,0.7946652173995972,0.8823529411764706,0.6857142857142857
5,1,76,0.22716911137104034,0.7429046034812927,0.9411764705882353,0.6285714285714286
5,1,77,0.22141680121421814,0.7593551278114319,0.9264705882352942,0.6285714285714286
5,1,78,0.2201845794916153,0.7960047721862793,0.8970588235294118,0.6571428571428571
5,1,79,0.2122865617275238,0.775374174118042,0.9411764705882353,0.6
5,1,80,0.2102324217557907,0.8286072015762329,0.9044117647058824,0.7142857142857143
5,1,81,0.20816081762313843,0.7946226000785828,0.9411764705882353,0.6
5,1,82,0.20994940400123596,0.8185040950775146,0.8970588235294118,0.6857142857142857
5,1,83,0.18578766286373138,0.7972311973571777,0.9558823529411765,0.6
5,1,84,0.18033528327941895,0.7965595722198486,0.9338235294117647,0.6857142857142857
5,1,85,0.1673499345779419,0.7956387996673584,0.9558823529411765,0.7142857142857143
5,1,86,0.15936952829360962,0.814191460609436,0.9485294117647058,0.6571428571428571
5,1,87,0.1533215492963791,0.8455252647399902,0.9485294117647058,0.6571428571428571
5,1,88,0.15628565847873688,0.8803374171257019,0.9485294117647058,0.6
5,1,89,0.23345427215099335,1.023024320602417,0.8676470588235294,0.7428571428571429
5,1,90,0.3216385841369629,1.033866286277771,0.8235294117647058,0.5428571428571428
5,1,91,0.14692774415016174,0.9067613482475281,0.9558823529411765,0.6285714285714286
5,1,92,0.47606271505355835,1.2527308464050293,0.7720588235294118,0.7428571428571429
5,1,93,0.16104474663734436,0.8746913075447083,0.9485294117647058,0.6857142857142857
5,1,94,0.26771506667137146,0.9510395526885986,0.8897058823529411,0.6285714285714286
5,1,95,0.20329946279525757,0.8318269848823547,0.8823529411764706,0.8
5,1,96,0.24035610258579254,0.8759056925773621,0.8602941176470589,0.7714285714285715
5,1,97,0.1652611792087555,0.8226552605628967,0.9485294117647058,0.6857142857142857
5,1,98,0.18188849091529846,0.830379843711853,0.9485294117647058,0.6857142857142857
5,1,99,0.20087553560733795,0.845700204372406,0.8897058823529411,0.7428571428571429
5,1,100,0.16876327991485596,0.8177077770233154,0.9191176470588235,0.7142857142857143
5,2,1,0.7424152493476868,0.7102556824684143,0.7226277372262774,0.7352941176470589
5,2,2,0.6430462598800659,0.6419816017150879,0.7226277372262774,0.7352941176470589
5,2,3,0.6489572525024414,0.6485145688056946,0.7226277372262774,0.7352941176470589
5,2,4,0.6198691725730896,0.6171922087669373,0.7226277372262774,0.7352941176470589
5,2,5,0.5921400189399719,0.5861668586730957,0.7226277372262774,0.7352941176470589
5,2,6,0.5849350094795227,0.5745246410369873,0.7226277372262774,0.7352941176470589
5,2,7,0.5977616310119629,0.5845960378646851,0.7226277372262774,0.7352941176470589
5,2,8,0.5934888124465942,0.5818749070167542,0.7226277372262774,0.7352941176470589
5,2,9,0.5796416401863098,0.5717933773994446,0.7226277372262774,0.7352941176470589
5,2,10,0.5746159553527832,0.5704143643379211,0.7226277372262774,0.7352941176470589
5,2,11,0.5764431953430176,0.5747115612030029,0.7226277372262774,0.7352941176470589
5,2,12,0.5764226913452148,0.5762191414833069,0.7226277372262774,0.7352941176470589
5,2,13,0.5716443657875061,0.5727172493934631,0.7226277372262774,0.7352941176470589
5,2,14,0.5641477108001709,0.5661318302154541,0.7226277372262774,0.7352941176470589
5,2,15,0.5589437484741211,0.5617644786834717,0.7226277372262774,0.7352941176470589
5,2,16,0.5578442215919495,0.5613728761672974,0.7226277372262774,0.7352941176470589
5,2,17,0.5561865568161011,0.561296284198761,0.7226277372262774,0.7352941176470589
5,2,18,0.5495290756225586,0.5571075081825256,0.7226277372262774,0.7352941176470589
5,2,19,0.5431495904922485,0.5529548525810242,0.7226277372262774,0.7352941176470589
5,2,20,0.5400431752204895,0.5511366128921509,0.7226277372262774,0.7352941176470589
5,2,21,0.5370458960533142,0.5492443442344666,0.7226277372262774,0.7352941176470589
5,2,22,0.532001256942749,0.545593798160553,0.7226277372262774,0.7352941176470589
5,2,23,0.5261582136154175,0.5412430763244629,0.7226277372262774,0.7352941176470589
5,2,24,0.5224977135658264,0.5386798977851868,0.7226277372262774,0.7352941176470589
5,2,25,0.5189580321311951,0.5358693599700928,0.7226277372262774,0.7352941176470589
5,2,26,0.5115199089050293,0.5290444493293762,0.7226277372262774,0.7352941176470589
5,2,27,0.5056750178337097,0.5250849723815918,0.7226277372262774,0.7352941176470589
5,2,28,0.5007549524307251,0.5217925310134888,0.7226277372262774,0.7352941176470589
5,2,29,0.4949510097503662,0.5174262523651123,0.7226277372262774,0.7352941176470589
5,2,30,0.48974770307540894,0.513636589050293,0.7226277372262774,0.7352941176470589
5,2,31,0.483736127614975,0.5095465183258057,0.7226277372262774,0.7352941176470589
5,2,32,0.47816646099090576,0.5067756772041321,0.7226277372262774,0.7352941176470589
5,2,33,0.47146618366241455,0.5030304193496704,0.7226277372262774,0.7352941176470589
5,2,34,0.46604862809181213,0.5004304647445679,0.7226277372262774,0.7352941176470589
5,2,35,0.4597044587135315,0.49877235293388367,0.7226277372262774,0.7352941176470589
5,2,36,0.4545508027076721,0.49815788865089417,0.7226277372262774,0.7352941176470589
5,2,37,0.4499366879463196,0.4979042112827301,0.7226277372262774,0.7352941176470589
5,2,38,0.4441564977169037,0.49837327003479004,0.7226277372262774,0.7352941176470589
5,2,39,0.4381354749202728,0.49987590312957764,0.7226277372262774,0.7352941176470589
5,2,40,0.43098366260528564,0.5013584494590759,0.7226277372262774,0.7352941176470589
5,2,41,0.42459267377853394,0.5030750036239624,0.7226277372262774,0.7352941176470589
5,2,42,0.41821789741516113,0.5057082772254944,0.7226277372262774,0.7352941176470589
5,2,43,0.41154569387435913,0.506509006023407,0.7226277372262774,0.7352941176470589
5,2,44,0.4067545533180237,0.5077810883522034,0.7226277372262774,0.7352941176470589
5,2,45,0.4020161032676697,0.5144183039665222,0.7226277372262774,0.7352941176470589
5,2,46,0.3957665264606476,0.5153350234031677,0.7226277372262774,0.7352941176470589
5,2,47,0.3888120651245117,0.516459584236145,0.7226277372262774,0.7352941176470589
5,2,48,0.3854696452617645,0.5222904086112976,0.7226277372262774,0.7352941176470589
5,2,49,0.3744125962257385,0.5214894413948059,0.7372262773722628,0.7352941176470589
5,2,50,0.37051257491111755,0.5276364684104919,0.7445255474452555,0.7352941176470589
5,2,51,0.3643893897533417,0.5240635275840759,0.8029197080291971,0.7352941176470589
5,2,52,0.35992151498794556,0.53981614112854,0.7737226277372263,0.7352941176470589
5,2,53,0.3542485535144806,0.5333329439163208,0.8321167883211679,0.7352941176470589
5,2,54,0.3597729504108429,0.559558629989624,0.7518248175182481,0.7352941176470589
5,2,55,0.35093432664871216,0.5387032628059387,0.8686131386861314,0.7352941176470589
5,2,56,0.3643435835838318,0.5940982103347778,0.7445255474452555,0.7352941176470589
5,2,57,0.33530381321907043,0.5514453053474426,0.8467153284671532,0.7352941176470589
5,2,58,0.32724133133888245,0.5673074126243591,0.8321167883211679,0.7647058823529411
5,2,59,0.3395911455154419,0.6054742336273193,0.7737226277372263,0.7352941176470589
5,2,60,0.3290252983570099,0.5512707829475403,0.9051094890510949,0.7058823529411765
5,2,61,0.3214804530143738,0.5607784390449524,0.8321167883211679,0.7352941176470589
5,2,62,0.3124144673347473,0.5713037848472595,0.8467153284671532,0.7352941176470589
5,2,63,0.31132933497428894,0.561206579208374,0.9124087591240876,0.7058823529411765
5,2,64,0.3039107024669647,0.605831503868103,0.8394160583941606,0.7058823529411765
5,2,65,0.2911593019962311,0.5938177704811096,0.8540145985401459,0.7352941176470589
5,2,66,0.2868485152721405,0.5926695466041565,0.8832116788321168,0.7647058823529411
5,2,67,0.28943774104118347,0.6322528719902039,0.8467153284671532,0.7058823529411765
5,2,68,0.27770382165908813,0.5944759845733643,0.9124087591240876,0.7941176470588235
5,2,69,0.2680908143520355,0.628476083278656,0.8905109489051095,0.7647058823529411
5,2,70,0.26571178436279297,0.6551273465156555,0.8686131386861314,0.7352941176470589
5,2,71,0.26041996479034424,0.6160023808479309,0.9416058394160584,0.7058823529411765
5,2,72,0.2531684935092926,0.6677553653717041,0.8978102189781022,0.7352941176470589
5,2,73,0.24265578389167786,0.65305495262146,0.9343065693430657,0.7647058823529411
5,2,74,0.23782390356063843,0.6642983555793762,0.927007299270073,0.7647058823529411
5,2,75,0.23056825995445251,0.6537465453147888,0.9562043795620438,0.7941176470588235
5,2,76,0.23111650347709656,0.7075672149658203,0.9197080291970803,0.7647058823529411
5,2,77,0.23518282175064087,0.6647680401802063,0.9343065693430657,0.7647058823529411
5,2,78,0.28873541951179504,0.8418470025062561,0.8175182481751825,0.7352941176470589
5,2,79,0.24821488559246063,0.6637890934944153,0.9343065693430657,0.7352941176470589
5,2,80,0.21946412324905396,0.6801956295967102,0.927007299270073,0.8235294117647058
5,2,81,0.2107720971107483,0.6805925369262695,0.927007299270073,0.8235294117647058
5,2,82,0.2107364386320114,0.6682983040809631,0.948905109489051,0.7352941176470589
5,2,83,0.2399286925792694,0.7792620062828064,0.8613138686131386,0.7058823529411765
5,2,84,0.20726624131202698,0.6717420220375061,0.9416058394160584,0.7058823529411765
5,2,85,0.1852135956287384,0.7003381252288818,0.9562043795620438,0.7941176470588235
5,2,86,0.19557176530361176,0.7517702579498291,0.9124087591240876,0.7941176470588235
5,2,87,0.1734502762556076,0.7296496033668518,0.948905109489051,0.7352941176470589
5,2,88,0.1616498827934265,0.7769520282745361,0.9562043795620438,0.7352941176470589
5,2,89,0.16452883183956146,0.8028512001037598,0.9416058394160584,0.7941176470588235
5,2,90,0.1690448522567749,0.7761875987052917,0.948905109489051,0.7058823529411765
5,2,91,0.22133949398994446,0.9199275970458984,0.8759124087591241,0.7058823529411765
5,2,92,0.2089475691318512,0.8430704474449158,0.9416058394160584,0.6764705882352942
5,2,93,0.14072398841381073,0.8616844415664673,0.9635036496350365,0.7941176470588235
5,2,94,0.21321171522140503,1.0077306032180786,0.8978102189781022,0.7058823529411765
5,2,95,0.1916390061378479,0.8794952630996704,0.9416058394160584,0.6764705882352942
5,2,96,0.13190165162086487,0.8357208371162415,0.948905109489051,0.7352941176470589
5,2,97,0.2523839771747589,1.0876835584640503,0.8613138686131386,0.7058823529411765
5,2,98,0.13309042155742645,0.87142014503479,0.9562043795620438,0.7058823529411765
5,2,99,0.15058903396129608,0.9301256537437439,0.9416058394160584,0.7058823529411765
5,2,100,0.18560852110385895,1.0138459205627441,0.9124087591240876,0.7058823529411765
5,3,1,0.7122072577476501,0.682233452796936,0.7226277372262774,0.7352941176470589
5,3,2,0.6316448450088501,0.6278036236763,0.7226277372262774,0.7352941176470589
5,3,3,0.644020676612854,0.6416792273521423,0.7226277372262774,0.7352941176470589
5,3,4,0.6168820261955261,0.6127431988716125,0.7226277372262774,0.7352941176470589
5,3,5,0.5888160467147827,0.5806340575218201,0.7226277372262774,0.7352941176470589
5,3,6,0.587791383266449,0.5739873051643372,0.7226277372262774,0.7352941176470589
5,3,7,0.6020538806915283,0.5851560235023499,0.7226277372262774,0.7352941176470589
5,3,8,0.5901608467102051,0.5757915377616882,0.7226277372262774,0.7352941176470589
5,3,9,0.5762667059898376,0.5663884282112122,0.7226277372262774,0.7352941176470589
5,3,10,0.5753848552703857,0.5695740580558777,0.7226277372262774,0.7352941176470589
5,3,11,0.579291045665741,0.5755726099014282,0.7226277372262774,0.7352941176470589
5,3,12,0.5784803032875061,0.5760459303855896,0.7226277372262774,0.7352941176470589
5,3,13,0.571456789970398,0.5691527724266052,0.7226277372262774,0.7352941176470589
5,3,14,0.5627303123474121,0.5593870878219604,0.7226277372262774,0.7352941176470589
5,3,15,0.5598281621932983,0.5548664331436157,0.7226277372262774,0.7352941176470589
5,3,16,0.5614063739776611,0.5553852319717407,0.7226277372262774,0.7352941176470589
5,3,17,0.5567742586135864,0.5521541833877563,0.7226277372262774,0.7352941176470589
5,3,18,0.5474566221237183,0.547570526599884,0.7226277372262774,0.7352941176470589
5,3,19,0.5440613031387329,0.548738956451416,0.7226277372262774,0.7352941176470589
5,3,20,0.5440436005592346,0.5518112182617188,0.7226277372262774,0.7352941176470589
5,3,21,0.5393529534339905,0.5501542091369629,0.7226277372262774,0.7352941176470589
5,3,22,0.5297908782958984,0.5421229004859924,0.7226277372262774,0.7352941176470589
5,3,23,0.5259631872177124,0.5380889773368835,0.7226277372262774,0.7352941176470589
5,3,24,0.5245662927627563,0.5385022759437561,0.7226277372262774,0.7352941176470589
5,3,25,0.5171533226966858,0.5371502041816711,0.7226277372262774,0.7352941176470589
5,3,26,0.5092607736587524,0.5358831882476807,0.7226277372262774,0.7352941176470589
5,3,27,0.5067152380943298,0.5359461903572083,0.7226277372262774,0.7352941176470589
5,3,28,0.5013473629951477,0.5338597297668457,0.7226277372262774,0.7352941176470589
5,3,29,0.4935002624988556,0.5311991572380066,0.7226277372262774,0.7352941176470589
5,3,30,0.4877820611000061,0.5306598544120789,0.7226277372262774,0.7352941176470589
5,3,31,0.48170632123947144,0.5301406979560852,0.7226277372262774,0.7352941176470589
5,3,32,0.4754752218723297,0.5280697345733643,0.7226277372262774,0.7352941176470589
5,3,33,0.470506489276886,0.5239511132240295,0.7226277372262774,0.7352941176470589
5,3,34,0.4663200080394745,0.5192856788635254,0.7226277372262774,0.7352941176470589
5,3,35,0.46269461512565613,0.5145174860954285,0.7226277372262774,0.7352941176470589
5,3,36,0.4582197070121765,0.5101650357246399,0.7226277372262774,0.7352941176470589
5,3,37,0.4533537030220032,0.5042910575866699,0.7226277372262774,0.7352941176470589
5,3,38,0.44995638728141785,0.5004992485046387,0.7226277372262774,0.7352941176470589
5,3,39,0.44764453172683716,0.49927818775177,0.7226277372262774,0.7352941176470589
5,3,40,0.43999242782592773,0.49025681614875793,0.7226277372262774,0.7352941176470589
5,3,41,0.4356932044029236,0.48314645886421204,0.7226277372262774,0.7352941176470589
5,3,42,0.43247756361961365,0.4808575212955475,0.7226277372262774,0.7352941176470589
5,3,43,0.4277719557285309,0.4768368899822235,0.7226277372262774,0.7352941176470589
5,3,44,0.4238685071468353,0.47405311465263367,0.7226277372262774,0.7352941176470589
5,3,45,0.41958802938461304,0.47166958451271057,0.7226277372262774,0.7352941176470589
5,3,46,0.41527074575424194,0.4659566581249237,0.7226277372262774,0.7352941176470589
5,3,47,0.41367292404174805,0.46834686398506165,0.7445255474452555,0.7352941176470589
5,3,48,0.40661656856536865,0.46268919110298157,0.781021897810219,0.7058823529411765
5,3,49,0.40288421511650085,0.4603007733821869,0.8029197080291971,0.7058823529411765
5,3,50,0.4082629978656769,0.4685012400150299,0.7299270072992701,0.7352941176470589
5,3,51,0.3946756422519684,0.4595685601234436,0.8029197080291971,0.6764705882352942
5,3,52,0.39007869362831116,0.4604776203632355,0.8102189781021898,0.6764705882352942
5,3,53,0.3894471824169159,0.46312832832336426,0.7956204379562044,0.6764705882352942
5,3,54,0.38132187724113464,0.4605002701282501,0.8102189781021898,0.6764705882352942
5,3,55,0.37766483426094055,0.4601968228816986,0.8029197080291971,0.6470588235294118
5,3,56,0.372661292552948,0.4561050534248352,0.8175182481751825,0.6764705882352942
5,3,57,0.36936861276626587,0.4602431356906891,0.8102189781021898,0.6470588235294118
5,3,58,0.3612474501132965,0.45720985531806946,0.8175182481751825,0.7058823529411765
5,3,59,0.3602601885795593,0.459463506937027,0.8175182481751825,0.7058823529411765
5,3,60,0.3553914725780487,0.4603102505207062,0.8175182481751825,0.7352941176470589
5,3,61,0.34590378403663635,0.4566035568714142,0.8759124087591241,0.7352941176470589
5,3,62,0.3506971001625061,0.46423497796058655,0.7737226277372263,0.7647058823529411
5,3,63,0.34147876501083374,0.46021372079849243,0.8759124087591241,0.6764705882352942
5,3,64,0.3558110296726227,0.48471716046333313,0.7883211678832117,0.6764705882352942
5,3,65,0.33679020404815674,0.4625335931777954,0.8759124087591241,0.6764705882352942
5,3,66,0.3306625187397003,0.4766325056552887,0.8248175182481752,0.7058823529411765
5,3,67,0.31683340668678284,0.47297656536102295,0.8759124087591241,0.7058823529411765
5,3,68,0.31092292070388794,0.4735042452812195,0.8832116788321168,0.7647058823529411
5,3,69,0.3192356526851654,0.4938490688800812,0.8248175182481752,0.7941176470588235
5,3,70,0.309692919254303,0.4767254590988159,0.8832116788321168,0.6764705882352942
5,3,71,0.3114103376865387,0.50191330909729,0.8321167883211679,0.7058823529411765
5,3,72,0.2897796332836151,0.47869423031806946,0.8832116788321168,0.6764705882352942
5,3,73,0.2802094519138336,0.48119664192199707,0.8978102189781022,0.7352941176470589
5,3,74,0.2831270098686218,0.4937324523925781,0.8832116788321168,0.7647058823529411
5,3,75,0.29335668683052063,0.48845958709716797,0.927007299270073,0.6470588235294118
5,3,76,0.3045317828655243,0.5398924946784973,0.8175182481751825,0.7058823529411765
5,3,77,0.26539528369903564,0.48508307337760925,0.9343065693430657,0.6764705882352942
5,3,78,0.2592833638191223,0.488797128200531,0.927007299270073,0.6764705882352942
5,3,79,0.2830072045326233,0.5387598276138306,0.8467153284671532,0.7352941176470589
5,3,80,0.24734953045845032,0.4993150532245636,0.9416058394160584,0.6470588235294118
5,3,81,0.23072870075702667,0.5116137266159058,0.9416058394160584,0.7058823529411765
5,3,82,0.26610067486763,0.5854547023773193,0.8759124087591241,0.7352941176470589
5,3,83,0.28034016489982605,0.5163657069206238,0.8978102189781022,0.6470588235294118
5,3,84,0.22369582951068878,0.504377007484436,0.9197080291970803,0.6764705882352942
5,3,85,0.2641559839248657,0.5784326195716858,0.8540145985401459,0.7058823529411765
5,3,86,0.24268388748168945,0.5058810114860535,0.948905109489051,0.6764705882352942
5,3,87,0.21287591755390167,0.5150829553604126,0.9343065693430657,0.6764705882352942
5,3,88,0.27326780557632446,0.5944491624832153,0.8394160583941606,0.7352941176470589
5,3,89,0.20962688326835632,0.5086690187454224,0.9416058394160584,0.7058823529411765
5,3,90,0.20235812664031982,0.5125597715377808,0.9562043795620438,0.7058823529411765
5,3,91,0.2294551432132721,0.5759422779083252,0.8832116788321168,0.7352941176470589
5,3,92,0.19651222229003906,0.5110870003700256,0.9635036496350365,0.7058823529411765
5,3,93,0.18845273554325104,0.5171764492988586,0.9708029197080292,0.7058823529411765
5,3,94,0.19318661093711853,0.5549460649490356,0.927007299270073,0.7058823529411765
5,3,95,0.1748286932706833,0.5403885841369629,0.9781021897810219,0.7058823529411765
5,3,96,0.1651492714881897,0.5775769948959351,0.9708029197080292,0.6764705882352942
5,3,97,0.16370658576488495,0.6008667945861816,0.948905109489051,0.7058823529411765
5,3,98,0.1525174379348755,0.5919423699378967,0.9708029197080292,0.6764705882352942
5,3,99,0.14534984529018402,0.5761145949363708,0.9781021897810219,0.7058823529411765
5,3,100,0.1449662446975708,0.6138014197349548,0.9635036496350365,0.7352941176470589
5,4,1,0.7540645003318787,0.7233200073242188,0.7226277372262774,0.7352941176470589
5,4,2,0.6398954391479492,0.6360102295875549,0.7226277372262774,0.7352941176470589
5,4,3,0.6573355197906494,0.654928982257843,0.7226277372262774,0.7352941176470589
5,4,4,0.6367443203926086,0.6325331926345825,0.7226277372262774,0.7352941176470589
5,4,5,0.608131468296051,0.6012524366378784,0.7226277372262774,0.7352941176470589
5,4,6,0.5864156484603882,0.5759949684143066,0.7226277372262774,0.7352941176470589
5,4,7,0.5891555547714233,0.574652373790741,0.7226277372262774,0.7352941176470589
5,4,8,0.6034455895423889,0.5869142413139343,0.7226277372262774,0.7352941176470589
5,4,9,0.5957799553871155,0.5804509520530701,0.7226277372262774,0.7352941176470589
5,4,10,0.5806030631065369,0.5680884122848511,0.7226277372262774,0.7352941176470589
5,4,11,0.575712263584137,0.5660474300384521,0.7226277372262774,0.7352941176470589
5,4,12,0.5794268846511841,0.5717045068740845,0.7226277372262774,0.7352941176470589
5,4,13,0.5822139978408813,0.5755181312561035,0.7226277372262774,0.7352941176470589
5,4,14,0.578869640827179,0.5722022652626038,0.7226277372262774,0.7352941176470589
5,4,15,0.5710299015045166,0.5637086033821106,0.7226277372262774,0.7352941176470589
5,4,16,0.5640482902526855,0.5559149384498596,0.7226277372262774,0.7352941176470589
5,4,17,0.5630683898925781,0.5543658137321472,0.7226277372262774,0.7352941176470589
5,4,18,0.5656276941299438,0.556938648223877,0.7226277372262774,0.7352941176470589
5,4,19,0.5623775124549866,0.5543617010116577,0.7226277372262774,0.7352941176470589
5,4,20,0.5540736317634583,0.5468860268592834,0.7226277372262774,0.7352941176470589
5,4,21,0.5484325885772705,0.5420780181884766,0.7226277372262774,0.7352941176470589
5,4,22,0.5477564334869385,0.5427919030189514,0.7226277372262774,0.7352941176470589
5,4,23,0.5462700128555298,0.5422676205635071,0.7226277372262774,0.7352941176470589
5,4,24,0.5407854914665222,0.5365521907806396,0.7226277372262774,0.7352941176470589
5,4,25,0.5344056487083435,0.5302168726921082,0.7226277372262774,0.7352941176470589
5,4,26,0.5319688320159912,0.5291422009468079,0.7226277372262774,0.7352941176470589
5,4,27,0.5308776497840881,0.5298424959182739,0.7226277372262774,0.7352941176470589
5,4,28,0.525209903717041,0.5249269604682922,0.7226277372262774,0.7352941176470589
5,4,29,0.5192662477493286,0.5170808434486389,0.7226277372262774,0.7352941176470589
5,4,30,0.5187426805496216,0.5149789452552795,0.7226277372262774,0.7352941176470589
5,4,31,0.5154176354408264,0.5128678679466248,0.7226277372262774,0.7352941176470589
5,4,32,0.5089651942253113,0.5116189122200012,0.7226277372262774,0.7352941176470589
5,4,33,0.5061277151107788,0.5149552822113037,0.7226277372262774,0.7352941176470589
5,4,34,0.5017793774604797,0.5136387348175049,0.7226277372262774,0.7352941176470589
5,4,35,0.49497050046920776,0.5044407844543457,0.7226277372262774,0.7352941176470589
5,4,36,0.49203601479530334,0.4971412122249603,0.7226277372262774,0.7352941176470589
5,4,37,0.48554205894470215,0.49516555666923523,0.7226277372262774,0.7352941176470589
5,4,38,0.4799116253852844,0.5018699765205383,0.7226277372262774,0.7352941176470589
5,4,39,0.4770998954772949,0.5092391967773438,0.7226277372262774,0.7352941176470589
5,4,40,0.4699395000934601,0.4979958236217499,0.7226277372262774,0.7352941176470589
5,4,41,0.46552035212516785,0.48796868324279785,0.7226277372262774,0.7352941176470589
5,4,42,0.45860061049461365,0.4926391541957855,0.7445255474452555,0.7352941176470589
5,4,43,0.453884482383728,0.511102020740509,0.7591240875912408,0.7352941176470589
5,4,44,0.44678598642349243,0.49975472688674927,0.7445255474452555,0.7352941176470589
5,4,45,0.4424484372138977,0.4940602481365204,0.7664233576642335,0.7352941176470589
5,4,46,0.43757984042167664,0.5139768123626709,0.7591240875912408,0.7352941176470589
5,4,47,0.43024712800979614,0.5072587728500366,0.7737226277372263,0.7352941176470589
5,4,48,0.42234885692596436,0.4996034502983093,0.8102189781021898,0.7352941176470589
5,4,49,0.4190671145915985,0.5324972867965698,0.7883211678832117,0.7352941176470589
5,4,50,0.4073324203491211,0.5035231113433838,0.8102189781021898,0.7352941176470589
5,4,51,0.4003114700317383,0.5080406069755554,0.8029197080291971,0.7352941176470589
5,4,52,0.39639899134635925,0.5408719182014465,0.7956204379562044,0.7352941176470589
5,4,53,0.38757044076919556,0.4897744953632355,0.8029197080291971,0.7647058823529411
5,4,54,0.37778449058532715,0.5506359338760376,0.8248175182481752,0.7352941176470589
5,4,55,0.36183997988700867,0.5146297216415405,0.8321167883211679,0.7647058823529411
5,4,56,0.3552335202693939,0.5099167823791504,0.8394160583941606,0.7647058823529411
5,4,57,0.35306382179260254,0.5553600788116455,0.8394160583941606,0.7352941176470589
5,4,58,0.3394230604171753,0.5439003109931946,0.8540145985401459,0.7647058823529411
5,4,59,0.33044788241386414,0.5227028727531433,0.8394160583941606,0.7941176470588235
5,4,60,0.3316041827201843,0.5558711290359497,0.8394160583941606,0.7352941176470589
5,4,61,0.3173760771751404,0.5354138016700745,0.8467153284671532,0.7941176470588235
5,4,62,0.30795037746429443,0.5445889830589294,0.8613138686131386,0.7647058823529411
5,4,63,0.33047160506248474,0.6536585688591003,0.8467153284671532,0.7352941176470589
5,4,64,0.43273600935935974,0.5324018001556396,0.7737226277372263,0.7352941176470589
5,4,65,0.3945060670375824,0.7987263202667236,0.8102189781021898,0.7352941176470589
5,4,66,0.3323134779930115,0.6860177516937256,0.8321167883211679,0.7352941176470589
5,4,67,0.34747859835624695,0.4937812089920044,0.8613138686131386,0.7352941176470589
5,4,68,0.2896312475204468,0.5114448666572571,0.8686131386861314,0.7941176470588235
5,4,69,0.40271735191345215,0.8079925179481506,0.8029197080291971,0.7352941176470589
5,4,70,0.2896808683872223,0.591166079044342,0.8686131386861314,0.7647058823529411
5,4,71,0.33231380581855774,0.47802790999412537,0.8686131386861314,0.7647058823529411
5,4,72,0.28315046429634094,0.4875005781650543,0.8686131386861314,0.7647058823529411
5,4,73,0.32199567556381226,0.6716567873954773,0.8321167883211679,0.7352941176470589
5,4,74,0.2895698547363281,0.6092960238456726,0.8613138686131386,0.7647058823529411
5,4,75,0.28586405515670776,0.4779222309589386,0.8905109489051095,0.7647058823529411
5,4,76,0.2748132348060608,0.4854913651943207,0.8905109489051095,0.7647058823529411
5,4,77,0.28395330905914307,0.6153300404548645,0.8540145985401459,0.7352941176470589
5,4,78,0.2696712017059326,0.5972121953964233,0.8686131386861314,0.7352941176470589
5,4,79,0.2538805305957794,0.5051280856132507,0.927007299270073,0.7647058823529411
5,4,80,0.24853014945983887,0.5050243735313416,0.9197080291970803,0.7647058823529411
5,4,81,0.26611629128456116,0.6376636624336243,0.8613138686131386,0.7352941176470589
5,4,82,0.23932096362113953,0.5957543253898621,0.8978102189781022,0.7647058823529411
5,4,83,0.23214353621006012,0.5195073485374451,0.9343065693430657,0.7941176470588235
5,4,84,0.22047613561153412,0.5591207146644592,0.9197080291970803,0.7352941176470589
5,4,85,0.22147099673748016,0.6160770058631897,0.9051094890510949,0.7941176470588235
5,4,86,0.20820890367031097,0.5898489356040955,0.9197080291970803,0.7941176470588235
5,4,87,0.20055630803108215,0.5896263718605042,0.9197080291970803,0.7647058823529411
5,4,88,0.19524584710597992,0.591423511505127,0.9343065693430657,0.7352941176470589
5,4,89,0.1989513784646988,0.5616533756256104,0.9343065693430657,0.7941176470588235
5,4,90,0.20631319284439087,0.6730890870094299,0.9051094890510949,0.7941176470588235
5,4,91,0.1837020069360733,0.6077069044113159,0.927007299270073,0.7647058823529411
5,4,92,0.1809198260307312,0.5998459458351135,0.927007299270073,0.7941176470588235
5,4,93,0.19244840741157532,0.7167171239852905,0.9197080291970803,0.7941176470588235
5,4,94,0.18460246920585632,0.7085803151130676,0.927007299270073,0.7941176470588235
5,4,95,0.17779530584812164,0.6086539626121521,0.9197080291970803,0.7647058823529411
5,4,96,0.17237107455730438,0.7082849740982056,0.927007299270073,0.7941176470588235
5,4,97,0.15537995100021362,0.6700064539909363,0.948905109489051,0.7941176470588235
5,4,98,0.15520839393138885,0.689121663570404,0.927007299270073,0.7941176470588235
5,4,99,0.14988906681537628,0.7013193964958191,0.9343065693430657,0.7647058823529411
5,4,100,0.1567125767469406,0.6529390811920166,0.9343065693430657,0.7647058823529411
5,5,1,0.7432443499565125,0.8085506558418274,0.7299270072992701,0.7058823529411765
5,5,2,0.6366572380065918,0.647101104259491,0.7299270072992701,0.7058823529411765
5,5,3,0.6468397974967957,0.6561185121536255,0.7299270072992701,0.7058823529411765
5,5,4,0.6131163239479065,0.6302575469017029,0.7299270072992701,0.7058823529411765
5,5,5,0.5792087316513062,0.6095873713493347,0.7299270072992701,0.7058823529411765
5,5,6,0.5764739513397217,0.6241811513900757,0.7299270072992701,0.7058823529411765
5,5,7,0.5945789813995361,0.656821072101593,0.7299270072992701,0.7058823529411765
5,5,8,0.5798791646957397,0.643257200717926,0.7299270072992701,0.7058823529411765
5,5,9,0.5618728399276733,0.6197172403335571,0.7299270072992701,0.7058823529411765
5,5,10,0.5594632625579834,0.610953152179718,0.7299270072992701,0.7058823529411765
5,5,11,0.562429666519165,0.6121190786361694,0.7299270072992701,0.7058823529411765
5,5,12,0.5579565763473511,0.6135923266410828,0.7299270072992701,0.7058823529411765
5,5,13,0.5456653237342834,0.6150521039962769,0.7299270072992701,0.7058823529411765
5,5,14,0.5372875928878784,0.6254193782806396,0.7299270072992701,0.7058823529411765
5,5,15,0.5378668308258057,0.6436138153076172,0.7299270072992701,0.7058823529411765
5,5,16,0.5331093668937683,0.6494789123535156,0.7299270072992701,0.7058823529411765
5,5,17,0.5218625664710999,0.6406438946723938,0.7299270072992701,0.7058823529411765
5,5,18,0.5166478753089905,0.6320374608039856,0.7299270072992701,0.7058823529411765
5,5,19,0.515811562538147,0.6314572691917419,0.7299270072992701,0.7058823529411765
5,5,20,0.5084205269813538,0.6372858881950378,0.7299270072992701,0.7058823529411765
5,5,21,0.49925968050956726,0.651781439781189,0.7299270072992701,0.7058823529411765
5,5,22,0.49683183431625366,0.6760119795799255,0.7299270072992701,0.7058823529411765
5,5,23,0.4924893379211426,0.688055694103241,0.7299270072992701,0.7058823529411765
5,5,24,0.482429176568985,0.6777794361114502,0.7299270072992701,0.7058823529411765
5,5,25,0.47914475202560425,0.6641296148300171,0.7299270072992701,0.7058823529411765
5,5,26,0.47523126006126404,0.6633201241493225,0.7299270072992701,0.7058823529411765
5,5,27,0.46607252955436707,0.6822046637535095,0.7299270072992701,0.7058823529411765
5,5,28,0.4624466001987457,0.7104792594909668,0.7299270072992701,0.7058823529411765
5,5,29,0.4549557864665985,0.7151929140090942,0.7299270072992701,0.7058823529411765
5,5,30,0.4472837746143341,0.7010836601257324,0.7299270072992701,0.7058823529411765
5,5,31,0.4430582821369171,0.6958080530166626,0.7299270072992701,0.7058823529411765
5,5,32,0.43679511547088623,0.7096725106239319,0.7299270072992701,0.7058823529411765
5,5,33,0.4365193545818329,0.7455594539642334,0.7299270072992701,0.7058823529411765
5,5,34,0.43010199069976807,0.7443422079086304,0.7299270072992701,0.7058823529411765
5,5,35,0.42403098940849304,0.7197533845901489,0.7299270072992701,0.7058823529411765
5,5,36,0.41930845379829407,0.7302452325820923,0.7299270072992701,0.7058823529411765
5,5,37,0.41547220945358276,0.7675610780715942,0.7299270072992701,0.7058823529411765
5,5,38,0.41251513361930847,0.7841290235519409,0.7299270072992701,0.7058823529411765
5,5,39,0.4062201976776123,0.773832380771637,0.7664233576642335,0.7058823529411765
5,5,40,0.4026503562927246,0.7676635384559631,0.7664233576642335,0.7058823529411765
5,5,41,0.4007648527622223,0.8098503351211548,0.7664233576642335,0.7058823529411765
5,5,42,0.3950665295124054,0.8207283020019531,0.7737226277372263,0.7058823529411765
5,5,43,0.3907897472381592,0.7987778186798096,0.8029197080291971,0.7352941176470589
5,5,44,0.3870266079902649,0.8164247870445251,0.8029197080291971,0.7058823529411765
5,5,45,0.3820655047893524,0.842164158821106,0.8102189781021898,0.7352941176470589
5,5,46,0.37342584133148193,0.8340379595756531,0.8321167883211679,0.7352941176470589
5,5,47,0.3672800660133362,0.8330845832824707,0.8321167883211679,0.7058823529411765
5,5,48,0.36291012167930603,0.8552734851837158,0.8394160583941606,0.7647058823529411
5,5,49,0.35611826181411743,0.8483263850212097,0.8613138686131386,0.7058823529411765
5,5,50,0.3473436236381531,0.866417646408081,0.8467153284671532,0.7352941176470589
5,5,51,0.3362511992454529,0.8643801212310791,0.8540145985401459,0.7352941176470589
5,5,52,0.3310634195804596,0.9001295566558838,0.8613138686131386,0.7647058823529411
5,5,53,0.3147270977497101,0.8950974941253662,0.8759124087591241,0.7352941176470589
5,5,54,0.30429092049598694,0.9121118783950806,0.8686131386861314,0.7647058823529411
5,5,55,0.29698750376701355,0.9322094917297363,0.8905109489051095,0.7647058823529411
5,5,56,0.2872573733329773,0.9317273497581482,0.8905109489051095,0.7647058823529411
5,5,57,0.297134131193161,0.9746663570404053,0.8467153284671532,0.7647058823529411
5,5,58,0.33018001914024353,0.8416507840156555,0.8540145985401459,0.6470588235294118
5,5,59,0.3929603099822998,1.2437589168548584,0.7956204379562044,0.7058823529411765
5,5,60,0.29104140400886536,1.0644594430923462,0.8540145985401459,0.7647058823529411
5,5,61,0.3175491392612457,0.8286741971969604,0.8540145985401459,0.6470588235294118
5,5,62,0.2705249488353729,0.9230366945266724,0.8905109489051095,0.7647058823529411
5,5,63,0.3642575740814209,1.1577965021133423,0.8175182481751825,0.7352941176470589
5,5,64,0.2576978802680969,0.883355438709259,0.8905109489051095,0.7352941176470589
5,5,65,0.3091905117034912,0.8110207915306091,0.8686131386861314,0.6764705882352942
5,5,66,0.2760314345359802,0.9908210635185242,0.8905109489051095,0.7647058823529411
5,5,67,0.3158784508705139,1.089432954788208,0.8613138686131386,0.7352941176470589
5,5,68,0.25014203786849976,0.8705455660820007,0.9124087591240876,0.7647058823529411
5,5,69,0.29274293780326843,0.7939400672912598,0.8759124087591241,0.6764705882352942
5,5,70,0.25834015011787415,0.8958548307418823,0.8978102189781022,0.7352941176470589
5,5,71,0.28447094559669495,0.9878503084182739,0.8686131386861314,0.7058823529411765
5,5,72,0.23861512541770935,0.8480565547943115,0.9051094890510949,0.7647058823529411
5,5,73,0.240975484251976,0.8338630795478821,0.8905109489051095,0.7647058823529411
5,5,74,0.24338118731975555,0.9536600708961487,0.9124087591240876,0.7647058823529411
5,5,75,0.2426747828722,0.988143265247345,0.9197080291970803,0.7647058823529411
5,5,76,0.22437690198421478,0.8599916696548462,0.9197080291970803,0.7352941176470589
5,5,77,0.21627569198608398,0.8909167051315308,0.9197080291970803,0.7352941176470589
5,5,78,0.2449973076581955,1.0212910175323486,0.8905109489051095,0.7352941176470589
5,5,79,0.23062355816364288,1.0110310316085815,0.9197080291970803,0.7058823529411765
5,5,80,0.21426145732402802,0.8999795317649841,0.927007299270073,0.6764705882352942
5,5,81,0.20179933309555054,0.9464290738105774,0.927007299270073,0.7058823529411765
5,5,82,0.216704323887825,1.0544229745864868,0.9197080291970803,0.7352941176470589
5,5,83,0.1965365707874298,0.9920296669006348,0.927007299270073,0.7352941176470589
5,5,84,0.1909194439649582,0.9355700016021729,0.927007299270073,0.7352941176470589
5,5,85,0.191809743642807,0.9536660313606262,0.9197080291970803,0.7352941176470589
5,5,86,0.1872357577085495,0.9437060952186584,0.9197080291970803,0.7352941176470589
5,5,87,0.17902441322803497,0.9366851449012756,0.9197080291970803,0.7352941176470589
5,5,88,0.17418812215328217,0.9987717866897583,0.9197080291970803,0.7352941176470589
5,5,89,0.1670900285243988,1.027317762374878,0.9197080291970803,0.7058823529411765
5,5,90,0.16244973242282867,1.043805480003357,0.927007299270073,0.7058823529411765
5,5,91,0.1601737141609192,1.0578655004501343,0.927007299270073,0.7058823529411765
5,5,92,0.15203556418418884,1.048662781715393,0.9343065693430657,0.7058823529411765
5,5,93,0.14596980810165405,1.0447893142700195,0.9343065693430657,0.7058823529411765
5,5,94,0.16812554001808167,1.1753112077713013,0.9343065693430657,0.7058823529411765
5,5,95,0.13488800823688507,1.102872371673584,0.9416058394160584,0.7352941176470589
5,5,96,0.12661147117614746,1.0621057748794556,0.9343065693430657,0.7352941176470589
5,5,97,0.12194044142961502,1.070509910583496,0.948905109489051,0.7352941176470589
5,5,98,0.22817598283290863,1.3816516399383545,0.8759124087591241,0.7058823529411765
5,5,99,0.2190197855234146,0.9550913572311401,0.8978102189781022,0.6764705882352942
5,5,100,0.17186324298381805,1.274706482887268,0.927007299270073,0.7352941176470589
