repeat,fold,epoch,train_loss,val_loss,train_acc,val_acc
1,1,1,0.5977022647857666,0.6064475774765015,0.7279411764705882,0.7142857142857143
1,1,2,0.6494073271751404,0.6750261783599854,0.7279411764705882,0.7142857142857143
1,1,3,0.5894540548324585,0.6068509221076965,0.7279411764705882,0.7142857142857143
1,1,4,0.5903563499450684,0.600795328617096,0.7279411764705882,0.7142857142857143
1,1,5,0.6003269553184509,0.6089019775390625,0.7279411764705882,0.7142857142857143
1,1,6,0.5969858169555664,0.606202244758606,0.7279411764705882,0.7142857142857143
1,1,7,0.586638867855072,0.5980818271636963,0.7279411764705882,0.7142857142857143
1,1,8,0.5778107643127441,0.5927431583404541,0.7279411764705882,0.7142857142857143
1,1,9,0.5780930519104004,0.5972071290016174,0.7279411764705882,0.7142857142857143
1,1,10,0.5827516913414001,0.6048460602760315,0.7279411764705882,0.7142857142857143
1,1,11,0.579980731010437,0.6026801466941833,0.7279411764705882,0.7142857142857143
1,1,12,0.5717380046844482,0.5930418968200684,0.7279411764705882,0.7142857142857143
1,1,13,0.5665727257728577,0.5858027935028076,0.7279411764705882,0.7142857142857143
1,1,14,0.5659295320510864,0.5836030840873718,0.7279411764705882,0.7142857142857143
1,1,15,0.5656023621559143,0.5827995538711548,0.7279411764705882,0.7142857142857143
1,1,16,0.5614365339279175,0.5797991156578064,0.7279411764705882,0.7142857142857143
1,1,17,0.554253876209259,0.5751720070838928,0.7279411764705882,0.7142857142857143
1,1,18,0.547217845916748,0.5718324780464172,0.7279411764705882,0.7142857142857143
1,1,19,0.5424519777297974,0.5711610913276672,0.7279411764705882,0.7142857142857143
1,1,20,0.5368161797523499,0.5688736438751221,0.7279411764705882,0.7142857142857143
1,1,21,0.5265929102897644,0.55964195728302,0.7279411764705882,0.7142857142857143
1,1,22,0.5156978368759155,0.5484281182289124,0.7279411764705882,0.7142857142857143
1,1,23,0.5055983662605286,0.539149820804596,0.7279411764705882,0.7142857142857143
1,1,24,0.49174633622169495,0.5293093323707581,0.7279411764705882,0.7142857142857143
1,1,25,0.47591495513916016,0.5204555988311768,0.7279411764705882,0.7142857142857143
1,1,26,0.46199682354927063,0.5133965611457825,0.7279411764705882,0.7142857142857143
1,1,27,0.4467145800590515,0.5009385347366333,0.7279411764705882,0.7142857142857143
1,1,28,0.43083852529525757,0.4863916039466858,0.7279411764705882,0.7142857142857143
1,1,29,0.4153527021408081,0.4750562310218811,0.7279411764705882,0.7142857142857143
1,1,30,0.39925721287727356,0.46774718165397644,0.7279411764705882,0.7142857142857143
1,1,31,0.38492152094841003,0.4597488343715668,0.7279411764705882,0.7142857142857143
1,1,32,0.37212589383125305,0.4472410976886749,0.7279411764705882,0.7142857142857143
1,1,33,0.35965415835380554,0.443128764629364,0.7279411764705882,0.7142857142857143
1,1,34,0.34754127264022827,0.4399946331977844,0.7279411764705882,0.7142857142857143
1,1,35,0.3350616991519928,0.4342515766620636,0.7279411764705882,0.7142857142857143
1,1,36,0.3240831196308136,0.4337248206138611,0.7279411764705882,0.7142857142857143
1,1,37,0.3140973746776581,0.43329063057899475,0.7279411764705882,0.7142857142857143
1,1,38,0.3035121262073517,0.4337652921676636,0.8970588235294118,0.8
1,1,39,0.2918992340564728,0.43463218212127686,0.8970588235294118,0.7714285714285715
1,1,40,0.27933597564697266,0.43593406677246094,0.9044117647058824,0.8
1,1,41,0.2687879800796509,0.43847623467445374,0.9264705882352942,0.8571428571428571
1,1,42,0.2594636380672455,0.44537416100502014,0.9044117647058824,0.7714285714285715
1,1,43,0.24649013578891754,0.4432693421840668,0.9485294117647058,0.8285714285714286
1,1,44,0.24338114261627197,0.4646643400192261,0.9117647058823529,0.7714285714285715
1,1,45,0.24027490615844727,0.4574233889579773,0.9632352941176471,0.8285714285714286
1,1,46,0.22859029471874237,0.47853416204452515,0.9191176470588235,0.7428571428571429
1,1,47,0.21400439739227295,0.4612906277179718,0.9705882352941176,0.8
1,1,48,0.20789626240730286,0.4799870252609253,0.9632352941176471,0.7714285714285715
1,1,49,0.19945065677165985,0.4775412976741791,0.9705882352941176,0.8
1,1,50,0.19189214706420898,0.49463871121406555,0.9705882352941176,0.7714285714285715
1,1,51,0.18449606001377106,0.5091210603713989,0.9705882352941176,0.7714285714285715
1,1,52,0.18000446259975433,0.49925047159194946,0.9852941176470589,0.7714285714285715
1,1,53,0.17887789011001587,0.5691667795181274,0.9558823529411765,0.7428571428571429
1,1,54,0.18651127815246582,0.5054617524147034,0.9852941176470589,0.7428571428571429
1,1,55,0.16095079481601715,0.560008704662323,0.9779411764705882,0.7428571428571429
1,1,56,0.15404824912548065,0.5852004885673523,0.9779411764705882,0.7428571428571429
1,1,57,0.15647093951702118,0.530169665813446,0.9926470588235294,0.7714285714285715
1,1,58,0.14132751524448395,0.6048556566238403,0.9926470588235294,0.7428571428571429
1,1,59,0.13153839111328125,0.5911023020744324,1.0,0.7428571428571429
1,1,60,0.12805242836475372,0.6479899883270264,0.9926470588235294,0.7428571428571429
1,1,61,0.12283288687467575,0.5845943093299866,0.9926470588235294,0.8
1,1,62,0.11629272997379303,0.6660069227218628,0.9926470588235294,0.7428571428571429
1,1,63,0.11089283972978592,0.5975342392921448,0.9926470588235294,0.8
1,1,64,0.10171446204185486,0.6776037812232971,0.9926470588235294,0.7428571428571429
1,1,65,0.09392126649618149,0.6585859060287476,1.0,0.7714285714285715
1,1,66,0.08922505378723145,0.6396684050559998,1.0,0.7714285714285715
1,1,67,0.08652321249246597,0.7313716411590576,0.9926470588235294,0.7714285714285715
1,1,68,0.0769231915473938,0.6584617495536804,0.9926470588235294,0.7428571428571429
1,1,69,0.06797906756401062,0.6996192932128906,1.0,0.7714285714285715
1,1,70,0.06612926721572876,0.7634490728378296,1.0,0.7714285714285715
1,1,71,0.06772323697805405,0.6777018904685974,0.9926470588235294,0.7714285714285715
1,1,72,0.05147841200232506,0.7367766499519348,1.0,0.7714285714285715
1,1,73,0.07459066808223724,0.890070378780365,0.9926470588235294,0.7714285714285715
1,1,74,0.07609441131353378,0.7328974008560181,0.9779411764705882,0.6857142857142857
1,1,75,0.0464588887989521,0.7068044543266296,0.9926470588235294,0.7714285714285715
1,1,76,0.09418647736310959,0.9332970976829529,0.9779411764705882,0.7714285714285715
1,1,77,0.053176894783973694,0.7297821044921875,0.9926470588235294,0.6857142857142857
1,1,78,0.05279124528169632,0.7342322468757629,0.9926470588235294,0.6857142857142857
1,1,79,0.04023008421063423,0.7701360583305359,1.0,0.8
1,1,80,0.04608538746833801,0.8219490051269531,0.9926470588235294,0.7714285714285715
1,1,81,0.031062109395861626,0.7288568019866943,1.0,0.7428571428571429
1,1,82,0.0369877815246582,0.7485084533691406,1.0,0.6857142857142857
1,1,83,0.031248072162270546,0.7765771150588989,1.0,0.8
1,1,84,0.030212748795747757,0.796625018119812,1.0,0.8
1,1,85,0.02140386961400509,0.7430848479270935,1.0,0.7428571428571429
1,1,86,0.02185610495507717,0.751951277256012,1.0,0.7428571428571429
1,1,87,0.018622035160660744,0.7552839517593384,1.0,0.7714285714285715
1,1,88,0.019914021715521812,0.7950548529624939,1.0,0.8
1,1,89,0.01740415021777153,0.7983151078224182,1.0,0.8
1,1,90,0.014785987325012684,0.7836087346076965,1.0,0.7428571428571429
1,1,91,0.013618988916277885,0.7957792282104492,1.0,0.7428571428571429
1,1,92,0.011977024376392365,0.807207465171814,1.0,0.7428571428571429
1,1,93,0.011618616059422493,0.8345533609390259,1.0,0.8
1,1,94,0.010040411725640297,0.8313164710998535,1.0,0.7142857142857143
1,1,95,0.010532421059906483,0.8432705402374268,1.0,0.7428571428571429
1,1,96,0.009827026166021824,0.8541134595870972,1.0,0.7428571428571429
1,1,97,0.008736834861338139,0.8878889679908752,1.0,0.8
1,1,98,0.0086436802521348,0.9127424359321594,1.0,0.8
1,1,99,0.0068281181156635284,0.8900181651115417,1.0,0.7142857142857143
1,1,100,0.006615824997425079,0.8954000473022461,1.0,0.7142857142857143
1,2,1,0.5975928902626038,0.5887617468833923,0.7226277372262774,0.7352941176470589
1,2,2,0.6878458261489868,0.6633653044700623,0.7226277372262774,0.7352941176470589
1,2,3,0.5940514802932739,0.5802228450775146,0.7226277372262774,0.7352941176470589
1,2,4,0.599943995475769,0.5931264162063599,0.7226277372262774,0.7352941176470589
1,2,5,0.6186542510986328,0.6142817139625549,0.7226277372262774,0.7352941176470589
1,2,6,0.6218464374542236,0.6180779933929443,0.7226277372262774,0.7352941176470589
1,2,7,0.6138082146644592,0.6098506450653076,0.7226277372262774,0.7352941176470589
1,2,8,0.6003227233886719,0.5956614017486572,0.7226277372262774,0.7352941176470589
1,2,9,0.5867031216621399,0.580865740776062,0.7226277372262774,0.7352941176470589
1,2,10,0.5802717208862305,0.5728517770767212,0.7226277372262774,0.7352941176470589
1,2,11,0.5843441486358643,0.5756976008415222,0.7226277372262774,0.7352941176470589
1,2,12,0.5879847407341003,0.5794814825057983,0.7226277372262774,0.7352941176470589
1,2,13,0.5827116966247559,0.5758951902389526,0.7226277372262774,0.7352941176470589
1,2,14,0.5738965272903442,0.5695748925209045,0.7226277372262774,0.7352941176470589
1,2,15,0.5687006115913391,0.5670266151428223,0.7226277372262774,0.7352941176470589
1,2,16,0.5679633021354675,0.5686082243919373,0.7226277372262774,0.7352941176470589
1,2,17,0.5673153400421143,0.570080041885376,0.7226277372262774,0.7352941176470589
1,2,18,0.5635673403739929,0.5682975649833679,0.7226277372262774,0.7352941176470589
1,2,19,0.556523323059082,0.5629737973213196,0.7226277372262774,0.7352941176470589
1,2,20,0.5490683913230896,0.5570195317268372,0.7226277372262774,0.7352941176470589
1,2,21,0.5439590215682983,0.5534877777099609,0.7226277372262774,0.7352941176470589
1,2,22,0.5395824909210205,0.5513086915016174,0.7226277372262774,0.7352941176470589
1,2,23,0.5322003364562988,0.5469504594802856,0.7226277372262774,0.7352941176470589
1,2,24,0.5215005278587341,0.5399460196495056,0.7226277372262774,0.7352941176470589
1,2,25,0.5121455192565918,0.5344629883766174,0.7226277372262774,0.7352941176470589
1,2,26,0.502208948135376,0.5289834141731262,0.7226277372262774,0.7352941176470589
1,2,27,0.48741841316223145,0.5191472768783569,0.7226277372262774,0.7352941176470589
1,2,28,0.47432926297187805,0.5098933577537537,0.7226277372262774,0.7352941176470589
1,2,29,0.4640078544616699,0.5030011534690857,0.7226277372262774,0.7352941176470589
1,2,30,0.44902631640434265,0.49177148938179016,0.7226277372262774,0.7352941176470589
1,2,31,0.4358012080192566,0.48327940702438354,0.7226277372262774,0.7352941176470589
1,2,32,0.41989976167678833,0.4728674590587616,0.7226277372262774,0.7352941176470589
1,2,33,0.4062098264694214,0.4634592831134796,0.7226277372262774,0.7352941176470589
1,2,34,0.3910764753818512,0.4530934989452362,0.7226277372262774,0.7352941176470589
1,2,35,0.37947458028793335,0.4481591582298279,0.7226277372262774,0.7352941176470589
1,2,36,0.36718544363975525,0.44050800800323486,0.7226277372262774,0.7352941176470589
1,2,37,0.3562009930610657,0.4347972273826599,0.7226277372262774,0.7352941176470589
1,2,38,0.3441740572452545,0.43354442715644836,0.7226277372262774,0.7352941176470589
1,2,39,0.3345586061477661,0.43064001202583313,0.7226277372262774,0.7352941176470589
1,2,40,0.32758015394210815,0.42752546072006226,0.7226277372262774,0.7352941176470589
1,2,41,0.31569185853004456,0.4302480220794678,0.8978102189781022,0.8529411764705882
1,2,42,0.30605342984199524,0.43022996187210083,0.9124087591240876,0.8529411764705882
1,2,43,0.29806196689605713,0.43019193410873413,0.8978102189781022,0.8235294117647058
1,2,44,0.28779518604278564,0.43344253301620483,0.9124087591240876,0.7941176470588235
1,2,45,0.27829620242118835,0.43532228469848633,0.9051094890510949,0.7941176470588235
1,2,46,0.2670843005180359,0.4376821219921112,0.9343065693430657,0.7941176470588235
1,2,47,0.2574995458126068,0.445639431476593,0.9416058394160584,0.7647058823529411
1,2,48,0.24998827278614044,0.45919325947761536,0.927007299270073,0.7352941176470589
1,2,49,0.24403634667396545,0.45275425910949707,0.9635036496350365,0.7647058823529411
1,2,50,0.25597795844078064,0.5170528292655945,0.8759124087591241,0.7941176470588235
1,2,51,0.2448863536119461,0.4650220572948456,0.9416058394160584,0.6470588235294118
1,2,52,0.21898841857910156,0.47036007046699524,0.9635036496350365,0.7352941176470589
1,2,53,0.23866009712219238,0.5453001856803894,0.8905109489051095,0.7941176470588235
1,2,54,0.21281494200229645,0.4712589383125305,0.9635036496350365,0.7352941176470589
1,2,55,0.20093722641468048,0.4728391468524933,0.9635036496350365,0.7941176470588235
1,2,56,0.22016045451164246,0.561092734336853,0.9124087591240876,0.7941176470588235
1,2,57,0.18679848313331604,0.48064321279525757,0.9635036496350365,0.7941176470588235
1,2,58,0.18366491794586182,0.47814908623695374,0.9708029197080292,0.7647058823529411
1,2,59,0.18278765678405762,0.5336489677429199,0.9343065693430657,0.7941176470588235
1,2,60,0.1603085994720459,0.4928472638130188,0.9781021897810219,0.7352941176470589
1,2,61,0.1573885828256607,0.48410528898239136,0.9708029197080292,0.7941176470588235
1,2,62,0.14819322526454926,0.5092483162879944,0.9708029197080292,0.7352941176470589
1,2,63,0.14027053117752075,0.5100260972976685,0.9781021897810219,0.7352941176470589
1,2,64,0.13345691561698914,0.4865995943546295,0.9708029197080292,0.7647058823529411
1,2,65,0.12163165956735611,0.4971200227737427,0.9854014598540146,0.7352941176470589
1,2,66,0.12108475714921951,0.5461276173591614,0.9708029197080292,0.7647058823529411
1,2,67,0.10863690823316574,0.4919265806674957,0.9927007299270073,0.7647058823529411
1,2,68,0.09778998792171478,0.494828999042511,0.9854014598540146,0.7941176470588235
1,2,69,0.09738684445619583,0.5427829027175903,0.9854014598540146,0.7647058823529411
1,2,70,0.0864335373044014,0.49409064650535583,0.9927007299270073,0.7647058823529411
1,2,71,0.0771736353635788,0.5079325437545776,0.9927007299270073,0.7941176470588235
1,2,72,0.07767318189144135,0.5637059807777405,0.9854014598540146,0.7647058823529411
1,2,73,0.06857961416244507,0.5092598795890808,0.9927007299270073,0.7352941176470589
1,2,74,0.06146487966179848,0.5277851223945618,1.0,0.7941176470588235
1,2,75,0.06324567645788193,0.5880081057548523,0.9927007299270073,0.7941176470588235
1,2,76,0.05190723016858101,0.525418221950531,0.9927007299270073,0.7647058823529411
1,2,77,0.04779774695634842,0.5267580151557922,1.0,0.7352941176470589
1,2,78,0.043328601866960526,0.5413281917572021,1.0,0.7647058823529411
1,2,79,0.04048926755785942,0.5638465881347656,1.0,0.7941176470588235
1,2,80,0.03639736399054527,0.5399087071418762,1.0,0.7352941176470589
1,2,81,0.03481262922286987,0.5738301873207092,1.0,0.7941176470588235
1,2,82,0.030829129740595818,0.5493401288986206,1.0,0.7352941176470589
1,2,83,0.028097862377762794,0.5602917075157166,1.0,0.7352941176470589
1,2,84,0.02597321942448616,0.5756577849388123,1.0,0.7352941176470589
1,2,85,0.02341962605714798,0.5736642479896545,1.0,0.7058823529411765
1,2,86,0.02135954052209854,0.5985674858093262,1.0,0.7352941176470589
1,2,87,0.01918475702404976,0.6020289063453674,1.0,0.7058823529411765
1,2,88,0.01764833740890026,0.6010032296180725,1.0,0.7058823529411765
1,2,89,0.0164909977465868,0.629001796245575,1.0,0.7058823529411765
1,2,90,0.01659272611141205,0.6557727456092834,1.0,0.7647058823529411
1,2,91,0.013315911404788494,0.6304296255111694,1.0,0.7058823529411765
1,2,92,0.012965435162186623,0.6575718522071838,1.0,0.6764705882352942
1,2,93,0.01121937483549118,0.6394515633583069,1.0,0.7058823529411765
1,2,94,0.013264762237668037,0.6569526791572571,1.0,0.7058823529411765
1,2,95,0.009387176483869553,0.6618083119392395,1.0,0.7058823529411765
1,2,96,0.011681901291012764,0.7341572642326355,1.0,0.7352941176470589
1,2,97,0.008609849028289318,0.7104751467704773,1.0,0.6764705882352942
1,2,98,0.00731703219935298,0.6952518224716187,1.0,0.7058823529411765
1,2,99,0.008515993133187294,0.7152836322784424,1.0,0.7058823529411765
1,2,100,0.007896087132394314,0.7630299925804138,1.0,0.7352941176470589
1,3,1,0.6001449823379517,0.5919824242591858,0.7226277372262774,0.7352941176470589
1,3,2,0.6658095121383667,0.6430172324180603,0.7226277372262774,0.7352941176470589
1,3,3,0.5945293307304382,0.5808585286140442,0.7226277372262774,0.7352941176470589
1,3,4,0.5944621562957764,0.5872822999954224,0.7226277372262774,0.7352941176470589
1,3,5,0.6071022152900696,0.6023589372634888,0.7226277372262774,0.7352941176470589
1,3,6,0.6068422794342041,0.6028176546096802,0.7226277372262774,0.7352941176470589
1,3,7,0.597370982170105,0.5933069586753845,0.7226277372262774,0.7352941176470589
1,3,8,0.5853980779647827,0.5807586908340454,0.7226277372262774,0.7352941176470589
1,3,9,0.5787431001663208,0.573255181312561,0.7226277372262774,0.7352941176470589
1,3,10,0.5821799635887146,0.5760505795478821,0.7226277372262774,0.7352941176470589
1,3,11,0.5853137969970703,0.5799885988235474,0.7226277372262774,0.7352941176470589
1,3,12,0.5781921744346619,0.5753421783447266,0.7226277372262774,0.7352941176470589
1,3,13,0.5688301920890808,0.5691303610801697,0.7226277372262774,0.7352941176470589
1,3,14,0.5643414258956909,0.5676687955856323,0.7226277372262774,0.7352941176470589
1,3,15,0.5635364651679993,0.5697353482246399,0.7226277372262774,0.7352941176470589
1,3,16,0.5611350536346436,0.5701688528060913,0.7226277372262774,0.7352941176470589
1,3,17,0.5539997816085815,0.5661839842796326,0.7226277372262774,0.7352941176470589
1,3,18,0.54453444480896,0.5600790977478027,0.7226277372262774,0.7352941176470589
1,3,19,0.5363128781318665,0.5555806159973145,0.7226277372262774,0.7352941176470589
1,3,20,0.5301129221916199,0.554000973701477,0.7226277372262774,0.7352941176470589
1,3,21,0.5202256441116333,0.5502036809921265,0.7226277372262774,0.7352941176470589
1,3,22,0.5068819522857666,0.544164776802063,0.7226277372262774,0.7352941176470589
1,3,23,0.49399247765541077,0.539819061756134,0.7226277372262774,0.7352941176470589
1,3,24,0.477514386177063,0.5345368385314941,0.7226277372262774,0.7352941176470589
1,3,25,0.4585716128349304,0.5269941091537476,0.7226277372262774,0.7352941176470589
1,3,26,0.4451257288455963,0.524271547794342,0.7226277372262774,0.7352941176470589
1,3,27,0.4292323589324951,0.5198706984519958,0.7226277372262774,0.7352941176470589
1,3,28,0.4102188050746918,0.5156335234642029,0.7226277372262774,0.7352941176470589
1,3,29,0.3923162519931793,0.5140084028244019,0.7226277372262774,0.7352941176470589
1,3,30,0.3782702684402466,0.5169181823730469,0.7226277372262774,0.7352941176470589
1,3,31,0.36302030086517334,0.5189563035964966,0.7226277372262774,0.7352941176470589
1,3,32,0.349046528339386,0.521240770816803,0.7226277372262774,0.7352941176470589
1,3,33,0.3379219174385071,0.5281315445899963,0.7226277372262774,0.7352941176470589
1,3,34,0.32750922441482544,0.5365151166915894,0.8540145985401459,0.7647058823529411
1,3,35,0.3165803849697113,0.5386034846305847,0.9051094890510949,0.7352941176470589
1,3,36,0.3071171045303345,0.5527703166007996,0.9051094890510949,0.7352941176470589
1,3,37,0.2975960969924927,0.5634453296661377,0.9124087591240876,0.7352941176470589
1,3,38,0.28837668895721436,0.5575538277626038,0.9343065693430657,0.7352941176470589
1,3,39,0.2784324288368225,0.5777449011802673,0.9197080291970803,0.7352941176470589
1,3,40,0.26710817217826843,0.5867511630058289,0.927007299270073,0.7352941176470589
1,3,41,0.2549436688423157,0.5840073823928833,0.9343065693430657,0.7647058823529411
1,3,42,0.2450760006904602,0.6098130345344543,0.9343065693430657,0.7352941176470589
1,3,43,0.2324061095714569,0.613608181476593,0.9416058394160584,0.7352941176470589
1,3,44,0.22360235452651978,0.6046479344367981,0.9635036496350365,0.7058823529411765
1,3,45,0.21483474969863892,0.6439704895019531,0.9416058394160584,0.7647058823529411
1,3,46,0.19966089725494385,0.6347915530204773,0.9562043795620438,0.6764705882352942
1,3,47,0.1888023465871811,0.6468427777290344,0.9635036496350365,0.6764705882352942
1,3,48,0.17881251871585846,0.660883903503418,0.9635036496350365,0.6764705882352942
1,3,49,0.16767749190330505,0.6648755669593811,0.9708029197080292,0.6764705882352942
1,3,50,0.16052338480949402,0.7047246098518372,0.9635036496350365,0.7058823529411765
1,3,51,0.14803314208984375,0.6797813773155212,0.9708029197080292,0.6470588235294118
1,3,52,0.1406608372926712,0.7308717370033264,0.9708029197080292,0.7058823529411765
1,3,53,0.1298949420452118,0.7005981802940369,0.9781021897810219,0.6764705882352942
1,3,54,0.12514479458332062,0.7819944024085999,0.9708029197080292,0.7058823529411765
1,3,55,0.11302445083856583,0.7245039343833923,0.9854014598540146,0.6764705882352942
1,3,56,0.10146138072013855,0.7749955058097839,0.9781021897810219,0.7058823529411765
1,3,57,0.09374328702688217,0.7889395356178284,0.9854014598540146,0.7058823529411765
1,3,58,0.08868498355150223,0.7695947289466858,0.9927007299270073,0.7058823529411765
1,3,59,0.08219795674085617,0.8346313238143921,0.9781021897810219,0.7058823529411765
1,3,60,0.07027877867221832,0.8364737033843994,0.9854014598540146,0.6764705882352942
1,3,61,0.06930035352706909,0.8332018852233887,0.9927007299270073,0.7058823529411765
1,3,62,0.07300180196762085,0.9303558468818665,0.9781021897810219,0.7058823529411765
1,3,63,0.056460123509168625,0.8930990695953369,0.9927007299270073,0.6764705882352942
1,3,64,0.06467707455158234,0.8925052285194397,0.9854014598540146,0.6764705882352942
1,3,65,0.052865006029605865,0.9795289635658264,0.9854014598540146,0.7352941176470589
1,3,66,0.045434966683387756,0.9947693943977356,0.9854014598540146,0.7352941176470589
1,3,67,0.04005127027630806,0.9534066319465637,0.9927007299270073,0.7058823529411765
1,3,68,0.03344336897134781,0.9641419649124146,0.9927007299270073,0.7058823529411765
1,3,69,0.033419106155633926,1.0198397636413574,0.9854014598540146,0.7352941176470589
1,3,70,0.02433975599706173,0.9778896570205688,0.9927007299270073,0.7352941176470589
1,3,71,0.02020132541656494,0.9921384453773499,1.0,0.7352941176470589
1,3,72,0.020986540243029594,1.077364444732666,1.0,0.7352941176470589
1,3,73,0.012519236654043198,1.0533686876296997,1.0,0.7647058823529411
1,3,74,0.01270224153995514,1.0643775463104248,1.0,0.7352941176470589
1,3,75,0.009886134415864944,1.1042083501815796,1.0,0.7352941176470589
1,3,76,0.016477234661579132,1.1869715452194214,1.0,0.7352941176470589
1,3,77,0.0072614215314388275,1.1276705265045166,1.0,0.7647058823529411
1,3,78,0.013854469172656536,1.1631534099578857,1.0,0.7058823529411765
1,3,79,0.006901843007653952,1.185638189315796,1.0,0.7647058823529411
1,3,80,0.015380757860839367,1.2787762880325317,1.0,0.7352941176470589
1,3,81,0.004943767096847296,1.2064725160598755,1.0,0.7647058823529411
1,3,82,0.015979018062353134,1.269061803817749,1.0,0.6764705882352942
1,3,83,0.009909948334097862,1.3126497268676758,1.0,0.7058823529411765
1,3,84,0.03961120918393135,1.5145922899246216,0.9854014598540146,0.7352941176470589
1,3,85,0.004031694959849119,1.289631962776184,1.0,0.7352941176470589
1,3,86,0.04975546523928642,1.4900180101394653,0.9781021897810219,0.5588235294117647
1,3,87,0.01985914632678032,1.4563862085342407,0.9927007299270073,0.7352941176470589
1,3,88,0.05230797454714775,1.6516036987304688,0.9708029197080292,0.7352941176470589
1,3,89,0.0030855427030473948,1.365238904953003,1.0,0.7058823529411765
1,3,90,0.07169464230537415,1.6296396255493164,0.9708029197080292,0.5294117647058824
1,3,91,0.005226199980825186,1.3608866930007935,1.0,0.7352941176470589
1,3,92,0.09438976645469666,1.755702257156372,0.9635036496350365,0.7352941176470589
1,3,93,0.00293328776024282,1.3930617570877075,1.0,0.7352941176470589
1,3,94,0.053751565515995026,1.6507397890090942,0.9781021897810219,0.5588235294117647
1,3,95,0.0038355214055627584,1.3707911968231201,1.0,0.7058823529411765
1,3,96,0.01900600455701351,1.4411320686340332,0.9927007299270073,0.7058823529411765
1,3,97,0.03681516274809837,1.523773431777954,0.9854014598540146,0.7647058823529411
1,3,98,0.0055466447956860065,1.3764450550079346,1.0,0.7352941176470589
1,3,99,0.005619513802230358,1.4187841415405273,1.0,0.6764705882352942
1,3,100,0.026552757248282433,1.5658429861068726,1.0,0.5588235294117647
1,4,1,0.5986071825027466,0.5900977253913879,0.7226277372262774,0.7352941176470589
1,4,2,0.67417311668396,0.6505008935928345,0.7226277372262774,0.7352941176470589
1,4,3,0.5939974784851074,0.5800777673721313,0.7226277372262774,0.7352941176470589
1,4,4,0.5982810854911804,0.5910678505897522,0.7226277372262774,0.7352941176470589
1,4,5,0.6131560802459717,0.6082101464271545,0.7226277372262774,0.7352941176470589
1,4,6,0.6137784123420715,0.6093177199363708,0.7226277372262774,0.7352941176470589
1,4,7,0.6049281358718872,0.6001855134963989,0.7226277372262774,0.7352941176470589
1,4,8,0.5916391611099243,0.5860334038734436,0.7226277372262774,0.7352941176470589
1,4,9,0.5812813639640808,0.5743815302848816,0.7226277372262774,0.7352941176470589
1,4,10,0.5817628502845764,0.5735790729522705,0.7226277372262774,0.7352941176470589
1,4,11,0.5883219838142395,0.5799456238746643,0.7226277372262774,0.7352941176470589
1,4,12,0.5872795581817627,0.5802419185638428,0.7226277372262774,0.7352941176470589
1,4,13,0.57610023021698,0.571597695350647,0.7226277372262774,0.7352941176470589
1,4,14,0.5682279467582703,0.5663712620735168,0.7226277372262774,0.7352941176470589
1,4,15,0.5674158334732056,0.5677952766418457,0.7226277372262774,0.7352941176470589
1,4,16,0.5688295960426331,0.5710474848747253,0.7226277372262774,0.7352941176470589
1,4,17,0.5657920837402344,0.5698102712631226,0.7226277372262774,0.7352941176470589
1,4,18,0.5573984384536743,0.5635682344436646,0.7226277372262774,0.7352941176470589
1,4,19,0.5478473901748657,0.5563586354255676,0.7226277372262774,0.7352941176470589
1,4,20,0.5416492223739624,0.5528465509414673,0.7226277372262774,0.7352941176470589
1,4,21,0.5386492013931274,0.5533036589622498,0.7226277372262774,0.7352941176470589
1,4,22,0.5309435725212097,0.5496731996536255,0.7226277372262774,0.7352941176470589
1,4,23,0.5183232426643372,0.5406879782676697,0.7226277372262774,0.7352941176470589
1,4,24,0.5081428289413452,0.5335476994514465,0.7226277372262774,0.7352941176470589
1,4,25,0.49714937806129456,0.5273404717445374,0.7226277372262774,0.7352941176470589
1,4,26,0.4805331230163574,0.5185644030570984,0.7226277372262774,0.7352941176470589
1,4,27,0.46859467029571533,0.5154581069946289,0.7226277372262774,0.7352941176470589
1,4,28,0.4593133330345154,0.5144462585449219,0.7226277372262774,0.7352941176470589
1,4,29,0.4431842267513275,0.5055978298187256,0.7226277372262774,0.7352941176470589
1,4,30,0.42830324172973633,0.49668923020362854,0.7226277372262774,0.7352941176470589
1,4,31,0.41508394479751587,0.4930693209171295,0.7226277372262774,0.7352941176470589
1,4,32,0.40497687458992004,0.4953070878982544,0.7226277372262774,0.7352941176470589
1,4,33,0.3931725323200226,0.4946989119052887,0.7226277372262774,0.7352941176470589
1,4,34,0.381293922662735,0.49181193113327026,0.7226277372262774,0.7352941176470589
1,4,35,0.3727836012840271,0.4945152997970581,0.7226277372262774,0.7352941176470589
1,4,36,0.3647470474243164,0.49863401055336,0.7226277372262774,0.7352941176470589
1,4,37,0.35569483041763306,0.49922966957092285,0.7226277372262774,0.7352941176470589
1,4,38,0.3471689224243164,0.5006018280982971,0.7226277372262774,0.7352941176470589
1,4,39,0.3382788300514221,0.500535249710083,0.8759124087591241,0.7941176470588235
1,4,40,0.3289296627044678,0.49708792567253113,0.8978102189781022,0.8235294117647058
1,4,41,0.3184029459953308,0.49547824263572693,0.9124087591240876,0.8235294117647058
1,4,42,0.30752721428871155,0.4890523850917816,0.9343065693430657,0.8529411764705882
1,4,43,0.29705387353897095,0.49117106199264526,0.9051094890510949,0.8529411764705882
1,4,44,0.284412145614624,0.4814624786376953,0.9343065693430657,0.8529411764705882
1,4,45,0.27321815490722656,0.4754224717617035,0.9343065693430657,0.8529411764705882
1,4,46,0.266282856464386,0.48910439014434814,0.9124087591240876,0.8235294117647058
1,4,47,0.25759071111679077,0.4603724479675293,0.9562043795620438,0.8529411764705882
1,4,48,0.244866281747818,0.4861948490142822,0.9343065693430657,0.8529411764705882
1,4,49,0.2283984273672104,0.46553316712379456,0.948905109489051,0.8529411764705882
1,4,50,0.21812255680561066,0.45887166261672974,0.9635036496350365,0.8529411764705882
1,4,51,0.21255776286125183,0.48265424370765686,0.948905109489051,0.8529411764705882
1,4,52,0.20418179035186768,0.4446503221988678,0.9781021897810219,0.8823529411764706
1,4,53,0.19133682548999786,0.4897167980670929,0.9562043795620438,0.8529411764705882
1,4,54,0.17583222687244415,0.45294180512428284,0.9781021897810219,0.8529411764705882
1,4,55,0.16548477113246918,0.47691401839256287,0.9635036496350365,0.8529411764705882
1,4,56,0.1540035754442215,0.4713805019855499,0.9854014598540146,0.8529411764705882
1,4,57,0.1440819352865219,0.46861010789871216,0.9927007299270073,0.8529411764705882
1,4,58,0.13915205001831055,0.5189754366874695,0.9708029197080292,0.8529411764705882
1,4,59,0.13080546259880066,0.46856510639190674,0.9854014598540146,0.8823529411764706
1,4,60,0.12652167677879333,0.5520544648170471,0.9708029197080292,0.8529411764705882
1,4,61,0.11238986998796463,0.4837151765823364,0.9854014598540146,0.8529411764705882
1,4,62,0.09993280470371246,0.5429282784461975,0.9927007299270073,0.8529411764705882
1,4,63,0.08924871683120728,0.5350780487060547,0.9927007299270073,0.8529411764705882
1,4,64,0.08429836481809616,0.5189156532287598,0.9854014598540146,0.8529411764705882
1,4,65,0.07839223742485046,0.576408326625824,0.9927007299270073,0.8529411764705882
1,4,66,0.06989768892526627,0.5427729487419128,0.9927007299270073,0.8529411764705882
1,4,67,0.06272406131029129,0.5925592184066772,0.9927007299270073,0.8529411764705882
1,4,68,0.053971268236637115,0.583776593208313,0.9927007299270073,0.8529411764705882
1,4,69,0.04860129579901695,0.5945248603820801,0.9927007299270073,0.8529411764705882
1,4,70,0.045544274151325226,0.6400007009506226,0.9927007299270073,0.8823529411764706
1,4,71,0.03910293057560921,0.6222548484802246,1.0,0.8529411764705882
1,4,72,0.03424965962767601,0.6478516459465027,0.9927007299270073,0.8529411764705882
1,4,73,0.030684631317853928,0.6617797017097473,0.9927007299270073,0.8529411764705882
1,4,74,0.026945747435092926,0.6793318390846252,1.0,0.8529411764705882
1,4,75,0.02593124657869339,0.7108036279678345,0.9927007299270073,0.8823529411764706
1,4,76,0.022038999944925308,0.7186103463172913,1.0,0.8529411764705882
1,4,77,0.019090261310338974,0.7302242517471313,1.0,0.8235294117647058
1,4,78,0.0169798843562603,0.7480018138885498,1.0,0.7941176470588235
1,4,79,0.01674925722181797,0.7813414335250854,1.0,0.8823529411764706
1,4,80,0.014592231251299381,0.7821987271308899,1.0,0.7941176470588235
1,4,81,0.012253893539309502,0.8052127957344055,1.0,0.8235294117647058
1,4,82,0.011480230838060379,0.8300529718399048,1.0,0.8235294117647058
1,4,83,0.009853324852883816,0.8405595421791077,1.0,0.7941176470588235
1,4,84,0.00881984829902649,0.8607309460639954,1.0,0.7941176470588235
1,4,85,0.008503090590238571,0.8941588997840881,1.0,0.8529411764705882
1,4,86,0.007140055764466524,0.9053436517715454,1.0,0.7941176470588235
1,4,87,0.007489872630685568,0.9269446730613708,1.0,0.8235294117647058
1,4,88,0.012621269561350346,1.0104855298995972,1.0,0.8235294117647058
1,4,89,0.005900376010686159,0.9885060787200928,1.0,0.8529411764705882
1,4,90,0.007202913984656334,1.0010329484939575,1.0,0.8235294117647058
1,4,91,0.006905408576130867,1.0183019638061523,1.0,0.8235294117647058
1,4,92,0.007609437685459852,1.0596001148223877,1.0,0.8529411764705882
1,4,93,0.0100377993658185,1.1102564334869385,1.0,0.8235294117647058
1,4,94,0.0034863282926380634,1.0697370767593384,1.0,0.8235294117647058
1,4,95,0.016751587390899658,1.171753168106079,1.0,0.7647058823529411
1,4,96,0.009337677620351315,1.1669163703918457,1.0,0.8235294117647058
1,4,97,0.04538888856768608,1.3693755865097046,0.9854014598540146,0.8235294117647058
1,4,98,0.009506862610578537,1.1769665479660034,1.0,0.7941176470588235
1,4,99,0.09394367039203644,1.3680800199508667,0.948905109489051,0.7058823529411765
1,4,100,0.2747170031070709,1.8828325271606445,0.8759124087591241,0.7941176470588235
1,5,1,0.6059538125991821,0.6187432408332825,0.7299270072992701,0.7058823529411765
1,5,2,0.6240172386169434,0.6652973294258118,0.7299270072992701,0.7058823529411765
1,5,3,0.5880420804023743,0.6212472915649414,0.7299270072992701,0.7058823529411765
1,5,4,0.5829830765724182,0.605665385723114,0.7299270072992701,0.7058823529411765
1,5,5,0.5907145142555237,0.6103940606117249,0.7299270072992701,0.7058823529411765
1,5,6,0.586017370223999,0.6085727214813232,0.7299270072992701,0.7058823529411765
1,5,7,0.5748746395111084,0.6046094298362732,0.7299270072992701,0.7058823529411765
1,5,8,0.5685974955558777,0.6088919043540955,0.7299270072992701,0.7058823529411765
1,5,9,0.5704678893089294,0.6214152574539185,0.7299270072992701,0.7058823529411765
1,5,10,0.5671393275260925,0.6234679222106934,0.7299270072992701,0.7058823529411765
1,5,11,0.5576034784317017,0.6135894656181335,0.7299270072992701,0.7058823529411765
1,5,12,0.5512486100196838,0.6053237915039062,0.7299270072992701,0.7058823529411765
1,5,13,0.5475948452949524,0.6020482778549194,0.7299270072992701,0.7058823529411765
1,5,14,0.5409448742866516,0.6011921763420105,0.7299270072992701,0.7058823529411765
1,5,15,0.5298936367034912,0.6019206643104553,0.7299270072992701,0.7058823529411765
1,5,16,0.5182737112045288,0.606587827205658,0.7299270072992701,0.7058823529411765
1,5,17,0.5074031949043274,0.6143438816070557,0.7299270072992701,0.7058823529411765
1,5,18,0.49353334307670593,0.6171750426292419,0.7299270072992701,0.7058823529411765
1,5,19,0.47512534260749817,0.6096193194389343,0.7299270072992701,0.7058823529411765
1,5,20,0.45594748854637146,0.6039867401123047,0.7299270072992701,0.7058823529411765
1,5,21,0.4339725375175476,0.6065194606781006,0.7299270072992701,0.7058823529411765
1,5,22,0.41389915347099304,0.6254526376724243,0.7299270072992701,0.7058823529411765
1,5,23,0.39742618799209595,0.637320339679718,0.7299270072992701,0.7058823529411765
1,5,24,0.37969592213630676,0.639356255531311,0.7299270072992701,0.7058823529411765
1,5,25,0.3640608787536621,0.64963299036026,0.7299270072992701,0.7058823529411765
1,5,26,0.35156866908073425,0.6739257574081421,0.7299270072992701,0.7058823529411765
1,5,27,0.340292364358902,0.6733250021934509,0.7299270072992701,0.7058823529411765
1,5,28,0.3321140706539154,0.7070699334144592,0.7299270072992701,0.7058823529411765
1,5,29,0.32428857684135437,0.7073018550872803,0.8759124087591241,0.6764705882352942
1,5,30,0.3169679343700409,0.7273695468902588,0.8832116788321168,0.6764705882352942
1,5,31,0.3100513815879822,0.7616798281669617,0.8832116788321168,0.6764705882352942
1,5,32,0.30274370312690735,0.7376748323440552,0.948905109489051,0.7058823529411765
1,5,33,0.29381072521209717,0.7835370302200317,0.9124087591240876,0.6764705882352942
1,5,34,0.2873568832874298,0.8192629814147949,0.9051094890510949,0.6764705882352942
1,5,35,0.28046339750289917,0.7566137313842773,0.948905109489051,0.7058823529411765
1,5,36,0.27048882842063904,0.8582296967506409,0.9197080291970803,0.6764705882352942
1,5,37,0.26112255454063416,0.8079388737678528,0.948905109489051,0.6764705882352942
1,5,38,0.25096115469932556,0.8736544251441956,0.948905109489051,0.7058823529411765
1,5,39,0.24844853579998016,0.9524234533309937,0.9197080291970803,0.7058823529411765
1,5,40,0.25254377722740173,0.791458785533905,0.9635036496350365,0.6764705882352942
1,5,41,0.23219773173332214,0.9806920289993286,0.927007299270073,0.7058823529411765
1,5,42,0.21924376487731934,0.9592933654785156,0.9562043795620438,0.6764705882352942
1,5,43,0.21331419050693512,0.8927028775215149,0.9635036496350365,0.6764705882352942
1,5,44,0.2029067575931549,0.9744476079940796,0.9562043795620438,0.6764705882352942
1,5,45,0.1950148195028305,0.973720133304596,0.948905109489051,0.6764705882352942
1,5,46,0.19057416915893555,0.9266812801361084,0.9708029197080292,0.6470588235294118
1,5,47,0.1798890084028244,1.0181818008422852,0.9562043795620438,0.6470588235294118
1,5,48,0.17100277543067932,1.0047508478164673,0.9708029197080292,0.6470588235294118
1,5,49,0.1683725267648697,1.1176483631134033,0.9635036496350365,0.6764705882352942
1,5,50,0.15763452649116516,0.9924732446670532,0.9781021897810219,0.6764705882352942
1,5,51,0.15294493734836578,1.1272627115249634,0.9708029197080292,0.6470588235294118
1,5,52,0.14115814864635468,1.0312612056732178,0.9781021897810219,0.6764705882352942
1,5,53,0.1326194703578949,1.05048668384552,0.9781021897810219,0.6764705882352942
1,5,54,0.12801219522953033,1.1841551065444946,0.9708029197080292,0.6470588235294118
1,5,55,0.12503603100776672,0.9734232425689697,0.9854014598540146,0.6764705882352942
1,5,56,0.10863106697797775,1.1526061296463013,0.9854014598540146,0.6470588235294118
1,5,57,0.12064831703901291,1.3512502908706665,0.9708029197080292,0.6470588235294118
1,5,58,0.14862920343875885,0.8847943544387817,0.9635036496350365,0.7352941176470589
1,5,59,0.09181671589612961,1.0794697999954224,0.9927007299270073,0.6764705882352942
1,5,60,0.17617285251617432,1.6264773607254028,0.9124087591240876,0.6764705882352942
1,5,61,0.11202791333198547,0.9186322689056396,0.9854014598540146,0.7352941176470589
1,5,62,0.1493465006351471,0.8590469360351562,0.9416058394160584,0.7352941176470589
1,5,63,0.08798949420452118,1.181914210319519,0.9854014598540146,0.6764705882352942
1,5,64,0.17724567651748657,1.5511958599090576,0.9124087591240876,0.6764705882352942
1,5,65,0.07274304330348969,1.0653884410858154,0.9854014598540146,0.6764705882352942
1,5,66,0.103519968688488,0.9000058770179749,0.9781021897810219,0.7352941176470589
1,5,67,0.07113339006900787,1.02130126953125,0.9927007299270073,0.6176470588235294
1,5,68,0.11754463613033295,1.40229332447052,0.9635036496350365,0.6470588235294118
1,5,69,0.06460846960544586,1.1458708047866821,0.9854014598540146,0.6764705882352942
1,5,70,0.07398229837417603,0.9666699767112732,0.9927007299270073,0.7058823529411765
1,5,71,0.06408844888210297,1.0115596055984497,0.9927007299270073,0.7058823529411765
1,5,72,0.05505013465881348,1.1401878595352173,0.9854014598540146,0.6764705882352942
1,5,73,0.06255793571472168,1.2903071641921997,0.9854014598540146,0.6764705882352942
1,5,74,0.054161809384822845,1.2500407695770264,0.9854014598540146,0.6764705882352942
1,5,75,0.04716503247618675,1.1326395273208618,0.9927007299270073,0.6176470588235294
1,5,76,0.04693847894668579,1.1089755296707153,0.9927007299270073,0.6470588235294118
1,5,77,0.04191954433917999,1.1710822582244873,0.9927007299270073,0.6176470588235294
1,5,78,0.04307826980948448,1.3201030492782593,0.9927007299270073,0.6764705882352942
1,5,79,0.039162807166576385,1.3287842273712158,0.9927007299270073,0.6764705882352942
1,5,80,0.03409551456570625,1.299832820892334,1.0,0.6764705882352942
1,5,81,0.03447328135371208,1.2079575061798096,1.0,0.6470588235294118
1,5,82,0.029188454151153564,1.285598635673523,1.0,0.6470588235294118
1,5,83,0.02763090282678604,1.4222553968429565,1.0,0.6764705882352942
1,5,84,0.026717230677604675,1.4795804023742676,1.0,0.6764705882352942
1,5,85,0.024157488718628883,1.3433952331542969,1.0,0.6470588235294118
1,5,86,0.022236531600356102,1.3746031522750854,1.0,0.6176470588235294
1,5,87,0.019912632182240486,1.5148415565490723,1.0,0.6764705882352942
1,5,88,0.0186971016228199,1.5573725700378418,1.0,0.6764705882352942
1,5,89,0.016677536070346832,1.5015150308609009,1.0,0.6764705882352942
1,5,90,0.017527353018522263,1.4549450874328613,1.0,0.6470588235294118
1,5,91,0.014461379498243332,1.5921926498413086,1.0,0.6764705882352942
1,5,92,0.017685245722532272,1.780666708946228,1.0,0.6764705882352942
1,5,93,0.014728968963027,1.7688312530517578,1.0,0.6764705882352942
1,5,94,0.01422950066626072,1.5322439670562744,1.0,0.6470588235294118
1,5,95,0.013243759982287884,1.555939793586731,1.0,0.6470588235294118
1,5,96,0.012317465618252754,1.8595542907714844,1.0,0.6764705882352942
1,5,97,0.014686768874526024,1.9730193614959717,1.0,0.6764705882352942
1,5,98,0.008762097917497158,1.7894856929779053,1.0,0.6764705882352942
1,5,99,0.011828580871224403,1.6075901985168457,1.0,0.6764705882352942
1,5,100,0.01222763117402792,1.6119908094406128,1.0,0.6764705882352942
2,1,1,0.5941996574401855,0.6037314534187317,0.7279411764705882,0.7142857142857143
2,1,2,0.6822452545166016,0.7124679088592529,0.7279411764705882,0.7142857142857143
2,1,3,0.5910718441009521,0.6105358004570007,0.7279411764705882,0.7142857142857143
2,1,4,0.5941371321678162,0.6047873497009277,0.7279411764705882,0.7142857142857143
2,1,5,0.6137111783027649,0.6214507818222046,0.7279411764705882,0.7142857142857143
2,1,6,0.6149097084999084,0.6228936314582825,0.7279411764705882,0.7142857142857143
2,1,7,0.6041679978370667,0.6143134236335754,0.7279411764705882,0.7142857142857143
2,1,8,0.5886964797973633,0.6026521921157837,0.7279411764705882,0.7142857142857143
2,1,9,0.5766426920890808,0.5962225198745728,0.7279411764705882,0.7142857142857143
2,1,10,0.5770888924598694,0.6036363840103149,0.7279411764705882,0.7142857142857143
2,1,11,0.5857959389686584,0.6186162233352661,0.7279411764705882,0.7142857142857143
2,1,12,0.5838532447814941,0.619215190410614,0.7279411764705882,0.7142857142857143
2,1,13,0.5728700757026672,0.6075448989868164,0.7279411764705882,0.7142857142857143
2,1,14,0.5642783045768738,0.5964516997337341,0.7279411764705882,0.7142857142857143
2,1,15,0.562991738319397,0.5929576754570007,0.7279411764705882,0.7142857142857143
2,1,16,0.5645249485969543,0.5937064290046692,0.7279411764705882,0.7142857142857143
2,1,17,0.5629180073738098,0.5937506556510925,0.7279411764705882,0.7142857142857143
2,1,18,0.5563588738441467,0.591566801071167,0.7279411764705882,0.7142857142857143
2,1,19,0.5473827719688416,0.5893076062202454,0.7279411764705882,0.7142857142857143
2,1,20,0.540005087852478,0.5905940532684326,0.7279411764705882,0.7142857142857143
2,1,21,0.536050021648407,0.5965345501899719,0.7279411764705882,0.7142857142857143
2,1,22,0.5314086079597473,0.6007153391838074,0.7279411764705882,0.7142857142857143
2,1,23,0.521409809589386,0.596255362033844,0.7279411764705882,0.7142857142857143
2,1,24,0.5103173851966858,0.5860675573348999,0.7279411764705882,0.7142857142857143
2,1,25,0.5012488961219788,0.5792608857154846,0.7279411764705882,0.7142857142857143
2,1,26,0.4875306487083435,0.5766693353652954,0.7279411764705882,0.7142857142857143
2,1,27,0.4723847210407257,0.5802363157272339,0.7279411764705882,0.7142857142857143
2,1,28,0.46169349551200867,0.589112401008606,0.7279411764705882,0.7142857142857143
2,1,29,0.44868531823158264,0.5886286497116089,0.7279411764705882,0.7142857142857143
2,1,30,0.43238621950149536,0.5788137912750244,0.7279411764705882,0.7142857142857143
2,1,31,0.41918060183525085,0.5719037652015686,0.7279411764705882,0.7142857142857143
2,1,32,0.40433529019355774,0.5858299136161804,0.7279411764705882,0.7142857142857143
2,1,33,0.39144018292427063,0.6027021408081055,0.7279411764705882,0.7142857142857143
2,1,34,0.375722199678421,0.5942820906639099,0.7279411764705882,0.7142857142857143
2,1,35,0.3635522127151489,0.5974215865135193,0.7279411764705882,0.7142857142857143
2,1,36,0.3532164394855499,0.6195242404937744,0.7279411764705882,0.7142857142857143
2,1,37,0.34014034271240234,0.6160904765129089,0.8235294117647058,0.7142857142857143
2,1,38,0.33043116331100464,0.615767240524292,0.875,0.7142857142857143
2,1,39,0.3205336034297943,0.6512275338172913,0.875,0.7142857142857143
2,1,40,0.3096208870410919,0.6436173319816589,0.8970588235294118,0.7142857142857143
2,1,41,0.2990424335002899,0.6696701049804688,0.8970588235294118,0.7142857142857143
2,1,42,0.28929993510246277,0.7013778686523438,0.8970588235294118,0.7142857142857143
2,1,43,0.27860069274902344,0.6853871941566467,0.9191176470588235,0.7428571428571429
2,1,44,0.2684291899204254,0.717377781867981,0.9191176470588235,0.7142857142857143
2,1,45,0.2574044167995453,0.7176097631454468,0.9264705882352942,0.7142857142857143
2,1,46,0.24669255316257477,0.7578942179679871,0.9191176470588235,0.6857142857142857
2,1,47,0.23488762974739075,0.7641351222991943,0.9411764705882353,0.6857142857142857
2,1,48,0.22530116140842438,0.762496829032898,0.9632352941176471,0.6857142857142857
2,1,49,0.222464457154274,0.868969202041626,0.9117647058823529,0.6857142857142857
2,1,50,0.21843324601650238,0.7441383600234985,0.9779411764705882,0.7142857142857143
2,1,51,0.21793538331985474,0.9358991384506226,0.9117647058823529,0.6857142857142857
2,1,52,0.20099370181560516,0.7714266180992126,0.9852941176470589,0.7142857142857143
2,1,53,0.18583808839321136,0.8851085305213928,0.9632352941176471,0.6285714285714286
2,1,54,0.1786099374294281,0.9327725172042847,0.9632352941176471,0.6285714285714286
2,1,55,0.16830606758594513,0.8855874538421631,0.9779411764705882,0.6857142857142857
2,1,56,0.1602337807416916,0.9287185668945312,0.9779411764705882,0.6285714285714286
2,1,57,0.15240596234798431,0.969357967376709,0.9926470588235294,0.6285714285714286
2,1,58,0.14662650227546692,0.9156957268714905,0.9926470588235294,0.6857142857142857
2,1,59,0.14287744462490082,1.0659414529800415,0.9852941176470589,0.6285714285714286
2,1,60,0.14292021095752716,0.8918458819389343,0.9926470588235294,0.6857142857142857
2,1,61,0.12188944965600967,1.0535101890563965,0.9926470588235294,0.6571428571428571
2,1,62,0.12883873283863068,1.2010412216186523,0.9779411764705882,0.6285714285714286
2,1,63,0.12716425955295563,0.9272853136062622,0.9926470588235294,0.6571428571428571
2,1,64,0.10437475889921188,1.0327798128128052,0.9926470588235294,0.6857142857142857
2,1,65,0.14116665720939636,1.3454471826553345,0.9485294117647058,0.6857142857142857
2,1,66,0.1101599708199501,0.9529072642326355,0.9926470588235294,0.6857142857142857
2,1,67,0.11022061109542847,0.9429929256439209,0.9926470588235294,0.6857142857142857
2,1,68,0.10468751192092896,1.216825246810913,0.9852941176470589,0.6285714285714286
2,1,69,0.07858363538980484,1.1556767225265503,0.9926470588235294,0.6571428571428571
2,1,70,0.08189159631729126,1.0065083503723145,0.9926470588235294,0.6857142857142857
2,1,71,0.06607970595359802,1.0859402418136597,0.9926470588235294,0.7142857142857143
2,1,72,0.0778920128941536,1.2668919563293457,0.9926470588235294,0.6285714285714286
2,1,73,0.05716471001505852,1.1082645654678345,0.9926470588235294,0.6571428571428571
2,1,74,0.05889180302619934,1.0853018760681152,0.9926470588235294,0.6285714285714286
2,1,75,0.04867304489016533,1.2023977041244507,1.0,0.6857142857142857
2,1,76,0.049827173352241516,1.2918977737426758,1.0,0.6571428571428571
2,1,77,0.0426962710916996,1.1741300821304321,0.9926470588235294,0.6571428571428571
2,1,78,0.038350556045770645,1.2020379304885864,0.9926470588235294,0.6571428571428571
2,1,79,0.03651534765958786,1.3296022415161133,1.0,0.6857142857142857
2,1,80,0.031380545347929,1.3127907514572144,1.0,0.6571428571428571
2,1,81,0.03138849511742592,1.2524330615997314,0.9926470588235294,0.6571428571428571
2,1,82,0.027537072077393532,1.2880866527557373,1.0,0.6857142857142857
2,1,83,0.025675266981124878,1.3874348402023315,1.0,0.6571428571428571
2,1,84,0.024125197902321815,1.42965567111969,1.0,0.6571428571428571
2,1,85,0.02047399803996086,1.3691115379333496,1.0,0.6857142857142857
2,1,86,0.019725961610674858,1.373263955116272,1.0,0.6285714285714286
2,1,87,0.016600914299488068,1.453309416770935,1.0,0.6857142857142857
2,1,88,0.015533964149653912,1.4934507608413696,1.0,0.6857142857142857
2,1,89,0.013557770289480686,1.4734636545181274,1.0,0.6857142857142857
2,1,90,0.012700943276286125,1.4818124771118164,1.0,0.6857142857142857
2,1,91,0.011734328232705593,1.4999241828918457,1.0,0.6571428571428571
2,1,92,0.010586583986878395,1.5771416425704956,1.0,0.6857142857142857
2,1,93,0.011946243233978748,1.65463387966156,1.0,0.6857142857142857
2,1,94,0.00945434533059597,1.635399341583252,1.0,0.6857142857142857
2,1,95,0.007982355542480946,1.5848833322525024,1.0,0.6571428571428571
2,1,96,0.007608917076140642,1.5930036306381226,1.0,0.6571428571428571
2,1,97,0.006854491773992777,1.624309778213501,1.0,0.6571428571428571
2,1,98,0.006644114851951599,1.6713647842407227,1.0,0.6857142857142857
2,1,99,0.006123912055045366,1.6908776760101318,1.0,0.6857142857142857
2,1,100,0.005360302049666643,1.6965237855911255,1.0,0.6857142857142857
2,2,1,0.601740837097168,0.5938642024993896,0.7226277372262774,0.7352941176470589
2,2,2,0.6571099162101746,0.6345228552818298,0.7226277372262774,0.7352941176470589
2,2,3,0.5943348407745361,0.5804250240325928,0.7226277372262774,0.7352941176470589
2,2,4,0.5953143239021301,0.5877236127853394,0.7226277372262774,0.7352941176470589
2,2,5,0.6078985333442688,0.6027960181236267,0.7226277372262774,0.7352941176470589
2,2,6,0.6090754866600037,0.6047928929328918,0.7226277372262774,0.7352941176470589
2,2,7,0.6012144684791565,0.5969256162643433,0.7226277372262774,0.7352941176470589
2,2,8,0.5895810723304749,0.5846856236457825,0.7226277372262774,0.7352941176470589
2,2,9,0.5822257995605469,0.5763965249061584,0.7226277372262774,0.7352941176470589
2,2,10,0.5847190022468567,0.5783355236053467,0.7226277372262774,0.7352941176470589
2,2,11,0.5892117619514465,0.5834957957267761,0.7226277372262774,0.7352941176470589
2,2,12,0.5850051641464233,0.5813344120979309,0.7226277372262774,0.7352941176470589
2,2,13,0.5767368674278259,0.5758834481239319,0.7226277372262774,0.7352941176470589
2,2,14,0.5722343921661377,0.5741350650787354,0.7226277372262774,0.7352941176470589
2,2,15,0.5723075270652771,0.5766058564186096,0.7226277372262774,0.7352941176470589
2,2,16,0.5724373459815979,0.5790082216262817,0.7226277372262774,0.7352941176470589
2,2,17,0.5692644715309143,0.5784642696380615,0.7226277372262774,0.7352941176470589
2,2,18,0.5626400709152222,0.5747090578079224,0.7226277372262774,0.7352941176470589
2,2,19,0.5555998682975769,0.5709415674209595,0.7226277372262774,0.7352941176470589
2,2,20,0.55095374584198,0.5703525543212891,0.7226277372262774,0.7352941176470589
2,2,21,0.5475178956985474,0.5721626281738281,0.7226277372262774,0.7352941176470589
2,2,22,0.5393577814102173,0.5702399015426636,0.7226277372262774,0.7352941176470589
2,2,23,0.5289709568023682,0.5658367276191711,0.7226277372262774,0.7352941176470589
2,2,24,0.5209637880325317,0.5639479756355286,0.7226277372262774,0.7352941176470589
2,2,25,0.5101110339164734,0.56223064661026,0.7226277372262774,0.7352941176470589
2,2,26,0.49589505791664124,0.5591753721237183,0.7226277372262774,0.7352941176470589
2,2,27,0.4856061637401581,0.5610786080360413,0.7226277372262774,0.7352941176470589
2,2,28,0.47634899616241455,0.5632919669151306,0.7226277372262774,0.7352941176470589
2,2,29,0.46109628677368164,0.557167112827301,0.7226277372262774,0.7352941176470589
2,2,30,0.44969871640205383,0.5518097877502441,0.7226277372262774,0.7352941176470589
2,2,31,0.4378960430622101,0.5525895357131958,0.7226277372262774,0.7352941176470589
2,2,32,0.42791247367858887,0.5592769384384155,0.7226277372262774,0.7352941176470589
2,2,33,0.41441774368286133,0.5550042986869812,0.7226277372262774,0.7352941176470589
2,2,34,0.4043448269367218,0.5475854873657227,0.7226277372262774,0.7352941176470589
2,2,35,0.3945850729942322,0.5478994846343994,0.7226277372262774,0.7352941176470589
2,2,36,0.3875204622745514,0.5588715076446533,0.7226277372262774,0.7352941176470589
2,2,37,0.3750408887863159,0.5418352484703064,0.7226277372262774,0.7352941176470589
2,2,38,0.36534833908081055,0.5385680794715881,0.8321167883211679,0.7352941176470589
2,2,39,0.35760992765426636,0.5530226230621338,0.8394160583941606,0.7352941176470589
2,2,40,0.34583571553230286,0.5334336757659912,0.9124087591240876,0.7941176470588235
2,2,41,0.335589736700058,0.5421462655067444,0.8905109489051095,0.7941176470588235
2,2,42,0.32557275891304016,0.5444071888923645,0.8905109489051095,0.7941176470588235
2,2,43,0.31403282284736633,0.5331438779830933,0.9124087591240876,0.7941176470588235
2,2,44,0.3034128248691559,0.5543987154960632,0.9051094890510949,0.7941176470588235
2,2,45,0.29074937105178833,0.5427208542823792,0.927007299270073,0.7941176470588235
2,2,46,0.28214031457901,0.5642899870872498,0.9124087591240876,0.7941176470588235
2,2,47,0.27366697788238525,0.5374575853347778,0.9416058394160584,0.7352941176470589
2,2,48,0.27313801646232605,0.6158980131149292,0.8832116788321168,0.7941176470588235
2,2,49,0.25896814465522766,0.5401172637939453,0.948905109489051,0.7352941176470589
2,2,50,0.24369366466999054,0.5986363887786865,0.9197080291970803,0.7647058823529411
2,2,51,0.2295546680688858,0.60584956407547,0.9343065693430657,0.7352941176470589
2,2,52,0.2206750363111496,0.5799633860588074,0.9635036496350365,0.7352941176470589
2,2,53,0.2190902680158615,0.6568543910980225,0.9343065693430657,0.7352941176470589
2,2,54,0.2112055867910385,0.5799404978752136,0.9562043795620438,0.7352941176470589
2,2,55,0.1922488808631897,0.6644893884658813,0.948905109489051,0.7352941176470589
2,2,56,0.1809762418270111,0.685174822807312,0.948905109489051,0.7352941176470589
2,2,57,0.1777467131614685,0.6225857734680176,0.9708029197080292,0.7352941176470589
2,2,58,0.16565105319023132,0.7197503447532654,0.9562043795620438,0.7352941176470589
2,2,59,0.15008670091629028,0.6778943538665771,0.9781021897810219,0.7352941176470589
2,2,60,0.13886429369449615,0.7180286049842834,0.9781021897810219,0.7352941176470589
2,2,61,0.13973098993301392,0.7871928811073303,0.9635036496350365,0.7352941176470589
2,2,62,0.1402810662984848,0.6925060153007507,0.9635036496350365,0.6176470588235294
2,2,63,0.11572081595659256,0.7918713092803955,0.9781021897810219,0.7352941176470589
2,2,64,0.11132102459669113,0.8379815220832825,0.9854014598540146,0.7352941176470589
2,2,65,0.11860418319702148,0.755614697933197,0.9708029197080292,0.6176470588235294
2,2,66,0.10985104739665985,0.919243574142456,0.9635036496350365,0.7352941176470589
2,2,67,0.08596481382846832,0.884623110294342,0.9781021897810219,0.7352941176470589
2,2,68,0.09946954250335693,0.8312520980834961,0.9781021897810219,0.6176470588235294
2,2,69,0.09552250802516937,1.0046648979187012,0.9708029197080292,0.7352941176470589
2,2,70,0.06914674490690231,0.9456945061683655,0.9781021897810219,0.7058823529411765
2,2,71,0.07055675238370895,0.9337453246116638,0.9781021897810219,0.6470588235294118
2,2,72,0.07324699312448502,1.0778859853744507,0.9854014598540146,0.7352941176470589
2,2,73,0.05760285630822182,1.0059341192245483,0.9781021897810219,0.7058823529411765
2,2,74,0.05410989373922348,1.0293216705322266,0.9781021897810219,0.6764705882352942
2,2,75,0.05589763820171356,1.119423270225525,0.9927007299270073,0.7352941176470589
2,2,76,0.04783164709806442,1.122771143913269,0.9927007299270073,0.7058823529411765
2,2,77,0.0607806071639061,1.0707719326019287,0.9854014598540146,0.6176470588235294
2,2,78,0.051618773490190506,1.2303231954574585,0.9927007299270073,0.7352941176470589
2,2,79,0.03822094947099686,1.1917564868927002,0.9927007299270073,0.6764705882352942
2,2,80,0.03801172971725464,1.1803772449493408,0.9854014598540146,0.6176470588235294
2,2,81,0.03442969173192978,1.2502164840698242,0.9927007299270073,0.6764705882352942
2,2,82,0.03523457795381546,1.3147214651107788,0.9927007299270073,0.7058823529411765
2,2,83,0.038122404366731644,1.2364650964736938,0.9854014598540146,0.6176470588235294
2,2,84,0.02797825075685978,1.3023836612701416,0.9927007299270073,0.6470588235294118
2,2,85,0.048050232231616974,1.4684535264968872,0.9927007299270073,0.7352941176470589
2,2,86,0.025126704946160316,1.3447027206420898,1.0,0.6176470588235294
2,2,87,0.038012586534023285,1.3166311979293823,0.9854014598540146,0.6176470588235294
2,2,88,0.02539776638150215,1.4542468786239624,0.9927007299270073,0.6764705882352942
2,2,89,0.025025639683008194,1.488088607788086,0.9927007299270073,0.6764705882352942
2,2,90,0.02741347812116146,1.3996058702468872,0.9927007299270073,0.6176470588235294
2,2,91,0.017468402162194252,1.4958633184432983,1.0,0.6764705882352942
2,2,92,0.032168250530958176,1.6428415775299072,0.9927007299270073,0.7058823529411765
2,2,93,0.015689337626099586,1.5527249574661255,1.0,0.6764705882352942
2,2,94,0.02702416107058525,1.4832738637924194,0.9927007299270073,0.6470588235294118
2,2,95,0.013962609693408012,1.5627835988998413,1.0,0.6176470588235294
2,2,96,0.019349347800016403,1.6863220930099487,0.9927007299270073,0.6764705882352942
2,2,97,0.011949965730309486,1.6466176509857178,1.0,0.6470588235294118
2,2,98,0.016040107235312462,1.6076585054397583,1.0,0.6176470588235294
2,2,99,0.013662978075444698,1.7646045684814453,1.0,0.6764705882352942
2,2,100,0.01497167069464922,1.8119198083877563,0.9927007299270073,0.6764705882352942
2,3,1,0.6106910705566406,0.604110836982727,0.7226277372262774,0.7352941176470589
2,3,2,0.6421824097633362,0.6208536624908447,0.7226277372262774,0.7352941176470589
2,3,3,0.5952036380767822,0.5811461210250854,0.7226277372262774,0.7352941176470589
2,3,4,0.594047486782074,0.5865737795829773,0.7226277372262774,0.7352941176470589
2,3,5,0.6035438179969788,0.5984293818473816,0.7226277372262774,0.7352941176470589
2,3,6,0.5989358425140381,0.5943308472633362,0.7226277372262774,0.7352941176470589
2,3,7,0.5877784490585327,0.5828862190246582,0.7226277372262774,0.7352941176470589
2,3,8,0.5804277062416077,0.5748789310455322,0.7226277372262774,0.7352941176470589
2,3,9,0.5823395252227783,0.5766814947128296,0.7226277372262774,0.7352941176470589
2,3,10,0.5832791924476624,0.5790423154830933,0.7226277372262774,0.7352941176470589
2,3,11,0.5766962170600891,0.5751051306724548,0.7226277372262774,0.7352941176470589
2,3,12,0.5694532990455627,0.5708926916122437,0.7226277372262774,0.7352941176470589
2,3,13,0.5676095485687256,0.5717677474021912,0.7226277372262774,0.7352941176470589
2,3,14,0.5661516785621643,0.5729441046714783,0.7226277372262774,0.7352941176470589
2,3,15,0.5610616207122803,0.5707126259803772,0.7226277372262774,0.7352941176470589
2,3,16,0.5529705286026001,0.5658788681030273,0.7226277372262774,0.7352941176470589
2,3,17,0.546306312084198,0.563005805015564,0.7226277372262774,0.7352941176470589
2,3,18,0.5423001646995544,0.5636512637138367,0.7226277372262774,0.7352941176470589
2,3,19,0.534968376159668,0.5617329478263855,0.7226277372262774,0.7352941176470589
2,3,20,0.5228306651115417,0.5550369620323181,0.7226277372262774,0.7352941176470589
2,3,21,0.5131601095199585,0.5506415963172913,0.7226277372262774,0.7352941176470589
2,3,22,0.5022193193435669,0.5468672513961792,0.7226277372262774,0.7352941176470589
2,3,23,0.4856360852718353,0.5402534008026123,0.7226277372262774,0.7352941176470589
2,3,24,0.4734346568584442,0.5393697023391724,0.7226277372262774,0.7352941176470589
2,3,25,0.45961272716522217,0.5350610613822937,0.7226277372262774,0.7352941176470589
2,3,26,0.44501033425331116,0.5278962254524231,0.7226277372262774,0.7352941176470589
2,3,27,0.4287724792957306,0.524091362953186,0.7226277372262774,0.7352941176470589
2,3,28,0.4114387035369873,0.5253288149833679,0.7226277372262774,0.7352941176470589
2,3,29,0.3974924385547638,0.5275784730911255,0.7226277372262774,0.7352941176470589
2,3,30,0.382242351770401,0.5253719091415405,0.7226277372262774,0.7352941176470589
2,3,31,0.3673695921897888,0.5297933220863342,0.7226277372262774,0.7352941176470589
2,3,32,0.35653942823410034,0.541176974773407,0.7956204379562044,0.7352941176470589
2,3,33,0.3427252769470215,0.5394880175590515,0.8540145985401459,0.8235294117647058
2,3,34,0.330221027135849,0.5534700751304626,0.8613138686131386,0.8235294117647058
2,3,35,0.3206702172756195,0.5731184482574463,0.8686131386861314,0.8529411764705882
2,3,36,0.31004711985588074,0.5720081329345703,0.9197080291970803,0.7941176470588235
2,3,37,0.30167558789253235,0.6038898825645447,0.8905109489051095,0.8529411764705882
2,3,38,0.2865731418132782,0.6041460633277893,0.9197080291970803,0.7941176470588235
2,3,39,0.2770023047924042,0.61158686876297,0.927007299270073,0.7941176470588235
2,3,40,0.2700451910495758,0.6503682136535645,0.8978102189781022,0.8529411764705882
2,3,41,0.25793734192848206,0.6320632696151733,0.9416058394160584,0.7647058823529411
2,3,42,0.24908098578453064,0.6865212917327881,0.9051094890510949,0.8529411764705882
2,3,43,0.23078937828540802,0.6818341612815857,0.9416058394160584,0.7941176470588235
2,3,44,0.22219021618366241,0.6892088651657104,0.9635036496350365,0.7647058823529411
2,3,45,0.2279832810163498,0.7573195099830627,0.8905109489051095,0.8529411764705882
2,3,46,0.22614461183547974,0.6996627449989319,0.9562043795620438,0.6764705882352942
2,3,47,0.21668840944766998,0.8014330267906189,0.8978102189781022,0.8529411764705882
2,3,48,0.18382355570793152,0.7630007266998291,0.9708029197080292,0.7941176470588235
2,3,49,0.179445281624794,0.762524425983429,0.9854014598540146,0.7352941176470589
2,3,50,0.18543140590190887,0.8401455879211426,0.9343065693430657,0.8529411764705882
2,3,51,0.17447678744792938,0.7781844139099121,0.9781021897810219,0.7058823529411765
2,3,52,0.15348316729068756,0.8308837413787842,0.9562043795620438,0.8529411764705882
2,3,53,0.14737965166568756,0.8574419617652893,0.9562043795620438,0.8529411764705882
2,3,54,0.14346353709697723,0.813690721988678,0.9854014598540146,0.7058823529411765
2,3,55,0.1303836554288864,0.8715657591819763,0.9708029197080292,0.8529411764705882
2,3,56,0.11711671948432922,0.8610551953315735,0.9854014598540146,0.8529411764705882
2,3,57,0.1116584837436676,0.8446673154830933,1.0,0.7352941176470589
2,3,58,0.10387936234474182,0.8969811201095581,0.9854014598540146,0.8529411764705882
2,3,59,0.09314236789941788,0.8917772769927979,0.9927007299270073,0.8235294117647058
2,3,60,0.08667965233325958,0.889461100101471,1.0,0.7941176470588235
2,3,61,0.07831726223230362,0.9295404553413391,1.0,0.8529411764705882
2,3,62,0.07125984132289886,0.9504442811012268,1.0,0.8529411764705882
2,3,63,0.06962770968675613,0.9220944046974182,1.0,0.7352941176470589
2,3,64,0.0692051351070404,1.041694164276123,0.9854014598540146,0.8529411764705882
2,3,65,0.060569435358047485,0.9469505548477173,1.0,0.7058823529411765
2,3,66,0.04781048744916916,0.9944957494735718,1.0,0.7941176470588235
2,3,67,0.05035741627216339,1.0789623260498047,1.0,0.8529411764705882
2,3,68,0.04227978736162186,0.9946823120117188,1.0,0.7941176470588235
2,3,69,0.03629395365715027,1.0222545862197876,1.0,0.7941176470588235
2,3,70,0.038647253066301346,1.1282657384872437,1.0,0.8529411764705882
2,3,71,0.0310815516859293,1.0429781675338745,1.0,0.7941176470588235
2,3,72,0.02770543470978737,1.0632590055465698,1.0,0.7941176470588235
2,3,73,0.032382283359766006,1.212816596031189,1.0,0.8529411764705882
2,3,74,0.022313900291919708,1.1056642532348633,1.0,0.7941176470588235
2,3,75,0.024034889414906502,1.1032640933990479,1.0,0.7352941176470589
2,3,76,0.02684110961854458,1.2880053520202637,1.0,0.8529411764705882
2,3,77,0.015699323266744614,1.193125605583191,1.0,0.8235294117647058
2,3,78,0.019525008276104927,1.1568931341171265,1.0,0.7352941176470589
2,3,79,0.01545181404799223,1.2959673404693604,1.0,0.8235294117647058
2,3,80,0.014082890935242176,1.3184746503829956,1.0,0.8235294117647058
2,3,81,0.01187753677368164,1.229313611984253,1.0,0.7941176470588235
2,3,82,0.009774587117135525,1.2775886058807373,1.0,0.8235294117647058
2,3,83,0.01049859169870615,1.3677154779434204,1.0,0.8235294117647058
2,3,84,0.008206718601286411,1.3252524137496948,1.0,0.8235294117647058
2,3,85,0.007508417125791311,1.3341805934906006,1.0,0.8235294117647058
2,3,86,0.006996144540607929,1.345261573791504,1.0,0.8235294117647058
2,3,87,0.0063433535397052765,1.3744418621063232,1.0,0.8235294117647058
2,3,88,0.0058914003893733025,1.4291940927505493,1.0,0.8235294117647058
2,3,89,0.0053328415378928185,1.4551938772201538,1.0,0.8235294117647058
2,3,90,0.0047209784388542175,1.4624359607696533,1.0,0.8235294117647058
2,3,91,0.004298643674701452,1.4616105556488037,1.0,0.8235294117647058
2,3,92,0.004849888384342194,1.4300925731658936,1.0,0.7941176470588235
2,3,93,0.004646740388125181,1.4431790113449097,1.0,0.7941176470588235
2,3,94,0.0034888768568634987,1.5580060482025146,1.0,0.8235294117647058
2,3,95,0.005884838756173849,1.7024518251419067,1.0,0.8529411764705882
2,3,96,0.002887182170525193,1.5549170970916748,1.0,0.8235294117647058
2,3,97,0.003714412683621049,1.502966046333313,1.0,0.7941176470588235
2,3,98,0.005513218231499195,1.4980847835540771,1.0,0.7352941176470589
2,3,99,0.0026683772448450327,1.6449098587036133,1.0,0.8235294117647058
2,3,100,0.0070498320274055,1.8646069765090942,1.0,0.8529411764705882
2,4,1,0.6003484725952148,0.5919802784919739,0.7226277372262774,0.7352941176470589
2,4,2,0.6867251992225647,0.6616040468215942,0.7226277372262774,0.7352941176470589
2,4,3,0.5972189903259277,0.5818372368812561,0.7226277372262774,0.7352941176470589
2,4,4,0.5978042483329773,0.5896480679512024,0.7226277372262774,0.7352941176470589
2,4,5,0.6169676184654236,0.6115496754646301,0.7226277372262774,0.7352941176470589
2,4,6,0.620297372341156,0.6153923273086548,0.7226277372262774,0.7352941176470589
2,4,7,0.6124656200408936,0.6070085167884827,0.7226277372262774,0.7352941176470589
2,4,8,0.5990237593650818,0.5922446846961975,0.7226277372262774,0.7352941176470589
2,4,9,0.5865187644958496,0.5777000188827515,0.7226277372262774,0.7352941176470589
2,4,10,0.5836984515190125,0.5724112391471863,0.7226277372262774,0.7352941176470589
2,4,11,0.5913300514221191,0.578182578086853,0.7226277372262774,0.7352941176470589
2,4,12,0.5949408411979675,0.5815479159355164,0.7226277372262774,0.7352941176470589
2,4,13,0.5878120064735413,0.5757583379745483,0.7226277372262774,0.7352941176470589
2,4,14,0.5786544680595398,0.5686730146408081,0.7226277372262774,0.7352941176470589
2,4,15,0.5750320553779602,0.5670662522315979,0.7226277372262774,0.7352941176470589
2,4,16,0.5760772824287415,0.5697169899940491,0.7226277372262774,0.7352941176470589
2,4,17,0.5771186947822571,0.5718181729316711,0.7226277372262774,0.7352941176470589
2,4,18,0.5753628015518188,0.5707011818885803,0.7226277372262774,0.7352941176470589
2,4,19,0.5704556107521057,0.5661270022392273,0.7226277372262774,0.7352941176470589
2,4,20,0.564190685749054,0.5600119233131409,0.7226277372262774,0.7352941176470589
2,4,21,0.5594100952148438,0.5553694367408752,0.7226277372262774,0.7352941176470589
2,4,22,0.557399332523346,0.5537680387496948,0.7226277372262774,0.7352941176470589
2,4,23,0.5551553964614868,0.5524696707725525,0.7226277372262774,0.7352941176470589
2,4,24,0.5489835143089294,0.5476630926132202,0.7226277372262774,0.7352941176470589
2,4,25,0.5409611463546753,0.5408672094345093,0.7226277372262774,0.7352941176470589
2,4,26,0.5346716642379761,0.5352244973182678,0.7226277372262774,0.7352941176470589
2,4,27,0.5287868976593018,0.5302930474281311,0.7226277372262774,0.7352941176470589
2,4,28,0.5187326669692993,0.522916316986084,0.7226277372262774,0.7352941176470589
2,4,29,0.5079314708709717,0.5153868198394775,0.7226277372262774,0.7352941176470589
2,4,30,0.4992434084415436,0.5095502138137817,0.7226277372262774,0.7352941176470589
2,4,31,0.49005576968193054,0.5025582909584045,0.7226277372262774,0.7352941176470589
2,4,32,0.4773378074169159,0.49012038111686707,0.7226277372262774,0.7352941176470589
2,4,33,0.46575769782066345,0.4790482223033905,0.7226277372262774,0.7352941176470589
2,4,34,0.45316341519355774,0.46985799074172974,0.7226277372262774,0.7352941176470589
2,4,35,0.44140708446502686,0.4625210165977478,0.7226277372262774,0.7352941176470589
2,4,36,0.4292578101158142,0.4544134736061096,0.7226277372262774,0.7352941176470589
2,4,37,0.41639673709869385,0.4419194161891937,0.7226277372262774,0.7352941176470589
2,4,38,0.40568503737449646,0.4345840513706207,0.7226277372262774,0.7352941176470589
2,4,39,0.3952995240688324,0.4317324459552765,0.7226277372262774,0.7352941176470589
2,4,40,0.3829580545425415,0.42249226570129395,0.7737226277372263,0.7352941176470589
2,4,41,0.3721357583999634,0.4132116734981537,0.8467153284671532,0.7352941176470589
2,4,42,0.3631976544857025,0.4186226725578308,0.8394160583941606,0.7352941176470589
2,4,43,0.3512941896915436,0.41134336590766907,0.8540145985401459,0.7352941176470589
2,4,44,0.34244751930236816,0.39929530024528503,0.8905109489051095,0.7941176470588235
2,4,45,0.3323887288570404,0.4131639301776886,0.8905109489051095,0.7647058823529411
2,4,46,0.31942224502563477,0.3999410569667816,0.8905109489051095,0.7941176470588235
2,4,47,0.3092482089996338,0.412600576877594,0.8978102189781022,0.7647058823529411
2,4,48,0.2974802255630493,0.3954361379146576,0.8978102189781022,0.8235294117647058
2,4,49,0.28759798407554626,0.42381995916366577,0.8978102189781022,0.7647058823529411
2,4,50,0.2779509723186493,0.38903746008872986,0.9197080291970803,0.7941176470588235
2,4,51,0.2745233178138733,0.46744728088378906,0.8832116788321168,0.7352941176470589
2,4,52,0.25971511006355286,0.3823193311691284,0.927007299270073,0.7941176470588235
2,4,53,0.24657440185546875,0.47019001841545105,0.8978102189781022,0.7647058823529411
2,4,54,0.22640055418014526,0.432479590177536,0.9343065693430657,0.7647058823529411
2,4,55,0.21666935086250305,0.4247231185436249,0.9343065693430657,0.7647058823529411
2,4,56,0.22179777920246124,0.5265613794326782,0.9051094890510949,0.7352941176470589
2,4,57,0.22542314231395721,0.38334646821022034,0.9562043795620438,0.7941176470588235
2,4,58,0.19548526406288147,0.5225762724876404,0.9197080291970803,0.7647058823529411
2,4,59,0.17699390649795532,0.5013611912727356,0.9781021897810219,0.7647058823529411
2,4,60,0.17488102614879608,0.446620374917984,0.9562043795620438,0.7647058823529411
2,4,61,0.1762651950120926,0.6011165976524353,0.9197080291970803,0.7647058823529411
2,4,62,0.1567637026309967,0.473157674074173,0.9562043795620438,0.7647058823529411
2,4,63,0.142936572432518,0.522730827331543,0.9708029197080292,0.7647058823529411
2,4,64,0.15077944099903107,0.652306079864502,0.9562043795620438,0.7647058823529411
2,4,65,0.14712318778038025,0.4732637405395508,0.9708029197080292,0.7352941176470589
2,4,66,0.12418869137763977,0.6132864952087402,0.9854014598540146,0.7647058823529411
2,4,67,0.12354660034179688,0.6702735424041748,0.9854014598540146,0.7647058823529411
2,4,68,0.12882262468338013,0.5011041164398193,0.9708029197080292,0.7352941176470589
2,4,69,0.10620144754648209,0.6677786707878113,0.9854014598540146,0.7647058823529411
2,4,70,0.10307449847459793,0.708588182926178,0.9854014598540146,0.7647058823529411
2,4,71,0.10135439038276672,0.5667345523834229,0.9708029197080292,0.7352941176470589
2,4,72,0.08686445653438568,0.7170601487159729,0.9854014598540146,0.7647058823529411
2,4,73,0.07823104411363602,0.7074288725852966,0.9854014598540146,0.7647058823529411
2,4,74,0.07509022206068039,0.66628497838974,0.9854014598540146,0.7352941176470589
2,4,75,0.06942661851644516,0.7818990349769592,0.9854014598540146,0.7647058823529411
2,4,76,0.061793889850378036,0.7520363926887512,0.9854014598540146,0.7352941176470589
2,4,77,0.05918324738740921,0.7451586127281189,0.9854014598540146,0.7352941176470589
2,4,78,0.055657923221588135,0.8377801775932312,0.9927007299270073,0.7352941176470589
2,4,79,0.05075489357113838,0.8011881113052368,0.9927007299270073,0.7352941176470589
2,4,80,0.0469413697719574,0.8435040712356567,1.0,0.7352941176470589
2,4,81,0.044876884669065475,0.8263910412788391,0.9927007299270073,0.7352941176470589
2,4,82,0.04232233762741089,0.9212242364883423,0.9927007299270073,0.7352941176470589
2,4,83,0.03769358992576599,0.9128741025924683,1.0,0.7352941176470589
2,4,84,0.037230998277664185,0.8662629127502441,0.9927007299270073,0.7352941176470589
2,4,85,0.03272450342774391,0.9734893441200256,1.0,0.7352941176470589
2,4,86,0.029324203729629517,0.9584823846817017,1.0,0.7352941176470589
2,4,87,0.02727827988564968,1.0174707174301147,1.0,0.7352941176470589
2,4,88,0.02584035135805607,0.9563213586807251,1.0,0.7352941176470589
2,4,89,0.02300235442817211,1.060693621635437,1.0,0.7352941176470589
2,4,90,0.020861823111772537,1.0498706102371216,1.0,0.7352941176470589
2,4,91,0.019741492345929146,1.0474016666412354,1.0,0.7352941176470589
2,4,92,0.018588418141007423,1.1009408235549927,1.0,0.7352941176470589
2,4,93,0.016776442527770996,1.0749671459197998,1.0,0.7352941176470589
2,4,94,0.015293107368052006,1.103040337562561,1.0,0.7352941176470589
2,4,95,0.014044181443750858,1.1342381238937378,1.0,0.7352941176470589
2,4,96,0.013018188998103142,1.1699851751327515,1.0,0.7352941176470589
2,4,97,0.0119226248934865,1.1903208494186401,1.0,0.7352941176470589
2,4,98,0.011029032990336418,1.216008186340332,1.0,0.7352941176470589
2,4,99,0.010259290225803852,1.24154531955719,1.0,0.7352941176470589
2,4,100,0.009705215692520142,1.1949918270111084,1.0,0.7352941176470589
2,5,1,0.5955160856246948,0.6112420558929443,0.7299270072992701,0.7058823529411765
2,5,2,0.6545469164848328,0.7017260193824768,0.7299270072992701,0.7058823529411765
2,5,3,0.5901500582695007,0.6228035092353821,0.7299270072992701,0.7058823529411765
2,5,4,0.5892150402069092,0.6077744960784912,0.7299270072992701,0.7058823529411765
2,5,5,0.6048805713653564,0.6188884377479553,0.7299270072992701,0.7058823529411765
2,5,6,0.604049563407898,0.6185705661773682,0.7299270072992701,0.7058823529411765
2,5,7,0.5927051305770874,0.6107310056686401,0.7299270072992701,0.7058823529411765
2,5,8,0.5789649486541748,0.603171169757843,0.7299270072992701,0.7058823529411765
2,5,9,0.5737772583961487,0.6060617566108704,0.7299270072992701,0.7058823529411765
2,5,10,0.5797976851463318,0.6196913123130798,0.7299270072992701,0.7058823529411765
2,5,11,0.581658661365509,0.6248947381973267,0.7299270072992701,0.7058823529411765
2,5,12,0.5729999542236328,0.614816427230835,0.7299270072992701,0.7058823529411765
2,5,13,0.5647448897361755,0.6029272675514221,0.7299270072992701,0.7058823529411765
2,5,14,0.5626869201660156,0.5974038243293762,0.7299270072992701,0.7058823529411765
2,5,15,0.5635858774185181,0.5964248180389404,0.7299270072992701,0.7058823529411765
2,5,16,0.5613721609115601,0.595318615436554,0.7299270072992701,0.7058823529411765
2,5,17,0.5549432039260864,0.5927825570106506,0.7299270072992701,0.7058823529411765
2,5,18,0.5471735000610352,0.5912283658981323,0.7299270072992701,0.7058823529411765
2,5,19,0.5421773195266724,0.5934292078018188,0.7299270072992701,0.7058823529411765
2,5,20,0.5395064353942871,0.5975350737571716,0.7299270072992701,0.7058823529411765
2,5,21,0.5335805416107178,0.5956558585166931,0.7299270072992701,0.7058823529411765
2,5,22,0.523267924785614,0.5859335660934448,0.7299270072992701,0.7058823529411765
2,5,23,0.5143300890922546,0.5757442116737366,0.7299270072992701,0.7058823529411765
2,5,24,0.5063790082931519,0.5689348578453064,0.7299270072992701,0.7058823529411765
2,5,25,0.4932475984096527,0.5630186200141907,0.7299270072992701,0.7058823529411765
2,5,26,0.47996285557746887,0.5610061287879944,0.7299270072992701,0.7058823529411765
2,5,27,0.4701240658760071,0.5595676302909851,0.7299270072992701,0.7058823529411765
2,5,28,0.45810002088546753,0.5486860871315002,0.7299270072992701,0.7058823529411765
2,5,29,0.44455140829086304,0.5371477603912354,0.7299270072992701,0.7058823529411765
2,5,30,0.42831358313560486,0.5284613370895386,0.7299270072992701,0.7058823529411765
2,5,31,0.41587159037590027,0.5261809229850769,0.7299270072992701,0.7058823529411765
2,5,32,0.4038376808166504,0.5203925967216492,0.7299270072992701,0.7058823529411765
2,5,33,0.3900047540664673,0.5099056363105774,0.7299270072992701,0.7058823529411765
2,5,34,0.3778802454471588,0.5049901604652405,0.7299270072992701,0.7058823529411765
2,5,35,0.36701908707618713,0.5006669163703918,0.7299270072992701,0.7058823529411765
2,5,36,0.3566227853298187,0.4988838732242584,0.7591240875912408,0.7058823529411765
2,5,37,0.3462616801261902,0.49525362253189087,0.8613138686131386,0.7941176470588235
2,5,38,0.3361665904521942,0.4951135516166687,0.8686131386861314,0.8235294117647058
2,5,39,0.3279407024383545,0.4983779191970825,0.8759124087591241,0.8235294117647058
2,5,40,0.31699851155281067,0.4972030520439148,0.8905109489051095,0.7941176470588235
2,5,41,0.3082146942615509,0.4967194199562073,0.8978102189781022,0.7647058823529411
2,5,42,0.2998616099357605,0.5074689984321594,0.8905109489051095,0.8529411764705882
2,5,43,0.28788354992866516,0.5039117336273193,0.9124087591240876,0.7647058823529411
2,5,44,0.277866005897522,0.5112360715866089,0.9124087591240876,0.7647058823529411
2,5,45,0.27198612689971924,0.5265214443206787,0.9051094890510949,0.8529411764705882
2,5,46,0.2684432566165924,0.5045614838600159,0.948905109489051,0.7647058823529411
2,5,47,0.27465978264808655,0.5525575280189514,0.8832116788321168,0.8235294117647058
2,5,48,0.25524967908859253,0.5091838836669922,0.9416058394160584,0.7352941176470589
2,5,49,0.23599109053611755,0.5327832698822021,0.948905109489051,0.7647058823529411
2,5,50,0.25156834721565247,0.5823549628257751,0.8905109489051095,0.8529411764705882
2,5,51,0.23625589907169342,0.5171156525611877,0.9562043795620438,0.7058823529411765
2,5,52,0.21777459979057312,0.5290931463241577,0.9562043795620438,0.7352941176470589
2,5,53,0.2521308362483978,0.6268865466117859,0.8686131386861314,0.8529411764705882
2,5,54,0.2051161378622055,0.5336492657661438,0.9635036496350365,0.7352941176470589
2,5,55,0.20694983005523682,0.5254518985748291,0.9635036496350365,0.7058823529411765
2,5,56,0.199067160487175,0.576479434967041,0.9343065693430657,0.8529411764705882
2,5,57,0.18190859258174896,0.5592904090881348,0.9562043795620438,0.7941176470588235
2,5,58,0.1824416220188141,0.5360639095306396,0.9635036496350365,0.7058823529411765
2,5,59,0.16631516814231873,0.5604464411735535,0.9708029197080292,0.7352941176470589
2,5,60,0.17030631005764008,0.6009286642074585,0.9343065693430657,0.8235294117647058
2,5,61,0.15537743270397186,0.5576902031898499,0.9781021897810219,0.7352941176470589
2,5,62,0.14646174013614655,0.56088787317276,0.9781021897810219,0.7352941176470589
2,5,63,0.15509790182113647,0.622985303401947,0.9416058394160584,0.8235294117647058
2,5,64,0.1327764391899109,0.5706239342689514,0.9781021897810219,0.7352941176470589
2,5,65,0.1290484517812729,0.5706572532653809,0.9781021897810219,0.7058823529411765
2,5,66,0.12199943512678146,0.6044570803642273,0.9781021897810219,0.7647058823529411
2,5,67,0.10967692732810974,0.5978151559829712,0.9781021897810219,0.7647058823529411
2,5,68,0.10506867617368698,0.5842679142951965,0.9781021897810219,0.7647058823529411
2,5,69,0.09816247224807739,0.6010777950286865,0.9781021897810219,0.7647058823529411
2,5,70,0.09103550761938095,0.5970900058746338,0.9781021897810219,0.7647058823529411
2,5,71,0.08651507645845413,0.5945533514022827,0.9781021897810219,0.7647058823529411
2,5,72,0.08172920346260071,0.6247239708900452,0.9854014598540146,0.7647058823529411
2,5,73,0.07405183464288712,0.6154828071594238,0.9781021897810219,0.7647058823529411
2,5,74,0.06887824088335037,0.6310765743255615,0.9854014598540146,0.7647058823529411
2,5,75,0.06344442069530487,0.632459819316864,0.9854014598540146,0.7647058823529411
2,5,76,0.05897904932498932,0.6556243896484375,0.9854014598540146,0.7647058823529411
2,5,77,0.05361103266477585,0.6652402877807617,0.9854014598540146,0.7647058823529411
2,5,78,0.05277406424283981,0.6574506163597107,0.9927007299270073,0.7352941176470589
2,5,79,0.056513067334890366,0.736358106136322,0.9927007299270073,0.7647058823529411
2,5,80,0.04395296797156334,0.6747497320175171,0.9927007299270073,0.7352941176470589
2,5,81,0.04393628239631653,0.6719094514846802,0.9927007299270073,0.7352941176470589
2,5,82,0.04967563599348068,0.7780292630195618,0.9927007299270073,0.7647058823529411
2,5,83,0.037398964166641235,0.6920508146286011,0.9927007299270073,0.7352941176470589
2,5,84,0.0356789231300354,0.6949014067649841,0.9927007299270073,0.7352941176470589
2,5,85,0.04768684133887291,0.8325641751289368,0.9927007299270073,0.8235294117647058
2,5,86,0.03296009078621864,0.7069458365440369,0.9927007299270073,0.7352941176470589
2,5,87,0.03030557744204998,0.7134851813316345,0.9927007299270073,0.7352941176470589
2,5,88,0.03813624382019043,0.8561568856239319,0.9927007299270073,0.7941176470588235
2,5,89,0.022068850696086884,0.7882930040359497,1.0,0.7352941176470589
2,5,90,0.03216257318854332,0.7543034553527832,0.9927007299270073,0.7058823529411765
2,5,91,0.01816977560520172,0.7944828867912292,1.0,0.7352941176470589
2,5,92,0.030640983954072,0.9214763641357422,0.9927007299270073,0.7941176470588235
2,5,93,0.015078121796250343,0.8309374451637268,1.0,0.7352941176470589
2,5,94,0.015464496798813343,0.8111532330513,1.0,0.7352941176470589
2,5,95,0.01317574828863144,0.8286845088005066,1.0,0.7352941176470589
2,5,96,0.012028849683701992,0.8528947830200195,1.0,0.7352941176470589
2,5,97,0.011127917096018791,0.8698598146438599,1.0,0.7352941176470589
2,5,98,0.010107426904141903,0.8760252594947815,1.0,0.7352941176470589
2,5,99,0.010243427008390427,0.937735378742218,1.0,0.7352941176470589
2,5,100,0.010110490955412388,0.9712064266204834,1.0,0.7647058823529411
3,1,1,0.5982217192649841,0.606747031211853,0.7279411764705882,0.7142857142857143
3,1,2,0.6520941257476807,0.6779552102088928,0.7279411764705882,0.7142857142857143
3,1,3,0.5891126990318298,0.6063945293426514,0.7279411764705882,0.7142857142857143
3,1,4,0.5919671058654785,0.602230429649353,0.7279411764705882,0.7142857142857143
3,1,5,0.6052612066268921,0.6133204698562622,0.7279411764705882,0.7142857142857143
3,1,6,0.6035753488540649,0.6121177673339844,0.7279411764705882,0.7142857142857143
3,1,7,0.5930031538009644,0.603651762008667,0.7279411764705882,0.7142857142857143
3,1,8,0.580994188785553,0.5952180027961731,0.7279411764705882,0.7142857142857143
3,1,9,0.5771865248680115,0.5961663126945496,0.7279411764705882,0.7142857142857143
3,1,10,0.5832725167274475,0.6067259311676025,0.7279411764705882,0.7142857142857143
3,1,11,0.5832623839378357,0.6084204316139221,0.7279411764705882,0.7142857142857143
3,1,12,0.5745002031326294,0.5985991954803467,0.7279411764705882,0.7142857142857143
3,1,13,0.5680778622627258,0.5900020599365234,0.7279411764705882,0.7142857142857143
3,1,14,0.5676158666610718,0.5877126455307007,0.7279411764705882,0.7142857142857143
3,1,15,0.5680033564567566,0.5876582860946655,0.7279411764705882,0.7142857142857143
3,1,16,0.5649704933166504,0.5858811736106873,0.7279411764705882,0.7142857142857143
3,1,17,0.5583987832069397,0.5823214650154114,0.7279411764705882,0.7142857142857143
3,1,18,0.551852822303772,0.5801150798797607,0.7279411764705882,0.7142857142857143
3,1,19,0.5485516786575317,0.582042932510376,0.7279411764705882,0.7142857142857143
3,1,20,0.5457013845443726,0.5834734439849854,0.7279411764705882,0.7142857142857143
3,1,21,0.5377193093299866,0.5775766968727112,0.7279411764705882,0.7142857142857143
3,1,22,0.5278709530830383,0.5672916173934937,0.7279411764705882,0.7142857142857143
3,1,23,0.5218491554260254,0.5605311989784241,0.7279411764705882,0.7142857142857143
3,1,24,0.5121577978134155,0.5539847016334534,0.7279411764705882,0.7142857142857143
3,1,25,0.4980224072933197,0.547253429889679,0.7279411764705882,0.7142857142857143
3,1,26,0.4886280596256256,0.5469359159469604,0.7279411764705882,0.7142857142857143
3,1,27,0.4801410138607025,0.5451010465621948,0.7279411764705882,0.7142857142857143
3,1,28,0.4662884473800659,0.5318832993507385,0.7279411764705882,0.7142857142857143
3,1,29,0.45338132977485657,0.5201326608657837,0.7279411764705882,0.7142857142857143
3,1,30,0.4376257658004761,0.5132413506507874,0.7279411764705882,0.7142857142857143
3,1,31,0.4279526174068451,0.5167878270149231,0.7279411764705882,0.7142857142857143
3,1,32,0.41567885875701904,0.511151134967804,0.7279411764705882,0.7142857142857143
3,1,33,0.40313878655433655,0.4959537088871002,0.7279411764705882,0.7142857142857143
3,1,34,0.39049288630485535,0.493705689907074,0.7279411764705882,0.7142857142857143
3,1,35,0.3856070935726166,0.5119186639785767,0.7279411764705882,0.7142857142857143
3,1,36,0.36694520711898804,0.49069640040397644,0.7279411764705882,0.7142857142857143
3,1,37,0.3607442080974579,0.4839895963668823,0.7279411764705882,0.7142857142857143
3,1,38,0.3548926115036011,0.5009355545043945,0.7279411764705882,0.7142857142857143
3,1,39,0.34286439418792725,0.493180513381958,0.8382352941176471,0.7714285714285715
3,1,40,0.33598363399505615,0.48072707653045654,0.9191176470588235,0.8
3,1,41,0.32525745034217834,0.5027488470077515,0.8970588235294118,0.8
3,1,42,0.3147026002407074,0.49400222301483154,0.9191176470588235,0.7714285714285715
3,1,43,0.3058697581291199,0.4887651205062866,0.9191176470588235,0.7428571428571429
3,1,44,0.2965669631958008,0.5005655884742737,0.9191176470588235,0.7428571428571429
3,1,45,0.2862972319126129,0.48437631130218506,0.9264705882352942,0.7714285714285715
3,1,46,0.2745257616043091,0.5064378976821899,0.9191176470588235,0.7428571428571429
3,1,47,0.26261335611343384,0.5113102793693542,0.9338235294117647,0.7428571428571429
3,1,48,0.25128600001335144,0.4977797865867615,0.9338235294117647,0.7714285714285715
3,1,49,0.2406633049249649,0.5348960757255554,0.9264705882352942,0.7428571428571429
3,1,50,0.2275974303483963,0.5050064325332642,0.9705882352941176,0.7714285714285715
3,1,51,0.21885274350643158,0.5541329383850098,0.9338235294117647,0.7428571428571429
3,1,52,0.2225368171930313,0.47063565254211426,0.9705882352941176,0.7142857142857143
3,1,53,0.2392190545797348,0.6693354249000549,0.8602941176470589,0.7714285714285715
3,1,54,0.22937367856502533,0.4600476920604706,0.9632352941176471,0.7142857142857143
3,1,55,0.1938302367925644,0.4852253496646881,0.9779411764705882,0.7714285714285715
3,1,56,0.2825646996498108,0.7686806321144104,0.8088235294117647,0.8
3,1,57,0.17893943190574646,0.4938228130340576,0.9779411764705882,0.7714285714285715
3,1,58,0.21163085103034973,0.46653130650520325,0.9705882352941176,0.7142857142857143
3,1,59,0.17460647225379944,0.5599098205566406,0.9632352941176471,0.7428571428571429
3,1,60,0.18848729133605957,0.630232036113739,0.9191176470588235,0.7714285714285715
3,1,61,0.15821179747581482,0.49604594707489014,0.9779411764705882,0.7428571428571429
3,1,62,0.15237988531589508,0.49863389134407043,0.9779411764705882,0.7428571428571429
3,1,63,0.1492924839258194,0.6258392333984375,0.9705882352941176,0.7428571428571429
3,1,64,0.12792064249515533,0.600943386554718,0.9779411764705882,0.7714285714285715
3,1,65,0.1219373568892479,0.5365082621574402,0.9779411764705882,0.7428571428571429
3,1,66,0.1123211532831192,0.5592530369758606,0.9779411764705882,0.7428571428571429
3,1,67,0.11080437898635864,0.6408725380897522,0.9779411764705882,0.7428571428571429
3,1,68,0.09820491820573807,0.6250792145729065,0.9852941176470589,0.7714285714285715
3,1,69,0.09476292878389359,0.5732821822166443,0.9926470588235294,0.7428571428571429
3,1,70,0.08262386173009872,0.6241022348403931,1.0,0.7428571428571429
3,1,71,0.08305999636650085,0.7081434726715088,0.9852941176470589,0.7428571428571429
3,1,72,0.07032701373100281,0.652539849281311,1.0,0.7428571428571429
3,1,73,0.0676088035106659,0.6353861093521118,1.0,0.7428571428571429
3,1,74,0.06035047397017479,0.7178382873535156,1.0,0.7714285714285715
3,1,75,0.05386552959680557,0.7176271677017212,1.0,0.7428571428571429
3,1,76,0.050356779247522354,0.6991854906082153,1.0,0.7428571428571429
3,1,77,0.044594794511795044,0.7505465745925903,1.0,0.7428571428571429
3,1,78,0.040837738662958145,0.7654953598976135,1.0,0.7428571428571429
3,1,79,0.037724364548921585,0.7931537628173828,1.0,0.7428571428571429
3,1,80,0.03462489694356918,0.7820941209793091,1.0,0.7428571428571429
3,1,81,0.030982613563537598,0.8209250569343567,1.0,0.7428571428571429
3,1,82,0.028664080426096916,0.8723359704017639,1.0,0.7428571428571429
3,1,83,0.028595689684152603,0.8137991428375244,1.0,0.7428571428571429
3,1,84,0.02334698662161827,0.8723344802856445,1.0,0.7428571428571429
3,1,85,0.02247086726129055,0.9467264413833618,1.0,0.7428571428571429
3,1,86,0.019621292129158974,0.942396342754364,1.0,0.7428571428571429
3,1,87,0.02257690019905567,0.870962917804718,1.0,0.7142857142857143
3,1,88,0.016375357285141945,0.9463189244270325,1.0,0.7714285714285715
3,1,89,0.021024128422141075,1.0828737020492554,1.0,0.7142857142857143
3,1,90,0.013532152399420738,0.9926864504814148,1.0,0.7714285714285715
3,1,91,0.015110540203750134,0.9548826813697815,1.0,0.7142857142857143
3,1,92,0.012010645121335983,1.0052446126937866,1.0,0.7714285714285715
3,1,93,0.011647115461528301,1.0923418998718262,1.0,0.7428571428571429
3,1,94,0.009991307742893696,1.0877140760421753,1.0,0.7714285714285715
3,1,95,0.009002592414617538,1.0811198949813843,1.0,0.7714285714285715
3,1,96,0.008450069464743137,1.113895058631897,1.0,0.7714285714285715
3,1,97,0.008113759569823742,1.1487510204315186,1.0,0.7714285714285715
3,1,98,0.00715856347233057,1.1401532888412476,1.0,0.7714285714285715
3,1,99,0.006913542747497559,1.1247161626815796,1.0,0.7428571428571429
3,1,100,0.006052752025425434,1.1711640357971191,1.0,0.7714285714285715
3,2,1,0.6021693348884583,0.6159271001815796,0.7299270072992701,0.7058823529411765
3,2,2,0.6397750973701477,0.6836508512496948,0.7299270072992701,0.7058823529411765
3,2,3,0.5871148109436035,0.6175498366355896,0.7299270072992701,0.7058823529411765
3,2,4,0.5883594155311584,0.6071959137916565,0.7299270072992701,0.7058823529411765
3,2,5,0.5987900495529175,0.6142774820327759,0.7299270072992701,0.7058823529411765
3,2,6,0.5946843028068542,0.6116909384727478,0.7299270072992701,0.7058823529411765
3,2,7,0.5826805233955383,0.6045571565628052,0.7299270072992701,0.7058823529411765
3,2,8,0.5751875638961792,0.6041661500930786,0.7299270072992701,0.7058823529411765
3,2,9,0.5783689022064209,0.6145641803741455,0.7299270072992701,0.7058823529411765
3,2,10,0.5815197825431824,0.6218191385269165,0.7299270072992701,0.7058823529411765
3,2,11,0.573707640171051,0.6127039194107056,0.7299270072992701,0.7058823529411765
3,2,12,0.5665410161018372,0.601770281791687,0.7299270072992701,0.7058823529411765
3,2,13,0.5661630034446716,0.5980582237243652,0.7299270072992701,0.7058823529411765
3,2,14,0.5670753121376038,0.5979716181755066,0.7299270072992701,0.7058823529411765
3,2,15,0.5635815262794495,0.5964613556861877,0.7299270072992701,0.7058823529411765
3,2,16,0.5560741424560547,0.5936527252197266,0.7299270072992701,0.7058823529411765
3,2,17,0.5489312410354614,0.5932765603065491,0.7299270072992701,0.7058823529411765
3,2,18,0.5453286170959473,0.59684818983078,0.7299270072992701,0.7058823529411765
3,2,19,0.5414087176322937,0.5984854102134705,0.7299270072992701,0.7058823529411765
3,2,20,0.5330502986907959,0.5935454368591309,0.7299270072992701,0.7058823529411765
3,2,21,0.5225014686584473,0.5843198299407959,0.7299270072992701,0.7058823529411765
3,2,22,0.5139676928520203,0.5774495601654053,0.7299270072992701,0.7058823529411765
3,2,23,0.5031642317771912,0.5726078152656555,0.7299270072992701,0.7058823529411765
3,2,24,0.4880712926387787,0.5684691071510315,0.7299270072992701,0.7058823529411765
3,2,25,0.4761093556880951,0.5689719915390015,0.7299270072992701,0.7058823529411765
3,2,26,0.4628250300884247,0.5656695365905762,0.7299270072992701,0.7058823529411765
3,2,27,0.44726115465164185,0.5589436888694763,0.7299270072992701,0.7058823529411765
3,2,28,0.43140074610710144,0.5545544624328613,0.7299270072992701,0.7058823529411765
3,2,29,0.41625112295150757,0.5548461675643921,0.7299270072992701,0.7058823529411765
3,2,30,0.40213850140571594,0.5574024319648743,0.7299270072992701,0.7058823529411765
3,2,31,0.3868963420391083,0.5573277473449707,0.7299270072992701,0.7058823529411765
3,2,32,0.37442001700401306,0.5608506798744202,0.7299270072992701,0.7058823529411765
3,2,33,0.3631123900413513,0.567111074924469,0.7299270072992701,0.7058823529411765
3,2,34,0.3507784307003021,0.5728333592414856,0.7737226277372263,0.7058823529411765
3,2,35,0.3411058485507965,0.5795383453369141,0.8248175182481752,0.7647058823529411
3,2,36,0.3333759605884552,0.5869755744934082,0.8394160583941606,0.7941176470588235
3,2,37,0.32598596811294556,0.5880225896835327,0.9124087591240876,0.7647058823529411
3,2,38,0.3205529451370239,0.5985145568847656,0.8613138686131386,0.7941176470588235
3,2,39,0.30629435181617737,0.5927861332893372,0.927007299270073,0.7352941176470589
3,2,40,0.29657891392707825,0.5924921631813049,0.9197080291970803,0.7941176470588235
3,2,41,0.29170987010002136,0.5942507982254028,0.8978102189781022,0.7941176470588235
3,2,42,0.28525954484939575,0.5769037008285522,0.9343065693430657,0.7058823529411765
3,2,43,0.27372613549232483,0.5891868472099304,0.9051094890510949,0.8235294117647058
3,2,44,0.25920864939689636,0.5810415744781494,0.9416058394160584,0.7352941176470589
3,2,45,0.248513326048851,0.581377387046814,0.9343065693430657,0.7352941176470589
3,2,46,0.24492228031158447,0.6046422123908997,0.9197080291970803,0.7941176470588235
3,2,47,0.2348233163356781,0.5633807182312012,0.9708029197080292,0.7352941176470589
3,2,48,0.22028936445713043,0.5931109189987183,0.927007299270073,0.7352941176470589
3,2,49,0.2082042247056961,0.5925678610801697,0.927007299270073,0.7352941176470589
3,2,50,0.20296525955200195,0.5600799322128296,0.9708029197080292,0.7647058823529411
3,2,51,0.20261619985103607,0.6222986578941345,0.9197080291970803,0.7647058823529411
3,2,52,0.18610702455043793,0.557722806930542,0.9854014598540146,0.7352941176470589
3,2,53,0.17307858169078827,0.5970585942268372,0.9416058394160584,0.7352941176470589
3,2,54,0.1602175533771515,0.5884316563606262,0.9708029197080292,0.7058823529411765
3,2,55,0.1529976725578308,0.5755063891410828,0.9927007299270073,0.7058823529411765
3,2,56,0.14498426020145416,0.6042295694351196,0.9854014598540146,0.7058823529411765
3,2,57,0.13432030379772186,0.597445011138916,0.9854014598540146,0.7058823529411765
3,2,58,0.12613798677921295,0.6028996109962463,0.9854014598540146,0.7058823529411765
3,2,59,0.12146273255348206,0.627988338470459,0.9854014598540146,0.7058823529411765
3,2,60,0.11223974078893661,0.608673095703125,0.9927007299270073,0.7058823529411765
3,2,61,0.1090463399887085,0.6461473107337952,0.9854014598540146,0.7058823529411765
3,2,62,0.10266707837581635,0.6116456389427185,0.9927007299270073,0.7058823529411765
3,2,63,0.09603745490312576,0.6580758094787598,0.9854014598540146,0.7058823529411765
3,2,64,0.08514334261417389,0.6391116976737976,0.9927007299270073,0.7058823529411765
3,2,65,0.08109930902719498,0.6688957810401917,0.9927007299270073,0.7058823529411765
3,2,66,0.06982676684856415,0.6617580652236938,0.9927007299270073,0.6764705882352942
3,2,67,0.06359352916479111,0.6729810237884521,1.0,0.7058823529411765
3,2,68,0.06068301200866699,0.6979995965957642,1.0,0.7058823529411765
3,2,69,0.05741434916853905,0.6951190233230591,0.9927007299270073,0.7058823529411765
3,2,70,0.05372606962919235,0.7213165760040283,1.0,0.7058823529411765
3,2,71,0.04676494002342224,0.7168716788291931,0.9927007299270073,0.7352941176470589
3,2,72,0.03867028281092644,0.7151282429695129,1.0,0.6764705882352942
3,2,73,0.04714155197143555,0.7557302713394165,1.0,0.7058823529411765
3,2,74,0.05856255814433098,0.7860089540481567,0.9927007299270073,0.6764705882352942
3,2,75,0.031559672206640244,0.7631949186325073,1.0,0.7058823529411765
3,2,76,0.03916849195957184,0.8002491593360901,1.0,0.7058823529411765
3,2,77,0.041990846395492554,0.8422325849533081,0.9927007299270073,0.6764705882352942
3,2,78,0.02352081425487995,0.8017564415931702,1.0,0.7352941176470589
3,2,79,0.038499828428030014,0.8381085395812988,1.0,0.7352941176470589
3,2,80,0.01740431599318981,0.8368806838989258,1.0,0.7352941176470589
3,2,81,0.028956040740013123,0.9011176228523254,0.9927007299270073,0.6764705882352942
3,2,82,0.018937330693006516,0.8445909023284912,1.0,0.6764705882352942
3,2,83,0.023786479607224464,0.8818448781967163,1.0,0.7352941176470589
3,2,84,0.01262042485177517,0.9087439775466919,1.0,0.7352941176470589
3,2,85,0.0184625256806612,0.967352032661438,1.0,0.7058823529411765
3,2,86,0.011279634200036526,0.9144456386566162,1.0,0.7058823529411765
3,2,87,0.020649686455726624,0.9518417119979858,1.0,0.7352941176470589
3,2,88,0.008240289054811,0.9625266790390015,1.0,0.7352941176470589
3,2,89,0.013465264812111855,1.021079659461975,1.0,0.7058823529411765
3,2,90,0.007301434874534607,0.9719642400741577,1.0,0.7352941176470589
3,2,91,0.009077672846615314,0.966910183429718,1.0,0.7058823529411765
3,2,92,0.00816046167165041,0.9812635779380798,1.0,0.7058823529411765
3,2,93,0.005663431249558926,1.0164915323257446,1.0,0.7352941176470589
3,2,94,0.007912185043096542,1.0671707391738892,1.0,0.7352941176470589
3,2,95,0.004805721342563629,1.0442394018173218,1.0,0.7352941176470589
3,2,96,0.0057142190635204315,1.0430163145065308,1.0,0.7058823529411765
3,2,97,0.005834572017192841,1.0588799715042114,1.0,0.7058823529411765
3,2,98,0.003595346584916115,1.0875312089920044,1.0,0.7352941176470589
3,2,99,0.00392181659117341,1.120656967163086,1.0,0.7352941176470589
3,2,100,0.003835830371826887,1.1306599378585815,1.0,0.7352941176470589
3,3,1,0.6104267239570618,0.603720486164093,0.7226277372262774,0.7352941176470589
3,3,2,0.6386690139770508,0.6176342964172363,0.7226277372262774,0.7352941176470589
3,3,3,0.595041811466217,0.5809143781661987,0.7226277372262774,0.7352941176470589
3,3,4,0.5941499471664429,0.5864613652229309,0.7226277372262774,0.7352941176470589
3,3,5,0.6034424304962158,0.5980479121208191,0.7226277372262774,0.7352941176470589
3,3,6,0.5972245931625366,0.59208744764328,0.7226277372262774,0.7352941176470589
3,3,7,0.5849820971488953,0.5791557431221008,0.7226277372262774,0.7352941176470589
3,3,8,0.5819592475891113,0.5752349495887756,0.7226277372262774,0.7352941176470589
3,3,9,0.5872688293457031,0.5810408592224121,0.7226277372262774,0.7352941176470589
3,3,10,0.5827276706695557,0.5787360668182373,0.7226277372262774,0.7352941176470589
3,3,11,0.5738815069198608,0.5726016759872437,0.7226277372262774,0.7352941176470589
3,3,12,0.5702119469642639,0.5713059306144714,0.7226277372262774,0.7352941176470589
3,3,13,0.5701525807380676,0.5732333064079285,0.7226277372262774,0.7352941176470589
3,3,14,0.5670449137687683,0.5723108649253845,0.7226277372262774,0.7352941176470589
3,3,15,0.5598216652870178,0.5678555369377136,0.7226277372262774,0.7352941176470589
3,3,16,0.5531348586082458,0.5643755793571472,0.7226277372262774,0.7352941176470589
3,3,17,0.5494402050971985,0.5646221041679382,0.7226277372262774,0.7352941176470589
3,3,18,0.5442361235618591,0.5637840032577515,0.7226277372262774,0.7352941176470589
3,3,19,0.5343881845474243,0.5577036738395691,0.7226277372262774,0.7352941176470589
3,3,20,0.5253289341926575,0.551360547542572,0.7226277372262774,0.7352941176470589
3,3,21,0.5176677107810974,0.5472050905227661,0.7226277372262774,0.7352941176470589
3,3,22,0.5038661956787109,0.540457010269165,0.7226277372262774,0.7352941176470589
3,3,23,0.49050840735435486,0.5368186831474304,0.7226277372262774,0.7352941176470589
3,3,24,0.4795522093772888,0.5343318581581116,0.7226277372262774,0.7352941176470589
3,3,25,0.46288636326789856,0.5207841396331787,0.7226277372262774,0.7352941176470589
3,3,26,0.44894832372665405,0.5098636746406555,0.7226277372262774,0.7352941176470589
3,3,27,0.4307935833930969,0.5030142664909363,0.7226277372262774,0.7352941176470589
3,3,28,0.415546715259552,0.5004632472991943,0.7226277372262774,0.7352941176470589
3,3,29,0.3990565538406372,0.48747894167900085,0.7226277372262774,0.7352941176470589
3,3,30,0.38561782240867615,0.47852668166160583,0.7226277372262774,0.7352941176470589
3,3,31,0.3709152042865753,0.47684669494628906,0.7664233576642335,0.7352941176470589
3,3,32,0.3567696511745453,0.4713231325149536,0.8029197080291971,0.7352941176470589
3,3,33,0.34382566809654236,0.4627692699432373,0.8248175182481752,0.7647058823529411
3,3,34,0.33252817392349243,0.4732091724872589,0.8248175182481752,0.7647058823529411
3,3,35,0.31927329301834106,0.4604145288467407,0.8978102189781022,0.8529411764705882
3,3,36,0.3085002601146698,0.47530028223991394,0.8613138686131386,0.7941176470588235
3,3,37,0.29493653774261475,0.46409130096435547,0.9197080291970803,0.9117647058823529
3,3,38,0.2861809730529785,0.48306921124458313,0.8832116788321168,0.7941176470588235
3,3,39,0.2695605754852295,0.4728040099143982,0.9197080291970803,0.9117647058823529
3,3,40,0.25830695033073425,0.47986558079719543,0.9197080291970803,0.9117647058823529
3,3,41,0.24767902493476868,0.49688389897346497,0.9124087591240876,0.8823529411764706
3,3,42,0.23521879315376282,0.4992673993110657,0.927007299270073,0.8823529411764706
3,3,43,0.22654785215854645,0.5273624658584595,0.9197080291970803,0.8823529411764706
3,3,44,0.21949008107185364,0.5195266008377075,0.9562043795620438,0.8529411764705882
3,3,45,0.2546814978122711,0.6509350538253784,0.8467153284671532,0.7647058823529411
3,3,46,0.2363891899585724,0.5577391386032104,0.9343065693430657,0.8235294117647058
3,3,47,0.2031756192445755,0.5318264961242676,0.9635036496350365,0.8529411764705882
3,3,48,0.3073763847351074,0.7449707388877869,0.781021897810219,0.7352941176470589
3,3,49,0.1866546869277954,0.5358592867851257,0.9708029197080292,0.8529411764705882
3,3,50,0.21268852055072784,0.5550537705421448,0.9416058394160584,0.8235294117647058
3,3,51,0.1815590262413025,0.5484706163406372,0.948905109489051,0.8823529411764706
3,3,52,0.1882605105638504,0.5746491551399231,0.9343065693430657,0.7941176470588235
3,3,53,0.17714431881904602,0.52379310131073,0.9635036496350365,0.8235294117647058
3,3,54,0.1611921191215515,0.5153576731681824,0.9708029197080292,0.8235294117647058
3,3,55,0.1780570149421692,0.5985583662986755,0.9343065693430657,0.7647058823529411
3,3,56,0.1369675099849701,0.5241003632545471,0.9708029197080292,0.8823529411764706
3,3,57,0.14198438823223114,0.520460307598114,0.9708029197080292,0.8235294117647058
3,3,58,0.12395758181810379,0.5332536101341248,0.9708029197080292,0.8823529411764706
3,3,59,0.13012699782848358,0.5798953175544739,0.9562043795620438,0.8823529411764706
3,3,60,0.11954155564308167,0.5261115431785583,0.9708029197080292,0.8235294117647058
3,3,61,0.10768640786409378,0.526382565498352,0.9708029197080292,0.8823529411764706
3,3,62,0.11758222430944443,0.6070296168327332,0.9562043795620438,0.8823529411764706
3,3,63,0.09248115122318268,0.5450196862220764,0.9708029197080292,0.8529411764705882
3,3,64,0.09307689219713211,0.5515617728233337,0.9708029197080292,0.8529411764705882
3,3,65,0.08696853369474411,0.593469500541687,0.9927007299270073,0.8823529411764706
3,3,66,0.07891354709863663,0.5920788049697876,0.9854014598540146,0.8823529411764706
3,3,67,0.08010105788707733,0.5761810541152954,0.9708029197080292,0.8235294117647058
3,3,68,0.06798834353685379,0.607928454875946,1.0,0.8823529411764706
3,3,69,0.06784983724355698,0.6415733098983765,0.9927007299270073,0.8529411764705882
3,3,70,0.06684021651744843,0.6008821129798889,0.9708029197080292,0.8235294117647058
3,3,71,0.05602363869547844,0.611991286277771,0.9854014598540146,0.8529411764705882
3,3,72,0.06699176132678986,0.6987505555152893,0.9927007299270073,0.8529411764705882
3,3,73,0.05407107621431351,0.619176983833313,0.9854014598540146,0.8235294117647058
3,3,74,0.052241597324609756,0.6242113709449768,0.9854014598540146,0.7941176470588235
3,3,75,0.05312381312251091,0.7048481702804565,0.9927007299270073,0.8529411764705882
3,3,76,0.040036220103502274,0.6475725173950195,1.0,0.8529411764705882
3,3,77,0.039746370166540146,0.6466479897499084,0.9927007299270073,0.8235294117647058
3,3,78,0.03754319250583649,0.6941276788711548,1.0,0.8823529411764706
3,3,79,0.03397435322403908,0.6996809840202332,1.0,0.8823529411764706
3,3,80,0.0309714674949646,0.6703895330429077,1.0,0.8235294117647058
3,3,81,0.02826891466975212,0.6799014806747437,1.0,0.8529411764705882
3,3,82,0.026332678273320198,0.7143710851669312,1.0,0.8823529411764706
3,3,83,0.024675337597727776,0.729332447052002,1.0,0.8823529411764706
3,3,84,0.021891124546527863,0.7195048332214355,1.0,0.8823529411764706
3,3,85,0.02171155996620655,0.7179925441741943,1.0,0.8235294117647058
3,3,86,0.01908237673342228,0.7541847229003906,1.0,0.8823529411764706
3,3,87,0.023716602474451065,0.826503336429596,1.0,0.8235294117647058
3,3,88,0.019763631746172905,0.744503915309906,1.0,0.8235294117647058
3,3,89,0.017956797033548355,0.7506726384162903,1.0,0.8235294117647058
3,3,90,0.022725623100996017,0.8701140284538269,1.0,0.8235294117647058
3,3,91,0.013130818493664265,0.7688831090927124,1.0,0.8235294117647058
3,3,92,0.015169794671237469,0.7704473733901978,1.0,0.8235294117647058
3,3,93,0.012151122093200684,0.8150185942649841,1.0,0.8823529411764706
3,3,94,0.013723747804760933,0.8571048974990845,1.0,0.8823529411764706
3,3,95,0.009822504594922066,0.796241283416748,1.0,0.8235294117647058
3,3,96,0.009490761905908585,0.7991656064987183,1.0,0.8235294117647058
3,3,97,0.009726233780384064,0.8550705909729004,1.0,0.8823529411764706
3,3,98,0.00806412287056446,0.8389277458190918,1.0,0.8823529411764706
3,3,99,0.008990764617919922,0.8214102387428284,1.0,0.8235294117647058
3,3,100,0.008334324695169926,0.8291435241699219,1.0,0.8235294117647058
3,4,1,0.6009507775306702,0.5929214358329773,0.7226277372262774,0.7352941176470589
3,4,2,0.6671215891838074,0.6440469026565552,0.7226277372262774,0.7352941176470589
3,4,3,0.5937300324440002,0.5801973938941956,0.7226277372262774,0.7352941176470589
3,4,4,0.5993239879608154,0.5926034450531006,0.7226277372262774,0.7352941176470589
3,4,5,0.613568902015686,0.6089905500411987,0.7226277372262774,0.7352941176470589
3,4,6,0.610946536064148,0.6067067384719849,0.7226277372262774,0.7352941176470589
3,4,7,0.5982497930526733,0.5935328006744385,0.7226277372262774,0.7352941176470589
3,4,8,0.5853157043457031,0.579636812210083,0.7226277372262774,0.7352941176470589
3,4,9,0.5827552080154419,0.5761874914169312,0.7226277372262774,0.7352941176470589
3,4,10,0.5906368494033813,0.5840848088264465,0.7226277372262774,0.7352941176470589
3,4,11,0.5901331305503845,0.5854281783103943,0.7226277372262774,0.7352941176470589
3,4,12,0.579396665096283,0.5776944756507874,0.7226277372262774,0.7352941176470589
3,4,13,0.5718171000480652,0.5728834867477417,0.7226277372262774,0.7352941176470589
3,4,14,0.571666419506073,0.5751349925994873,0.7226277372262774,0.7352941176470589
3,4,15,0.5730756521224976,0.5786436796188354,0.7226277372262774,0.7352941176470589
3,4,16,0.5699568390846252,0.5781253576278687,0.7226277372262774,0.7352941176470589
3,4,17,0.5617942810058594,0.5731021761894226,0.7226277372262774,0.7352941176470589
3,4,18,0.5538231134414673,0.5684476494789124,0.7226277372262774,0.7352941176470589
3,4,19,0.5495695471763611,0.5681902170181274,0.7226277372262774,0.7352941176470589
3,4,20,0.5469464063644409,0.5705105662345886,0.7226277372262774,0.7352941176470589
3,4,21,0.5394108295440674,0.5684773921966553,0.7226277372262774,0.7352941176470589
3,4,22,0.5289705395698547,0.5625252723693848,0.7226277372262774,0.7352941176470589
3,4,23,0.520331621170044,0.5584973692893982,0.7226277372262774,0.7352941176470589
3,4,24,0.5099713206291199,0.5558680295944214,0.7226277372262774,0.7352941176470589
3,4,25,0.4965391457080841,0.5529170632362366,0.7226277372262774,0.7352941176470589
3,4,26,0.4849447011947632,0.5537060499191284,0.7226277372262774,0.7352941176470589
3,4,27,0.4764985740184784,0.556820273399353,0.7226277372262774,0.7352941176470589
3,4,28,0.46150773763656616,0.5520241856575012,0.7226277372262774,0.7352941176470589
3,4,29,0.4454808235168457,0.5431369543075562,0.7226277372262774,0.7352941176470589
3,4,30,0.4322824478149414,0.5411148071289062,0.7226277372262774,0.7352941176470589
3,4,31,0.42160987854003906,0.5433835387229919,0.7226277372262774,0.7352941176470589
3,4,32,0.4085978865623474,0.5465196371078491,0.7226277372262774,0.7352941176470589
3,4,33,0.3955128490924835,0.5429786443710327,0.7226277372262774,0.7352941176470589
3,4,34,0.3850730359554291,0.5341846942901611,0.7226277372262774,0.7352941176470589
3,4,35,0.374166876077652,0.5430208444595337,0.7591240875912408,0.7352941176470589
3,4,36,0.36320358514785767,0.5379113554954529,0.8686131386861314,0.7352941176470589
3,4,37,0.35381248593330383,0.5335403680801392,0.8832116788321168,0.7647058823529411
3,4,38,0.34469959139823914,0.5404749512672424,0.8832116788321168,0.7647058823529411
3,4,39,0.3335571587085724,0.5180435180664062,0.9051094890510949,0.7058823529411765
3,4,40,0.32184505462646484,0.5301139950752258,0.9124087591240876,0.7058823529411765
3,4,41,0.30981841683387756,0.5189652442932129,0.9051094890510949,0.6764705882352942
3,4,42,0.2984375059604645,0.5263028740882874,0.9124087591240876,0.6764705882352942
3,4,43,0.2855171263217926,0.5058540105819702,0.9197080291970803,0.6764705882352942
3,4,44,0.2718314826488495,0.5316798686981201,0.9197080291970803,0.6764705882352942
3,4,45,0.2581401467323303,0.5275610685348511,0.9197080291970803,0.6764705882352942
3,4,46,0.2471160888671875,0.5038713216781616,0.9416058394160584,0.6176470588235294
3,4,47,0.246552512049675,0.6136409640312195,0.9197080291970803,0.7352941176470589
3,4,48,0.24128912389278412,0.47021645307540894,0.948905109489051,0.6470588235294118
3,4,49,0.21830417215824127,0.6172016263008118,0.927007299270073,0.7058823529411765
3,4,50,0.19668403267860413,0.6029496192932129,0.948905109489051,0.6764705882352942
3,4,51,0.19024606049060822,0.5255034565925598,0.9708029197080292,0.6176470588235294
3,4,52,0.17772749066352844,0.6398573517799377,0.9562043795620438,0.7058823529411765
3,4,53,0.15936391055583954,0.5988062620162964,0.9708029197080292,0.6470588235294118
3,4,54,0.1498931646347046,0.5876266360282898,0.9708029197080292,0.6176470588235294
3,4,55,0.14969144761562347,0.725455641746521,0.9708029197080292,0.6764705882352942
3,4,56,0.13951586186885834,0.576667070388794,0.9927007299270073,0.6470588235294118
3,4,57,0.12188680469989777,0.7438893914222717,0.9781021897810219,0.6764705882352942
3,4,58,0.1049187108874321,0.6961808800697327,0.9854014598540146,0.7058823529411765
3,4,59,0.09798667579889297,0.6766514778137207,0.9854014598540146,0.6470588235294118
3,4,60,0.10187122225761414,0.8472555875778198,0.9854014598540146,0.7058823529411765
3,4,61,0.09930652379989624,0.6371763348579407,0.9927007299270073,0.6764705882352942
3,4,62,0.07559382915496826,0.8013603091239929,0.9927007299270073,0.7058823529411765
3,4,63,0.0747867226600647,0.8720442056655884,0.9927007299270073,0.7352941176470589
3,4,64,0.06999294459819794,0.7004694938659668,0.9927007299270073,0.6470588235294118
3,4,65,0.05509123578667641,0.8268710970878601,0.9927007299270073,0.7058823529411765
3,4,66,0.05385744199156761,0.9104114174842834,0.9927007299270073,0.7352941176470589
3,4,67,0.04924587532877922,0.7647116184234619,1.0,0.6470588235294118
3,4,68,0.04033875837922096,0.8578733801841736,1.0,0.7058823529411765
3,4,69,0.03876986727118492,0.9300703406333923,1.0,0.7058823529411765
3,4,70,0.034002870321273804,0.8428977727890015,1.0,0.6470588235294118
3,4,71,0.029795674607157707,0.9328588247299194,1.0,0.7058823529411765
3,4,72,0.026680530980229378,0.9469752907752991,1.0,0.6764705882352942
3,4,73,0.02459789253771305,0.912376344203949,1.0,0.6764705882352942
3,4,74,0.021674685180187225,0.9851632118225098,1.0,0.6764705882352942
3,4,75,0.019844014197587967,1.0208826065063477,1.0,0.6764705882352942
3,4,76,0.017583128064870834,1.0341073274612427,1.0,0.6764705882352942
3,4,77,0.0159236378967762,0.9951063990592957,1.0,0.6764705882352942
3,4,78,0.014250708743929863,1.091132402420044,1.0,0.6764705882352942
3,4,79,0.013367908075451851,1.1188822984695435,1.0,0.6764705882352942
3,4,80,0.012506362982094288,1.0254743099212646,1.0,0.6764705882352942
3,4,81,0.010789581574499607,1.0967297554016113,1.0,0.6764705882352942
3,4,82,0.011975174769759178,1.2289761304855347,1.0,0.7352941176470589
3,4,83,0.00936068408191204,1.070724368095398,1.0,0.6764705882352942
3,4,84,0.008343001827597618,1.093878984451294,1.0,0.6764705882352942
3,4,85,0.01059778779745102,1.338663101196289,1.0,0.7352941176470589
3,4,86,0.006866364739835262,1.2249269485473633,1.0,0.6764705882352942
3,4,87,0.007556351367384195,1.0938489437103271,1.0,0.6764705882352942
3,4,88,0.007795617450028658,1.0849963426589966,1.0,0.6764705882352942
3,4,89,0.006994345691055059,1.352081537246704,1.0,0.7352941176470589
3,4,90,0.007922844029963017,1.4293814897537231,1.0,0.7352941176470589
3,4,91,0.004917973652482033,1.1791054010391235,1.0,0.6764705882352942
3,4,92,0.01084841787815094,1.057647705078125,1.0,0.6764705882352942
3,4,93,0.004192627966403961,1.2870104312896729,1.0,0.6764705882352942
3,4,94,0.012854330241680145,1.647447943687439,1.0,0.7352941176470589
3,4,95,0.004442192614078522,1.427247166633606,1.0,0.7058823529411765
3,4,96,0.00430006068199873,1.1857444047927856,1.0,0.6764705882352942
3,4,97,0.008722003549337387,1.1016777753829956,1.0,0.6764705882352942
3,4,98,0.0031130805145949125,1.3832101821899414,1.0,0.6764705882352942
3,4,99,0.011281704530119896,1.747680425643921,1.0,0.7352941176470589
3,4,100,0.003580525517463684,1.5090053081512451,1.0,0.7058823529411765
3,5,1,0.5993338227272034,0.5909535884857178,0.7226277372262774,0.7352941176470589
3,5,2,0.6845104694366455,0.6603803038597107,0.7226277372262774,0.7352941176470589
3,5,3,0.5954741835594177,0.5813710689544678,0.7226277372262774,0.7352941176470589
3,5,4,0.5996898412704468,0.5926825404167175,0.7226277372262774,0.7352941176470589
3,5,5,0.6178905963897705,0.6133119463920593,0.7226277372262774,0.7352941176470589
3,5,6,0.6193998456001282,0.6152748465538025,0.7226277372262774,0.7352941176470589
3,5,7,0.6108317375183105,0.6064775586128235,0.7226277372262774,0.7352941176470589
3,5,8,0.5975871682167053,0.5925564169883728,0.7226277372262774,0.7352941176470589
3,5,9,0.5853996276855469,0.5792976021766663,0.7226277372262774,0.7352941176470589
3,5,10,0.5818082094192505,0.5745677947998047,0.7226277372262774,0.7352941176470589
3,5,11,0.5882543921470642,0.5805262327194214,0.7226277372262774,0.7352941176470589
3,5,12,0.5910452604293823,0.584267795085907,0.7226277372262774,0.7352941176470589
3,5,13,0.5839632153511047,0.579258143901825,0.7226277372262774,0.7352941176470589
3,5,14,0.5745251178741455,0.5721880793571472,0.7226277372262774,0.7352941176470589
3,5,15,0.5706507563591003,0.5705186724662781,0.7226277372262774,0.7352941176470589
3,5,16,0.5713779330253601,0.5730513334274292,0.7226277372262774,0.7352941176470589
3,5,17,0.5714753866195679,0.5748876929283142,0.7226277372262774,0.7352941176470589
3,5,18,0.5676408410072327,0.5729708671569824,0.7226277372262774,0.7352941176470589
3,5,19,0.5606123805046082,0.5680854916572571,0.7226277372262774,0.7352941176470589
3,5,20,0.553481936454773,0.5634390115737915,0.7226277372262774,0.7352941176470589
3,5,21,0.5486397743225098,0.5615986585617065,0.7226277372262774,0.7352941176470589
3,5,22,0.5451447367668152,0.5617242455482483,0.7226277372262774,0.7352941176470589
3,5,23,0.5390372276306152,0.5595351457595825,0.7226277372262774,0.7352941176470589
3,5,24,0.5297715663909912,0.5538100004196167,0.7226277372262774,0.7352941176470589
3,5,25,0.5205844044685364,0.5478214025497437,0.7226277372262774,0.7352941176470589
3,5,26,0.5116759538650513,0.5429056882858276,0.7226277372262774,0.7352941176470589
3,5,27,0.5000839829444885,0.5374276041984558,0.7226277372262774,0.7352941176470589
3,5,28,0.48726794123649597,0.5337290167808533,0.7226277372262774,0.7352941176470589
3,5,29,0.47666534781455994,0.5315771698951721,0.7226277372262774,0.7352941176470589
3,5,30,0.46447616815567017,0.5264840126037598,0.7226277372262774,0.7352941176470589
3,5,31,0.4502679109573364,0.5163943767547607,0.7226277372262774,0.7352941176470589
3,5,32,0.4376884400844574,0.5091199278831482,0.7226277372262774,0.7352941176470589
3,5,33,0.4246758222579956,0.5098588466644287,0.7226277372262774,0.7352941176470589
3,5,34,0.4123520851135254,0.5098109245300293,0.7226277372262774,0.7352941176470589
3,5,35,0.3980408310890198,0.49869441986083984,0.7226277372262774,0.7352941176470589
3,5,36,0.3874843716621399,0.4936511218547821,0.7226277372262774,0.7352941176470589
3,5,37,0.37597817182540894,0.49781301617622375,0.7226277372262774,0.7352941176470589
3,5,38,0.3643459975719452,0.5005165934562683,0.7226277372262774,0.7352941176470589
3,5,39,0.3528831899166107,0.4872862994670868,0.7664233576642335,0.7352941176470589
3,5,40,0.3434138596057892,0.495225191116333,0.8540145985401459,0.7352941176470589
3,5,41,0.33409708738327026,0.49929314851760864,0.8686131386861314,0.7647058823529411
3,5,42,0.323818176984787,0.4866962432861328,0.9124087591240876,0.7941176470588235
3,5,43,0.31382718682289124,0.49878597259521484,0.8905109489051095,0.7647058823529411
3,5,44,0.30163681507110596,0.4896467328071594,0.9124087591240876,0.7941176470588235
3,5,45,0.2906346321105957,0.487162709236145,0.9051094890510949,0.8529411764705882
3,5,46,0.2802262008190155,0.5048980712890625,0.9124087591240876,0.7941176470588235
3,5,47,0.2668941020965576,0.4896965026855469,0.9124087591240876,0.8529411764705882
3,5,48,0.25462642312049866,0.4959585666656494,0.9197080291970803,0.8235294117647058
3,5,49,0.24215535819530487,0.5024721622467041,0.9197080291970803,0.8235294117647058
3,5,50,0.22869053483009338,0.5007124543190002,0.9416058394160584,0.8529411764705882
3,5,51,0.2153366059064865,0.5065582990646362,0.948905109489051,0.8529411764705882
3,5,52,0.20236429572105408,0.5148127675056458,0.9635036496350365,0.8235294117647058
3,5,53,0.1904868483543396,0.5099226236343384,0.9635036496350365,0.8235294117647058
3,5,54,0.1814231127500534,0.5572477579116821,0.948905109489051,0.7941176470588235
3,5,55,0.17600762844085693,0.5104913711547852,0.9854014598540146,0.7941176470588235
3,5,56,0.20723596215248108,0.6901411414146423,0.8832116788321168,0.7647058823529411
3,5,57,0.1846761256456375,0.5149372816085815,0.9781021897810219,0.7352941176470589
3,5,58,0.14490748941898346,0.5215898752212524,0.9927007299270073,0.7941176470588235
3,5,59,0.20756205916404724,0.7253073453903198,0.8686131386861314,0.7647058823529411
3,5,60,0.13369694352149963,0.5263095498085022,0.9854014598540146,0.7647058823529411
3,5,61,0.14228388667106628,0.5204557776451111,0.9781021897810219,0.7647058823529411
3,5,62,0.1401602178812027,0.6144261956214905,0.9562043795620438,0.7647058823529411
3,5,63,0.11035221815109253,0.579425036907196,1.0,0.8235294117647058
3,5,64,0.11359821259975433,0.542116105556488,0.9781021897810219,0.7647058823529411
3,5,65,0.0897926539182663,0.5663467049598694,0.9927007299270073,0.7941176470588235
3,5,66,0.10896111279726028,0.6844198703765869,0.9562043795620438,0.7647058823529411
3,5,67,0.07585949450731277,0.5836080312728882,0.9927007299270073,0.7941176470588235
3,5,68,0.08367281407117844,0.5726132988929749,0.9854014598540146,0.7647058823529411
3,5,69,0.06557749956846237,0.6278815865516663,1.0,0.8529411764705882
3,5,70,0.07548131793737411,0.7144718170166016,0.9927007299270073,0.7941176470588235
3,5,71,0.05267491191625595,0.6186215281486511,1.0,0.7647058823529411
3,5,72,0.05358336493372917,0.6166357398033142,0.9854014598540146,0.7647058823529411
3,5,73,0.04311642795801163,0.6725546717643738,1.0,0.8235294117647058
3,5,74,0.048263147473335266,0.752957284450531,1.0,0.7941176470588235
3,5,75,0.035325486212968826,0.6611929535865784,1.0,0.7647058823529411
3,5,76,0.036399174481630325,0.6603255867958069,1.0,0.7647058823529411
3,5,77,0.028507433831691742,0.7053931951522827,1.0,0.8235294117647058
3,5,78,0.028383439406752586,0.7533097267150879,1.0,0.8235294117647058
3,5,79,0.02280288189649582,0.7151705622673035,1.0,0.7941176470588235
3,5,80,0.02380925975739956,0.7069291472434998,1.0,0.7647058823529411
3,5,81,0.018756914883852005,0.7577008605003357,1.0,0.8235294117647058
3,5,82,0.018771102651953697,0.8029501438140869,1.0,0.8235294117647058
3,5,83,0.01566440425813198,0.7619332075119019,1.0,0.7647058823529411
3,5,84,0.01709175668656826,0.7540791034698486,1.0,0.7647058823529411
3,5,85,0.013007366098463535,0.8150326013565063,1.0,0.7941176470588235
3,5,86,0.014326187781989574,0.8848699927330017,1.0,0.8235294117647058
3,5,87,0.011095717549324036,0.8643907904624939,1.0,0.7941176470588235
3,5,88,0.010038930922746658,0.8280125260353088,1.0,0.7647058823529411
3,5,89,0.010447175242006779,0.8316757678985596,1.0,0.7647058823529411
3,5,90,0.008079733699560165,0.8866238594055176,1.0,0.7647058823529411
3,5,91,0.009132437407970428,0.9621914029121399,1.0,0.8235294117647058
3,5,92,0.006672477349638939,0.9206738471984863,1.0,0.7647058823529411
3,5,93,0.0076731001026928425,0.8958033323287964,1.0,0.7647058823529411
3,5,94,0.0078678447753191,0.9040778875350952,1.0,0.7647058823529411
3,5,95,0.005506401415914297,0.9474819302558899,1.0,0.7941176470588235
3,5,96,0.007521013263612986,1.045741081237793,1.0,0.8235294117647058
3,5,97,0.006864291615784168,1.0562400817871094,1.0,0.8235294117647058
3,5,98,0.004528543446213007,1.0017763376235962,1.0,0.7647058823529411
3,5,99,0.004733622074127197,0.973190426826477,1.0,0.7647058823529411
3,5,100,0.004895279183983803,0.9784032106399536,1.0,0.7647058823529411
4,1,1,0.5993489027023315,0.6078240871429443,0.7279411764705882,0.7142857142857143
4,1,2,0.6416130065917969,0.6669110059738159,0.7279411764705882,0.7142857142857143
4,1,3,0.5882654786109924,0.6058598160743713,0.7279411764705882,0.7142857142857143
4,1,4,0.5885819792747498,0.5996512770652771,0.7279411764705882,0.7142857142857143
4,1,5,0.5998328328132629,0.6086464524269104,0.7279411764705882,0.7142857142857143
4,1,6,0.5980327129364014,0.607296884059906,0.7279411764705882,0.7142857142857143
4,1,7,0.5875205993652344,0.5990211367607117,0.7279411764705882,0.7142857142857143
4,1,8,0.57680344581604,0.5919588804244995,0.7279411764705882,0.7142857142857143
4,1,9,0.5743770599365234,0.5942266583442688,0.7279411764705882,0.7142857142857143
4,1,10,0.5784639716148376,0.6021535992622375,0.7279411764705882,0.7142857142857143
4,1,11,0.5759769082069397,0.6009284853935242,0.7279411764705882,0.7142857142857143
4,1,12,0.5669637322425842,0.5906720757484436,0.7279411764705882,0.7142857142857143
4,1,13,0.5612497329711914,0.5828491449356079,0.7279411764705882,0.7142857142857143
4,1,14,0.5598087310791016,0.579826295375824,0.7279411764705882,0.7142857142857143
4,1,15,0.557659387588501,0.5775175094604492,0.7279411764705882,0.7142857142857143
4,1,16,0.5518795251846313,0.5734593272209167,0.7279411764705882,0.7142857142857143
4,1,17,0.5432729125022888,0.5684605836868286,0.7279411764705882,0.7142857142857143
4,1,18,0.5358043909072876,0.5658033490180969,0.7279411764705882,0.7142857142857143
4,1,19,0.5304683446884155,0.5652599334716797,0.7279411764705882,0.7142857142857143
4,1,20,0.5219820737838745,0.5592577457427979,0.7279411764705882,0.7142857142857143
4,1,21,0.5097782611846924,0.5463311076164246,0.7279411764705882,0.7142857142857143
4,1,22,0.4989004135131836,0.532724916934967,0.7279411764705882,0.7142857142857143
4,1,23,0.48743686079978943,0.5213326215744019,0.7279411764705882,0.7142857142857143
4,1,24,0.4700963497161865,0.5107888579368591,0.7279411764705882,0.7142857142857143
4,1,25,0.4580051600933075,0.5068902969360352,0.7279411764705882,0.7142857142857143
4,1,26,0.4439680278301239,0.4926098585128784,0.7279411764705882,0.7142857142857143
4,1,27,0.4305034577846527,0.47366607189178467,0.7279411764705882,0.7142857142857143
4,1,28,0.4165536165237427,0.46191269159317017,0.7279411764705882,0.7142857142857143
4,1,29,0.40282943844795227,0.45651015639305115,0.7279411764705882,0.7142857142857143
4,1,30,0.39035722613334656,0.4452688992023468,0.7279411764705882,0.7142857142857143
4,1,31,0.3789580166339874,0.42716893553733826,0.7279411764705882,0.7142857142857143
4,1,32,0.3688147962093353,0.42185288667678833,0.7279411764705882,0.7142857142857143
4,1,33,0.3589193820953369,0.4171750247478485,0.7279411764705882,0.7142857142857143
4,1,34,0.34868136048316956,0.404628187417984,0.7279411764705882,0.7142857142857143
4,1,35,0.33981025218963623,0.39628493785858154,0.7279411764705882,0.7142857142857143
4,1,36,0.33321091532707214,0.4053753912448883,0.8455882352941176,0.7428571428571429
4,1,37,0.32099470496177673,0.38334357738494873,0.9117647058823529,0.8285714285714286
4,1,38,0.31164130568504333,0.3779146373271942,0.9117647058823529,0.8285714285714286
4,1,39,0.3034253716468811,0.3900216221809387,0.8970588235294118,0.8285714285714286
4,1,40,0.2895428240299225,0.36707738041877747,0.9191176470588235,0.8571428571428571
4,1,41,0.27687329053878784,0.36893385648727417,0.9264705882352942,0.8285714285714286
4,1,42,0.2670716345310211,0.37622541189193726,0.9117647058823529,0.8285714285714286
4,1,43,0.25661835074424744,0.34993550181388855,0.9264705882352942,0.8285714285714286
4,1,44,0.2467968910932541,0.3833954930305481,0.9191176470588235,0.8285714285714286
4,1,45,0.23088042438030243,0.3492077887058258,0.9338235294117647,0.8
4,1,46,0.2213255614042282,0.3613266050815582,0.9411764705882353,0.8285714285714286
4,1,47,0.2105291187763214,0.3503483831882477,0.9632352941176471,0.8
4,1,48,0.20470458269119263,0.38416871428489685,0.9338235294117647,0.8285714285714286
4,1,49,0.20706608891487122,0.32039380073547363,0.9926470588235294,0.8285714285714286
4,1,50,0.23084662854671478,0.5014707446098328,0.8676470588235294,0.7714285714285715
4,1,51,0.2116428017616272,0.31533482670783997,0.9852941176470589,0.8571428571428571
4,1,52,0.17651361227035522,0.3240504860877991,0.9852941176470589,0.8
4,1,53,0.23333017528057098,0.5384802222251892,0.8602941176470589,0.7714285714285715
4,1,54,0.16548927128314972,0.3096826672554016,0.9926470588235294,0.8285714285714286
4,1,55,0.18002331256866455,0.30309218168258667,0.9926470588235294,0.8571428571428571
4,1,56,0.1591571569442749,0.37974831461906433,0.9558823529411765,0.8285714285714286
4,1,57,0.15046074986457825,0.3847695589065552,0.9558823529411765,0.8285714285714286
4,1,58,0.13549041748046875,0.29714536666870117,0.9926470588235294,0.8285714285714286
4,1,59,0.12841452658176422,0.29300346970558167,0.9926470588235294,0.8285714285714286
4,1,60,0.127235546708107,0.3782097399234772,0.9632352941176471,0.8285714285714286
4,1,61,0.1162678673863411,0.35816866159439087,0.9852941176470589,0.8285714285714286
4,1,62,0.11208505183458328,0.27288612723350525,0.9926470588235294,0.8571428571428571
4,1,63,0.10018055886030197,0.27993151545524597,0.9926470588235294,0.8285714285714286
4,1,64,0.09706989675760269,0.35264119505882263,0.9779411764705882,0.8285714285714286
4,1,65,0.08548858761787415,0.3221515119075775,1.0,0.8
4,1,66,0.07951534539461136,0.2736682891845703,1.0,0.8571428571428571
4,1,67,0.07187029719352722,0.281026154756546,1.0,0.8285714285714286
4,1,68,0.06768181920051575,0.3321467339992523,1.0,0.8
4,1,69,0.062093909829854965,0.3382973372936249,1.0,0.8
4,1,70,0.054642412811517715,0.2801879644393921,1.0,0.8285714285714286
4,1,71,0.0508473701775074,0.27094566822052,1.0,0.8285714285714286
4,1,72,0.04722544923424721,0.33656060695648193,1.0,0.8285714285714286
4,1,73,0.04134097695350647,0.32144564390182495,1.0,0.8
4,1,74,0.03714575618505478,0.2711043655872345,1.0,0.8285714285714286
4,1,75,0.032365188002586365,0.28481754660606384,1.0,0.8285714285714286
4,1,76,0.034225232899188995,0.3669673800468445,1.0,0.8
4,1,77,0.02609732747077942,0.3071686029434204,1.0,0.8285714285714286
4,1,78,0.02475276030600071,0.27032849192619324,1.0,0.8571428571428571
4,1,79,0.0222933329641819,0.27180662751197815,1.0,0.8571428571428571
4,1,80,0.02185371331870556,0.3361060917377472,1.0,0.8
4,1,81,0.020088138058781624,0.34680160880088806,1.0,0.8285714285714286
4,1,82,0.01703355461359024,0.26271671056747437,1.0,0.8571428571428571
4,1,83,0.014036455191671848,0.2814013361930847,1.0,0.8285714285714286
4,1,84,0.013231215067207813,0.3112669885158539,1.0,0.8
4,1,85,0.012214436195790768,0.3157900273799896,1.0,0.8
4,1,86,0.01054107490926981,0.2897130846977234,1.0,0.8285714285714286
4,1,87,0.00997816864401102,0.27052560448646545,1.0,0.8571428571428571
4,1,88,0.008922647684812546,0.30289649963378906,1.0,0.8285714285714286
4,1,89,0.008510518819093704,0.31580570340156555,1.0,0.8
4,1,90,0.007548845838755369,0.3086470365524292,1.0,0.8
4,1,91,0.006968275643885136,0.27225470542907715,1.0,0.8571428571428571
4,1,92,0.006508439779281616,0.2719169855117798,1.0,0.8571428571428571
4,1,93,0.005795400124043226,0.30661484599113464,1.0,0.8285714285714286
4,1,94,0.007394818589091301,0.3684009611606598,1.0,0.8285714285714286
4,1,95,0.007075657602399588,0.3739365041255951,1.0,0.8285714285714286
4,1,96,0.0049470276571810246,0.27323734760284424,1.0,0.8571428571428571
4,1,97,0.011538442224264145,0.28206801414489746,1.0,0.9428571428571428
4,1,98,0.004621369764208794,0.3389434218406677,1.0,0.8
4,1,99,0.014402002096176147,0.5213457942008972,1.0,0.8
4,1,100,0.00433511845767498,0.2761261761188507,1.0,0.8571428571428571
4,2,1,0.5948387980461121,0.5851320624351501,0.7226277372262774,0.7352941176470589
4,2,2,0.688084065914154,0.6631806492805481,0.7226277372262774,0.7352941176470589
4,2,3,0.5929770469665527,0.5794327855110168,0.7226277372262774,0.7352941176470589
4,2,4,0.5994563102722168,0.5928220152854919,0.7226277372262774,0.7352941176470589
4,2,5,0.6160874962806702,0.6117997169494629,0.7226277372262774,0.7352941176470589
4,2,6,0.6177027821540833,0.6139802932739258,0.7226277372262774,0.7352941176470589
4,2,7,0.608810544013977,0.604998767375946,0.7226277372262774,0.7352941176470589
4,2,8,0.595283031463623,0.5909110903739929,0.7226277372262774,0.7352941176470589
4,2,9,0.583590567111969,0.5783254504203796,0.7226277372262774,0.7352941176470589
4,2,10,0.5807000398635864,0.5744640231132507,0.7226277372262774,0.7352941176470589
4,2,11,0.5866301655769348,0.5801445245742798,0.7226277372262774,0.7352941176470589
4,2,12,0.5871782302856445,0.5821413993835449,0.7226277372262774,0.7352941176470589
4,2,13,0.5793302059173584,0.5769073367118835,0.7226277372262774,0.7352941176470589
4,2,14,0.5710264444351196,0.5715665221214294,0.7226277372262774,0.7352941176470589
4,2,15,0.5674823522567749,0.570911169052124,0.7226277372262774,0.7352941176470589
4,2,16,0.5670067667961121,0.5731794834136963,0.7226277372262774,0.7352941176470589
4,2,17,0.5647639632225037,0.573827862739563,0.7226277372262774,0.7352941176470589
4,2,18,0.5591247081756592,0.5711822509765625,0.7226277372262774,0.7352941176470589
4,2,19,0.5509632229804993,0.5663628578186035,0.7226277372262774,0.7352941176470589
4,2,20,0.5436143279075623,0.5628438591957092,0.7226277372262774,0.7352941176470589
4,2,21,0.5383532643318176,0.5623365044593811,0.7226277372262774,0.7352941176470589
4,2,22,0.5315336585044861,0.5615319609642029,0.7226277372262774,0.7352941176470589
4,2,23,0.5200987458229065,0.5571348071098328,0.7226277372262774,0.7352941176470589
4,2,24,0.506777822971344,0.551349401473999,0.7226277372262774,0.7352941176470589
4,2,25,0.49519404768943787,0.5476893186569214,0.7226277372262774,0.7352941176470589
4,2,26,0.4795084595680237,0.5432979464530945,0.7226277372262774,0.7352941176470589
4,2,27,0.4648799002170563,0.5423445701599121,0.7226277372262774,0.7352941176470589
4,2,28,0.4529446065425873,0.5435789823532104,0.7226277372262774,0.7352941176470589
4,2,29,0.43583443760871887,0.5365005731582642,0.7226277372262774,0.7352941176470589
4,2,30,0.4215964376926422,0.5296367406845093,0.7226277372262774,0.7352941176470589
4,2,31,0.40593668818473816,0.5296859741210938,0.7226277372262774,0.7352941176470589
4,2,32,0.39364245533943176,0.5375357866287231,0.7226277372262774,0.7352941176470589
4,2,33,0.37794873118400574,0.5286025404930115,0.7226277372262774,0.7352941176470589
4,2,34,0.3671877086162567,0.5236051082611084,0.7226277372262774,0.7352941176470589
4,2,35,0.35755929350852966,0.5305059552192688,0.7226277372262774,0.7352941176470589
4,2,36,0.34584617614746094,0.5230196118354797,0.7226277372262774,0.7352941176470589
4,2,37,0.3363272249698639,0.5216146111488342,0.7226277372262774,0.7352941176470589
4,2,38,0.3262978792190552,0.5139150023460388,0.8978102189781022,0.7352941176470589
4,2,39,0.31650665402412415,0.5147709250450134,0.9124087591240876,0.7352941176470589
4,2,40,0.3062269389629364,0.49901413917541504,0.9197080291970803,0.7352941176470589
4,2,41,0.29631420969963074,0.4892450273036957,0.9343065693430657,0.7352941176470589
4,2,42,0.28924891352653503,0.5113544464111328,0.9124087591240876,0.7352941176470589
4,2,43,0.27663975954055786,0.46597564220428467,0.9343065693430657,0.8235294117647058
4,2,44,0.25917181372642517,0.4742244780063629,0.9416058394160584,0.7647058823529411
4,2,45,0.2532851994037628,0.5034308433532715,0.9197080291970803,0.7352941176470589
4,2,46,0.23808804154396057,0.44612371921539307,0.9416058394160584,0.8235294117647058
4,2,47,0.22046540677547455,0.45409420132637024,0.9416058394160584,0.7941176470588235
4,2,48,0.21896016597747803,0.5104225277900696,0.9416058394160584,0.7647058823529411
4,2,49,0.20383603870868683,0.4297845959663391,0.9781021897810219,0.7941176470588235
4,2,50,0.18641287088394165,0.4672479033470154,0.9562043795620438,0.7941176470588235
4,2,51,0.17572076618671417,0.4891839921474457,0.9562043795620438,0.7647058823529411
4,2,52,0.16379788517951965,0.4297091066837311,0.9781021897810219,0.7941176470588235
4,2,53,0.15190614759922028,0.47927170991897583,0.9708029197080292,0.7647058823529411
4,2,54,0.14296598732471466,0.5034006834030151,0.9708029197080292,0.7647058823529411
4,2,55,0.13478757441043854,0.42894574999809265,0.9854014598540146,0.7941176470588235
4,2,56,0.12237159162759781,0.5143172144889832,0.9781021897810219,0.7352941176470589
4,2,57,0.10920946300029755,0.47887349128723145,1.0,0.7647058823529411
4,2,58,0.10127166658639908,0.4729108214378357,1.0,0.7941176470588235
4,2,59,0.09490589797496796,0.5258488059043884,1.0,0.7352941176470589
4,2,60,0.08653301000595093,0.46264389157295227,0.9927007299270073,0.7941176470588235
4,2,61,0.07662586867809296,0.5414865016937256,1.0,0.7352941176470589
4,2,62,0.0679045021533966,0.5308780074119568,1.0,0.7647058823529411
4,2,63,0.062367960810661316,0.49745818972587585,1.0,0.7647058823529411
4,2,64,0.05702526122331619,0.5952277779579163,1.0,0.7647058823529411
4,2,65,0.049023449420928955,0.5186523795127869,1.0,0.7647058823529411
4,2,66,0.04259596765041351,0.5727936029434204,1.0,0.7647058823529411
4,2,67,0.039491791278123856,0.6116124987602234,1.0,0.7647058823529411
4,2,68,0.03660805895924568,0.5205221772193909,1.0,0.7941176470588235
4,2,69,0.0330517403781414,0.6561269164085388,1.0,0.7941176470588235
4,2,70,0.025648662820458412,0.5888465642929077,1.0,0.7647058823529411
4,2,71,0.02584923431277275,0.5474641919136047,1.0,0.7941176470588235
4,2,72,0.022078147158026695,0.6615078449249268,1.0,0.7647058823529411
4,2,73,0.02075023762881756,0.6958396434783936,1.0,0.7647058823529411
4,2,74,0.01642659865319729,0.6068122982978821,1.0,0.7941176470588235
4,2,75,0.014171198941767216,0.6253832578659058,1.0,0.7941176470588235
4,2,76,0.016170021146535873,0.7832067012786865,1.0,0.7647058823529411
4,2,77,0.010640725493431091,0.6625330448150635,1.0,0.7941176470588235
4,2,78,0.010883542709052563,0.6442378759384155,1.0,0.8235294117647058
4,2,79,0.00918528065085411,0.7473698258399963,1.0,0.7647058823529411
4,2,80,0.010267838835716248,0.8118175268173218,1.0,0.7647058823529411
4,2,81,0.0068321689032018185,0.7337197065353394,1.0,0.7941176470588235
4,2,82,0.006883132737129927,0.6990450620651245,1.0,0.8235294117647058
4,2,83,0.005434696562588215,0.7517073750495911,1.0,0.7941176470588235
4,2,84,0.005369586404412985,0.8146650791168213,1.0,0.7941176470588235
4,2,85,0.004917053505778313,0.832487165927887,1.0,0.7941176470588235
4,2,86,0.004126414656639099,0.7680375576019287,1.0,0.8235294117647058
4,2,87,0.004586335271596909,0.7505272030830383,1.0,0.8235294117647058
4,2,88,0.0034280093386769295,0.8253592252731323,1.0,0.7941176470588235
4,2,89,0.00481482082977891,0.9233179688453674,1.0,0.7941176470588235
4,2,90,0.0030401397962123156,0.7940660119056702,1.0,0.8235294117647058
4,2,91,0.0035115096252411604,0.7741396427154541,1.0,0.7647058823529411
4,2,92,0.002846736926585436,0.7926430702209473,1.0,0.8235294117647058
4,2,93,0.0034271362237632275,0.9376806020736694,1.0,0.7941176470588235
4,2,94,0.004948056768625975,1.0220046043395996,1.0,0.7647058823529411
4,2,95,0.0021207246463745832,0.9003767967224121,1.0,0.7941176470588235
4,2,96,0.0026202136650681496,0.8100895285606384,1.0,0.7647058823529411
4,2,97,0.002885878086090088,0.8086357116699219,1.0,0.7647058823529411
4,2,98,0.001742994412779808,0.8532316088676453,1.0,0.8235294117647058
4,2,99,0.0019447150407359004,0.9521282315254211,1.0,0.7941176470588235
4,2,100,0.002387790707871318,1.0108368396759033,1.0,0.7941176470588235
4,3,1,0.5972262024879456,0.5883193612098694,0.7226277372262774,0.7352941176470589
4,3,2,0.6670174598693848,0.6453583240509033,0.7226277372262774,0.7352941176470589
4,3,3,0.5925850868225098,0.5797421336174011,0.7226277372262774,0.7352941176470589
4,3,4,0.5963335037231445,0.5892930626869202,0.7226277372262774,0.7352941176470589
4,3,5,0.610207736492157,0.605238139629364,0.7226277372262774,0.7352941176470589
4,3,6,0.6102553009986877,0.6057665348052979,0.7226277372262774,0.7352941176470589
4,3,7,0.6016719937324524,0.5971152782440186,0.7226277372262774,0.7352941176470589
4,3,8,0.5895296335220337,0.5846415162086487,0.7226277372262774,0.7352941176470589
4,3,9,0.5801123976707458,0.5748818516731262,0.7226277372262774,0.7352941176470589
4,3,10,0.5798130631446838,0.5748124718666077,0.7226277372262774,0.7352941176470589
4,3,11,0.5847841501235962,0.5810637474060059,0.7226277372262774,0.7352941176470589
4,3,12,0.5828657746315002,0.5812889337539673,0.7226277372262774,0.7352941176470589
4,3,13,0.5737541317939758,0.574458658695221,0.7226277372262774,0.7352941176470589
4,3,14,0.5665940046310425,0.5689400434494019,0.7226277372262774,0.7352941176470589
4,3,15,0.5646827816963196,0.5684746503829956,0.7226277372262774,0.7352941176470589
4,3,16,0.5638100504875183,0.5693069696426392,0.7226277372262774,0.7352941176470589
4,3,17,0.560161292552948,0.5680814981460571,0.7226277372262774,0.7352941176470589
4,3,18,0.5527060031890869,0.5642032027244568,0.7226277372262774,0.7352941176470589
4,3,19,0.5439672470092773,0.5602689385414124,0.7226277372262774,0.7352941176470589
4,3,20,0.5373722314834595,0.5598207116127014,0.7226277372262774,0.7352941176470589
4,3,21,0.532105028629303,0.5615548491477966,0.7226277372262774,0.7352941176470589
4,3,22,0.5226430296897888,0.5578783750534058,0.7226277372262774,0.7352941176470589
4,3,23,0.5106780529022217,0.5486261248588562,0.7226277372262774,0.7352941176470589
4,3,24,0.5003719329833984,0.5399098992347717,0.7226277372262774,0.7352941176470589
4,3,25,0.4879458248615265,0.5334743857383728,0.7226277372262774,0.7352941176470589
4,3,26,0.4713500142097473,0.5332211852073669,0.7226277372262774,0.7352941176470589
4,3,27,0.45842888951301575,0.5388408303260803,0.7226277372262774,0.7352941176470589
4,3,28,0.4458106458187103,0.5361009240150452,0.7226277372262774,0.7352941176470589
4,3,29,0.4314264953136444,0.5190106630325317,0.7226277372262774,0.7352941176470589
4,3,30,0.41539686918258667,0.5117179751396179,0.7226277372262774,0.7352941176470589
4,3,31,0.40029633045196533,0.5268194675445557,0.7226277372262774,0.7352941176470589
4,3,32,0.3879159390926361,0.5359832048416138,0.7226277372262774,0.7352941176470589
4,3,33,0.3726746737957001,0.518027126789093,0.7226277372262774,0.7352941176470589
4,3,34,0.36154666543006897,0.511394739151001,0.7226277372262774,0.7352941176470589
4,3,35,0.352151095867157,0.5464832186698914,0.7226277372262774,0.7352941176470589
4,3,36,0.3390904366970062,0.5259555578231812,0.7226277372262774,0.7352941176470589
4,3,37,0.3295241594314575,0.5185723900794983,0.7226277372262774,0.7352941176470589
4,3,38,0.32129111886024475,0.557159960269928,0.7226277372262774,0.7352941176470589
4,3,39,0.31010210514068604,0.5435453057289124,0.8905109489051095,0.7647058823529411
4,3,40,0.3010796308517456,0.5231159329414368,0.9197080291970803,0.7647058823529411
4,3,41,0.2922486960887909,0.5812801122665405,0.8978102189781022,0.7647058823529411
4,3,42,0.28114330768585205,0.5343204140663147,0.927007299270073,0.7647058823529411
4,3,43,0.27145257592201233,0.5886250138282776,0.9197080291970803,0.7647058823529411
4,3,44,0.26014235615730286,0.5961741805076599,0.927007299270073,0.7647058823529411
4,3,45,0.24936291575431824,0.549318253993988,0.948905109489051,0.7647058823529411
4,3,46,0.2396085411310196,0.6291494965553284,0.927007299270073,0.7647058823529411
4,3,47,0.22783304750919342,0.5751912593841553,0.9562043795620438,0.7647058823529411
4,3,48,0.22331875562667847,0.671095609664917,0.9416058394160584,0.7647058823529411
4,3,49,0.214936301112175,0.5566788911819458,0.9854014598540146,0.7352941176470589
4,3,50,0.20896528661251068,0.7243066430091858,0.9416058394160584,0.7647058823529411
4,3,51,0.19150587916374207,0.6164960861206055,0.9854014598540146,0.7352941176470589
4,3,52,0.18278297781944275,0.6641661524772644,0.9854014598540146,0.7352941176470589
4,3,53,0.17775924503803253,0.7303526401519775,0.9708029197080292,0.7352941176470589
4,3,54,0.17227953672409058,0.6068680286407471,0.9927007299270073,0.7647058823529411
4,3,55,0.16204074025154114,0.773983895778656,0.9708029197080292,0.7352941176470589
4,3,56,0.1486767679452896,0.6889886260032654,0.9854014598540146,0.7352941176470589
4,3,57,0.1400526911020279,0.7385773658752441,0.9854014598540146,0.7352941176470589
4,3,58,0.13415536284446716,0.7901656031608582,0.9854014598540146,0.7352941176470589
4,3,59,0.12592819333076477,0.7172436118125916,0.9927007299270073,0.7352941176470589
4,3,60,0.11846581101417542,0.8323848843574524,0.9854014598540146,0.7352941176470589
4,3,61,0.1079493910074234,0.801824688911438,0.9854014598540146,0.7352941176470589
4,3,62,0.10072605311870575,0.7948011159896851,1.0,0.7352941176470589
4,3,63,0.09507757425308228,0.8731294274330139,0.9927007299270073,0.7352941176470589
4,3,64,0.08849082887172699,0.7864280343055725,1.0,0.7352941176470589
4,3,65,0.08220142126083374,0.9283707737922668,0.9927007299270073,0.7647058823529411
4,3,66,0.07676815986633301,0.7942662835121155,1.0,0.7941176470588235
4,3,67,0.07054910808801651,0.9787002801895142,0.9927007299270073,0.7647058823529411
4,3,68,0.06289520859718323,0.8294368386268616,1.0,0.8235294117647058
4,3,69,0.0539487786591053,0.9499924778938293,1.0,0.7352941176470589
4,3,70,0.047572266310453415,0.9581774473190308,1.0,0.7352941176470589
4,3,71,0.0470263846218586,0.8609215617179871,1.0,0.7941176470588235
4,3,72,0.038262203335762024,0.9498799443244934,1.0,0.7647058823529411
4,3,73,0.04527173563838005,1.120411992073059,1.0,0.7647058823529411
4,3,74,0.03808251768350601,0.8704659342765808,1.0,0.7941176470588235
4,3,75,0.02697627618908882,0.9849910736083984,1.0,0.7647058823529411
4,3,76,0.03928731381893158,1.2251102924346924,1.0,0.7647058823529411
4,3,77,0.021475868299603462,0.992264449596405,1.0,0.7647058823529411
4,3,78,0.02841196395456791,0.9028477668762207,1.0,0.7941176470588235
4,3,79,0.020247144624590874,1.1359542608261108,1.0,0.7352941176470589
4,3,80,0.027674995362758636,1.290644645690918,1.0,0.7647058823529411
4,3,81,0.01976294443011284,0.9726129174232483,1.0,0.7941176470588235
4,3,82,0.02006492391228676,0.9773010015487671,1.0,0.7941176470588235
4,3,83,0.018240733072161674,1.3034945726394653,1.0,0.7352941176470589
4,3,84,0.023640913888812065,1.4068959951400757,1.0,0.7647058823529411
4,3,85,0.01387773547321558,1.054520606994629,1.0,0.7941176470588235
4,3,86,0.011297772638499737,1.0915887355804443,1.0,0.7647058823529411
4,3,87,0.007869672030210495,1.2378182411193848,1.0,0.7647058823529411
4,3,88,0.007388200145214796,1.268336534500122,1.0,0.7647058823529411
4,3,89,0.006547225639224052,1.2670162916183472,1.0,0.7647058823529411
4,3,90,0.005857508629560471,1.2735434770584106,1.0,0.7647058823529411
4,3,91,0.0053156642243266106,1.2878702878952026,1.0,0.7647058823529411
4,3,92,0.004937933292239904,1.3376978635787964,1.0,0.7647058823529411
4,3,93,0.004847661592066288,1.3908880949020386,1.0,0.7647058823529411
4,3,94,0.004431175068020821,1.416634440422058,1.0,0.7647058823529411
4,3,95,0.0037186485715210438,1.4094243049621582,1.0,0.7647058823529411
4,3,96,0.0033610702957957983,1.3867290019989014,1.0,0.7647058823529411
4,3,97,0.0034733915235847235,1.3621232509613037,1.0,0.7647058823529411
4,3,98,0.0032941324170678854,1.3778233528137207,1.0,0.7647058823529411
4,3,99,0.0027291448786854744,1.4292231798171997,1.0,0.7647058823529411
4,3,100,0.002465683501213789,1.5514767169952393,1.0,0.7647058823529411
4,4,1,0.5997644662857056,0.5914022922515869,0.7226277372262774,0.7352941176470589
4,4,2,0.6821226477622986,0.6574599146842957,0.7226277372262774,0.7352941176470589
4,4,3,0.5949851274490356,0.5807638168334961,0.7226277372262774,0.7352941176470589
4,4,4,0.5971786379814148,0.5902239084243774,0.7226277372262774,0.7352941176470589
4,4,5,0.6133137345314026,0.608957827091217,0.7226277372262774,0.7352941176470589
4,4,6,0.6128230094909668,0.6091387271881104,0.7226277372262774,0.7352941176470589
4,4,7,0.6014468669891357,0.5975251793861389,0.7226277372262774,0.7352941176470589
4,4,8,0.5870991349220276,0.5823118090629578,0.7226277372262774,0.7352941176470589
4,4,9,0.579373300075531,0.5733498930931091,0.7226277372262774,0.7352941176470589
4,4,10,0.5842090249061584,0.5771054625511169,0.7226277372262774,0.7352941176470589
4,4,11,0.5894131660461426,0.5828593969345093,0.7226277372262774,0.7352941176470589
4,4,12,0.5817899107933044,0.5776930451393127,0.7226277372262774,0.7352941176470589
4,4,13,0.5709543228149414,0.570126473903656,0.7226277372262774,0.7352941176470589
4,4,14,0.5659472942352295,0.5683417916297913,0.7226277372262774,0.7352941176470589
4,4,15,0.5658615231513977,0.571013331413269,0.7226277372262774,0.7352941176470589
4,4,16,0.5647062659263611,0.5726326107978821,0.7226277372262774,0.7352941176470589
4,4,17,0.5590163469314575,0.5698055624961853,0.7226277372262774,0.7352941176470589
4,4,18,0.5500742197036743,0.5636302828788757,0.7226277372262774,0.7352941176470589
4,4,19,0.5422519445419312,0.5588488578796387,0.7226277372262774,0.7352941176470589
4,4,20,0.5371797680854797,0.5575188398361206,0.7226277372262774,0.7352941176470589
4,4,21,0.5309420228004456,0.5564026236534119,0.7226277372262774,0.7352941176470589
4,4,22,0.5194635391235352,0.5516100525856018,0.7226277372262774,0.7352941176470589
4,4,23,0.5080807209014893,0.5469548106193542,0.7226277372262774,0.7352941176470589
4,4,24,0.4985327124595642,0.545199453830719,0.7226277372262774,0.7352941176470589
4,4,25,0.482957661151886,0.5402933359146118,0.7226277372262774,0.7352941176470589
4,4,26,0.4662266671657562,0.5352233648300171,0.7226277372262774,0.7352941176470589
4,4,27,0.4544216990470886,0.5350924730300903,0.7226277372262774,0.7352941176470589
4,4,28,0.4396612346172333,0.5323677062988281,0.7226277372262774,0.7352941176470589
4,4,29,0.4236757755279541,0.5280076265335083,0.7226277372262774,0.7352941176470589
4,4,30,0.4082736372947693,0.527923047542572,0.7226277372262774,0.7352941176470589
4,4,31,0.3936987519264221,0.5332861542701721,0.7226277372262774,0.7352941176470589
4,4,32,0.37958666682243347,0.5383493900299072,0.7226277372262774,0.7352941176470589
4,4,33,0.3663179278373718,0.5358020663261414,0.7226277372262774,0.7352941176470589
4,4,34,0.3528028726577759,0.5436215996742249,0.7226277372262774,0.7352941176470589
4,4,35,0.3411424458026886,0.563003659248352,0.8248175182481752,0.7647058823529411
4,4,36,0.32843029499053955,0.5675612092018127,0.8613138686131386,0.7647058823529411
4,4,37,0.3197539746761322,0.5821592807769775,0.8686131386861314,0.7352941176470589
4,4,38,0.3094020485877991,0.5942171812057495,0.9124087591240876,0.7352941176470589
4,4,39,0.29943257570266724,0.5995446443557739,0.9197080291970803,0.7352941176470589
4,4,40,0.29115059971809387,0.6285591721534729,0.9124087591240876,0.7352941176470589
4,4,41,0.28011205792427063,0.6168946623802185,0.9343065693430657,0.7647058823529411
4,4,42,0.2730647623538971,0.6666600704193115,0.9197080291970803,0.7352941176470589
4,4,43,0.2598869204521179,0.6414377093315125,0.9562043795620438,0.7352941176470589
4,4,44,0.24696823954582214,0.6799761652946472,0.948905109489051,0.7647058823529411
4,4,45,0.23554326593875885,0.6857255697250366,0.948905109489051,0.7647058823529411
4,4,46,0.22427131235599518,0.6878514289855957,0.9708029197080292,0.7352941176470589
4,4,47,0.21284449100494385,0.7185020446777344,0.9635036496350365,0.7647058823529411
4,4,48,0.20186647772789001,0.708659827709198,0.9781021897810219,0.7058823529411765
4,4,49,0.19977863132953644,0.7757444977760315,0.948905109489051,0.7941176470588235
4,4,50,0.19694285094738007,0.7071977257728577,0.9635036496350365,0.6470588235294118
4,4,51,0.16903135180473328,0.7770127654075623,0.9854014598540146,0.7647058823529411
4,4,52,0.16747426986694336,0.8341725468635559,0.9635036496350365,0.7647058823529411
4,4,53,0.16953518986701965,0.7483909726142883,0.9635036496350365,0.6470588235294118
4,4,54,0.14290215075016022,0.8162269592285156,0.9927007299270073,0.7352941176470589
4,4,55,0.1406194269657135,0.8825441002845764,0.9854014598540146,0.7647058823529411
4,4,56,0.1350628137588501,0.809158205986023,0.9781021897810219,0.7058823529411765
4,4,57,0.11593451350927353,0.8718894720077515,0.9927007299270073,0.7352941176470589
4,4,58,0.11936468631029129,0.945967972278595,0.9854014598540146,0.7647058823529411
4,4,59,0.11994440853595734,0.8377717137336731,0.9708029197080292,0.6176470588235294
4,4,60,0.09485312551259995,0.9065973162651062,1.0,0.7058823529411765
4,4,61,0.10718754678964615,1.0262576341629028,0.9781021897810219,0.7647058823529411
4,4,62,0.09602763503789902,0.8928931951522827,0.9708029197080292,0.6764705882352942
4,4,63,0.08230317384004593,0.9181069731712341,0.9854014598540146,0.7058823529411765
4,4,64,0.09456545114517212,1.1107879877090454,0.9708029197080292,0.7647058823529411
4,4,65,0.06375947594642639,1.000354528427124,1.0,0.7058823529411765
4,4,66,0.06827780604362488,0.96904057264328,0.9854014598540146,0.6764705882352942
4,4,67,0.05795915052294731,1.0700874328613281,1.0,0.7058823529411765
4,4,68,0.05243103951215744,1.0973349809646606,1.0,0.7058823529411765
4,4,69,0.048100706189870834,1.0649555921554565,0.9927007299270073,0.7352941176470589
4,4,70,0.041516128927469254,1.1206021308898926,1.0,0.7352941176470589
4,4,71,0.03982153534889221,1.198386311531067,1.0,0.7058823529411765
4,4,72,0.034522540867328644,1.2006189823150635,1.0,0.7058823529411765
4,4,73,0.03138366714119911,1.2019133567810059,1.0,0.7352941176470589
4,4,74,0.029168976470828056,1.2341662645339966,1.0,0.7352941176470589
4,4,75,0.026668041944503784,1.2536847591400146,1.0,0.7352941176470589
4,4,76,0.024596618488430977,1.2937729358673096,1.0,0.7352941176470589
4,4,77,0.02207222208380699,1.3091795444488525,1.0,0.7352941176470589
4,4,78,0.02084425836801529,1.3061896562576294,1.0,0.7352941176470589
4,4,79,0.01862727850675583,1.347434163093567,1.0,0.7352941176470589
4,4,80,0.01730870082974434,1.393602967262268,1.0,0.7352941176470589
4,4,81,0.015828656032681465,1.3811378479003906,1.0,0.7352941176470589
4,4,82,0.01387989055365324,1.4184716939926147,1.0,0.7352941176470589
4,4,83,0.012868044897913933,1.467071771621704,1.0,0.7352941176470589
4,4,84,0.012387523427605629,1.4411664009094238,1.0,0.7058823529411765
4,4,85,0.011568672955036163,1.4598461389541626,1.0,0.7058823529411765
4,4,86,0.010215354152023792,1.5364990234375,1.0,0.7352941176470589
4,4,87,0.011741879396140575,1.6008347272872925,1.0,0.7058823529411765
4,4,88,0.008464823476970196,1.5534151792526245,1.0,0.7352941176470589
4,4,89,0.00882998201996088,1.5341482162475586,1.0,0.7058823529411765
4,4,90,0.007512673735618591,1.56819748878479,1.0,0.7352941176470589
4,4,91,0.007328003644943237,1.6317138671875,1.0,0.7352941176470589
4,4,92,0.007965580560266972,1.6866589784622192,1.0,0.7352941176470589
4,4,93,0.005649477709084749,1.6494532823562622,1.0,0.7352941176470589
4,4,94,0.006516024935990572,1.6293553113937378,1.0,0.6176470588235294
4,4,95,0.005011306144297123,1.6616579294204712,1.0,0.7058823529411765
4,4,96,0.004482653923332691,1.7019633054733276,1.0,0.7352941176470589
4,4,97,0.004858264233916998,1.755237102508545,1.0,0.7352941176470589
4,4,98,0.004611964337527752,1.7732268571853638,1.0,0.7352941176470589
4,4,99,0.0036518883425742388,1.7502764463424683,1.0,0.7352941176470589
4,4,100,0.0034475205466151237,1.7503917217254639,1.0,0.7352941176470589
4,5,1,0.5960918068885803,0.6114490032196045,0.7299270072992701,0.7058823529411765
4,5,2,0.6581839323043823,0.7055783271789551,0.7299270072992701,0.7058823529411765
4,5,3,0.5881394147872925,0.6196066737174988,0.7299270072992701,0.7058823529411765
4,5,4,0.5893242359161377,0.6074956059455872,0.7299270072992701,0.7058823529411765
4,5,5,0.604922890663147,0.6186626553535461,0.7299270072992701,0.7058823529411765
4,5,6,0.6058509945869446,0.6196665167808533,0.7299270072992701,0.7058823529411765
4,5,7,0.5953384041786194,0.6122251152992249,0.7299270072992701,0.7058823529411765
4,5,8,0.5809231400489807,0.6033219695091248,0.7299270072992701,0.7058823529411765
4,5,9,0.5722483396530151,0.6024562120437622,0.7299270072992701,0.7058823529411765
4,5,10,0.5762726068496704,0.614762008190155,0.7299270072992701,0.7058823529411765
4,5,11,0.5816457867622375,0.6252130270004272,0.7299270072992701,0.7058823529411765
4,5,12,0.5757169723510742,0.6194877624511719,0.7299270072992701,0.7058823529411765
4,5,13,0.5645739436149597,0.6046586036682129,0.7299270072992701,0.7058823529411765
4,5,14,0.5598582029342651,0.5955724120140076,0.7299270072992701,0.7058823529411765
4,5,15,0.5606665015220642,0.5933841466903687,0.7299270072992701,0.7058823529411765
4,5,16,0.560961127281189,0.5930072069168091,0.7299270072992701,0.7058823529411765
4,5,17,0.55621337890625,0.5905734896659851,0.7299270072992701,0.7058823529411765
4,5,18,0.547102153301239,0.5866860747337341,0.7299270072992701,0.7058823529411765
4,5,19,0.5383819937705994,0.5853738188743591,0.7299270072992701,0.7058823529411765
4,5,20,0.5340152382850647,0.5893300771713257,0.7299270072992701,0.7058823529411765
4,5,21,0.5300076007843018,0.5913277864456177,0.7299270072992701,0.7058823529411765
4,5,22,0.51959228515625,0.5822606682777405,0.7299270072992701,0.7058823529411765
4,5,23,0.5080104470252991,0.5683308839797974,0.7299270072992701,0.7058823529411765
4,5,24,0.5006499290466309,0.5576900243759155,0.7299270072992701,0.7058823529411765
4,5,25,0.4887707531452179,0.5490492582321167,0.7299270072992701,0.7058823529411765
4,5,26,0.47183772921562195,0.5429044961929321,0.7299270072992701,0.7058823529411765
4,5,27,0.4622676968574524,0.5441614389419556,0.7299270072992701,0.7058823529411765
4,5,28,0.44958823919296265,0.5334750413894653,0.7299270072992701,0.7058823529411765
4,5,29,0.4345528781414032,0.5145825147628784,0.7299270072992701,0.7058823529411765
4,5,30,0.41956380009651184,0.5016351342201233,0.7299270072992701,0.7058823529411765
4,5,31,0.4049600064754486,0.49556490778923035,0.7299270072992701,0.7058823529411765
4,5,32,0.3931148946285248,0.489331990480423,0.7299270072992701,0.7058823529411765
4,5,33,0.3776143193244934,0.47432371973991394,0.7299270072992701,0.7058823529411765
4,5,34,0.3649267256259918,0.4647289216518402,0.7299270072992701,0.7058823529411765
4,5,35,0.35338714718818665,0.4586579203605652,0.781021897810219,0.6764705882352942
4,5,36,0.3391146659851074,0.44897231459617615,0.8467153284671532,0.7647058823529411
4,5,37,0.32807424664497375,0.4425871968269348,0.8905109489051095,0.7941176470588235
4,5,38,0.31793269515037537,0.43682733178138733,0.8905109489051095,0.8235294117647058
4,5,39,0.3057700991630554,0.4325402081012726,0.9124087591240876,0.7941176470588235
4,5,40,0.29334837198257446,0.42867961525917053,0.9197080291970803,0.7647058823529411
4,5,41,0.28045275807380676,0.42529550194740295,0.9197080291970803,0.7647058823529411
4,5,42,0.26785150170326233,0.4190731942653656,0.9124087591240876,0.7941176470588235
4,5,43,0.2565207779407501,0.42901724576950073,0.9343065693430657,0.7352941176470589
4,5,44,0.24293512105941772,0.41421884298324585,0.9124087591240876,0.7941176470588235
4,5,45,0.22575953602790833,0.4133041203022003,0.927007299270073,0.7941176470588235
4,5,46,0.21480248868465424,0.4259133040904999,0.948905109489051,0.7647058823529411
4,5,47,0.20131246745586395,0.4136107265949249,0.9197080291970803,0.7941176470588235
4,5,48,0.18316981196403503,0.4182707667350769,0.9635036496350365,0.7647058823529411
4,5,49,0.17107771337032318,0.423674076795578,0.9635036496350365,0.7647058823529411
4,5,50,0.16215066611766815,0.4255087375640869,0.9562043795620438,0.7941176470588235
4,5,51,0.1522216796875,0.4581073522567749,0.9854014598540146,0.7058823529411765
4,5,52,0.14055001735687256,0.44496065378189087,0.9562043795620438,0.7941176470588235
4,5,53,0.12315375357866287,0.46005868911743164,0.9927007299270073,0.7352941176470589
4,5,54,0.11338796466588974,0.46361303329467773,0.9854014598540146,0.7352941176470589
4,5,55,0.10476204007863998,0.4720044434070587,0.9854014598540146,0.7352941176470589
4,5,56,0.09740684926509857,0.5065360069274902,0.9927007299270073,0.7058823529411765
4,5,57,0.08852290362119675,0.4927436113357544,0.9854014598540146,0.7352941176470589
4,5,58,0.0765274241566658,0.5202835202217102,0.9927007299270073,0.7058823529411765
4,5,59,0.0688369944691658,0.5212539434432983,0.9927007299270073,0.7352941176470589
4,5,60,0.061623599380254745,0.5339251160621643,0.9927007299270073,0.7352941176470589
4,5,61,0.0575219988822937,0.5830293297767639,0.9927007299270073,0.7058823529411765
4,5,62,0.06380335241556168,0.5585038661956787,0.9854014598540146,0.7647058823529411
4,5,63,0.05244510993361473,0.6675422787666321,0.9927007299270073,0.7058823529411765
4,5,64,0.0388706736266613,0.5783478021621704,0.9927007299270073,0.7352941176470589
4,5,65,0.03733111172914505,0.5849341154098511,0.9854014598540146,0.7352941176470589
4,5,66,0.030988721176981926,0.6544787883758545,0.9927007299270073,0.7058823529411765
4,5,67,0.027063140645623207,0.6473455429077148,0.9927007299270073,0.7058823529411765
4,5,68,0.02758125588297844,0.6070629358291626,1.0,0.7352941176470589
4,5,69,0.027682336047291756,0.7644068002700806,0.9927007299270073,0.6176470588235294
4,5,70,0.017726503312587738,0.6578956842422485,0.9927007299270073,0.7352941176470589
4,5,71,0.02033809944987297,0.6367681622505188,1.0,0.7352941176470589
4,5,72,0.01407595444470644,0.7044163942337036,0.9927007299270073,0.7352941176470589
4,5,73,0.013110044412314892,0.7252994775772095,0.9927007299270073,0.7058823529411765
4,5,74,0.011855237185955048,0.6681223511695862,1.0,0.7352941176470589
4,5,75,0.010282002389431,0.6782156825065613,1.0,0.7647058823529411
4,5,76,0.008227991871535778,0.7390531301498413,1.0,0.7352941176470589
4,5,77,0.007969290018081665,0.790619432926178,1.0,0.7058823529411765
4,5,78,0.00622309185564518,0.7573104500770569,1.0,0.7352941176470589
4,5,79,0.005755308549851179,0.7440948486328125,1.0,0.7352941176470589
4,5,80,0.004880414344370365,0.7643949389457703,1.0,0.7352941176470589
4,5,81,0.004334128461778164,0.8192014098167419,1.0,0.7352941176470589
4,5,82,0.003670068457722664,0.7954800128936768,1.0,0.7352941176470589
4,5,83,0.0034891879186034203,0.7958418130874634,1.0,0.7352941176470589
4,5,84,0.002961806021630764,0.8328832387924194,1.0,0.7352941176470589
4,5,85,0.0029781388584524393,0.812517523765564,1.0,0.7352941176470589
4,5,86,0.002843426074832678,0.8179993033409119,1.0,0.7352941176470589
4,5,87,0.0022137018386274576,0.8778215646743774,1.0,0.7352941176470589
4,5,88,0.0022974032908678055,0.9365190863609314,1.0,0.7352941176470589
4,5,89,0.001942938077263534,0.9273776412010193,1.0,0.7352941176470589
4,5,90,0.0016439814353361726,0.9074240326881409,1.0,0.7352941176470589
4,5,91,0.001495378091931343,0.8947921395301819,1.0,0.7352941176470589
4,5,92,0.001363470102660358,0.9192318916320801,1.0,0.7352941176470589
4,5,93,0.001254729344509542,0.9291102290153503,1.0,0.7352941176470589
4,5,94,0.0011763270013034344,0.9486115574836731,1.0,0.7352941176470589
4,5,95,0.001106969197280705,0.9644627571105957,1.0,0.7352941176470589
4,5,96,0.0010133357718586922,0.9679309725761414,1.0,0.7352941176470589
4,5,97,0.0009137566084973514,0.9571288824081421,1.0,0.7352941176470589
4,5,98,0.0008649701485410333,0.9476780891418457,1.0,0.7352941176470589
4,5,99,0.0008264087373390794,0.9471850991249084,1.0,0.7352941176470589
4,5,100,0.000805674004368484,0.9465067386627197,1.0,0.7352941176470589
5,1,1,0.5936833024024963,0.6032572388648987,0.7279411764705882,0.7142857142857143
5,1,2,0.679375946521759,0.7093778848648071,0.7279411764705882,0.7142857142857143
5,1,3,0.5900213718414307,0.6090847253799438,0.7279411764705882,0.7142857142857143
5,1,4,0.5933919548988342,0.6037363409996033,0.7279411764705882,0.7142857142857143
5,1,5,0.6115273237228394,0.6190171837806702,0.7279411764705882,0.7142857142857143
5,1,6,0.6137617826461792,0.6211967468261719,0.7279411764705882,0.7142857142857143
5,1,7,0.6044459939002991,0.6135556697845459,0.7279411764705882,0.7142857142857143
5,1,8,0.5899757146835327,0.602277398109436,0.7279411764705882,0.7142857142857143
5,1,9,0.5776550769805908,0.5948477983474731,0.7279411764705882,0.7142857142857143
5,1,10,0.5761622786521912,0.5997093915939331,0.7279411764705882,0.7142857142857143
5,1,11,0.5838976502418518,0.6134462356567383,0.7279411764705882,0.7142857142857143
5,1,12,0.5849635004997253,0.6175109148025513,0.7279411764705882,0.7142857142857143
5,1,13,0.5751702785491943,0.6068989634513855,0.7279411764705882,0.7142857142857143
5,1,14,0.5660772919654846,0.5948987007141113,0.7279411764705882,0.7142857142857143
5,1,15,0.5639020204544067,0.5896226763725281,0.7279411764705882,0.7142857142857143
5,1,16,0.5649732947349548,0.5890856981277466,0.7279411764705882,0.7142857142857143
5,1,17,0.5636337995529175,0.5885311365127563,0.7279411764705882,0.7142857142857143
5,1,18,0.5583317279815674,0.5864089131355286,0.7279411764705882,0.7142857142857143
5,1,19,0.5504418015480042,0.5839871168136597,0.7279411764705882,0.7142857142857143
5,1,20,0.5434747934341431,0.5844993591308594,0.7279411764705882,0.7142857142857143
5,1,21,0.5396568179130554,0.5895764231681824,0.7279411764705882,0.7142857142857143
5,1,22,0.5355360507965088,0.5930204391479492,0.7279411764705882,0.7142857142857143
5,1,23,0.5269962549209595,0.5887243747711182,0.7279411764705882,0.7142857142857143
5,1,24,0.5167972445487976,0.5785496234893799,0.7279411764705882,0.7142857142857143
5,1,25,0.5088822841644287,0.5694068074226379,0.7279411764705882,0.7142857142857143
5,1,26,0.49975934624671936,0.5636392831802368,0.7279411764705882,0.7142857142857143
5,1,27,0.485710084438324,0.5636298656463623,0.7279411764705882,0.7142857142857143
5,1,28,0.47491466999053955,0.5740273594856262,0.7279411764705882,0.7142857142857143
5,1,29,0.4661349058151245,0.5790631175041199,0.7279411764705882,0.7142857142857143
5,1,30,0.45288756489753723,0.5680652260780334,0.7279411764705882,0.7142857142857143
5,1,31,0.4410710036754608,0.5556133985519409,0.7279411764705882,0.7142857142857143
5,1,32,0.4291207492351532,0.5597423911094666,0.7279411764705882,0.7142857142857143
5,1,33,0.41914185881614685,0.577448844909668,0.7279411764705882,0.7142857142857143
5,1,34,0.40809598565101624,0.5838995575904846,0.7279411764705882,0.7142857142857143
5,1,35,0.3959274888038635,0.5644116997718811,0.7279411764705882,0.7142857142857143
5,1,36,0.38536524772644043,0.5702948570251465,0.7279411764705882,0.7142857142857143
5,1,37,0.37548717856407166,0.5940945148468018,0.7279411764705882,0.7142857142857143
5,1,38,0.36469656229019165,0.5879563689231873,0.7279411764705882,0.7142857142857143
5,1,39,0.356819212436676,0.5844723582267761,0.8676470588235294,0.7428571428571429
5,1,40,0.34881749749183655,0.6012627482414246,0.875,0.7428571428571429
5,1,41,0.34064948558807373,0.6157738566398621,0.8823529411764706,0.7428571428571429
5,1,42,0.3316754102706909,0.5901480317115784,0.8970588235294118,0.7142857142857143
5,1,43,0.3210200071334839,0.6190147995948792,0.8970588235294118,0.7428571428571429
5,1,44,0.31136009097099304,0.6470493078231812,0.8970588235294118,0.7428571428571429
5,1,45,0.30205243825912476,0.589902400970459,0.9191176470588235,0.7142857142857143
5,1,46,0.29095587134361267,0.6339130997657776,0.9044117647058824,0.7142857142857143
5,1,47,0.2808353006839752,0.6433171033859253,0.9044117647058824,0.7142857142857143
5,1,48,0.2676991820335388,0.6161689758300781,0.9264705882352942,0.7142857142857143
5,1,49,0.2544763684272766,0.6494176983833313,0.9264705882352942,0.7142857142857143
5,1,50,0.24243517220020294,0.6378803849220276,0.9411764705882353,0.7142857142857143
5,1,51,0.23081812262535095,0.6794763803482056,0.9338235294117647,0.7142857142857143
5,1,52,0.21962253749370575,0.6271416544914246,0.9411764705882353,0.7428571428571429
5,1,53,0.21477718651294708,0.7583029866218567,0.9338235294117647,0.7142857142857143
5,1,54,0.20823778212070465,0.5962551832199097,0.9632352941176471,0.6857142857142857
5,1,55,0.20379187166690826,0.8134474754333496,0.9191176470588235,0.7142857142857143
5,1,56,0.17737282812595367,0.6626307964324951,0.9632352941176471,0.7142857142857143
5,1,57,0.16552111506462097,0.7078455686569214,0.9558823529411765,0.7142857142857143
5,1,58,0.1633732169866562,0.8126536011695862,0.9632352941176471,0.7142857142857143
5,1,59,0.15527766942977905,0.6669405102729797,0.9705882352941176,0.6857142857142857
5,1,60,0.14906157553195953,0.8571732640266418,0.9632352941176471,0.7142857142857143
5,1,61,0.13119789958000183,0.7326630353927612,0.9779411764705882,0.6857142857142857
5,1,62,0.11989304423332214,0.8106877207756042,0.9779411764705882,0.7142857142857143
5,1,63,0.11713841557502747,0.8878645896911621,0.9779411764705882,0.6857142857142857
5,1,64,0.11435241252183914,0.7350678443908691,0.9852941176470589,0.6571428571428571
5,1,65,0.10932300984859467,0.9737934470176697,0.9779411764705882,0.6857142857142857
5,1,66,0.09213270992040634,0.8169918060302734,0.9852941176470589,0.6857142857142857
5,1,67,0.08417519181966782,0.854977011680603,0.9852941176470589,0.6857142857142857
5,1,68,0.08567488938570023,1.0156885385513306,0.9779411764705882,0.6857142857142857
5,1,69,0.07737697660923004,0.8372880220413208,0.9926470588235294,0.6571428571428571
5,1,70,0.06824662536382675,0.9924250841140747,0.9926470588235294,0.7142857142857143
5,1,71,0.06132921949028969,0.9881048798561096,0.9926470588235294,0.7142857142857143
5,1,72,0.05755583196878433,0.9209276437759399,0.9926470588235294,0.6857142857142857
5,1,73,0.05346907675266266,1.0434772968292236,0.9926470588235294,0.7142857142857143
5,1,74,0.04883816838264465,1.0480937957763672,0.9926470588235294,0.7142857142857143
5,1,75,0.04586613178253174,0.9559561610221863,0.9926470588235294,0.6857142857142857
5,1,76,0.04904434457421303,1.1984535455703735,0.9926470588235294,0.6857142857142857
5,1,77,0.03662075474858284,1.0246829986572266,1.0,0.6857142857142857
5,1,78,0.035402070730924606,1.0100849866867065,1.0,0.6571428571428571
5,1,79,0.0499969944357872,1.340724229812622,0.9852941176470589,0.6857142857142857
5,1,80,0.03770038112998009,0.9874032139778137,0.9926470588235294,0.6857142857142857
5,1,81,0.03037318028509617,1.0332552194595337,1.0,0.6571428571428571
5,1,82,0.04330917075276375,1.3914434909820557,0.9926470588235294,0.6857142857142857
5,1,83,0.02281949110329151,1.125098705291748,1.0,0.6571428571428571
5,1,84,0.03340151906013489,1.0510042905807495,0.9926470588235294,0.7142857142857143
5,1,85,0.027433283627033234,1.392443060874939,0.9926470588235294,0.6857142857142857
5,1,86,0.018552931025624275,1.2981364727020264,1.0,0.7142857142857143
5,1,87,0.02131233550608158,1.14599609375,1.0,0.7142857142857143
5,1,88,0.016083702445030212,1.3095747232437134,1.0,0.7142857142857143
5,1,89,0.018857264891266823,1.4454184770584106,1.0,0.7142857142857143
5,1,90,0.01288294605910778,1.3103575706481934,1.0,0.6571428571428571
5,1,91,0.017392512410879135,1.2202295064926147,1.0,0.7142857142857143
5,1,92,0.012241584248840809,1.4296857118606567,1.0,0.7142857142857143
5,1,93,0.019178828224539757,1.6198337078094482,1.0,0.6857142857142857
5,1,94,0.010757386684417725,1.329671859741211,1.0,0.6571428571428571
5,1,95,0.017209263518452644,1.2660109996795654,1.0,0.7142857142857143
5,1,96,0.008707749657332897,1.4835952520370483,1.0,0.7142857142857143
5,1,97,0.01693282462656498,1.734020471572876,1.0,0.6857142857142857
5,1,98,0.008203680627048016,1.5599181652069092,1.0,0.7142857142857143
5,1,99,0.008188429288566113,1.3962291479110718,1.0,0.7142857142857143
5,1,100,0.009162437170743942,1.3757069110870361,1.0,0.7142857142857143
5,2,1,0.6069987416267395,0.5999221801757812,0.7226277372262774,0.7352941176470589
5,2,2,0.661699652671814,0.6388654708862305,0.7226277372262774,0.7352941176470589
5,2,3,0.5973161458969116,0.5826156735420227,0.7226277372262774,0.7352941176470589
5,2,4,0.593197226524353,0.5850785374641418,0.7226277372262774,0.7352941176470589
5,2,5,0.6063410639762878,0.6009921431541443,0.7226277372262774,0.7352941176470589
5,2,6,0.606583833694458,0.6019827723503113,0.7226277372262774,0.7352941176470589
5,2,7,0.5967104434967041,0.5917874574661255,0.7226277372262774,0.7352941176470589
5,2,8,0.5846447348594666,0.57871013879776,0.7226277372262774,0.7352941176470589
5,2,9,0.580009400844574,0.5727499723434448,0.7226277372262774,0.7352941176470589
5,2,10,0.5836887955665588,0.5759469866752625,0.7226277372262774,0.7352941176470589
5,2,11,0.584323525428772,0.5774886608123779,0.7226277372262774,0.7352941176470589
5,2,12,0.5772250890731812,0.5725774765014648,0.7226277372262774,0.7352941176470589
5,2,13,0.5696355104446411,0.5677040815353394,0.7226277372262774,0.7352941176470589
5,2,14,0.5671504735946655,0.5676872730255127,0.7226277372262774,0.7352941176470589
5,2,15,0.5670937895774841,0.569778323173523,0.7226277372262774,0.7352941176470589
5,2,16,0.5640490651130676,0.568767786026001,0.7226277372262774,0.7352941176470589
5,2,17,0.5570055842399597,0.5638185143470764,0.7226277372262774,0.7352941176470589
5,2,18,0.54909747838974,0.5582037568092346,0.7226277372262774,0.7352941176470589
5,2,19,0.5431433916091919,0.5549806952476501,0.7226277372262774,0.7352941176470589
5,2,20,0.5383557081222534,0.5536935925483704,0.7226277372262774,0.7352941176470589
5,2,21,0.5294991135597229,0.5490785241127014,0.7226277372262774,0.7352941176470589
5,2,22,0.5185699462890625,0.5421119332313538,0.7226277372262774,0.7352941176470589
5,2,23,0.5093300342559814,0.5370928049087524,0.7226277372262774,0.7352941176470589
5,2,24,0.4969148337841034,0.5310192108154297,0.7226277372262774,0.7352941176470589
5,2,25,0.48147448897361755,0.5236325860023499,0.7226277372262774,0.7352941176470589
5,2,26,0.4702266454696655,0.5209431052207947,0.7226277372262774,0.7352941176470589
5,2,27,0.4577706754207611,0.5148470401763916,0.7226277372262774,0.7352941176470589
5,2,28,0.44191664457321167,0.5043988823890686,0.7226277372262774,0.7352941176470589
5,2,29,0.4256120026111603,0.4962046146392822,0.7226277372262774,0.7352941176470589
5,2,30,0.41175922751426697,0.4961106479167938,0.7226277372262774,0.7352941176470589
5,2,31,0.40037235617637634,0.4951634109020233,0.7226277372262774,0.7352941176470589
5,2,32,0.38597407937049866,0.48441779613494873,0.7226277372262774,0.7352941176470589
5,2,33,0.37179479002952576,0.48113128542900085,0.8029197080291971,0.7647058823529411
5,2,34,0.35992753505706787,0.49073803424835205,0.8175182481751825,0.7352941176470589
5,2,35,0.34693577885627747,0.4851929247379303,0.8613138686131386,0.7647058823529411
5,2,36,0.33753693103790283,0.4798153042793274,0.8978102189781022,0.7647058823529411
5,2,37,0.3268011510372162,0.49470165371894836,0.8759124087591241,0.7647058823529411
5,2,38,0.31542226672172546,0.48517316579818726,0.9124087591240876,0.7352941176470589
5,2,39,0.3050760328769684,0.5038515329360962,0.9124087591240876,0.7647058823529411
5,2,40,0.29233863949775696,0.4949902296066284,0.9124087591240876,0.7352941176470589
5,2,41,0.28054964542388916,0.5061895847320557,0.9124087591240876,0.7352941176470589
5,2,42,0.26905784010887146,0.5223792195320129,0.9124087591240876,0.7647058823529411
5,2,43,0.25531256198883057,0.5190781354904175,0.927007299270073,0.7647058823529411
5,2,44,0.24465836584568024,0.5510197281837463,0.9197080291970803,0.7352941176470589
5,2,45,0.23375077545642853,0.5190203189849854,0.9562043795620438,0.7352941176470589
5,2,46,0.2326328158378601,0.6304484009742737,0.9051094890510949,0.7352941176470589
5,2,47,0.2246224731206894,0.5125216841697693,0.9781021897810219,0.7058823529411765
5,2,48,0.216602623462677,0.6704840064048767,0.9124087591240876,0.7352941176470589
5,2,49,0.1884932667016983,0.573794960975647,0.9781021897810219,0.7058823529411765
5,2,50,0.1804305762052536,0.5813440084457397,0.9854014598540146,0.6764705882352942
5,2,51,0.1870042085647583,0.7405681610107422,0.9197080291970803,0.7352941176470589
5,2,52,0.17224788665771484,0.5774582028388977,0.9927007299270073,0.6764705882352942
5,2,53,0.1545708328485489,0.7113540172576904,0.9635036496350365,0.7352941176470589
5,2,54,0.14647139608860016,0.7472647428512573,0.9635036496350365,0.7352941176470589
5,2,55,0.15032963454723358,0.6065554618835449,0.9927007299270073,0.6764705882352942
5,2,56,0.1332210749387741,0.7954769134521484,0.9635036496350365,0.7352941176470589
5,2,57,0.11909843981266022,0.7877779006958008,0.9854014598540146,0.7352941176470589
5,2,58,0.11887534707784653,0.6667894124984741,0.9927007299270073,0.6470588235294118
5,2,59,0.1012667790055275,0.8169483542442322,1.0,0.6764705882352942
5,2,60,0.09410405158996582,0.8404316306114197,1.0,0.6764705882352942
5,2,61,0.08978025615215302,0.7358022332191467,0.9927007299270073,0.6764705882352942
5,2,62,0.07798654586076736,0.8490980863571167,1.0,0.7058823529411765
5,2,63,0.07412655651569366,0.9152626991271973,1.0,0.6764705882352942
5,2,64,0.06610491871833801,0.8164100646972656,1.0,0.7058823529411765
5,2,65,0.05738614872097969,0.8974994421005249,1.0,0.7058823529411765
5,2,66,0.05443233996629715,0.9782412052154541,1.0,0.7058823529411765
5,2,67,0.04736858606338501,0.907940149307251,1.0,0.7352941176470589
5,2,68,0.041859544813632965,0.9528055787086487,1.0,0.7058823529411765
5,2,69,0.03888295963406563,1.0301049947738647,1.0,0.7058823529411765
5,2,70,0.0340268574655056,0.9880377650260925,1.0,0.7352941176470589
5,2,71,0.030553987249732018,1.0200741291046143,1.0,0.7058823529411765
5,2,72,0.02857641503214836,1.087851643562317,1.0,0.7058823529411765
5,2,73,0.024640023708343506,1.0725866556167603,1.0,0.7058823529411765
5,2,74,0.022560661658644676,1.0576313734054565,1.0,0.7058823529411765
5,2,75,0.019868474453687668,1.093140959739685,1.0,0.7058823529411765
5,2,76,0.019528809934854507,1.2153503894805908,1.0,0.7058823529411765
5,2,77,0.015754181891679764,1.1804664134979248,1.0,0.7352941176470589
5,2,78,0.015126196667551994,1.1276823282241821,1.0,0.7058823529411765
5,2,79,0.01242954283952713,1.1954413652420044,1.0,0.7058823529411765
5,2,80,0.013211897574365139,1.3357473611831665,1.0,0.7058823529411765
5,2,81,0.012397383339703083,1.3742403984069824,1.0,0.7058823529411765
5,2,82,0.008930673822760582,1.2513079643249512,1.0,0.7058823529411765
5,2,83,0.010486801154911518,1.2049208879470825,1.0,0.6764705882352942
5,2,84,0.007622081786394119,1.270329236984253,1.0,0.7058823529411765
5,2,85,0.007576328236609697,1.4183934926986694,1.0,0.7352941176470589
5,2,86,0.006869329139590263,1.4432843923568726,1.0,0.7352941176470589
5,2,87,0.005709692370146513,1.3242912292480469,1.0,0.6764705882352942
5,2,88,0.005547168664634228,1.330631971359253,1.0,0.6764705882352942
5,2,89,0.004495385102927685,1.4280027151107788,1.0,0.7058823529411765
5,2,90,0.0052575478330254555,1.5425758361816406,1.0,0.7352941176470589
5,2,91,0.004237835295498371,1.536450982093811,1.0,0.7352941176470589
5,2,92,0.0032634621020406485,1.4637728929519653,1.0,0.7058823529411765
5,2,93,0.0038605963345617056,1.4183863401412964,1.0,0.6764705882352942
5,2,94,0.003383565926924348,1.4437392950057983,1.0,0.6764705882352942
5,2,95,0.002543617971241474,1.5351237058639526,1.0,0.7058823529411765
5,2,96,0.0031170849688351154,1.6520628929138184,1.0,0.7352941176470589
5,2,97,0.0030699814669787884,1.6852093935012817,1.0,0.7352941176470589
5,2,98,0.002023150911554694,1.6085220575332642,1.0,0.7058823529411765
5,2,99,0.0019973497837781906,1.5452704429626465,1.0,0.6764705882352942
5,2,100,0.0021839917171746492,1.5315239429473877,1.0,0.6764705882352942
5,3,1,0.6050503253936768,0.597629189491272,0.7226277372262774,0.7352941176470589
5,3,2,0.657832682132721,0.6348510980606079,0.7226277372262774,0.7352941176470589
5,3,3,0.5946090221405029,0.5803905725479126,0.7226277372262774,0.7352941176470589
5,3,4,0.5957891941070557,0.5886420011520386,0.7226277372262774,0.7352941176470589
5,3,5,0.6077554821968079,0.6031689643859863,0.7226277372262774,0.7352941176470589
5,3,6,0.6054196953773499,0.6015111804008484,0.7226277372262774,0.7352941176470589
5,3,7,0.5930089354515076,0.5886258482933044,0.7226277372262774,0.7352941176470589
5,3,8,0.5819939374923706,0.576212465763092,0.7226277372262774,0.7352941176470589
5,3,9,0.5821353197097778,0.5745837092399597,0.7226277372262774,0.7352941176470589
5,3,10,0.5868914723396301,0.5788995027542114,0.7226277372262774,0.7352941176470589
5,3,11,0.5815809369087219,0.5756826996803284,0.7226277372262774,0.7352941176470589
5,3,12,0.5723721385002136,0.5701148509979248,0.7226277372262774,0.7352941176470589
5,3,13,0.5689143538475037,0.5702841281890869,0.7226277372262774,0.7352941176470589
5,3,14,0.5686960220336914,0.5731675028800964,0.7226277372262774,0.7352941176470589
5,3,15,0.5660821199417114,0.5731244087219238,0.7226277372262774,0.7352941176470589
5,3,16,0.5595316886901855,0.5690227746963501,0.7226277372262774,0.7352941176470589
5,3,17,0.5512984395027161,0.5625568628311157,0.7226277372262774,0.7352941176470589
5,3,18,0.5455214977264404,0.5583770871162415,0.7226277372262774,0.7352941176470589
5,3,19,0.5403223037719727,0.5559409260749817,0.7226277372262774,0.7352941176470589
5,3,20,0.530511200428009,0.5512253046035767,0.7226277372262774,0.7352941176470589
5,3,21,0.5192504525184631,0.5470402836799622,0.7226277372262774,0.7352941176470589
5,3,22,0.5089905261993408,0.5445215702056885,0.7226277372262774,0.7352941176470589
5,3,23,0.4949580132961273,0.5374336242675781,0.7226277372262774,0.7352941176470589
5,3,24,0.48087209463119507,0.5278574824333191,0.7226277372262774,0.7352941176470589
5,3,25,0.46822863817214966,0.520046055316925,0.7226277372262774,0.7352941176470589
5,3,26,0.4533349573612213,0.5128215551376343,0.7226277372262774,0.7352941176470589
5,3,27,0.4381798207759857,0.5062544345855713,0.7226277372262774,0.7352941176470589
5,3,28,0.4251648187637329,0.49873465299606323,0.7226277372262774,0.7352941176470589
5,3,29,0.41287291049957275,0.4897027313709259,0.7226277372262774,0.7352941176470589
5,3,30,0.3987426161766052,0.4829278886318207,0.7226277372262774,0.7352941176470589
5,3,31,0.3869624435901642,0.4804615080356598,0.7226277372262774,0.7352941176470589
5,3,32,0.37708771228790283,0.4717313051223755,0.7883211678832117,0.7352941176470589
5,3,33,0.36479899287223816,0.47662264108657837,0.8540145985401459,0.7647058823529411
5,3,34,0.35216909646987915,0.4638044834136963,0.8540145985401459,0.7647058823529411
5,3,35,0.3411867916584015,0.45849543809890747,0.8686131386861314,0.7647058823529411
5,3,36,0.3308979868888855,0.47710609436035156,0.8978102189781022,0.8235294117647058
5,3,37,0.31993499398231506,0.4566648304462433,0.8759124087591241,0.8235294117647058
5,3,38,0.3053501844406128,0.468405157327652,0.9124087591240876,0.8235294117647058
5,3,39,0.29357901215553284,0.46883732080459595,0.9124087591240876,0.8235294117647058
5,3,40,0.28325319290161133,0.4632912576198578,0.9051094890510949,0.7941176470588235
5,3,41,0.2722824811935425,0.4872661530971527,0.927007299270073,0.7941176470588235
5,3,42,0.2675957977771759,0.4642484486103058,0.8978102189781022,0.8235294117647058
5,3,43,0.26231300830841064,0.5207540988922119,0.948905109489051,0.7352941176470589
5,3,44,0.2397737205028534,0.47644099593162537,0.9124087591240876,0.8235294117647058
5,3,45,0.2322520613670349,0.48117300868034363,0.9124087591240876,0.7941176470588235
5,3,46,0.23276464641094208,0.5353075265884399,0.9562043795620438,0.7352941176470589
5,3,47,0.20878185331821442,0.4929550290107727,0.9343065693430657,0.7941176470588235
5,3,48,0.20013082027435303,0.5006635189056396,0.9343065693430657,0.7352941176470589
5,3,49,0.20169593393802643,0.552887499332428,0.9635036496350365,0.7352941176470589
5,3,50,0.17618884146213531,0.516698956489563,0.9416058394160584,0.7352941176470589
5,3,51,0.16871687769889832,0.5234995484352112,0.9416058394160584,0.7647058823529411
5,3,52,0.16714869439601898,0.5730212926864624,0.9781021897810219,0.7352941176470589
5,3,53,0.1436997652053833,0.550647497177124,0.9635036496350365,0.7352941176470589
5,3,54,0.15022820234298706,0.5532239675521851,0.9416058394160584,0.7352941176470589
5,3,55,0.147660493850708,0.6206148862838745,0.9781021897810219,0.7058823529411765
5,3,56,0.11691579222679138,0.5832054018974304,0.9781021897810219,0.7647058823529411
5,3,57,0.1331617534160614,0.5740851163864136,0.9416058394160584,0.7647058823529411
5,3,58,0.11424071341753006,0.6533699631690979,0.9781021897810219,0.7352941176470589
5,3,59,0.09604507684707642,0.6396844983100891,0.9781021897810219,0.7647058823529411
5,3,60,0.10960589349269867,0.5975620746612549,0.9781021897810219,0.7647058823529411
5,3,61,0.08772412687540054,0.6889622211456299,0.9781021897810219,0.7647058823529411
5,3,62,0.07848618179559708,0.6900942325592041,0.9781021897810219,0.7647058823529411
5,3,63,0.08844858407974243,0.6227260231971741,0.9781021897810219,0.7352941176470589
5,3,64,0.0697685107588768,0.7476226687431335,0.9781021897810219,0.7352941176470589
5,3,65,0.06297813355922699,0.759838879108429,0.9854014598540146,0.7352941176470589
5,3,66,0.06901466846466064,0.6630049347877502,0.9781021897810219,0.7352941176470589
5,3,67,0.050925467163324356,0.7586836218833923,0.9927007299270073,0.7647058823529411
5,3,68,0.053288478404283524,0.8216091990470886,0.9854014598540146,0.7058823529411765
5,3,69,0.0483592264354229,0.7066033482551575,0.9927007299270073,0.7352941176470589
5,3,70,0.039120811969041824,0.7697907090187073,0.9927007299270073,0.7647058823529411
5,3,71,0.03817163407802582,0.8369606733322144,0.9927007299270073,0.7352941176470589
5,3,72,0.0344880037009716,0.8304304480552673,0.9927007299270073,0.7647058823529411
5,3,73,0.03198450431227684,0.7926807999610901,0.9927007299270073,0.7647058823529411
5,3,74,0.028353871777653694,0.8372780084609985,0.9927007299270073,0.7647058823529411
5,3,75,0.02601686492562294,0.8623313307762146,0.9927007299270073,0.7647058823529411
5,3,76,0.024578087031841278,0.8497719764709473,1.0,0.7647058823529411
5,3,77,0.026835989207029343,0.8196139931678772,1.0,0.7352941176470589
5,3,78,0.023165959864854813,0.9864201545715332,0.9927007299270073,0.7058823529411765
5,3,79,0.02152547612786293,1.0063508749008179,0.9927007299270073,0.7058823529411765
5,3,80,0.020928427577018738,0.8685824275016785,1.0,0.7647058823529411
5,3,81,0.023502681404352188,0.8569102883338928,1.0,0.7352941176470589
5,3,82,0.019069993868470192,1.0957785844802856,0.9927007299270073,0.7058823529411765
5,3,83,0.020456090569496155,1.1468853950500488,0.9927007299270073,0.7058823529411765
5,3,84,0.024752648547291756,0.8724256157875061,1.0,0.7352941176470589
5,3,85,0.02301391027867794,0.8892748355865479,1.0,0.7352941176470589
5,3,86,0.022646840661764145,1.2715667486190796,0.9927007299270073,0.6764705882352942
5,3,87,0.0195208340883255,1.2690043449401855,0.9927007299270073,0.6764705882352942
5,3,88,0.021148595958948135,0.9274869561195374,1.0,0.7352941176470589
5,3,89,0.012259554117918015,0.9946162104606628,1.0,0.7647058823529411
5,3,90,0.020195752382278442,1.3633097410202026,0.9927007299270073,0.6764705882352942
5,3,91,0.01474373321980238,1.318474292755127,0.9927007299270073,0.6764705882352942
5,3,92,0.008676411584019661,1.0481915473937988,1.0,0.7647058823529411
5,3,93,0.017084015533328056,0.9754652380943298,1.0,0.7352941176470589
5,3,94,0.006148878950625658,1.218193769454956,1.0,0.7352941176470589
5,3,95,0.010533400811254978,1.3591169118881226,1.0,0.6764705882352942
5,3,96,0.005519316531717777,1.217128038406372,1.0,0.7352941176470589
5,3,97,0.008358192630112171,1.0684795379638672,1.0,0.7647058823529411
5,3,98,0.008280717767775059,1.0743845701217651,1.0,0.7647058823529411
5,3,99,0.004643615800887346,1.1974687576293945,1.0,0.7352941176470589
5,3,100,0.005603179335594177,1.3263087272644043,1.0,0.6764705882352942
5,4,1,0.6067286729812622,0.5995408296585083,0.7226277372262774,0.7352941176470589
5,4,2,0.6540118455886841,0.6319612264633179,0.7226277372262774,0.7352941176470589
5,4,3,0.5936717987060547,0.5799964666366577,0.7226277372262774,0.7352941176470589
5,4,4,0.5958458185195923,0.588452935218811,0.7226277372262774,0.7352941176470589
5,4,5,0.6075183749198914,0.6024426221847534,0.7226277372262774,0.7352941176470589
5,4,6,0.604922354221344,0.6003594994544983,0.7226277372262774,0.7352941176470589
5,4,7,0.5932722091674805,0.5884437561035156,0.7226277372262774,0.7352941176470589
5,4,8,0.5818867683410645,0.5764292478561401,0.7226277372262774,0.7352941176470589
5,4,9,0.5805834531784058,0.5748138427734375,0.7226277372262774,0.7352941176470589
5,4,10,0.586205244064331,0.5812745094299316,0.7226277372262774,0.7352941176470589
5,4,11,0.5832777619361877,0.5805361270904541,0.7226277372262774,0.7352941176470589
5,4,12,0.5731920599937439,0.5729907751083374,0.7226277372262774,0.7352941176470589
5,4,13,0.5673045516014099,0.5693660974502563,0.7226277372262774,0.7352941176470589
5,4,14,0.5676929354667664,0.5715179443359375,0.7226277372262774,0.7352941176470589
5,4,15,0.5675058960914612,0.5732502937316895,0.7226277372262774,0.7352941176470589
5,4,16,0.5623831152915955,0.5707558989524841,0.7226277372262774,0.7352941176470589
5,4,17,0.5531675219535828,0.5649874210357666,0.7226277372262774,0.7352941176470589
5,4,18,0.5448406934738159,0.5611109733581543,0.7226277372262774,0.7352941176470589
5,4,19,0.5413805842399597,0.5631607174873352,0.7226277372262774,0.7352941176470589
5,4,20,0.5366365909576416,0.5643042325973511,0.7226277372262774,0.7352941176470589
5,4,21,0.5249111652374268,0.5571919679641724,0.7226277372262774,0.7352941176470589
5,4,22,0.5136702060699463,0.5477083325386047,0.7226277372262774,0.7352941176470589
5,4,23,0.5066733956336975,0.5425212979316711,0.7226277372262774,0.7352941176470589
5,4,24,0.49295833706855774,0.5369407534599304,0.7226277372262774,0.7352941176470589
5,4,25,0.4760454297065735,0.5352253913879395,0.7226277372262774,0.7352941176470589
5,4,26,0.4677676558494568,0.5426706075668335,0.7226277372262774,0.7352941176470589
5,4,27,0.4536334276199341,0.5357776284217834,0.7226277372262774,0.7352941176470589
5,4,28,0.4381716549396515,0.5180304646492004,0.7226277372262774,0.7352941176470589
5,4,29,0.42544424533843994,0.5097391605377197,0.7226277372262774,0.7352941176470589
5,4,30,0.40760907530784607,0.5218692421913147,0.7226277372262774,0.7352941176470589
5,4,31,0.39699408411979675,0.5337172150611877,0.7226277372262774,0.7352941176470589
5,4,32,0.37943848967552185,0.5123156309127808,0.7226277372262774,0.7352941176470589
5,4,33,0.37133553624153137,0.5058727860450745,0.8321167883211679,0.7352941176470589
5,4,34,0.36006665229797363,0.5304504632949829,0.8321167883211679,0.7352941176470589
5,4,35,0.3478887975215912,0.539175808429718,0.8467153284671532,0.7352941176470589
5,4,36,0.33545786142349243,0.5304229855537415,0.8759124087591241,0.7647058823529411
5,4,37,0.3254567086696625,0.5553882718086243,0.8759124087591241,0.7647058823529411
5,4,38,0.31605926156044006,0.5691331028938293,0.8759124087591241,0.7352941176470589
5,4,39,0.30511340498924255,0.5624058842658997,0.9124087591240876,0.7352941176470589
5,4,40,0.29432275891304016,0.5946049690246582,0.9051094890510949,0.7352941176470589
5,4,41,0.2816673219203949,0.5968158841133118,0.9197080291970803,0.7352941176470589
5,4,42,0.27020546793937683,0.6207255721092224,0.9197080291970803,0.7352941176470589
5,4,43,0.2645881175994873,0.6763873100280762,0.9124087591240876,0.7647058823529411
5,4,44,0.2555806040763855,0.6205699443817139,0.948905109489051,0.7352941176470589
5,4,45,0.24172697961330414,0.7237306237220764,0.9197080291970803,0.7352941176470589
5,4,46,0.22576184570789337,0.7150225043296814,0.9562043795620438,0.7352941176470589
5,4,47,0.21736223995685577,0.7183204889297485,0.9562043795620438,0.7058823529411765
5,4,48,0.21124424040317535,0.7990361452102661,0.927007299270073,0.7647058823529411
5,4,49,0.202291801571846,0.7478373050689697,0.9635036496350365,0.7058823529411765
5,4,50,0.19399534165859222,0.8643901944160461,0.9562043795620438,0.7647058823529411
5,4,51,0.18156391382217407,0.8181652426719666,0.9708029197080292,0.7058823529411765
5,4,52,0.17283889651298523,0.8734174370765686,0.9562043795620438,0.7058823529411765
5,4,53,0.1643577665090561,0.9106557965278625,0.9562043795620438,0.7058823529411765
5,4,54,0.15514947474002838,0.929805338382721,0.9635036496350365,0.7058823529411765
5,4,55,0.14689691364765167,0.9563412666320801,0.9708029197080292,0.7058823529411765
5,4,56,0.13853444159030914,0.9830169677734375,0.9781021897810219,0.7058823529411765
5,4,57,0.13101959228515625,1.0459197759628296,0.9708029197080292,0.7352941176470589
5,4,58,0.12254486232995987,1.042081356048584,0.9781021897810219,0.7058823529411765
5,4,59,0.11616288870573044,1.085471510887146,0.9854014598540146,0.7058823529411765
5,4,60,0.11257367581129074,1.032291293144226,0.9854014598540146,0.6764705882352942
5,4,61,0.11285350471735,1.2019662857055664,0.9781021897810219,0.7352941176470589
5,4,62,0.11428537219762802,1.0189863443374634,0.9854014598540146,0.6764705882352942
5,4,63,0.09640948474407196,1.2140182256698608,0.9781021897810219,0.7352941176470589
5,4,64,0.08049602806568146,1.16417396068573,0.9854014598540146,0.6764705882352942
5,4,65,0.07548656314611435,1.1813980340957642,0.9854014598540146,0.6764705882352942
5,4,66,0.07023045420646667,1.1864242553710938,0.9927007299270073,0.6764705882352942
5,4,67,0.06460026651620865,1.2048863172531128,0.9927007299270073,0.6764705882352942
5,4,68,0.05927348881959915,1.2076611518859863,0.9927007299270073,0.6764705882352942
5,4,69,0.06203203648328781,1.3154704570770264,0.9854014598540146,0.7058823529411765
5,4,70,0.05925154685974121,1.2086410522460938,0.9927007299270073,0.6764705882352942
5,4,71,0.047848254442214966,1.312638759613037,1.0,0.7058823529411765
5,4,72,0.042671870440244675,1.3422130346298218,1.0,0.7058823529411765
5,4,73,0.03751158341765404,1.314149260520935,0.9927007299270073,0.6764705882352942
5,4,74,0.03324519470334053,1.3702924251556396,1.0,0.7058823529411765
5,4,75,0.03233223780989647,1.4080039262771606,1.0,0.7058823529411765
5,4,76,0.029008232057094574,1.3693840503692627,0.9927007299270073,0.6764705882352942
5,4,77,0.024415183812379837,1.4412716627120972,1.0,0.7058823529411765
5,4,78,0.026429012417793274,1.5140306949615479,1.0,0.7058823529411765
5,4,79,0.01990908943116665,1.4659427404403687,1.0,0.6764705882352942
5,4,80,0.018654901534318924,1.4859594106674194,1.0,0.6764705882352942
5,4,81,0.019010167568922043,1.6088664531707764,1.0,0.7058823529411765
5,4,82,0.013355773873627186,1.5797756910324097,1.0,0.6764705882352942
5,4,83,0.01675039902329445,1.5575783252716064,1.0,0.6764705882352942
5,4,84,0.012343017384409904,1.6672592163085938,1.0,0.7058823529411765
5,4,85,0.011125174351036549,1.6943769454956055,1.0,0.7058823529411765
5,4,86,0.011773962527513504,1.642206072807312,1.0,0.6764705882352942
5,4,87,0.00856531597673893,1.740221381187439,1.0,0.7058823529411765
5,4,88,0.007433147169649601,1.7591696977615356,1.0,0.6764705882352942
5,4,89,0.007113141007721424,1.8111399412155151,1.0,0.7058823529411765
5,4,90,0.005953599698841572,1.8207420110702515,1.0,0.6764705882352942
5,4,91,0.005971536505967379,1.8231465816497803,1.0,0.6764705882352942
5,4,92,0.004901684820652008,1.8773635625839233,1.0,0.6764705882352942
5,4,93,0.004641874693334103,1.9311254024505615,1.0,0.7058823529411765
5,4,94,0.004366204608231783,1.9626355171203613,1.0,0.7058823529411765
5,4,95,0.003860852215439081,1.9732486009597778,1.0,0.6764705882352942
5,4,96,0.0035625866148620844,1.9934970140457153,1.0,0.6764705882352942
5,4,97,0.0032873679883778095,2.0200140476226807,1.0,0.6764705882352942
5,4,98,0.0030800478998571634,2.039604663848877,1.0,0.6764705882352942
5,4,99,0.00275605171918869,2.0889108180999756,1.0,0.6764705882352942
5,4,100,0.002536933869123459,2.1169393062591553,1.0,0.6764705882352942
5,5,1,0.5929926037788391,0.609618604183197,0.7299270072992701,0.7058823529411765
5,5,2,0.6847661137580872,0.737960696220398,0.7299270072992701,0.7058823529411765
5,5,3,0.5892831683158875,0.6223415732383728,0.7299270072992701,0.7058823529411765
5,5,4,0.5903403759002686,0.6084036231040955,0.7299270072992701,0.7058823529411765
5,5,5,0.6106181144714355,0.623169481754303,0.7299270072992701,0.7058823529411765
5,5,6,0.6147201657295227,0.6266530156135559,0.7299270072992701,0.7058823529411765
5,5,7,0.6050507426261902,0.619396448135376,0.7299270072992701,0.7058823529411765
5,5,8,0.5887759923934937,0.6079910397529602,0.7299270072992701,0.7058823529411765
5,5,9,0.5750468969345093,0.6016231179237366,0.7299270072992701,0.7058823529411765
5,5,10,0.5740458965301514,0.6094526648521423,0.7299270072992701,0.7058823529411765
5,5,11,0.5823261737823486,0.6250615119934082,0.7299270072992701,0.7058823529411765
5,5,12,0.5822426676750183,0.6273756623268127,0.7299270072992701,0.7058823529411765
5,5,13,0.5716973543167114,0.614295244216919,0.7299270072992701,0.7058823529411765
5,5,14,0.5632774233818054,0.6009896993637085,0.7299270072992701,0.7058823529411765
5,5,15,0.5625322461128235,0.5957862138748169,0.7299270072992701,0.7058823529411765
5,5,16,0.5641317367553711,0.5952710509300232,0.7299270072992701,0.7058823529411765
5,5,17,0.5627754330635071,0.5943709015846252,0.7299270072992701,0.7058823529411765
5,5,18,0.5569055676460266,0.5917211174964905,0.7299270072992701,0.7058823529411765
5,5,19,0.5485109090805054,0.589120090007782,0.7299270072992701,0.7058823529411765
5,5,20,0.5416452884674072,0.589945375919342,0.7299270072992701,0.7058823529411765
5,5,21,0.538151204586029,0.5943619012832642,0.7299270072992701,0.7058823529411765
5,5,22,0.5341512560844421,0.5962923765182495,0.7299270072992701,0.7058823529411765
5,5,23,0.5253064036369324,0.5895591974258423,0.7299270072992701,0.7058823529411765
5,5,24,0.5149064064025879,0.5771211981773376,0.7299270072992701,0.7058823529411765
5,5,25,0.5083701610565186,0.5672823786735535,0.7299270072992701,0.7058823529411765
5,5,26,0.4999257028102875,0.5605926513671875,0.7299270072992701,0.7058823529411765
5,5,27,0.4860093593597412,0.5561730265617371,0.7299270072992701,0.7058823529411765
5,5,28,0.4740869104862213,0.5579232573509216,0.7299270072992701,0.7058823529411765
5,5,29,0.4648425281047821,0.5596168041229248,0.7299270072992701,0.7058823529411765
5,5,30,0.4506112039089203,0.546481192111969,0.7299270072992701,0.7058823529411765
5,5,31,0.4392000138759613,0.5285160541534424,0.7299270072992701,0.7058823529411765
5,5,32,0.4255482852458954,0.5224612951278687,0.7299270072992701,0.7058823529411765
5,5,33,0.41344165802001953,0.5318713188171387,0.7299270072992701,0.7058823529411765
5,5,34,0.40041568875312805,0.5278235077857971,0.7299270072992701,0.7058823529411765
5,5,35,0.38644593954086304,0.5060824155807495,0.7299270072992701,0.7058823529411765
5,5,36,0.37610960006713867,0.501030445098877,0.7299270072992701,0.7058823529411765
5,5,37,0.3665022552013397,0.516448438167572,0.8029197080291971,0.7058823529411765
5,5,38,0.3540021777153015,0.5079503655433655,0.8540145985401459,0.7352941176470589
5,5,39,0.34381765127182007,0.4950610399246216,0.8978102189781022,0.7647058823529411
5,5,40,0.33433282375335693,0.5015071630477905,0.8905109489051095,0.7352941176470589
5,5,41,0.32611167430877686,0.5103917717933655,0.8832116788321168,0.7352941176470589
5,5,42,0.3148280084133148,0.49601060152053833,0.9124087591240876,0.7647058823529411
5,5,43,0.3052728474140167,0.49173837900161743,0.9197080291970803,0.7647058823529411
5,5,44,0.29854387044906616,0.5217257142066956,0.9051094890510949,0.7352941176470589
5,5,45,0.2876903712749481,0.48266568779945374,0.927007299270073,0.7941176470588235
5,5,46,0.2756197452545166,0.5178290009498596,0.9197080291970803,0.7647058823529411
5,5,47,0.26217415928840637,0.5077905654907227,0.9197080291970803,0.7352941176470589
5,5,48,0.252525269985199,0.48227399587631226,0.9562043795620438,0.7352941176470589
5,5,49,0.2428021878004074,0.5408676266670227,0.9197080291970803,0.7352941176470589
5,5,50,0.22589994966983795,0.49107030034065247,0.9562043795620438,0.7352941176470589
5,5,51,0.21242755651474,0.5171855688095093,0.948905109489051,0.7058823529411765
5,5,52,0.19975288212299347,0.5320329666137695,0.948905109489051,0.7058823529411765
5,5,53,0.18697543442249298,0.5043829679489136,0.9635036496350365,0.7352941176470589
5,5,54,0.1750640869140625,0.571893572807312,0.948905109489051,0.7058823529411765
5,5,55,0.1636897474527359,0.5084991455078125,0.9854014598540146,0.7352941176470589
5,5,56,0.16297300159931183,0.6436200737953186,0.9416058394160584,0.6764705882352942
5,5,57,0.16341210901737213,0.48370417952537537,0.9635036496350365,0.7058823529411765
5,5,58,0.15483494102954865,0.7180302739143372,0.9416058394160584,0.6764705882352942
5,5,59,0.11739108711481094,0.5697861909866333,0.9927007299270073,0.7058823529411765
5,5,60,0.11568412184715271,0.545813262462616,0.9854014598540146,0.7352941176470589
5,5,61,0.12370656430721283,0.7720562219619751,0.948905109489051,0.6764705882352942
5,5,62,0.0989801287651062,0.5738998651504517,0.9854014598540146,0.7352941176470589
5,5,63,0.08543823659420013,0.6561413407325745,0.9927007299270073,0.6764705882352942
5,5,64,0.09357576072216034,0.8047128319740295,0.9927007299270073,0.6764705882352942
5,5,65,0.08225508779287338,0.6038258671760559,0.9854014598540146,0.7352941176470589
5,5,66,0.06690143793821335,0.7162404656410217,0.9927007299270073,0.6764705882352942
5,5,67,0.07135268300771713,0.8571045398712158,0.9927007299270073,0.6764705882352942
5,5,68,0.061357561498880386,0.6770562529563904,0.9927007299270073,0.7058823529411765
5,5,69,0.05224667862057686,0.7571006417274475,0.9927007299270073,0.6764705882352942
5,5,70,0.05285325646400452,0.8960628509521484,0.9927007299270073,0.6764705882352942
5,5,71,0.045662134885787964,0.7598392367362976,0.9927007299270073,0.6764705882352942
5,5,72,0.04194823279976845,0.7834983468055725,0.9927007299270073,0.6764705882352942
5,5,73,0.04497191309928894,1.016061782836914,0.9927007299270073,0.6764705882352942
5,5,74,0.03982997685670853,0.7785905003547668,1.0,0.7058823529411765
5,5,75,0.031197916716337204,0.9514420628547668,0.9927007299270073,0.6764705882352942
5,5,76,0.034527599811553955,1.0883195400238037,0.9927007299270073,0.6764705882352942
5,5,77,0.02749331295490265,0.8936483263969421,1.0,0.6764705882352942
5,5,78,0.024681957438588142,0.9318122863769531,1.0,0.6764705882352942
5,5,79,0.023655857890844345,1.1096690893173218,0.9927007299270073,0.6764705882352942
5,5,80,0.019714022055268288,1.043584942817688,1.0,0.6764705882352942
5,5,81,0.018838204443454742,1.0064326524734497,1.0,0.6764705882352942
5,5,82,0.01706026680767536,1.1212999820709229,1.0,0.6764705882352942
5,5,83,0.01771451160311699,1.2437907457351685,1.0,0.6764705882352942
5,5,84,0.013698291033506393,1.1536250114440918,1.0,0.6764705882352942
5,5,85,0.01276659220457077,1.1035672426223755,1.0,0.6764705882352942
5,5,86,0.011772536672651768,1.119005799293518,1.0,0.6764705882352942
5,5,87,0.010891204699873924,1.2516287565231323,1.0,0.6764705882352942
5,5,88,0.00957849808037281,1.214573860168457,1.0,0.6764705882352942
5,5,89,0.008759352378547192,1.2355446815490723,1.0,0.6764705882352942
5,5,90,0.008651498705148697,1.1700258255004883,1.0,0.6764705882352942
5,5,91,0.00751847680658102,1.246586799621582,1.0,0.6764705882352942
5,5,92,0.006968950852751732,1.332713007926941,1.0,0.6764705882352942
5,5,93,0.006308924872428179,1.2885392904281616,1.0,0.6764705882352942
5,5,94,0.006067957263439894,1.2652963399887085,1.0,0.6764705882352942
5,5,95,0.0054350681602954865,1.3418177366256714,1.0,0.6764705882352942
5,5,96,0.0054392036981880665,1.4685165882110596,1.0,0.6764705882352942
5,5,97,0.005070740822702646,1.493998408317566,1.0,0.6764705882352942
5,5,98,0.004316140431910753,1.3788844347000122,1.0,0.6764705882352942
5,5,99,0.004194546956568956,1.346253514289856,1.0,0.6764705882352942
5,5,100,0.0037461179308593273,1.3958560228347778,1.0,0.6764705882352942
