repeat,fold,epoch,train_loss,val_loss,train_acc,val_acc
1,1,1,0.6528323292732239,0.6555435657501221,0.7279411764705882,0.7142857142857143
1,1,2,0.6146805882453918,0.6209443211555481,0.7279411764705882,0.7142857142857143
1,1,3,0.5859842896461487,0.59825599193573,0.7279411764705882,0.7142857142857143
1,1,4,0.6052666306495667,0.625485897064209,0.7279411764705882,0.7142857142857143
1,1,5,0.612537682056427,0.6345008015632629,0.7279411764705882,0.7142857142857143
1,1,6,0.593588650226593,0.612788736820221,0.7279411764705882,0.7142857142857143
1,1,7,0.5821729302406311,0.5978281497955322,0.7279411764705882,0.7142857142857143
1,1,8,0.5832961797714233,0.5961015820503235,0.7279411764705882,0.7142857142857143
1,1,9,0.588301420211792,0.5995200276374817,0.7279411764705882,0.7142857142857143
1,1,10,0.5905406475067139,0.6013323068618774,0.7279411764705882,0.7142857142857143
1,1,11,0.5882948637008667,0.5996816158294678,0.7279411764705882,0.7142857142857143
1,1,12,0.5830397009849548,0.5958408117294312,0.7279411764705882,0.7142857142857143
1,1,13,0.5774820446968079,0.5923238396644592,0.7279411764705882,0.7142857142857143
1,1,14,0.5740860104560852,0.591334879398346,0.7279411764705882,0.7142857142857143
1,1,15,0.5736794471740723,0.5933452248573303,0.7279411764705882,0.7142857142857143
1,1,16,0.5746011734008789,0.5962650775909424,0.7279411764705882,0.7142857142857143
1,1,17,0.5738624334335327,0.5965914726257324,0.7279411764705882,0.7142857142857143
1,1,18,0.570512056350708,0.5932913422584534,0.7279411764705882,0.7142857142857143
1,1,19,0.5664427280426025,0.5886096358299255,0.7279411764705882,0.7142857142857143
1,1,20,0.5635018944740295,0.5848446488380432,0.7279411764705882,0.7142857142857143
1,1,21,0.5618017315864563,0.5826112627983093,0.7279411764705882,0.7142857142857143
1,1,22,0.5601869225502014,0.5810969471931458,0.7279411764705882,0.7142857142857143
1,1,23,0.5574606657028198,0.5792464017868042,0.7279411764705882,0.7142857142857143
1,1,24,0.5536069273948669,0.5769116282463074,0.7279411764705882,0.7142857142857143
1,1,25,0.5494046211242676,0.5748366713523865,0.7279411764705882,0.7142857142857143
1,1,26,0.5456492304801941,0.5735670924186707,0.7279411764705882,0.7142857142857143
1,1,27,0.5423668026924133,0.5728879570960999,0.7279411764705882,0.7142857142857143
1,1,28,0.5385436415672302,0.5713388323783875,0.7279411764705882,0.7142857142857143
1,1,29,0.5332369208335876,0.5675413012504578,0.7279411764705882,0.7142857142857143
1,1,30,0.5274901986122131,0.5627288222312927,0.7279411764705882,0.7142857142857143
1,1,31,0.5223940014839172,0.5584120750427246,0.7279411764705882,0.7142857142857143
1,1,32,0.5165020227432251,0.5545253157615662,0.7279411764705882,0.7142857142857143
1,1,33,0.5097121000289917,0.5510477423667908,0.7279411764705882,0.7142857142857143
1,1,34,0.5038788914680481,0.549426794052124,0.7279411764705882,0.7142857142857143
1,1,35,0.4991883635520935,0.5487979650497437,0.7279411764705882,0.7142857142857143
1,1,36,0.49311143159866333,0.5449892282485962,0.7279411764705882,0.7142857142857143
1,1,37,0.48740890622138977,0.5405265092849731,0.7279411764705882,0.7142857142857143
1,1,38,0.48271286487579346,0.5369173884391785,0.7279411764705882,0.7142857142857143
1,1,39,0.4773498475551605,0.534300684928894,0.7279411764705882,0.7142857142857143
1,1,40,0.4722398817539215,0.5334125757217407,0.7279411764705882,0.7142857142857143
1,1,41,0.46830636262893677,0.534405529499054,0.7279411764705882,0.7142857142857143
1,1,42,0.4638296663761139,0.5332010388374329,0.7279411764705882,0.7142857142857143
1,1,43,0.4584379196166992,0.5263789296150208,0.7279411764705882,0.7142857142857143
1,1,44,0.4537477195262909,0.5219888687133789,0.7279411764705882,0.7142857142857143
1,1,45,0.4486544728279114,0.5197697281837463,0.7279411764705882,0.7142857142857143
1,1,46,0.4442043900489807,0.5219953060150146,0.7279411764705882,0.7142857142857143
1,1,47,0.43915870785713196,0.5191180109977722,0.7279411764705882,0.7142857142857143
1,1,48,0.433366596698761,0.5131675601005554,0.7279411764705882,0.7142857142857143
1,1,49,0.4279787838459015,0.5069330334663391,0.7279411764705882,0.7142857142857143
1,1,50,0.4225303530693054,0.5050619840621948,0.7279411764705882,0.7142857142857143
1,1,51,0.4169532060623169,0.5027241110801697,0.7279411764705882,0.7142857142857143
1,1,52,0.4111332297325134,0.5003547072410583,0.7279411764705882,0.7142857142857143
1,1,53,0.4058269262313843,0.5011979341506958,0.75,0.7142857142857143
1,1,54,0.3994755446910858,0.49703162908554077,0.8088235294117647,0.7714285714285715
1,1,55,0.39380237460136414,0.4894019663333893,0.8161764705882353,0.8
1,1,56,0.38718822598457336,0.49321332573890686,0.8161764705882353,0.8
1,1,57,0.3814254701137543,0.49780547618865967,0.8161764705882353,0.8
1,1,58,0.37385323643684387,0.4912501275539398,0.8308823529411765,0.8
1,1,59,0.36741822957992554,0.4850872755050659,0.8382352941176471,0.8
1,1,60,0.3604203164577484,0.4894159138202667,0.8382352941176471,0.8
1,1,61,0.35401126742362976,0.5015758275985718,0.8382352941176471,0.7714285714285715
1,1,62,0.3447769582271576,0.4914451539516449,0.8455882352941176,0.7714285714285715
1,1,63,0.3384036719799042,0.47985708713531494,0.8602941176470589,0.8
1,1,64,0.3319544494152069,0.5022661685943604,0.8529411764705882,0.7714285714285715
1,1,65,0.32318025827407837,0.4999517798423767,0.8602941176470589,0.8
1,1,66,0.31617820262908936,0.4824826419353485,0.8897058823529411,0.8
1,1,67,0.31016090512275696,0.5149068236351013,0.8455882352941176,0.8
1,1,68,0.2998332977294922,0.5019790530204773,0.8897058823529411,0.8
1,1,69,0.2955828309059143,0.48058462142944336,0.8897058823529411,0.7428571428571429
1,1,70,0.2875255048274994,0.5235755443572998,0.875,0.8
1,1,71,0.2794850766658783,0.5224928855895996,0.8897058823529411,0.8
1,1,72,0.2772919237613678,0.47423794865608215,0.9191176470588235,0.7428571428571429
1,1,73,0.27121201157569885,0.5479171872138977,0.8823529411764706,0.8
1,1,74,0.25940853357315063,0.5193113088607788,0.9044117647058824,0.7428571428571429
1,1,75,0.254852831363678,0.504535436630249,0.9191176470588235,0.7428571428571429
1,1,76,0.25155067443847656,0.5624617338180542,0.9117647058823529,0.7428571428571429
1,1,77,0.24560527503490448,0.48256781697273254,0.9338235294117647,0.7714285714285715
1,1,78,0.2363174706697464,0.5325233340263367,0.9117647058823529,0.7428571428571429
1,1,79,0.23882442712783813,0.596729576587677,0.9044117647058824,0.7428571428571429
1,1,80,0.2413884550333023,0.4479790925979614,0.9632352941176471,0.7714285714285715
1,1,81,0.2225220948457718,0.5602757334709167,0.9191176470588235,0.7428571428571429
1,1,82,0.2357623130083084,0.6473560929298401,0.8970588235294118,0.8
1,1,83,0.23139892518520355,0.4411109387874603,0.9705882352941176,0.7714285714285715
1,1,84,0.21130743622779846,0.4993208646774292,0.9485294117647058,0.7714285714285715
1,1,85,0.23177559673786163,0.6728585362434387,0.8897058823529411,0.8
1,1,86,0.20253990590572357,0.4983995854854584,0.9632352941176471,0.7714285714285715
1,1,87,0.21070732176303864,0.4551251232624054,0.9705882352941176,0.7714285714285715
1,1,88,0.1962296962738037,0.6063151955604553,0.9264705882352942,0.7428571428571429
1,1,89,0.20111295580863953,0.6576318144798279,0.9191176470588235,0.7428571428571429
1,1,90,0.1859646439552307,0.5103577375411987,0.9705882352941176,0.7714285714285715
1,1,91,0.18661858141422272,0.4886522591114044,0.9705882352941176,0.7714285714285715
1,1,92,0.17851915955543518,0.6224993467330933,0.9411764705882353,0.7428571428571429
1,1,93,0.17738831043243408,0.6531610488891602,0.9338235294117647,0.7428571428571429
1,1,94,0.17133909463882446,0.5131195783615112,0.9705882352941176,0.7714285714285715
1,1,95,0.16892267763614655,0.5085325837135315,0.9705882352941176,0.7714285714285715
1,1,96,0.16334444284439087,0.6537922620773315,0.9558823529411765,0.7428571428571429
1,1,97,0.15732434391975403,0.6617025136947632,0.9558823529411765,0.7428571428571429
1,1,98,0.1524035483598709,0.5526598691940308,0.9779411764705882,0.7714285714285715
1,1,99,0.14902912080287933,0.5533840656280518,0.9779411764705882,0.7714285714285715
1,1,100,0.14880648255348206,0.6775580048561096,0.9632352941176471,0.7428571428571429
1,2,1,0.6367301940917969,0.6328569054603577,0.7226277372262774,0.7352941176470589
1,2,2,0.5994990468025208,0.5910996794700623,0.7226277372262774,0.7352941176470589
1,2,3,0.5973692536354065,0.5818482041358948,0.7226277372262774,0.7352941176470589
1,2,4,0.6130856871604919,0.5946623086929321,0.7226277372262774,0.7352941176470589
1,2,5,0.5994915962219238,0.5830540060997009,0.7226277372262774,0.7352941176470589
1,2,6,0.5880172848701477,0.574796736240387,0.7226277372262774,0.7352941176470589
1,2,7,0.5882547497749329,0.5776078104972839,0.7226277372262774,0.7352941176470589
1,2,8,0.5919397473335266,0.5826959013938904,0.7226277372262774,0.7352941176470589
1,2,9,0.5932332277297974,0.5844464898109436,0.7226277372262774,0.7352941176470589
1,2,10,0.5906813144683838,0.5815462470054626,0.7226277372262774,0.7352941176470589
1,2,11,0.585818886756897,0.5756941437721252,0.7226277372262774,0.7352941176470589
1,2,12,0.5815916061401367,0.5700786709785461,0.7226277372262774,0.7352941176470589
1,2,13,0.5800565481185913,0.5669865608215332,0.7226277372262774,0.7352941176470589
1,2,14,0.5809280276298523,0.5665483474731445,0.7226277372262774,0.7352941176470589
1,2,15,0.5805229544639587,0.5657327175140381,0.7226277372262774,0.7352941176470589
1,2,16,0.5775359869003296,0.5631276965141296,0.7226277372262774,0.7352941176470589
1,2,17,0.5739492177963257,0.5602454543113708,0.7226277372262774,0.7352941176470589
1,2,18,0.5712859630584717,0.5583981871604919,0.7226277372262774,0.7352941176470589
1,2,19,0.5697129368782043,0.5574581027030945,0.7226277372262774,0.7352941176470589
1,2,20,0.5680810213088989,0.5561957955360413,0.7226277372262774,0.7352941176470589
1,2,21,0.5652561783790588,0.553398609161377,0.7226277372262774,0.7352941176470589
1,2,22,0.5613574385643005,0.549194872379303,0.7226277372262774,0.7352941176470589
1,2,23,0.5571513175964355,0.5442481637001038,0.7226277372262774,0.7352941176470589
1,2,24,0.5536404252052307,0.5398309826850891,0.7226277372262774,0.7352941176470589
1,2,25,0.5501246452331543,0.5355485081672668,0.7226277372262774,0.7352941176470589
1,2,26,0.5454105138778687,0.5301885604858398,0.7226277372262774,0.7352941176470589
1,2,27,0.5398050546646118,0.5238454341888428,0.7226277372262774,0.7352941176470589
1,2,28,0.5345297455787659,0.5176076292991638,0.7226277372262774,0.7352941176470589
1,2,29,0.5287557244300842,0.5107606053352356,0.7226277372262774,0.7352941176470589
1,2,30,0.5218034982681274,0.5026209950447083,0.7226277372262774,0.7352941176470589
1,2,31,0.5150253772735596,0.4947521686553955,0.7226277372262774,0.7352941176470589
1,2,32,0.5091262459754944,0.4875534176826477,0.7226277372262774,0.7352941176470589
1,2,33,0.5028970241546631,0.47888755798339844,0.7226277372262774,0.7352941176470589
1,2,34,0.4970289170742035,0.46989092230796814,0.7226277372262774,0.7352941176470589
1,2,35,0.4918121099472046,0.4623678922653198,0.7226277372262774,0.7352941176470589
1,2,36,0.48539867997169495,0.45474720001220703,0.7226277372262774,0.7352941176470589
1,2,37,0.4796008765697479,0.4484517276287079,0.7226277372262774,0.7352941176470589
1,2,38,0.47391948103904724,0.44223326444625854,0.7226277372262774,0.7352941176470589
1,2,39,0.4680072069168091,0.43555596470832825,0.7226277372262774,0.7352941176470589
1,2,40,0.4623839259147644,0.4306710660457611,0.7226277372262774,0.7352941176470589
1,2,41,0.45545080304145813,0.42549970746040344,0.7226277372262774,0.7352941176470589
1,2,42,0.4485800564289093,0.421373188495636,0.7226277372262774,0.7352941176470589
1,2,43,0.44216617941856384,0.41894790530204773,0.7226277372262774,0.7352941176470589
1,2,44,0.43546155095100403,0.4150470793247223,0.7226277372262774,0.7352941176470589
1,2,45,0.4282326102256775,0.4117754101753235,0.7226277372262774,0.7352941176470589
1,2,46,0.42088747024536133,0.41026192903518677,0.7226277372262774,0.7352941176470589
1,2,47,0.41351914405822754,0.40779921412467957,0.7226277372262774,0.7352941176470589
1,2,48,0.40560346841812134,0.40271785855293274,0.7226277372262774,0.7352941176470589
1,2,49,0.39866265654563904,0.401379257440567,0.7226277372262774,0.7352941176470589
1,2,50,0.3909640908241272,0.4020134508609772,0.7226277372262774,0.7352941176470589
1,2,51,0.38212233781814575,0.3980582654476166,0.7226277372262774,0.7352941176470589
1,2,52,0.3739812970161438,0.3959049582481384,0.7226277372262774,0.7352941176470589
1,2,53,0.3651403784751892,0.3941081762313843,0.7226277372262774,0.7352941176470589
1,2,54,0.3578042984008789,0.39797475934028625,0.7883211678832117,0.7352941176470589
1,2,55,0.3500007688999176,0.39249351620674133,0.8540145985401459,0.7941176470588235
1,2,56,0.34518182277679443,0.4005933403968811,0.8102189781021898,0.7352941176470589
1,2,57,0.332607239484787,0.39237621426582336,0.8613138686131386,0.8235294117647058
1,2,58,0.3249202072620392,0.39444664120674133,0.8394160583941606,0.8235294117647058
1,2,59,0.3172478675842285,0.39488476514816284,0.8540145985401459,0.8529411764705882
1,2,60,0.3114941716194153,0.4003399610519409,0.8467153284671532,0.7941176470588235
1,2,61,0.3067694902420044,0.39356178045272827,0.9124087591240876,0.7941176470588235
1,2,62,0.3140948414802551,0.43818244338035583,0.8248175182481752,0.7352941176470589
1,2,63,0.29560479521751404,0.3950904309749603,0.927007299270073,0.7941176470588235
1,2,64,0.2853095829486847,0.40213584899902344,0.9124087591240876,0.7647058823529411
1,2,65,0.2934185564517975,0.43968406319618225,0.8248175182481752,0.7352941176470589
1,2,66,0.2832907736301422,0.39382404088974,0.9343065693430657,0.7941176470588235
1,2,67,0.2704531252384186,0.4016306400299072,0.9197080291970803,0.7941176470588235
1,2,68,0.28539931774139404,0.4549110233783722,0.8175182481751825,0.7352941176470589
1,2,69,0.2731587886810303,0.389853298664093,0.948905109489051,0.7647058823529411
1,2,70,0.25869300961494446,0.39540043473243713,0.9416058394160584,0.7647058823529411
1,2,71,0.2794197201728821,0.4765298664569855,0.8321167883211679,0.7352941176470589
1,2,72,0.2485613226890564,0.3953748941421509,0.9416058394160584,0.7941176470588235
1,2,73,0.2508130371570587,0.38911253213882446,0.9635036496350365,0.7647058823529411
1,2,74,0.2460831105709076,0.44289690256118774,0.8978102189781022,0.7647058823529411
1,2,75,0.23242509365081787,0.4165116250514984,0.9343065693430657,0.7647058823529411
1,2,76,0.2323891818523407,0.39332181215286255,0.9635036496350365,0.7941176470588235
1,2,77,0.22501172125339508,0.42312750220298767,0.927007299270073,0.7647058823529411
1,2,78,0.222023606300354,0.4328303337097168,0.9197080291970803,0.7647058823529411
1,2,79,0.21602611243724823,0.3991481363773346,0.9635036496350365,0.8235294117647058
1,2,80,0.21103951334953308,0.4023005962371826,0.9635036496350365,0.7941176470588235
1,2,81,0.20764154195785522,0.4264652729034424,0.9416058394160584,0.7647058823529411
1,2,82,0.20073460042476654,0.4090406000614166,0.9635036496350365,0.8235294117647058
1,2,83,0.19622710347175598,0.4161282777786255,0.9635036496350365,0.7941176470588235
1,2,84,0.19278207421302795,0.42692017555236816,0.948905109489051,0.7647058823529411
1,2,85,0.18828806281089783,0.4011007845401764,0.9708029197080292,0.8235294117647058
1,2,86,0.18382205069065094,0.43169698119163513,0.9635036496350365,0.7647058823529411
1,2,87,0.17843906581401825,0.4261515438556671,0.9708029197080292,0.7941176470588235
1,2,88,0.17989465594291687,0.3878098428249359,0.9781021897810219,0.8235294117647058
1,2,89,0.17503225803375244,0.44418391585350037,0.9635036496350365,0.7647058823529411
1,2,90,0.1684957891702652,0.40767237544059753,0.9781021897810219,0.8235294117647058
1,2,91,0.16461217403411865,0.41526126861572266,0.9781021897810219,0.7941176470588235
1,2,92,0.16661213338375092,0.4718444049358368,0.9562043795620438,0.7647058823529411
1,2,93,0.16297699511051178,0.39108917117118835,0.9781021897810219,0.7941176470588235
1,2,94,0.15562698245048523,0.4134924113750458,0.9781021897810219,0.8235294117647058
1,2,95,0.16943100094795227,0.527228832244873,0.9416058394160584,0.7941176470588235
1,2,96,0.16956214606761932,0.3746245801448822,0.9781021897810219,0.7647058823529411
1,2,97,0.16524508595466614,0.3759169280529022,0.9781021897810219,0.7647058823529411
1,2,98,0.16406679153442383,0.5394688248634338,0.948905109489051,0.7941176470588235
1,2,99,0.14079637825489044,0.4329412579536438,0.9781021897810219,0.8235294117647058
1,2,100,0.1395377218723297,0.42549392580986023,0.9781021897810219,0.7941176470588235
1,3,1,0.6566523313522339,0.6543403267860413,0.7226277372262774,0.7352941176470589
1,3,2,0.6134228110313416,0.6071867346763611,0.7226277372262774,0.7352941176470589
1,3,3,0.5907163023948669,0.5779150724411011,0.7226277372262774,0.7352941176470589
1,3,4,0.6191734671592712,0.6006391644477844,0.7226277372262774,0.7352941176470589
1,3,5,0.6114693284034729,0.5945706963539124,0.7226277372262774,0.7352941176470589
1,3,6,0.5927677154541016,0.5796436071395874,0.7226277372262774,0.7352941176470589
1,3,7,0.5861029028892517,0.5766767859458923,0.7226277372262774,0.7352941176470589
1,3,8,0.5898396372795105,0.5830400586128235,0.7226277372262774,0.7352941176470589
1,3,9,0.5938084125518799,0.5885050296783447,0.7226277372262774,0.7352941176470589
1,3,10,0.5932445526123047,0.5886607766151428,0.7226277372262774,0.7352941176470589
1,3,11,0.588493287563324,0.5840972661972046,0.7226277372262774,0.7352941176470589
1,3,12,0.5824943780899048,0.5779852271080017,0.7226277372262774,0.7352941176470589
1,3,13,0.578005850315094,0.5732010006904602,0.7226277372262774,0.7352941176470589
1,3,14,0.576904296875,0.5718730688095093,0.7226277372262774,0.7352941176470589
1,3,15,0.5777056813240051,0.5729712247848511,0.7226277372262774,0.7352941176470589
1,3,16,0.5763924717903137,0.572799563407898,0.7226277372262774,0.7352941176470589
1,3,17,0.5724225640296936,0.5706413984298706,0.7226277372262774,0.7352941176470589
1,3,18,0.567805290222168,0.5682340264320374,0.7226277372262774,0.7352941176470589
1,3,19,0.5643032193183899,0.5671355724334717,0.7226277372262774,0.7352941176470589
1,3,20,0.5621415972709656,0.5674312710762024,0.7226277372262774,0.7352941176470589
1,3,21,0.5599106550216675,0.5675439238548279,0.7226277372262774,0.7352941176470589
1,3,22,0.5560442209243774,0.5659329891204834,0.7226277372262774,0.7352941176470589
1,3,23,0.5506389737129211,0.5627108216285706,0.7226277372262774,0.7352941176470589
1,3,24,0.545168936252594,0.5595391392707825,0.7226277372262774,0.7352941176470589
1,3,25,0.5403951406478882,0.5574281215667725,0.7226277372262774,0.7352941176470589
1,3,26,0.5353974103927612,0.5558122396469116,0.7226277372262774,0.7352941176470589
1,3,27,0.5291308760643005,0.5538259148597717,0.7226277372262774,0.7352941176470589
1,3,28,0.5218362212181091,0.5517540574073792,0.7226277372262774,0.7352941176470589
1,3,29,0.5147678256034851,0.550601065158844,0.7226277372262774,0.7352941176470589
1,3,30,0.5075007081031799,0.5493708252906799,0.7226277372262774,0.7352941176470589
1,3,31,0.4986642301082611,0.546156108379364,0.7226277372262774,0.7352941176470589
1,3,32,0.4912533760070801,0.5444707870483398,0.7226277372262774,0.7352941176470589
1,3,33,0.48485538363456726,0.5446296334266663,0.7226277372262774,0.7352941176470589
1,3,34,0.4771570861339569,0.544414222240448,0.7226277372262774,0.7352941176470589
1,3,35,0.46982523798942566,0.5450264811515808,0.7226277372262774,0.7352941176470589
1,3,36,0.4640330374240875,0.5468414425849915,0.7226277372262774,0.7352941176470589
1,3,37,0.456815630197525,0.5471361875534058,0.7226277372262774,0.7352941176470589
1,3,38,0.4515559673309326,0.5492331385612488,0.7226277372262774,0.7352941176470589
1,3,39,0.4450185298919678,0.5509103536605835,0.7226277372262774,0.7352941176470589
1,3,40,0.4388810098171234,0.5522328615188599,0.7226277372262774,0.7352941176470589
1,3,41,0.4327220618724823,0.5534591674804688,0.7226277372262774,0.7352941176470589
1,3,42,0.4259795844554901,0.5552069544792175,0.7226277372262774,0.7352941176470589
1,3,43,0.42013221979141235,0.5575371384620667,0.7226277372262774,0.7352941176470589
1,3,44,0.41310131549835205,0.5570232272148132,0.7591240875912408,0.7941176470588235
1,3,45,0.40599003434181213,0.5580959916114807,0.7956204379562044,0.7941176470588235
1,3,46,0.39877569675445557,0.5605284571647644,0.8029197080291971,0.8235294117647058
1,3,47,0.3918706774711609,0.5618521571159363,0.8102189781021898,0.7941176470588235
1,3,48,0.38494154810905457,0.5618005394935608,0.8175182481751825,0.7941176470588235
1,3,49,0.3776007294654846,0.5633634924888611,0.8175182481751825,0.7941176470588235
1,3,50,0.3711540102958679,0.568581223487854,0.8248175182481752,0.7941176470588235
1,3,51,0.36299726366996765,0.568558394908905,0.8175182481751825,0.7941176470588235
1,3,52,0.3562307357788086,0.5676519870758057,0.8394160583941606,0.7941176470588235
1,3,53,0.3482520282268524,0.5708189606666565,0.8394160583941606,0.7941176470588235
1,3,54,0.3407570421695709,0.5754899382591248,0.8248175182481752,0.7941176470588235
1,3,55,0.3328903317451477,0.5734338164329529,0.8540145985401459,0.7647058823529411
1,3,56,0.3235621452331543,0.579877495765686,0.8540145985401459,0.7941176470588235
1,3,57,0.31655117869377136,0.5863646268844604,0.8540145985401459,0.7941176470588235
1,3,58,0.308319091796875,0.5852058529853821,0.8613138686131386,0.7647058823529411
1,3,59,0.3015826344490051,0.5954399108886719,0.8540145985401459,0.7941176470588235
1,3,60,0.2932336628437042,0.59494549036026,0.8686131386861314,0.7941176470588235
1,3,61,0.2856689691543579,0.5990085005760193,0.8905109489051095,0.7647058823529411
1,3,62,0.2801288068294525,0.6164426207542419,0.8686131386861314,0.7941176470588235
1,3,63,0.2725551426410675,0.6092257499694824,0.9124087591240876,0.7647058823529411
1,3,64,0.2721795439720154,0.6378366351127625,0.8467153284671532,0.7941176470588235
1,3,65,0.269717276096344,0.6144564151763916,0.9416058394160584,0.7352941176470589
1,3,66,0.261812299489975,0.6501372456550598,0.8613138686131386,0.7941176470588235
1,3,67,0.2501114308834076,0.6412328481674194,0.9197080291970803,0.7941176470588235
1,3,68,0.2449234426021576,0.6499216556549072,0.927007299270073,0.7941176470588235
1,3,69,0.23975282907485962,0.6686394214630127,0.9124087591240876,0.7647058823529411
1,3,70,0.23573671281337738,0.6627272963523865,0.948905109489051,0.7941176470588235
1,3,71,0.23416554927825928,0.7018099427223206,0.9051094890510949,0.7941176470588235
1,3,72,0.23038895428180695,0.6715636253356934,0.9635036496350365,0.7352941176470589
1,3,73,0.22414414584636688,0.7140528559684753,0.9124087591240876,0.7941176470588235
1,3,74,0.21662454307079315,0.7092528939247131,0.948905109489051,0.7941176470588235
1,3,75,0.213687926530838,0.7054563164710999,0.9708029197080292,0.7647058823529411
1,3,76,0.2124028354883194,0.7561097145080566,0.9124087591240876,0.7941176470588235
1,3,77,0.20518359541893005,0.7235062122344971,0.9708029197080292,0.7647058823529411
1,3,78,0.20075805485248566,0.7651633620262146,0.948905109489051,0.7647058823529411
1,3,79,0.19572840631008148,0.7617945671081543,0.9708029197080292,0.7941176470588235
1,3,80,0.19231253862380981,0.7671142220497131,0.9708029197080292,0.7941176470588235
1,3,81,0.18905991315841675,0.7877892851829529,0.9708029197080292,0.7647058823529411
1,3,82,0.18631644546985626,0.8085729479789734,0.9635036496350365,0.7941176470588235
1,3,83,0.18664726614952087,0.7720995545387268,0.9708029197080292,0.7647058823529411
1,3,84,0.17995873093605042,0.8208636045455933,0.9635036496350365,0.7941176470588235
1,3,85,0.17968632280826569,0.7899193167686462,0.9708029197080292,0.7647058823529411
1,3,86,0.17167668044567108,0.8298022150993347,0.9708029197080292,0.7647058823529411
1,3,87,0.17068667709827423,0.8622420430183411,0.9708029197080292,0.8235294117647058
1,3,88,0.1750512272119522,0.7887824177742004,0.9708029197080292,0.7647058823529411
1,3,89,0.16972152888774872,0.8003425598144531,0.9708029197080292,0.7647058823529411
1,3,90,0.17688314616680145,0.903188943862915,0.9416058394160584,0.8235294117647058
1,3,91,0.18216049671173096,0.7716540098190308,0.9708029197080292,0.6764705882352942
1,3,92,0.18052801489830017,0.7639998197555542,0.9708029197080292,0.6764705882352942
1,3,93,0.1672665923833847,0.8580199480056763,0.9708029197080292,0.8235294117647058
1,3,94,0.1523570865392685,0.8219950199127197,0.9708029197080292,0.7941176470588235
1,3,95,0.14754816889762878,0.8298787474632263,0.9781021897810219,0.7647058823529411
1,3,96,0.15875452756881714,0.8787527680397034,0.9708029197080292,0.8235294117647058
1,3,97,0.15817959606647491,0.7923370003700256,0.9708029197080292,0.6764705882352942
1,3,98,0.15572090446949005,0.7905850410461426,0.9708029197080292,0.6764705882352942
1,3,99,0.13942576944828033,0.8412448763847351,0.9781021897810219,0.8235294117647058
1,3,100,0.1355283111333847,0.854915976524353,0.9781021897810219,0.8235294117647058
1,4,1,0.6491582989692688,0.6462863683700562,0.7226277372262774,0.7352941176470589
1,4,2,0.6112977862358093,0.6047678589820862,0.7226277372262774,0.7352941176470589
1,4,3,0.590571403503418,0.577876627445221,0.7226277372262774,0.7352941176470589
1,4,4,0.6163440942764282,0.5976487398147583,0.7226277372262774,0.7352941176470589
1,4,5,0.6096693873405457,0.592123806476593,0.7226277372262774,0.7352941176470589
1,4,6,0.5920157432556152,0.5779627561569214,0.7226277372262774,0.7352941176470589
1,4,7,0.5868542194366455,0.5761744379997253,0.7226277372262774,0.7352941176470589
1,4,8,0.5911571383476257,0.5826879739761353,0.7226277372262774,0.7352941176470589
1,4,9,0.5948426723480225,0.5874674320220947,0.7226277372262774,0.7352941176470589
1,4,10,0.5942314863204956,0.5871359705924988,0.7226277372262774,0.7352941176470589
1,4,11,0.5900863409042358,0.582743227481842,0.7226277372262774,0.7352941176470589
1,4,12,0.5843203663825989,0.5762773156166077,0.7226277372262774,0.7352941176470589
1,4,13,0.5800468325614929,0.5710338354110718,0.7226277372262774,0.7352941176470589
1,4,14,0.5792936682701111,0.5693278908729553,0.7226277372262774,0.7352941176470589
1,4,15,0.5808418989181519,0.5703433752059937,0.7226277372262774,0.7352941176470589
1,4,16,0.5805591344833374,0.5703611969947815,0.7226277372262774,0.7352941176470589
1,4,17,0.5770419836044312,0.5678938031196594,0.7226277372262774,0.7352941176470589
1,4,18,0.5722885727882385,0.5646846890449524,0.7226277372262774,0.7352941176470589
1,4,19,0.569061815738678,0.5630978345870972,0.7226277372262774,0.7352941176470589
1,4,20,0.5676528811454773,0.5632063746452332,0.7226277372262774,0.7352941176470589
1,4,21,0.5661693215370178,0.5630823969841003,0.7226277372262774,0.7352941176470589
1,4,22,0.5633379220962524,0.561493456363678,0.7226277372262774,0.7352941176470589
1,4,23,0.5589582324028015,0.5581984519958496,0.7226277372262774,0.7352941176470589
1,4,24,0.5543798804283142,0.5546101331710815,0.7226277372262774,0.7352941176470589
1,4,25,0.5504996180534363,0.5519468784332275,0.7226277372262774,0.7352941176470589
1,4,26,0.5469650030136108,0.5500765442848206,0.7226277372262774,0.7352941176470589
1,4,27,0.5424478650093079,0.5478785037994385,0.7226277372262774,0.7352941176470589
1,4,28,0.5363790392875671,0.5448884963989258,0.7226277372262774,0.7352941176470589
1,4,29,0.5302667617797852,0.5423058867454529,0.7226277372262774,0.7352941176470589
1,4,30,0.5244669318199158,0.5403772592544556,0.7226277372262774,0.7352941176470589
1,4,31,0.5175174474716187,0.5379149317741394,0.7226277372262774,0.7352941176470589
1,4,32,0.5098814368247986,0.535139799118042,0.7226277372262774,0.7352941176470589
1,4,33,0.5030663013458252,0.5337280035018921,0.7226277372262774,0.7352941176470589
1,4,34,0.4964013695716858,0.5331310033798218,0.7226277372262774,0.7352941176470589
1,4,35,0.48880237340927124,0.5323663353919983,0.7226277372262774,0.7352941176470589
1,4,36,0.48153018951416016,0.5323562622070312,0.7226277372262774,0.7352941176470589
1,4,37,0.47532030940055847,0.5337867140769958,0.7226277372262774,0.7352941176470589
1,4,38,0.4687857925891876,0.5353066921234131,0.7226277372262774,0.7352941176470589
1,4,39,0.46227115392684937,0.5375416874885559,0.7226277372262774,0.7352941176470589
1,4,40,0.4553869664669037,0.5399969816207886,0.7226277372262774,0.7352941176470589
1,4,41,0.4486333131790161,0.5423150062561035,0.7226277372262774,0.7352941176470589
1,4,42,0.442341685295105,0.5452026128768921,0.7226277372262774,0.7352941176470589
1,4,43,0.43609416484832764,0.5481926202774048,0.7226277372262774,0.7352941176470589
1,4,44,0.4298263192176819,0.5510550737380981,0.7226277372262774,0.7352941176470589
1,4,45,0.42340484261512756,0.5533071160316467,0.7226277372262774,0.7352941176470589
1,4,46,0.4176803231239319,0.5558724403381348,0.7226277372262774,0.7352941176470589
1,4,47,0.41130462288856506,0.5586925148963928,0.7226277372262774,0.7352941176470589
1,4,48,0.4061417877674103,0.5617768168449402,0.7226277372262774,0.7352941176470589
1,4,49,0.3997859060764313,0.5625319480895996,0.7226277372262774,0.7352941176470589
1,4,50,0.3934944272041321,0.5626735091209412,0.7226277372262774,0.7352941176470589
1,4,51,0.3875734806060791,0.5635768175125122,0.7226277372262774,0.7352941176470589
1,4,52,0.3814097046852112,0.5626766681671143,0.8102189781021898,0.7647058823529411
1,4,53,0.3752761781215668,0.5660218596458435,0.8175182481751825,0.7647058823529411
1,4,54,0.36826467514038086,0.5631678700447083,0.8102189781021898,0.7941176470588235
1,4,55,0.3616383671760559,0.5623687505722046,0.8394160583941606,0.7647058823529411
1,4,56,0.35641545057296753,0.5652785897254944,0.8102189781021898,0.7941176470588235
1,4,57,0.34856799244880676,0.5620399117469788,0.8540145985401459,0.7647058823529411
1,4,58,0.34074780344963074,0.5651218891143799,0.8540145985401459,0.7647058823529411
1,4,59,0.33439451456069946,0.5691291093826294,0.8467153284671532,0.7941176470588235
1,4,60,0.3271159529685974,0.5637125968933105,0.8613138686131386,0.7352941176470589
1,4,61,0.31953394412994385,0.5652647614479065,0.8686131386861314,0.7352941176470589
1,4,62,0.31311023235321045,0.5628390908241272,0.8686131386861314,0.7352941176470589
1,4,63,0.3061714172363281,0.5552813410758972,0.8978102189781022,0.7352941176470589
1,4,64,0.3014889657497406,0.5620878338813782,0.8540145985401459,0.7941176470588235
1,4,65,0.2957325577735901,0.5401017069816589,0.9197080291970803,0.7058823529411765
1,4,66,0.2926807403564453,0.559048593044281,0.8540145985401459,0.8235294117647058
1,4,67,0.2809976637363434,0.5381270051002502,0.9197080291970803,0.7352941176470589
1,4,68,0.27429693937301636,0.54509437084198,0.9051094890510949,0.7352941176470589
1,4,69,0.2690669000148773,0.5484167337417603,0.8978102189781022,0.7647058823529411
1,4,70,0.26605990529060364,0.5296159386634827,0.927007299270073,0.7058823529411765
1,4,71,0.2606126666069031,0.5613046884536743,0.8905109489051095,0.7647058823529411
1,4,72,0.2555994987487793,0.5306264162063599,0.9343065693430657,0.7058823529411765
1,4,73,0.24825146794319153,0.5584282279014587,0.9051094890510949,0.7647058823529411
1,4,74,0.241604745388031,0.5434761047363281,0.9416058394160584,0.7352941176470589
1,4,75,0.2373712658882141,0.5715867877006531,0.9051094890510949,0.7647058823529411
1,4,76,0.23487691581249237,0.5467879176139832,0.9635036496350365,0.7058823529411765
1,4,77,0.23305076360702515,0.5910606384277344,0.8905109489051095,0.7647058823529411
1,4,78,0.22823412716388702,0.5542221069335938,0.9635036496350365,0.7058823529411765
1,4,79,0.2185584455728531,0.6026485562324524,0.9343065693430657,0.7647058823529411
1,4,80,0.21162715554237366,0.5856011509895325,0.9708029197080292,0.7647058823529411
1,4,81,0.20734460651874542,0.6137287020683289,0.948905109489051,0.7647058823529411
1,4,82,0.20550161600112915,0.5915545225143433,0.9708029197080292,0.7058823529411765
1,4,83,0.20242665708065033,0.6408318281173706,0.948905109489051,0.7647058823529411
1,4,84,0.1991223841905594,0.6052097082138062,0.9854014598540146,0.7058823529411765
1,4,85,0.19184063374996185,0.6527552008628845,0.948905109489051,0.7647058823529411
1,4,86,0.1861877739429474,0.6536643505096436,0.9708029197080292,0.7647058823529411
1,4,87,0.18247181177139282,0.6595811247825623,0.9781021897810219,0.7647058823529411
1,4,88,0.17902551591396332,0.6670004725456238,0.9854014598540146,0.7647058823529411
1,4,89,0.17529721558094025,0.676058292388916,0.9854014598540146,0.7647058823529411
1,4,90,0.17163485288619995,0.688913881778717,0.9854014598540146,0.7647058823529411
1,4,91,0.16989603638648987,0.6872028708457947,0.9854014598540146,0.7647058823529411
1,4,92,0.18205533921718597,0.7547867894172668,0.9343065693430657,0.7941176470588235
1,4,93,0.21399855613708496,0.6036940217018127,0.9635036496350365,0.6764705882352942
1,4,94,0.1713857501745224,0.6632420420646667,0.9854014598540146,0.7058823529411765
1,4,95,0.2602020800113678,0.8781736493110657,0.8321167883211679,0.7647058823529411
1,4,96,0.18553084135055542,0.6170602440834045,0.9854014598540146,0.7058823529411765
1,4,97,0.2251380831003189,0.5726808905601501,0.948905109489051,0.6470588235294118
1,4,98,0.16151531040668488,0.6263978481292725,0.9854014598540146,0.7647058823529411
1,4,99,0.24594661593437195,0.7786820530891418,0.8102189781021898,0.7647058823529411
1,4,100,0.16266758739948273,0.609145998954773,0.9854014598540146,0.7058823529411765
1,5,1,0.6656573414802551,0.6687339544296265,0.7299270072992701,0.7058823529411765
1,5,2,0.6213030815124512,0.6308475732803345,0.7299270072992701,0.7058823529411765
1,5,3,0.5850949287414551,0.6057633757591248,0.7299270072992701,0.7058823529411765
1,5,4,0.6044186949729919,0.6399807929992676,0.7299270072992701,0.7058823529411765
1,5,5,0.614730954170227,0.6535102725028992,0.7299270072992701,0.7058823529411765
1,5,6,0.5956640243530273,0.6297861337661743,0.7299270072992701,0.7058823529411765
1,5,7,0.5813127160072327,0.6087785959243774,0.7299270072992701,0.7058823529411765
1,5,8,0.5810137987136841,0.6027913689613342,0.7299270072992701,0.7058823529411765
1,5,9,0.5867063403129578,0.6049515008926392,0.7299270072992701,0.7058823529411765
1,5,10,0.5904701948165894,0.6072016358375549,0.7299270072992701,0.7058823529411765
1,5,11,0.5896040201187134,0.6065273284912109,0.7299270072992701,0.7058823529411765
1,5,12,0.5847919583320618,0.6033106446266174,0.7299270072992701,0.7058823529411765
1,5,13,0.5784565806388855,0.5997277498245239,0.7299270072992701,0.7058823529411765
1,5,14,0.5735591650009155,0.5984879732131958,0.7299270072992701,0.7058823529411765
1,5,15,0.5723328590393066,0.6012153625488281,0.7299270072992701,0.7058823529411765
1,5,16,0.5740256309509277,0.6063038110733032,0.7299270072992701,0.7058823529411765
1,5,17,0.5749475955963135,0.6090884804725647,0.7299270072992701,0.7058823529411765
1,5,18,0.5727859735488892,0.6070119142532349,0.7299270072992701,0.7058823529411765
1,5,19,0.5686213374137878,0.601554811000824,0.7299270072992701,0.7058823529411765
1,5,20,0.5647439360618591,0.5955445766448975,0.7299270072992701,0.7058823529411765
1,5,21,0.5627044439315796,0.5913072824478149,0.7299270072992701,0.7058823529411765
1,5,22,0.5619606971740723,0.5889559388160706,0.7299270072992701,0.7058823529411765
1,5,23,0.5609660148620605,0.5873489379882812,0.7299270072992701,0.7058823529411765
1,5,24,0.5585457682609558,0.5854929089546204,0.7299270072992701,0.7058823529411765
1,5,25,0.5549175143241882,0.5834092497825623,0.7299270072992701,0.7058823529411765
1,5,26,0.5508008599281311,0.5817087292671204,0.7299270072992701,0.7058823529411765
1,5,27,0.5472785234451294,0.5810811519622803,0.7299270072992701,0.7058823529411765
1,5,28,0.5443586111068726,0.5808189511299133,0.7299270072992701,0.7058823529411765
1,5,29,0.5410287380218506,0.5794461369514465,0.7299270072992701,0.7058823529411765
1,5,30,0.5362992286682129,0.5754690766334534,0.7299270072992701,0.7058823529411765
1,5,31,0.5309971570968628,0.5701519250869751,0.7299270072992701,0.7058823529411765
1,5,32,0.5260387063026428,0.564953625202179,0.7299270072992701,0.7058823529411765
1,5,33,0.5210797190666199,0.5603429079055786,0.7299270072992701,0.7058823529411765
1,5,34,0.5148317217826843,0.555987536907196,0.7299270072992701,0.7058823529411765
1,5,35,0.5074808597564697,0.552094042301178,0.7299270072992701,0.7058823529411765
1,5,36,0.5006148219108582,0.5498695373535156,0.7299270072992701,0.7058823529411765
1,5,37,0.49470365047454834,0.5481406450271606,0.7299270072992701,0.7058823529411765
1,5,38,0.48780977725982666,0.5437537431716919,0.7299270072992701,0.7058823529411765
1,5,39,0.48099973797798157,0.5377692580223083,0.7299270072992701,0.7058823529411765
1,5,40,0.4751056730747223,0.533600926399231,0.7299270072992701,0.7058823529411765
1,5,41,0.4677608609199524,0.5312554836273193,0.7299270072992701,0.7058823529411765
1,5,42,0.4608469009399414,0.5306006073951721,0.7299270072992701,0.7058823529411765
1,5,43,0.45478418469429016,0.530490517616272,0.7299270072992701,0.7058823529411765
1,5,44,0.4484836459159851,0.5271427035331726,0.7299270072992701,0.7058823529411765
1,5,45,0.44282424449920654,0.5240212678909302,0.7299270072992701,0.7058823529411765
1,5,46,0.4372807741165161,0.5231949090957642,0.7299270072992701,0.7058823529411765
1,5,47,0.4311400353908539,0.5234008431434631,0.7299270072992701,0.7058823529411765
1,5,48,0.4246750771999359,0.5239872932434082,0.7299270072992701,0.7058823529411765
1,5,49,0.418579638004303,0.5233483910560608,0.7591240875912408,0.7058823529411765
1,5,50,0.41253551840782166,0.5201398730278015,0.7956204379562044,0.7058823529411765
1,5,51,0.40656423568725586,0.5223155617713928,0.8029197080291971,0.7352941176470589
1,5,52,0.401077002286911,0.5254096984863281,0.8029197080291971,0.7352941176470589
1,5,53,0.3947387635707855,0.5219427347183228,0.8102189781021898,0.7352941176470589
1,5,54,0.3884948492050171,0.5217152237892151,0.8175182481751825,0.7352941176470589
1,5,55,0.38227465748786926,0.5236050486564636,0.8248175182481752,0.7647058823529411
1,5,56,0.3761465847492218,0.5227504372596741,0.8248175182481752,0.7647058823529411
1,5,57,0.370467871427536,0.5250794887542725,0.8248175182481752,0.7647058823529411
1,5,58,0.3641164004802704,0.5258947014808655,0.8321167883211679,0.7647058823529411
1,5,59,0.3584439754486084,0.5172659158706665,0.8540145985401459,0.7647058823529411
1,5,60,0.3516952693462372,0.5253700017929077,0.8613138686131386,0.7647058823529411
1,5,61,0.34443676471710205,0.5289406180381775,0.8613138686131386,0.7647058823529411
1,5,62,0.33730337023735046,0.5252742767333984,0.8540145985401459,0.7647058823529411
1,5,63,0.33130523562431335,0.5264780521392822,0.8613138686131386,0.7647058823529411
1,5,64,0.3252701759338379,0.5245102643966675,0.8686131386861314,0.7647058823529411
1,5,65,0.31758245825767517,0.5252353549003601,0.8759124087591241,0.7647058823529411
1,5,66,0.30969923734664917,0.5238659381866455,0.8832116788321168,0.7647058823529411
1,5,67,0.3030075430870056,0.5230550169944763,0.8832116788321168,0.7647058823529411
1,5,68,0.2972477376461029,0.5311883687973022,0.8832116788321168,0.7352941176470589
1,5,69,0.2905047833919525,0.5112771391868591,0.9051094890510949,0.7647058823529411
1,5,70,0.2863227128982544,0.5538657903671265,0.8832116788321168,0.7352941176470589
1,5,71,0.27631238102912903,0.5072761178016663,0.927007299270073,0.7647058823529411
1,5,72,0.27213481068611145,0.559887707233429,0.8905109489051095,0.7352941176470589
1,5,73,0.26214799284935,0.5262371301651001,0.927007299270073,0.7352941176470589
1,5,74,0.25444135069847107,0.5282495021820068,0.9343065693430657,0.7352941176470589
1,5,75,0.25226178765296936,0.584530770778656,0.8905109489051095,0.7352941176470589
1,5,76,0.2510443329811096,0.4968198835849762,0.9635036496350365,0.7647058823529411
1,5,77,0.24219827353954315,0.605553925037384,0.8905109489051095,0.7352941176470589
1,5,78,0.2295316904783249,0.5545153617858887,0.948905109489051,0.7352941176470589
1,5,79,0.224173903465271,0.5779981017112732,0.948905109489051,0.7352941176470589
1,5,80,0.22314706444740295,0.6208146214485168,0.9343065693430657,0.7352941176470589
1,5,81,0.2224547117948532,0.5310417413711548,0.9708029197080292,0.7352941176470589
1,5,82,0.21595238149166107,0.6482239961624146,0.9197080291970803,0.7352941176470589
1,5,83,0.2064007967710495,0.579107403755188,0.9708029197080292,0.7352941176470589
1,5,84,0.19954536855220795,0.6373398900032043,0.9708029197080292,0.7352941176470589
1,5,85,0.1969202309846878,0.6742361783981323,0.9635036496350365,0.7352941176470589
1,5,86,0.2001509815454483,0.5642379522323608,0.9854014598540146,0.7352941176470589
1,5,87,0.18783876299858093,0.6841499209403992,0.9708029197080292,0.7352941176470589
1,5,88,0.18436646461486816,0.7124935388565063,0.9708029197080292,0.7352941176470589
1,5,89,0.19376106560230255,0.5603708028793335,0.9927007299270073,0.7352941176470589
1,5,90,0.17715848982334137,0.70805424451828,0.9708029197080292,0.7352941176470589
1,5,91,0.18826176226139069,0.8061875104904175,0.9343065693430657,0.7352941176470589
1,5,92,0.19601863622665405,0.5295562148094177,0.9927007299270073,0.7352941176470589
1,5,93,0.1781587451696396,0.5910241007804871,0.9927007299270073,0.7352941176470589
1,5,94,0.20865730941295624,0.878744900226593,0.8613138686131386,0.7058823529411765
1,5,95,0.17652960121631622,0.5759910345077515,0.9927007299270073,0.7352941176470589
1,5,96,0.18405038118362427,0.5356714725494385,0.9927007299270073,0.7352941176470589
1,5,97,0.1673438847064972,0.7193474769592285,0.9708029197080292,0.7352941176470589
1,5,98,0.17394858598709106,0.78562992811203,0.948905109489051,0.7352941176470589
1,5,99,0.17730018496513367,0.5367303490638733,0.9927007299270073,0.7352941176470589
1,5,100,0.17480522394180298,0.5382616519927979,0.9927007299270073,0.7352941176470589
2,1,1,0.646030604839325,0.6492794752120972,0.7279411764705882,0.7142857142857143
2,1,2,0.6039132475852966,0.6116188168525696,0.7279411764705882,0.7142857142857143
2,1,3,0.586621105670929,0.6017689108848572,0.7279411764705882,0.7142857142857143
2,1,4,0.6099640130996704,0.6311163902282715,0.7279411764705882,0.7142857142857143
2,1,5,0.6003549695014954,0.6204893589019775,0.7279411764705882,0.7142857142857143
2,1,6,0.5849392414093018,0.6017752289772034,0.7279411764705882,0.7142857142857143
2,1,7,0.582132875919342,0.5957338809967041,0.7279411764705882,0.7142857142857143
2,1,8,0.586715817451477,0.5983842015266418,0.7279411764705882,0.7142857142857143
2,1,9,0.5894637703895569,0.6005390286445618,0.7279411764705882,0.7142857142857143
2,1,10,0.587855875492096,0.5993959903717041,0.7279411764705882,0.7142857142857143
2,1,11,0.5830051302909851,0.5958584547042847,0.7279411764705882,0.7142857142857143
2,1,12,0.5776579976081848,0.592431366443634,0.7279411764705882,0.7142857142857143
2,1,13,0.5743424892425537,0.591489315032959,0.7279411764705882,0.7142857142857143
2,1,14,0.5743709206581116,0.593924880027771,0.7279411764705882,0.7142857142857143
2,1,15,0.5755770206451416,0.5969481468200684,0.7279411764705882,0.7142857142857143
2,1,16,0.5743845701217651,0.5965415835380554,0.7279411764705882,0.7142857142857143
2,1,17,0.5705003142356873,0.5925014615058899,0.7279411764705882,0.7142857142857143
2,1,18,0.5663577914237976,0.5876275300979614,0.7279411764705882,0.7142857142857143
2,1,19,0.5637467503547668,0.584290087223053,0.7279411764705882,0.7142857142857143
2,1,20,0.5622049570083618,0.5824522972106934,0.7279411764705882,0.7142857142857143
2,1,21,0.5605177879333496,0.5810333490371704,0.7279411764705882,0.7142857142857143
2,1,22,0.5577821135520935,0.579200029373169,0.7279411764705882,0.7142857142857143
2,1,23,0.5537005066871643,0.5767108201980591,0.7279411764705882,0.7142857142857143
2,1,24,0.5493188500404358,0.5743966102600098,0.7279411764705882,0.7142857142857143
2,1,25,0.5453754663467407,0.5727753639221191,0.7279411764705882,0.7142857142857143
2,1,26,0.5416330695152283,0.5713556408882141,0.7279411764705882,0.7142857142857143
2,1,27,0.5370021462440491,0.5687457323074341,0.7279411764705882,0.7142857142857143
2,1,28,0.531097412109375,0.5645342469215393,0.7279411764705882,0.7142857142857143
2,1,29,0.5245220065116882,0.5594516396522522,0.7279411764705882,0.7142857142857143
2,1,30,0.5184407830238342,0.5548539161682129,0.7279411764705882,0.7142857142857143
2,1,31,0.5121663212776184,0.5506263971328735,0.7279411764705882,0.7142857142857143
2,1,32,0.5043532252311707,0.5463240742683411,0.7279411764705882,0.7142857142857143
2,1,33,0.49663758277893066,0.5431896448135376,0.7279411764705882,0.7142857142857143
2,1,34,0.49003875255584717,0.5406135320663452,0.7279411764705882,0.7142857142857143
2,1,35,0.48254063725471497,0.5358167290687561,0.7279411764705882,0.7142857142857143
2,1,36,0.4760637879371643,0.5306024551391602,0.7279411764705882,0.7142857142857143
2,1,37,0.4703662693500519,0.5268893241882324,0.7279411764705882,0.7142857142857143
2,1,38,0.46356090903282166,0.5245712399482727,0.7279411764705882,0.7142857142857143
2,1,39,0.45754894614219666,0.5231188535690308,0.7279411764705882,0.7142857142857143
2,1,40,0.45173874497413635,0.5205283164978027,0.7279411764705882,0.7142857142857143
2,1,41,0.4457104504108429,0.5169796347618103,0.7279411764705882,0.7142857142857143
2,1,42,0.4398754835128784,0.5110013484954834,0.7279411764705882,0.7142857142857143
2,1,43,0.43423962593078613,0.508624792098999,0.7279411764705882,0.7142857142857143
2,1,44,0.4287755489349365,0.5089482665061951,0.7279411764705882,0.7142857142857143
2,1,45,0.42274102568626404,0.5045040845870972,0.7279411764705882,0.7142857142857143
2,1,46,0.41716262698173523,0.49802425503730774,0.7279411764705882,0.7142857142857143
2,1,47,0.41194087266921997,0.494841992855072,0.7279411764705882,0.7142857142857143
2,1,48,0.40616950392723083,0.49453914165496826,0.7279411764705882,0.7142857142857143
2,1,49,0.39998194575309753,0.4915170967578888,0.7279411764705882,0.7142857142857143
2,1,50,0.39340323209762573,0.4882129728794098,0.7279411764705882,0.7142857142857143
2,1,51,0.38681596517562866,0.48317164182662964,0.7867647058823529,0.7428571428571429
2,1,52,0.3808487057685852,0.4814567565917969,0.8088235294117647,0.7428571428571429
2,1,53,0.3747149407863617,0.4804540276527405,0.8088235294117647,0.7428571428571429
2,1,54,0.36796867847442627,0.4745645225048065,0.8235294117647058,0.7428571428571429
2,1,55,0.3607918322086334,0.47479912638664246,0.8235294117647058,0.7428571428571429
2,1,56,0.3540622889995575,0.4756787419319153,0.8308823529411765,0.7428571428571429
2,1,57,0.34640780091285706,0.4686419367790222,0.8529411764705882,0.7142857142857143
2,1,58,0.33988863229751587,0.47189223766326904,0.8308823529411765,0.7428571428571429
2,1,59,0.3321560025215149,0.4648881256580353,0.875,0.7142857142857143
2,1,60,0.32457420229911804,0.46785295009613037,0.875,0.7142857142857143
2,1,61,0.31736862659454346,0.4709833562374115,0.8676470588235294,0.7428571428571429
2,1,62,0.3102404773235321,0.4574377238750458,0.8970588235294118,0.7142857142857143
2,1,63,0.31015992164611816,0.49051928520202637,0.8235294117647058,0.7428571428571429
2,1,64,0.29747968912124634,0.4522414207458496,0.9264705882352942,0.7142857142857143
2,1,65,0.29031646251678467,0.47799766063690186,0.8602941176470589,0.7142857142857143
2,1,66,0.28050386905670166,0.460380882024765,0.9264705882352942,0.7142857142857143
2,1,67,0.2775019705295563,0.48635634779930115,0.8602941176470589,0.7428571428571429
2,1,68,0.2688436806201935,0.46356457471847534,0.9264705882352942,0.7142857142857143
2,1,69,0.2695263624191284,0.4974863827228546,0.8602941176470589,0.7428571428571429
2,1,70,0.26871776580810547,0.4558195471763611,0.9485294117647058,0.7428571428571429
2,1,71,0.2584878206253052,0.5058800578117371,0.8823529411764706,0.7428571428571429
2,1,72,0.24665454030036926,0.4775507152080536,0.9558823529411765,0.7142857142857143
2,1,73,0.241690531373024,0.49727216362953186,0.9338235294117647,0.7142857142857143
2,1,74,0.2364303022623062,0.49630579352378845,0.9485294117647058,0.7428571428571429
2,1,75,0.23481164872646332,0.4805942475795746,0.9558823529411765,0.7428571428571429
2,1,76,0.2333240509033203,0.5276661515235901,0.9117647058823529,0.7428571428571429
2,1,77,0.22986701130867004,0.4772273004055023,0.9705882352941176,0.7142857142857143
2,1,78,0.21823781728744507,0.5045117139816284,0.9558823529411765,0.7428571428571429
2,1,79,0.2287960648536682,0.5595510005950928,0.8823529411764706,0.7428571428571429
2,1,80,0.22702351212501526,0.47443127632141113,0.9779411764705882,0.7714285714285715
2,1,81,0.2090059518814087,0.49864184856414795,0.9705882352941176,0.7428571428571429
2,1,82,0.2394193559885025,0.6074467301368713,0.8676470588235294,0.7428571428571429
2,1,83,0.21377287805080414,0.482160747051239,0.9779411764705882,0.7714285714285715
2,1,84,0.21366150677204132,0.48102521896362305,0.9779411764705882,0.7714285714285715
2,1,85,0.20728519558906555,0.563624382019043,0.9338235294117647,0.7428571428571429
2,1,86,0.19106264412403107,0.5342100858688354,0.9558823529411765,0.7142857142857143
2,1,87,0.19175897538661957,0.5033331513404846,0.9779411764705882,0.7428571428571429
2,1,88,0.18593508005142212,0.5224417448043823,0.9779411764705882,0.7428571428571429
2,1,89,0.1855417937040329,0.5609503984451294,0.9558823529411765,0.7714285714285715
2,1,90,0.17903131246566772,0.5260075330734253,0.9852941176470589,0.7428571428571429
2,1,91,0.17653340101242065,0.5228979587554932,0.9779411764705882,0.7428571428571429
2,1,92,0.17181384563446045,0.5480762124061584,0.9779411764705882,0.7428571428571429
2,1,93,0.1703600287437439,0.5724647641181946,0.9632352941176471,0.7428571428571429
2,1,94,0.1655256599187851,0.5590066313743591,0.9779411764705882,0.7714285714285715
2,1,95,0.16384023427963257,0.5372189283370972,0.9779411764705882,0.7428571428571429
2,1,96,0.15982761979103088,0.5598218441009521,0.9852941176470589,0.7714285714285715
2,1,97,0.15667708218097687,0.5679668188095093,0.9852941176470589,0.7714285714285715
2,1,98,0.15411454439163208,0.5531063079833984,0.9926470588235294,0.7428571428571429
2,1,99,0.15045559406280518,0.5798740983009338,0.9926470588235294,0.7714285714285715
2,1,100,0.14862190186977386,0.5952145457267761,0.9926470588235294,0.7714285714285715
2,2,1,0.6556161642074585,0.6532256007194519,0.7226277372262774,0.7352941176470589
2,2,2,0.6188180446624756,0.6131910085678101,0.7226277372262774,0.7352941176470589
2,2,3,0.5912773013114929,0.5802794098854065,0.7226277372262774,0.7352941176470589
2,2,4,0.6096900105476379,0.5917373299598694,0.7226277372262774,0.7352941176470589
2,2,5,0.610454261302948,0.5926216840744019,0.7226277372262774,0.7352941176470589
2,2,6,0.595181405544281,0.5802425146102905,0.7226277372262774,0.7352941176470589
2,2,7,0.5877198576927185,0.575968861579895,0.7226277372262774,0.7352941176470589
2,2,8,0.5901470184326172,0.5806263089179993,0.7226277372262774,0.7352941176470589
2,2,9,0.5935518741607666,0.5851056575775146,0.7226277372262774,0.7352941176470589
2,2,10,0.5936471223831177,0.5854358673095703,0.7226277372262774,0.7352941176470589
2,2,11,0.5903605222702026,0.5817776918411255,0.7226277372262774,0.7352941176470589
2,2,12,0.5857657790184021,0.5764232277870178,0.7226277372262774,0.7352941176470589
2,2,13,0.5824674367904663,0.5722194910049438,0.7226277372262774,0.7352941176470589
2,2,14,0.5818233489990234,0.5707948207855225,0.7226277372262774,0.7352941176470589
2,2,15,0.5825864672660828,0.5712024569511414,0.7226277372262774,0.7352941176470589
2,2,16,0.5820894241333008,0.570904552936554,0.7226277372262774,0.7352941176470589
2,2,17,0.5795460939407349,0.5690021514892578,0.7226277372262774,0.7352941176470589
2,2,18,0.5762726664543152,0.5665924549102783,0.7226277372262774,0.7352941176470589
2,2,19,0.5737979412078857,0.565020740032196,0.7226277372262774,0.7352941176470589
2,2,20,0.5723967552185059,0.5643953680992126,0.7226277372262774,0.7352941176470589
2,2,21,0.5711826086044312,0.5638189911842346,0.7226277372262774,0.7352941176470589
2,2,22,0.5690929293632507,0.562201201915741,0.7226277372262774,0.7352941176470589
2,2,23,0.5658861398696899,0.5594351291656494,0.7226277372262774,0.7352941176470589
2,2,24,0.5623399019241333,0.5563222169876099,0.7226277372262774,0.7352941176470589
2,2,25,0.559054434299469,0.5537341237068176,0.7226277372262774,0.7352941176470589
2,2,26,0.5558813810348511,0.55155348777771,0.7226277372262774,0.7352941176470589
2,2,27,0.5521755814552307,0.5491512417793274,0.7226277372262774,0.7352941176470589
2,2,28,0.547630786895752,0.5461106896400452,0.7226277372262774,0.7352941176470589
2,2,29,0.5425053238868713,0.5425839424133301,0.7226277372262774,0.7352941176470589
2,2,30,0.5372324585914612,0.5389000773429871,0.7226277372262774,0.7352941176470589
2,2,31,0.5314788222312927,0.5350377559661865,0.7226277372262774,0.7352941176470589
2,2,32,0.5250086784362793,0.5310340523719788,0.7226277372262774,0.7352941176470589
2,2,33,0.5180481672286987,0.5273757576942444,0.7226277372262774,0.7352941176470589
2,2,34,0.5112545490264893,0.5247312188148499,0.7226277372262774,0.7352941176470589
2,2,35,0.5041581988334656,0.5218581557273865,0.7226277372262774,0.7352941176470589
2,2,36,0.4968488812446594,0.5181252956390381,0.7226277372262774,0.7352941176470589
2,2,37,0.4897344410419464,0.5149580836296082,0.7226277372262774,0.7352941176470589
2,2,38,0.481871098279953,0.513126015663147,0.7226277372262774,0.7352941176470589
2,2,39,0.4745769500732422,0.514593243598938,0.7226277372262774,0.7352941176470589
2,2,40,0.468443363904953,0.5175942778587341,0.7226277372262774,0.7352941176470589
2,2,41,0.46169358491897583,0.5158604979515076,0.7226277372262774,0.7352941176470589
2,2,42,0.4561217129230499,0.5133353471755981,0.7226277372262774,0.7352941176470589
2,2,43,0.4498938322067261,0.5196728110313416,0.7226277372262774,0.7352941176470589
2,2,44,0.4450930953025818,0.5270793437957764,0.7226277372262774,0.7352941176470589
2,2,45,0.43901127576828003,0.5220013856887817,0.7226277372262774,0.7352941176470589
2,2,46,0.4339901804924011,0.5224612951278687,0.7226277372262774,0.7352941176470589
2,2,47,0.42752182483673096,0.5315467119216919,0.7226277372262774,0.7352941176470589
2,2,48,0.42204681038856506,0.5425518155097961,0.7226277372262774,0.7352941176470589
2,2,49,0.41589438915252686,0.5398500561714172,0.7226277372262774,0.7352941176470589
2,2,50,0.41039034724235535,0.5418078303337097,0.7226277372262774,0.7352941176470589
2,2,51,0.40459713339805603,0.5486804842948914,0.7226277372262774,0.7352941176470589
2,2,52,0.3988085389137268,0.5508979558944702,0.7518248175182481,0.8235294117647058
2,2,53,0.39249369502067566,0.5527383089065552,0.7737226277372263,0.8235294117647058
2,2,54,0.3869129419326782,0.5678165555000305,0.7883211678832117,0.8235294117647058
2,2,55,0.379214882850647,0.5629104971885681,0.8102189781021898,0.8235294117647058
2,2,56,0.37323564291000366,0.5631939768791199,0.8175182481751825,0.8235294117647058
2,2,57,0.36763691902160645,0.5748796463012695,0.8102189781021898,0.8235294117647058
2,2,58,0.3606595993041992,0.5674776434898376,0.8394160583941606,0.8235294117647058
2,2,59,0.3556864857673645,0.5883960723876953,0.8029197080291971,0.8235294117647058
2,2,60,0.34817519783973694,0.5722704529762268,0.8467153284671532,0.8235294117647058
2,2,61,0.3414391279220581,0.5841491222381592,0.8394160583941606,0.8235294117647058
2,2,62,0.3338884115219116,0.5924127101898193,0.8613138686131386,0.8235294117647058
2,2,63,0.3279710114002228,0.6079193353652954,0.8540145985401459,0.8235294117647058
2,2,64,0.3213862180709839,0.5944904088973999,0.8686131386861314,0.8235294117647058
2,2,65,0.31640535593032837,0.631068766117096,0.8540145985401459,0.8235294117647058
2,2,66,0.3087718188762665,0.6069442629814148,0.8759124087591241,0.8235294117647058
2,2,67,0.3047235310077667,0.6517896056175232,0.8540145985401459,0.8235294117647058
2,2,68,0.2978624701499939,0.6164713501930237,0.8978102189781022,0.8235294117647058
2,2,69,0.2924482822418213,0.6764680743217468,0.8759124087591241,0.8235294117647058
2,2,70,0.2859349846839905,0.6384534239768982,0.9124087591240876,0.8235294117647058
2,2,71,0.28057020902633667,0.7062117457389832,0.8759124087591241,0.8235294117647058
2,2,72,0.2770455479621887,0.6546140909194946,0.9416058394160584,0.8235294117647058
2,2,73,0.26982608437538147,0.7303122878074646,0.8905109489051095,0.8235294117647058
2,2,74,0.2617656886577606,0.725046694278717,0.9197080291970803,0.8235294117647058
2,2,75,0.2567036747932434,0.7490980625152588,0.927007299270073,0.8235294117647058
2,2,76,0.2527776062488556,0.7912269830703735,0.9124087591240876,0.8235294117647058
2,2,77,0.25237518548965454,0.7311264276504517,0.948905109489051,0.8235294117647058
2,2,78,0.2560640573501587,0.8767572045326233,0.8832116788321168,0.8235294117647058
2,2,79,0.2669989764690399,0.7002645134925842,0.9416058394160584,0.8529411764705882
2,2,80,0.23264940083026886,0.7980420589447021,0.948905109489051,0.8235294117647058
2,2,81,0.30393052101135254,1.0415033102035522,0.781021897810219,0.8235294117647058
2,2,82,0.2320043295621872,0.7915096282958984,0.948905109489051,0.8235294117647058
2,2,83,0.23904553055763245,0.770460844039917,0.9562043795620438,0.8529411764705882
2,2,84,0.23918956518173218,0.9363688230514526,0.8905109489051095,0.8235294117647058
2,2,85,0.2121719866991043,0.8951095342636108,0.9562043795620438,0.8235294117647058
2,2,86,0.21393190324306488,0.8259950876235962,0.9562043795620438,0.8235294117647058
2,2,87,0.20267346501350403,0.9114243984222412,0.9562043795620438,0.8235294117647058
2,2,88,0.20169813930988312,0.9545393586158752,0.9562043795620438,0.8235294117647058
2,2,89,0.19377219676971436,0.8843275904655457,0.9708029197080292,0.8235294117647058
2,2,90,0.18664640188217163,0.9131803512573242,0.9708029197080292,0.8235294117647058
2,2,91,0.19768297672271729,1.0330880880355835,0.9416058394160584,0.8235294117647058
2,2,92,0.19323281943798065,0.8591943979263306,0.9635036496350365,0.8529411764705882
2,2,93,0.17917107045650482,0.9022948741912842,0.9708029197080292,0.8235294117647058
2,2,94,0.19625091552734375,1.099577784538269,0.9343065693430657,0.8235294117647058
2,2,95,0.16506454348564148,0.9444590210914612,0.9781021897810219,0.8235294117647058
2,2,96,0.16968248784542084,0.9114758372306824,0.9708029197080292,0.8529411764705882
2,2,97,0.1636107712984085,1.070228099822998,0.9635036496350365,0.8235294117647058
2,2,98,0.14950639009475708,1.0381821393966675,0.9708029197080292,0.8235294117647058
2,2,99,0.14810152351856232,0.9833938479423523,0.9781021897810219,0.8235294117647058
2,2,100,0.14002884924411774,1.0542221069335938,0.9781021897810219,0.8235294117647058
2,3,1,0.6464742422103882,0.6433975100517273,0.7226277372262774,0.7352941176470589
2,3,2,0.6053948998451233,0.5980310440063477,0.7226277372262774,0.7352941176470589
2,3,3,0.5939079523086548,0.5794535279273987,0.7226277372262774,0.7352941176470589
2,3,4,0.6139602065086365,0.5960964560508728,0.7226277372262774,0.7352941176470589
2,3,5,0.6023273468017578,0.5865640044212341,0.7226277372262774,0.7352941176470589
2,3,6,0.5884671211242676,0.5763059854507446,0.7226277372262774,0.7352941176470589
2,3,7,0.5874063372612,0.5782369375228882,0.7226277372262774,0.7352941176470589
2,3,8,0.5916556715965271,0.5843768119812012,0.7226277372262774,0.7352941176470589
2,3,9,0.5935682654380798,0.5872057676315308,0.7226277372262774,0.7352941176470589
2,3,10,0.5913076996803284,0.5852450132369995,0.7226277372262774,0.7352941176470589
2,3,11,0.5862125158309937,0.5800153613090515,0.7226277372262774,0.7352941176470589
2,3,12,0.580869734287262,0.5742047429084778,0.7226277372262774,0.7352941176470589
2,3,13,0.5781245231628418,0.5709249973297119,0.7226277372262774,0.7352941176470589
2,3,14,0.5782968401908875,0.5708865523338318,0.7226277372262774,0.7352941176470589
2,3,15,0.5788224339485168,0.5717566609382629,0.7226277372262774,0.7352941176470589
2,3,16,0.5765947103500366,0.570584237575531,0.7226277372262774,0.7352941176470589
2,3,17,0.5720670223236084,0.5676307082176208,0.7226277372262774,0.7352941176470589
2,3,18,0.5678775310516357,0.5651653409004211,0.7226277372262774,0.7352941176470589
2,3,19,0.5653966069221497,0.5643659234046936,0.7226277372262774,0.7352941176470589
2,3,20,0.5636908411979675,0.5642974376678467,0.7226277372262774,0.7352941176470589
2,3,21,0.5608949065208435,0.5631310343742371,0.7226277372262774,0.7352941176470589
2,3,22,0.5561977624893188,0.5600770115852356,0.7226277372262774,0.7352941176470589
2,3,23,0.5510013699531555,0.5565341711044312,0.7226277372262774,0.7352941176470589
2,3,24,0.5464071035385132,0.5537455677986145,0.7226277372262774,0.7352941176470589
2,3,25,0.5421180129051208,0.5515649318695068,0.7226277372262774,0.7352941176470589
2,3,26,0.5368924140930176,0.5488867163658142,0.7226277372262774,0.7352941176470589
2,3,27,0.5304098129272461,0.545161247253418,0.7226277372262774,0.7352941176470589
2,3,28,0.5235292315483093,0.5410362482070923,0.7226277372262774,0.7352941176470589
2,3,29,0.5171219110488892,0.5374513268470764,0.7226277372262774,0.7352941176470589
2,3,30,0.5094868540763855,0.5333689451217651,0.7226277372262774,0.7352941176470589
2,3,31,0.5006030201911926,0.528533399105072,0.7226277372262774,0.7352941176470589
2,3,32,0.4927985668182373,0.5248028039932251,0.7226277372262774,0.7352941176470589
2,3,33,0.4853793978691101,0.5207802653312683,0.7226277372262774,0.7352941176470589
2,3,34,0.4778330326080322,0.5159907341003418,0.7226277372262774,0.7352941176470589
2,3,35,0.4706559479236603,0.5117679834365845,0.7226277372262774,0.7352941176470589
2,3,36,0.4631427824497223,0.5079143643379211,0.7226277372262774,0.7352941176470589
2,3,37,0.45590537786483765,0.50486820936203,0.7226277372262774,0.7352941176470589
2,3,38,0.44889965653419495,0.501676619052887,0.7226277372262774,0.7352941176470589
2,3,39,0.4424266517162323,0.4985067844390869,0.7226277372262774,0.7352941176470589
2,3,40,0.43535086512565613,0.4954245984554291,0.7226277372262774,0.7352941176470589
2,3,41,0.4286230504512787,0.49298298358917236,0.7226277372262774,0.7352941176470589
2,3,42,0.4222473204135895,0.49143651127815247,0.7226277372262774,0.7352941176470589
2,3,43,0.41521307826042175,0.4886128008365631,0.7226277372262774,0.7352941176470589
2,3,44,0.4077492356300354,0.485972136259079,0.7226277372262774,0.7352941176470589
2,3,45,0.40181437134742737,0.4843203127384186,0.7226277372262774,0.7352941176470589
2,3,46,0.39614343643188477,0.48277637362480164,0.7226277372262774,0.7352941176470589
2,3,47,0.38976290822029114,0.4811842739582062,0.781021897810219,0.7647058823529411
2,3,48,0.38432228565216064,0.4808203876018524,0.781021897810219,0.7647058823529411
2,3,49,0.37762075662612915,0.47907447814941406,0.781021897810219,0.7647058823529411
2,3,50,0.3713529407978058,0.477975070476532,0.7956204379562044,0.7647058823529411
2,3,51,0.3653244078159332,0.4773971438407898,0.8102189781021898,0.7647058823529411
2,3,52,0.35885345935821533,0.4764043092727661,0.8540145985401459,0.7647058823529411
2,3,53,0.352952778339386,0.4775388538837433,0.8321167883211679,0.7647058823529411
2,3,54,0.34527185559272766,0.4756595492362976,0.8540145985401459,0.7941176470588235
2,3,55,0.338361918926239,0.47625693678855896,0.8613138686131386,0.7941176470588235
2,3,56,0.33410561084747314,0.48366355895996094,0.8248175182481752,0.7647058823529411
2,3,57,0.32583823800086975,0.4782663881778717,0.8978102189781022,0.8235294117647058
2,3,58,0.32252418994903564,0.4862499237060547,0.8394160583941606,0.7647058823529411
2,3,59,0.3151772916316986,0.4783797562122345,0.8905109489051095,0.8235294117647058
2,3,60,0.3090713620185852,0.4840169847011566,0.8759124087591241,0.7941176470588235
2,3,61,0.30162036418914795,0.48107045888900757,0.8905109489051095,0.8529411764705882
2,3,62,0.2968962788581848,0.488108366727829,0.8832116788321168,0.7941176470588235
2,3,63,0.2911251485347748,0.4833136796951294,0.8978102189781022,0.8529411764705882
2,3,64,0.2857121527194977,0.4849969148635864,0.8978102189781022,0.8529411764705882
2,3,65,0.28107935190200806,0.49046751856803894,0.8978102189781022,0.8529411764705882
2,3,66,0.27698662877082825,0.4865001142024994,0.927007299270073,0.8529411764705882
2,3,67,0.2789689600467682,0.5141853094100952,0.8540145985401459,0.7352941176470589
2,3,68,0.2844000458717346,0.49772408604621887,0.9416058394160584,0.7647058823529411
2,3,69,0.2623881697654724,0.4972818195819855,0.9124087591240876,0.8529411764705882
2,3,70,0.2797219753265381,0.5479269623756409,0.8248175182481752,0.7352941176470589
2,3,71,0.27816176414489746,0.5030110478401184,0.948905109489051,0.7058823529411765
2,3,72,0.257423996925354,0.4964483082294464,0.948905109489051,0.8235294117647058
2,3,73,0.2975344657897949,0.6085236668586731,0.7956204379562044,0.7352941176470589
2,3,74,0.24354873597621918,0.49820220470428467,0.948905109489051,0.8235294117647058
2,3,75,0.26120734214782715,0.5054960250854492,0.9562043795620438,0.7352941176470589
2,3,76,0.2362210899591446,0.4990282654762268,0.9416058394160584,0.8529411764705882
2,3,77,0.27508091926574707,0.6000030636787415,0.8029197080291971,0.7352941176470589
2,3,78,0.2323569804430008,0.5011056065559387,0.9635036496350365,0.8235294117647058
2,3,79,0.24795286357402802,0.5099824070930481,0.9562043795620438,0.7352941176470589
2,3,80,0.22142544388771057,0.5088046789169312,0.9416058394160584,0.8529411764705882
2,3,81,0.24970902502536774,0.5926460027694702,0.8613138686131386,0.7352941176470589
2,3,82,0.21703599393367767,0.507343053817749,0.9635036496350365,0.8529411764705882
2,3,83,0.22780856490135193,0.5127010345458984,0.9635036496350365,0.7352941176470589
2,3,84,0.20573581755161285,0.5156328678131104,0.9416058394160584,0.8529411764705882
2,3,85,0.23893417418003082,0.6141175627708435,0.8686131386861314,0.7352941176470589
2,3,86,0.2006191909313202,0.512791633605957,0.9708029197080292,0.8235294117647058
2,3,87,0.2108505219221115,0.5142010450363159,0.9708029197080292,0.7941176470588235
2,3,88,0.19298943877220154,0.5145228505134583,0.9708029197080292,0.8235294117647058
2,3,89,0.2108161449432373,0.5962338447570801,0.9197080291970803,0.7352941176470589
2,3,90,0.1830802708864212,0.52210932970047,0.9708029197080292,0.8235294117647058
2,3,91,0.1893179565668106,0.5192734003067017,0.9708029197080292,0.7941176470588235
2,3,92,0.17618265748023987,0.5286020636558533,0.9781021897810219,0.8235294117647058
2,3,93,0.19143402576446533,0.6062394380569458,0.9343065693430657,0.7647058823529411
2,3,94,0.16928216814994812,0.5276934504508972,0.9781021897810219,0.8529411764705882
2,3,95,0.17430131137371063,0.528174877166748,0.9708029197080292,0.7941176470588235
2,3,96,0.1599949598312378,0.5446147918701172,0.9781021897810219,0.8235294117647058
2,3,97,0.16649647057056427,0.6015855073928833,0.948905109489051,0.8235294117647058
2,3,98,0.15236082673072815,0.5415206551551819,0.9854014598540146,0.8529411764705882
2,3,99,0.15041105449199677,0.5418585538864136,0.9854014598540146,0.8529411764705882
2,3,100,0.14365290105342865,0.570482075214386,0.9781021897810219,0.8235294117647058
2,4,1,0.6643924117088318,0.6626394987106323,0.7226277372262774,0.7352941176470589
2,4,2,0.620318591594696,0.6149272322654724,0.7226277372262774,0.7352941176470589
2,4,3,0.5904619097709656,0.5789230465888977,0.7226277372262774,0.7352941176470589
2,4,4,0.6157642006874084,0.597853422164917,0.7226277372262774,0.7352941176470589
2,4,5,0.6165986657142639,0.5992861986160278,0.7226277372262774,0.7352941176470589
2,4,6,0.5958219766616821,0.5821833610534668,0.7226277372262774,0.7352941176470589
2,4,7,0.586570680141449,0.5767282843589783,0.7226277372262774,0.7352941176470589
2,4,8,0.589717447757721,0.5826217532157898,0.7226277372262774,0.7352941176470589
2,4,9,0.594801127910614,0.5894063711166382,0.7226277372262774,0.7352941176470589
2,4,10,0.5962041020393372,0.5917218327522278,0.7226277372262774,0.7352941176470589
2,4,11,0.5930067896842957,0.5888861417770386,0.7226277372262774,0.7352941176470589
2,4,12,0.58714759349823,0.583003044128418,0.7226277372262774,0.7352941176470589
2,4,13,0.5814381241798401,0.5770456194877625,0.7226277372262774,0.7352941176470589
2,4,14,0.5782963037490845,0.5735482573509216,0.7226277372262774,0.7352941176470589
2,4,15,0.5785441398620605,0.5736522674560547,0.7226277372262774,0.7352941176470589
2,4,16,0.5795271396636963,0.5750613808631897,0.7226277372262774,0.7352941176470589
2,4,17,0.5781204104423523,0.5747848153114319,0.7226277372262774,0.7352941176470589
2,4,18,0.5741990804672241,0.5725654363632202,0.7226277372262774,0.7352941176470589
2,4,19,0.5699416399002075,0.5703189969062805,0.7226277372262774,0.7352941176470589
2,4,20,0.5671480298042297,0.5696172118186951,0.7226277372262774,0.7352941176470589
2,4,21,0.5659551024436951,0.5705581903457642,0.7226277372262774,0.7352941176470589
2,4,22,0.5648293495178223,0.5714977383613586,0.7226277372262774,0.7352941176470589
2,4,23,0.5621746778488159,0.5708606839179993,0.7226277372262774,0.7352941176470589
2,4,24,0.55792236328125,0.5685875415802002,0.7226277372262774,0.7352941176470589
2,4,25,0.552876889705658,0.5655258893966675,0.7226277372262774,0.7352941176470589
2,4,26,0.5481702089309692,0.5629792809486389,0.7226277372262774,0.7352941176470589
2,4,27,0.5441875457763672,0.5615147352218628,0.7226277372262774,0.7352941176470589
2,4,28,0.5400589108467102,0.560476541519165,0.7226277372262774,0.7352941176470589
2,4,29,0.5346004962921143,0.5588350892066956,0.7226277372262774,0.7352941176470589
2,4,30,0.5281373858451843,0.5568095445632935,0.7226277372262774,0.7352941176470589
2,4,31,0.5216730237007141,0.5554623603820801,0.7226277372262774,0.7352941176470589
2,4,32,0.5156187415122986,0.5548866987228394,0.7226277372262774,0.7352941176470589
2,4,33,0.5085964798927307,0.5536731481552124,0.7226277372262774,0.7352941176470589
2,4,34,0.5001652836799622,0.5512740015983582,0.7226277372262774,0.7352941176470589
2,4,35,0.4924778640270233,0.5494955778121948,0.7226277372262774,0.7352941176470589
2,4,36,0.48587509989738464,0.5489997863769531,0.7226277372262774,0.7352941176470589
2,4,37,0.47792744636535645,0.5483304262161255,0.7226277372262774,0.7352941176470589
2,4,38,0.4705929756164551,0.5485931038856506,0.7226277372262774,0.7352941176470589
2,4,39,0.46364226937294006,0.5495147705078125,0.7226277372262774,0.7352941176470589
2,4,40,0.45582830905914307,0.5501638054847717,0.7226277372262774,0.7352941176470589
2,4,41,0.4486069977283478,0.5517365336418152,0.7226277372262774,0.7352941176470589
2,4,42,0.4412218928337097,0.5540200471878052,0.7226277372262774,0.7352941176470589
2,4,43,0.43361589312553406,0.5554255843162537,0.7226277372262774,0.7352941176470589
2,4,44,0.42674583196640015,0.5568668246269226,0.7226277372262774,0.7352941176470589
2,4,45,0.4194278120994568,0.559222936630249,0.7226277372262774,0.7352941176470589
2,4,46,0.4125247597694397,0.5625230073928833,0.7518248175182481,0.7647058823529411
2,4,47,0.40455707907676697,0.5646423101425171,0.7737226277372263,0.7941176470588235
2,4,48,0.3966100513935089,0.5676292181015015,0.7956204379562044,0.7941176470588235
2,4,49,0.38875851035118103,0.5728599429130554,0.7956204379562044,0.7941176470588235
2,4,50,0.38343581557273865,0.577687680721283,0.7956204379562044,0.7941176470588235
2,4,51,0.375733345746994,0.577237069606781,0.7956204379562044,0.7352941176470589
2,4,52,0.369321346282959,0.5797064900398254,0.8248175182481752,0.7352941176470589
2,4,53,0.3626311421394348,0.5869988799095154,0.8175182481751825,0.7352941176470589
2,4,54,0.3553655743598938,0.5922600626945496,0.8248175182481752,0.7352941176470589
2,4,55,0.34948989748954773,0.5919395685195923,0.8613138686131386,0.7058823529411765
2,4,56,0.3438602387905121,0.6033599972724915,0.8394160583941606,0.7352941176470589
2,4,57,0.33617761731147766,0.6063933968544006,0.8467153284671532,0.7058823529411765
2,4,58,0.32890409231185913,0.6105061769485474,0.8613138686131386,0.7352941176470589
2,4,59,0.323392391204834,0.624993622303009,0.8540145985401459,0.7058823529411765
2,4,60,0.3159083425998688,0.6233083009719849,0.8759124087591241,0.7058823529411765
2,4,61,0.30999672412872314,0.638070821762085,0.8686131386861314,0.7352941176470589
2,4,62,0.3028526306152344,0.6417171359062195,0.8759124087591241,0.7058823529411765
2,4,63,0.29629459977149963,0.6524683833122253,0.8759124087591241,0.7352941176470589
2,4,64,0.29047420620918274,0.6627784371376038,0.8759124087591241,0.7352941176470589
2,4,65,0.28550857305526733,0.6537607908248901,0.9124087591240876,0.7058823529411765
2,4,66,0.28157302737236023,0.6871114373207092,0.8759124087591241,0.7352941176470589
2,4,67,0.2728455364704132,0.6749338507652283,0.9124087591240876,0.7058823529411765
2,4,68,0.26699957251548767,0.6960432529449463,0.9124087591240876,0.7352941176470589
2,4,69,0.2617100179195404,0.7043473720550537,0.9124087591240876,0.7647058823529411
2,4,70,0.25744614005088806,0.7180895209312439,0.9124087591240876,0.7647058823529411
2,4,71,0.2533525824546814,0.6994307637214661,0.927007299270073,0.7058823529411765
2,4,72,0.25015702843666077,0.7491078972816467,0.9051094890510949,0.7941176470588235
2,4,73,0.24162258207798004,0.717365026473999,0.927007299270073,0.7058823529411765
2,4,74,0.23651470243930817,0.7560403347015381,0.9197080291970803,0.7352941176470589
2,4,75,0.23005300760269165,0.7404125332832336,0.927007299270073,0.7058823529411765
2,4,76,0.22420844435691833,0.7569364309310913,0.927007299270073,0.7058823529411765
2,4,77,0.22199653089046478,0.7840163111686707,0.9197080291970803,0.7352941176470589
2,4,78,0.22054672241210938,0.7366347908973694,0.9708029197080292,0.6764705882352942
2,4,79,0.2167891263961792,0.8114058375358582,0.9197080291970803,0.7941176470588235
2,4,80,0.20852936804294586,0.7592559456825256,0.9708029197080292,0.7058823529411765
2,4,81,0.19915159046649933,0.796907901763916,0.9416058394160584,0.7352941176470589
2,4,82,0.1967039853334427,0.8228769898414612,0.9416058394160584,0.7352941176470589
2,4,83,0.199499249458313,0.7746692895889282,0.9708029197080292,0.6764705882352942
2,4,84,0.1895921677350998,0.8509780764579773,0.9416058394160584,0.7647058823529411
2,4,85,0.18094977736473083,0.8273897767066956,0.9635036496350365,0.7058823529411765
2,4,86,0.17716534435749054,0.8323418498039246,0.9708029197080292,0.7058823529411765
2,4,87,0.1807430237531662,0.8907829523086548,0.9416058394160584,0.8235294117647058
2,4,88,0.18156760931015015,0.8111580610275269,0.9708029197080292,0.6764705882352942
2,4,89,0.16338181495666504,0.8627336025238037,0.9781021897810219,0.7058823529411765
2,4,90,0.18111324310302734,0.951609194278717,0.9197080291970803,0.7941176470588235
2,4,91,0.1770929992198944,0.8156135678291321,0.9708029197080292,0.6764705882352942
2,4,92,0.16514472663402557,0.8353834748268127,0.9708029197080292,0.6764705882352942
2,4,93,0.17910021543502808,0.9639533758163452,0.9197080291970803,0.7941176470588235
2,4,94,0.14715896546840668,0.8745679259300232,0.9781021897810219,0.6764705882352942
2,4,95,0.15261529386043549,0.8602373003959656,0.9781021897810219,0.6764705882352942
2,4,96,0.14003720879554749,0.8996468186378479,0.9708029197080292,0.7352941176470589
2,4,97,0.14755089581012726,0.9558436274528503,0.9708029197080292,0.7941176470588235
2,4,98,0.1383727639913559,0.8893032073974609,0.9781021897810219,0.6764705882352942
2,4,99,0.13739684224128723,0.891389012336731,0.9781021897810219,0.6764705882352942
2,4,100,0.12714579701423645,0.9520328640937805,0.9708029197080292,0.7941176470588235
2,5,1,0.6449214220046997,0.6507234573364258,0.7299270072992701,0.7058823529411765
2,5,2,0.6056659817695618,0.6184894442558289,0.7299270072992701,0.7058823529411765
2,5,3,0.5833635330200195,0.607934296131134,0.7299270072992701,0.7058823529411765
2,5,4,0.6074045896530151,0.6443591713905334,0.7299270072992701,0.7058823529411765
2,5,5,0.601771354675293,0.6379241347312927,0.7299270072992701,0.7058823529411765
2,5,6,0.584985613822937,0.6152909398078918,0.7299270072992701,0.7058823529411765
2,5,7,0.5800990462303162,0.6043016910552979,0.7299270072992701,0.7058823529411765
2,5,8,0.5842763781547546,0.6045116186141968,0.7299270072992701,0.7058823529411765
2,5,9,0.587949812412262,0.6064872741699219,0.7299270072992701,0.7058823529411765
2,5,10,0.5875420570373535,0.6062131524085999,0.7299270072992701,0.7058823529411765
2,5,11,0.5834149122238159,0.603740930557251,0.7299270072992701,0.7058823529411765
2,5,12,0.5780226588249207,0.6011312007904053,0.7299270072992701,0.7058823529411765
2,5,13,0.5739997625350952,0.600629985332489,0.7299270072992701,0.7058823529411765
2,5,14,0.5728658437728882,0.6032794713973999,0.7299270072992701,0.7058823529411765
2,5,15,0.5738880634307861,0.6075636744499207,0.7299270072992701,0.7058823529411765
2,5,16,0.5739701986312866,0.6094474792480469,0.7299270072992701,0.7058823529411765
2,5,17,0.5714385509490967,0.6070546507835388,0.7299270072992701,0.7058823529411765
2,5,18,0.5673099756240845,0.601657509803772,0.7299270072992701,0.7058823529411765
2,5,19,0.5640350580215454,0.5965695381164551,0.7299270072992701,0.7058823529411765
2,5,20,0.5622727870941162,0.5931432843208313,0.7299270072992701,0.7058823529411765
2,5,21,0.5610417127609253,0.5909896492958069,0.7299270072992701,0.7058823529411765
2,5,22,0.5590345859527588,0.5892069935798645,0.7299270072992701,0.7058823529411765
2,5,23,0.5557400584220886,0.5873022079467773,0.7299270072992701,0.7058823529411765
2,5,24,0.5515867471694946,0.5856591463088989,0.7299270072992701,0.7058823529411765
2,5,25,0.5476952791213989,0.584981381893158,0.7299270072992701,0.7058823529411765
2,5,26,0.5444788932800293,0.5848035216331482,0.7299270072992701,0.7058823529411765
2,5,27,0.5410561561584473,0.5836963653564453,0.7299270072992701,0.7058823529411765
2,5,28,0.5362629890441895,0.5795588493347168,0.7299270072992701,0.7058823529411765
2,5,29,0.5308432579040527,0.5736344456672668,0.7299270072992701,0.7058823529411765
2,5,30,0.5259108543395996,0.5676532983779907,0.7299270072992701,0.7058823529411765
2,5,31,0.5206676721572876,0.5624945759773254,0.7299270072992701,0.7058823529411765
2,5,32,0.5138943195343018,0.5585947036743164,0.7299270072992701,0.7058823529411765
2,5,33,0.5072256326675415,0.5565086007118225,0.7299270072992701,0.7058823529411765
2,5,34,0.501491367816925,0.5547429323196411,0.7299270072992701,0.7058823529411765
2,5,35,0.4947420060634613,0.5489252805709839,0.7299270072992701,0.7058823529411765
2,5,36,0.487998902797699,0.540640115737915,0.7299270072992701,0.7058823529411765
2,5,37,0.48185840249061584,0.5329660177230835,0.7299270072992701,0.7058823529411765
2,5,38,0.4751202166080475,0.5274714231491089,0.7299270072992701,0.7058823529411765
2,5,39,0.4684409201145172,0.5262243747711182,0.7299270072992701,0.7058823529411765
2,5,40,0.4624772369861603,0.5243143439292908,0.7299270072992701,0.7058823529411765
2,5,41,0.4558296799659729,0.5177102088928223,0.7299270072992701,0.7058823529411765
2,5,42,0.44893139600753784,0.5079586505889893,0.7299270072992701,0.7058823529411765
2,5,43,0.4414512515068054,0.5050703883171082,0.7299270072992701,0.7058823529411765
2,5,44,0.4355815351009369,0.5076268315315247,0.7299270072992701,0.7058823529411765
2,5,45,0.4284423589706421,0.5015888214111328,0.7299270072992701,0.7058823529411765
2,5,46,0.4220142662525177,0.492002934217453,0.7299270072992701,0.7058823529411765
2,5,47,0.4144746661186218,0.48838311433792114,0.7299270072992701,0.7058823529411765
2,5,48,0.40824538469314575,0.4925926923751831,0.7299270072992701,0.7058823529411765
2,5,49,0.4013761579990387,0.48795604705810547,0.7299270072992701,0.7058823529411765
2,5,50,0.39490240812301636,0.4817792773246765,0.7372262773722628,0.7058823529411765
2,5,51,0.38813138008117676,0.482574462890625,0.781021897810219,0.6764705882352942
2,5,52,0.3814029097557068,0.48097291588783264,0.7883211678832117,0.7058823529411765
2,5,53,0.3742949664592743,0.47589898109436035,0.8175182481751825,0.7058823529411765
2,5,54,0.36780402064323425,0.4795944094657898,0.8175182481751825,0.6764705882352942
2,5,55,0.3610522449016571,0.47603702545166016,0.8321167883211679,0.7058823529411765
2,5,56,0.35442855954170227,0.47308114171028137,0.8394160583941606,0.7647058823529411
2,5,57,0.3473525047302246,0.4713456332683563,0.8467153284671532,0.7647058823529411
2,5,58,0.3398943245410919,0.47135230898857117,0.8467153284671532,0.7647058823529411
2,5,59,0.3332805931568146,0.46849536895751953,0.8467153284671532,0.7647058823529411
2,5,60,0.32676050066947937,0.4599989056587219,0.8832116788321168,0.7352941176470589
2,5,61,0.32068300247192383,0.46997514367103577,0.8540145985401459,0.7352941176470589
2,5,62,0.3117830455303192,0.45327484607696533,0.9051094890510949,0.7352941176470589
2,5,63,0.30956071615219116,0.47284820675849915,0.8394160583941606,0.7647058823529411
2,5,64,0.3028637170791626,0.43834418058395386,0.9197080291970803,0.7647058823529411
2,5,65,0.2967626750469208,0.47178083658218384,0.8613138686131386,0.7647058823529411
2,5,66,0.28312593698501587,0.44232413172721863,0.927007299270073,0.7647058823529411
2,5,67,0.2761017382144928,0.4482305943965912,0.927007299270073,0.7352941176470589
2,5,68,0.2701873183250427,0.45188024640083313,0.9197080291970803,0.7352941176470589
2,5,69,0.2639699876308441,0.43184006214141846,0.9416058394160584,0.7647058823529411
2,5,70,0.26092156767845154,0.4620831310749054,0.8978102189781022,0.7352941176470589
2,5,71,0.2564549148082733,0.41803979873657227,0.948905109489051,0.7647058823529411
2,5,72,0.24530349671840668,0.45687541365623474,0.9051094890510949,0.7352941176470589
2,5,73,0.23495154082775116,0.4448440372943878,0.9343065693430657,0.7647058823529411
2,5,74,0.23097050189971924,0.4213915765285492,0.9562043795620438,0.7647058823529411
2,5,75,0.22583997249603271,0.45854297280311584,0.9197080291970803,0.7647058823529411
2,5,76,0.21441981196403503,0.4351198971271515,0.9562043795620438,0.7647058823529411
2,5,77,0.2082037776708603,0.4322008788585663,0.9635036496350365,0.7647058823529411
2,5,78,0.2031651735305786,0.4527652859687805,0.9343065693430657,0.7647058823529411
2,5,79,0.1993960291147232,0.41565677523612976,0.9781021897810219,0.7647058823529411
2,5,80,0.19455161690711975,0.466442346572876,0.9416058394160584,0.7647058823529411
2,5,81,0.18386134505271912,0.42253169417381287,0.9781021897810219,0.7352941176470589
2,5,82,0.17573843896389008,0.44827714562416077,0.9635036496350365,0.7647058823529411
2,5,83,0.17004434764385223,0.4572421908378601,0.9635036496350365,0.7647058823529411
2,5,84,0.1678094118833542,0.4157243072986603,0.9854014598540146,0.7647058823529411
2,5,85,0.16012902557849884,0.47167548537254333,0.9635036496350365,0.7647058823529411
2,5,86,0.15053869783878326,0.4402257800102234,0.9781021897810219,0.7647058823529411
2,5,87,0.14427663385868073,0.45368126034736633,0.9781021897810219,0.7647058823529411
2,5,88,0.13798098266124725,0.4585692584514618,0.9781021897810219,0.7647058823529411
2,5,89,0.1318950057029724,0.4542011320590973,0.9781021897810219,0.7647058823529411
2,5,90,0.12687328457832336,0.4733218550682068,0.9781021897810219,0.7647058823529411
2,5,91,0.12025211751461029,0.448438823223114,0.9927007299270073,0.7647058823529411
2,5,92,0.11420613527297974,0.49227115511894226,0.9854014598540146,0.7647058823529411
2,5,93,0.10757631063461304,0.45792463421821594,0.9927007299270073,0.7941176470588235
2,5,94,0.1033487468957901,0.4955938160419464,0.9927007299270073,0.7647058823529411
2,5,95,0.10302229970693588,0.44089555740356445,0.9927007299270073,0.7647058823529411
2,5,96,0.0962740108370781,0.5205897688865662,0.9927007299270073,0.7352941176470589
2,5,97,0.08747666329145432,0.4649074375629425,0.9927007299270073,0.7647058823529411
2,5,98,0.08165596425533295,0.4897255003452301,0.9927007299270073,0.7941176470588235
2,5,99,0.0795910656452179,0.523090124130249,0.9927007299270073,0.7352941176470589
2,5,100,0.08381328731775284,0.45762696862220764,0.9927007299270073,0.7941176470588235
3,1,1,0.6596007943153381,0.661808431148529,0.7279411764705882,0.7142857142857143
3,1,2,0.6196110844612122,0.6253233551979065,0.7279411764705882,0.7142857142857143
3,1,3,0.5866970419883728,0.5985243916511536,0.7279411764705882,0.7142857142857143
3,1,4,0.6052510738372803,0.6258183121681213,0.7279411764705882,0.7142857142857143
3,1,5,0.609304666519165,0.6320160627365112,0.7279411764705882,0.7142857142857143
3,1,6,0.5908694863319397,0.6114699244499207,0.7279411764705882,0.7142857142857143
3,1,7,0.5808807015419006,0.5986238718032837,0.7279411764705882,0.7142857142857143
3,1,8,0.5824980139732361,0.598109245300293,0.7279411764705882,0.7142857142857143
3,1,9,0.5870099663734436,0.6017088294029236,0.7279411764705882,0.7142857142857143
3,1,10,0.5882325768470764,0.6032902002334595,0.7279411764705882,0.7142857142857143
3,1,11,0.585253119468689,0.6017950773239136,0.7279411764705882,0.7142857142857143
3,1,12,0.5793347358703613,0.5984115600585938,0.7279411764705882,0.7142857142857143
3,1,13,0.5734527111053467,0.5958672761917114,0.7279411764705882,0.7142857142857143
3,1,14,0.5702157616615295,0.596480131149292,0.7279411764705882,0.7142857142857143
3,1,15,0.5702665448188782,0.6004350185394287,0.7279411764705882,0.7142857142857143
3,1,16,0.5710775852203369,0.6045899391174316,0.7279411764705882,0.7142857142857143
3,1,17,0.5693585872650146,0.6052728295326233,0.7279411764705882,0.7142857142857143
3,1,18,0.5642565488815308,0.6014357209205627,0.7279411764705882,0.7142857142857143
3,1,19,0.5589248538017273,0.5966525673866272,0.7279411764705882,0.7142857142857143
3,1,20,0.5554097890853882,0.5936077833175659,0.7279411764705882,0.7142857142857143
3,1,21,0.5533185601234436,0.5925943851470947,0.7279411764705882,0.7142857142857143
3,1,22,0.5510644316673279,0.5925343632698059,0.7279411764705882,0.7142857142857143
3,1,23,0.5467512607574463,0.5920084118843079,0.7279411764705882,0.7142857142857143
3,1,24,0.5406183004379272,0.5910151600837708,0.7279411764705882,0.7142857142857143
3,1,25,0.5340952277183533,0.590610921382904,0.7279411764705882,0.7142857142857143
3,1,26,0.5286402702331543,0.5918008089065552,0.7279411764705882,0.7142857142857143
3,1,27,0.5236208438873291,0.5936321020126343,0.7279411764705882,0.7142857142857143
3,1,28,0.5168070197105408,0.5934886336326599,0.7279411764705882,0.7142857142857143
3,1,29,0.508434534072876,0.5915544033050537,0.7279411764705882,0.7142857142857143
3,1,30,0.500805139541626,0.5903250575065613,0.7279411764705882,0.7142857142857143
3,1,31,0.49367788434028625,0.5913471579551697,0.7279411764705882,0.7142857142857143
3,1,32,0.48346978425979614,0.5925540328025818,0.7279411764705882,0.7142857142857143
3,1,33,0.47321319580078125,0.5951274037361145,0.7279411764705882,0.7142857142857143
3,1,34,0.46571236848831177,0.6010192036628723,0.7279411764705882,0.7142857142857143
3,1,35,0.45764783024787903,0.6056979894638062,0.7279411764705882,0.7142857142857143
3,1,36,0.4477953016757965,0.607358455657959,0.7279411764705882,0.7142857142857143
3,1,37,0.4412199556827545,0.6117637753486633,0.7279411764705882,0.7142857142857143
3,1,38,0.43303418159484863,0.6178200840950012,0.7279411764705882,0.7142857142857143
3,1,39,0.4255516529083252,0.6274966597557068,0.7279411764705882,0.7142857142857143
3,1,40,0.41901639103889465,0.6372681260108948,0.7279411764705882,0.7142857142857143
3,1,41,0.41119155287742615,0.6438735723495483,0.7279411764705882,0.7142857142857143
3,1,42,0.40566158294677734,0.6512088179588318,0.7279411764705882,0.7142857142857143
3,1,43,0.3987791836261749,0.6619099974632263,0.7279411764705882,0.7142857142857143
3,1,44,0.39262503385543823,0.674919605255127,0.7279411764705882,0.7142857142857143
3,1,45,0.38660410046577454,0.6845942139625549,0.7279411764705882,0.7142857142857143
3,1,46,0.3808033764362335,0.6916748285293579,0.7279411764705882,0.7142857142857143
3,1,47,0.3753317594528198,0.7018795013427734,0.8161764705882353,0.8
3,1,48,0.37089505791664124,0.711609423160553,0.8088235294117647,0.8
3,1,49,0.365863561630249,0.7193295359611511,0.8014705882352942,0.8
3,1,50,0.35970011353492737,0.723490834236145,0.8088235294117647,0.7142857142857143
3,1,51,0.3550245761871338,0.7290428280830383,0.8161764705882353,0.7142857142857143
3,1,52,0.35035622119903564,0.73405522108078,0.8161764705882353,0.7142857142857143
3,1,53,0.3452845811843872,0.731551468372345,0.8529411764705882,0.6857142857142857
3,1,54,0.34007444977760315,0.740156888961792,0.8529411764705882,0.6857142857142857
3,1,55,0.33637338876724243,0.7466034889221191,0.8382352941176471,0.6857142857142857
3,1,56,0.33090248703956604,0.7389440536499023,0.875,0.6571428571428571
3,1,57,0.32643601298332214,0.7490740418434143,0.8602941176470589,0.7142857142857143
3,1,58,0.3217351734638214,0.7520532608032227,0.8602941176470589,0.6857142857142857
3,1,59,0.31689900159835815,0.7471781373023987,0.8823529411764706,0.6571428571428571
3,1,60,0.31229978799819946,0.7562617063522339,0.8676470588235294,0.6571428571428571
3,1,61,0.3080415427684784,0.7567971348762512,0.875,0.6571428571428571
3,1,62,0.30359336733818054,0.7509376406669617,0.8823529411764706,0.6571428571428571
3,1,63,0.29955050349235535,0.7566450834274292,0.8676470588235294,0.6571428571428571
3,1,64,0.29550281167030334,0.7534500956535339,0.8676470588235294,0.6571428571428571
3,1,65,0.29128575325012207,0.7439352869987488,0.8970588235294118,0.6571428571428571
3,1,66,0.28715816140174866,0.7587932348251343,0.8676470588235294,0.6571428571428571
3,1,67,0.282228946685791,0.7523396015167236,0.8970588235294118,0.6571428571428571
3,1,68,0.27867090702056885,0.7648268342018127,0.8823529411764706,0.6571428571428571
3,1,69,0.2740311920642853,0.7635727524757385,0.8970588235294118,0.6571428571428571
3,1,70,0.2705325186252594,0.7556170225143433,0.8970588235294118,0.6571428571428571
3,1,71,0.2678721249103546,0.7743877172470093,0.8823529411764706,0.6571428571428571
3,1,72,0.26337894797325134,0.7521449327468872,0.9117647058823529,0.6571428571428571
3,1,73,0.2597356140613556,0.7722583413124084,0.9117647058823529,0.6571428571428571
3,1,74,0.2550327181816101,0.7775789499282837,0.9117647058823529,0.6571428571428571
3,1,75,0.256326824426651,0.7447794079780579,0.9264705882352942,0.6571428571428571
3,1,76,0.24929288029670715,0.7838112711906433,0.9117647058823529,0.7142857142857143
3,1,77,0.24287958443164825,0.7772379517555237,0.9264705882352942,0.6571428571428571
3,1,78,0.24001054465770721,0.7708735466003418,0.9338235294117647,0.6571428571428571
3,1,79,0.236760675907135,0.790530264377594,0.9117647058823529,0.6857142857142857
3,1,80,0.23266902565956116,0.7874431014060974,0.9264705882352942,0.6857142857142857
3,1,81,0.23264770209789276,0.763656497001648,0.9411764705882353,0.6571428571428571
3,1,82,0.23173758387565613,0.8127084970474243,0.8970588235294118,0.7142857142857143
3,1,83,0.22719113528728485,0.7685312628746033,0.9485294117647058,0.6285714285714286
3,1,84,0.2202228605747223,0.7981799840927124,0.9411764705882353,0.6857142857142857
3,1,85,0.22175832092761993,0.8245683312416077,0.9191176470588235,0.7142857142857143
3,1,86,0.22238372266292572,0.7625278234481812,0.9705882352941176,0.6285714285714286
3,1,87,0.21301306784152985,0.8120027780532837,0.9485294117647058,0.7142857142857143
3,1,88,0.2092815339565277,0.8189783692359924,0.9485294117647058,0.7142857142857143
3,1,89,0.20832990109920502,0.7891982793807983,0.9632352941176471,0.6571428571428571
3,1,90,0.2081395387649536,0.8416758179664612,0.9264705882352942,0.7142857142857143
3,1,91,0.20442479848861694,0.7822109460830688,0.9779411764705882,0.6571428571428571
3,1,92,0.19955730438232422,0.7934513688087463,0.9558823529411765,0.7142857142857143
3,1,93,0.20945678651332855,0.8591921329498291,0.9117647058823529,0.6857142857142857
3,1,94,0.21145842969417572,0.7396374940872192,0.9779411764705882,0.6571428571428571
3,1,95,0.1961677521467209,0.7609712481498718,0.9779411764705882,0.7142857142857143
3,1,96,0.22004176676273346,0.8868700861930847,0.8823529411764706,0.7428571428571429
3,1,97,0.19841261208057404,0.7513493895530701,0.9779411764705882,0.6857142857142857
3,1,98,0.20113115012645721,0.7402237057685852,0.9779411764705882,0.6857142857142857
3,1,99,0.19306813180446625,0.8403679728507996,0.9338235294117647,0.6857142857142857
3,1,100,0.18371281027793884,0.8164575099945068,0.9558823529411765,0.7142857142857143
3,2,1,0.6537613868713379,0.6583535671234131,0.7299270072992701,0.7058823529411765
3,2,2,0.6142111420631409,0.6251338720321655,0.7299270072992701,0.7058823529411765
3,2,3,0.5839917063713074,0.6058778166770935,0.7299270072992701,0.7058823529411765
3,2,4,0.6044033169746399,0.6401761770248413,0.7299270072992701,0.7058823529411765
3,2,5,0.6058374047279358,0.6429144740104675,0.7299270072992701,0.7058823529411765
3,2,6,0.58823561668396,0.6205112338066101,0.7299270072992701,0.7058823529411765
3,2,7,0.5795519948005676,0.6063305139541626,0.7299270072992701,0.7058823529411765
3,2,8,0.5814623236656189,0.6040816903114319,0.7299270072992701,0.7058823529411765
3,2,9,0.585659384727478,0.606167733669281,0.7299270072992701,0.7058823529411765
3,2,10,0.5867027044296265,0.6069555878639221,0.7299270072992701,0.7058823529411765
3,2,11,0.584174394607544,0.6055490374565125,0.7299270072992701,0.7058823529411765
3,2,12,0.5792168378829956,0.6028985381126404,0.7299270072992701,0.7058823529411765
3,2,13,0.5740013718605042,0.6009076237678528,0.7299270072992701,0.7058823529411765
3,2,14,0.5709694623947144,0.6016404628753662,0.7299270072992701,0.7058823529411765
3,2,15,0.5710944533348083,0.6054471135139465,0.7299270072992701,0.7058823529411765
3,2,16,0.5722747445106506,0.609371542930603,0.7299270072992701,0.7058823529411765
3,2,17,0.5711695551872253,0.6094942092895508,0.7299270072992701,0.7058823529411765
3,2,18,0.5674274563789368,0.6056663393974304,0.7299270072992701,0.7058823529411765
3,2,19,0.5628534555435181,0.6001610159873962,0.7299270072992701,0.7058823529411765
3,2,20,0.5596446990966797,0.5959239602088928,0.7299270072992701,0.7058823529411765
3,2,21,0.5578482747077942,0.5934199094772339,0.7299270072992701,0.7058823529411765
3,2,22,0.5563874840736389,0.591890811920166,0.7299270072992701,0.7058823529411765
3,2,23,0.5537941455841064,0.5901662111282349,0.7299270072992701,0.7058823529411765
3,2,24,0.5494067072868347,0.5877465009689331,0.7299270072992701,0.7058823529411765
3,2,25,0.5444455146789551,0.5854972004890442,0.7299270072992701,0.7058823529411765
3,2,26,0.5399350523948669,0.58409184217453,0.7299270072992701,0.7058823529411765
3,2,27,0.5360789895057678,0.5832486152648926,0.7299270072992701,0.7058823529411765
3,2,28,0.5317849516868591,0.5815748572349548,0.7299270072992701,0.7058823529411765
3,2,29,0.5259425640106201,0.5778194069862366,0.7299270072992701,0.7058823529411765
3,2,30,0.5192395448684692,0.5728479027748108,0.7299270072992701,0.7058823529411765
3,2,31,0.5128722786903381,0.5684297680854797,0.7299270072992701,0.7058823529411765
3,2,32,0.506446361541748,0.5646087527275085,0.7299270072992701,0.7058823529411765
3,2,33,0.49923136830329895,0.5604085922241211,0.7299270072992701,0.7058823529411765
3,2,34,0.49197959899902344,0.5565106272697449,0.7299270072992701,0.7058823529411765
3,2,35,0.4854775369167328,0.5532331466674805,0.7299270072992701,0.7058823529411765
3,2,36,0.4786146879196167,0.5493646264076233,0.7299270072992701,0.7058823529411765
3,2,37,0.4727649986743927,0.5458077788352966,0.7299270072992701,0.7058823529411765
3,2,38,0.46757522225379944,0.5431612133979797,0.7299270072992701,0.7058823529411765
3,2,39,0.46191880106925964,0.5402559041976929,0.7299270072992701,0.7058823529411765
3,2,40,0.457002729177475,0.5380842685699463,0.7299270072992701,0.7058823529411765
3,2,41,0.4514700174331665,0.5353227257728577,0.7299270072992701,0.7058823529411765
3,2,42,0.44531476497650146,0.5317010283470154,0.7299270072992701,0.7058823529411765
3,2,43,0.44061440229415894,0.5296226739883423,0.7299270072992701,0.7058823529411765
3,2,44,0.43561893701553345,0.5273492336273193,0.7299270072992701,0.7058823529411765
3,2,45,0.4313841164112091,0.526569128036499,0.7299270072992701,0.7058823529411765
3,2,46,0.4255326986312866,0.5227592587471008,0.7299270072992701,0.7058823529411765
3,2,47,0.42014452815055847,0.5193843841552734,0.7299270072992701,0.7058823529411765
3,2,48,0.4142053425312042,0.5175466537475586,0.8029197080291971,0.7352941176470589
3,2,49,0.4100203514099121,0.5176001787185669,0.8102189781021898,0.7647058823529411
3,2,50,0.40352728962898254,0.5129607319831848,0.8175182481751825,0.7647058823529411
3,2,51,0.39886096119880676,0.5100119709968567,0.8102189781021898,0.7941176470588235
3,2,52,0.39300817251205444,0.5093976855278015,0.8102189781021898,0.7647058823529411
3,2,53,0.3887290358543396,0.5103362202644348,0.8029197080291971,0.7647058823529411
3,2,54,0.38222554326057434,0.5063964128494263,0.8102189781021898,0.7941176470588235
3,2,55,0.3754573166370392,0.503612220287323,0.8175182481751825,0.7941176470588235
3,2,56,0.36987248063087463,0.5055203437805176,0.8102189781021898,0.7941176470588235
3,2,57,0.36335983872413635,0.5026600956916809,0.8175182481751825,0.7941176470588235
3,2,58,0.3569764792919159,0.49771377444267273,0.8394160583941606,0.7647058823529411
3,2,59,0.34978318214416504,0.4999099671840668,0.8394160583941606,0.7941176470588235
3,2,60,0.3431605398654938,0.4997952878475189,0.8467153284671532,0.7647058823529411
3,2,61,0.33680301904678345,0.4924192428588867,0.8613138686131386,0.7647058823529411
3,2,62,0.3316320776939392,0.4982273578643799,0.8394160583941606,0.7941176470588235
3,2,63,0.3238724172115326,0.48705539107322693,0.8759124087591241,0.7941176470588235
3,2,64,0.3166031539440155,0.49088433384895325,0.8686131386861314,0.7647058823529411
3,2,65,0.31012579798698425,0.4929575026035309,0.8686131386861314,0.7647058823529411
3,2,66,0.30189049243927,0.48261338472366333,0.8832116788321168,0.7941176470588235
3,2,67,0.2950834333896637,0.4800814986228943,0.8905109489051095,0.7941176470588235
3,2,68,0.2880840003490448,0.48824620246887207,0.8905109489051095,0.7647058823529411
3,2,69,0.2794213593006134,0.4750902056694031,0.8978102189781022,0.7941176470588235
3,2,70,0.273649126291275,0.48936355113983154,0.8905109489051095,0.7647058823529411
3,2,71,0.26597142219543457,0.4662048816680908,0.9124087591240876,0.7941176470588235
3,2,72,0.25958192348480225,0.4934242367744446,0.8905109489051095,0.7941176470588235
3,2,73,0.24661678075790405,0.47297409176826477,0.9197080291970803,0.7941176470588235
3,2,74,0.2398993968963623,0.4757755994796753,0.9197080291970803,0.7941176470588235
3,2,75,0.237047016620636,0.5027690529823303,0.8905109489051095,0.7941176470588235
3,2,76,0.23197603225708008,0.4640570282936096,0.9708029197080292,0.7941176470588235
3,2,77,0.23323406279087067,0.5345373153686523,0.8905109489051095,0.7647058823529411
3,2,78,0.22719676792621613,0.4630896747112274,0.9708029197080292,0.7647058823529411
3,2,79,0.21188999712467194,0.5289121270179749,0.927007299270073,0.7941176470588235
3,2,80,0.1979241669178009,0.5087090730667114,0.948905109489051,0.7941176470588235
3,2,81,0.19573350250720978,0.4896298050880432,0.9781021897810219,0.7941176470588235
3,2,82,0.19178390502929688,0.5443837642669678,0.9343065693430657,0.7941176470588235
3,2,83,0.1836719661951065,0.49976208806037903,0.9854014598540146,0.7941176470588235
3,2,84,0.17678643763065338,0.5464357733726501,0.9562043795620438,0.7941176470588235
3,2,85,0.17000596225261688,0.5425993800163269,0.9781021897810219,0.7941176470588235
3,2,86,0.1656879484653473,0.5254927277565002,0.9854014598540146,0.7941176470588235
3,2,87,0.1616518348455429,0.5668752789497375,0.9781021897810219,0.7941176470588235
3,2,88,0.15306048095226288,0.5540817379951477,0.9854014598540146,0.7941176470588235
3,2,89,0.1508268564939499,0.5364802479743958,0.9927007299270073,0.7941176470588235
3,2,90,0.15309621393680573,0.6225506067276001,0.9708029197080292,0.8235294117647058
3,2,91,0.15112286806106567,0.5197150707244873,0.9927007299270073,0.7647058823529411
3,2,92,0.13453367352485657,0.5768437385559082,0.9927007299270073,0.7941176470588235
3,2,93,0.14586539566516876,0.6587035059928894,0.9708029197080292,0.8235294117647058
3,2,94,0.14807632565498352,0.5123385787010193,0.9854014598540146,0.7941176470588235
3,2,95,0.12556807696819305,0.5498488545417786,0.9927007299270073,0.7941176470588235
3,2,96,0.17461872100830078,0.7314398288726807,0.9124087591240876,0.7941176470588235
3,2,97,0.14010465145111084,0.5156646370887756,0.9854014598540146,0.7941176470588235
3,2,98,0.1412951499223709,0.5112622380256653,0.9854014598540146,0.7941176470588235
3,2,99,0.145130917429924,0.6649124026298523,0.9562043795620438,0.7941176470588235
3,2,100,0.10976820439100266,0.5730987191200256,0.9927007299270073,0.8235294117647058
3,3,1,0.653228759765625,0.6506572961807251,0.7226277372262774,0.7352941176470589
3,3,2,0.6134370565414429,0.6072098612785339,0.7226277372262774,0.7352941176470589
3,3,3,0.5902857184410095,0.5781598687171936,0.7226277372262774,0.7352941176470589
3,3,4,0.6149786710739136,0.5975286960601807,0.7226277372262774,0.7352941176470589
3,3,5,0.6101194024085999,0.594018280506134,0.7226277372262774,0.7352941176470589
3,3,6,0.5926601886749268,0.5799983739852905,0.7226277372262774,0.7352941176470589
3,3,7,0.5861548781394958,0.5768663883209229,0.7226277372262774,0.7352941176470589
3,3,8,0.5890747904777527,0.5820567607879639,0.7226277372262774,0.7352941176470589
3,3,9,0.592502236366272,0.586832582950592,0.7226277372262774,0.7352941176470589
3,3,10,0.5921600461006165,0.5872019529342651,0.7226277372262774,0.7352941176470589
3,3,11,0.5882144570350647,0.5835592150688171,0.7226277372262774,0.7352941176470589
3,3,12,0.5830103754997253,0.5784441828727722,0.7226277372262774,0.7352941176470589
3,3,13,0.5788859724998474,0.574296772480011,0.7226277372262774,0.7352941176470589
3,3,14,0.5776079893112183,0.5730893611907959,0.7226277372262774,0.7352941176470589
3,3,15,0.5781571269035339,0.5741247534751892,0.7226277372262774,0.7352941176470589
3,3,16,0.5775308012962341,0.5745131969451904,0.7226277372262774,0.7352941176470589
3,3,17,0.5744796991348267,0.57291579246521,0.7226277372262774,0.7352941176470589
3,3,18,0.5701963305473328,0.5703231692314148,0.7226277372262774,0.7352941176470589
3,3,19,0.5669389963150024,0.568646252155304,0.7226277372262774,0.7352941176470589
3,3,20,0.5652578473091125,0.5683889985084534,0.7226277372262774,0.7352941176470589
3,3,21,0.5638312697410583,0.56839919090271,0.7226277372262774,0.7352941176470589
3,3,22,0.5612365007400513,0.5674300193786621,0.7226277372262774,0.7352941176470589
3,3,23,0.5570393800735474,0.565041720867157,0.7226277372262774,0.7352941176470589
3,3,24,0.552227795124054,0.562247097492218,0.7226277372262774,0.7352941176470589
3,3,25,0.5483009219169617,0.5604233741760254,0.7226277372262774,0.7352941176470589
3,3,26,0.5449017286300659,0.559304416179657,0.7226277372262774,0.7352941176470589
3,3,27,0.5404718518257141,0.5571333765983582,0.7226277372262774,0.7352941176470589
3,3,28,0.5348361730575562,0.5533922910690308,0.7226277372262774,0.7352941176470589
3,3,29,0.5292394161224365,0.5494418740272522,0.7226277372262774,0.7352941176470589
3,3,30,0.5236778259277344,0.545610785484314,0.7226277372262774,0.7352941176470589
3,3,31,0.5177173614501953,0.5415399670600891,0.7226277372262774,0.7352941176470589
3,3,32,0.5110176205635071,0.5376263856887817,0.7226277372262774,0.7352941176470589
3,3,33,0.5045256018638611,0.5345019102096558,0.7226277372262774,0.7352941176470589
3,3,34,0.49849361181259155,0.5312275886535645,0.7226277372262774,0.7352941176470589
3,3,35,0.4918094873428345,0.5256354212760925,0.7226277372262774,0.7352941176470589
3,3,36,0.4854144752025604,0.5191059708595276,0.7226277372262774,0.7352941176470589
3,3,37,0.4797233045101166,0.5133777856826782,0.7226277372262774,0.7352941176470589
3,3,38,0.47383996844291687,0.5098947286605835,0.7226277372262774,0.7352941176470589
3,3,39,0.4682937264442444,0.5082501769065857,0.7226277372262774,0.7352941176470589
3,3,40,0.46253347396850586,0.5054922699928284,0.7226277372262774,0.7352941176470589
3,3,41,0.45607829093933105,0.49824637174606323,0.7226277372262774,0.7352941176470589
3,3,42,0.45026257634162903,0.490881085395813,0.7226277372262774,0.7352941176470589
3,3,43,0.4443068206310272,0.4850713014602661,0.7226277372262774,0.7352941176470589
3,3,44,0.43703141808509827,0.4828602373600006,0.7226277372262774,0.7352941176470589
3,3,45,0.430349200963974,0.4810090959072113,0.7226277372262774,0.7352941176470589
3,3,46,0.42341262102127075,0.4772804081439972,0.7226277372262774,0.7352941176470589
3,3,47,0.416488379240036,0.4729478657245636,0.7226277372262774,0.7352941176470589
3,3,48,0.40960803627967834,0.46794357895851135,0.781021897810219,0.7352941176470589
3,3,49,0.40253040194511414,0.46579495072364807,0.8029197080291971,0.7352941176470589
3,3,50,0.39471444487571716,0.4594117999076843,0.8394160583941606,0.7941176470588235
3,3,51,0.38779982924461365,0.4578278958797455,0.8394160583941606,0.7941176470588235
3,3,52,0.3816206157207489,0.45918431878089905,0.8321167883211679,0.7941176470588235
3,3,53,0.3741530776023865,0.4514673948287964,0.8248175182481752,0.7941176470588235
3,3,54,0.3672066628932953,0.45390263199806213,0.8248175182481752,0.7941176470588235
3,3,55,0.3596753776073456,0.44999706745147705,0.8321167883211679,0.7941176470588235
3,3,56,0.35180434584617615,0.45123785734176636,0.8321167883211679,0.7941176470588235
3,3,57,0.34471970796585083,0.45481088757514954,0.8321167883211679,0.7941176470588235
3,3,58,0.3374433219432831,0.4514640271663666,0.8613138686131386,0.7941176470588235
3,3,59,0.3302605450153351,0.44800809025764465,0.8686131386861314,0.7941176470588235
3,3,60,0.3250218331813812,0.47353723645210266,0.8467153284671532,0.7941176470588235
3,3,61,0.31664174795150757,0.45578718185424805,0.8759124087591241,0.7941176470588235
3,3,62,0.3088321387767792,0.46651941537857056,0.8832116788321168,0.7941176470588235
3,3,63,0.3012308180332184,0.48464471101760864,0.8832116788321168,0.7941176470588235
3,3,64,0.2944798171520233,0.471059113740921,0.9051094890510949,0.7941176470588235
3,3,65,0.28802964091300964,0.5105189681053162,0.8905109489051095,0.7647058823529411
3,3,66,0.2794148623943329,0.48668792843818665,0.9124087591240876,0.7941176470588235
3,3,67,0.272413432598114,0.5011134743690491,0.9197080291970803,0.7941176470588235
3,3,68,0.26409536600112915,0.5212239027023315,0.9124087591240876,0.7647058823529411
3,3,69,0.2563915252685547,0.5277057886123657,0.9197080291970803,0.7647058823529411
3,3,70,0.2484007179737091,0.5202959775924683,0.9343065693430657,0.7647058823529411
3,3,71,0.2449975609779358,0.5768566727638245,0.8978102189781022,0.7352941176470589
3,3,72,0.24580572545528412,0.4886210858821869,0.9708029197080292,0.8529411764705882
3,3,73,0.2627805769443512,0.6955034732818604,0.8613138686131386,0.7352941176470589
3,3,74,0.2451721578836441,0.4809318482875824,0.9635036496350365,0.8529411764705882
3,3,75,0.22442376613616943,0.5164007544517517,0.9781021897810219,0.8235294117647058
3,3,76,0.26380467414855957,0.7577078938484192,0.8248175182481752,0.7352941176470589
3,3,77,0.211222305893898,0.5371238589286804,0.9781021897810219,0.7941176470588235
3,3,78,0.22268255054950714,0.49125930666923523,0.9927007299270073,0.8529411764705882
3,3,79,0.20548318326473236,0.6245800256729126,0.948905109489051,0.7352941176470589
3,3,80,0.20362144708633423,0.661724865436554,0.9197080291970803,0.7352941176470589
3,3,81,0.19747883081436157,0.5249224305152893,0.9927007299270073,0.8529411764705882
3,3,82,0.18640874326229095,0.5655836462974548,0.9854014598540146,0.7647058823529411
3,3,83,0.1972389966249466,0.7296640276908875,0.9124087591240876,0.7352941176470589
3,3,84,0.17490847408771515,0.5865283012390137,0.9854014598540146,0.7647058823529411
3,3,85,0.1744212806224823,0.5583137273788452,0.9927007299270073,0.7941176470588235
3,3,86,0.16698004305362701,0.6744328737258911,0.9781021897810219,0.7352941176470589
3,3,87,0.16195207834243774,0.6809263825416565,0.9781021897810219,0.7352941176470589
3,3,88,0.15721876919269562,0.593818724155426,0.9927007299270073,0.7647058823529411
3,3,89,0.1504579484462738,0.6263766288757324,0.9927007299270073,0.7647058823529411
3,3,90,0.14793674647808075,0.7156654000282288,0.9854014598540146,0.7352941176470589
3,3,91,0.13991619646549225,0.6533545255661011,0.9927007299270073,0.7647058823529411
3,3,92,0.13524922728538513,0.6600598692893982,0.9927007299270073,0.7647058823529411
3,3,93,0.13274697959423065,0.7378126978874207,0.9854014598540146,0.7352941176470589
3,3,94,0.12560762465000153,0.6949813961982727,0.9927007299270073,0.7647058823529411
3,3,95,0.12227875739336014,0.6592311859130859,1.0,0.7647058823529411
3,3,96,0.11664177477359772,0.7370712161064148,0.9927007299270073,0.7352941176470589
3,3,97,0.11216224730014801,0.7628014087677002,0.9927007299270073,0.7352941176470589
3,3,98,0.1095801517367363,0.6562643051147461,1.0,0.7941176470588235
3,3,99,0.10352121293544769,0.6974835991859436,1.0,0.7647058823529411
3,3,100,0.10129370540380478,0.8216312527656555,0.9927007299270073,0.7352941176470589
3,4,1,0.650005578994751,0.6472034454345703,0.7226277372262774,0.7352941176470589
3,4,2,0.6105266809463501,0.603905975818634,0.7226277372262774,0.7352941176470589
3,4,3,0.5908170342445374,0.5778570771217346,0.7226277372262774,0.7352941176470589
3,4,4,0.6140857338905334,0.5961315035820007,0.7226277372262774,0.7352941176470589
3,4,5,0.6068133115768433,0.5902913212776184,0.7226277372262774,0.7352941176470589
3,4,6,0.5904932022094727,0.5773283839225769,0.7226277372262774,0.7352941176470589
3,4,7,0.586625337600708,0.5764731168746948,0.7226277372262774,0.7352941176470589
3,4,8,0.5906572341918945,0.5824658870697021,0.7226277372262774,0.7352941176470589
3,4,9,0.5933011174201965,0.5859774351119995,0.7226277372262774,0.7352941176470589
3,4,10,0.59144526720047,0.5842461585998535,0.7226277372262774,0.7352941176470589
3,4,11,0.5866071581840515,0.5791011452674866,0.7226277372262774,0.7352941176470589
3,4,12,0.5813703536987305,0.5733578205108643,0.7226277372262774,0.7352941176470589
3,4,13,0.5782063603401184,0.5696970224380493,0.7226277372262774,0.7352941176470589
3,4,14,0.5779939293861389,0.5693027377128601,0.7226277372262774,0.7352941176470589
3,4,15,0.5782366394996643,0.5699072480201721,0.7226277372262774,0.7352941176470589
3,4,16,0.5760461091995239,0.5685657262802124,0.7226277372262774,0.7352941176470589
3,4,17,0.5717943906784058,0.5653699636459351,0.7226277372262774,0.7352941176470589
3,4,18,0.5677871108055115,0.5623550415039062,0.7226277372262774,0.7352941176470589
3,4,19,0.5651552677154541,0.5605856776237488,0.7226277372262774,0.7352941176470589
3,4,20,0.5631335377693176,0.5592963099479675,0.7226277372262774,0.7352941176470589
3,4,21,0.5602649450302124,0.5573177337646484,0.7226277372262774,0.7352941176470589
3,4,22,0.5560752153396606,0.5543028116226196,0.7226277372262774,0.7352941176470589
3,4,23,0.5511650443077087,0.5509923100471497,0.7226277372262774,0.7352941176470589
3,4,24,0.5466029047966003,0.5482354760169983,0.7226277372262774,0.7352941176470589
3,4,25,0.542341411113739,0.5459734201431274,0.7226277372262774,0.7352941176470589
3,4,26,0.5372996926307678,0.5428264141082764,0.7226277372262774,0.7352941176470589
3,4,27,0.5310503840446472,0.537948489189148,0.7226277372262774,0.7352941176470589
3,4,28,0.5245393514633179,0.532006025314331,0.7226277372262774,0.7352941176470589
3,4,29,0.5181593894958496,0.5259449481964111,0.7226277372262774,0.7352941176470589
3,4,30,0.5112969279289246,0.5205331444740295,0.7226277372262774,0.7352941176470589
3,4,31,0.504032552242279,0.5164476633071899,0.7226277372262774,0.7352941176470589
3,4,32,0.4974379539489746,0.5141918063163757,0.7226277372262774,0.7352941176470589
3,4,33,0.49106189608573914,0.5110357999801636,0.7226277372262774,0.7352941176470589
3,4,34,0.4841616451740265,0.5036235451698303,0.7226277372262774,0.7352941176470589
3,4,35,0.47858232259750366,0.4946873188018799,0.7226277372262774,0.7352941176470589
3,4,36,0.47359827160835266,0.4885683059692383,0.7226277372262774,0.7352941176470589
3,4,37,0.4682706892490387,0.48778221011161804,0.7226277372262774,0.7352941176470589
3,4,38,0.46335723996162415,0.48755308985710144,0.7226277372262774,0.7352941176470589
3,4,39,0.45728036761283875,0.48243364691734314,0.7226277372262774,0.7352941176470589
3,4,40,0.45096099376678467,0.4732140898704529,0.7226277372262774,0.7352941176470589
3,4,41,0.44530004262924194,0.4668905735015869,0.7226277372262774,0.7352941176470589
3,4,42,0.4392201006412506,0.46513304114341736,0.7226277372262774,0.7352941176470589
3,4,43,0.4335443675518036,0.4586082994937897,0.7226277372262774,0.7352941176470589
3,4,44,0.42770805954933167,0.45639902353286743,0.7226277372262774,0.7352941176470589
3,4,45,0.4217970669269562,0.4544145166873932,0.781021897810219,0.7352941176470589
3,4,46,0.4156600534915924,0.4489147961139679,0.8102189781021898,0.7352941176470589
3,4,47,0.4095193147659302,0.44371455907821655,0.8175182481751825,0.7647058823529411
3,4,48,0.4036926329135895,0.4462563097476959,0.8175182481751825,0.7941176470588235
3,4,49,0.3977695405483246,0.4409933388233185,0.8248175182481752,0.7941176470588235
3,4,50,0.3912661075592041,0.43499326705932617,0.8248175182481752,0.7647058823529411
3,4,51,0.38460829854011536,0.43432438373565674,0.8248175182481752,0.7647058823529411
3,4,52,0.37849175930023193,0.43608811497688293,0.8321167883211679,0.7647058823529411
3,4,53,0.37247493863105774,0.4370875954627991,0.8394160583941606,0.7647058823529411
3,4,54,0.3657695949077606,0.4305642247200012,0.8394160583941606,0.7647058823529411
3,4,55,0.3591856360435486,0.43360307812690735,0.8394160583941606,0.7647058823529411
3,4,56,0.3514983355998993,0.42936331033706665,0.8613138686131386,0.7647058823529411
3,4,57,0.3458689749240875,0.44126421213150024,0.8540145985401459,0.7941176470588235
3,4,58,0.33895617723464966,0.41938406229019165,0.8905109489051095,0.7647058823529411
3,4,59,0.33437246084213257,0.45182064175605774,0.8540145985401459,0.7941176470588235
3,4,60,0.3255971074104309,0.42582547664642334,0.8832116788321168,0.7647058823529411
3,4,61,0.32002148032188416,0.43532899022102356,0.8832116788321168,0.7941176470588235
3,4,62,0.3135760724544525,0.45108693838119507,0.8759124087591241,0.7941176470588235
3,4,63,0.3062739074230194,0.43402180075645447,0.8905109489051095,0.7647058823529411
3,4,64,0.3009236454963684,0.46059659123420715,0.8978102189781022,0.7941176470588235
3,4,65,0.2935877740383148,0.4469505548477173,0.8978102189781022,0.7941176470588235
3,4,66,0.28793802857398987,0.4387383460998535,0.8978102189781022,0.7941176470588235
3,4,67,0.28584587574005127,0.4890168011188507,0.8832116788321168,0.7647058823529411
3,4,68,0.2782175838947296,0.42571672797203064,0.9197080291970803,0.7941176470588235
3,4,69,0.2705285847187042,0.48944294452667236,0.8905109489051095,0.7941176470588235
3,4,70,0.26108527183532715,0.47011080384254456,0.8978102189781022,0.7941176470588235
3,4,71,0.256343811750412,0.44857287406921387,0.9197080291970803,0.7941176470588235
3,4,72,0.2533325254917145,0.5061427354812622,0.9051094890510949,0.7941176470588235
3,4,73,0.24818044900894165,0.43079763650894165,0.9635036496350365,0.8235294117647058
3,4,74,0.24359454214572906,0.518017590045929,0.8978102189781022,0.7941176470588235
3,4,75,0.23485876619815826,0.43725574016571045,0.9635036496350365,0.8529411764705882
3,4,76,0.22564545273780823,0.4928204119205475,0.927007299270073,0.7941176470588235
3,4,77,0.21773198246955872,0.492707759141922,0.948905109489051,0.7941176470588235
3,4,78,0.21268537640571594,0.4574251174926758,0.9708029197080292,0.8529411764705882
3,4,79,0.21598027646541595,0.5447454452514648,0.8978102189781022,0.7941176470588235
3,4,80,0.22403766214847565,0.41877666115760803,0.9781021897810219,0.7941176470588235
3,4,81,0.2010575532913208,0.5349911451339722,0.9343065693430657,0.7941176470588235
3,4,82,0.19532352685928345,0.5442708134651184,0.9416058394160584,0.7941176470588235
3,4,83,0.20149101316928864,0.4314170181751251,0.9927007299270073,0.8235294117647058
3,4,84,0.18261884152889252,0.5222152471542358,0.9708029197080292,0.7941176470588235
3,4,85,0.1864774376153946,0.5822411775588989,0.9343065693430657,0.7941176470588235
3,4,86,0.18812096118927002,0.43643462657928467,0.9927007299270073,0.7941176470588235
3,4,87,0.16820991039276123,0.4962490200996399,0.9854014598540146,0.8529411764705882
3,4,88,0.200094074010849,0.6687180995941162,0.8978102189781022,0.7647058823529411
3,4,89,0.18375393748283386,0.4298914074897766,0.9927007299270073,0.8235294117647058
3,4,90,0.17606225609779358,0.43323490023612976,0.9927007299270073,0.8235294117647058
3,4,91,0.17958377301692963,0.640084981918335,0.9197080291970803,0.7941176470588235
3,4,92,0.1514541655778885,0.4967559278011322,0.9927007299270073,0.8529411764705882
3,4,93,0.15695419907569885,0.45290476083755493,0.9927007299270073,0.8529411764705882
3,4,94,0.1464661806821823,0.526129424571991,0.9854014598540146,0.8235294117647058
3,4,95,0.15756773948669434,0.625241219997406,0.9635036496350365,0.7941176470588235
3,4,96,0.1433628350496292,0.47316333651542664,0.9927007299270073,0.8529411764705882
3,4,97,0.14365775883197784,0.4614201784133911,0.9927007299270073,0.8529411764705882
3,4,98,0.13367311656475067,0.5593059062957764,0.9854014598540146,0.8235294117647058
3,4,99,0.1359553337097168,0.6138542890548706,0.9708029197080292,0.7941176470588235
3,4,100,0.13046568632125854,0.4879142642021179,0.9927007299270073,0.8529411764705882
3,5,1,0.6492764949798584,0.6464232206344604,0.7226277372262774,0.7352941176470589
3,5,2,0.6119351387023926,0.6055021286010742,0.7226277372262774,0.7352941176470589
3,5,3,0.590416431427002,0.5779829621315002,0.7226277372262774,0.7352941176470589
3,5,4,0.6142627000808716,0.5955870151519775,0.7226277372262774,0.7352941176470589
3,5,5,0.6095954775810242,0.5914773344993591,0.7226277372262774,0.7352941176470589
3,5,6,0.5929536819458008,0.5780202150344849,0.7226277372262774,0.7352941176470589
3,5,7,0.586826503276825,0.5753374695777893,0.7226277372262774,0.7352941176470589
3,5,8,0.5901535153388977,0.58110511302948,0.7226277372262774,0.7352941176470589
3,5,9,0.5942094922065735,0.586482048034668,0.7226277372262774,0.7352941176470589
3,5,10,0.5947917103767395,0.5875059366226196,0.7226277372262774,0.7352941176470589
3,5,11,0.591628909111023,0.5840515494346619,0.7226277372262774,0.7352941176470589
3,5,12,0.5864474773406982,0.5780028104782104,0.7226277372262774,0.7352941176470589
3,5,13,0.5814306735992432,0.5716227889060974,0.7226277372262774,0.7352941176470589
3,5,14,0.5788496136665344,0.5673566460609436,0.7226277372262774,0.7352941176470589
3,5,15,0.5792219042778015,0.5660455226898193,0.7226277372262774,0.7352941176470589
3,5,16,0.5804381966590881,0.5660778880119324,0.7226277372262774,0.7352941176470589
3,5,17,0.5789991617202759,0.5645280480384827,0.7226277372262774,0.7352941176470589
3,5,18,0.5749270915985107,0.5613703727722168,0.7226277372262774,0.7352941176470589
3,5,19,0.5706824660301208,0.5587118864059448,0.7226277372262774,0.7352941176470589
3,5,20,0.5681147575378418,0.5577888488769531,0.7226277372262774,0.7352941176470589
3,5,21,0.5669257044792175,0.5580024123191833,0.7226277372262774,0.7352941176470589
3,5,22,0.5654969811439514,0.55740886926651,0.7226277372262774,0.7352941176470589
3,5,23,0.5626866817474365,0.5547515153884888,0.7226277372262774,0.7352941176470589
3,5,24,0.5583431720733643,0.5498034358024597,0.7226277372262774,0.7352941176470589
3,5,25,0.5536305904388428,0.5438387393951416,0.7226277372262774,0.7352941176470589
3,5,26,0.5497720241546631,0.5384201407432556,0.7226277372262774,0.7352941176470589
3,5,27,0.5463045835494995,0.5336732268333435,0.7226277372262774,0.7352941176470589
3,5,28,0.5418274998664856,0.5287137627601624,0.7226277372262774,0.7352941176470589
3,5,29,0.5359626412391663,0.5236577391624451,0.7226277372262774,0.7352941176470589
3,5,30,0.5300893187522888,0.5193594694137573,0.7226277372262774,0.7352941176470589
3,5,31,0.5248241424560547,0.5156514048576355,0.7226277372262774,0.7352941176470589
3,5,32,0.5184530019760132,0.5092958211898804,0.7226277372262774,0.7352941176470589
3,5,33,0.5107977986335754,0.4996272325515747,0.7226277372262774,0.7352941176470589
3,5,34,0.5041556358337402,0.4897454082965851,0.7226277372262774,0.7352941176470589
3,5,35,0.49872320890426636,0.4821281433105469,0.7226277372262774,0.7352941176470589
3,5,36,0.49177852272987366,0.4758836030960083,0.7226277372262774,0.7352941176470589
3,5,37,0.48522481322288513,0.4720314145088196,0.7226277372262774,0.7352941176470589
3,5,38,0.47949886322021484,0.4676414430141449,0.7226277372262774,0.7352941176470589
3,5,39,0.4728015959262848,0.4598723351955414,0.7226277372262774,0.7352941176470589
3,5,40,0.46668827533721924,0.45032936334609985,0.7226277372262774,0.7352941176470589
3,5,41,0.46110081672668457,0.4437820613384247,0.7226277372262774,0.7352941176470589
3,5,42,0.45414072275161743,0.44079461693763733,0.7226277372262774,0.7352941176470589
3,5,43,0.44844597578048706,0.438396692276001,0.7226277372262774,0.7352941176470589
3,5,44,0.44204896688461304,0.43216750025749207,0.7226277372262774,0.7352941176470589
3,5,45,0.4368295669555664,0.42491936683654785,0.7226277372262774,0.7352941176470589
3,5,46,0.4312455654144287,0.420888215303421,0.7226277372262774,0.7352941176470589
3,5,47,0.42384976148605347,0.4185735583305359,0.7226277372262774,0.7352941176470589
3,5,48,0.41689082980155945,0.4159727692604065,0.7226277372262774,0.7352941176470589
3,5,49,0.41049304604530334,0.4116364121437073,0.7226277372262774,0.7352941176470589
3,5,50,0.40451109409332275,0.40877121686935425,0.7226277372262774,0.7352941176470589
3,5,51,0.39711424708366394,0.40721645951271057,0.7226277372262774,0.7352941176470589
3,5,52,0.3904649615287781,0.40483716130256653,0.7226277372262774,0.7352941176470589
3,5,53,0.3839385211467743,0.40205276012420654,0.7226277372262774,0.7352941176470589
3,5,54,0.377287358045578,0.4002649486064911,0.7226277372262774,0.7352941176470589
3,5,55,0.3707154393196106,0.3995722532272339,0.8029197080291971,0.8235294117647058
3,5,56,0.364423930644989,0.3979053497314453,0.8029197080291971,0.8529411764705882
3,5,57,0.35666581988334656,0.39586785435676575,0.8248175182481752,0.8235294117647058
3,5,58,0.3509562015533447,0.39543673396110535,0.8540145985401459,0.7941176470588235
3,5,59,0.3450624346733093,0.39464402198791504,0.8248175182481752,0.8235294117647058
3,5,60,0.3363592028617859,0.39309918880462646,0.8467153284671532,0.7941176470588235
3,5,61,0.331180214881897,0.39395642280578613,0.8686131386861314,0.8235294117647058
3,5,62,0.3293178081512451,0.39740264415740967,0.8321167883211679,0.8529411764705882
3,5,63,0.3189546465873718,0.39490869641304016,0.8686131386861314,0.8235294117647058
3,5,64,0.3115123212337494,0.39526963233947754,0.8686131386861314,0.8235294117647058
3,5,65,0.30988869071006775,0.40175661444664,0.8394160583941606,0.8235294117647058
3,5,66,0.2991299033164978,0.39645108580589294,0.8905109489051095,0.8235294117647058
3,5,67,0.291860967874527,0.3975777328014374,0.8832116788321168,0.8235294117647058
3,5,68,0.28993499279022217,0.4045841693878174,0.8613138686131386,0.8235294117647058
3,5,69,0.2858242094516754,0.3999975919723511,0.9197080291970803,0.8529411764705882
3,5,70,0.2810758948326111,0.40868860483169556,0.8613138686131386,0.8235294117647058
3,5,71,0.26843947172164917,0.4005841612815857,0.9051094890510949,0.8529411764705882
3,5,72,0.26277104020118713,0.3992305099964142,0.927007299270073,0.8235294117647058
3,5,73,0.25809454917907715,0.4076368808746338,0.8905109489051095,0.8235294117647058
3,5,74,0.25092238187789917,0.4009549915790558,0.9343065693430657,0.8235294117647058
3,5,75,0.24686487019062042,0.41044801473617554,0.8978102189781022,0.8235294117647058
3,5,76,0.24116849899291992,0.40050628781318665,0.9416058394160584,0.8529411764705882
3,5,77,0.23890958726406097,0.4173755645751953,0.9051094890510949,0.8235294117647058
3,5,78,0.23209381103515625,0.4001556932926178,0.9635036496350365,0.8529411764705882
3,5,79,0.22535087168216705,0.41898417472839355,0.9197080291970803,0.8235294117647058
3,5,80,0.21717871725559235,0.4065547287464142,0.948905109489051,0.8529411764705882
3,5,81,0.21174204349517822,0.40815669298171997,0.9562043795620438,0.8529411764705882
3,5,82,0.20759186148643494,0.4138513505458832,0.948905109489051,0.8235294117647058
3,5,83,0.20260387659072876,0.4028306305408478,0.9708029197080292,0.8529411764705882
3,5,84,0.19931909441947937,0.4204052686691284,0.9416058394160584,0.8235294117647058
3,5,85,0.19686304032802582,0.39469215273857117,0.9854014598540146,0.8823529411764706
3,5,86,0.2111644744873047,0.4713517427444458,0.8759124087591241,0.8235294117647058
3,5,87,0.22887089848518372,0.40264517068862915,0.9635036496350365,0.7941176470588235
3,5,88,0.19218921661376953,0.3854835331439972,0.9854014598540146,0.8235294117647058
3,5,89,0.2869093120098114,0.5993069410324097,0.7956204379562044,0.7941176470588235
3,5,90,0.19808562099933624,0.3866530656814575,0.9854014598540146,0.8235294117647058
3,5,91,0.24091795086860657,0.41335347294807434,0.9562043795620438,0.7647058823529411
3,5,92,0.18014934659004211,0.3866713345050812,0.9781021897810219,0.8529411764705882
3,5,93,0.25244492292404175,0.5232634544372559,0.8175182481751825,0.7941176470588235
3,5,94,0.17199335992336273,0.37934812903404236,0.9854014598540146,0.8235294117647058
3,5,95,0.19650021195411682,0.3807898163795471,0.9854014598540146,0.8235294117647058
3,5,96,0.17154566943645477,0.3702943027019501,0.9854014598540146,0.8235294117647058
3,5,97,0.20616410672664642,0.4552702307701111,0.8832116788321168,0.8235294117647058
3,5,98,0.16065184772014618,0.37963706254959106,0.9854014598540146,0.8529411764705882
3,5,99,0.1673150509595871,0.36415308713912964,0.9854014598540146,0.8235294117647058
3,5,100,0.15499559044837952,0.37016570568084717,0.9854014598540146,0.8235294117647058
4,1,1,0.6528564095497131,0.6555758118629456,0.7279411764705882,0.7142857142857143
4,1,2,0.6111938953399658,0.6179111003875732,0.7279411764705882,0.7142857142857143
4,1,3,0.5852352380752563,0.5988172292709351,0.7279411764705882,0.7142857142857143
4,1,4,0.6106017231941223,0.6325117945671082,0.7279411764705882,0.7142857142857143
4,1,5,0.6070266366004944,0.6302898526191711,0.7279411764705882,0.7142857142857143
4,1,6,0.5883341431617737,0.6094635128974915,0.7279411764705882,0.7142857142857143
4,1,7,0.5807919502258301,0.5990923643112183,0.7279411764705882,0.7142857142857143
4,1,8,0.5844744443893433,0.6006381511688232,0.7279411764705882,0.7142857142857143
4,1,9,0.5892008543014526,0.6046465635299683,0.7279411764705882,0.7142857142857143
4,1,10,0.5894262194633484,0.6056541800498962,0.7279411764705882,0.7142857142857143
4,1,11,0.585162878036499,0.6035358905792236,0.7279411764705882,0.7142857142857143
4,1,12,0.5787916779518127,0.6004634499549866,0.7279411764705882,0.7142857142857143
4,1,13,0.5733449459075928,0.5993326306343079,0.7279411764705882,0.7142857142857143
4,1,14,0.5715392231941223,0.6024569869041443,0.7279411764705882,0.7142857142857143
4,1,15,0.5730674862861633,0.608887791633606,0.7279411764705882,0.7142857142857143
4,1,16,0.5737547278404236,0.6134040951728821,0.7279411764705882,0.7142857142857143
4,1,17,0.5705130696296692,0.612448513507843,0.7279411764705882,0.7142857142857143
4,1,18,0.5648447871208191,0.6077158451080322,0.7279411764705882,0.7142857142857143
4,1,19,0.5602331161499023,0.6035692691802979,0.7279411764705882,0.7142857142857143
4,1,20,0.5578531622886658,0.6015011668205261,0.7279411764705882,0.7142857142857143
4,1,21,0.5565803647041321,0.6016415357589722,0.7279411764705882,0.7142857142857143
4,1,22,0.5541902184486389,0.6023452877998352,0.7279411764705882,0.7142857142857143
4,1,23,0.5497406125068665,0.6027030944824219,0.7279411764705882,0.7142857142857143
4,1,24,0.5437981486320496,0.6032883524894714,0.7279411764705882,0.7142857142857143
4,1,25,0.5382276177406311,0.6055964231491089,0.7279411764705882,0.7142857142857143
4,1,26,0.5339459776878357,0.6098916530609131,0.7279411764705882,0.7142857142857143
4,1,27,0.529681384563446,0.6143032908439636,0.7279411764705882,0.7142857142857143
4,1,28,0.5233806371688843,0.6161293387413025,0.7279411764705882,0.7142857142857143
4,1,29,0.5153010487556458,0.6151430606842041,0.7279411764705882,0.7142857142857143
4,1,30,0.5080363154411316,0.6148029565811157,0.7279411764705882,0.7142857142857143
4,1,31,0.5014415383338928,0.6172516942024231,0.7279411764705882,0.7142857142857143
4,1,32,0.49235799908638,0.6211465001106262,0.7279411764705882,0.7142857142857143
4,1,33,0.4822201430797577,0.6279154419898987,0.7279411764705882,0.7142857142857143
4,1,34,0.47505638003349304,0.6393766403198242,0.7279411764705882,0.7142857142857143
4,1,35,0.4678023159503937,0.6494176387786865,0.7279411764705882,0.7142857142857143
4,1,36,0.45743682980537415,0.6539105176925659,0.7279411764705882,0.7142857142857143
4,1,37,0.4479551315307617,0.6583715081214905,0.7279411764705882,0.7142857142857143
4,1,38,0.4387810528278351,0.6682556867599487,0.7279411764705882,0.7142857142857143
4,1,39,0.4293282628059387,0.6828891038894653,0.7279411764705882,0.7142857142857143
4,1,40,0.42194241285324097,0.7007372379302979,0.7279411764705882,0.7142857142857143
4,1,41,0.4131978452205658,0.7157078385353088,0.7279411764705882,0.7142857142857143
4,1,42,0.40460067987442017,0.7260547280311584,0.7279411764705882,0.7142857142857143
4,1,43,0.3955219089984894,0.7430922389030457,0.7279411764705882,0.7142857142857143
4,1,44,0.3869292140007019,0.7695050835609436,0.7279411764705882,0.7142857142857143
4,1,45,0.38022738695144653,0.7924505472183228,0.7279411764705882,0.7142857142857143
4,1,46,0.3714263141155243,0.8033133745193481,0.7279411764705882,0.7142857142857143
4,1,47,0.3641098737716675,0.8216587901115417,0.7279411764705882,0.7142857142857143
4,1,48,0.3566927909851074,0.8543156981468201,0.7279411764705882,0.7142857142857143
4,1,49,0.34842661023139954,0.8740358948707581,0.7794117647058824,0.7714285714285715
4,1,50,0.3421892821788788,0.8965413570404053,0.7794117647058824,0.7428571428571429
4,1,51,0.33539700508117676,0.9204487204551697,0.8088235294117647,0.7428571428571429
4,1,52,0.32860612869262695,0.9461072683334351,0.8161764705882353,0.7142857142857143
4,1,53,0.3218674957752228,0.9753988981246948,0.8235294117647058,0.7142857142857143
4,1,54,0.31549781560897827,0.9893752932548523,0.8382352941176471,0.6571428571428571
4,1,55,0.3097619414329529,1.011015772819519,0.8529411764705882,0.6571428571428571
4,1,56,0.3039539158344269,1.0392059087753296,0.8602941176470589,0.6857142857142857
4,1,57,0.29828527569770813,1.0546278953552246,0.8676470588235294,0.6857142857142857
4,1,58,0.2928529977798462,1.0810730457305908,0.8676470588235294,0.6857142857142857
4,1,59,0.2873488664627075,1.0958154201507568,0.9044117647058824,0.7142857142857143
4,1,60,0.28152570128440857,1.1178935766220093,0.9044117647058824,0.7142857142857143
4,1,61,0.2793213129043579,1.1606693267822266,0.8455882352941176,0.6857142857142857
4,1,62,0.27997371554374695,1.116267204284668,0.9411764705882353,0.6285714285714286
4,1,63,0.2806031405925751,1.2229002714157104,0.8455882352941176,0.7142857142857143
4,1,64,0.2752619981765747,1.1384392976760864,0.9411764705882353,0.6285714285714286
4,1,65,0.26022449135780334,1.1999324560165405,0.9191176470588235,0.7142857142857143
4,1,66,0.2731982469558716,1.283698320388794,0.8382352941176471,0.7142857142857143
4,1,67,0.26994776725769043,1.1654051542282104,0.9411764705882353,0.6285714285714286
4,1,68,0.2573871612548828,1.1990437507629395,0.9485294117647058,0.6857142857142857
4,1,69,0.28398215770721436,1.3317029476165771,0.8088235294117647,0.8
4,1,70,0.24458585679531097,1.268263578414917,0.9338235294117647,0.6857142857142857
4,1,71,0.25916868448257446,1.2061394453048706,0.9485294117647058,0.6285714285714286
4,1,72,0.23953065276145935,1.275705099105835,0.9485294117647058,0.6857142857142857
4,1,73,0.2680593430995941,1.3876533508300781,0.8308823529411765,0.8
4,1,74,0.23279128968715668,1.2959437370300293,0.9558823529411765,0.6857142857142857
4,1,75,0.2357882410287857,1.2782633304595947,0.9558823529411765,0.6571428571428571
4,1,76,0.22927482426166534,1.3538326025009155,0.9264705882352942,0.6857142857142857
4,1,77,0.22602401673793793,1.3675373792648315,0.9264705882352942,0.6857142857142857
4,1,78,0.22109957039356232,1.3277150392532349,0.9558823529411765,0.6857142857142857
4,1,79,0.21664299070835114,1.3469569683074951,0.9558823529411765,0.6857142857142857
4,1,80,0.21474148333072662,1.4148443937301636,0.9264705882352942,0.6857142857142857
4,1,81,0.2069052755832672,1.412960410118103,0.9558823529411765,0.6857142857142857
4,1,82,0.20299820601940155,1.4085443019866943,0.9632352941176471,0.6857142857142857
4,1,83,0.19954204559326172,1.4230799674987793,0.9632352941176471,0.6857142857142857
4,1,84,0.19581960141658783,1.4553914070129395,0.9632352941176471,0.6857142857142857
4,1,85,0.1924319863319397,1.4845927953720093,0.9632352941176471,0.6857142857142857
4,1,86,0.18771891295909882,1.4812264442443848,0.9632352941176471,0.6857142857142857
4,1,87,0.18421414494514465,1.4870113134384155,0.9632352941176471,0.6857142857142857
4,1,88,0.18059919774532318,1.5285887718200684,0.9632352941176471,0.6857142857142857
4,1,89,0.1758490800857544,1.547858715057373,0.9632352941176471,0.6857142857142857
4,1,90,0.1731117218732834,1.5320683717727661,0.9632352941176471,0.6857142857142857
4,1,91,0.16804443299770355,1.5882796049118042,0.9632352941176471,0.6857142857142857
4,1,92,0.16567160189151764,1.6250423192977905,0.9632352941176471,0.6857142857142857
4,1,93,0.16525815427303314,1.5718157291412354,0.9632352941176471,0.6571428571428571
4,1,94,0.1566070318222046,1.6266666650772095,0.9632352941176471,0.6857142857142857
4,1,95,0.1676884889602661,1.7252001762390137,0.9558823529411765,0.7142857142857143
4,1,96,0.16369864344596863,1.5965909957885742,0.9632352941176471,0.6285714285714286
4,1,97,0.15581409633159637,1.630356788635254,0.9705882352941176,0.6571428571428571
4,1,98,0.16275347769260406,1.7825711965560913,0.9632352941176471,0.7142857142857143
4,1,99,0.1421082764863968,1.7100539207458496,0.9705882352941176,0.6857142857142857
4,1,100,0.1415127068758011,1.712225317955017,0.9705882352941176,0.6857142857142857
4,2,1,0.6495225429534912,0.6466869115829468,0.7226277372262774,0.7352941176470589
4,2,2,0.6150593757629395,0.6090160608291626,0.7226277372262774,0.7352941176470589
4,2,3,0.5907765626907349,0.5794028639793396,0.7226277372262774,0.7352941176470589
4,2,4,0.6097771525382996,0.5916159152984619,0.7226277372262774,0.7352941176470589
4,2,5,0.6112698912620544,0.5924302935600281,0.7226277372262774,0.7352941176470589
4,2,6,0.5957080125808716,0.5794203281402588,0.7226277372262774,0.7352941176470589
4,2,7,0.5881170630455017,0.5748397707939148,0.7226277372262774,0.7352941176470589
4,2,8,0.5900508165359497,0.5791661739349365,0.7226277372262774,0.7352941176470589
4,2,9,0.5943706035614014,0.584851861000061,0.7226277372262774,0.7352941176470589
4,2,10,0.5957744121551514,0.5865892171859741,0.7226277372262774,0.7352941176470589
4,2,11,0.5938935279846191,0.5842911005020142,0.7226277372262774,0.7352941176470589
4,2,12,0.5897989869117737,0.5791192650794983,0.7226277372262774,0.7352941176470589
4,2,13,0.5854238867759705,0.5730852484703064,0.7226277372262774,0.7352941176470589
4,2,14,0.5830376744270325,0.5686342716217041,0.7226277372262774,0.7352941176470589
4,2,15,0.5835258364677429,0.5670121312141418,0.7226277372262774,0.7352941176470589
4,2,16,0.5849415063858032,0.5668522715568542,0.7226277372262774,0.7352941176470589
4,2,17,0.5846577882766724,0.5658729076385498,0.7226277372262774,0.7352941176470589
4,2,18,0.582126259803772,0.5635664463043213,0.7226277372262774,0.7352941176470589
4,2,19,0.5788070559501648,0.5612086057662964,0.7226277372262774,0.7352941176470589
4,2,20,0.57660973072052,0.5602877140045166,0.7226277372262774,0.7352941176470589
4,2,21,0.5759243369102478,0.560710608959198,0.7226277372262774,0.7352941176470589
4,2,22,0.5756418108940125,0.5610455870628357,0.7226277372262774,0.7352941176470589
4,2,23,0.5745829939842224,0.5598801374435425,0.7226277372262774,0.7352941176470589
4,2,24,0.5723752379417419,0.5569640398025513,0.7226277372262774,0.7352941176470589
4,2,25,0.5693323612213135,0.5525704026222229,0.7226277372262774,0.7352941176470589
4,2,26,0.5662541389465332,0.5475690364837646,0.7226277372262774,0.7352941176470589
4,2,27,0.5639041662216187,0.543096125125885,0.7226277372262774,0.7352941176470589
4,2,28,0.5619565844535828,0.5392360687255859,0.7226277372262774,0.7352941176470589
4,2,29,0.5592139363288879,0.535359263420105,0.7226277372262774,0.7352941176470589
4,2,30,0.5553807020187378,0.5314591526985168,0.7226277372262774,0.7352941176470589
4,2,31,0.5512288212776184,0.5283884406089783,0.7226277372262774,0.7352941176470589
4,2,32,0.5472772717475891,0.5251874327659607,0.7226277372262774,0.7352941176470589
4,2,33,0.5428454279899597,0.5205862522125244,0.7226277372262774,0.7352941176470589
4,2,34,0.5373915433883667,0.5133328437805176,0.7226277372262774,0.7352941176470589
4,2,35,0.531692385673523,0.5046144127845764,0.7226277372262774,0.7352941176470589
4,2,36,0.5263807773590088,0.49643585085868835,0.7226277372262774,0.7352941176470589
4,2,37,0.5208609104156494,0.48929035663604736,0.7226277372262774,0.7352941176470589
4,2,38,0.5145986080169678,0.4835008680820465,0.7226277372262774,0.7352941176470589
4,2,39,0.5082197189331055,0.4787667691707611,0.7226277372262774,0.7352941176470589
4,2,40,0.5014771223068237,0.4705970883369446,0.7226277372262774,0.7352941176470589
4,2,41,0.4946942925453186,0.460588276386261,0.7226277372262774,0.7352941176470589
4,2,42,0.4882950484752655,0.45252516865730286,0.7226277372262774,0.7352941176470589
4,2,43,0.48183274269104004,0.4451795518398285,0.7226277372262774,0.7352941176470589
4,2,44,0.4745362102985382,0.4405141770839691,0.7226277372262774,0.7352941176470589
4,2,45,0.46785032749176025,0.4358629882335663,0.7226277372262774,0.7352941176470589
4,2,46,0.46076273918151855,0.429381787776947,0.7226277372262774,0.7352941176470589
4,2,47,0.4540889263153076,0.42252182960510254,0.7226277372262774,0.7352941176470589
4,2,48,0.4474327564239502,0.4176824688911438,0.7226277372262774,0.7352941176470589
4,2,49,0.44107291102409363,0.41251346468925476,0.7226277372262774,0.7352941176470589
4,2,50,0.43417254090309143,0.4095429480075836,0.7226277372262774,0.7352941176470589
4,2,51,0.426445335149765,0.40692493319511414,0.7226277372262774,0.7352941176470589
4,2,52,0.41887691617012024,0.4025847017765045,0.7226277372262774,0.7352941176470589
4,2,53,0.4120553433895111,0.39950820803642273,0.7226277372262774,0.7352941176470589
4,2,54,0.4057442247867584,0.397920161485672,0.7226277372262774,0.7352941176470589
4,2,55,0.39860332012176514,0.3980655074119568,0.7226277372262774,0.7352941176470589
4,2,56,0.3915863037109375,0.3942268490791321,0.7226277372262774,0.7352941176470589
4,2,57,0.3844510614871979,0.3931397795677185,0.7226277372262774,0.7352941176470589
4,2,58,0.3771619498729706,0.39497002959251404,0.7226277372262774,0.7352941176470589
4,2,59,0.370032399892807,0.39223045110702515,0.7226277372262774,0.7352941176470589
4,2,60,0.3615007698535919,0.39156442880630493,0.7226277372262774,0.7352941176470589
4,2,61,0.3549140989780426,0.39310377836227417,0.7226277372262774,0.7352941176470589
4,2,62,0.3498964309692383,0.39364978671073914,0.7226277372262774,0.7352941176470589
4,2,63,0.34097814559936523,0.3929280638694763,0.7226277372262774,0.7352941176470589
4,2,64,0.33519700169563293,0.395462304353714,0.8102189781021898,0.8529411764705882
4,2,65,0.3260360360145569,0.3940376937389374,0.8540145985401459,0.8529411764705882
4,2,66,0.3196297883987427,0.39813387393951416,0.8394160583941606,0.8529411764705882
4,2,67,0.3120765686035156,0.3975662291049957,0.8759124087591241,0.8529411764705882
4,2,68,0.3052768409252167,0.4015538990497589,0.8613138686131386,0.8235294117647058
4,2,69,0.2990477681159973,0.4068487882614136,0.8613138686131386,0.8529411764705882
4,2,70,0.2929006516933441,0.40450820326805115,0.8978102189781022,0.8529411764705882
4,2,71,0.29305166006088257,0.42213988304138184,0.8394160583941606,0.8529411764705882
4,2,72,0.30126485228538513,0.40839096903800964,0.9416058394160584,0.8823529411764706
4,2,73,0.28622764348983765,0.4304549992084503,0.8248175182481752,0.8529411764705882
4,2,74,0.2694968581199646,0.4144837260246277,0.927007299270073,0.8823529411764706
4,2,75,0.26498499512672424,0.4157783091068268,0.927007299270073,0.8823529411764706
4,2,76,0.26441043615341187,0.4288553297519684,0.8832116788321168,0.8823529411764706
4,2,77,0.26019924879074097,0.4139050841331482,0.9562043795620438,0.8823529411764706
4,2,78,0.26014572381973267,0.4401566684246063,0.8613138686131386,0.8529411764705882
4,2,79,0.2574078142642975,0.4145444631576538,0.9708029197080292,0.8529411764705882
4,2,80,0.2430187463760376,0.43233761191368103,0.9197080291970803,0.8823529411764706
4,2,81,0.23618923127651215,0.4302654266357422,0.927007299270073,0.8823529411764706
4,2,82,0.23230737447738647,0.4217991530895233,0.9635036496350365,0.9117647058823529
4,2,83,0.2301962524652481,0.44345352053642273,0.9197080291970803,0.8823529411764706
4,2,84,0.22642700374126434,0.4196324050426483,0.9854014598540146,0.8823529411764706
4,2,85,0.2224757820367813,0.4486929476261139,0.9197080291970803,0.8823529411764706
4,2,86,0.2200501710176468,0.4177887737751007,0.9854014598540146,0.8823529411764706
4,2,87,0.21236662566661835,0.45150089263916016,0.9197080291970803,0.8823529411764706
4,2,88,0.2034393697977066,0.4390546679496765,0.9562043795620438,0.9117647058823529
4,2,89,0.20351894199848175,0.41890111565589905,0.9854014598540146,0.9117647058823529
4,2,90,0.20376069843769073,0.46210113167762756,0.9197080291970803,0.8823529411764706
4,2,91,0.20383469760417938,0.41458624601364136,0.9854014598540146,0.8823529411764706
4,2,92,0.18549908697605133,0.43690112233161926,0.9854014598540146,0.9117647058823529
4,2,93,0.19326947629451752,0.47715410590171814,0.927007299270073,0.8823529411764706
4,2,94,0.19817933440208435,0.4123941659927368,0.9854014598540146,0.8529411764705882
4,2,95,0.17675386369228363,0.42289671301841736,0.9854014598540146,0.9117647058823529
4,2,96,0.2344917207956314,0.5481595396995544,0.8321167883211679,0.8529411764705882
4,2,97,0.2104138880968094,0.40758123993873596,0.9708029197080292,0.8823529411764706
4,2,98,0.21770444512367249,0.4071972668170929,0.9708029197080292,0.8823529411764706
4,2,99,0.18440356850624084,0.46413370966911316,0.927007299270073,0.8823529411764706
4,2,100,0.18111875653266907,0.47069060802459717,0.927007299270073,0.8823529411764706
4,3,1,0.6537678241729736,0.6512553691864014,0.7226277372262774,0.7352941176470589
4,3,2,0.6167388558387756,0.6108975410461426,0.7226277372262774,0.7352941176470589
4,3,3,0.5906655192375183,0.5791237950325012,0.7226277372262774,0.7352941176470589
4,3,4,0.6137056946754456,0.5950710773468018,0.7226277372262774,0.7352941176470589
4,3,5,0.6111701726913452,0.5926310420036316,0.7226277372262774,0.7352941176470589
4,3,6,0.5950031876564026,0.5792973041534424,0.7226277372262774,0.7352941176470589
4,3,7,0.5880013108253479,0.575583279132843,0.7226277372262774,0.7352941176470589
4,3,8,0.5909282565116882,0.5809338688850403,0.7226277372262774,0.7352941176470589
4,3,9,0.5953392386436462,0.5866687893867493,0.7226277372262774,0.7352941176470589
4,3,10,0.5968021154403687,0.5885680913925171,0.7226277372262774,0.7352941176470589
4,3,11,0.594581663608551,0.5860431790351868,0.7226277372262774,0.7352941176470589
4,3,12,0.5899896621704102,0.5805345177650452,0.7226277372262774,0.7352941176470589
4,3,13,0.5851441025733948,0.5742432475090027,0.7226277372262774,0.7352941176470589
4,3,14,0.5822744965553284,0.5695696473121643,0.7226277372262774,0.7352941176470589
4,3,15,0.5823218822479248,0.5677725672721863,0.7226277372262774,0.7352941176470589
4,3,16,0.5841384530067444,0.5680161118507385,0.7226277372262774,0.7352941176470589
4,3,17,0.5842384099960327,0.5675081610679626,0.7226277372262774,0.7352941176470589
4,3,18,0.5815426111221313,0.5652158260345459,0.7226277372262774,0.7352941176470589
4,3,19,0.5776766538619995,0.5625919699668884,0.7226277372262774,0.7352941176470589
4,3,20,0.5751057267189026,0.5615869164466858,0.7226277372262774,0.7352941176470589
4,3,21,0.574341356754303,0.5622797608375549,0.7226277372262774,0.7352941176470589
4,3,22,0.5743240714073181,0.5633870959281921,0.7226277372262774,0.7352941176470589
4,3,23,0.5733858346939087,0.5628564953804016,0.7226277372262774,0.7352941176470589
4,3,24,0.570923388004303,0.5601630806922913,0.7226277372262774,0.7352941176470589
4,3,25,0.5675002336502075,0.5558936595916748,0.7226277372262774,0.7352941176470589
4,3,26,0.5640166997909546,0.5510980486869812,0.7226277372262774,0.7352941176470589
4,3,27,0.561339259147644,0.5468981266021729,0.7226277372262774,0.7352941176470589
4,3,28,0.5593562126159668,0.5436152219772339,0.7226277372262774,0.7352941176470589
4,3,29,0.5566967725753784,0.5404277443885803,0.7226277372262774,0.7352941176470589
4,3,30,0.5526123046875,0.5370261073112488,0.7226277372262774,0.7352941176470589
4,3,31,0.5477391481399536,0.5343078374862671,0.7226277372262774,0.7352941176470589
4,3,32,0.543350338935852,0.5325074195861816,0.7226277372262774,0.7352941176470589
4,3,33,0.538895308971405,0.5303726196289062,0.7226277372262774,0.7352941176470589
4,3,34,0.5332492589950562,0.5254122614860535,0.7226277372262774,0.7352941176470589
4,3,35,0.5266351699829102,0.5178117156028748,0.7226277372262774,0.7352941176470589
4,3,36,0.5204590559005737,0.5109887719154358,0.7226277372262774,0.7352941176470589
4,3,37,0.5143340229988098,0.5053146481513977,0.7226277372262774,0.7352941176470589
4,3,38,0.5071862936019897,0.5013328194618225,0.7226277372262774,0.7352941176470589
4,3,39,0.49994730949401855,0.49948951601982117,0.7226277372262774,0.7352941176470589
4,3,40,0.4925234615802765,0.49707406759262085,0.7226277372262774,0.7352941176470589
4,3,41,0.48437321186065674,0.4914456605911255,0.7226277372262774,0.7352941176470589
4,3,42,0.4771402180194855,0.4843831956386566,0.7226277372262774,0.7352941176470589
4,3,43,0.4703400433063507,0.4816901981830597,0.7226277372262774,0.7352941176470589
4,3,44,0.46252185106277466,0.4819927215576172,0.7226277372262774,0.7352941176470589
4,3,45,0.45551490783691406,0.48240599036216736,0.7226277372262774,0.7352941176470589
4,3,46,0.4479430913925171,0.47914817929267883,0.7226277372262774,0.7352941176470589
4,3,47,0.44264084100723267,0.4752087891101837,0.7226277372262774,0.7352941176470589
4,3,48,0.43513554334640503,0.4750005006790161,0.7226277372262774,0.7352941176470589
4,3,49,0.4275151491165161,0.4770219624042511,0.7226277372262774,0.7352941176470589
4,3,50,0.421041876077652,0.47781866788864136,0.7226277372262774,0.7352941176470589
4,3,51,0.4147314429283142,0.4742739200592041,0.7226277372262774,0.7352941176470589
4,3,52,0.4079470634460449,0.47432830929756165,0.7226277372262774,0.7352941176470589
4,3,53,0.4005853533744812,0.4762757122516632,0.7226277372262774,0.7352941176470589
4,3,54,0.394233763217926,0.47600528597831726,0.7226277372262774,0.7352941176470589
4,3,55,0.3897320330142975,0.47647470235824585,0.7226277372262774,0.7352941176470589
4,3,56,0.38095822930336,0.476816862821579,0.7226277372262774,0.7352941176470589
4,3,57,0.3751245439052582,0.47762006521224976,0.7883211678832117,0.8235294117647058
4,3,58,0.3688753843307495,0.47930750250816345,0.7883211678832117,0.8235294117647058
4,3,59,0.3607291877269745,0.47973987460136414,0.8029197080291971,0.8235294117647058
4,3,60,0.35404884815216064,0.4801044464111328,0.8321167883211679,0.8235294117647058
4,3,61,0.34744858741760254,0.48381373286247253,0.8102189781021898,0.8235294117647058
4,3,62,0.3397383689880371,0.4818498492240906,0.8467153284671532,0.8235294117647058
4,3,63,0.33222636580467224,0.48360028862953186,0.8321167883211679,0.8235294117647058
4,3,64,0.3258369565010071,0.4895952045917511,0.8248175182481752,0.8235294117647058
4,3,65,0.316779762506485,0.487069308757782,0.8540145985401459,0.8235294117647058
4,3,66,0.3103101849555969,0.4878223240375519,0.8540145985401459,0.8235294117647058
4,3,67,0.3025735318660736,0.4915291965007782,0.8540145985401459,0.8235294117647058
4,3,68,0.2956121861934662,0.4903811812400818,0.8613138686131386,0.7941176470588235
4,3,69,0.28768664598464966,0.49317073822021484,0.8540145985401459,0.7941176470588235
4,3,70,0.2833520770072937,0.49970048666000366,0.8467153284671532,0.8235294117647058
4,3,71,0.27712497115135193,0.4880295991897583,0.9051094890510949,0.7941176470588235
4,3,72,0.2744452953338623,0.5126103162765503,0.8467153284671532,0.8235294117647058
4,3,73,0.2687245011329651,0.4869857728481293,0.9343065693430657,0.7941176470588235
4,3,74,0.2719745934009552,0.5346748232841492,0.8394160583941606,0.8235294117647058
4,3,75,0.25597164034843445,0.49585914611816406,0.927007299270073,0.7941176470588235
4,3,76,0.24802587926387787,0.5089763402938843,0.927007299270073,0.8235294117647058
4,3,77,0.25046306848526,0.5409755706787109,0.8686131386861314,0.8235294117647058
4,3,78,0.2486708164215088,0.4942896366119385,0.9562043795620438,0.8235294117647058
4,3,79,0.23270493745803833,0.5322362780570984,0.927007299270073,0.8235294117647058
4,3,80,0.22676882147789001,0.541174054145813,0.927007299270073,0.8235294117647058
4,3,81,0.22406361997127533,0.5127180814743042,0.948905109489051,0.8235294117647058
4,3,82,0.2192631959915161,0.5471541285514832,0.9343065693430657,0.8235294117647058
4,3,83,0.21070393919944763,0.5348513126373291,0.948905109489051,0.8235294117647058
4,3,84,0.20916087925434113,0.518444299697876,0.9781021897810219,0.8235294117647058
4,3,85,0.21358272433280945,0.584610641002655,0.9124087591240876,0.7941176470588235
4,3,86,0.2126624882221222,0.5091366767883301,0.9635036496350365,0.8235294117647058
4,3,87,0.19019876420497894,0.5508660078048706,0.9635036496350365,0.8235294117647058
4,3,88,0.21080712974071503,0.6154581904411316,0.8978102189781022,0.7941176470588235
4,3,89,0.22159728407859802,0.5028584599494934,0.9416058394160584,0.8235294117647058
4,3,90,0.20192568004131317,0.5076014399528503,0.9635036496350365,0.8235294117647058
4,3,91,0.24568521976470947,0.6534109711647034,0.8248175182481752,0.7941176470588235
4,3,92,0.17036229372024536,0.5333346128463745,0.9854014598540146,0.8529411764705882
4,3,93,0.18543602526187897,0.5114082098007202,0.9708029197080292,0.8235294117647058
4,3,94,0.16799703240394592,0.5548703074455261,0.9854014598540146,0.8235294117647058
4,3,95,0.16832013428211212,0.5706449151039124,0.948905109489051,0.7941176470588235
4,3,96,0.1671764850616455,0.5147134065628052,0.9708029197080292,0.8235294117647058
4,3,97,0.1521884948015213,0.5285465717315674,0.9927007299270073,0.8529411764705882
4,3,98,0.17307937145233154,0.5987827181816101,0.9343065693430657,0.8235294117647058
4,3,99,0.14687487483024597,0.5240595936775208,0.9927007299270073,0.8235294117647058
4,3,100,0.14508996903896332,0.5237940549850464,0.9854014598540146,0.8235294117647058
4,4,1,0.6654372811317444,0.663741409778595,0.7226277372262774,0.7352941176470589
4,4,2,0.623125433921814,0.6179866790771484,0.7226277372262774,0.7352941176470589
4,4,3,0.5911670327186584,0.5801308751106262,0.7226277372262774,0.7352941176470589
4,4,4,0.6131575703620911,0.5950329303741455,0.7226277372262774,0.7352941176470589
4,4,5,0.6158767938613892,0.5977418422698975,0.7226277372262774,0.7352941176470589
4,4,6,0.5977724194526672,0.5826316475868225,0.7226277372262774,0.7352941176470589
4,4,7,0.5877275466918945,0.575954020023346,0.7226277372262774,0.7352941176470589
4,4,8,0.5897359848022461,0.580495297908783,0.7226277372262774,0.7352941176470589
4,4,9,0.595100998878479,0.5874040722846985,0.7226277372262774,0.7352941176470589
4,4,10,0.5970335602760315,0.5899293422698975,0.7226277372262774,0.7352941176470589
4,4,11,0.5945244431495667,0.5873482823371887,0.7226277372262774,0.7352941176470589
4,4,12,0.5892784595489502,0.5815917253494263,0.7226277372262774,0.7352941176470589
4,4,13,0.5839272141456604,0.575452983379364,0.7226277372262774,0.7352941176470589
4,4,14,0.5811386704444885,0.5718327760696411,0.7226277372262774,0.7352941176470589
4,4,15,0.5816624164581299,0.5717283487319946,0.7226277372262774,0.7352941176470589
4,4,16,0.5833245515823364,0.5732418894767761,0.7226277372262774,0.7352941176470589
4,4,17,0.5829206109046936,0.5732609629631042,0.7226277372262774,0.7352941176470589
4,4,18,0.5799350142478943,0.5711195468902588,0.7226277372262774,0.7352941176470589
4,4,19,0.575856626033783,0.5681278109550476,0.7226277372262774,0.7352941176470589
4,4,20,0.573031485080719,0.5663852095603943,0.7226277372262774,0.7352941176470589
4,4,21,0.5722367763519287,0.5664820075035095,0.7226277372262774,0.7352941176470589
4,4,22,0.5723317265510559,0.5673404932022095,0.7226277372262774,0.7352941176470589
4,4,23,0.5715245604515076,0.5672433972358704,0.7226277372262774,0.7352941176470589
4,4,24,0.5688761472702026,0.5653671026229858,0.7226277372262774,0.7352941176470589
4,4,25,0.5646283626556396,0.5619279146194458,0.7226277372262774,0.7352941176470589
4,4,26,0.5604409575462341,0.5585952401161194,0.7226277372262774,0.7352941176470589
4,4,27,0.5574651956558228,0.5566704869270325,0.7226277372262774,0.7352941176470589
4,4,28,0.5552478432655334,0.5558266639709473,0.7226277372262774,0.7352941176470589
4,4,29,0.5521507263183594,0.5543289184570312,0.7226277372262774,0.7352941176470589
4,4,30,0.5473686456680298,0.5510970950126648,0.7226277372262774,0.7352941176470589
4,4,31,0.5418717861175537,0.5464833378791809,0.7226277372262774,0.7352941176470589
4,4,32,0.5372926592826843,0.5423092842102051,0.7226277372262774,0.7352941176470589
4,4,33,0.5329692363739014,0.5387611985206604,0.7226277372262774,0.7352941176470589
4,4,34,0.5269094109535217,0.5348122715950012,0.7226277372262774,0.7352941176470589
4,4,35,0.5194411873817444,0.531028687953949,0.7226277372262774,0.7352941176470589
4,4,36,0.5133733153343201,0.5293772220611572,0.7226277372262774,0.7352941176470589
4,4,37,0.5082123279571533,0.5282847285270691,0.7226277372262774,0.7352941176470589
4,4,38,0.5007558465003967,0.5228829979896545,0.7226277372262774,0.7352941176470589
4,4,39,0.49310457706451416,0.5143279433250427,0.7226277372262774,0.7352941176470589
4,4,40,0.48790132999420166,0.5070014595985413,0.7226277372262774,0.7352941176470589
4,4,41,0.48115772008895874,0.5029028654098511,0.7226277372262774,0.7352941176470589
4,4,42,0.4746207296848297,0.504050076007843,0.7226277372262774,0.7352941176470589
4,4,43,0.46981531381607056,0.5049867630004883,0.7226277372262774,0.7352941176470589
4,4,44,0.46292346715927124,0.49585971236228943,0.7226277372262774,0.7352941176470589
4,4,45,0.45753511786460876,0.4874836504459381,0.7226277372262774,0.7352941176470589
4,4,46,0.452019065618515,0.48433762788772583,0.7226277372262774,0.7352941176470589
4,4,47,0.44621965289115906,0.4852907061576843,0.7226277372262774,0.7352941176470589
4,4,48,0.4404934346675873,0.4838622510433197,0.7226277372262774,0.7352941176470589
4,4,49,0.4343734681606293,0.479490727186203,0.7591240875912408,0.7352941176470589
4,4,50,0.4285756051540375,0.47246092557907104,0.8029197080291971,0.7352941176470589
4,4,51,0.4236350655555725,0.4670335650444031,0.8029197080291971,0.7352941176470589
4,4,52,0.4174802601337433,0.46741947531700134,0.8029197080291971,0.7352941176470589
4,4,53,0.41351673007011414,0.47811341285705566,0.8029197080291971,0.7352941176470589
4,4,54,0.40599489212036133,0.469069242477417,0.8102189781021898,0.7352941176470589
4,4,55,0.4004957377910614,0.45835354924201965,0.8248175182481752,0.7352941176470589
4,4,56,0.39315348863601685,0.46571019291877747,0.8248175182481752,0.7352941176470589
4,4,57,0.3890112340450287,0.4775553345680237,0.8248175182481752,0.7352941176470589
4,4,58,0.380418986082077,0.4646030068397522,0.8321167883211679,0.7352941176470589
4,4,59,0.3750256597995758,0.45642992854118347,0.8394160583941606,0.7352941176470589
4,4,60,0.3677949607372284,0.4646817445755005,0.8467153284671532,0.7647058823529411
4,4,61,0.362994909286499,0.47702789306640625,0.8321167883211679,0.7352941176470589
4,4,62,0.35450488328933716,0.4622334837913513,0.8467153284671532,0.7352941176470589
4,4,63,0.34793540835380554,0.46046480536460876,0.8467153284671532,0.7352941176470589
4,4,64,0.34171226620674133,0.4757373631000519,0.8467153284671532,0.7352941176470589
4,4,65,0.33393576741218567,0.4711359739303589,0.8467153284671532,0.7352941176470589
4,4,66,0.3267230689525604,0.4667251706123352,0.8540145985401459,0.7352941176470589
4,4,67,0.3187609612941742,0.47018688917160034,0.8540145985401459,0.7352941176470589
4,4,68,0.3125702142715454,0.4836744964122772,0.8540145985401459,0.7352941176470589
4,4,69,0.3046756982803345,0.4646648168563843,0.8832116788321168,0.7647058823529411
4,4,70,0.29827579855918884,0.4909525513648987,0.8540145985401459,0.7352941176470589
4,4,71,0.2887071371078491,0.48453834652900696,0.8686131386861314,0.7352941176470589
4,4,72,0.28300487995147705,0.47074654698371887,0.9051094890510949,0.7647058823529411
4,4,73,0.28032952547073364,0.519353449344635,0.8613138686131386,0.7352941176470589
4,4,74,0.27068090438842773,0.47344639897346497,0.9197080291970803,0.7941176470588235
4,4,75,0.26306286454200745,0.4923727810382843,0.8978102189781022,0.7352941176470589
4,4,76,0.25583842396736145,0.5037614107131958,0.9051094890510949,0.7352941176470589
4,4,77,0.25015148520469666,0.48279425501823425,0.9343065693430657,0.7647058823529411
4,4,78,0.246537983417511,0.5262346863746643,0.8978102189781022,0.7058823529411765
4,4,79,0.24076314270496368,0.47653287649154663,0.9562043795620438,0.8235294117647058
4,4,80,0.23582836985588074,0.5376222133636475,0.9051094890510949,0.7058823529411765
4,4,81,0.2250337451696396,0.4894762635231018,0.9562043795620438,0.7941176470588235
4,4,82,0.21869172155857086,0.5240014791488647,0.9416058394160584,0.7352941176470589
4,4,83,0.21128664910793304,0.5098538398742676,0.9635036496350365,0.7647058823529411
4,4,84,0.2061767429113388,0.5051217079162598,0.9635036496350365,0.7941176470588235
4,4,85,0.20766176283359528,0.5567888617515564,0.927007299270073,0.7352941176470589
4,4,86,0.21401424705982208,0.47567614912986755,0.9854014598540146,0.7941176470588235
4,4,87,0.2062729001045227,0.5978704690933228,0.9051094890510949,0.7352941176470589
4,4,88,0.18852557241916656,0.4952787458896637,0.9854014598540146,0.7941176470588235
4,4,89,0.18048207461833954,0.5188228487968445,0.9854014598540146,0.7941176470588235
4,4,90,0.1910315752029419,0.6037046313285828,0.9197080291970803,0.7352941176470589
4,4,91,0.18523183465003967,0.48399701714515686,0.9927007299270073,0.7941176470588235
4,4,92,0.1679566651582718,0.5228932499885559,0.9854014598540146,0.7941176470588235
4,4,93,0.18718108534812927,0.6404271721839905,0.8978102189781022,0.7647058823529411
4,4,94,0.17209061980247498,0.48998475074768066,0.9927007299270073,0.7647058823529411
4,4,95,0.16173754632472992,0.5033240914344788,0.9927007299270073,0.7941176470588235
4,4,96,0.18041783571243286,0.6569417715072632,0.8978102189781022,0.7647058823529411
4,4,97,0.1556479036808014,0.5040038824081421,0.9927007299270073,0.7941176470588235
4,4,98,0.15658210217952728,0.49635550379753113,0.9927007299270073,0.7647058823529411
4,4,99,0.15493232011795044,0.611433207988739,0.9708029197080292,0.7352941176470589
4,4,100,0.14274398982524872,0.5755438804626465,0.9854014598540146,0.7941176470588235
4,5,1,0.6579599976539612,0.6620069146156311,0.7299270072992701,0.7058823529411765
4,5,2,0.6112827062606812,0.622829020023346,0.7299270072992701,0.7058823529411765
4,5,3,0.5833450555801392,0.6075875759124756,0.7299270072992701,0.7058823529411765
4,5,4,0.6111239790916443,0.6492689847946167,0.7299270072992701,0.7058823529411765
4,5,5,0.6075223088264465,0.6456812024116516,0.7299270072992701,0.7058823529411765
4,5,6,0.5874485373497009,0.6194942593574524,0.7299270072992701,0.7058823529411765
4,5,7,0.5800389647483826,0.6053891777992249,0.7299270072992701,0.7058823529411765
4,5,8,0.5840773582458496,0.6048356890678406,0.7299270072992701,0.7058823529411765
4,5,9,0.5888360142707825,0.6074730157852173,0.7299270072992701,0.7058823529411765
4,5,10,0.5888835787773132,0.6076295375823975,0.7299270072992701,0.7058823529411765
4,5,11,0.5845839381217957,0.6051992774009705,0.7299270072992701,0.7058823529411765
4,5,12,0.5784034729003906,0.6024044156074524,0.7299270072992701,0.7058823529411765
4,5,13,0.5739385485649109,0.6023061275482178,0.7299270072992701,0.7058823529411765
4,5,14,0.5731713175773621,0.6062169671058655,0.7299270072992701,0.7058823529411765
4,5,15,0.574881911277771,0.6119605302810669,0.7299270072992701,0.7058823529411765
4,5,16,0.5750431418418884,0.6143118739128113,0.7299270072992701,0.7058823529411765
4,5,17,0.5720392465591431,0.6114955544471741,0.7299270072992701,0.7058823529411765
4,5,18,0.5673975348472595,0.6052976250648499,0.7299270072992701,0.7058823529411765
4,5,19,0.5641955137252808,0.6001265048980713,0.7299270072992701,0.7058823529411765
4,5,20,0.5628440976142883,0.5970988869667053,0.7299270072992701,0.7058823529411765
4,5,21,0.5619827508926392,0.5956788659095764,0.7299270072992701,0.7058823529411765
4,5,22,0.5602783560752869,0.5947020053863525,0.7299270072992701,0.7058823529411765
4,5,23,0.556952714920044,0.5937337279319763,0.7299270072992701,0.7058823529411765
4,5,24,0.5528020858764648,0.5931363105773926,0.7299270072992701,0.7058823529411765
4,5,25,0.5489012002944946,0.5934954285621643,0.7299270072992701,0.7058823529411765
4,5,26,0.5456745624542236,0.5949274301528931,0.7299270072992701,0.7058823529411765
4,5,27,0.5424240231513977,0.5957439541816711,0.7299270072992701,0.7058823529411765
4,5,28,0.5383318662643433,0.5949966311454773,0.7299270072992701,0.7058823529411765
4,5,29,0.532795786857605,0.5909604430198669,0.7299270072992701,0.7058823529411765
4,5,30,0.5272592306137085,0.5854158997535706,0.7299270072992701,0.7058823529411765
4,5,31,0.5225671529769897,0.5804020166397095,0.7299270072992701,0.7058823529411765
4,5,32,0.5169203281402588,0.577462375164032,0.7299270072992701,0.7058823529411765
4,5,33,0.5093927383422852,0.5767256021499634,0.7299270072992701,0.7058823529411765
4,5,34,0.5023744702339172,0.5786194801330566,0.7299270072992701,0.7058823529411765
4,5,35,0.49678942561149597,0.5806576013565063,0.7299270072992701,0.7058823529411765
4,5,36,0.49048808217048645,0.5783906579017639,0.7299270072992701,0.7058823529411765
4,5,37,0.4834188222885132,0.5709157586097717,0.7299270072992701,0.7058823529411765
4,5,38,0.4772770404815674,0.5637505650520325,0.7299270072992701,0.7058823529411765
4,5,39,0.47097495198249817,0.5602929592132568,0.7299270072992701,0.7058823529411765
4,5,40,0.46417543292045593,0.5634413361549377,0.7299270072992701,0.7058823529411765
4,5,41,0.45845016837120056,0.5658586621284485,0.7299270072992701,0.7058823529411765
4,5,42,0.4520469009876251,0.5630937218666077,0.7299270072992701,0.7058823529411765
4,5,43,0.4457564055919647,0.553823709487915,0.7299270072992701,0.7058823529411765
4,5,44,0.44004306197166443,0.5493522882461548,0.7299270072992701,0.7058823529411765
4,5,45,0.4328163266181946,0.5523853302001953,0.7299270072992701,0.7058823529411765
4,5,46,0.4277288615703583,0.563568651676178,0.7299270072992701,0.7058823529411765
4,5,47,0.42022716999053955,0.552370548248291,0.7299270072992701,0.7058823529411765
4,5,48,0.4145694673061371,0.5457225441932678,0.7737226277372263,0.6764705882352942
4,5,49,0.4074654281139374,0.5535176396369934,0.8029197080291971,0.6764705882352942
4,5,50,0.4025176465511322,0.5637379884719849,0.8102189781021898,0.6470588235294118
4,5,51,0.39485251903533936,0.5541566610336304,0.7956204379562044,0.6470588235294118
4,5,52,0.3889444172382355,0.549381673336029,0.8029197080291971,0.6470588235294118
4,5,53,0.3822808563709259,0.5582647919654846,0.7956204379562044,0.6470588235294118
4,5,54,0.3757277727127075,0.5642556548118591,0.8029197080291971,0.6470588235294118
4,5,55,0.36787939071655273,0.5617892146110535,0.8394160583941606,0.7058823529411765
4,5,56,0.360706627368927,0.5631830096244812,0.8321167883211679,0.7352941176470589
4,5,57,0.35391512513160706,0.5664569139480591,0.8394160583941606,0.7352941176470589
4,5,58,0.34658724069595337,0.5659142136573792,0.8467153284671532,0.7352941176470589
4,5,59,0.3395296633243561,0.5663111209869385,0.8467153284671532,0.7352941176470589
4,5,60,0.3320979177951813,0.5666294097900391,0.8467153284671532,0.7352941176470589
4,5,61,0.32515063881874084,0.5800021886825562,0.8394160583941606,0.7352941176470589
4,5,62,0.3160555362701416,0.5686300992965698,0.8540145985401459,0.7058823529411765
4,5,63,0.30891531705856323,0.5729376673698425,0.8540145985401459,0.7058823529411765
4,5,64,0.30208393931388855,0.5763657689094543,0.8613138686131386,0.7352941176470589
4,5,65,0.293514221906662,0.5749419927597046,0.8686131386861314,0.7058823529411765
4,5,66,0.28547874093055725,0.5840160250663757,0.8832116788321168,0.7058823529411765
4,5,67,0.27896350622177124,0.5803261995315552,0.8978102189781022,0.7058823529411765
4,5,68,0.2738720774650574,0.5939174294471741,0.8686131386861314,0.7352941176470589
4,5,69,0.2695408761501312,0.5734283328056335,0.927007299270073,0.7058823529411765
4,5,70,0.27463242411613464,0.6508662700653076,0.8467153284671532,0.7352941176470589
4,5,71,0.26728636026382446,0.5671512484550476,0.9416058394160584,0.7058823529411765
4,5,72,0.2569681406021118,0.6224268078804016,0.9124087591240876,0.7352941176470589
4,5,73,0.2539619505405426,0.6522396206855774,0.8978102189781022,0.7352941176470589
4,5,74,0.2542504668235779,0.5871233344078064,0.9416058394160584,0.7058823529411765
4,5,75,0.2441565990447998,0.6554364562034607,0.9124087591240876,0.7352941176470589
4,5,76,0.24312280118465424,0.6863895654678345,0.9124087591240876,0.7352941176470589
4,5,77,0.24911950528621674,0.5952139496803284,0.948905109489051,0.7058823529411765
4,5,78,0.23178337514400482,0.6541041135787964,0.9562043795620438,0.7352941176470589
4,5,79,0.26179057359695435,0.8020238280296326,0.8175182481751825,0.7058823529411765
4,5,80,0.24167193472385406,0.611396074295044,0.948905109489051,0.7058823529411765
4,5,81,0.2445472627878189,0.6043499112129211,0.948905109489051,0.7058823529411765
4,5,82,0.23090045154094696,0.7569060921669006,0.8905109489051095,0.7352941176470589
4,5,83,0.21877188980579376,0.7442699670791626,0.927007299270073,0.7352941176470589
4,5,84,0.22563610970973969,0.6398993134498596,0.948905109489051,0.7058823529411765
4,5,85,0.21984773874282837,0.6509172916412354,0.948905109489051,0.7058823529411765
4,5,86,0.21785405278205872,0.7869597673416138,0.8978102189781022,0.7352941176470589
4,5,87,0.20174944400787354,0.7321865558624268,0.9562043795620438,0.7352941176470589
4,5,88,0.20413172245025635,0.6840729713439941,0.9635036496350365,0.7352941176470589
4,5,89,0.19505015015602112,0.7323545813560486,0.9562043795620438,0.7352941176470589
4,5,90,0.20392633974552155,0.841086208820343,0.927007299270073,0.7352941176470589
4,5,91,0.19510701298713684,0.6886225342750549,0.9635036496350365,0.7058823529411765
4,5,92,0.19557619094848633,0.67767733335495,0.9562043795620438,0.7058823529411765
4,5,93,0.1818205714225769,0.7918020486831665,0.9562043795620438,0.7352941176470589
4,5,94,0.18553511798381805,0.8526124358177185,0.9562043795620438,0.7352941176470589
4,5,95,0.17827805876731873,0.717615008354187,0.9635036496350365,0.7058823529411765
4,5,96,0.17812353372573853,0.7035776972770691,0.9708029197080292,0.7058823529411765
4,5,97,0.1660163253545761,0.803317129611969,0.9635036496350365,0.7352941176470589
4,5,98,0.1718015968799591,0.8784740567207336,0.9562043795620438,0.7352941176470589
4,5,99,0.16246940195560455,0.7446728348731995,0.9708029197080292,0.7058823529411765
4,5,100,0.15931372344493866,0.7435974478721619,0.9708029197080292,0.7352941176470589
5,1,1,0.6446638107299805,0.6480149626731873,0.7279411764705882,0.7142857142857143
5,1,2,0.6062383651733398,0.6135832667350769,0.7279411764705882,0.7142857142857143
5,1,3,0.5852946639060974,0.5992756485939026,0.7279411764705882,0.7142857142857143
5,1,4,0.6102691888809204,0.6319122910499573,0.7279411764705882,0.7142857142857143
5,1,5,0.6037064790725708,0.6253217458724976,0.7279411764705882,0.7142857142857143
5,1,6,0.5871013402938843,0.6058723330497742,0.7279411764705882,0.7142857142857143
5,1,7,0.581829309463501,0.5975873470306396,0.7279411764705882,0.7142857142857143
5,1,8,0.5853983759880066,0.5991799235343933,0.7279411764705882,0.7142857142857143
5,1,9,0.588858425617218,0.6020486950874329,0.7279411764705882,0.7142857142857143
5,1,10,0.588653564453125,0.6024288535118103,0.7279411764705882,0.7142857142857143
5,1,11,0.5851356387138367,0.6004578471183777,0.7279411764705882,0.7142857142857143
5,1,12,0.5800381302833557,0.5976833701133728,0.7279411764705882,0.7142857142857143
5,1,13,0.5758553743362427,0.5963231921195984,0.7279411764705882,0.7142857142857143
5,1,14,0.5740624666213989,0.5975820422172546,0.7279411764705882,0.7142857142857143
5,1,15,0.5743839740753174,0.600799024105072,0.7279411764705882,0.7142857142857143
5,1,16,0.5748507380485535,0.6036589741706848,0.7279411764705882,0.7142857142857143
5,1,17,0.5731630921363831,0.6035481095314026,0.7279411764705882,0.7142857142857143
5,1,18,0.5693851709365845,0.6004517078399658,0.7279411764705882,0.7142857142857143
5,1,19,0.5656372308731079,0.5969685316085815,0.7279411764705882,0.7142857142857143
5,1,20,0.5631951093673706,0.5946192741394043,0.7279411764705882,0.7142857142857143
5,1,21,0.5618000626564026,0.5938427448272705,0.7279411764705882,0.7142857142857143
5,1,22,0.5601902008056641,0.5936510562896729,0.7279411764705882,0.7142857142857143
5,1,23,0.557258665561676,0.5931546092033386,0.7279411764705882,0.7142857142857143
5,1,24,0.5530130863189697,0.5922977924346924,0.7279411764705882,0.7142857142857143
5,1,25,0.5486024618148804,0.5919334292411804,0.7279411764705882,0.7142857142857143
5,1,26,0.5449353456497192,0.5924990177154541,0.7279411764705882,0.7142857142857143
5,1,27,0.5413405299186707,0.5931031107902527,0.7279411764705882,0.7142857142857143
5,1,28,0.5367656350135803,0.5925674438476562,0.7279411764705882,0.7142857142857143
5,1,29,0.5311408638954163,0.5908470749855042,0.7279411764705882,0.7142857142857143
5,1,30,0.5252335667610168,0.5890005826950073,0.7279411764705882,0.7142857142857143
5,1,31,0.519952654838562,0.5881525278091431,0.7279411764705882,0.7142857142857143
5,1,32,0.5137620568275452,0.5875555276870728,0.7279411764705882,0.7142857142857143
5,1,33,0.506381094455719,0.5870388746261597,0.7279411764705882,0.7142857142857143
5,1,34,0.49926355481147766,0.5872862935066223,0.7279411764705882,0.7142857142857143
5,1,35,0.49275824427604675,0.5880073308944702,0.7279411764705882,0.7142857142857143
5,1,36,0.48611125349998474,0.5875701904296875,0.7279411764705882,0.7142857142857143
5,1,37,0.4795973300933838,0.5863664150238037,0.7279411764705882,0.7142857142857143
5,1,38,0.47338083386421204,0.5854238271713257,0.7279411764705882,0.7142857142857143
5,1,39,0.4670094847679138,0.5851239562034607,0.7279411764705882,0.7142857142857143
5,1,40,0.4608173370361328,0.5856904983520508,0.7279411764705882,0.7142857142857143
5,1,41,0.45478755235671997,0.5852547287940979,0.7279411764705882,0.7142857142857143
5,1,42,0.44858595728874207,0.5841209292411804,0.7279411764705882,0.7142857142857143
5,1,43,0.4427489638328552,0.5829892158508301,0.7279411764705882,0.7142857142857143
5,1,44,0.43636101484298706,0.5821861028671265,0.7279411764705882,0.7142857142857143
5,1,45,0.4300744831562042,0.582014262676239,0.7279411764705882,0.7142857142857143
5,1,46,0.42391955852508545,0.5813513994216919,0.7279411764705882,0.7142857142857143
5,1,47,0.4180743396282196,0.5819650888442993,0.7279411764705882,0.7142857142857143
5,1,48,0.4113669693470001,0.5812721252441406,0.7279411764705882,0.7142857142857143
5,1,49,0.4047548174858093,0.5798774361610413,0.7279411764705882,0.7142857142857143
5,1,50,0.39810606837272644,0.5791147351264954,0.7279411764705882,0.7142857142857143
5,1,51,0.3915518820285797,0.5796335339546204,0.7279411764705882,0.7142857142857143
5,1,52,0.38498321175575256,0.5821943283081055,0.7279411764705882,0.7142857142857143
5,1,53,0.37710604071617126,0.580180823802948,0.7279411764705882,0.7142857142857143
5,1,54,0.3710825741291046,0.579946756362915,0.7279411764705882,0.7142857142857143
5,1,55,0.36423906683921814,0.5832218527793884,0.7867647058823529,0.7428571428571429
5,1,56,0.35710975527763367,0.5867840647697449,0.7867647058823529,0.7714285714285715
5,1,57,0.34913766384124756,0.5841425061225891,0.8382352941176471,0.7428571428571429
5,1,58,0.34134361147880554,0.5869369506835938,0.8455882352941176,0.7142857142857143
5,1,59,0.33559492230415344,0.59871506690979,0.8382352941176471,0.7428571428571429
5,1,60,0.32600998878479004,0.5956764221191406,0.8455882352941176,0.7142857142857143
5,1,61,0.31960901618003845,0.5918416976928711,0.8676470588235294,0.7142857142857143
5,1,62,0.3132845461368561,0.6040775775909424,0.8455882352941176,0.7428571428571429
5,1,63,0.30398955941200256,0.6016764640808105,0.8602941176470589,0.7142857142857143
5,1,64,0.29689210653305054,0.5997937917709351,0.8823529411764706,0.7142857142857143
5,1,65,0.29255104064941406,0.6182276010513306,0.8455882352941176,0.7714285714285715
5,1,66,0.28275132179260254,0.6041110754013062,0.8897058823529411,0.7142857142857143
5,1,67,0.2739272117614746,0.6122399568557739,0.8823529411764706,0.7142857142857143
5,1,68,0.26875898241996765,0.6268418431282043,0.8823529411764706,0.7428571428571429
5,1,69,0.25993919372558594,0.6121092438697815,0.9044117647058824,0.6857142857142857
5,1,70,0.25299543142318726,0.6220966577529907,0.9044117647058824,0.7142857142857143
5,1,71,0.24548043310642242,0.6214549541473389,0.9044117647058824,0.6857142857142857
5,1,72,0.2380588799715042,0.626994252204895,0.9191176470588235,0.6857142857142857
5,1,73,0.23292101919651031,0.6416852474212646,0.9044117647058824,0.7428571428571429
5,1,74,0.22584742307662964,0.6385876536369324,0.9338235294117647,0.6857142857142857
5,1,75,0.21872679889202118,0.6525271534919739,0.9338235294117647,0.6857142857142857
5,1,76,0.21258632838726044,0.6646788120269775,0.9485294117647058,0.6857142857142857
5,1,77,0.20611251890659332,0.668639063835144,0.9779411764705882,0.6857142857142857
5,1,78,0.20152606070041656,0.6997228264808655,0.9485294117647058,0.7142857142857143
5,1,79,0.2024102360010147,0.6592444777488708,0.9852941176470589,0.7142857142857143
5,1,80,0.22935636341571808,0.8237866759300232,0.8602941176470589,0.6857142857142857
5,1,81,0.23377011716365814,0.6466060876846313,0.9632352941176471,0.7142857142857143
5,1,82,0.20975226163864136,0.6583690643310547,0.9852941176470589,0.7142857142857143
5,1,83,0.24593016505241394,0.882298469543457,0.8161764705882353,0.7142857142857143
5,1,84,0.17533282935619354,0.7273120284080505,0.9926470588235294,0.6857142857142857
5,1,85,0.1920962929725647,0.6792637705802917,0.9852941176470589,0.7142857142857143
5,1,86,0.1725807785987854,0.725769579410553,0.9926470588235294,0.6857142857142857
5,1,87,0.20065873861312866,0.8478268384933472,0.8897058823529411,0.6857142857142857
5,1,88,0.169082909822464,0.7192791700363159,0.9926470588235294,0.6857142857142857
5,1,89,0.17366386950016022,0.7040014863014221,0.9926470588235294,0.7142857142857143
5,1,90,0.16025198996067047,0.7766017317771912,0.9926470588235294,0.7142857142857143
5,1,91,0.1704195737838745,0.8414592742919922,0.9485294117647058,0.7142857142857143
5,1,92,0.15980705618858337,0.7266945242881775,0.9926470588235294,0.7142857142857143
5,1,93,0.1616298407316208,0.7178370952606201,0.9926470588235294,0.7428571428571429
5,1,94,0.14787830412387848,0.7937511801719666,0.9926470588235294,0.7142857142857143
5,1,95,0.16139689087867737,0.8736844062805176,0.9558823529411765,0.7142857142857143
5,1,96,0.1448824554681778,0.7553825378417969,0.9926470588235294,0.7142857142857143
5,1,97,0.14771191775798798,0.741607666015625,0.9926470588235294,0.7428571428571429
5,1,98,0.13437798619270325,0.8050172328948975,0.9926470588235294,0.6857142857142857
5,1,99,0.1466425210237503,0.9090603590011597,0.9705882352941176,0.7142857142857143
5,1,100,0.1303286850452423,0.7930447459220886,0.9926470588235294,0.7142857142857143
5,2,1,0.6461207270622253,0.6430221199989319,0.7226277372262774,0.7352941176470589
5,2,2,0.6086600422859192,0.6017847657203674,0.7226277372262774,0.7352941176470589
5,2,3,0.5912624597549438,0.5779368877410889,0.7226277372262774,0.7352941176470589
5,2,4,0.6159942746162415,0.5972652435302734,0.7226277372262774,0.7352941176470589
5,2,5,0.6051030158996582,0.5879433751106262,0.7226277372262774,0.7352941176470589
5,2,6,0.5901530385017395,0.5764068365097046,0.7226277372262774,0.7352941176470589
5,2,7,0.5879347324371338,0.5772623419761658,0.7226277372262774,0.7352941176470589
5,2,8,0.592033863067627,0.5832313895225525,0.7226277372262774,0.7352941176470589
5,2,9,0.5941617488861084,0.5861127972602844,0.7226277372262774,0.7352941176470589
5,2,10,0.5922154188156128,0.5840827822685242,0.7226277372262774,0.7352941176470589
5,2,11,0.5876288414001465,0.578793466091156,0.7226277372262774,0.7352941176470589
5,2,12,0.5830429792404175,0.5730574131011963,0.7226277372262774,0.7352941176470589
5,2,13,0.5808600783348083,0.5695053339004517,0.7226277372262774,0.7352941176470589
5,2,14,0.5814864039421082,0.5688879489898682,0.7226277372262774,0.7352941176470589
5,2,15,0.5823403000831604,0.5691311359405518,0.7226277372262774,0.7352941176470589
5,2,16,0.5803002119064331,0.5674641132354736,0.7226277372262774,0.7352941176470589
5,2,17,0.5763311386108398,0.5645977854728699,0.7226277372262774,0.7352941176470589
5,2,18,0.5728926658630371,0.5626765489578247,0.7226277372262774,0.7352941176470589
5,2,19,0.5713016390800476,0.5625402927398682,0.7226277372262774,0.7352941176470589
5,2,20,0.5702896118164062,0.5626797676086426,0.7226277372262774,0.7352941176470589
5,2,21,0.5683484673500061,0.5614237785339355,0.7226277372262774,0.7352941176470589
5,2,22,0.5648948550224304,0.558167040348053,0.7226277372262774,0.7352941176470589
5,2,23,0.5606070160865784,0.5536520481109619,0.7226277372262774,0.7352941176470589
5,2,24,0.5567967295646667,0.5495169162750244,0.7226277372262774,0.7352941176470589
5,2,25,0.5535097718238831,0.5461634397506714,0.7226277372262774,0.7352941176470589
5,2,26,0.5497448444366455,0.5429278612136841,0.7226277372262774,0.7352941176470589
5,2,27,0.544950544834137,0.5393947958946228,0.7226277372262774,0.7352941176470589
5,2,28,0.5394338965415955,0.5358255505561829,0.7226277372262774,0.7352941176470589
5,2,29,0.5337485671043396,0.53249192237854,0.7226277372262774,0.7352941176470589
5,2,30,0.5274025201797485,0.5283502340316772,0.7226277372262774,0.7352941176470589
5,2,31,0.5203412771224976,0.5227099657058716,0.7226277372262774,0.7352941176470589
5,2,32,0.5132120847702026,0.5167186260223389,0.7226277372262774,0.7352941176470589
5,2,33,0.5066084861755371,0.5118380188941956,0.7226277372262774,0.7352941176470589
5,2,34,0.4996076226234436,0.5072594285011292,0.7226277372262774,0.7352941176470589
5,2,35,0.4922800660133362,0.5036811828613281,0.7226277372262774,0.7352941176470589
5,2,36,0.4852882921695709,0.5009142756462097,0.7226277372262774,0.7352941176470589
5,2,37,0.47834065556526184,0.49751389026641846,0.7226277372262774,0.7352941176470589
5,2,38,0.47110018134117126,0.49356624484062195,0.7226277372262774,0.7352941176470589
5,2,39,0.4644413888454437,0.4905144274234772,0.7226277372262774,0.7352941176470589
5,2,40,0.4574443995952606,0.48821112513542175,0.7226277372262774,0.7352941176470589
5,2,41,0.45065930485725403,0.4867638349533081,0.7226277372262774,0.7352941176470589
5,2,42,0.4434252083301544,0.48475921154022217,0.7226277372262774,0.7352941176470589
5,2,43,0.4358280897140503,0.48268043994903564,0.7226277372262774,0.7352941176470589
5,2,44,0.4291825294494629,0.48149898648262024,0.7226277372262774,0.7352941176470589
5,2,45,0.42233914136886597,0.4806007444858551,0.7226277372262774,0.7352941176470589
5,2,46,0.41580265760421753,0.480450302362442,0.7226277372262774,0.7352941176470589
5,2,47,0.40902429819107056,0.48081791400909424,0.7226277372262774,0.7352941176470589
5,2,48,0.4018112123012543,0.48137593269348145,0.7226277372262774,0.7352941176470589
5,2,49,0.395349383354187,0.481801301240921,0.7226277372262774,0.7352941176470589
5,2,50,0.38909587264060974,0.484020859003067,0.7226277372262774,0.7352941176470589
5,2,51,0.382356196641922,0.48548170924186707,0.7226277372262774,0.7352941176470589
5,2,52,0.3758644163608551,0.48710867762565613,0.7226277372262774,0.7352941176470589
5,2,53,0.36987558007240295,0.4939493238925934,0.7226277372262774,0.7352941176470589
5,2,54,0.3615821897983551,0.4944652020931244,0.7226277372262774,0.7352941176470589
5,2,55,0.35516157746315,0.5008918642997742,0.7226277372262774,0.7352941176470589
5,2,56,0.3485774099826813,0.5047730803489685,0.8175182481751825,0.8235294117647058
5,2,57,0.3427833914756775,0.506341814994812,0.8467153284671532,0.7941176470588235
5,2,58,0.336496502161026,0.5140079855918884,0.8467153284671532,0.8235294117647058
5,2,59,0.32974183559417725,0.5208449959754944,0.8467153284671532,0.8235294117647058
5,2,60,0.32362043857574463,0.5298408269882202,0.8540145985401459,0.8235294117647058
5,2,61,0.31714457273483276,0.5265681743621826,0.8686131386861314,0.7941176470588235
5,2,62,0.3129991292953491,0.5424997806549072,0.8467153284671532,0.8235294117647058
5,2,63,0.3080298900604248,0.5301167964935303,0.9124087591240876,0.7647058823529411
5,2,64,0.3095163106918335,0.56352299451828,0.8248175182481752,0.8235294117647058
5,2,65,0.3041553795337677,0.5311951637268066,0.9124087591240876,0.7352941176470589
5,2,66,0.28864291310310364,0.553899347782135,0.8905109489051095,0.8235294117647058
5,2,67,0.2934923470020294,0.580132782459259,0.8540145985401459,0.8235294117647058
5,2,68,0.29393255710601807,0.5335347652435303,0.9343065693430657,0.7352941176470589
5,2,69,0.27410903573036194,0.5528935194015503,0.9197080291970803,0.7941176470588235
5,2,70,0.30077067017555237,0.6144996285438538,0.8102189781021898,0.8235294117647058
5,2,71,0.2768702208995819,0.5386329889297485,0.9416058394160584,0.7352941176470589
5,2,72,0.27183085680007935,0.5384200215339661,0.9416058394160584,0.7352941176470589
5,2,73,0.27549269795417786,0.6032997965812683,0.8467153284671532,0.8235294117647058
5,2,74,0.24915021657943726,0.5654865503311157,0.9197080291970803,0.7941176470588235
5,2,75,0.2508040964603424,0.5541148781776428,0.948905109489051,0.7647058823529411
5,2,76,0.2415645569562912,0.5818095803260803,0.927007299270073,0.8235294117647058
5,2,77,0.23985418677330017,0.5948357582092285,0.9124087591240876,0.8235294117647058
5,2,78,0.23583824932575226,0.5580357909202576,0.9562043795620438,0.7647058823529411
5,2,79,0.22609245777130127,0.566315233707428,0.948905109489051,0.7941176470588235
5,2,80,0.23104338347911835,0.606387734413147,0.9197080291970803,0.8235294117647058
5,2,81,0.2160525619983673,0.5676690340042114,0.9635036496350365,0.7647058823529411
5,2,82,0.2103888988494873,0.5733545422554016,0.9635036496350365,0.7647058823529411
5,2,83,0.21215291321277618,0.6234084963798523,0.927007299270073,0.8235294117647058
5,2,84,0.20218846201896667,0.5779276490211487,0.9635036496350365,0.7647058823529411
5,2,85,0.19291046261787415,0.5913003087043762,0.9708029197080292,0.8235294117647058
5,2,86,0.19605261087417603,0.6327640414237976,0.9343065693430657,0.8235294117647058
5,2,87,0.18715821206569672,0.5834069848060608,0.9635036496350365,0.7647058823529411
5,2,88,0.17753241956233978,0.5941708087921143,0.9708029197080292,0.8235294117647058
5,2,89,0.18919645249843597,0.6606733798980713,0.927007299270073,0.8235294117647058
5,2,90,0.17101997137069702,0.5897397994995117,0.9708029197080292,0.7647058823529411
5,2,91,0.1651766449213028,0.5914339423179626,0.9708029197080292,0.7941176470588235
5,2,92,0.17702193558216095,0.6727703213691711,0.927007299270073,0.8235294117647058
5,2,93,0.15678074955940247,0.5975061058998108,0.9781021897810219,0.7941176470588235
5,2,94,0.15213452279567719,0.6009252667427063,0.9781021897810219,0.7941176470588235
5,2,95,0.15867839753627777,0.6791797876358032,0.948905109489051,0.8235294117647058
5,2,96,0.13746316730976105,0.6266687512397766,0.9854014598540146,0.8235294117647058
5,2,97,0.13555237650871277,0.6232807636260986,0.9854014598540146,0.8235294117647058
5,2,98,0.13684090971946716,0.6879044771194458,0.9708029197080292,0.8235294117647058
5,2,99,0.12255784124135971,0.6629567742347717,0.9854014598540146,0.8235294117647058
5,2,100,0.12493954598903656,0.6355186104774475,0.9854014598540146,0.7941176470588235
5,3,1,0.6565341353416443,0.6542181968688965,0.7226277372262774,0.7352941176470589
5,3,2,0.6204978823661804,0.6150766611099243,0.7226277372262774,0.7352941176470589
5,3,3,0.5917086601257324,0.5810227394104004,0.7226277372262774,0.7352941176470589
5,3,4,0.6084071397781372,0.5907537937164307,0.7226277372262774,0.7352941176470589
5,3,5,0.6141056418418884,0.5957008600234985,0.7226277372262774,0.7352941176470589
5,3,6,0.5979697108268738,0.5823608040809631,0.7226277372262774,0.7352941176470589
5,3,7,0.5877764821052551,0.5757222771644592,0.7226277372262774,0.7352941176470589
5,3,8,0.5892683267593384,0.5801756978034973,0.7226277372262774,0.7352941176470589
5,3,9,0.5943354964256287,0.587011456489563,0.7226277372262774,0.7352941176470589
5,3,10,0.5963778495788574,0.5898289680480957,0.7226277372262774,0.7352941176470589
5,3,11,0.5941985845565796,0.5877209901809692,0.7226277372262774,0.7352941176470589
5,3,12,0.5894054770469666,0.5824759006500244,0.7226277372262774,0.7352941176470589
5,3,13,0.5840262770652771,0.5761367082595825,0.7226277372262774,0.7352941176470589
5,3,14,0.5807743072509766,0.5716351866722107,0.7226277372262774,0.7352941176470589
5,3,15,0.5807209610939026,0.5702623724937439,0.7226277372262774,0.7352941176470589
5,3,16,0.5822728872299194,0.5709117650985718,0.7226277372262774,0.7352941176470589
5,3,17,0.5820211172103882,0.5706681609153748,0.7226277372262774,0.7352941176470589
5,3,18,0.5792055726051331,0.5686953067779541,0.7226277372262774,0.7352941176470589
5,3,19,0.5751795172691345,0.5661534667015076,0.7226277372262774,0.7352941176470589
5,3,20,0.5718877911567688,0.5647397637367249,0.7226277372262774,0.7352941176470589
5,3,21,0.5704753398895264,0.5651199817657471,0.7226277372262774,0.7352941176470589
5,3,22,0.5697742700576782,0.5658998489379883,0.7226277372262774,0.7352941176470589
5,3,23,0.5682817697525024,0.5655324459075928,0.7226277372262774,0.7352941176470589
5,3,24,0.5652900338172913,0.5634117126464844,0.7226277372262774,0.7352941176470589
5,3,25,0.5612313747406006,0.559770941734314,0.7226277372262774,0.7352941176470589
5,3,26,0.5572674870491028,0.5557945370674133,0.7226277372262774,0.7352941176470589
5,3,27,0.554147481918335,0.5524892210960388,0.7226277372262774,0.7352941176470589
5,3,28,0.5513056516647339,0.5498709082603455,0.7226277372262774,0.7352941176470589
5,3,29,0.5470205545425415,0.5469052195549011,0.7226277372262774,0.7352941176470589
5,3,30,0.5416276454925537,0.5435782670974731,0.7226277372262774,0.7352941176470589
5,3,31,0.5362516045570374,0.5409286618232727,0.7226277372262774,0.7352941176470589
5,3,32,0.5317868590354919,0.5390381813049316,0.7226277372262774,0.7352941176470589
5,3,33,0.5260899662971497,0.5357639789581299,0.7226277372262774,0.7352941176470589
5,3,34,0.5184305906295776,0.5300376415252686,0.7226277372262774,0.7352941176470589
5,3,35,0.5115318298339844,0.5242677927017212,0.7226277372262774,0.7352941176470589
5,3,36,0.5055729746818542,0.5197706818580627,0.7226277372262774,0.7352941176470589
5,3,37,0.4987056255340576,0.5152450203895569,0.7226277372262774,0.7352941176470589
5,3,38,0.49198466539382935,0.5111089944839478,0.7226277372262774,0.7352941176470589
5,3,39,0.4859803020954132,0.5072201490402222,0.7226277372262774,0.7352941176470589
5,3,40,0.4790966808795929,0.5025639533996582,0.7226277372262774,0.7352941176470589
5,3,41,0.47246962785720825,0.498176634311676,0.7226277372262774,0.7352941176470589
5,3,42,0.46643880009651184,0.49417024850845337,0.7226277372262774,0.7352941176470589
5,3,43,0.4603774845600128,0.4904193878173828,0.7226277372262774,0.7352941176470589
5,3,44,0.45501354336738586,0.48722290992736816,0.7226277372262774,0.7352941176470589
5,3,45,0.4492524564266205,0.48415639996528625,0.7226277372262774,0.7352941176470589
5,3,46,0.4434080421924591,0.48164862394332886,0.7226277372262774,0.7352941176470589
5,3,47,0.4363645017147064,0.478220671415329,0.7226277372262774,0.7352941176470589
5,3,48,0.43014630675315857,0.4758622348308563,0.7226277372262774,0.7352941176470589
5,3,49,0.42396536469459534,0.47441455721855164,0.7226277372262774,0.7352941176470589
5,3,50,0.4176989793777466,0.47207528352737427,0.781021897810219,0.7352941176470589
5,3,51,0.4113529622554779,0.47056618332862854,0.7883211678832117,0.7058823529411765
5,3,52,0.4046059548854828,0.468304306268692,0.7956204379562044,0.7352941176470589
5,3,53,0.3972185254096985,0.4669788181781769,0.8029197080291971,0.7352941176470589
5,3,54,0.38952893018722534,0.4647711515426636,0.8175182481751825,0.7058823529411765
5,3,55,0.382398396730423,0.4621002674102783,0.8175182481751825,0.6764705882352942
5,3,56,0.3754625916481018,0.4600124955177307,0.8394160583941606,0.6764705882352942
5,3,57,0.36866796016693115,0.45768389105796814,0.8394160583941606,0.6764705882352942
5,3,58,0.36071404814720154,0.45537376403808594,0.8394160583941606,0.6764705882352942
5,3,59,0.3519180715084076,0.45343533158302307,0.8394160583941606,0.6764705882352942
5,3,60,0.34493133425712585,0.4526122808456421,0.8467153284671532,0.6764705882352942
5,3,61,0.3369161784648895,0.4490252137184143,0.8540145985401459,0.6764705882352942
5,3,62,0.3294217586517334,0.4467813968658447,0.8540145985401459,0.6764705882352942
5,3,63,0.32206958532333374,0.44317418336868286,0.8394160583941606,0.6764705882352942
5,3,64,0.3157840073108673,0.4441654682159424,0.8540145985401459,0.7058823529411765
5,3,65,0.30652931332588196,0.43859171867370605,0.8832116788321168,0.6764705882352942
5,3,66,0.30182474851608276,0.4446884095668793,0.8613138686131386,0.7058823529411765
5,3,67,0.2932432293891907,0.4368935227394104,0.9124087591240876,0.7058823529411765
5,3,68,0.2861745357513428,0.44141635298728943,0.8759124087591241,0.6764705882352942
5,3,69,0.2770217955112457,0.43434494733810425,0.9124087591240876,0.7058823529411765
5,3,70,0.27715811133384705,0.445423424243927,0.8759124087591241,0.7352941176470589
5,3,71,0.27561452984809875,0.4346941113471985,0.9197080291970803,0.6764705882352942
5,3,72,0.2653473913669586,0.44718876481056213,0.8905109489051095,0.7352941176470589
5,3,73,0.25058218836784363,0.43294084072113037,0.9416058394160584,0.7352941176470589
5,3,74,0.24312752485275269,0.4337863326072693,0.9343065693430657,0.7058823529411765
5,3,75,0.23844006657600403,0.4373183846473694,0.9124087591240876,0.7352941176470589
5,3,76,0.2312963306903839,0.4270974397659302,0.9416058394160584,0.7352941176470589
5,3,77,0.22877605259418488,0.4408907890319824,0.9124087591240876,0.7352941176470589
5,3,78,0.22441703081130981,0.42676904797554016,0.9708029197080292,0.6764705882352942
5,3,79,0.21151919662952423,0.43224194645881653,0.9416058394160584,0.7647058823529411
5,3,80,0.20726296305656433,0.43608441948890686,0.9416058394160584,0.7352941176470589
5,3,81,0.21349084377288818,0.4264588952064514,0.9781021897810219,0.6764705882352942
5,3,82,0.2032102793455124,0.4428861439228058,0.9197080291970803,0.7352941176470589
5,3,83,0.18582230806350708,0.41583409905433655,0.9708029197080292,0.7352941176470589
5,3,84,0.17928442358970642,0.4147982895374298,0.9781021897810219,0.7352941176470589
5,3,85,0.17804786562919617,0.43497416377067566,0.948905109489051,0.7352941176470589
5,3,86,0.17128978669643402,0.4135643541812897,0.9854014598540146,0.7058823529411765
5,3,87,0.16165995597839355,0.4194575548171997,0.9781021897810219,0.7941176470588235
5,3,88,0.1599608212709427,0.4316195249557495,0.948905109489051,0.7647058823529411
5,3,89,0.1583801656961441,0.4155748188495636,0.9927007299270073,0.7058823529411765
5,3,90,0.1446762979030609,0.4234973192214966,0.9854014598540146,0.7941176470588235
5,3,91,0.1391289383172989,0.4289434552192688,0.9854014598540146,0.7941176470588235
5,3,92,0.1347646564245224,0.41223564743995667,0.9927007299270073,0.7352941176470589
5,3,93,0.1275540143251419,0.42289233207702637,0.9854014598540146,0.7941176470588235
5,3,94,0.12352082878351212,0.42616891860961914,0.9854014598540146,0.7941176470588235
5,3,95,0.11927241086959839,0.41157066822052,0.9927007299270073,0.7352941176470589
5,3,96,0.1148759201169014,0.4347582757472992,0.9927007299270073,0.7941176470588235
5,3,97,0.10687267035245895,0.41143861413002014,0.9927007299270073,0.7941176470588235
5,3,98,0.10183437168598175,0.415827214717865,0.9927007299270073,0.7941176470588235
5,3,99,0.09909278899431229,0.42530709505081177,0.9927007299270073,0.7941176470588235
5,3,100,0.0949319526553154,0.41008004546165466,0.9927007299270073,0.7647058823529411
5,4,1,0.642998218536377,0.6396542191505432,0.7226277372262774,0.7352941176470589
5,4,2,0.6073590517044067,0.6003079414367676,0.7226277372262774,0.7352941176470589
5,4,3,0.5910443663597107,0.5779170393943787,0.7226277372262774,0.7352941176470589
5,4,4,0.6115137934684753,0.5937947034835815,0.7226277372262774,0.7352941176470589
5,4,5,0.6054080128669739,0.5891091227531433,0.7226277372262774,0.7352941176470589
5,4,6,0.5907795429229736,0.5780457854270935,0.7226277372262774,0.7352941176470589
5,4,7,0.587299108505249,0.5779759287834167,0.7226277372262774,0.7352941176470589
5,4,8,0.5912278890609741,0.584166407585144,0.7226277372262774,0.7352941176470589
5,4,9,0.5939311981201172,0.5880509614944458,0.7226277372262774,0.7352941176470589
5,4,10,0.5928126573562622,0.5873536467552185,0.7226277372262774,0.7352941176470589
5,4,11,0.5886518955230713,0.5830962061882019,0.7226277372262774,0.7352941176470589
5,4,12,0.5838804244995117,0.5779131650924683,0.7226277372262774,0.7352941176470589
5,4,13,0.5806988477706909,0.5741184949874878,0.7226277372262774,0.7352941176470589
5,4,14,0.5802310705184937,0.5731257796287537,0.7226277372262774,0.7352941176470589
5,4,15,0.5812856554985046,0.5740119814872742,0.7226277372262774,0.7352941176470589
5,4,16,0.5805099606513977,0.573854386806488,0.7226277372262774,0.7352941176470589
5,4,17,0.577347993850708,0.5719709992408752,0.7226277372262774,0.7352941176470589
5,4,18,0.5736912488937378,0.5699806213378906,0.7226277372262774,0.7352941176470589
5,4,19,0.5712844729423523,0.5692228674888611,0.7226277372262774,0.7352941176470589
5,4,20,0.5699711441993713,0.5694408416748047,0.7226277372262774,0.7352941176470589
5,4,21,0.5686479806900024,0.569477379322052,0.7226277372262774,0.7352941176470589
5,4,22,0.5662277936935425,0.568118691444397,0.7226277372262774,0.7352941176470589
5,4,23,0.5627760887145996,0.5654690861701965,0.7226277372262774,0.7352941176470589
5,4,24,0.5593390464782715,0.5627408027648926,0.7226277372262774,0.7352941176470589
5,4,25,0.5566744208335876,0.5607483983039856,0.7226277372262774,0.7352941176470589
5,4,26,0.5542329549789429,0.5591687560081482,0.7226277372262774,0.7352941176470589
5,4,27,0.5508544445037842,0.5569064021110535,0.7226277372262774,0.7352941176470589
5,4,28,0.5464105010032654,0.553614616394043,0.7226277372262774,0.7352941176470589
5,4,29,0.542099118232727,0.5504660606384277,0.7226277372262774,0.7352941176470589
5,4,30,0.5385656356811523,0.5477263927459717,0.7226277372262774,0.7352941176470589
5,4,31,0.5344999432563782,0.5439097881317139,0.7226277372262774,0.7352941176470589
5,4,32,0.5291529893875122,0.5383685827255249,0.7226277372262774,0.7352941176470589
5,4,33,0.5243257284164429,0.5331445932388306,0.7226277372262774,0.7352941176470589
5,4,34,0.5203526616096497,0.5284191370010376,0.7226277372262774,0.7352941176470589
5,4,35,0.5153671503067017,0.5220627784729004,0.7226277372262774,0.7352941176470589
5,4,36,0.5099631547927856,0.5142927765846252,0.7226277372262774,0.7352941176470589
5,4,37,0.5053069591522217,0.506737232208252,0.7226277372262774,0.7352941176470589
5,4,38,0.49964776635169983,0.49833977222442627,0.7226277372262774,0.7352941176470589
5,4,39,0.4939582943916321,0.49040165543556213,0.7226277372262774,0.7352941176470589
5,4,40,0.4889284670352936,0.48259666562080383,0.7226277372262774,0.7352941176470589
5,4,41,0.4823858439922333,0.472065806388855,0.7226277372262774,0.7352941176470589
5,4,42,0.47654780745506287,0.46111881732940674,0.7226277372262774,0.7352941176470589
5,4,43,0.4698665738105774,0.4508695602416992,0.7226277372262774,0.7352941176470589
5,4,44,0.46319806575775146,0.44190049171447754,0.7226277372262774,0.7352941176470589
5,4,45,0.4571196138858795,0.43408000469207764,0.7226277372262774,0.7352941176470589
5,4,46,0.45078983902931213,0.4250091016292572,0.7226277372262774,0.7352941176470589
5,4,47,0.4447375535964966,0.41658008098602295,0.7226277372262774,0.7352941176470589
5,4,48,0.43801259994506836,0.4102391004562378,0.7226277372262774,0.7352941176470589
5,4,49,0.43116775155067444,0.40373608469963074,0.7226277372262774,0.7352941176470589
5,4,50,0.4240987300872803,0.39877453446388245,0.7226277372262774,0.7352941176470589
5,4,51,0.41716229915618896,0.3940114378929138,0.7226277372262774,0.7352941176470589
5,4,52,0.4100518524646759,0.3927339017391205,0.7226277372262774,0.7352941176470589
5,4,53,0.401693195104599,0.38890761137008667,0.7226277372262774,0.7352941176470589
5,4,54,0.3947473168373108,0.3960185945034027,0.7226277372262774,0.7352941176470589
5,4,55,0.3859703540802002,0.3895266056060791,0.7226277372262774,0.7352941176470589
5,4,56,0.37740182876586914,0.3942807614803314,0.7226277372262774,0.7352941176470589
5,4,57,0.36975595355033875,0.4021798372268677,0.7226277372262774,0.7352941176470589
5,4,58,0.36175665259361267,0.39676612615585327,0.7226277372262774,0.7352941176470589
5,4,59,0.3583703637123108,0.4355502724647522,0.7956204379562044,0.7352941176470589
5,4,60,0.3516797423362732,0.401054322719574,0.8686131386861314,0.7647058823529411
5,4,61,0.3443146049976349,0.44871100783348083,0.7883211678832117,0.7352941176470589
5,4,62,0.33093565702438354,0.42247268557548523,0.8686131386861314,0.7647058823529411
5,4,63,0.3226800858974457,0.44279295206069946,0.8540145985401459,0.7352941176470589
5,4,64,0.31418606638908386,0.4447014331817627,0.8613138686131386,0.7352941176470589
5,4,65,0.3095065951347351,0.4749291241168976,0.8467153284671532,0.7352941176470589
5,4,66,0.3092503249645233,0.43487098813056946,0.9343065693430657,0.8529411764705882
5,4,67,0.3139691650867462,0.5475599765777588,0.7883211678832117,0.7352941176470589
5,4,68,0.301435649394989,0.44654521346092224,0.9562043795620438,0.8823529411764706
5,4,69,0.2824350595474243,0.5006130933761597,0.9051094890510949,0.7352941176470589
5,4,70,0.2838340103626251,0.5520275831222534,0.8540145985401459,0.7352941176470589
5,4,71,0.27943530678749084,0.4783896803855896,0.9562043795620438,0.8823529411764706
5,4,72,0.2642558217048645,0.5392902493476868,0.9124087591240876,0.8235294117647058
5,4,73,0.27464136481285095,0.6135874390602112,0.8394160583941606,0.7352941176470589
5,4,74,0.2777557969093323,0.49598070979118347,0.9635036496350365,0.8823529411764706
5,4,75,0.2517761290073395,0.533966600894928,0.948905109489051,0.8235294117647058
5,4,76,0.2880465090274811,0.701661229133606,0.7883211678832117,0.7352941176470589
5,4,77,0.24406945705413818,0.5399385690689087,0.9635036496350365,0.8823529411764706
5,4,78,0.24659016728401184,0.535894513130188,0.9708029197080292,0.8823529411764706
5,4,79,0.24213550984859467,0.6699707508087158,0.9051094890510949,0.7352941176470589
5,4,80,0.21991600096225739,0.6085374355316162,0.948905109489051,0.8235294117647058
5,4,81,0.21879790723323822,0.5830528140068054,0.9781021897810219,0.8529411764705882
5,4,82,0.2093707174062729,0.6305263638496399,0.948905109489051,0.8235294117647058
5,4,83,0.21045361459255219,0.6874518990516663,0.9343065693430657,0.8235294117647058
5,4,84,0.20242880284786224,0.6010951995849609,0.9781021897810219,0.8529411764705882
5,4,85,0.19383841753005981,0.6214033961296082,0.9854014598540146,0.8529411764705882
5,4,86,0.19365887343883514,0.7157359719276428,0.948905109489051,0.8235294117647058
5,4,87,0.18364574015140533,0.6245315670967102,0.9854014598540146,0.8529411764705882
5,4,88,0.17706334590911865,0.637829065322876,0.9854014598540146,0.8529411764705882
5,4,89,0.17787538468837738,0.7392246127128601,0.9562043795620438,0.8235294117647058
5,4,90,0.1684035360813141,0.6328142881393433,0.9854014598540146,0.8823529411764706
5,4,91,0.16069260239601135,0.6506474614143372,0.9854014598540146,0.8529411764705882
5,4,92,0.1639634072780609,0.7787773013114929,0.9635036496350365,0.8235294117647058
5,4,93,0.16232775151729584,0.6237099170684814,0.9781021897810219,0.8823529411764706
5,4,94,0.14756150543689728,0.6559377312660217,0.9854014598540146,0.8823529411764706
5,4,95,0.16175249218940735,0.8387799859046936,0.948905109489051,0.8235294117647058
5,4,96,0.1426772177219391,0.6504373550415039,0.9781021897810219,0.8823529411764706
5,4,97,0.14182540774345398,0.6462917327880859,0.9854014598540146,0.8823529411764706
5,4,98,0.1339239925146103,0.8070700168609619,0.9781021897810219,0.8235294117647058
5,4,99,0.12032007426023483,0.754700243473053,0.9854014598540146,0.8235294117647058
5,4,100,0.12040399760007858,0.6788893938064575,0.9927007299270073,0.8823529411764706
5,5,1,0.6700489521026611,0.6726357340812683,0.7299270072992701,0.7058823529411765
5,5,2,0.6306976675987244,0.6386953592300415,0.7299270072992701,0.7058823529411765
5,5,3,0.5906714200973511,0.6082140803337097,0.7299270072992701,0.7058823529411765
5,5,4,0.5922278165817261,0.6242982149124146,0.7299270072992701,0.7058823529411765
5,5,5,0.6154981255531311,0.656931459903717,0.7299270072992701,0.7058823529411765
5,5,6,0.6020185947418213,0.641854465007782,0.7299270072992701,0.7058823529411765
5,5,7,0.5840158462524414,0.6180073022842407,0.7299270072992701,0.7058823529411765
5,5,8,0.5788413286209106,0.6069158315658569,0.7299270072992701,0.7058823529411765
5,5,9,0.582813560962677,0.6066665649414062,0.7299270072992701,0.7058823529411765
5,5,10,0.5875982046127319,0.6094037890434265,0.7299270072992701,0.7058823529411765
5,5,11,0.5888445377349854,0.6106556057929993,0.7299270072992701,0.7058823529411765
5,5,12,0.5858711004257202,0.6095958352088928,0.7299270072992701,0.7058823529411765
5,5,13,0.580108106136322,0.60748690366745,0.7299270072992701,0.7058823529411765
5,5,14,0.5739967823028564,0.6066035628318787,0.7299270072992701,0.7058823529411765
5,5,15,0.5700015425682068,0.6092583537101746,0.7299270072992701,0.7058823529411765
5,5,16,0.569754958152771,0.6164801716804504,0.7299270072992701,0.7058823529411765
5,5,17,0.5716202855110168,0.6249856948852539,0.7299270072992701,0.7058823529411765
5,5,18,0.5718579888343811,0.6297639012336731,0.7299270072992701,0.7058823529411765
5,5,19,0.5684109926223755,0.6279873847961426,0.7299270072992701,0.7058823529411765
5,5,20,0.5631813406944275,0.6220583319664001,0.7299270072992701,0.7058823529411765
5,5,21,0.559066116809845,0.6156668663024902,0.7299270072992701,0.7058823529411765
5,5,22,0.5572686195373535,0.6120343804359436,0.7299270072992701,0.7058823529411765
5,5,23,0.5563417077064514,0.6108484864234924,0.7299270072992701,0.7058823529411765
5,5,24,0.5544963479042053,0.610994279384613,0.7299270072992701,0.7058823529411765
5,5,25,0.5508565902709961,0.6121627688407898,0.7299270072992701,0.7058823529411765
5,5,26,0.546043872833252,0.614810585975647,0.7299270072992701,0.7058823529411765
5,5,27,0.5414533615112305,0.6195813417434692,0.7299270072992701,0.7058823529411765
5,5,28,0.5377811789512634,0.6264176368713379,0.7299270072992701,0.7058823529411765
5,5,29,0.5346140265464783,0.6338720321655273,0.7299270072992701,0.7058823529411765
5,5,30,0.5302743315696716,0.6382960677146912,0.7299270072992701,0.7058823529411765
5,5,31,0.5243734121322632,0.639138400554657,0.7299270072992701,0.7058823529411765
5,5,32,0.51807701587677,0.6377133727073669,0.7299270072992701,0.7058823529411765
5,5,33,0.5127844214439392,0.6369400024414062,0.7299270072992701,0.7058823529411765
5,5,34,0.5074812769889832,0.6396499276161194,0.7299270072992701,0.7058823529411765
5,5,35,0.5003957152366638,0.6466940641403198,0.7299270072992701,0.7058823529411765
5,5,36,0.49306994676589966,0.6595594882965088,0.7299270072992701,0.7058823529411765
5,5,37,0.4874233603477478,0.674642026424408,0.7299270072992701,0.7058823529411765
5,5,38,0.4812300205230713,0.6831137537956238,0.7299270072992701,0.7058823529411765
5,5,39,0.47431716322898865,0.6854358315467834,0.7299270072992701,0.7058823529411765
5,5,40,0.46834325790405273,0.6858530640602112,0.7299270072992701,0.7058823529411765
5,5,41,0.462210088968277,0.6910297274589539,0.7299270072992701,0.7058823529411765
5,5,42,0.45469048619270325,0.7052194476127625,0.7299270072992701,0.7058823529411765
5,5,43,0.44806748628616333,0.7157301902770996,0.7299270072992701,0.7058823529411765
5,5,44,0.4411027431488037,0.7187842130661011,0.7299270072992701,0.7058823529411765
5,5,45,0.4341215193271637,0.7223079800605774,0.7299270072992701,0.7058823529411765
5,5,46,0.4257693290710449,0.7313469052314758,0.7299270072992701,0.7058823529411765
5,5,47,0.417408287525177,0.7454953789710999,0.7299270072992701,0.7058823529411765
5,5,48,0.410656601190567,0.752037763595581,0.7299270072992701,0.7058823529411765
5,5,49,0.4037628173828125,0.7479754686355591,0.7299270072992701,0.7058823529411765
5,5,50,0.3957526683807373,0.7622523307800293,0.781021897810219,0.7058823529411765
5,5,51,0.38889312744140625,0.7908110022544861,0.7956204379562044,0.7352941176470589
5,5,52,0.3833574652671814,0.8008422255516052,0.7883211678832117,0.7352941176470589
5,5,53,0.377513587474823,0.8000335693359375,0.781021897810219,0.7352941176470589
5,5,54,0.37075895071029663,0.8276225924491882,0.7737226277372263,0.7058823529411765
5,5,55,0.3638307750225067,0.8495377898216248,0.781021897810219,0.7058823529411765
5,5,56,0.35872745513916016,0.8802801370620728,0.781021897810219,0.7058823529411765
5,5,57,0.3522806167602539,0.8900624513626099,0.8102189781021898,0.7058823529411765
5,5,58,0.34713098406791687,0.9198793172836304,0.8175182481751825,0.7058823529411765
5,5,59,0.3419853150844574,0.9350067973136902,0.8540145985401459,0.7058823529411765
5,5,60,0.33732515573501587,0.9624905586242676,0.8467153284671532,0.7058823529411765
5,5,61,0.33323708176612854,0.9889492988586426,0.8467153284671532,0.7058823529411765
5,5,62,0.3291022479534149,0.978878915309906,0.8613138686131386,0.7058823529411765
5,5,63,0.32407310605049133,1.0153725147247314,0.8613138686131386,0.7058823529411765
5,5,64,0.31886112689971924,1.0312919616699219,0.8686131386861314,0.7058823529411765
5,5,65,0.31460800766944885,1.052385687828064,0.8686131386861314,0.7058823529411765
5,5,66,0.3099866807460785,1.0431174039840698,0.8978102189781022,0.6764705882352942
5,5,67,0.3096138536930084,1.1043870449066162,0.8321167883211679,0.7352941176470589
5,5,68,0.30581799149513245,1.0255905389785767,0.9051094890510949,0.6764705882352942
5,5,69,0.2990081012248993,1.1069427728652954,0.8613138686131386,0.7352941176470589
5,5,70,0.29269394278526306,1.099183440208435,0.9051094890510949,0.6764705882352942
5,5,71,0.291544109582901,1.0630468130111694,0.9051094890510949,0.7058823529411765
5,5,72,0.2890036404132843,1.1457898616790771,0.8686131386861314,0.7352941176470589
5,5,73,0.2811138927936554,1.100892186164856,0.9124087591240876,0.7058823529411765
5,5,74,0.27671390771865845,1.139432430267334,0.8978102189781022,0.7352941176470589
5,5,75,0.27440541982650757,1.1640156507492065,0.8905109489051095,0.7058823529411765
5,5,76,0.26944947242736816,1.1267242431640625,0.9197080291970803,0.7352941176470589
5,5,77,0.2662345767021179,1.1225534677505493,0.9343065693430657,0.7352941176470589
5,5,78,0.26408347487449646,1.1823245286941528,0.8905109489051095,0.7352941176470589
5,5,79,0.2577865719795227,1.1419939994812012,0.927007299270073,0.7352941176470589
5,5,80,0.25399667024612427,1.1500400304794312,0.927007299270073,0.7352941176470589
5,5,81,0.2513761520385742,1.198796272277832,0.8978102189781022,0.7352941176470589
5,5,82,0.2470811903476715,1.1480603218078613,0.9416058394160584,0.7352941176470589
5,5,83,0.24314342439174652,1.2092127799987793,0.9197080291970803,0.7352941176470589
5,5,84,0.23893654346466064,1.1642018556594849,0.948905109489051,0.7352941176470589
5,5,85,0.23421254754066467,1.213623046875,0.9416058394160584,0.7352941176470589
5,5,86,0.23138414323329926,1.2398030757904053,0.9197080291970803,0.7352941176470589
5,5,87,0.2300928235054016,1.1646711826324463,0.948905109489051,0.7058823529411765
5,5,88,0.22337687015533447,1.273614525794983,0.9343065693430657,0.7352941176470589
5,5,89,0.21747153997421265,1.2520815134048462,0.9635036496350365,0.7352941176470589
5,5,90,0.21428287029266357,1.2581878900527954,0.9635036496350365,0.7352941176470589
5,5,91,0.21080033481121063,1.2866934537887573,0.9416058394160584,0.7352941176470589
5,5,92,0.20652712881565094,1.271364688873291,0.9635036496350365,0.7352941176470589
5,5,93,0.20278318226337433,1.291449785232544,0.9635036496350365,0.7352941176470589
5,5,94,0.19947482645511627,1.3234655857086182,0.948905109489051,0.7352941176470589
5,5,95,0.19592908024787903,1.2783182859420776,0.9635036496350365,0.7352941176470589
5,5,96,0.19425220787525177,1.3824191093444824,0.9343065693430657,0.7352941176470589
5,5,97,0.20402328670024872,1.1884682178497314,0.9708029197080292,0.7058823529411765
5,5,98,0.18810832500457764,1.3934425115585327,0.948905109489051,0.7352941176470589
5,5,99,0.18564118444919586,1.4198338985443115,0.948905109489051,0.7352941176470589
5,5,100,0.19721285998821259,1.190146565437317,0.9781021897810219,0.7058823529411765
