repeat,fold,epoch,train_loss,val_loss,train_acc,val_acc
1,1,1,1.1437708139419556,0.7317976355552673,0.7279411764705882,0.7142857142857143
1,1,2,0.6385541558265686,0.6188488602638245,0.6911764705882353,0.6571428571428571
1,1,3,0.5302116274833679,0.4988984167575836,0.7279411764705882,0.7142857142857143
1,1,4,0.49746373295783997,0.48215538263320923,0.7867647058823529,0.7142857142857143
1,1,5,0.45498716831207275,0.4606513977050781,0.8235294117647058,0.7428571428571429
1,1,6,0.4516487121582031,0.47410720586776733,0.8088235294117647,0.7428571428571429
1,1,7,0.41132572293281555,0.45858094096183777,0.8235294117647058,0.7428571428571429
1,1,8,0.3906266987323761,0.46933233737945557,0.8235294117647058,0.7142857142857143
1,1,9,0.36791571974754333,0.478567510843277,0.8308823529411765,0.7142857142857143
1,1,10,0.33358946442604065,0.45794790983200073,0.8382352941176471,0.7428571428571429
1,1,11,0.31247490644454956,0.45009490847587585,0.8602941176470589,0.7428571428571429
1,1,12,0.2822170853614807,0.4342997372150421,0.8970588235294118,0.7428571428571429
1,1,13,0.2636660635471344,0.4331890046596527,0.8970588235294118,0.8
1,1,14,0.24827741086483002,0.44338852167129517,0.9117647058823529,0.8
1,1,15,0.21224701404571533,0.40814247727394104,0.9264705882352942,0.8
1,1,16,0.20986540615558624,0.4221629500389099,0.9338235294117647,0.8285714285714286
1,1,17,0.18202929198741913,0.43214085698127747,0.9264705882352942,0.8285714285714286
1,1,18,0.1558850258588791,0.5011204481124878,0.9264705882352942,0.7714285714285715
1,1,19,0.13309405744075775,0.5710489749908447,0.9264705882352942,0.7714285714285715
1,1,20,0.11028443276882172,0.5697336792945862,0.9632352941176471,0.7714285714285715
1,1,21,0.11779912561178207,0.6041930913925171,0.9779411764705882,0.7428571428571429
1,1,22,0.0852465108036995,0.6485581398010254,0.9852941176470589,0.7714285714285715
1,1,23,0.07950105518102646,0.7799673676490784,1.0,0.8
1,1,24,0.05929054319858551,0.7456629276275635,1.0,0.8
1,1,25,0.06170687824487686,0.7151479125022888,0.9926470588235294,0.8
1,1,26,0.060005221515893936,0.7490329146385193,0.9926470588235294,0.8
1,1,27,0.04824008047580719,0.8343589305877686,0.9926470588235294,0.7714285714285715
1,1,28,0.036135293543338776,0.9830390810966492,1.0,0.7714285714285715
1,1,29,0.03362903743982315,1.1131677627563477,1.0,0.7714285714285715
1,1,30,0.028393983840942383,1.1695475578308105,1.0,0.7714285714285715
1,1,31,0.022328512743115425,1.1718900203704834,1.0,0.7714285714285715
1,1,32,0.01926291547715664,1.1571577787399292,1.0,0.7714285714285715
1,1,33,0.019193800166249275,1.1626707315444946,1.0,0.7714285714285715
1,1,34,0.018916018307209015,1.194448709487915,1.0,0.7142857142857143
1,1,35,0.013164157047867775,1.2304574251174927,1.0,0.7428571428571429
1,1,36,0.011594376526772976,1.3263002634048462,1.0,0.7428571428571429
1,1,37,0.011349122039973736,1.4217455387115479,1.0,0.7428571428571429
1,1,38,0.009235674515366554,1.4206278324127197,1.0,0.7428571428571429
1,1,39,0.009412594139575958,1.3381754159927368,1.0,0.7428571428571429
1,1,40,0.020494207739830017,1.3235541582107544,0.9926470588235294,0.7714285714285715
1,1,41,0.027081402018666267,1.352118968963623,0.9926470588235294,0.7714285714285715
1,1,42,0.010471522808074951,1.4139958620071411,1.0,0.7428571428571429
1,1,43,0.005562841892242432,1.5406370162963867,1.0,0.7428571428571429
1,1,44,0.005289872642606497,1.6864089965820312,1.0,0.7428571428571429
1,1,45,0.008618433959782124,1.8116003274917603,1.0,0.7428571428571429
1,1,46,0.01048035454005003,1.8540719747543335,1.0,0.7428571428571429
1,1,47,0.0036800215020775795,1.7209382057189941,1.0,0.7428571428571429
1,1,48,0.004163854289799929,1.56825590133667,1.0,0.7428571428571429
1,1,49,0.020575640723109245,1.5536391735076904,0.9926470588235294,0.7714285714285715
1,1,50,0.04094162583351135,1.6120315790176392,0.9926470588235294,0.7142857142857143
1,1,51,0.041757915169000626,1.6449590921401978,0.9926470588235294,0.6857142857142857
1,1,52,0.01104895118623972,1.5992991924285889,0.9926470588235294,0.7714285714285715
1,1,53,0.0024596734438091516,1.642088532447815,1.0,0.7428571428571429
1,1,54,0.0020282173063606024,1.7671254873275757,1.0,0.7428571428571429
1,1,55,0.0020677775610238314,1.9029614925384521,1.0,0.7428571428571429
1,1,56,0.003256621304899454,2.0088443756103516,1.0,0.7428571428571429
1,1,57,0.0020709282252937555,1.972811222076416,1.0,0.7428571428571429
1,1,58,0.0015495874686166644,1.8363198041915894,1.0,0.7428571428571429
1,1,59,0.0015770867466926575,1.7419183254241943,1.0,0.7428571428571429
1,1,60,0.004129618406295776,1.7271167039871216,1.0,0.7714285714285715
1,1,61,0.0024527530185878277,1.7427438497543335,1.0,0.7714285714285715
1,1,62,0.0013751982478424907,1.766822338104248,1.0,0.7714285714285715
1,1,63,0.0011669541709125042,1.8073694705963135,1.0,0.7428571428571429
1,1,64,0.0010979542275890708,1.8713287115097046,1.0,0.7428571428571429
1,1,65,0.0010603495175018907,1.9386754035949707,1.0,0.7428571428571429
1,1,66,0.0010596970096230507,2.000718832015991,1.0,0.7428571428571429
1,1,67,0.0011545404559001327,2.056797742843628,1.0,0.7428571428571429
1,1,68,0.0013337319251149893,2.0936553478240967,1.0,0.7428571428571429
1,1,69,0.0015875301323831081,2.1187186241149902,1.0,0.7428571428571429
1,1,70,0.0013214783975854516,2.104938268661499,1.0,0.7428571428571429
1,1,71,0.0009830662747845054,2.0700056552886963,1.0,0.7428571428571429
1,1,72,0.0008387711131945252,2.033674478530884,1.0,0.7428571428571429
1,1,73,0.0007575690397061408,2.0002918243408203,1.0,0.7428571428571429
1,1,74,0.0007040637428872287,1.966330647468567,1.0,0.7428571428571429
1,1,75,0.0006662268424406648,1.931861400604248,1.0,0.7428571428571429
1,1,76,0.000638230238109827,1.9031490087509155,1.0,0.7428571428571429
1,1,77,0.0006150976987555623,1.8817389011383057,1.0,0.7428571428571429
1,1,78,0.000595618097577244,1.8642504215240479,1.0,0.7428571428571429
1,1,79,0.000578911101911217,1.8531607389450073,1.0,0.7428571428571429
1,1,80,0.0005582142621278763,1.8496211767196655,1.0,0.7714285714285715
1,1,81,0.0005390041042119265,1.8487666845321655,1.0,0.7714285714285715
1,1,82,0.0005210621748119593,1.8501163721084595,1.0,0.7714285714285715
1,1,83,0.0005032712942920625,1.8534663915634155,1.0,0.7714285714285715
1,1,84,0.0004869554250035435,1.8573647737503052,1.0,0.7714285714285715
1,1,85,0.0004716093244496733,1.8621760606765747,1.0,0.7714285714285715
1,1,86,0.0004575794155243784,1.8673067092895508,1.0,0.7714285714285715
1,1,87,0.0004441625496838242,1.872747540473938,1.0,0.7714285714285715
1,1,88,0.0004318897263146937,1.8779270648956299,1.0,0.7714285714285715
1,1,89,0.0004204360593575984,1.8828990459442139,1.0,0.7714285714285715
1,1,90,0.00040965969674289227,1.8864117860794067,1.0,0.7714285714285715
1,1,91,0.000397618132410571,1.8895716667175293,1.0,0.7714285714285715
1,1,92,0.00038576219230890274,1.8932039737701416,1.0,0.7714285714285715
1,1,93,0.0003747002047020942,1.8972935676574707,1.0,0.7714285714285715
1,1,94,0.00036256693420000374,1.9026076793670654,1.0,0.7714285714285715
1,1,95,0.0003518766607157886,1.9105058908462524,1.0,0.7714285714285715
1,1,96,0.00034280424006283283,1.919824242591858,1.0,0.7714285714285715
1,1,97,0.00033447498572058976,1.9297829866409302,1.0,0.7714285714285715
1,1,98,0.0003266667772550136,1.9413596391677856,1.0,0.7714285714285715
1,1,99,0.00031936276354826987,1.9538800716400146,1.0,0.7428571428571429
1,1,100,0.00031239292002283037,1.9669972658157349,1.0,0.7428571428571429
1,2,1,1.1895408630371094,0.7539188265800476,0.7226277372262774,0.7352941176470589
1,2,2,0.7211114764213562,0.9644467830657959,0.7153284671532847,0.5882352941176471
1,2,3,0.4778198003768921,0.46577179431915283,0.8102189781021898,0.7647058823529411
1,2,4,0.5499606728553772,0.506693422794342,0.7591240875912408,0.7941176470588235
1,2,5,0.433214396238327,0.4599854350090027,0.8321167883211679,0.8235294117647058
1,2,6,0.39944759011268616,0.5181624889373779,0.8540145985401459,0.7647058823529411
1,2,7,0.3805358409881592,0.5774272084236145,0.8540145985401459,0.7352941176470589
1,2,8,0.3328954875469208,0.5372811555862427,0.8540145985401459,0.7352941176470589
1,2,9,0.2907860279083252,0.5214933156967163,0.8832116788321168,0.7647058823529411
1,2,10,0.26582831144332886,0.5598129034042358,0.9051094890510949,0.7352941176470589
1,2,11,0.23759165406227112,0.6031045317649841,0.9124087591240876,0.7058823529411765
1,2,12,0.2166592925786972,0.6612613201141357,0.9124087591240876,0.7352941176470589
1,2,13,0.21496114134788513,0.7515841126441956,0.9416058394160584,0.6764705882352942
1,2,14,0.17634576559066772,0.7674532532691956,0.9343065693430657,0.7058823529411765
1,2,15,0.16001996397972107,0.8368086814880371,0.927007299270073,0.6764705882352942
1,2,16,0.1393885612487793,0.8852795362472534,0.927007299270073,0.6764705882352942
1,2,17,0.1227017417550087,0.909144937992096,0.9562043795620438,0.7058823529411765
1,2,18,0.11330653727054596,0.9517818093299866,0.9635036496350365,0.7058823529411765
1,2,19,0.09252017736434937,1.0038487911224365,0.9635036496350365,0.7058823529411765
1,2,20,0.08245039731264114,1.0900388956069946,0.9708029197080292,0.6764705882352942
1,2,21,0.07227102667093277,1.1178728342056274,0.9708029197080292,0.6764705882352942
1,2,22,0.06909782439470291,1.1672295331954956,0.9708029197080292,0.7058823529411765
1,2,23,0.06469932198524475,1.2223831415176392,0.9781021897810219,0.7352941176470589
1,2,24,0.05161035433411598,1.272487998008728,0.9781021897810219,0.7352941176470589
1,2,25,0.04268393665552139,1.3340312242507935,0.9927007299270073,0.7058823529411765
1,2,26,0.03782584145665169,1.3961881399154663,0.9927007299270073,0.7058823529411765
1,2,27,0.03387487307190895,1.4380335807800293,0.9927007299270073,0.7058823529411765
1,2,28,0.034724123775959015,1.4669626951217651,0.9854014598540146,0.7647058823529411
1,2,29,0.028267676010727882,1.5260136127471924,0.9927007299270073,0.7352941176470589
1,2,30,0.02463691495358944,1.6068334579467773,0.9927007299270073,0.7352941176470589
1,2,31,0.024274587631225586,1.666192889213562,0.9927007299270073,0.7352941176470589
1,2,32,0.01976551115512848,1.6318141222000122,0.9927007299270073,0.7352941176470589
1,2,33,0.019694404676556587,1.6303750276565552,0.9927007299270073,0.7352941176470589
1,2,34,0.024920223280787468,1.7192573547363281,0.9854014598540146,0.7058823529411765
1,2,35,0.016951989382505417,1.7213760614395142,0.9927007299270073,0.7058823529411765
1,2,36,0.014749984256923199,1.7374720573425293,0.9927007299270073,0.6764705882352942
1,2,37,0.015217376872897148,1.7886918783187866,0.9927007299270073,0.7647058823529411
1,2,38,0.015207569114863873,1.8242237567901611,0.9927007299270073,0.7647058823529411
1,2,39,0.013883458450436592,1.8729487657546997,0.9927007299270073,0.7352941176470589
1,2,40,0.031483519822359085,2.0146939754486084,0.9854014598540146,0.7352941176470589
1,2,41,0.03070960007607937,1.9762519598007202,0.9854014598540146,0.7352941176470589
1,2,42,0.0151152852922678,1.8943474292755127,0.9927007299270073,0.7941176470588235
1,2,43,0.010651706717908382,1.9746266603469849,0.9927007299270073,0.7647058823529411
1,2,44,0.01127369049936533,2.112577199935913,0.9927007299270073,0.7647058823529411
1,2,45,0.016473937779664993,2.2432689666748047,0.9927007299270073,0.7647058823529411
1,2,46,0.012562613002955914,2.2211966514587402,0.9927007299270073,0.7352941176470589
1,2,47,0.009277825243771076,2.0868077278137207,0.9927007299270073,0.7352941176470589
1,2,48,0.008851977065205574,1.9716336727142334,0.9927007299270073,0.7352941176470589
1,2,49,0.009799906052649021,1.9858713150024414,0.9927007299270073,0.7058823529411765
1,2,50,0.017069492489099503,2.0962419509887695,0.9854014598540146,0.7058823529411765
1,2,51,0.022310789674520493,2.176862955093384,0.9781021897810219,0.6470588235294118
1,2,52,0.008266158401966095,2.0498013496398926,0.9927007299270073,0.7352941176470589
1,2,53,0.007667470257729292,2.1630051136016846,0.9927007299270073,0.7352941176470589
1,2,54,0.007673986721783876,2.3409242630004883,0.9927007299270073,0.7352941176470589
1,2,55,0.010254216380417347,2.489110231399536,0.9927007299270073,0.7352941176470589
1,2,56,0.01113924104720354,2.535306930541992,1.0,0.7352941176470589
1,2,57,0.007273899391293526,2.437974214553833,1.0,0.7352941176470589
1,2,58,0.006691016256809235,2.341714382171631,1.0,0.7352941176470589
1,2,59,0.006609463598579168,2.285557270050049,1.0,0.7647058823529411
1,2,60,0.006526402197778225,2.2677228450775146,1.0,0.7647058823529411
1,2,61,0.006454053334891796,2.2699904441833496,1.0,0.7352941176470589
1,2,62,0.006024071481078863,2.265737771987915,1.0,0.7647058823529411
1,2,63,0.0058421301655471325,2.2771506309509277,1.0,0.7352941176470589
1,2,64,0.00571466377004981,2.31318998336792,1.0,0.7352941176470589
1,2,65,0.005631953477859497,2.3516604900360107,1.0,0.7352941176470589
1,2,66,0.0056892698630690575,2.3852739334106445,1.0,0.7352941176470589
1,2,67,0.006045873276889324,2.4109628200531006,1.0,0.7352941176470589
1,2,68,0.005626734346151352,2.4015157222747803,1.0,0.7352941176470589
1,2,69,0.00533716008067131,2.393698215484619,1.0,0.7058823529411765
1,2,70,0.005094146355986595,2.3676371574401855,1.0,0.6764705882352942
1,2,71,0.00505387457087636,2.4031450748443604,1.0,0.7058823529411765
1,2,72,0.00520523265004158,2.5126657485961914,1.0,0.7058823529411765
1,2,73,0.005009749438613653,2.4999241828918457,1.0,0.6764705882352942
1,2,74,0.005235765129327774,2.4761009216308594,1.0,0.6764705882352942
1,2,75,0.00484849838539958,2.40004563331604,1.0,0.6764705882352942
1,2,76,0.004578461870551109,2.3560125827789307,1.0,0.7352941176470589
1,2,77,0.004491215106099844,2.416644334793091,1.0,0.7058823529411765
1,2,78,0.004421591758728027,2.5096375942230225,1.0,0.7058823529411765
1,2,79,0.004378152545541525,2.605459451675415,1.0,0.7058823529411765
1,2,80,0.00448831170797348,2.6909854412078857,1.0,0.7058823529411765
1,2,81,0.004436906427145004,2.723147392272949,1.0,0.7058823529411765
1,2,82,0.0042936718091368675,2.743842840194702,1.0,0.7058823529411765
1,2,83,0.004169834777712822,2.760059118270874,1.0,0.7058823529411765
1,2,84,0.004072379786521196,2.7753238677978516,1.0,0.7058823529411765
1,2,85,0.003987726289778948,2.7893075942993164,1.0,0.7058823529411765
1,2,86,0.003878180868923664,2.6536247730255127,1.0,0.7058823529411765
1,2,87,0.0038187364116311073,2.596543788909912,1.0,0.7352941176470589
1,2,88,0.0044483039528131485,2.5918266773223877,1.0,0.7352941176470589
1,2,89,0.016236979514360428,2.6014151573181152,0.9927007299270073,0.7352941176470589
1,2,90,0.02368386834859848,2.6264808177948,0.9927007299270073,0.7058823529411765
1,2,91,0.004066248890012503,2.6219866275787354,1.0,0.7352941176470589
1,2,92,0.0035111154429614544,2.6461029052734375,1.0,0.7352941176470589
1,2,93,0.0034514584112912416,2.7088444232940674,1.0,0.7058823529411765
1,2,94,0.0033981851302087307,2.8188693523406982,1.0,0.7058823529411765
1,2,95,0.0033567887730896473,2.920175552368164,1.0,0.7058823529411765
1,2,96,0.003465688554570079,3.0098459720611572,1.0,0.7058823529411765
1,2,97,0.00488341273739934,3.079885721206665,1.0,0.7058823529411765
1,2,98,0.003179190680384636,2.8601744174957275,1.0,0.7058823529411765
1,2,99,0.003122694091871381,2.6999945640563965,1.0,0.7352941176470589
1,2,100,0.0033103276509791613,2.6920506954193115,1.0,0.7352941176470589
1,3,1,1.5659972429275513,0.9510232210159302,0.7226277372262774,0.7352941176470589
1,3,2,0.5763137340545654,0.5997905731201172,0.7226277372262774,0.7352941176470589
1,3,3,0.9116761088371277,0.6807648539543152,0.5328467153284672,0.6764705882352942
1,3,4,0.5186724066734314,0.5726505517959595,0.8029197080291971,0.8235294117647058
1,3,5,0.563167154788971,0.5746168494224548,0.7518248175182481,0.7647058823529411
1,3,6,0.5717342495918274,0.5615612268447876,0.7518248175182481,0.7647058823529411
1,3,7,0.47675657272338867,0.513569712638855,0.7591240875912408,0.7941176470588235
1,3,8,0.40276893973350525,0.4799429476261139,0.8175182481751825,0.8235294117647058
1,3,9,0.39174512028694153,0.46774888038635254,0.8321167883211679,0.8235294117647058
1,3,10,0.39267557859420776,0.45825478434562683,0.8248175182481752,0.8235294117647058
1,3,11,0.3617877662181854,0.44291043281555176,0.8321167883211679,0.8235294117647058
1,3,12,0.3284814655780792,0.4246351718902588,0.8467153284671532,0.8529411764705882
1,3,13,0.3103262186050415,0.40834295749664307,0.8832116788321168,0.8529411764705882
1,3,14,0.3026849627494812,0.39763566851615906,0.8905109489051095,0.8529411764705882
1,3,15,0.28504064679145813,0.3888017237186432,0.8905109489051095,0.8529411764705882
1,3,16,0.2639803886413574,0.3837452828884125,0.8905109489051095,0.8235294117647058
1,3,17,0.24319641292095184,0.3843224346637726,0.8978102189781022,0.8235294117647058
1,3,18,0.22703306376934052,0.3915572464466095,0.8978102189781022,0.8235294117647058
1,3,19,0.2125263512134552,0.4020795226097107,0.9051094890510949,0.7941176470588235
1,3,20,0.1969953179359436,0.4138237535953522,0.9051094890510949,0.7647058823529411
1,3,21,0.17991286516189575,0.42394912242889404,0.927007299270073,0.7647058823529411
1,3,22,0.16333815455436707,0.4350619912147522,0.9343065693430657,0.7647058823529411
1,3,23,0.14880497753620148,0.4485785663127899,0.9416058394160584,0.7647058823529411
1,3,24,0.1361512541770935,0.4651073217391968,0.9562043795620438,0.7647058823529411
1,3,25,0.12404539436101913,0.48028385639190674,0.9562043795620438,0.7941176470588235
1,3,26,0.11296815425157547,0.49383094906806946,0.9635036496350365,0.7647058823529411
1,3,27,0.10063652694225311,0.5014451146125793,0.9635036496350365,0.7647058823529411
1,3,28,0.0886964425444603,0.5063990354537964,0.9635036496350365,0.7647058823529411
1,3,29,0.07830285280942917,0.5145248174667358,0.9708029197080292,0.7647058823529411
1,3,30,0.06810270249843597,0.5230939388275146,0.9854014598540146,0.7647058823529411
1,3,31,0.05979766324162483,0.5313537120819092,0.9927007299270073,0.7647058823529411
1,3,32,0.05420278012752533,0.5360050201416016,0.9854014598540146,0.7647058823529411
1,3,33,0.04989420995116234,0.5411885380744934,0.9854014598540146,0.7941176470588235
1,3,34,0.039861805737018585,0.5437157154083252,0.9927007299270073,0.8235294117647058
1,3,35,0.03639666363596916,0.5505950450897217,0.9927007299270073,0.8235294117647058
1,3,36,0.033992040902376175,0.5604792237281799,0.9854014598540146,0.8235294117647058
1,3,37,0.03290277346968651,0.5738646388053894,0.9854014598540146,0.8235294117647058
1,3,38,0.03596005588769913,0.5895833373069763,0.9854014598540146,0.8235294117647058
1,3,39,0.0381750762462616,0.6056183576583862,0.9854014598540146,0.8235294117647058
1,3,40,0.02099800854921341,0.6142452955245972,0.9927007299270073,0.8235294117647058
1,3,41,0.016877111047506332,0.6238383054733276,0.9927007299270073,0.8235294117647058
1,3,42,0.015357701107859612,0.6338996887207031,0.9927007299270073,0.8235294117647058
1,3,43,0.014736173674464226,0.6453070640563965,0.9927007299270073,0.8235294117647058
1,3,44,0.013440459966659546,0.6570393443107605,1.0,0.8235294117647058
1,3,45,0.013883651234209538,0.6691094636917114,1.0,0.8235294117647058
1,3,46,0.017248334363102913,0.6818714141845703,0.9927007299270073,0.8235294117647058
1,3,47,0.012864110991358757,0.6939090490341187,1.0,0.7941176470588235
1,3,48,0.010019419714808464,0.7057064771652222,1.0,0.7941176470588235
1,3,49,0.009101062081754208,0.7169010043144226,1.0,0.7941176470588235
1,3,50,0.008558581583201885,0.7271726131439209,1.0,0.7941176470588235
1,3,51,0.00815622415393591,0.737030565738678,1.0,0.7941176470588235
1,3,52,0.007854592986404896,0.7465876936912537,1.0,0.7941176470588235
1,3,53,0.007487833965569735,0.7555313110351562,1.0,0.7941176470588235
1,3,54,0.007099915761500597,0.7641646265983582,1.0,0.7941176470588235
1,3,55,0.006742821075022221,0.7727581262588501,1.0,0.7941176470588235
1,3,56,0.006431920919567347,0.781505286693573,1.0,0.7941176470588235
1,3,57,0.006193678360432386,0.7902795672416687,1.0,0.8235294117647058
1,3,58,0.006852136924862862,0.8022003173828125,1.0,0.8235294117647058
1,3,59,0.005754463840276003,0.8079684972763062,1.0,0.8235294117647058
1,3,60,0.005668645724654198,0.8147318363189697,1.0,0.8235294117647058
1,3,61,0.01662970706820488,0.8221436142921448,0.9927007299270073,0.8235294117647058
1,3,62,0.006075081881135702,0.8328176140785217,1.0,0.8235294117647058
1,3,63,0.00517011946067214,0.845271110534668,1.0,0.8235294117647058
1,3,64,0.005298919510096312,0.8575699329376221,1.0,0.8235294117647058
1,3,65,0.00535031920298934,0.8680006861686707,1.0,0.8235294117647058
1,3,66,0.005345508921891451,0.8764247298240662,1.0,0.8235294117647058
1,3,67,0.004767297301441431,0.8794729709625244,1.0,0.8235294117647058
1,3,68,0.004611174575984478,0.8819116950035095,1.0,0.8235294117647058
1,3,69,0.004526270553469658,0.8844485878944397,1.0,0.8235294117647058
1,3,70,0.0045597143471241,0.888651430606842,1.0,0.8235294117647058
1,3,71,0.004468263126909733,0.8914564847946167,1.0,0.8235294117647058
1,3,72,0.004359790589660406,0.8934018611907959,1.0,0.8235294117647058
1,3,73,0.0042670066468417645,0.8956122398376465,1.0,0.8235294117647058
1,3,74,0.004186838399618864,0.8974432349205017,1.0,0.8235294117647058
1,3,75,0.004066236782819033,0.899559497833252,1.0,0.8235294117647058
1,3,76,0.0040166256949305534,0.9015315175056458,1.0,0.8235294117647058
1,3,77,0.004104488529264927,0.9049320220947266,1.0,0.8235294117647058
1,3,78,0.00494839483872056,0.915482759475708,1.0,0.8235294117647058
1,3,79,0.0063630822114646435,0.935333788394928,1.0,0.7941176470588235
1,3,80,0.0061534191481769085,0.9388741850852966,1.0,0.7941176470588235
1,3,81,0.0037592719309031963,0.9154642820358276,1.0,0.8235294117647058
1,3,82,0.0035711696837097406,0.9157211780548096,1.0,0.8235294117647058
1,3,83,0.0034935453440994024,0.9185465574264526,1.0,0.8235294117647058
1,3,84,0.003441450884565711,0.9222108721733093,1.0,0.8235294117647058
1,3,85,0.0034800658468157053,0.9283413887023926,1.0,0.8235294117647058
1,3,86,0.0033234141301363707,0.9304486513137817,1.0,0.8235294117647058
1,3,87,0.003247675485908985,0.9348751902580261,1.0,0.8235294117647058
1,3,88,0.003190690418705344,0.9400327205657959,1.0,0.8235294117647058
1,3,89,0.0031389882788062096,0.9451528191566467,1.0,0.8235294117647058
1,3,90,0.0030898633413016796,0.9501688480377197,1.0,0.8235294117647058
1,3,91,0.00304237799718976,0.9553864598274231,1.0,0.8235294117647058
1,3,92,0.0029967036098241806,0.9607434868812561,1.0,0.8235294117647058
1,3,93,0.0029496110510081053,0.9651027321815491,1.0,0.8235294117647058
1,3,94,0.002896937308833003,0.9672513604164124,1.0,0.8235294117647058
1,3,95,0.002844032132998109,0.9691330194473267,1.0,0.8235294117647058
1,3,96,0.002790996106341481,0.9709710478782654,1.0,0.8235294117647058
1,3,97,0.0027343996334820986,0.9727031588554382,1.0,0.8235294117647058
1,3,98,0.0026759335305541754,0.9726815819740295,1.0,0.8235294117647058
1,3,99,0.002618155675008893,0.9724186062812805,1.0,0.8235294117647058
1,3,100,0.0025607633870095015,0.9714258909225464,1.0,0.8235294117647058
1,4,1,1.2407827377319336,2.0593018531799316,0.7226277372262774,0.7352941176470589
1,4,2,0.5473021268844604,0.7817649245262146,0.7226277372262774,0.7352941176470589
1,4,3,0.7029983997344971,0.6831580400466919,0.7153284671532847,0.7058823529411765
1,4,4,0.4810201823711395,0.5864869952201843,0.8248175182481752,0.7647058823529411
1,4,5,0.4603916108608246,0.7237371802330017,0.7737226277372263,0.7058823529411765
1,4,6,0.4483474791049957,0.7888974547386169,0.781021897810219,0.7058823529411765
1,4,7,0.40529826283454895,0.7433256506919861,0.8394160583941606,0.7647058823529411
1,4,8,0.382644385099411,0.6943880915641785,0.8467153284671532,0.7058823529411765
1,4,9,0.3665379285812378,0.6834920048713684,0.8467153284671532,0.7647058823529411
1,4,10,0.3438698351383209,0.6659349799156189,0.8613138686131386,0.7647058823529411
1,4,11,0.31485486030578613,0.6377442479133606,0.8832116788321168,0.7647058823529411
1,4,12,0.2844183146953583,0.6199440360069275,0.9051094890510949,0.7647058823529411
1,4,13,0.25620999932289124,0.6102331280708313,0.9051094890510949,0.7941176470588235
1,4,14,0.23401205241680145,0.6105658411979675,0.9197080291970803,0.7941176470588235
1,4,15,0.2156064361333847,0.6106163263320923,0.927007299270073,0.7941176470588235
1,4,16,0.19344015419483185,0.5938530564308167,0.927007299270073,0.7647058823529411
1,4,17,0.17337322235107422,0.5695314407348633,0.9197080291970803,0.7647058823529411
1,4,18,0.15790487825870514,0.5796721577644348,0.9197080291970803,0.7352941176470589
1,4,19,0.14092236757278442,0.6174073815345764,0.9343065693430657,0.7647058823529411
1,4,20,0.12423709779977798,0.6827358603477478,0.948905109489051,0.7647058823529411
1,4,21,0.11280733346939087,0.7725306153297424,0.948905109489051,0.7647058823529411
1,4,22,0.09943938255310059,0.8074339628219604,0.948905109489051,0.7647058823529411
1,4,23,0.09201373904943466,0.8436335921287537,0.9708029197080292,0.7647058823529411
1,4,24,0.07917185872793198,0.8924216032028198,0.9781021897810219,0.7647058823529411
1,4,25,0.06739182025194168,0.9567142724990845,0.9781021897810219,0.7352941176470589
1,4,26,0.059378527104854584,1.0332143306732178,0.9854014598540146,0.7647058823529411
1,4,27,0.052684981375932693,1.0908963680267334,0.9854014598540146,0.7647058823529411
1,4,28,0.04879804700613022,1.1011444330215454,0.9781021897810219,0.7647058823529411
1,4,29,0.05418109893798828,1.1320219039916992,0.9781021897810219,0.7647058823529411
1,4,30,0.05166546627879143,1.1885967254638672,0.9781021897810219,0.7647058823529411
1,4,31,0.03723796829581261,1.2354345321655273,0.9781021897810219,0.7647058823529411
1,4,32,0.031581200659275055,1.3613628149032593,0.9854014598540146,0.7647058823529411
1,4,33,0.029822101816534996,1.378003478050232,0.9854014598540146,0.7647058823529411
1,4,34,0.02679361216723919,1.3686245679855347,0.9854014598540146,0.7647058823529411
1,4,35,0.024284465238451958,1.36202871799469,0.9854014598540146,0.7941176470588235
1,4,36,0.023320049047470093,1.367095708847046,0.9854014598540146,0.7647058823529411
1,4,37,0.026040349155664444,1.3913410902023315,0.9781021897810219,0.7647058823529411
1,4,38,0.031249335035681725,1.445758581161499,0.9781021897810219,0.7647058823529411
1,4,39,0.02226891554892063,1.5069302320480347,0.9854014598540146,0.7647058823529411
1,4,40,0.018861791118979454,1.6463377475738525,0.9854014598540146,0.7647058823529411
1,4,41,0.018419841304421425,1.7233836650848389,0.9854014598540146,0.7647058823529411
1,4,42,0.017188280820846558,1.685954213142395,0.9854014598540146,0.7647058823529411
1,4,43,0.019061444327235222,1.6884735822677612,0.9854014598540146,0.7647058823529411
1,4,44,0.025393923744559288,1.7226033210754395,0.9781021897810219,0.7647058823529411
1,4,45,0.02969781495630741,1.7586404085159302,0.9781021897810219,0.7647058823529411
1,4,46,0.03289911150932312,1.7989219427108765,0.9781021897810219,0.7647058823529411
1,4,47,0.01976410299539566,1.8078092336654663,0.9781021897810219,0.7647058823529411
1,4,48,0.014433946460485458,1.9835408926010132,0.9854014598540146,0.7647058823529411
1,4,49,0.02647561766207218,2.238352060317993,0.9854014598540146,0.7647058823529411
1,4,50,0.013493726029992104,1.9398994445800781,0.9854014598540146,0.7647058823529411
1,4,51,0.014556876383721828,1.8370258808135986,0.9854014598540146,0.7647058823529411
1,4,52,0.028605317696928978,1.8019829988479614,0.9781021897810219,0.7647058823529411
1,4,53,0.032495032995939255,1.7617560625076294,0.9854014598540146,0.7647058823529411
1,4,54,0.027105696499347687,1.7927589416503906,0.9854014598540146,0.7647058823529411
1,4,55,0.01723271608352661,1.8251047134399414,0.9854014598540146,0.7647058823529411
1,4,56,0.011824889108538628,1.8590270280838013,0.9927007299270073,0.7647058823529411
1,4,57,0.012330211699008942,1.946860432624817,1.0,0.7647058823529411
1,4,58,0.01964331977069378,2.098362445831299,1.0,0.7647058823529411
1,4,59,0.016854463145136833,2.1298956871032715,1.0,0.7647058823529411
1,4,60,0.011476063169538975,2.0411946773529053,1.0,0.7647058823529411
1,4,61,0.010673345066606998,1.9967308044433594,1.0,0.7647058823529411
1,4,62,0.0104079470038414,4.460447311401367,1.0,0.7647058823529411
1,4,63,0.010755402967333794,4.4315185546875,1.0,0.7647058823529411
1,4,64,0.012700209394097328,4.411588668823242,1.0,0.7647058823529411
1,4,65,0.017191750928759575,4.388596534729004,0.9927007299270073,0.7647058823529411
1,4,66,0.013105977326631546,4.351572513580322,1.0,0.7647058823529411
1,4,67,0.009508389979600906,4.322840213775635,1.0,0.7647058823529411
1,4,68,0.009159533306956291,4.301351547241211,1.0,0.7647058823529411
1,4,69,0.009243806824088097,4.313122272491455,1.0,0.7941176470588235
1,4,70,0.01201975904405117,4.380174160003662,1.0,0.7647058823529411
1,4,71,0.012060817331075668,4.390601634979248,1.0,0.7647058823529411
1,4,72,0.009877760894596577,4.367159366607666,1.0,0.7647058823529411
1,4,73,0.00885289441794157,4.349703311920166,1.0,0.7647058823529411
1,4,74,0.00824533961713314,4.339479446411133,1.0,0.7647058823529411
1,4,75,0.007925676181912422,4.342457294464111,1.0,0.7647058823529411
1,4,76,0.007699673064053059,4.355600833892822,1.0,0.7647058823529411
1,4,77,0.007499496452510357,4.376515865325928,1.0,0.7647058823529411
1,4,78,0.007321711163967848,4.401548385620117,1.0,0.7647058823529411
1,4,79,0.007150896359235048,4.4265217781066895,1.0,0.7647058823529411
1,4,80,0.006987477652728558,4.45005989074707,1.0,0.7647058823529411
1,4,81,0.006832572631537914,4.471686363220215,1.0,0.7647058823529411
1,4,82,0.006666200235486031,4.493447303771973,1.0,0.7647058823529411
1,4,83,0.006505338940769434,4.515255451202393,1.0,0.7647058823529411
1,4,84,0.006349289324134588,4.539287090301514,1.0,0.7647058823529411
1,4,85,0.0061967214569449425,4.562351226806641,1.0,0.7647058823529411
1,4,86,0.006047307979315519,4.585131645202637,1.0,0.7647058823529411
1,4,87,0.005901432130485773,4.6072773933410645,1.0,0.7647058823529411
1,4,88,0.005761024542152882,4.628199100494385,1.0,0.7647058823529411
1,4,89,0.005624617915600538,4.648090839385986,1.0,0.7647058823529411
1,4,90,0.005491440184414387,4.6673994064331055,1.0,0.7647058823529411
1,4,91,0.005360618699342012,4.686917304992676,1.0,0.7647058823529411
1,4,92,0.005233536008745432,4.70674991607666,1.0,0.7647058823529411
1,4,93,0.005110443569719791,4.727207183837891,1.0,0.7647058823529411
1,4,94,0.004990007728338242,4.7472710609436035,1.0,0.7647058823529411
1,4,95,0.004873629659414291,4.766537189483643,1.0,0.7647058823529411
1,4,96,0.004759648349136114,4.7851176261901855,1.0,0.7647058823529411
1,4,97,0.004648346919566393,4.802023410797119,1.0,0.7647058823529411
1,4,98,0.0045405300334095955,4.818004131317139,1.0,0.7647058823529411
1,4,99,0.004435606300830841,4.833195209503174,1.0,0.7647058823529411
1,4,100,0.004332380369305611,4.847446918487549,1.0,0.7647058823529411
1,5,1,1.1425687074661255,2.21010422706604,0.7299270072992701,0.6470588235294118
1,5,2,0.5191106796264648,0.5261490941047668,0.7883211678832117,0.7647058823529411
1,5,3,0.8476521372795105,1.1423290967941284,0.5620437956204379,0.4411764705882353
1,5,4,0.46415916085243225,0.5093169808387756,0.8248175182481752,0.7941176470588235
1,5,5,0.4957939088344574,0.6495159864425659,0.781021897810219,0.7058823529411765
1,5,6,0.4797492027282715,0.6800522208213806,0.781021897810219,0.7058823529411765
1,5,7,0.40835726261138916,0.6053667664527893,0.8248175182481752,0.7941176470588235
1,5,8,0.3588692247867584,0.6073081493377686,0.8394160583941606,0.7941176470588235
1,5,9,0.33730190992355347,0.6655657291412354,0.8394160583941606,0.7647058823529411
1,5,10,0.32340705394744873,0.7307763695716858,0.8540145985401459,0.7352941176470589
1,5,11,0.2994864881038666,0.7686125040054321,0.8686131386861314,0.7352941176470589
1,5,12,0.26827698945999146,0.7906925082206726,0.8832116788321168,0.7352941176470589
1,5,13,0.2442212551832199,0.8268633484840393,0.8978102189781022,0.7352941176470589
1,5,14,0.22679513692855835,0.8800256252288818,0.9051094890510949,0.7352941176470589
1,5,15,0.2104702740907669,0.9470697045326233,0.9124087591240876,0.7352941176470589
1,5,16,0.1930176019668579,1.0244219303131104,0.9124087591240876,0.7352941176470589
1,5,17,0.17449867725372314,1.1074166297912598,0.9197080291970803,0.7352941176470589
1,5,18,0.15742497146129608,1.1970622539520264,0.9197080291970803,0.7352941176470589
1,5,19,0.14310333132743835,1.2904607057571411,0.9197080291970803,0.7352941176470589
1,5,20,0.12903286516666412,1.3956458568572998,0.948905109489051,0.7352941176470589
1,5,21,0.11438549309968948,1.516961693763733,0.9562043795620438,0.7352941176470589
1,5,22,0.10123573243618011,1.6483334302902222,0.9635036496350365,0.7352941176470589
1,5,23,0.08669567853212357,1.779355525970459,0.9781021897810219,0.7352941176470589
1,5,24,0.07227333635091782,1.9281209707260132,0.9781021897810219,0.7352941176470589
1,5,25,0.06103937327861786,2.0905563831329346,0.9854014598540146,0.7352941176470589
1,5,26,0.05485756695270538,2.2696123123168945,0.9854014598540146,0.7352941176470589
1,5,27,0.05184487998485565,2.4483642578125,0.9854014598540146,0.7352941176470589
1,5,28,0.04604121297597885,2.593580484390259,0.9927007299270073,0.7352941176470589
1,5,29,0.038928352296352386,2.714038372039795,0.9927007299270073,0.7352941176470589
1,5,30,0.03374091908335686,2.81097149848938,0.9927007299270073,0.7352941176470589
1,5,31,0.03166138008236885,5.340683937072754,0.9927007299270073,0.7352941176470589
1,5,32,0.031858768314123154,5.353620529174805,0.9927007299270073,0.7352941176470589
1,5,33,0.025367362424731255,5.513584613800049,0.9927007299270073,0.7352941176470589
1,5,34,0.023077042773365974,5.691864967346191,0.9927007299270073,0.7352941176470589
1,5,35,0.02198009006679058,5.871352672576904,0.9927007299270073,0.7352941176470589
1,5,36,0.021203741431236267,6.034502029418945,0.9927007299270073,0.7352941176470589
1,5,37,0.019749799743294716,6.144503593444824,0.9927007299270073,0.7352941176470589
1,5,38,0.017470363527536392,6.179446697235107,0.9927007299270073,0.7352941176470589
1,5,39,0.01574263535439968,6.173367023468018,0.9927007299270073,0.7352941176470589
1,5,40,0.014564544893801212,6.156663417816162,0.9927007299270073,0.7352941176470589
1,5,41,0.013795215636491776,6.13944673538208,0.9927007299270073,0.7352941176470589
1,5,42,0.013203450478613377,6.134196758270264,0.9927007299270073,0.7352941176470589
1,5,43,0.012679059989750385,6.141180992126465,0.9927007299270073,0.7352941176470589
1,5,44,0.012073228135704994,6.164034843444824,0.9927007299270073,0.7352941176470589
1,5,45,0.011341637931764126,6.208744049072266,0.9927007299270073,0.7352941176470589
1,5,46,0.01056710071861744,6.368165493011475,0.9927007299270073,0.7352941176470589
1,5,47,0.009957121685147285,6.5394134521484375,0.9927007299270073,0.7352941176470589
1,5,48,0.00949097890406847,6.701175689697266,0.9927007299270073,0.7352941176470589
1,5,49,0.009123388677835464,6.85300874710083,0.9927007299270073,0.7352941176470589
1,5,50,0.008806214667856693,6.992352485656738,0.9927007299270073,0.7352941176470589
1,5,51,0.008503517135977745,7.118041038513184,1.0,0.7352941176470589
1,5,52,0.008170070126652718,7.165125370025635,1.0,0.7352941176470589
1,5,53,0.007859282195568085,7.209865093231201,1.0,0.7352941176470589
1,5,54,0.0075475070625543594,7.24714469909668,1.0,0.7352941176470589
1,5,55,0.007246602792292833,7.278508186340332,1.0,0.7352941176470589
1,5,56,0.006979330442845821,7.306634902954102,1.0,0.7352941176470589
1,5,57,0.006737895309925079,7.330462455749512,1.0,0.7352941176470589
1,5,58,0.006524666678160429,7.358282566070557,1.0,0.7352941176470589
1,5,59,0.0063315872102975845,7.375307083129883,1.0,0.7352941176470589
1,5,60,0.006152643356472254,7.383725166320801,1.0,0.7352941176470589
1,5,61,0.0059816185384988785,7.441761016845703,1.0,0.7352941176470589
1,5,62,0.00581600284203887,7.500581741333008,1.0,0.7352941176470589
1,5,63,0.005659053102135658,7.5556864738464355,1.0,0.7352941176470589
1,5,64,0.005507133901119232,7.610428810119629,1.0,0.7352941176470589
1,5,65,0.0053563364781439304,7.670067310333252,1.0,0.7352941176470589
1,5,66,0.005216031800955534,7.727596759796143,1.0,0.7352941176470589
1,5,67,0.005087058059871197,7.781277656555176,1.0,0.7352941176470589
1,5,68,0.0049659134820103645,7.832415580749512,1.0,0.7352941176470589
1,5,69,0.004853449761867523,7.882601737976074,1.0,0.7352941176470589
1,5,70,0.004750003572553396,7.929405689239502,1.0,0.7352941176470589
1,5,71,0.004654283635318279,7.96759557723999,1.0,0.7352941176470589
1,5,72,0.004563482478260994,7.999294757843018,1.0,0.7352941176470589
1,5,73,0.00447662640362978,8.027729988098145,1.0,0.7352941176470589
1,5,74,0.00439308350905776,8.053223609924316,1.0,0.7352941176470589
1,5,75,0.004309519659727812,8.07101821899414,1.0,0.7352941176470589
1,5,76,0.00422759260982275,8.08551025390625,1.0,0.7352941176470589
1,5,77,0.0041476767510175705,8.098101615905762,1.0,0.7352941176470589
1,5,78,0.004070241469889879,8.105525016784668,1.0,0.7352941176470589
1,5,79,0.0039911214262247086,8.076017379760742,1.0,0.7352941176470589
1,5,80,0.003916971385478973,8.047304153442383,1.0,0.7352941176470589
1,5,81,0.0038459175266325474,8.021963119506836,1.0,0.7352941176470589
1,5,82,0.003777276026085019,8.000716209411621,1.0,0.7352941176470589
1,5,83,0.0037111530546098948,7.979834079742432,1.0,0.7352941176470589
1,5,84,0.0036468510515987873,7.96477746963501,1.0,0.7352941176470589
1,5,85,0.0035836610477417707,7.952280521392822,1.0,0.7352941176470589
1,5,86,0.0035217395052313805,7.94055700302124,1.0,0.7352941176470589
1,5,87,0.0034615423064678907,7.930789947509766,1.0,0.7352941176470589
1,5,88,0.003402063390240073,7.923002243041992,1.0,0.7352941176470589
1,5,89,0.00334368203766644,7.9168620109558105,1.0,0.7352941176470589
1,5,90,0.0032862271182239056,7.912543773651123,1.0,0.7352941176470589
1,5,91,0.00322927488014102,7.910332202911377,1.0,0.7058823529411765
1,5,92,0.003173145232722163,7.909518241882324,1.0,0.7058823529411765
1,5,93,0.0031179655343294144,7.909932613372803,1.0,0.7058823529411765
1,5,94,0.0030633897986263037,7.910789966583252,1.0,0.7058823529411765
1,5,95,0.003009180072695017,7.912049293518066,1.0,0.7058823529411765
1,5,96,0.0029556520748883486,7.914774417877197,1.0,0.7058823529411765
1,5,97,0.002902492182329297,7.918652534484863,1.0,0.7058823529411765
1,5,98,0.0028501630295068026,7.922619819641113,1.0,0.7058823529411765
1,5,99,0.0027984806802123785,7.927267551422119,1.0,0.7058823529411765
1,5,100,0.0027475894894450903,7.931692600250244,1.0,0.7058823529411765
2,1,1,1.3268946409225464,0.9988683462142944,0.7205882352941176,0.7428571428571429
2,1,2,0.5339556932449341,0.5901088118553162,0.7279411764705882,0.7428571428571429
2,1,3,0.8384254574775696,0.8854347467422485,0.6323529411764706,0.5142857142857142
2,1,4,0.4823761582374573,0.5823339819908142,0.8014705882352942,0.7142857142857143
2,1,5,0.5061224699020386,0.6321006417274475,0.7573529411764706,0.7142857142857143
2,1,6,0.5038018226623535,0.6912696957588196,0.7573529411764706,0.7142857142857143
2,1,7,0.4301631450653076,0.6856116056442261,0.7867647058823529,0.7142857142857143
2,1,8,0.3829898536205292,0.646863579750061,0.8088235294117647,0.7142857142857143
2,1,9,0.37629473209381104,0.6207422614097595,0.8161764705882353,0.7142857142857143
2,1,10,0.37786349654197693,0.6267477869987488,0.8529411764705882,0.7428571428571429
2,1,11,0.34768545627593994,0.6210826635360718,0.8676470588235294,0.7142857142857143
2,1,12,0.314878910779953,0.6300623416900635,0.8823529411764706,0.7142857142857143
2,1,13,0.29173895716667175,0.6540168523788452,0.8970588235294118,0.7142857142857143
2,1,14,0.2728876769542694,0.6753966212272644,0.9117647058823529,0.7142857142857143
2,1,15,0.25506556034088135,0.6887690424919128,0.9191176470588235,0.7142857142857143
2,1,16,0.23497405648231506,0.6856092214584351,0.9191176470588235,0.7428571428571429
2,1,17,0.2129102200269699,0.6669649481773376,0.9191176470588235,0.7428571428571429
2,1,18,0.19380922615528107,0.6522849202156067,0.9264705882352942,0.7428571428571429
2,1,19,0.17909428477287292,0.6474319696426392,0.9485294117647058,0.7428571428571429
2,1,20,0.1645948737859726,0.6634451150894165,0.9558823529411765,0.7428571428571429
2,1,21,0.14561794698238373,0.7001818418502808,0.9558823529411765,0.7428571428571429
2,1,22,0.1280389428138733,0.7553976774215698,0.9705882352941176,0.7428571428571429
2,1,23,0.11460348963737488,0.81612229347229,0.9779411764705882,0.7428571428571429
2,1,24,0.10169625282287598,0.8565757870674133,0.9779411764705882,0.7428571428571429
2,1,25,0.09260052442550659,0.8788118362426758,0.9779411764705882,0.7142857142857143
2,1,26,0.08363009989261627,0.926027238368988,0.9779411764705882,0.7428571428571429
2,1,27,0.06997484713792801,0.9941644072532654,0.9779411764705882,0.7428571428571429
2,1,28,0.06075692176818848,1.0823642015457153,0.9852941176470589,0.7142857142857143
2,1,29,0.059512656182050705,1.1438618898391724,0.9926470588235294,0.7142857142857143
2,1,30,0.048095498234033585,1.1436645984649658,0.9926470588235294,0.7142857142857143
2,1,31,0.04669078066945076,1.1563341617584229,0.9852941176470589,0.7428571428571429
2,1,32,0.04179772362112999,1.2287043333053589,0.9926470588235294,0.7428571428571429
2,1,33,0.03547494858503342,1.3606305122375488,0.9926470588235294,0.7142857142857143
2,1,34,0.029922878369688988,1.5467162132263184,1.0,0.7142857142857143
2,1,35,0.02540685422718525,1.6174631118774414,1.0,0.7142857142857143
2,1,36,0.021424273028969765,1.6513515710830688,1.0,0.7142857142857143
2,1,37,0.01889546401798725,1.6460076570510864,1.0,0.7142857142857143
2,1,38,0.01663128100335598,1.6649935245513916,1.0,0.7142857142857143
2,1,39,0.015067579224705696,1.6802732944488525,1.0,0.7142857142857143
2,1,40,0.01311440672725439,1.7855945825576782,1.0,0.7142857142857143
2,1,41,0.01175391860306263,1.878331184387207,1.0,0.7142857142857143
2,1,42,0.010679518803954124,1.9662898778915405,1.0,0.7142857142857143
2,1,43,0.009602510370314121,2.0251595973968506,1.0,0.7142857142857143
2,1,44,0.00912630744278431,1.9796884059906006,1.0,0.7142857142857143
2,1,45,0.014024783857166767,1.972785472869873,0.9926470588235294,0.7428571428571429
2,1,46,0.013851433992385864,2.0261728763580322,0.9926470588235294,0.7428571428571429
2,1,47,0.011975486762821674,2.083343982696533,0.9926470588235294,0.7142857142857143
2,1,48,0.005863799713551998,2.2338051795959473,1.0,0.7142857142857143
2,1,49,0.00526931369677186,2.404222249984741,1.0,0.7142857142857143
2,1,50,0.004975382704287767,2.5682640075683594,1.0,0.7142857142857143
2,1,51,0.0043764179572463036,2.407585620880127,1.0,0.7142857142857143
2,1,52,0.0077730645425617695,2.2756099700927734,1.0,0.7428571428571429
2,1,53,0.02899925969541073,2.2943873405456543,0.9926470588235294,0.7142857142857143
2,1,54,0.00707967858761549,2.325646162033081,1.0,0.7142857142857143
2,1,55,0.0033757647033780813,2.3826701641082764,1.0,0.7428571428571429
2,1,56,0.0030952596571296453,2.4968760013580322,1.0,0.7142857142857143
2,1,57,0.0029258879367262125,2.6531431674957275,1.0,0.7142857142857143
2,1,58,0.0030600286554545164,2.8007354736328125,1.0,0.7142857142857143
2,1,59,0.0044936505146324635,2.905046224594116,1.0,0.7142857142857143
2,1,60,0.003280750010162592,2.8832004070281982,1.0,0.7142857142857143
2,1,61,0.0021402090787887573,2.681682825088501,1.0,0.7142857142857143
2,1,62,0.002093329094350338,2.5374739170074463,1.0,0.7428571428571429
2,1,63,0.01285917405039072,2.4811463356018066,0.9926470588235294,0.7428571428571429
2,1,64,0.017024943605065346,2.4745662212371826,0.9926470588235294,0.7428571428571429
2,1,65,0.0022039583418518305,2.5037219524383545,1.0,0.7428571428571429
2,1,66,0.0016157079953700304,2.598388671875,1.0,0.7142857142857143
2,1,67,0.0015402073040604591,2.7194907665252686,1.0,0.7142857142857143
2,1,68,0.0016006352379918098,2.823875665664673,1.0,0.7142857142857143
2,1,69,0.004579597152769566,2.920670986175537,1.0,0.7142857142857143
2,1,70,0.001684781746007502,2.8630118370056152,1.0,0.7142857142857143
2,1,71,0.0012704357504844666,2.771068811416626,1.0,0.7142857142857143
2,1,72,0.0011955914087593555,2.687534809112549,1.0,0.7142857142857143
2,1,73,0.0011402370873838663,2.6240384578704834,1.0,0.7142857142857143
2,1,74,0.0010944425594061613,2.595069408416748,1.0,0.7428571428571429
2,1,75,0.0010749332141131163,2.583352565765381,1.0,0.7428571428571429
2,1,76,0.0011634690454229712,2.5823280811309814,1.0,0.7428571428571429
2,1,77,0.0010159916710108519,2.5966603755950928,1.0,0.7428571428571429
2,1,78,0.0009460815344937146,2.6132700443267822,1.0,0.7428571428571429
2,1,79,0.0009019854478538036,2.630876064300537,1.0,0.7428571428571429
2,1,80,0.0008654718403704464,2.656475305557251,1.0,0.7428571428571429
2,1,81,0.0008324249647557735,2.6795506477355957,1.0,0.7428571428571429
2,1,82,0.0008014249033294618,2.7010514736175537,1.0,0.7428571428571429
2,1,83,0.0007733851671218872,2.7209105491638184,1.0,0.7428571428571429
2,1,84,0.0007467986433766782,2.7394213676452637,1.0,0.7142857142857143
2,1,85,0.0007223174325190485,2.7556300163269043,1.0,0.7142857142857143
2,1,86,0.0007003855425864458,2.7722411155700684,1.0,0.7142857142857143
2,1,87,0.0006799936527386308,2.788952112197876,1.0,0.7142857142857143
2,1,88,0.0006606848328374326,2.8046979904174805,1.0,0.7142857142857143
2,1,89,0.0006420144345611334,2.8217830657958984,1.0,0.7142857142857143
2,1,90,0.0006244911928661168,2.8382718563079834,1.0,0.7142857142857143
2,1,91,0.0006057986756786704,2.8404183387756348,1.0,0.7142857142857143
2,1,92,0.0005880908574908972,2.842376947402954,1.0,0.7142857142857143
2,1,93,0.0005714694852940738,2.843837022781372,1.0,0.7142857142857143
2,1,94,0.0005555788520723581,2.8459579944610596,1.0,0.7142857142857143
2,1,95,0.0005397811182774603,2.838437080383301,1.0,0.7142857142857143
2,1,96,0.0005252312985248864,2.8314177989959717,1.0,0.7142857142857143
2,1,97,0.0005115315434522927,2.826073169708252,1.0,0.7142857142857143
2,1,98,0.0004981526872143149,2.8243470191955566,1.0,0.7428571428571429
2,1,99,0.0004854248254559934,2.8238794803619385,1.0,0.7428571428571429
2,1,100,0.0004729430365841836,2.824582815170288,1.0,0.7428571428571429
2,2,1,1.1478126049041748,1.3693480491638184,0.7226277372262774,0.7352941176470589
2,2,2,0.5507146716117859,0.5555142164230347,0.7226277372262774,0.7352941176470589
2,2,3,0.8730540871620178,0.9871060848236084,0.5693430656934306,0.4117647058823529
2,2,4,0.514083981513977,0.5214986801147461,0.781021897810219,0.7647058823529411
2,2,5,0.514698326587677,0.588361382484436,0.7518248175182481,0.7352941176470589
2,2,6,0.5099824070930481,0.6374786496162415,0.7518248175182481,0.7352941176470589
2,2,7,0.451924204826355,0.5954310297966003,0.7664233576642335,0.7352941176470589
2,2,8,0.40072113275527954,0.545595109462738,0.7956204379562044,0.7647058823529411
2,2,9,0.3746154010295868,0.5220180153846741,0.8102189781021898,0.7941176470588235
2,2,10,0.36422720551490784,0.526240348815918,0.8248175182481752,0.7647058823529411
2,2,11,0.345505028963089,0.5222722291946411,0.8540145985401459,0.7058823529411765
2,2,12,0.31910794973373413,0.5151627659797668,0.8978102189781022,0.7647058823529411
2,2,13,0.2941114902496338,0.5186395645141602,0.8978102189781022,0.7647058823529411
2,2,14,0.2731509208679199,0.5371842384338379,0.8978102189781022,0.7647058823529411
2,2,15,0.25539764761924744,0.5694221258163452,0.8978102189781022,0.7352941176470589
2,2,16,0.23632261157035828,0.5937818884849548,0.8978102189781022,0.7352941176470589
2,2,17,0.21468840539455414,0.6066056489944458,0.8978102189781022,0.7352941176470589
2,2,18,0.1945771872997284,0.616564154624939,0.9124087591240876,0.7647058823529411
2,2,19,0.17679210007190704,0.6300866603851318,0.9343065693430657,0.7941176470588235
2,2,20,0.16133512556552887,0.6508879065513611,0.948905109489051,0.7941176470588235
2,2,21,0.14717571437358856,0.6898970007896423,0.948905109489051,0.7941176470588235
2,2,22,0.13341307640075684,0.7503620386123657,0.948905109489051,0.7647058823529411
2,2,23,0.12520185112953186,0.8305185437202454,0.9562043795620438,0.7647058823529411
2,2,24,0.11083349585533142,0.8792754411697388,0.9635036496350365,0.7647058823529411
2,2,25,0.09913906455039978,0.9086938500404358,0.9635036496350365,0.7941176470588235
2,2,26,0.10044165700674057,0.9503742456436157,0.9635036496350365,0.7941176470588235
2,2,27,0.09748160094022751,1.0271300077438354,0.9635036496350365,0.7941176470588235
2,2,28,0.0816391184926033,1.129485845565796,0.9635036496350365,0.7941176470588235
2,2,29,0.06711047142744064,1.2554839849472046,0.9635036496350365,0.7941176470588235
2,2,30,0.061735451221466064,1.3744544982910156,0.9708029197080292,0.7647058823529411
2,2,31,0.062426693737506866,1.4685660600662231,0.9708029197080292,0.7647058823529411
2,2,32,0.0509280189871788,1.4742953777313232,0.9781021897810219,0.7647058823529411
2,2,33,0.047822412103414536,1.4642630815505981,0.9708029197080292,0.7941176470588235
2,2,34,0.04758768528699875,1.5001522302627563,0.9708029197080292,0.7941176470588235
2,2,35,0.04514740779995918,1.55391263961792,0.9781021897810219,0.7941176470588235
2,2,36,0.037992238998413086,1.633473515510559,0.9781021897810219,0.7941176470588235
2,2,37,0.03226190432906151,1.7425581216812134,0.9854014598540146,0.7941176470588235
2,2,38,0.030468832701444626,1.8521450757980347,0.9854014598540146,0.7647058823529411
2,2,39,0.02933960221707821,1.95292329788208,0.9854014598540146,0.7647058823529411
2,2,40,0.02543921023607254,1.9778707027435303,0.9854014598540146,0.7941176470588235
2,2,41,0.02444019354879856,2.004385232925415,0.9927007299270073,0.7941176470588235
2,2,42,0.024866024032235146,2.0339105129241943,0.9927007299270073,0.7941176470588235
2,2,43,0.022689595818519592,2.0810389518737793,0.9927007299270073,0.7941176470588235
2,2,44,0.019735289737582207,2.134244203567505,0.9927007299270073,0.7941176470588235
2,2,45,0.01770174317061901,2.1936488151550293,0.9927007299270073,0.7941176470588235
2,2,46,0.016601843759417534,2.242983341217041,0.9927007299270073,0.7941176470588235
2,2,47,0.01563345454633236,2.2823565006256104,0.9927007299270073,0.7941176470588235
2,2,48,0.014730303548276424,2.323880910873413,0.9927007299270073,0.7941176470588235
2,2,49,0.014671728014945984,2.34134578704834,0.9927007299270073,0.7941176470588235
2,2,50,0.01469731330871582,2.372796058654785,0.9927007299270073,0.7941176470588235
2,2,51,0.014920951798558235,2.405081033706665,0.9927007299270073,0.7941176470588235
2,2,52,0.012958651408553123,2.45296311378479,0.9927007299270073,0.7941176470588235
2,2,53,0.011676688678562641,2.5041911602020264,0.9927007299270073,0.7941176470588235
2,2,54,0.010908485390245914,2.559225082397461,0.9927007299270073,0.7941176470588235
2,2,55,0.010435155592858791,2.609471082687378,0.9927007299270073,0.7941176470588235
2,2,56,0.01005092728883028,2.6581482887268066,1.0,0.7941176470588235
2,2,57,0.009790333919227123,2.7064740657806396,1.0,0.7647058823529411
2,2,58,0.009586424566805363,2.7435219287872314,1.0,0.7647058823529411
2,2,59,0.009442666545510292,2.7774531841278076,1.0,0.7647058823529411
2,2,60,0.008597489446401596,2.7519876956939697,1.0,0.7941176470588235
2,2,61,0.008258023299276829,2.739213705062866,1.0,0.7941176470588235
2,2,62,0.00801676232367754,2.735996723175049,1.0,0.7941176470588235
2,2,63,0.007810403127223253,2.738323926925659,1.0,0.7941176470588235
2,2,64,0.007807108573615551,2.742811918258667,1.0,0.7941176470588235
2,2,65,0.007885313592851162,2.7544119358062744,1.0,0.7941176470588235
2,2,66,0.008089090697467327,2.7713255882263184,1.0,0.7941176470588235
2,2,67,0.0068857017904520035,2.8214666843414307,1.0,0.7941176470588235
2,2,68,0.006558877881616354,2.8689639568328857,1.0,0.7941176470588235
2,2,69,0.006365217734128237,2.9127039909362793,1.0,0.7941176470588235
2,2,70,0.006207537371665239,2.954286813735962,1.0,0.7941176470588235
2,2,71,0.0060719652101397514,2.9961183071136475,1.0,0.7941176470588235
2,2,72,0.005957076326012611,3.038301706314087,1.0,0.7941176470588235
2,2,73,0.005877289455384016,3.0819101333618164,1.0,0.7941176470588235
2,2,74,0.0057818107306957245,3.1178953647613525,1.0,0.7647058823529411
2,2,75,0.0055665927939116955,3.1161701679229736,1.0,0.7941176470588235
2,2,76,0.005404098425060511,3.1208555698394775,1.0,0.7941176470588235
2,2,77,0.005261815618723631,3.1243200302124023,1.0,0.7941176470588235
2,2,78,0.0051320018246769905,3.129981279373169,1.0,0.7941176470588235
2,2,79,0.005013958550989628,3.140920400619507,1.0,0.7941176470588235
2,2,80,0.004903849679976702,3.1493821144104004,1.0,0.7941176470588235
2,2,81,0.0047996495850384235,3.1536314487457275,1.0,0.7941176470588235
2,2,82,0.004700385499745607,3.1657302379608154,1.0,0.7941176470588235
2,2,83,0.004605382215231657,3.171706199645996,1.0,0.7941176470588235
2,2,84,0.0045137288980185986,3.1860837936401367,1.0,0.7941176470588235
2,2,85,0.004425838589668274,3.1926770210266113,1.0,0.7941176470588235
2,2,86,0.004340415354818106,3.199284791946411,1.0,0.7941176470588235
2,2,87,0.004257226828485727,3.218109130859375,1.0,0.7941176470588235
2,2,88,0.0041770050302147865,3.2251968383789062,1.0,0.7941176470588235
2,2,89,0.004098709672689438,3.2337560653686523,1.0,0.7941176470588235
2,2,90,0.004021781031042337,3.242486000061035,1.0,0.7941176470588235
2,2,91,0.003947429824620485,3.2520201206207275,1.0,0.7941176470588235
2,2,92,0.003872135654091835,3.264514684677124,1.0,0.7941176470588235
2,2,93,0.003793872194364667,3.3158769607543945,1.0,0.7941176470588235
2,2,94,0.0037212250754237175,3.344583034515381,1.0,0.7941176470588235
2,2,95,0.003651473205536604,3.3714964389801025,1.0,0.7941176470588235
2,2,96,0.0035840729251503944,3.3968982696533203,1.0,0.7941176470588235
2,2,97,0.0035183660220354795,3.420722484588623,1.0,0.7941176470588235
2,2,98,0.003453967859968543,3.442880153656006,1.0,0.7941176470588235
2,2,99,0.003391350619494915,3.464358329772949,1.0,0.7941176470588235
2,2,100,0.0033298274502158165,3.4847936630249023,1.0,0.7941176470588235
2,3,1,1.4897422790527344,0.9175377488136292,0.7226277372262774,0.7352941176470589
2,3,2,0.5756403207778931,0.4687575101852417,0.7226277372262774,0.7352941176470589
2,3,3,0.9352241158485413,0.9816192388534546,0.5547445255474452,0.4117647058823529
2,3,4,0.5448688864707947,0.6020228266716003,0.7372262773722628,0.7058823529411765
2,3,5,0.5062174797058105,0.45311427116394043,0.7445255474452555,0.7647058823529411
2,3,6,0.524002194404602,0.45349928736686707,0.7518248175182481,0.7647058823529411
2,3,7,0.48062896728515625,0.44614261388778687,0.7591240875912408,0.7647058823529411
2,3,8,0.42091861367225647,0.4529717266559601,0.7956204379562044,0.7647058823529411
2,3,9,0.38218510150909424,0.48585060238838196,0.8029197080291971,0.7647058823529411
2,3,10,0.36903223395347595,0.5248525142669678,0.8102189781021898,0.7647058823529411
2,3,11,0.35685279965400696,0.5445203185081482,0.8321167883211679,0.7352941176470589
2,3,12,0.3247789442539215,0.5217717289924622,0.8467153284671532,0.7647058823529411
2,3,13,0.2984057068824768,0.49507808685302734,0.8759124087591241,0.7647058823529411
2,3,14,0.2807330787181854,0.48569801449775696,0.8905109489051095,0.7941176470588235
2,3,15,0.26143357157707214,0.5005486607551575,0.8978102189781022,0.7941176470588235
2,3,16,0.23823826014995575,0.5289196968078613,0.8978102189781022,0.7941176470588235
2,3,17,0.2114943265914917,0.5727803111076355,0.9197080291970803,0.7941176470588235
2,3,18,0.1887640506029129,0.6320531368255615,0.9416058394160584,0.7941176470588235
2,3,19,0.17570216953754425,0.7021635174751282,0.9343065693430657,0.7941176470588235
2,3,20,0.15848465263843536,0.7416225671768188,0.9416058394160584,0.7647058823529411
2,3,21,0.13344797492027283,0.7335902452468872,0.9635036496350365,0.7941176470588235
2,3,22,0.11882320791482925,0.7369399070739746,0.9635036496350365,0.7941176470588235
2,3,23,0.10489577054977417,0.7589810490608215,0.9635036496350365,0.7941176470588235
2,3,24,0.09203770011663437,0.786700427532196,0.9781021897810219,0.7941176470588235
2,3,25,0.07922782003879547,0.8387014269828796,0.9781021897810219,0.7941176470588235
2,3,26,0.07050137221813202,0.917678713798523,0.9854014598540146,0.7647058823529411
2,3,27,0.0631251111626625,0.980200469493866,0.9854014598540146,0.7647058823529411
2,3,28,0.05267178639769554,1.0084848403930664,0.9854014598540146,0.7647058823529411
2,3,29,0.04813478887081146,1.0625468492507935,0.9854014598540146,0.7647058823529411
2,3,30,0.04208002984523773,1.1060088872909546,0.9854014598540146,0.7647058823529411
2,3,31,0.03714870288968086,1.147186040878296,0.9854014598540146,0.7352941176470589
2,3,32,0.03408269211649895,1.1783161163330078,0.9854014598540146,0.7352941176470589
2,3,33,0.031265635043382645,1.1908255815505981,0.9854014598540146,0.7352941176470589
2,3,34,0.029008056968450546,1.210303783416748,0.9854014598540146,0.7352941176470589
2,3,35,0.027353452518582344,1.2624735832214355,0.9854014598540146,0.7352941176470589
2,3,36,0.025067411363124847,1.3506711721420288,0.9854014598540146,0.7352941176470589
2,3,37,0.02363373339176178,3.8545968532562256,0.9854014598540146,0.7352941176470589
2,3,38,0.0226366575807333,3.889371156692505,0.9854014598540146,0.7352941176470589
2,3,39,0.021148592233657837,3.920457363128662,0.9854014598540146,0.7352941176470589
2,3,40,0.019901109859347343,3.9472157955169678,0.9854014598540146,0.7352941176470589
2,3,41,0.01899237371981144,3.976256847381592,0.9854014598540146,0.7352941176470589
2,3,42,0.018417229875922203,3.997941017150879,0.9854014598540146,0.7352941176470589
2,3,43,0.017335915938019753,3.9975945949554443,0.9854014598540146,0.7352941176470589
2,3,44,0.016464246436953545,3.993959426879883,0.9854014598540146,0.7352941176470589
2,3,45,0.015746233984827995,3.9898250102996826,0.9854014598540146,0.7352941176470589
2,3,46,0.015126426704227924,3.988682985305786,0.9854014598540146,0.7058823529411765
2,3,47,0.014535075053572655,3.9943268299102783,0.9854014598540146,0.7058823529411765
2,3,48,0.013942825607955456,4.005583763122559,0.9854014598540146,0.7058823529411765
2,3,49,0.013355591334402561,4.022740840911865,0.9854014598540146,0.7058823529411765
2,3,50,0.012779123149812222,4.0433349609375,0.9927007299270073,0.7058823529411765
2,3,51,0.012213006615638733,4.0658464431762695,0.9927007299270073,0.7058823529411765
2,3,52,0.011675495654344559,4.090975761413574,1.0,0.7352941176470589
2,3,53,0.011171529069542885,4.119267463684082,1.0,0.7352941176470589
2,3,54,0.01071475725620985,4.146481037139893,1.0,0.7352941176470589
2,3,55,0.010304528288543224,4.171600341796875,1.0,0.7352941176470589
2,3,56,0.00992479920387268,4.19028377532959,1.0,0.7352941176470589
2,3,57,0.00958158727735281,4.206566333770752,1.0,0.7352941176470589
2,3,58,0.009270655922591686,4.225015640258789,1.0,0.7352941176470589
2,3,59,0.008993878029286861,4.249420166015625,1.0,0.7352941176470589
2,3,60,0.008735423907637596,4.270344257354736,1.0,0.7352941176470589
2,3,61,0.008488094434142113,4.287405014038086,1.0,0.7352941176470589
2,3,62,0.008250038139522076,4.301904201507568,1.0,0.7352941176470589
2,3,63,0.008027483709156513,4.31242036819458,1.0,0.7352941176470589
2,3,64,0.007817013189196587,4.318750381469727,1.0,0.7352941176470589
2,3,65,0.007598831783980131,4.307026386260986,1.0,0.7352941176470589
2,3,66,0.007345874793827534,4.254528522491455,1.0,0.7352941176470589
2,3,67,0.007155821193009615,4.244460582733154,1.0,0.7058823529411765
2,3,68,0.007454104721546173,4.5060014724731445,1.0,0.6764705882352942
2,3,69,0.006806075107306242,4.278515338897705,1.0,0.6764705882352942
2,3,70,0.006619734689593315,4.213413715362549,1.0,0.7352941176470589
2,3,71,0.006453522015362978,4.226451396942139,1.0,0.7352941176470589
2,3,72,0.006297375075519085,4.244508266448975,1.0,0.7647058823529411
2,3,73,0.006156016606837511,4.265095233917236,1.0,0.7647058823529411
2,3,74,0.005997681524604559,4.2535552978515625,1.0,0.7647058823529411
2,3,75,0.005849601700901985,4.243232250213623,1.0,0.7647058823529411
2,3,76,0.005707405507564545,4.235163688659668,1.0,0.7647058823529411
2,3,77,0.005571374669671059,4.229697227478027,1.0,0.7647058823529411
2,3,78,0.005437852814793587,4.222079753875732,1.0,0.7647058823529411
2,3,79,0.005310193635523319,4.22988224029541,1.0,0.7647058823529411
2,3,80,0.0051879603415727615,4.27783203125,1.0,0.7352941176470589
2,3,81,0.005075447726994753,4.345319747924805,1.0,0.7352941176470589
2,3,82,0.004980634432286024,4.413140773773193,1.0,0.7352941176470589
2,3,83,0.004925427492707968,4.471348762512207,1.0,0.7058823529411765
2,3,84,0.004799372982233763,4.477062702178955,1.0,0.7352941176470589
2,3,85,0.004687526263296604,4.484422206878662,1.0,0.7352941176470589
2,3,86,0.004562834743410349,4.485006809234619,1.0,0.7352941176470589
2,3,87,0.004448692314326763,4.485952854156494,1.0,0.7352941176470589
2,3,88,0.004344431683421135,4.488656520843506,1.0,0.7352941176470589
2,3,89,0.004244107287377119,4.483514308929443,1.0,0.7352941176470589
2,3,90,0.004151175729930401,4.476648807525635,1.0,0.7352941176470589
2,3,91,0.004060512874275446,4.468718528747559,1.0,0.7352941176470589
2,3,92,0.003977206069976091,4.371753692626953,1.0,0.7647058823529411
2,3,93,0.003913175314664841,4.39211893081665,1.0,0.7647058823529411
2,3,94,0.003943107556551695,4.414056301116943,1.0,0.7647058823529411
2,3,95,0.004438982345163822,4.431058406829834,1.0,0.7647058823529411
2,3,96,0.006003408692777157,4.445474147796631,1.0,0.7647058823529411
2,3,97,0.007566023152321577,4.451992988586426,1.0,0.7647058823529411
2,3,98,0.0035201727878302336,4.420224666595459,1.0,0.7647058823529411
2,3,99,0.0034117442555725574,4.391755104064941,1.0,0.7647058823529411
2,3,100,0.003338474780321121,4.368283748626709,1.0,0.7647058823529411
2,4,1,1.0613205432891846,1.0618194341659546,0.7226277372262774,0.7352941176470589
2,4,2,0.5137072205543518,0.5715785622596741,0.7518248175182481,0.7352941176470589
2,4,3,0.845274031162262,0.9377205967903137,0.6204379562043796,0.7058823529411765
2,4,4,0.47220009565353394,0.5352208614349365,0.7956204379562044,0.8235294117647058
2,4,5,0.5182358026504517,0.5812659859657288,0.7445255474452555,0.7941176470588235
2,4,6,0.5166680216789246,0.5891761183738708,0.7518248175182481,0.7941176470588235
2,4,7,0.46173012256622314,0.5459080338478088,0.7737226277372263,0.7941176470588235
2,4,8,0.41340118646621704,0.49920710921287537,0.8029197080291971,0.8235294117647058
2,4,9,0.38609448075294495,0.482503205537796,0.8102189781021898,0.8235294117647058
2,4,10,0.3754867613315582,0.5108370780944824,0.8321167883211679,0.7647058823529411
2,4,11,0.3644508719444275,0.5285148620605469,0.8613138686131386,0.7058823529411765
2,4,12,0.34085896611213684,0.5071468949317932,0.8759124087591241,0.7352941176470589
2,4,13,0.3142335116863251,0.4749000370502472,0.8832116788321168,0.7647058823529411
2,4,14,0.2920924127101898,0.47341862320899963,0.8832116788321168,0.7941176470588235
2,4,15,0.27585986256599426,0.49504730105400085,0.8905109489051095,0.7941176470588235
2,4,16,0.25757938623428345,0.5059522986412048,0.8905109489051095,0.7941176470588235
2,4,17,0.23664560914039612,0.5019439458847046,0.8978102189781022,0.7941176470588235
2,4,18,0.22008390724658966,0.4954211413860321,0.9197080291970803,0.7647058823529411
2,4,19,0.20478548109531403,0.4964464008808136,0.9343065693430657,0.7647058823529411
2,4,20,0.186904177069664,0.5022960901260376,0.9343065693430657,0.7941176470588235
2,4,21,0.16744278371334076,0.5195605158805847,0.9416058394160584,0.7941176470588235
2,4,22,0.15297943353652954,0.5401517748832703,0.9562043795620438,0.7941176470588235
2,4,23,0.1382843554019928,0.5512159466743469,0.9562043795620438,0.7941176470588235
2,4,24,0.12192168086767197,0.5473476648330688,0.9562043795620438,0.7941176470588235
2,4,25,0.10925355553627014,0.5535895228385925,0.9635036496350365,0.7941176470588235
2,4,26,0.09712342917919159,0.5723134279251099,0.9635036496350365,0.7647058823529411
2,4,27,0.08751223236322403,0.633475124835968,0.9635036496350365,0.7647058823529411
2,4,28,0.0809086486697197,0.6701562404632568,0.9562043795620438,0.7647058823529411
2,4,29,0.07014644891023636,0.6236979961395264,0.9854014598540146,0.7941176470588235
2,4,30,0.07287618517875671,0.624442458152771,0.9781021897810219,0.8235294117647058
2,4,31,0.06644736230373383,0.6428889632225037,0.9781021897810219,0.8235294117647058
2,4,32,0.053976479917764664,0.7431071996688843,0.9708029197080292,0.7941176470588235
2,4,33,0.05816132575273514,0.8519797921180725,0.9708029197080292,0.8235294117647058
2,4,34,0.055846862494945526,0.9154394865036011,0.9708029197080292,0.8235294117647058
2,4,35,0.04217346012592316,0.9237897992134094,0.9708029197080292,0.7941176470588235
2,4,36,0.03198682516813278,0.8877788186073303,0.9854014598540146,0.7941176470588235
2,4,37,0.03160345181822777,0.899617612361908,0.9854014598540146,0.7941176470588235
2,4,38,0.032538607716560364,0.9443307518959045,0.9927007299270073,0.7647058823529411
2,4,39,0.030804185196757317,1.0301467180252075,0.9854014598540146,0.7941176470588235
2,4,40,0.02748716063797474,1.0857810974121094,0.9927007299270073,0.8235294117647058
2,4,41,0.022391822189092636,1.0973896980285645,0.9927007299270073,0.8235294117647058
2,4,42,0.021357079967856407,1.120152235031128,0.9927007299270073,0.8235294117647058
2,4,43,0.020259281620383263,1.1317329406738281,0.9927007299270073,0.8235294117647058
2,4,44,0.020811719819903374,1.1535557508468628,0.9927007299270073,0.8235294117647058
2,4,45,0.018187079578638077,1.2000457048416138,0.9927007299270073,0.8235294117647058
2,4,46,0.016341745853424072,1.2259209156036377,0.9927007299270073,0.8235294117647058
2,4,47,0.014826708473265171,1.2326431274414062,0.9927007299270073,0.8235294117647058
2,4,48,0.01391065213829279,1.2307251691818237,0.9927007299270073,0.8235294117647058
2,4,49,0.013291789218783379,1.230668067932129,0.9927007299270073,0.8235294117647058
2,4,50,0.012803836725652218,1.2416415214538574,0.9927007299270073,0.8235294117647058
2,4,51,0.01238487008959055,1.260710597038269,0.9927007299270073,0.8235294117647058
2,4,52,0.011899265460669994,1.2898743152618408,0.9927007299270073,0.8235294117647058
2,4,53,0.011434845626354218,1.3272783756256104,0.9927007299270073,0.8235294117647058
2,4,54,0.0110025554895401,1.364567756652832,0.9927007299270073,0.8235294117647058
2,4,55,0.010556776076555252,1.4032196998596191,0.9927007299270073,0.8235294117647058
2,4,56,0.010157458484172821,1.4460469484329224,0.9927007299270073,0.8235294117647058
2,4,57,0.009818315505981445,1.486384630203247,0.9927007299270073,0.8235294117647058
2,4,58,0.009520948864519596,1.4828531742095947,0.9927007299270073,0.8235294117647058
2,4,59,0.009244011715054512,1.4808900356292725,0.9927007299270073,0.8235294117647058
2,4,60,0.008948929607868195,1.5438252687454224,0.9927007299270073,0.8235294117647058
2,4,61,0.008701023645699024,1.6015998125076294,0.9927007299270073,0.8235294117647058
2,4,62,0.00867355428636074,1.663737416267395,0.9927007299270073,0.8235294117647058
2,4,63,0.009676989167928696,1.7387354373931885,1.0,0.7941176470588235
2,4,64,0.00796360895037651,1.6191599369049072,1.0,0.7941176470588235
2,4,65,0.00773059343919158,1.5544586181640625,1.0,0.7941176470588235
2,4,66,0.007545803673565388,1.4999021291732788,1.0,0.7941176470588235
2,4,67,0.00809844397008419,1.452757716178894,1.0,0.7941176470588235
2,4,68,0.0157498586922884,1.4179909229278564,0.9927007299270073,0.7647058823529411
2,4,69,0.015342756174504757,1.4212346076965332,0.9927007299270073,0.7647058823529411
2,4,70,0.015020175836980343,1.4255034923553467,0.9927007299270073,0.7647058823529411
2,4,71,0.00774952070787549,1.463584542274475,1.0,0.7647058823529411
2,4,72,0.006503425072878599,1.504475712776184,1.0,0.7647058823529411
2,4,73,0.006229886785149574,1.5438950061798096,1.0,0.7647058823529411
2,4,74,0.006058693863451481,1.5829802751541138,1.0,0.7647058823529411
2,4,75,0.005907042883336544,1.618284821510315,1.0,0.7647058823529411
2,4,76,0.0057624876499176025,1.6488035917282104,1.0,0.7647058823529411
2,4,77,0.0056232730858027935,1.677489161491394,1.0,0.7647058823529411
2,4,78,0.005488292314112186,1.7036949396133423,1.0,0.7647058823529411
2,4,79,0.005358472000807524,1.7280850410461426,1.0,0.7647058823529411
2,4,80,0.005233492236584425,1.7494555711746216,1.0,0.7647058823529411
2,4,81,0.005112134385854006,1.7674028873443604,1.0,0.7647058823529411
2,4,82,0.004989002365618944,1.7764549255371094,1.0,0.7647058823529411
2,4,83,0.004864661023020744,1.7725944519042969,1.0,0.7647058823529411
2,4,84,0.004745351616293192,1.7677695751190186,1.0,0.7647058823529411
2,4,85,0.004631321411579847,1.760684847831726,1.0,0.7647058823529411
2,4,86,0.004522074479609728,1.7549775838851929,1.0,0.7647058823529411
2,4,87,0.004417218267917633,1.749784231185913,1.0,0.7647058823529411
2,4,88,0.004316002130508423,1.744642972946167,1.0,0.7352941176470589
2,4,89,0.004216752015054226,1.737297534942627,1.0,0.7352941176470589
2,4,90,0.004120944999158382,1.7307261228561401,1.0,0.7352941176470589
2,4,91,0.00402728421613574,1.725545048713684,1.0,0.7352941176470589
2,4,92,0.003936193883419037,1.7211909294128418,1.0,0.7352941176470589
2,4,93,0.0038476241752505302,1.7175593376159668,1.0,0.7352941176470589
2,4,94,0.0037614023312926292,1.7155848741531372,1.0,0.7352941176470589
2,4,95,0.003677461761981249,1.714005470275879,1.0,0.7352941176470589
2,4,96,0.0035953179467469454,1.7139520645141602,1.0,0.7352941176470589
2,4,97,0.0035149198956787586,1.71400785446167,1.0,0.7352941176470589
2,4,98,0.003436747472733259,1.7145962715148926,1.0,0.7352941176470589
2,4,99,0.0033599368762224913,1.7159188985824585,1.0,0.7352941176470589
2,4,100,0.0032850313000380993,1.7177650928497314,1.0,0.7352941176470589
2,5,1,1.1686441898345947,1.9936083555221558,0.7299270072992701,0.7058823529411765
2,5,2,0.6281303763389587,0.8934339284896851,0.7299270072992701,0.7058823529411765
2,5,3,0.7386452555656433,0.7430058121681213,0.5328467153284672,0.6176470588235294
2,5,4,0.4964582324028015,0.5794934630393982,0.7664233576642335,0.7352941176470589
2,5,5,0.5257294178009033,0.7032716274261475,0.7518248175182481,0.7352941176470589
2,5,6,0.5111061930656433,0.6678547859191895,0.7591240875912408,0.7352941176470589
2,5,7,0.45087772607803345,0.5375562310218811,0.7883211678832117,0.7352941176470589
2,5,8,0.40367189049720764,0.45107752084732056,0.8029197080291971,0.7941176470588235
2,5,9,0.3946816325187683,0.4715930223464966,0.8321167883211679,0.7647058823529411
2,5,10,0.38956397771835327,0.4979897737503052,0.8321167883211679,0.7647058823529411
2,5,11,0.3485619127750397,0.461138516664505,0.8686131386861314,0.7647058823529411
2,5,12,0.319668173789978,0.4481055438518524,0.8832116788321168,0.7941176470588235
2,5,13,0.31083613634109497,0.4921911954879761,0.8905109489051095,0.7058823529411765
2,5,14,0.2978569567203522,0.5311270356178284,0.8978102189781022,0.7058823529411765
2,5,15,0.2669009864330292,0.5112202167510986,0.9051094890510949,0.6470588235294118
2,5,16,0.23925691843032837,0.49060529470443726,0.9124087591240876,0.7058823529411765
2,5,17,0.22683779895305634,0.49274471402168274,0.927007299270073,0.6764705882352942
2,5,18,0.2172844409942627,0.5199962854385376,0.927007299270073,0.6470588235294118
2,5,19,0.20152053236961365,0.5409682989120483,0.9197080291970803,0.6176470588235294
2,5,20,0.17337149381637573,0.5486745834350586,0.927007299270073,0.6470588235294118
2,5,21,0.15054863691329956,0.604688286781311,0.9562043795620438,0.6764705882352942
2,5,22,0.1539992392063141,0.7521642446517944,0.948905109489051,0.5882352941176471
2,5,23,0.13753247261047363,0.7806495428085327,0.948905109489051,0.6176470588235294
2,5,24,0.11196892708539963,0.7278482913970947,0.9635036496350365,0.6470588235294118
2,5,25,0.10050227493047714,0.7148966193199158,0.9708029197080292,0.6176470588235294
2,5,26,0.09560897946357727,0.7248327136039734,0.9781021897810219,0.6176470588235294
2,5,27,0.08322654664516449,0.7445635199546814,0.9781021897810219,0.6764705882352942
2,5,28,0.06911224871873856,0.8082514405250549,0.9781021897810219,0.6470588235294118
2,5,29,0.06132514774799347,0.8783213496208191,0.9854014598540146,0.6764705882352942
2,5,30,0.05119583010673523,0.8862266540527344,0.9854014598540146,0.5882352941176471
2,5,31,0.04376058652997017,0.9009459018707275,0.9927007299270073,0.5882352941176471
2,5,32,0.03790891170501709,0.9272559881210327,0.9927007299270073,0.5882352941176471
2,5,33,0.03390427678823471,0.9283356666564941,0.9927007299270073,0.6176470588235294
2,5,34,0.030598176643252373,0.9505779147148132,0.9927007299270073,0.6176470588235294
2,5,35,0.025835461914539337,0.9743208289146423,0.9927007299270073,0.6176470588235294
2,5,36,0.021166522055864334,0.9971233606338501,0.9927007299270073,0.7058823529411765
2,5,37,0.018972037360072136,1.0322253704071045,0.9927007299270073,0.7058823529411765
2,5,38,0.016727961599826813,1.0852948427200317,0.9927007299270073,0.7058823529411765
2,5,39,0.014293160289525986,1.1457219123840332,1.0,0.6764705882352942
2,5,40,0.012412894517183304,1.1963582038879395,1.0,0.6764705882352942
2,5,41,0.01158190332353115,1.2580186128616333,1.0,0.6764705882352942
2,5,42,0.010896733030676842,1.3294247388839722,1.0,0.6764705882352942
2,5,43,0.009808355942368507,1.4251253604888916,1.0,0.6764705882352942
2,5,44,0.009074630215764046,1.5388933420181274,1.0,0.7058823529411765
2,5,45,0.00857308879494667,1.6615722179412842,1.0,0.7058823529411765
2,5,46,0.00790957361459732,1.483847975730896,1.0,0.7058823529411765
2,5,47,0.009477565065026283,1.2467141151428223,1.0,0.7058823529411765
2,5,48,0.048822857439517975,1.2850416898727417,0.9927007299270073,0.7352941176470589
2,5,49,0.04449174925684929,1.2728437185287476,0.9927007299270073,0.7352941176470589
2,5,50,0.007193891331553459,1.2505024671554565,1.0,0.7058823529411765
2,5,51,0.007597144227474928,1.3885540962219238,1.0,0.7058823529411765
2,5,52,0.008209463208913803,1.6530028581619263,1.0,0.7058823529411765
2,5,53,0.006516662426292896,1.7895805835723877,1.0,0.7058823529411765
2,5,54,0.0064888992346823215,1.8933666944503784,1.0,0.6764705882352942
2,5,55,0.00658094696700573,1.9126304388046265,1.0,0.6764705882352942
2,5,56,0.006860575173050165,1.9556599855422974,1.0,0.6470588235294118
2,5,57,0.01069383043795824,1.9546645879745483,1.0,0.6470588235294118
2,5,58,0.006265288684517145,1.9142597913742065,1.0,0.6470588235294118
2,5,59,0.004956381861120462,1.8228141069412231,1.0,0.6764705882352942
2,5,60,0.004718428011983633,1.7466585636138916,1.0,0.6764705882352942
2,5,61,0.0046097999438643456,1.6767737865447998,1.0,0.6764705882352942
2,5,62,0.004523706156760454,1.6196825504302979,1.0,0.6764705882352942
2,5,63,0.0044501484371721745,1.5844707489013672,1.0,0.7058823529411765
2,5,64,0.0044041345827281475,1.5616201162338257,1.0,0.7352941176470589
2,5,65,0.004420781508088112,1.5496511459350586,1.0,0.7352941176470589
2,5,66,0.00435879360884428,1.547425627708435,1.0,0.7352941176470589
2,5,67,0.004286534618586302,1.5481669902801514,1.0,0.7352941176470589
2,5,68,0.0042179604060947895,1.55174720287323,1.0,0.7352941176470589
2,5,69,0.0041683814488351345,1.5592117309570312,1.0,0.7352941176470589
2,5,70,0.0041263350285589695,1.571814775466919,1.0,0.7352941176470589
2,5,71,0.0040793525986373425,1.5868850946426392,1.0,0.7352941176470589
2,5,72,0.0039284722879529,1.612443447113037,1.0,0.7352941176470589
2,5,73,0.003763242857530713,1.6584796905517578,1.0,0.7352941176470589
2,5,74,0.0036777369678020477,1.70472252368927,1.0,0.7352941176470589
2,5,75,0.003613406792283058,1.754191279411316,1.0,0.7058823529411765
2,5,76,0.0035546417348086834,1.8101816177368164,1.0,0.7058823529411765
2,5,77,0.0034990711137652397,1.8659427165985107,1.0,0.7058823529411765
2,5,78,0.0034448890946805477,1.9183952808380127,1.0,0.6764705882352942
2,5,79,0.003391203237697482,1.9657089710235596,1.0,0.6470588235294118
2,5,80,0.003338105510920286,2.008578300476074,1.0,0.6470588235294118
2,5,81,0.003284640610218048,2.044515609741211,1.0,0.6470588235294118
2,5,82,0.0032316227443516254,2.0761327743530273,1.0,0.6470588235294118
2,5,83,0.003179181832820177,2.103060007095337,1.0,0.7058823529411765
2,5,84,0.0031285749282687902,2.1288602352142334,1.0,0.7058823529411765
2,5,85,0.0030792688485234976,2.1527676582336426,1.0,0.7058823529411765
2,5,86,0.0030304635874927044,2.1713874340057373,1.0,0.7058823529411765
2,5,87,0.002982680918648839,2.1865758895874023,1.0,0.7058823529411765
2,5,88,0.0029361890628933907,2.2002811431884766,1.0,0.7058823529411765
2,5,89,0.0028901409823447466,2.213529586791992,1.0,0.7058823529411765
2,5,90,0.0028406924102455378,2.2298669815063477,1.0,0.7058823529411765
2,5,91,0.002796861343085766,2.24634051322937,1.0,0.7058823529411765
2,5,92,0.002756299916654825,2.2623274326324463,1.0,0.7058823529411765
2,5,93,0.002716355724260211,2.2741968631744385,1.0,0.7058823529411765
2,5,94,0.0026574612129479647,2.2335522174835205,1.0,0.7058823529411765
2,5,95,0.002607159549370408,2.202587604522705,1.0,0.7058823529411765
2,5,96,0.0025583088863641024,2.1723082065582275,1.0,0.7058823529411765
2,5,97,0.0025105485692620277,2.144930124282837,1.0,0.7058823529411765
2,5,98,0.0024633256252855062,2.1197047233581543,1.0,0.7058823529411765
2,5,99,0.0024164700880646706,2.097494602203369,1.0,0.7058823529411765
2,5,100,0.0023700734600424767,2.0761847496032715,1.0,0.7058823529411765
3,1,1,1.2731770277023315,1.1889070272445679,0.7279411764705882,0.7142857142857143
3,1,2,0.5734823346138,0.6715258955955505,0.7279411764705882,0.7142857142857143
3,1,3,0.8107492923736572,0.7428629398345947,0.5514705882352942,0.6571428571428571
3,1,4,0.569564700126648,0.634361743927002,0.7941176470588235,0.6857142857142857
3,1,5,0.5044980645179749,0.648220956325531,0.7573529411764706,0.7142857142857143
3,1,6,0.5095824003219604,0.6910075545310974,0.7647058823529411,0.7142857142857143
3,1,7,0.45886316895484924,0.6936704516410828,0.7720588235294118,0.7142857142857143
3,1,8,0.4052076041698456,0.6887103319168091,0.8382352941176471,0.7428571428571429
3,1,9,0.37669837474823,0.7003622651100159,0.8529411764705882,0.7142857142857143
3,1,10,0.3671334981918335,0.735555112361908,0.8676470588235294,0.6571428571428571
3,1,11,0.3516950011253357,0.7623351812362671,0.875,0.6285714285714286
3,1,12,0.31872445344924927,0.7669245004653931,0.8823529411764706,0.6571428571428571
3,1,13,0.2917852997779846,0.7813662886619568,0.8823529411764706,0.6857142857142857
3,1,14,0.27661558985710144,0.7994828224182129,0.8897058823529411,0.6857142857142857
3,1,15,0.26240089535713196,0.8069107532501221,0.8897058823529411,0.6857142857142857
3,1,16,0.24440418183803558,0.8057537078857422,0.8897058823529411,0.6857142857142857
3,1,17,0.22628439962863922,0.7963235974311829,0.9044117647058824,0.7142857142857143
3,1,18,0.21456703543663025,0.8003700375556946,0.9117647058823529,0.7142857142857143
3,1,19,0.2003355622291565,0.8264710903167725,0.9191176470588235,0.7142857142857143
3,1,20,0.18504850566387177,0.8772472739219666,0.9191176470588235,0.7142857142857143
3,1,21,0.16987769305706024,0.9381595253944397,0.9191176470588235,0.7142857142857143
3,1,22,0.15422309935092926,1.0031543970108032,0.9117647058823529,0.7428571428571429
3,1,23,0.1403549462556839,1.0659047365188599,0.9264705882352942,0.7428571428571429
3,1,24,0.1308455765247345,1.1110581159591675,0.9411764705882353,0.7142857142857143
3,1,25,0.11841945350170135,1.1502022743225098,0.9411764705882353,0.7142857142857143
3,1,26,0.10418523102998734,1.2181423902511597,0.9485294117647058,0.7142857142857143
3,1,27,0.09439586102962494,1.2769564390182495,0.9558823529411765,0.7142857142857143
3,1,28,0.08743278682231903,1.3052219152450562,0.9632352941176471,0.7428571428571429
3,1,29,0.08217794448137283,1.3750728368759155,0.9705882352941176,0.7428571428571429
3,1,30,0.06943941116333008,1.4990816116333008,0.9705882352941176,0.7428571428571429
3,1,31,0.0639791190624237,1.5408028364181519,0.9705882352941176,0.7428571428571429
3,1,32,0.057324524968862534,1.57965886592865,0.9705882352941176,0.7714285714285715
3,1,33,0.050328634679317474,1.6546257734298706,0.9779411764705882,0.7714285714285715
3,1,34,0.052204426378011703,1.7500536441802979,0.9779411764705882,0.7714285714285715
3,1,35,0.04802778363227844,1.731263279914856,0.9779411764705882,0.7714285714285715
3,1,36,0.055130042135715485,1.8025026321411133,0.9705882352941176,0.7428571428571429
3,1,37,0.04591292515397072,1.9536916017532349,0.9705882352941176,0.7714285714285715
3,1,38,0.03626067563891411,2.1537094116210938,0.9852941176470589,0.7714285714285715
3,1,39,0.036280710250139236,2.33196759223938,0.9852941176470589,0.7714285714285715
3,1,40,0.03343019261956215,2.3568577766418457,0.9852941176470589,0.7714285714285715
3,1,41,0.0331779308617115,2.4045910835266113,0.9852941176470589,0.7714285714285715
3,1,42,0.03524116799235344,2.394550085067749,0.9779411764705882,0.7714285714285715
3,1,43,0.037268757820129395,2.4041476249694824,0.9779411764705882,0.7428571428571429
3,1,44,0.028798909857869148,2.433940887451172,0.9852941176470589,0.7428571428571429
3,1,45,0.024741817265748978,2.4989426136016846,0.9852941176470589,0.7714285714285715
3,1,46,0.027812551707029343,2.5762710571289062,0.9852941176470589,0.7714285714285715
3,1,47,0.02462371625006199,2.581143379211426,0.9852941176470589,0.7714285714285715
3,1,48,0.02153700962662697,2.5482704639434814,0.9852941176470589,0.7714285714285715
3,1,49,0.020799489691853523,2.61543607711792,0.9852941176470589,0.7428571428571429
3,1,50,0.02037614956498146,2.6870415210723877,0.9852941176470589,0.7428571428571429
3,1,51,0.020390374585986137,2.7552859783172607,0.9852941176470589,0.7428571428571429
3,1,52,0.01812431775033474,2.8259472846984863,0.9926470588235294,0.7428571428571429
3,1,53,0.01727295108139515,2.912449359893799,0.9926470588235294,0.7714285714285715
3,1,54,0.01795305125415325,3.011280059814453,0.9926470588235294,0.7714285714285715
3,1,55,0.01695050299167633,3.031881809234619,0.9926470588235294,0.7714285714285715
3,1,56,0.016045477241277695,3.051462173461914,0.9926470588235294,0.7714285714285715
3,1,57,0.015162292867898941,3.069443941116333,0.9926470588235294,0.7714285714285715
3,1,58,0.014404654502868652,3.061033248901367,0.9926470588235294,0.7714285714285715
3,1,59,0.013745156116783619,3.058415412902832,0.9926470588235294,0.7714285714285715
3,1,60,0.013200107030570507,3.0629289150238037,1.0,0.7428571428571429
3,1,61,0.012740188278257847,3.073049306869507,1.0,0.7428571428571429
3,1,62,0.012332158163189888,3.084808349609375,1.0,0.7428571428571429
3,1,63,0.011946230195462704,3.09816837310791,1.0,0.7428571428571429
3,1,64,0.011567095294594765,3.116795301437378,1.0,0.7428571428571429
3,1,65,0.011188849806785583,3.135110378265381,1.0,0.7428571428571429
3,1,66,0.010830247774720192,3.1527323722839355,1.0,0.7428571428571429
3,1,67,0.010477868840098381,3.1684837341308594,1.0,0.7428571428571429
3,1,68,0.010143914259970188,3.185454845428467,1.0,0.7428571428571429
3,1,69,0.009827752597630024,3.20051646232605,1.0,0.7428571428571429
3,1,70,0.009521087631583214,3.2132019996643066,1.0,0.7428571428571429
3,1,71,0.00923213455826044,3.228339195251465,1.0,0.7428571428571429
3,1,72,0.00895512942224741,3.244922161102295,1.0,0.7428571428571429
3,1,73,0.00868573784828186,3.2671074867248535,1.0,0.7428571428571429
3,1,74,0.008423078805208206,3.2936758995056152,1.0,0.7428571428571429
3,1,75,0.008171248249709606,3.3143537044525146,1.0,0.7428571428571429
3,1,76,0.00792950950562954,3.3410863876342773,1.0,0.7428571428571429
3,1,77,0.007697946857661009,3.359483003616333,1.0,0.7428571428571429
3,1,78,0.007474611047655344,3.3903207778930664,1.0,0.7428571428571429
3,1,79,0.007246475201100111,3.4150173664093018,1.0,0.7428571428571429
3,1,80,0.007018090691417456,3.44504451751709,1.0,0.7428571428571429
3,1,81,0.006809706334024668,3.4837121963500977,1.0,0.7714285714285715
3,1,82,0.006613444071263075,3.548292398452759,1.0,0.7714285714285715
3,1,83,0.006429534871131182,3.5952370166778564,1.0,0.7714285714285715
3,1,84,0.006251713261008263,3.6368279457092285,1.0,0.7714285714285715
3,1,85,0.006082372274249792,3.675682783126831,1.0,0.7714285714285715
3,1,86,0.005913818720728159,3.70910906791687,1.0,0.7714285714285715
3,1,87,0.00572206499055028,3.70672869682312,1.0,0.7714285714285715
3,1,88,0.005557170603424311,3.7048497200012207,1.0,0.7714285714285715
3,1,89,0.005399792455136776,3.7019801139831543,1.0,0.7714285714285715
3,1,90,0.005246791988611221,6.100961685180664,1.0,0.7714285714285715
3,1,91,0.00510021485388279,6.105164051055908,1.0,0.7714285714285715
3,1,92,0.004959507845342159,6.111066818237305,1.0,0.7714285714285715
3,1,93,0.004824467934668064,6.117913246154785,1.0,0.7428571428571429
3,1,94,0.004694436211138964,6.125797748565674,1.0,0.7428571428571429
3,1,95,0.004569847136735916,6.133447170257568,1.0,0.7428571428571429
3,1,96,0.00445241155102849,6.141372203826904,1.0,0.7428571428571429
3,1,97,0.0043066516518592834,6.148284435272217,1.0,0.7428571428571429
3,1,98,0.004181505646556616,6.158912658691406,1.0,0.7714285714285715
3,1,99,0.004065063316375017,6.173614025115967,1.0,0.7714285714285715
3,1,100,0.003953738138079643,6.191124439239502,1.0,0.7714285714285715
3,2,1,1.3095988035202026,1.4375383853912354,0.7299270072992701,0.7058823529411765
3,2,2,0.584318995475769,0.6740729212760925,0.7299270072992701,0.7058823529411765
3,2,3,1.0317169427871704,0.7668041586875916,0.5109489051094891,0.6470588235294118
3,2,4,0.5744678974151611,0.5935898423194885,0.7664233576642335,0.7647058823529411
3,2,5,0.5503069162368774,0.6521491408348083,0.7299270072992701,0.7058823529411765
3,2,6,0.5705461502075195,0.6748934388160706,0.7299270072992701,0.7058823529411765
3,2,7,0.5097048878669739,0.6130831241607666,0.7299270072992701,0.7058823529411765
3,2,8,0.4363516867160797,0.541051983833313,0.7445255474452555,0.7058823529411765
3,2,9,0.40836989879608154,0.502399206161499,0.781021897810219,0.7647058823529411
3,2,10,0.41465502977371216,0.4941171705722809,0.8175182481751825,0.7941176470588235
3,2,11,0.3957410454750061,0.4881499707698822,0.8175182481751825,0.7941176470588235
3,2,12,0.35922491550445557,0.487618625164032,0.8248175182481752,0.8235294117647058
3,2,13,0.34255078434944153,0.5021035671234131,0.8321167883211679,0.8235294117647058
3,2,14,0.33464130759239197,0.5149303078651428,0.8467153284671532,0.7941176470588235
3,2,15,0.317613810300827,0.5118206143379211,0.8686131386861314,0.7941176470588235
3,2,16,0.29866930842399597,0.5045032501220703,0.8759124087591241,0.7941176470588235
3,2,17,0.2849867045879364,0.4949682950973511,0.8978102189781022,0.7941176470588235
3,2,18,0.2735336720943451,0.49454572796821594,0.9051094890510949,0.7941176470588235
3,2,19,0.25802114605903625,0.5057776570320129,0.9051094890510949,0.7647058823529411
3,2,20,0.23932185769081116,0.529355525970459,0.9051094890510949,0.7941176470588235
3,2,21,0.22174009680747986,0.5601877570152283,0.9051094890510949,0.7647058823529411
3,2,22,0.20526130497455597,0.5817050933837891,0.9124087591240876,0.7647058823529411
3,2,23,0.1894516497850418,0.6016370058059692,0.9197080291970803,0.7647058823529411
3,2,24,0.17662416398525238,0.6160050630569458,0.9416058394160584,0.7941176470588235
3,2,25,0.1641818732023239,0.6392322182655334,0.948905109489051,0.7941176470588235
3,2,26,0.14588385820388794,0.6849446296691895,0.9562043795620438,0.7941176470588235
3,2,27,0.1290374994277954,0.7489137053489685,0.9562043795620438,0.7941176470588235
3,2,28,0.11136332154273987,0.8010450005531311,0.9635036496350365,0.7941176470588235
3,2,29,0.09799826145172119,0.8258169889450073,0.9635036496350365,0.7941176470588235
3,2,30,0.0918838158249855,0.8736667633056641,0.9781021897810219,0.7941176470588235
3,2,31,0.07894044369459152,0.951012134552002,0.9781021897810219,0.7941176470588235
3,2,32,0.06651745736598969,1.0464094877243042,0.9781021897810219,0.7941176470588235
3,2,33,0.05881240591406822,1.100579857826233,0.9781021897810219,0.7941176470588235
3,2,34,0.04957674443721771,1.1288577318191528,0.9854014598540146,0.7941176470588235
3,2,35,0.050063543021678925,1.1503795385360718,0.9781021897810219,0.7941176470588235
3,2,36,0.04310688376426697,1.1949336528778076,0.9854014598540146,0.7941176470588235
3,2,37,0.03969475254416466,1.266714096069336,0.9854014598540146,0.7941176470588235
3,2,38,0.035467591136693954,1.3053611516952515,0.9854014598540146,0.7941176470588235
3,2,39,0.03260756656527519,1.3613529205322266,0.9854014598540146,0.7941176470588235
3,2,40,0.029637955129146576,1.4156550168991089,0.9854014598540146,0.7941176470588235
3,2,41,0.027891039848327637,1.4721943140029907,0.9854014598540146,0.7941176470588235
3,2,42,0.026817435398697853,1.5355437994003296,0.9854014598540146,0.7941176470588235
3,2,43,0.025279955938458443,1.6007640361785889,0.9854014598540146,0.7941176470588235
3,2,44,0.023739105090498924,1.6561577320098877,0.9854014598540146,0.7941176470588235
3,2,45,0.02203739434480667,1.712828278541565,0.9927007299270073,0.7647058823529411
3,2,46,0.021638283506035805,1.76358163356781,0.9927007299270073,0.7647058823529411
3,2,47,0.019832836464047432,1.7793482542037964,0.9927007299270073,0.7647058823529411
3,2,48,0.02489926852285862,1.7882643938064575,0.9854014598540146,0.7647058823529411
3,2,49,0.030710944905877113,1.818785309791565,0.9854014598540146,0.7647058823529411
3,2,50,0.019927529618144035,1.8773483037948608,0.9927007299270073,0.7647058823529411
3,2,51,0.01716403290629387,1.9416046142578125,0.9927007299270073,0.7647058823529411
3,2,52,0.01660115085542202,2.004099130630493,0.9927007299270073,0.7647058823529411
3,2,53,0.0163098257035017,2.0443735122680664,0.9927007299270073,0.7941176470588235
3,2,54,0.015883268788456917,2.072707176208496,0.9927007299270073,0.7941176470588235
3,2,55,0.014992373995482922,2.0619349479675293,0.9927007299270073,0.7941176470588235
3,2,56,0.014279183931648731,2.040332555770874,0.9927007299270073,0.7941176470588235
3,2,57,0.013827333226799965,2.0230135917663574,0.9927007299270073,0.7941176470588235
3,2,58,0.013596076518297195,2.0087525844573975,0.9927007299270073,0.7647058823529411
3,2,59,0.01324868481606245,2.025055408477783,0.9927007299270073,0.7941176470588235
3,2,60,0.012818621471524239,2.039144515991211,0.9927007299270073,0.7941176470588235
3,2,61,0.01231209747493267,2.077502965927124,0.9927007299270073,0.7941176470588235
3,2,62,0.011834667064249516,2.1186907291412354,1.0,0.7941176470588235
3,2,63,0.011440162546932697,2.1951630115509033,1.0,0.7941176470588235
3,2,64,0.011117827147245407,2.2647223472595215,1.0,0.7941176470588235
3,2,65,0.010843017138540745,2.3299665451049805,1.0,0.7941176470588235
3,2,66,0.010541942901909351,2.3924992084503174,1.0,0.7941176470588235
3,2,67,0.010265330784022808,2.4307796955108643,1.0,0.7941176470588235
3,2,68,0.00992696825414896,2.459230661392212,1.0,0.7941176470588235
3,2,69,0.009616020135581493,2.4870779514312744,1.0,0.7941176470588235
3,2,70,0.009324400685727596,2.5140130519866943,1.0,0.7941176470588235
3,2,71,0.009035760536789894,2.53741717338562,1.0,0.7647058823529411
3,2,72,0.008760444819927216,5.030367374420166,1.0,0.7647058823529411
3,2,73,0.008503753691911697,5.049734592437744,1.0,0.7647058823529411
3,2,74,0.008233428932726383,5.05181884765625,1.0,0.7647058823529411
3,2,75,0.007999630644917488,5.054530143737793,1.0,0.7647058823529411
3,2,76,0.00778197729960084,5.056827068328857,1.0,0.7647058823529411
3,2,77,0.0075738620944321156,5.058288097381592,1.0,0.7647058823529411
3,2,78,0.00737379165366292,5.059233665466309,1.0,0.7352941176470589
3,2,79,0.007181382272392511,5.060535907745361,1.0,0.7352941176470589
3,2,80,0.00699193961918354,5.064333438873291,1.0,0.7352941176470589
3,2,81,0.006807534955441952,5.06803560256958,1.0,0.7352941176470589
3,2,82,0.00662852730602026,5.072502613067627,1.0,0.7352941176470589
3,2,83,0.006455513183027506,5.0774664878845215,1.0,0.7352941176470589
3,2,84,0.00628892844542861,5.084214210510254,1.0,0.7352941176470589
3,2,85,0.006128955166786909,5.090427398681641,1.0,0.7058823529411765
3,2,86,0.005975288804620504,5.098047733306885,1.0,0.7058823529411765
3,2,87,0.005822865758091211,5.109625816345215,1.0,0.7058823529411765
3,2,88,0.005676708184182644,5.126194477081299,1.0,0.7058823529411765
3,2,89,0.005536294542253017,5.142231464385986,1.0,0.7058823529411765
3,2,90,0.005400918424129486,5.157495498657227,1.0,0.7058823529411765
3,2,91,0.005268315318971872,5.17356538772583,1.0,0.7058823529411765
3,2,92,0.0051386356353759766,5.186436176300049,1.0,0.7058823529411765
3,2,93,0.0050126370042562485,5.198917865753174,1.0,0.7058823529411765
3,2,94,0.004890668671578169,5.211716175079346,1.0,0.7058823529411765
3,2,95,0.0047731660306453705,5.2237548828125,1.0,0.7058823529411765
3,2,96,0.004659496247768402,5.237077236175537,1.0,0.7058823529411765
3,2,97,0.004549889825284481,5.24835729598999,1.0,0.7058823529411765
3,2,98,0.004443494603037834,5.261221408843994,1.0,0.7058823529411765
3,2,99,0.0043397825211286545,5.2720160484313965,1.0,0.7058823529411765
3,2,100,0.004239105619490147,5.283514022827148,1.0,0.7058823529411765
3,3,1,1.2793527841567993,0.8620520830154419,0.7226277372262774,0.7352941176470589
3,3,2,0.5616199970245361,0.5858900547027588,0.7664233576642335,0.7058823529411765
3,3,3,0.5477603673934937,0.640004575252533,0.781021897810219,0.6764705882352942
3,3,4,0.5402642488479614,0.4572928249835968,0.7226277372262774,0.7352941176470589
3,3,5,0.458676815032959,0.5137150883674622,0.7956204379562044,0.7352941176470589
3,3,6,0.4482520818710327,0.7297963500022888,0.8102189781021898,0.7058823529411765
3,3,7,0.4124601483345032,0.7219468355178833,0.8175182481751825,0.7352941176470589
3,3,8,0.38322070240974426,0.6129854321479797,0.8175182481751825,0.7647058823529411
3,3,9,0.3652783930301666,0.5943986177444458,0.8248175182481752,0.7647058823529411
3,3,10,0.32722291350364685,0.6066781282424927,0.8467153284671532,0.7647058823529411
3,3,11,0.295987993478775,0.6553276181221008,0.8832116788321168,0.7647058823529411
3,3,12,0.2947938144207001,0.7629304528236389,0.8759124087591241,0.6764705882352942
3,3,13,0.2688964307308197,0.7499286532402039,0.9051094890510949,0.6764705882352942
3,3,14,0.2342126965522766,0.6715149879455566,0.9197080291970803,0.7647058823529411
3,3,15,0.22652611136436462,0.6469484567642212,0.9124087591240876,0.7647058823529411
3,3,16,0.21122989058494568,0.6739310026168823,0.927007299270073,0.7647058823529411
3,3,17,0.18279868364334106,0.7269238829612732,0.9343065693430657,0.7647058823529411
3,3,18,0.16201061010360718,0.81964111328125,0.9416058394160584,0.7647058823529411
3,3,19,0.1560664176940918,0.9481322169303894,0.9416058394160584,0.7058823529411765
3,3,20,0.1335912048816681,0.9734686613082886,0.948905109489051,0.7352941176470589
3,3,21,0.11629313975572586,0.9577403664588928,0.948905109489051,0.7647058823529411
3,3,22,0.10844340920448303,0.9828603267669678,0.9562043795620438,0.7941176470588235
3,3,23,0.09394284337759018,1.0165092945098877,0.9635036496350365,0.7941176470588235
3,3,24,0.07590064406394958,1.0552321672439575,0.9781021897810219,0.7647058823529411
3,3,25,0.06336696445941925,1.110615611076355,0.9927007299270073,0.7647058823529411
3,3,26,0.05811237916350365,1.1928349733352661,0.9927007299270073,0.7058823529411765
3,3,27,0.05168517306447029,1.256583333015442,1.0,0.7058823529411765
3,3,28,0.0434599444270134,1.2917040586471558,1.0,0.7058823529411765
3,3,29,0.03644482418894768,1.334922432899475,1.0,0.7352941176470589
3,3,30,0.031034518033266068,1.3899688720703125,1.0,0.7647058823529411
3,3,31,0.02695278264582157,1.4661659002304077,1.0,0.7647058823529411
3,3,32,0.02362712472677231,1.558034062385559,1.0,0.7647058823529411
3,3,33,0.020588116720318794,4.072229862213135,1.0,0.7647058823529411
3,3,34,0.018219832330942154,4.102503299713135,1.0,0.7647058823529411
3,3,35,0.016211919486522675,4.134117603302002,1.0,0.7647058823529411
3,3,36,0.014455464668571949,4.170978546142578,1.0,0.7352941176470589
3,3,37,0.012903114780783653,4.208317279815674,1.0,0.7352941176470589
3,3,38,0.011496336199343204,4.2546772956848145,1.0,0.7352941176470589
3,3,39,0.010243568569421768,4.301227569580078,1.0,0.7352941176470589
3,3,40,0.009119025431573391,4.354715824127197,1.0,0.7647058823529411
3,3,41,0.008122872561216354,4.41208553314209,1.0,0.7647058823529411
3,3,42,0.007241999264806509,4.47216796875,1.0,0.7647058823529411
3,3,43,0.006458189804106951,4.534575939178467,1.0,0.7647058823529411
3,3,44,0.005757886916399002,4.60014533996582,1.0,0.7647058823529411
3,3,45,0.005138521548360586,4.66252326965332,1.0,0.7647058823529411
3,3,46,0.00458792969584465,4.722890853881836,1.0,0.7647058823529411
3,3,47,0.0040945555083453655,4.775781631469727,1.0,0.7647058823529411
3,3,48,0.0036591137759387493,4.806230068206787,1.0,0.7647058823529411
3,3,49,0.0032817309256643057,4.835136890411377,1.0,0.7647058823529411
3,3,50,0.002949364250525832,4.866706371307373,1.0,0.7647058823529411
3,3,51,0.002656439319252968,4.89404296875,1.0,0.7647058823529411
3,3,52,0.0024043465964496136,4.918636322021484,1.0,0.7647058823529411
3,3,53,0.0021864818409085274,4.937429904937744,1.0,0.7647058823529411
3,3,54,0.001998589839786291,4.956244468688965,1.0,0.7647058823529411
3,3,55,0.0018365237629041076,4.9732465744018555,1.0,0.7647058823529411
3,3,56,0.0016926196403801441,4.9912004470825195,1.0,0.7647058823529411
3,3,57,0.0015643296064808965,5.008955478668213,1.0,0.7647058823529411
3,3,58,0.0014482256956398487,5.02698278427124,1.0,0.7647058823529411
3,3,59,0.0013462398201227188,5.042273998260498,1.0,0.7647058823529411
3,3,60,0.0012546440120786428,5.057919502258301,1.0,0.7647058823529411
3,3,61,0.0011732630664482713,5.072396755218506,1.0,0.7647058823529411
3,3,62,0.00109898392111063,5.090537071228027,1.0,0.7647058823529411
3,3,63,0.0010354432743042707,5.11058235168457,1.0,0.7647058823529411
3,3,64,0.000984659418463707,5.132437705993652,1.0,0.7647058823529411
3,3,65,0.0009393563377670944,5.150477886199951,1.0,0.7647058823529411
3,3,66,0.0008994551608338952,5.167271137237549,1.0,0.7647058823529411
3,3,67,0.0008594851824454963,5.180438041687012,1.0,0.7647058823529411
3,3,68,0.0008206003112718463,5.191775321960449,1.0,0.7647058823529411
3,3,69,0.0007778595318086445,5.19852876663208,1.0,0.7647058823529411
3,3,70,0.000734275730792433,5.202147483825684,1.0,0.7647058823529411
3,3,71,0.0006931355455890298,5.20221471786499,1.0,0.7647058823529411
3,3,72,0.0006575792795047164,5.200114727020264,1.0,0.7647058823529411
3,3,73,0.0006290643941611052,5.197711944580078,1.0,0.7647058823529411
3,3,74,0.0006057387217879295,5.19415283203125,1.0,0.7647058823529411
3,3,75,0.000586705282330513,5.191163063049316,1.0,0.7647058823529411
3,3,76,0.0005709663964807987,5.189076900482178,1.0,0.7647058823529411
3,3,77,0.0005586287588812411,5.186499118804932,1.0,0.7647058823529411
3,3,78,0.0005484148277901113,5.184485912322998,1.0,0.7647058823529411
3,3,79,0.0005377324414439499,5.184241771697998,1.0,0.7647058823529411
3,3,80,0.0005154391983523965,5.193507194519043,1.0,0.7647058823529411
3,3,81,0.0004957490600645542,5.201685905456543,1.0,0.7647058823529411
3,3,82,0.0004778372822329402,5.209113597869873,1.0,0.7647058823529411
3,3,83,0.00046173162991181016,5.2159247398376465,1.0,0.7647058823529411
3,3,84,0.00044605182483792305,5.2235636711120605,1.0,0.7647058823529411
3,3,85,0.000431624153861776,5.230991840362549,1.0,0.7647058823529411
3,3,86,0.0004182498378213495,5.23722505569458,1.0,0.7647058823529411
3,3,87,0.00040565620292909443,5.243569374084473,1.0,0.7647058823529411
3,3,88,0.00039377083885483444,5.249654769897461,1.0,0.7647058823529411
3,3,89,0.00038226612377911806,5.25707483291626,1.0,0.7647058823529411
3,3,90,0.0003720985259860754,5.262845039367676,1.0,0.7647058823529411
3,3,91,0.00036277438630349934,5.272472858428955,1.0,0.7647058823529411
3,3,92,0.0003541980404406786,5.280757904052734,1.0,0.7647058823529411
3,3,93,0.00034622184466570616,5.288540363311768,1.0,0.7647058823529411
3,3,94,0.0003386918979231268,5.295675277709961,1.0,0.7647058823529411
3,3,95,0.00033163040643557906,5.302820682525635,1.0,0.7647058823529411
3,3,96,0.0003249471774324775,5.3092803955078125,1.0,0.7647058823529411
3,3,97,0.0003184183151461184,5.314709186553955,1.0,0.7647058823529411
3,3,98,0.0003122295893263072,5.320557594299316,1.0,0.7647058823529411
3,3,99,0.0003060846356675029,5.325191020965576,1.0,0.7647058823529411
3,3,100,0.00030022452119737864,5.328854084014893,1.0,0.7647058823529411
3,4,1,1.3105051517486572,1.5352567434310913,0.7226277372262774,0.7352941176470589
3,4,2,0.5316041111946106,0.5672458410263062,0.7664233576642335,0.7647058823529411
3,4,3,0.8623440265655518,0.9377992153167725,0.6131386861313869,0.5882352941176471
3,4,4,0.49496281147003174,0.5431041717529297,0.7883211678832117,0.7352941176470589
3,4,5,0.554385781288147,0.7112842202186584,0.7445255474452555,0.7352941176470589
3,4,6,0.5215662717819214,0.7141444087028503,0.7591240875912408,0.7352941176470589
3,4,7,0.44100093841552734,0.5924573540687561,0.8102189781021898,0.7352941176470589
3,4,8,0.4188585877418518,0.5341196656227112,0.8175182481751825,0.7352941176470589
3,4,9,0.41792288422584534,0.5456166863441467,0.8248175182481752,0.7352941176470589
3,4,10,0.3913330137729645,0.5453855395317078,0.8394160583941606,0.7647058823529411
3,4,11,0.3534020483493805,0.5405246019363403,0.8540145985401459,0.7647058823529411
3,4,12,0.32603809237480164,0.5690574049949646,0.8686131386861314,0.7941176470588235
3,4,13,0.30882859230041504,0.6185848712921143,0.8905109489051095,0.7352941176470589
3,4,14,0.2944829761981964,0.6539575457572937,0.8832116788321168,0.7352941176470589
3,4,15,0.2679896056652069,0.6347572207450867,0.8832116788321168,0.7058823529411765
3,4,16,0.24861915409564972,0.6107234954833984,0.8978102189781022,0.7352941176470589
3,4,17,0.2352554202079773,0.612341046333313,0.9051094890510949,0.7352941176470589
3,4,18,0.22087186574935913,0.6318529844284058,0.9051094890510949,0.7352941176470589
3,4,19,0.19766822457313538,0.6550595760345459,0.9124087591240876,0.7647058823529411
3,4,20,0.177920401096344,0.6848369836807251,0.9124087591240876,0.7941176470588235
3,4,21,0.15924660861492157,0.7211956977844238,0.9416058394160584,0.8235294117647058
3,4,22,0.14064627885818481,0.7532836198806763,0.9562043795620438,0.7941176470588235
3,4,23,0.12867149710655212,0.7967301607131958,0.9562043795620438,0.7647058823529411
3,4,24,0.11651946604251862,0.861393928527832,0.9635036496350365,0.7647058823529411
3,4,25,0.10246821492910385,0.9213843941688538,0.9708029197080292,0.7647058823529411
3,4,26,0.08749260753393173,0.954840362071991,0.9635036496350365,0.7647058823529411
3,4,27,0.07934270799160004,1.0019694566726685,0.9635036496350365,0.7941176470588235
3,4,28,0.07718245685100555,1.072751522064209,0.9635036496350365,0.7647058823529411
3,4,29,0.07082721590995789,1.1429301500320435,0.9708029197080292,0.7647058823529411
3,4,30,0.057911284267902374,1.1942311525344849,0.9781021897810219,0.7941176470588235
3,4,31,0.04720114916563034,1.2912474870681763,0.9854014598540146,0.7647058823529411
3,4,32,0.0433800183236599,1.3981437683105469,0.9854014598540146,0.7647058823529411
3,4,33,0.038727328181266785,1.4167433977127075,0.9854014598540146,0.7647058823529411
3,4,34,0.037736643105745316,1.4202632904052734,0.9854014598540146,0.7647058823529411
3,4,35,0.044762760400772095,1.472185730934143,0.9781021897810219,0.7941176470588235
3,4,36,0.03871939703822136,1.617235779762268,0.9854014598540146,0.7647058823529411
3,4,37,0.033655811101198196,1.7750877141952515,0.9854014598540146,0.7647058823529411
3,4,38,0.03004053793847561,1.9158210754394531,0.9927007299270073,0.7647058823529411
3,4,39,0.03655101731419563,1.8091175556182861,0.9854014598540146,0.7647058823529411
3,4,40,0.036084312945604324,1.7274633646011353,0.9854014598540146,0.7647058823529411
3,4,41,0.026625927537679672,1.709228754043579,0.9854014598540146,0.7647058823529411
3,4,42,0.020992707461118698,1.739330530166626,0.9927007299270073,0.7352941176470589
3,4,43,0.02003558725118637,1.8311151266098022,0.9927007299270073,0.7647058823529411
3,4,44,0.022107545286417007,1.9511817693710327,0.9927007299270073,0.7647058823529411
3,4,45,0.018249839544296265,1.9160583019256592,0.9927007299270073,0.7647058823529411
3,4,46,0.0163495521992445,1.9765512943267822,0.9927007299270073,0.7647058823529411
3,4,47,0.015421859920024872,2.125296115875244,0.9927007299270073,0.7647058823529411
3,4,48,0.015836413949728012,2.2271153926849365,0.9927007299270073,0.7647058823529411
3,4,49,0.0149496765807271,2.4759082794189453,0.9927007299270073,0.7647058823529411
3,4,50,0.020592862740159035,2.714163064956665,0.9854014598540146,0.7647058823529411
3,4,51,0.013537244871258736,2.491405963897705,0.9927007299270073,0.7352941176470589
3,4,52,0.016762083396315575,2.324270725250244,0.9927007299270073,0.7647058823529411
3,4,53,0.022685112431645393,2.2094569206237793,0.9854014598540146,0.7647058823529411
3,4,54,0.013358963653445244,2.1532835960388184,0.9927007299270073,0.7941176470588235
3,4,55,0.011005239561200142,2.1657943725585938,0.9927007299270073,0.7647058823529411
3,4,56,0.011052286252379417,2.249602794647217,0.9927007299270073,0.7941176470588235
3,4,57,0.01114516332745552,2.2337276935577393,0.9927007299270073,0.7941176470588235
3,4,58,0.011446992866694927,2.259065628051758,0.9927007299270073,0.7941176470588235
3,4,59,0.011226383969187737,2.299436330795288,0.9927007299270073,0.7941176470588235
3,4,60,0.010387491434812546,2.3234755992889404,0.9927007299270073,0.7941176470588235
3,4,61,0.00922403484582901,2.2824690341949463,1.0,0.7941176470588235
3,4,62,0.00875360518693924,2.271266222000122,1.0,0.7352941176470589
3,4,63,0.008439297787845135,2.301891565322876,1.0,0.7352941176470589
3,4,64,0.008207223378121853,2.333439350128174,1.0,0.7352941176470589
3,4,65,0.008024254813790321,2.367751121520996,1.0,0.7352941176470589
3,4,66,0.007864216342568398,2.409125328063965,1.0,0.7647058823529411
3,4,67,0.007656298577785492,2.463686227798462,1.0,0.7647058823529411
3,4,68,0.0074083623476326466,2.5347487926483154,1.0,0.7352941176470589
3,4,69,0.007242502644658089,2.611464023590088,1.0,0.7352941176470589
3,4,70,0.007087142672389746,2.6875386238098145,1.0,0.7647058823529411
3,4,71,0.006771027110517025,2.5728790760040283,1.0,0.7352941176470589
3,4,72,0.006582600995898247,2.4335296154022217,1.0,0.7352941176470589
3,4,73,0.006461532786488533,2.3234243392944336,1.0,0.7647058823529411
3,4,74,0.0063208770006895065,2.258211374282837,1.0,0.7941176470588235
3,4,75,0.006263719871640205,2.204744577407837,1.0,0.7941176470588235
3,4,76,0.0063639129512012005,2.185030221939087,1.0,0.7941176470588235
3,4,77,0.0058527481742203236,2.3053345680236816,1.0,0.7647058823529411
3,4,78,0.005710769910365343,2.4480535984039307,1.0,0.7647058823529411
3,4,79,0.005602202843874693,2.595679759979248,1.0,0.7647058823529411
3,4,80,0.005525772925466299,2.739873170852661,1.0,0.7941176470588235
3,4,81,0.005420851055532694,2.8265607357025146,1.0,0.7647058823529411
3,4,82,0.00534327607601881,2.907003879547119,1.0,0.7647058823529411
3,4,83,0.0053254105150699615,2.973975419998169,1.0,0.7647058823529411
3,4,84,0.005429363343864679,3.0300979614257812,1.0,0.7647058823529411
3,4,85,0.005497820675373077,3.0587759017944336,1.0,0.7647058823529411
3,4,86,0.004864399787038565,2.901503086090088,1.0,0.7352941176470589
3,4,87,0.004731722641736269,2.75116229057312,1.0,0.7647058823529411
3,4,88,0.004637328442186117,2.63338565826416,1.0,0.7647058823529411
3,4,89,0.004553810693323612,2.538215160369873,1.0,0.7941176470588235
3,4,90,0.004485755227506161,2.4720165729522705,1.0,0.7941176470588235
3,4,91,0.004418197087943554,2.4595084190368652,1.0,0.7941176470588235
3,4,92,0.004351005423814058,2.459674596786499,1.0,0.7941176470588235
3,4,93,0.004285357426851988,2.4740066528320312,1.0,0.7941176470588235
3,4,94,0.004194566048681736,2.5473244190216064,1.0,0.7941176470588235
3,4,95,0.004109635949134827,2.6213552951812744,1.0,0.7941176470588235
3,4,96,0.00402796920388937,2.6892261505126953,1.0,0.7647058823529411
3,4,97,0.003947797697037458,2.751221179962158,1.0,0.7647058823529411
3,4,98,0.003871737513691187,2.8108184337615967,1.0,0.7647058823529411
3,4,99,0.0037944260984659195,2.868180751800537,1.0,0.7647058823529411
3,4,100,0.0037200876977294683,2.9219419956207275,1.0,0.7647058823529411
3,5,1,1.253791093826294,1.6308856010437012,0.7226277372262774,0.7352941176470589
3,5,2,0.6043527126312256,0.6427651643753052,0.7226277372262774,0.7352941176470589
3,5,3,0.7569569945335388,0.8143330812454224,0.5693430656934306,0.5
3,5,4,0.5669386386871338,0.5909770727157593,0.7737226277372263,0.8235294117647058
3,5,5,0.5373895764350891,0.5798521637916565,0.7591240875912408,0.7352941176470589
3,5,6,0.5407926440238953,0.6026106476783752,0.7737226277372263,0.7352941176470589
3,5,7,0.48056352138519287,0.5266900062561035,0.7737226277372263,0.7058823529411765
3,5,8,0.42891719937324524,0.46465638279914856,0.8175182481751825,0.7352941176470589
3,5,9,0.41160890460014343,0.4670572876930237,0.8102189781021898,0.7941176470588235
3,5,10,0.3957655727863312,0.47255268692970276,0.8394160583941606,0.7941176470588235
3,5,11,0.3649581968784332,0.44575855135917664,0.8248175182481752,0.7941176470588235
3,5,12,0.3346461057662964,0.41912344098091125,0.8540145985401459,0.7941176470588235
3,5,13,0.3131653070449829,0.41791340708732605,0.8686131386861314,0.7647058823529411
3,5,14,0.2929689586162567,0.42715132236480713,0.8759124087591241,0.7647058823529411
3,5,15,0.26897045969963074,0.43455830216407776,0.8832116788321168,0.8235294117647058
3,5,16,0.24583612382411957,0.43954476714134216,0.8978102189781022,0.7941176470588235
3,5,17,0.23007580637931824,0.45381101965904236,0.927007299270073,0.8235294117647058
3,5,18,0.21111761033535004,0.47585442662239075,0.9343065693430657,0.7941176470588235
3,5,19,0.18420910835266113,0.4922281801700592,0.927007299270073,0.7352941176470589
3,5,20,0.1660306602716446,0.542767345905304,0.9197080291970803,0.7352941176470589
3,5,21,0.14565476775169373,0.6241994500160217,0.9343065693430657,0.7058823529411765
3,5,22,0.12356755137443542,0.6814752221107483,0.9562043795620438,0.6764705882352942
3,5,23,0.10862474143505096,0.7908292412757874,0.9781021897810219,0.6470588235294118
3,5,24,0.0994124561548233,0.8354984521865845,0.9708029197080292,0.5882352941176471
3,5,25,0.08380153775215149,0.8817052245140076,0.9781021897810219,0.6176470588235294
3,5,26,0.0738312304019928,0.9273720383644104,0.9854014598540146,0.6764705882352942
3,5,27,0.0670536607503891,0.9031705260276794,0.9781021897810219,0.6470588235294118
3,5,28,0.061682671308517456,0.8892849683761597,0.9781021897810219,0.6470588235294118
3,5,29,0.048775814473629,0.9762972593307495,0.9854014598540146,0.6764705882352942
3,5,30,0.05277879908680916,1.2020944356918335,0.9781021897810219,0.6764705882352942
3,5,31,0.040678031742572784,1.1435223817825317,0.9854014598540146,0.5882352941176471
3,5,32,0.04633226990699768,1.1480906009674072,0.9854014598540146,0.5882352941176471
3,5,33,0.03722067549824715,1.0645965337753296,0.9854014598540146,0.6470588235294118
3,5,34,0.03127438202500343,1.051983118057251,0.9854014598540146,0.6470588235294118
3,5,35,0.028847232460975647,1.2024558782577515,0.9854014598540146,0.6470588235294118
3,5,36,0.03138284757733345,1.3215746879577637,0.9854014598540146,0.6470588235294118
3,5,37,0.024650786072015762,1.2203900814056396,0.9854014598540146,0.6764705882352942
3,5,38,0.02267526462674141,1.1301711797714233,0.9854014598540146,0.6764705882352942
3,5,39,0.021167181432247162,1.1458302736282349,0.9854014598540146,0.6470588235294118
3,5,40,0.01982320286333561,1.1739826202392578,0.9854014598540146,0.6470588235294118
3,5,41,0.018600929528474808,1.2560468912124634,0.9854014598540146,0.6470588235294118
3,5,42,0.0182357020676136,1.353281855583191,0.9854014598540146,0.6470588235294118
3,5,43,0.018873119726777077,1.4494612216949463,0.9927007299270073,0.6470588235294118
3,5,44,0.016254546120762825,1.3634943962097168,0.9927007299270073,0.6176470588235294
3,5,45,0.015287552028894424,1.3126667737960815,0.9927007299270073,0.6470588235294118
3,5,46,0.01489066518843174,1.2825093269348145,0.9927007299270073,0.6764705882352942
3,5,47,0.015190314501523972,1.2755331993103027,0.9927007299270073,0.6764705882352942
3,5,48,0.01606668159365654,1.2878336906433105,0.9927007299270073,0.6764705882352942
3,5,49,0.014193539507687092,1.2985488176345825,0.9927007299270073,0.6764705882352942
3,5,50,0.012793042697012424,1.343700647354126,0.9927007299270073,0.6764705882352942
3,5,51,0.012045270763337612,1.382643222808838,0.9927007299270073,0.6470588235294118
3,5,52,0.01160078402608633,1.4344547986984253,0.9927007299270073,0.6470588235294118
3,5,53,0.011302109807729721,1.4910452365875244,0.9927007299270073,0.5882352941176471
3,5,54,0.011112702079117298,1.5498331785202026,0.9927007299270073,0.6176470588235294
3,5,55,0.011060706339776516,4.077047824859619,0.9927007299270073,0.6176470588235294
3,5,56,0.010376812890172005,4.043527126312256,0.9927007299270073,0.5882352941176471
3,5,57,0.00990450568497181,4.016576290130615,0.9927007299270073,0.5882352941176471
3,5,58,0.009527062065899372,3.99688458442688,0.9927007299270073,0.6176470588235294
3,5,59,0.009217062965035439,3.9844610691070557,0.9927007299270073,0.6176470588235294
3,5,60,0.008954541757702827,3.9630894660949707,0.9927007299270073,0.6470588235294118
3,5,61,0.008759203366935253,3.951554298400879,0.9927007299270073,0.6470588235294118
3,5,62,0.00857374258339405,3.954057216644287,0.9927007299270073,0.6470588235294118
3,5,63,0.008384816348552704,3.961297035217285,0.9927007299270073,0.6764705882352942
3,5,64,0.00816440861672163,3.970938205718994,0.9927007299270073,0.6764705882352942
3,5,65,0.00793286133557558,3.9808928966522217,0.9927007299270073,0.6764705882352942
3,5,66,0.007632324006408453,4.000984191894531,0.9927007299270073,0.6764705882352942
3,5,67,0.00740251736715436,4.03077507019043,1.0,0.6764705882352942
3,5,68,0.007206520065665245,4.065253734588623,1.0,0.6470588235294118
3,5,69,0.00702704070135951,4.106069087982178,1.0,0.6176470588235294
3,5,70,0.006863362155854702,4.147312641143799,1.0,0.5882352941176471
3,5,71,0.006690008565783501,4.130380153656006,1.0,0.6176470588235294
3,5,72,0.0065328581258654594,4.12052583694458,1.0,0.6176470588235294
3,5,73,0.006384933367371559,4.117575168609619,1.0,0.6470588235294118
3,5,74,0.006246029864996672,4.116621017456055,1.0,0.6764705882352942
3,5,75,0.006113565061241388,4.117840766906738,1.0,0.6764705882352942
3,5,76,0.0059830984100699425,4.116153240203857,1.0,0.6764705882352942
3,5,77,0.005844728089869022,4.10935640335083,1.0,0.6764705882352942
3,5,78,0.005709432531148195,4.10398530960083,1.0,0.6764705882352942
3,5,79,0.00558024737983942,4.09984016418457,1.0,0.6764705882352942
3,5,80,0.005458317697048187,4.098324775695801,1.0,0.6470588235294118
3,5,81,0.00534230750054121,4.096837520599365,1.0,0.6470588235294118
3,5,82,0.005232241004705429,4.0985612869262695,1.0,0.6470588235294118
3,5,83,0.005128406919538975,4.10168981552124,1.0,0.6470588235294118
3,5,84,0.005028269719332457,4.106256484985352,1.0,0.6470588235294118
3,5,85,0.004929630551487207,4.111978530883789,1.0,0.6470588235294118
3,5,86,0.00483198557049036,4.1193976402282715,1.0,0.6470588235294118
3,5,87,0.004736809525638819,4.127713203430176,1.0,0.6470588235294118
3,5,88,0.004643969237804413,4.137744426727295,1.0,0.6470588235294118
3,5,89,0.004553548060357571,4.148660659790039,1.0,0.6470588235294118
3,5,90,0.004465859849005938,4.165013790130615,1.0,0.6470588235294118
3,5,91,0.004381407052278519,4.1807475090026855,1.0,0.6764705882352942
3,5,92,0.004298629704862833,4.196193695068359,1.0,0.6764705882352942
3,5,93,0.004218338523060083,4.211878299713135,1.0,0.6764705882352942
3,5,94,0.004138929303735495,4.224769115447998,1.0,0.6764705882352942
3,5,95,0.004060911480337381,4.237852573394775,1.0,0.6764705882352942
3,5,96,0.003985200077295303,4.252291679382324,1.0,0.6764705882352942
3,5,97,0.003912113141268492,4.25434684753418,1.0,0.6764705882352942
3,5,98,0.003840194083750248,4.2596755027771,1.0,0.6764705882352942
3,5,99,0.0037688834127038717,4.267967224121094,1.0,0.6764705882352942
3,5,100,0.0036982137244194746,4.276919364929199,1.0,0.6764705882352942
4,1,1,1.1510365009307861,1.9995977878570557,0.7279411764705882,0.7142857142857143
4,1,2,0.6242690682411194,0.944884181022644,0.7279411764705882,0.7142857142857143
4,1,3,0.565951943397522,0.5991939306259155,0.7647058823529411,0.7428571428571429
4,1,4,0.4882679581642151,0.5860486626625061,0.75,0.7142857142857143
4,1,5,0.45145002007484436,0.6380282640457153,0.7426470588235294,0.7142857142857143
4,1,6,0.4189153015613556,0.6447927355766296,0.7794117647058824,0.7428571428571429
4,1,7,0.38682183623313904,0.624671995639801,0.8014705882352942,0.7714285714285715
4,1,8,0.3729460835456848,0.6471403241157532,0.8088235294117647,0.7428571428571429
4,1,9,0.3541148006916046,0.6606304049491882,0.8088235294117647,0.7428571428571429
4,1,10,0.32675984501838684,0.654075026512146,0.8235294117647058,0.8
4,1,11,0.3050224781036377,0.6622859835624695,0.8529411764705882,0.8
4,1,12,0.2805723547935486,0.6221908330917358,0.8823529411764706,0.8
4,1,13,0.2583530843257904,0.5974484086036682,0.8970588235294118,0.8285714285714286
4,1,14,0.2375110536813736,0.571681559085846,0.9044117647058824,0.8285714285714286
4,1,15,0.21577605605125427,0.6110582947731018,0.9044117647058824,0.8
4,1,16,0.1957879513502121,0.6100467443466187,0.9264705882352942,0.8
4,1,17,0.17848743498325348,0.6104217767715454,0.9264705882352942,0.8
4,1,18,0.16505953669548035,0.6381964683532715,0.9264705882352942,0.8285714285714286
4,1,19,0.14703376591205597,0.7890892028808594,0.9411764705882353,0.8
4,1,20,0.12764400243759155,0.8252887725830078,0.9558823529411765,0.8
4,1,21,0.11123321950435638,0.8668972253799438,0.9632352941176471,0.7142857142857143
4,1,22,0.10931184142827988,0.8433300852775574,0.9705882352941176,0.7428571428571429
4,1,23,0.09927638620138168,0.8913161158561707,0.9705882352941176,0.7142857142857143
4,1,24,0.07814688235521317,0.9834998250007629,0.9705882352941176,0.6857142857142857
4,1,25,0.06764669716358185,1.1065704822540283,0.9852941176470589,0.6571428571428571
4,1,26,0.05915018543601036,1.1242364645004272,0.9852941176470589,0.6571428571428571
4,1,27,0.053071293979883194,1.119293451309204,0.9852941176470589,0.6571428571428571
4,1,28,0.04741382971405983,1.1373035907745361,0.9852941176470589,0.7142857142857143
4,1,29,0.03931564837694168,1.248522162437439,1.0,0.6857142857142857
4,1,30,0.073272205889225,1.5416988134384155,0.9779411764705882,0.7142857142857143
4,1,31,0.03129974380135536,1.283939003944397,1.0,0.7142857142857143
4,1,32,0.04229128360748291,1.2453731298446655,0.9926470588235294,0.7428571428571429
4,1,33,0.05466293543577194,1.335294246673584,0.9926470588235294,0.7428571428571429
4,1,34,0.03637424111366272,1.3454660177230835,0.9926470588235294,0.7428571428571429
4,1,35,0.022569330409169197,1.4658523797988892,1.0,0.7142857142857143
4,1,36,0.052414391189813614,1.8667428493499756,0.9779411764705882,0.7142857142857143
4,1,37,0.021997220814228058,1.6986488103866577,1.0,0.7142857142857143
4,1,38,0.017687097191810608,1.5385384559631348,1.0,0.7142857142857143
4,1,39,0.02090040221810341,1.5151643753051758,1.0,0.7428571428571429
4,1,40,0.027899598702788353,1.5642743110656738,0.9926470588235294,0.7142857142857143
4,1,41,0.02096354216337204,1.6027342081069946,0.9926470588235294,0.7428571428571429
4,1,42,0.013506549410521984,1.692599892616272,1.0,0.7142857142857143
4,1,43,0.01280235592275858,1.890407919883728,1.0,0.7142857142857143
4,1,44,0.012945232912898064,2.023721933364868,1.0,0.7142857142857143
4,1,45,0.011456340551376343,2.008859872817993,1.0,0.6857142857142857
4,1,46,0.010796880349516869,1.9631816148757935,1.0,0.6857142857142857
4,1,47,0.010374551638960838,1.9379525184631348,1.0,0.6857142857142857
4,1,48,0.01041324157267809,1.947484016418457,1.0,0.7142857142857143
4,1,49,0.009843545965850353,1.9972516298294067,1.0,0.7142857142857143
4,1,50,0.009217623621225357,2.080655097961426,1.0,0.6857142857142857
4,1,51,0.008885091170668602,2.1763243675231934,1.0,0.6857142857142857
4,1,52,0.008601241745054722,2.2755684852600098,1.0,0.6857142857142857
4,1,53,0.008339094929397106,2.369117498397827,1.0,0.6857142857142857
4,1,54,0.008108120411634445,2.451864719390869,1.0,0.6857142857142857
4,1,55,0.008023964241147041,2.5567374229431152,1.0,0.6857142857142857
4,1,56,0.008575676009058952,2.6587436199188232,1.0,0.6857142857142857
4,1,57,0.007330004591494799,2.514292001724243,1.0,0.6857142857142857
4,1,58,0.007081318646669388,2.3900320529937744,1.0,0.6857142857142857
4,1,59,0.006869668606668711,2.290302038192749,1.0,0.7142857142857143
4,1,60,0.006761983502656221,2.2512199878692627,1.0,0.7142857142857143
4,1,61,0.007534599397331476,2.2532105445861816,1.0,0.6857142857142857
4,1,62,0.01316029578447342,2.2642176151275635,0.9926470588235294,0.6857142857142857
4,1,63,0.01240347046405077,2.2604868412017822,0.9926470588235294,0.6857142857142857
4,1,64,0.005937701556831598,2.393768787384033,1.0,0.6571428571428571
4,1,65,0.005878303665667772,2.8004863262176514,1.0,0.7142857142857143
4,1,66,0.04244213551282883,3.3901610374450684,0.9779411764705882,0.6857142857142857
4,1,67,0.006389715243130922,3.013103485107422,1.0,0.6857142857142857
4,1,68,0.0052978587336838245,2.613546133041382,1.0,0.6571428571428571
4,1,69,0.005138708278536797,2.379281997680664,1.0,0.6571428571428571
4,1,70,0.005173022393137217,2.19566011428833,1.0,0.6571428571428571
4,1,71,0.009624465368688107,2.1273255348205566,1.0,0.6857142857142857
4,1,72,0.006791342049837112,2.096928596496582,1.0,0.6857142857142857
4,1,73,0.0045743477530777454,2.1179091930389404,1.0,0.6571428571428571
4,1,74,0.004411345813423395,2.1984283924102783,1.0,0.6571428571428571
4,1,75,0.004294902551919222,2.2967467308044434,1.0,0.6571428571428571
4,1,76,0.004511685576289892,2.436131477355957,1.0,0.6857142857142857
4,1,77,0.007862026803195477,2.5628230571746826,1.0,0.6857142857142857
4,1,78,0.006125262007117271,2.506335973739624,1.0,0.6857142857142857
4,1,79,0.003913072403520346,2.329120635986328,1.0,0.6857142857142857
4,1,80,0.0036534834653139114,2.1972835063934326,1.0,0.6571428571428571
4,1,81,0.0035219567362219095,2.109528064727783,1.0,0.6571428571428571
4,1,82,0.003403301117941737,2.0564589500427246,1.0,0.6285714285714286
4,1,83,0.0032865789253264666,2.0459952354431152,1.0,0.6285714285714286
4,1,84,0.0031727710738778114,2.0362725257873535,1.0,0.6571428571428571
4,1,85,0.003061852417886257,2.0384764671325684,1.0,0.6857142857142857
4,1,86,0.0029542208649218082,2.042013645172119,1.0,0.6857142857142857
4,1,87,0.002850454533472657,2.04931640625,1.0,0.6857142857142857
4,1,88,0.0027509520296007395,2.0588572025299072,1.0,0.6857142857142857
4,1,89,0.0026551675982773304,2.0700113773345947,1.0,0.6857142857142857
4,1,90,0.0025627717841416597,2.0795176029205322,1.0,0.6857142857142857
4,1,91,0.002473567146807909,2.088336706161499,1.0,0.6857142857142857
4,1,92,0.002385662868618965,2.0981690883636475,1.0,0.6857142857142857
4,1,93,0.002282787347212434,2.134091854095459,1.0,0.6857142857142857
4,1,94,0.0021898820996284485,2.173551559448242,1.0,0.6857142857142857
4,1,95,0.002104053972288966,2.223494529724121,1.0,0.6857142857142857
4,1,96,0.0020230193622410297,2.27447509765625,1.0,0.6857142857142857
4,1,97,0.0019452747656032443,2.326301336288452,1.0,0.6857142857142857
4,1,98,0.0018708027200773358,2.379828929901123,1.0,0.7142857142857143
4,1,99,0.001798828481696546,2.4339709281921387,1.0,0.7142857142857143
4,1,100,0.0017301426269114017,2.4859766960144043,1.0,0.7142857142857143
4,2,1,1.217265009880066,1.323533058166504,0.7226277372262774,0.7352941176470589
4,2,2,0.5751407146453857,0.7307867407798767,0.7372262773722628,0.7352941176470589
4,2,3,0.8351426720619202,0.7005915641784668,0.5547445255474452,0.5588235294117647
4,2,4,0.48489534854888916,0.6089407801628113,0.8540145985401459,0.7058823529411765
4,2,5,0.48292651772499084,0.6753347516059875,0.8175182481751825,0.6764705882352942
4,2,6,0.47247692942619324,0.6946675777435303,0.8248175182481752,0.6764705882352942
4,2,7,0.40099698305130005,0.6537070870399475,0.8248175182481752,0.6470588235294118
4,2,8,0.34451717138290405,0.6107306480407715,0.8613138686131386,0.6764705882352942
4,2,9,0.33753424882888794,0.6007617712020874,0.8759124087591241,0.6764705882352942
4,2,10,0.3169252574443817,0.6217302680015564,0.8832116788321168,0.6764705882352942
4,2,11,0.2765766680240631,0.6584532260894775,0.8832116788321168,0.6764705882352942
4,2,12,0.24541515111923218,0.716444194316864,0.9051094890510949,0.6764705882352942
4,2,13,0.23319001495838165,0.7846251726150513,0.8978102189781022,0.6764705882352942
4,2,14,0.22802288830280304,0.8503103852272034,0.8978102189781022,0.6764705882352942
4,2,15,0.21375633776187897,0.8994798064231873,0.9051094890510949,0.6470588235294118
4,2,16,0.1892319619655609,0.9294283390045166,0.9124087591240876,0.6764705882352942
4,2,17,0.17012517154216766,0.9565649628639221,0.9124087591240876,0.7058823529411765
4,2,18,0.1621975600719452,0.9982523322105408,0.9124087591240876,0.7058823529411765
4,2,19,0.15327802300453186,1.0479282140731812,0.927007299270073,0.7352941176470589
4,2,20,0.1374218463897705,1.1015101671218872,0.9343065693430657,0.7647058823529411
4,2,21,0.12329229712486267,1.1674984693527222,0.9343065693430657,0.7647058823529411
4,2,22,0.11564004421234131,1.235280156135559,0.948905109489051,0.7647058823529411
4,2,23,0.10775092244148254,1.3015410900115967,0.948905109489051,0.7352941176470589
4,2,24,0.09525052458047867,1.3497660160064697,0.9708029197080292,0.7352941176470589
4,2,25,0.08554448932409286,1.38774573802948,0.9708029197080292,0.7352941176470589
4,2,26,0.08168338984251022,1.431351661682129,0.9781021897810219,0.7647058823529411
4,2,27,0.07371171563863754,1.4894976615905762,0.9854014598540146,0.7647058823529411
4,2,28,0.06379620730876923,1.5571398735046387,0.9854014598540146,0.7352941176470589
4,2,29,0.05536697432398796,1.6383285522460938,0.9854014598540146,0.7352941176470589
4,2,30,0.04973098635673523,1.7238551378250122,0.9927007299270073,0.7352941176470589
4,2,31,0.044558145105838776,1.784123182296753,0.9927007299270073,0.7352941176470589
4,2,32,0.03927193954586983,1.829282522201538,0.9927007299270073,0.7352941176470589
4,2,33,0.03487234562635422,1.875856876373291,1.0,0.7352941176470589
4,2,34,0.030739376321434975,1.945530652999878,1.0,0.7352941176470589
4,2,35,0.028368329629302025,2.0077574253082275,1.0,0.7352941176470589
4,2,36,0.025344334542751312,2.057600498199463,1.0,0.7352941176470589
4,2,37,0.032220326364040375,2.032829761505127,0.9927007299270073,0.7352941176470589
4,2,38,0.030640942975878716,4.5673604011535645,0.9927007299270073,0.7352941176470589
4,2,39,0.02526572160422802,4.66099214553833,0.9927007299270073,0.7352941176470589
4,2,40,0.020948952063918114,4.756547451019287,1.0,0.7352941176470589
4,2,41,0.034288421273231506,4.742945671081543,0.9927007299270073,0.7352941176470589
4,2,42,0.03912472724914551,4.70257043838501,0.9927007299270073,0.7352941176470589
4,2,43,0.02977052330970764,4.701529026031494,0.9927007299270073,0.7352941176470589
4,2,44,0.015214147046208382,4.740298748016357,1.0,0.7352941176470589
4,2,45,0.015430454164743423,4.840844631195068,1.0,0.7058823529411765
4,2,46,0.04200610890984535,4.98229455947876,0.9854014598540146,0.7058823529411765
4,2,47,0.016059070825576782,4.856743335723877,1.0,0.7058823529411765
4,2,48,0.015275328420102596,4.737241744995117,1.0,0.7352941176470589
4,2,49,0.03005836345255375,4.74161958694458,0.9927007299270073,0.7647058823529411
4,2,50,0.02885793335735798,4.757931709289551,0.9927007299270073,0.7647058823529411
4,2,51,0.016709374263882637,4.820387840270996,0.9927007299270073,0.7352941176470589
4,2,52,0.009972102008759975,5.010858535766602,1.0,0.7352941176470589
4,2,53,0.010518815368413925,5.2125043869018555,1.0,0.7352941176470589
4,2,54,0.038889333605766296,5.441841125488281,0.9854014598540146,0.7058823529411765
4,2,55,0.023874057456851006,5.425267696380615,0.9854014598540146,0.7058823529411765
4,2,56,0.008489682339131832,5.2546844482421875,1.0,0.7352941176470589
4,2,57,0.007639560382813215,5.12794303894043,1.0,0.7352941176470589
4,2,58,0.007514247205108404,5.024289131164551,1.0,0.7352941176470589
4,2,59,0.007832012139260769,4.976851463317871,1.0,0.7647058823529411
4,2,60,0.009252929128706455,5.020473957061768,1.0,0.7352941176470589
4,2,61,0.010063841007649899,5.033075332641602,1.0,0.7352941176470589
4,2,62,0.007434890139847994,5.032151222229004,1.0,0.7647058823529411
4,2,63,0.006283029913902283,5.099522113800049,1.0,0.7352941176470589
4,2,64,0.00593923544511199,5.201902866363525,1.0,0.7352941176470589
4,2,65,0.005774296820163727,5.300848960876465,1.0,0.7352941176470589
4,2,66,0.0058121150359511375,5.392972946166992,1.0,0.7352941176470589
4,2,67,0.006020331289619207,5.475223541259766,1.0,0.7058823529411765
4,2,68,0.005656532943248749,5.515772342681885,1.0,0.7058823529411765
4,2,69,0.005099082365632057,5.516927242279053,1.0,0.7352941176470589
4,2,70,0.004799675662070513,5.493380069732666,1.0,0.7352941176470589
4,2,71,0.0046476153656840324,5.480506420135498,1.0,0.7352941176470589
4,2,72,0.004575083497911692,7.943271636962891,1.0,0.7352941176470589
4,2,73,0.004300127737224102,7.96308708190918,1.0,0.7352941176470589
4,2,74,0.0041115423664450645,7.982037544250488,1.0,0.7352941176470589
4,2,75,0.003952233586460352,8.001127243041992,1.0,0.7352941176470589
4,2,76,0.0038067824207246304,8.020821571350098,1.0,0.7352941176470589
4,2,77,0.003669946687296033,8.040693283081055,1.0,0.7352941176470589
4,2,78,0.0035388346295803785,8.059144973754883,1.0,0.7352941176470589
4,2,79,0.0034123207442462444,8.076251983642578,1.0,0.7352941176470589
4,2,80,0.0032918809447437525,8.09322452545166,1.0,0.7352941176470589
4,2,81,0.0031771110370755196,8.11022663116455,1.0,0.7352941176470589
4,2,82,0.0030687067192047834,8.126129150390625,1.0,0.7352941176470589
4,2,83,0.002960748504847288,8.139660835266113,1.0,0.7352941176470589
4,2,84,0.0028459730092436075,8.148691177368164,1.0,0.7352941176470589
4,2,85,0.002710097236558795,8.141470909118652,1.0,0.7352941176470589
4,2,86,0.002586423885077238,8.13896369934082,1.0,0.7352941176470589
4,2,87,0.002475276356562972,8.13665771484375,1.0,0.7352941176470589
4,2,88,0.002372278831899166,8.13710880279541,1.0,0.7352941176470589
4,2,89,0.0022749649360775948,8.13560962677002,1.0,0.7352941176470589
4,2,90,0.002181738382205367,8.13489818572998,1.0,0.7352941176470589
4,2,91,0.002093594055622816,8.134093284606934,1.0,0.7352941176470589
4,2,92,0.0020096118096262217,8.133642196655273,1.0,0.7352941176470589
4,2,93,0.0019290768541395664,8.132681846618652,1.0,0.7352941176470589
4,2,94,0.0018520996673032641,8.13563346862793,1.0,0.7352941176470589
4,2,95,0.0017790414858609438,8.138405799865723,1.0,0.7352941176470589
4,2,96,0.00170835480093956,8.139958381652832,1.0,0.7352941176470589
4,2,97,0.0016412449767813087,8.14217758178711,1.0,0.7352941176470589
4,2,98,0.0015769487945362926,8.143959045410156,1.0,0.7352941176470589
4,2,99,0.0015152289997786283,8.146133422851562,1.0,0.7058823529411765
4,2,100,0.0014561573043465614,8.148260116577148,1.0,0.7058823529411765
4,3,1,1.0348379611968994,1.0787490606307983,0.7226277372262774,0.7352941176470589
4,3,2,0.5356475710868835,0.4690267741680145,0.7226277372262774,0.7352941176470589
4,3,3,0.71312016248703,1.0378211736679077,0.7153284671532847,0.5294117647058824
4,3,4,0.4706111252307892,0.4845677614212036,0.7956204379562044,0.7941176470588235
4,3,5,0.5071204900741577,0.5393561720848083,0.7737226277372263,0.7352941176470589
4,3,6,0.4587222635746002,0.5237724184989929,0.7737226277372263,0.7352941176470589
4,3,7,0.3954710066318512,0.5195215940475464,0.8102189781021898,0.7941176470588235
4,3,8,0.38102877140045166,0.6438839435577393,0.8248175182481752,0.6764705882352942
4,3,9,0.35842832922935486,0.6679601073265076,0.8467153284671532,0.7058823529411765
4,3,10,0.31667712330818176,0.5936251282691956,0.8832116788321168,0.7647058823529411
4,3,11,0.28715023398399353,0.56005859375,0.8832116788321168,0.7941176470588235
4,3,12,0.2704615294933319,0.5782690048217773,0.8905109489051095,0.7647058823529411
4,3,13,0.24957801401615143,0.5968695282936096,0.8905109489051095,0.7647058823529411
4,3,14,0.22676022350788116,0.6109333038330078,0.8978102189781022,0.7647058823529411
4,3,15,0.20986540615558624,0.6328769326210022,0.9124087591240876,0.7647058823529411
4,3,16,0.19466368854045868,0.6585546135902405,0.9124087591240876,0.7647058823529411
4,3,17,0.1759611815214157,0.6842004060745239,0.9124087591240876,0.7647058823529411
4,3,18,0.15337635576725006,0.7226114869117737,0.9197080291970803,0.7647058823529411
4,3,19,0.13874390721321106,0.7736689448356628,0.9343065693430657,0.7647058823529411
4,3,20,0.1240229606628418,0.799688994884491,0.948905109489051,0.7647058823529411
4,3,21,0.1116352453827858,0.8359705805778503,0.9708029197080292,0.7352941176470589
4,3,22,0.10126293450593948,0.8881248831748962,0.9708029197080292,0.7352941176470589
4,3,23,0.0928165540099144,0.9486581087112427,0.9781021897810219,0.7352941176470589
4,3,24,0.08262763917446136,1.0043851137161255,0.9781021897810219,0.7352941176470589
4,3,25,0.07380684465169907,1.030592679977417,0.9708029197080292,0.7352941176470589
4,3,26,0.06522813439369202,1.0969001054763794,0.9708029197080292,0.7352941176470589
4,3,27,0.05535281077027321,1.203250527381897,0.9781021897810219,0.7352941176470589
4,3,28,0.06005078926682472,1.1737310886383057,0.9708029197080292,0.7647058823529411
4,3,29,0.05552930384874344,1.2244681119918823,0.9781021897810219,0.8235294117647058
4,3,30,0.03923190385103226,1.3562153577804565,0.9854014598540146,0.7647058823529411
4,3,31,0.04394761100411415,1.6123018264770508,0.9854014598540146,0.7352941176470589
4,3,32,0.0402812734246254,1.6599408388137817,1.0,0.7352941176470589
4,3,33,0.03333407640457153,1.4254496097564697,0.9927007299270073,0.7647058823529411
4,3,34,0.0547093003988266,1.4141026735305786,0.9927007299270073,0.7941176470588235
4,3,35,0.06039189174771309,1.475298285484314,0.9927007299270073,0.7647058823529411
4,3,36,0.04727848619222641,1.5013084411621094,0.9927007299270073,0.7941176470588235
4,3,37,0.026066746562719345,1.547275424003601,0.9927007299270073,0.7941176470588235
4,3,38,0.01892934925854206,1.6892805099487305,1.0,0.7647058823529411
4,3,39,0.02349996194243431,1.8412595987319946,1.0,0.7352941176470589
4,3,40,0.03619090095162392,1.9771701097488403,0.9854014598540146,0.7352941176470589
4,3,41,0.03741975128650665,2.0250675678253174,0.9854014598540146,0.7352941176470589
4,3,42,0.016277071088552475,1.887894630432129,1.0,0.7352941176470589
4,3,43,0.013431540690362453,1.8028935194015503,1.0,0.7647058823529411
4,3,44,0.016105609014630318,1.7905255556106567,1.0,0.7941176470588235
4,3,45,0.021948903799057007,1.8134297132492065,0.9927007299270073,0.7941176470588235
4,3,46,0.02812599577009678,1.8502509593963623,0.9927007299270073,0.7941176470588235
4,3,47,0.02627663128077984,1.8811694383621216,0.9927007299270073,0.7941176470588235
4,3,48,0.017970992252230644,1.9101742506027222,0.9927007299270073,0.7941176470588235
4,3,49,0.011065415106713772,1.9583775997161865,1.0,0.7941176470588235
4,3,50,0.010077749378979206,2.0524377822875977,1.0,0.7352941176470589
4,3,51,0.01205267384648323,2.1991446018218994,1.0,0.7058823529411765
4,3,52,0.010906807146966457,2.211763620376587,1.0,0.7058823529411765
4,3,53,0.009373776614665985,2.1838974952697754,1.0,0.7352941176470589
4,3,54,0.008700719103217125,2.155186891555786,1.0,0.7352941176470589
4,3,55,0.008395256474614143,2.1449458599090576,1.0,0.7647058823529411
4,3,56,0.00834034662693739,2.148118019104004,1.0,0.7647058823529411
4,3,57,0.009037167765200138,2.15978741645813,1.0,0.7647058823529411
4,3,58,0.009062070399522781,2.1772725582122803,1.0,0.7647058823529411
4,3,59,0.007655410096049309,2.2009143829345703,1.0,0.7647058823529411
4,3,60,0.007291689515113831,2.229503870010376,1.0,0.7647058823529411
4,3,61,0.00710447458550334,2.261914014816284,1.0,0.7647058823529411
4,3,62,0.0069633726961910725,2.303136110305786,1.0,0.7352941176470589
4,3,63,0.006916002836078405,2.357013702392578,1.0,0.7352941176470589
4,3,64,0.007073225919157267,2.4153692722320557,1.0,0.7058823529411765
4,3,65,0.007089919876307249,2.4472672939300537,1.0,0.7058823529411765
4,3,66,0.006950216367840767,2.465798854827881,1.0,0.7058823529411765
4,3,67,0.006557302083820105,2.457399368286133,1.0,0.7058823529411765
4,3,68,0.006203200668096542,2.442641258239746,1.0,0.7058823529411765
4,3,69,0.005881141405552626,2.418657064437866,1.0,0.7352941176470589
4,3,70,0.005618274211883545,2.391608715057373,1.0,0.7647058823529411
4,3,71,0.005416166968643665,2.3671700954437256,1.0,0.7647058823529411
4,3,72,0.005252656061202288,2.360602855682373,1.0,0.7647058823529411
4,3,73,0.005101331043988466,2.3595056533813477,1.0,0.7647058823529411
4,3,74,0.004963511601090431,2.362757444381714,1.0,0.7647058823529411
4,3,75,0.0048218476586043835,2.3737149238586426,1.0,0.7647058823529411
4,3,76,0.004681946709752083,2.3842482566833496,1.0,0.7647058823529411
4,3,77,0.004544666036963463,2.394043445587158,1.0,0.7647058823529411
4,3,78,0.004409614484757185,2.403259754180908,1.0,0.7647058823529411
4,3,79,0.004275461193174124,2.426340103149414,1.0,0.7647058823529411
4,3,80,0.004160817712545395,2.46714448928833,1.0,0.7647058823529411
4,3,81,0.004140397999435663,2.572723388671875,1.0,0.7058823529411765
4,3,82,0.005237543489784002,2.7426795959472656,1.0,0.7058823529411765
4,3,83,0.0039894068613648415,2.6277999877929688,1.0,0.7058823529411765
4,3,84,0.0037172548472881317,2.547097682952881,1.0,0.7352941176470589
4,3,85,0.003571916837245226,2.5057992935180664,1.0,0.7647058823529411
4,3,86,0.003449463052675128,2.485816240310669,1.0,0.7647058823529411
4,3,87,0.0033340658992528915,2.4735000133514404,1.0,0.7647058823529411
4,3,88,0.003223238280043006,2.4658305644989014,1.0,0.7647058823529411
4,3,89,0.003115773666650057,2.4602200984954834,1.0,0.7647058823529411
4,3,90,0.003011032473295927,2.4558815956115723,1.0,0.7941176470588235
4,3,91,0.0029098743107169867,2.453303575515747,1.0,0.7941176470588235
4,3,92,0.0028120861388742924,2.452387571334839,1.0,0.7941176470588235
4,3,93,0.0027181440964341164,2.4546186923980713,1.0,0.7941176470588235
4,3,94,0.00262848986312747,2.4588046073913574,1.0,0.7941176470588235
4,3,95,0.002543120412155986,2.464996814727783,1.0,0.7941176470588235
4,3,96,0.0024637719616293907,2.472573757171631,1.0,0.7941176470588235
4,3,97,0.002390313195064664,2.4806456565856934,1.0,0.7647058823529411
4,3,98,0.0022885799407958984,2.475912094116211,1.0,0.7941176470588235
4,3,99,0.0022089306730777025,2.4830124378204346,1.0,0.7941176470588235
4,3,100,0.0021339666564017534,2.4901580810546875,1.0,0.7941176470588235
4,4,1,1.346983551979065,0.4278858006000519,0.7226277372262774,0.7352941176470589
4,4,2,0.5415475368499756,0.47175541520118713,0.7226277372262774,0.7352941176470589
4,4,3,0.9260274171829224,1.0226281881332397,0.5693430656934306,0.38235294117647056
4,4,4,0.5239169597625732,0.518315851688385,0.7883211678832117,0.7352941176470589
4,4,5,0.5697212815284729,0.4070096015930176,0.7518248175182481,0.7352941176470589
4,4,6,0.5746030807495117,0.40150076150894165,0.7591240875912408,0.7352941176470589
4,4,7,0.48743030428886414,0.4023776352405548,0.7664233576642335,0.7352941176470589
4,4,8,0.41885361075401306,0.4149588942527771,0.8029197080291971,0.7352941176470589
4,4,9,0.4020734429359436,0.45215728878974915,0.8029197080291971,0.7352941176470589
4,4,10,0.40186548233032227,0.487729012966156,0.8394160583941606,0.7058823529411765
4,4,11,0.3785814642906189,0.48141220211982727,0.8540145985401459,0.7058823529411765
4,4,12,0.34406647086143494,0.4493415653705597,0.8686131386861314,0.7941176470588235
4,4,13,0.3141489028930664,0.4237270951271057,0.8686131386861314,0.7647058823529411
4,4,14,0.2965329587459564,0.4124045670032501,0.8759124087591241,0.7647058823529411
4,4,15,0.2827530801296234,0.4123457670211792,0.8832116788321168,0.7647058823529411
4,4,16,0.2636292278766632,0.41900843381881714,0.8905109489051095,0.7647058823529411
4,4,17,0.24397197365760803,0.4302203357219696,0.8978102189781022,0.7647058823529411
4,4,18,0.22645340859889984,0.44419020414352417,0.9051094890510949,0.7352941176470589
4,4,19,0.21217159926891327,0.45848172903060913,0.9197080291970803,0.7647058823529411
4,4,20,0.19587907195091248,0.469462513923645,0.9197080291970803,0.7647058823529411
4,4,21,0.1781591922044754,0.483918696641922,0.9197080291970803,0.7647058823529411
4,4,22,0.16045139729976654,0.49989426136016846,0.9416058394160584,0.7352941176470589
4,4,23,0.14626815915107727,0.525416910648346,0.9416058394160584,0.7647058823529411
4,4,24,0.13370168209075928,0.5561286807060242,0.948905109489051,0.7647058823529411
4,4,25,0.1200987696647644,0.5877492427825928,0.9562043795620438,0.7647058823529411
4,4,26,0.10624677687883377,0.6234853267669678,0.9562043795620438,0.7647058823529411
4,4,27,0.09516772627830505,0.6652190089225769,0.9781021897810219,0.7352941176470589
4,4,28,0.08488807082176208,0.7036889791488647,0.9781021897810219,0.7352941176470589
4,4,29,0.07479167729616165,0.7361981272697449,0.9781021897810219,0.7352941176470589
4,4,30,0.06505598872900009,0.7578031420707703,0.9781021897810219,0.7647058823529411
4,4,31,0.05647147074341774,0.7788353562355042,0.9854014598540146,0.7647058823529411
4,4,32,0.04983211308717728,0.8017094731330872,0.9854014598540146,0.7647058823529411
4,4,33,0.044189367443323135,0.8436189293861389,0.9854014598540146,0.7647058823529411
4,4,34,0.044587358832359314,0.8956870436668396,0.9781021897810219,0.7647058823529411
4,4,35,0.05056579411029816,0.9596778750419617,0.9781021897810219,0.7647058823529411
4,4,36,0.03639352694153786,0.9965555667877197,0.9781021897810219,0.7941176470588235
4,4,37,0.03335854038596153,1.0648804903030396,0.9854014598540146,0.7647058823529411
4,4,38,0.03859693557024002,1.1071357727050781,0.9854014598540146,0.7647058823529411
4,4,39,0.024051109328866005,1.1132590770721436,0.9854014598540146,0.7352941176470589
4,4,40,0.03077196143567562,1.2165215015411377,0.9854014598540146,0.7058823529411765
4,4,41,0.03031388856470585,1.2183539867401123,0.9927007299270073,0.7352941176470589
4,4,42,0.02246583066880703,1.2131989002227783,0.9927007299270073,0.7647058823529411
4,4,43,0.017686020582914352,1.248414397239685,1.0,0.7647058823529411
4,4,44,0.01586705446243286,1.296356201171875,1.0,0.7647058823529411
4,4,45,0.01579023338854313,1.3399925231933594,1.0,0.7647058823529411
4,4,46,0.017040356993675232,1.3816814422607422,1.0,0.7647058823529411
4,4,47,0.013595671392977238,1.406652808189392,1.0,0.7647058823529411
4,4,48,0.012367185205221176,1.4233098030090332,1.0,0.7647058823529411
4,4,49,0.01562139019370079,1.4346598386764526,0.9927007299270073,0.7647058823529411
4,4,50,0.0220699030905962,1.4482049942016602,0.9927007299270073,0.7647058823529411
4,4,51,0.019906193017959595,1.4642374515533447,0.9927007299270073,0.7647058823529411
4,4,52,0.013724295422434807,1.4886085987091064,0.9927007299270073,0.7647058823529411
4,4,53,0.009321067482233047,1.5156255960464478,1.0,0.7647058823529411
4,4,54,0.008003903552889824,1.5430879592895508,1.0,0.7647058823529411
4,4,55,0.008714531548321247,1.5722755193710327,1.0,0.7647058823529411
4,4,56,0.008321423083543777,1.5928205251693726,1.0,0.7647058823529411
4,4,57,0.006913360208272934,1.6057063341140747,1.0,0.7647058823529411
4,4,58,0.006685042753815651,1.6190731525421143,1.0,0.7647058823529411
4,4,59,0.006454084999859333,1.636494755744934,1.0,0.7647058823529411
4,4,60,0.0061052157543599606,1.6513084173202515,1.0,0.7647058823529411
4,4,61,0.005836332682520151,1.6599547863006592,1.0,0.7647058823529411
4,4,62,0.005607449449598789,1.6628972291946411,1.0,0.7647058823529411
4,4,63,0.005419488064944744,1.6690828800201416,1.0,0.7647058823529411
4,4,64,0.0052882772870361805,1.6764918565750122,1.0,0.7647058823529411
4,4,65,0.00522281089797616,1.683034896850586,1.0,0.7647058823529411
4,4,66,0.005241341423243284,1.6888762712478638,1.0,0.7647058823529411
4,4,67,0.004983162973076105,1.690478801727295,1.0,0.7647058823529411
4,4,68,0.0046733347699046135,1.684322476387024,1.0,0.7647058823529411
4,4,69,0.004596329759806395,1.6795283555984497,1.0,0.7647058823529411
4,4,70,0.004837200976908207,1.6780577898025513,1.0,0.7647058823529411
4,4,71,0.006636092904955149,1.679113507270813,1.0,0.7647058823529411
4,4,72,0.009047821164131165,1.6834535598754883,1.0,0.7941176470588235
4,4,73,0.004336279816925526,1.6885541677474976,1.0,0.7941176470588235
4,4,74,0.004051725845783949,1.704986333847046,1.0,0.7941176470588235
4,4,75,0.004023503977805376,1.7216345071792603,1.0,0.7647058823529411
4,4,76,0.004599099978804588,1.7346234321594238,1.0,0.7647058823529411
4,4,77,0.006715081166476011,1.7422707080841064,1.0,0.7647058823529411
4,4,78,0.004607018548995256,1.7366925477981567,1.0,0.7941176470588235
4,4,79,0.0036732193548232317,1.7194405794143677,1.0,0.7941176470588235
4,4,80,0.003611696418374777,1.7066302299499512,1.0,0.7941176470588235
4,4,81,0.004519694484770298,1.698435664176941,1.0,0.7941176470588235
4,4,82,0.013722592033445835,1.7043182849884033,0.9927007299270073,0.7941176470588235
4,4,83,0.017401309683918953,1.7142140865325928,0.9927007299270073,0.7647058823529411
4,4,84,0.004709240049123764,1.7069615125656128,1.0,0.7941176470588235
4,4,85,0.0033032044302672148,1.7164870500564575,1.0,0.7941176470588235
4,4,86,0.0032257921993732452,1.7274724245071411,1.0,0.7941176470588235
4,4,87,0.003264137078076601,1.735599398612976,1.0,0.7941176470588235
4,4,88,0.003916436340659857,1.742111086845398,1.0,0.7941176470588235
4,4,89,0.007028382271528244,1.7472580671310425,1.0,0.7941176470588235
4,4,90,0.006289985962212086,1.7450202703475952,1.0,0.7941176470588235
4,4,91,0.0034326508175581694,1.7356181144714355,1.0,0.7941176470588235
4,4,92,0.002974570030346513,1.7272292375564575,1.0,0.7941176470588235
4,4,93,0.0028434214182198048,1.7195616960525513,1.0,0.7941176470588235
4,4,94,0.002777121728286147,1.7129967212677002,1.0,0.7941176470588235
4,4,95,0.0027260456699877977,1.7115075588226318,1.0,0.7941176470588235
4,4,96,0.0026925988495349884,1.7162482738494873,1.0,0.7941176470588235
4,4,97,0.0026663318276405334,1.7265855073928833,1.0,0.7647058823529411
4,4,98,0.002644512103870511,1.7312535047531128,1.0,0.7647058823529411
4,4,99,0.0026344964280724525,1.7376072406768799,1.0,0.7941176470588235
4,4,100,0.002580515341833234,1.740399718284607,1.0,0.7941176470588235
4,5,1,1.2325819730758667,1.30472731590271,0.7299270072992701,0.7058823529411765
4,5,2,0.5766095519065857,0.6160637736320496,0.7299270072992701,0.7058823529411765
4,5,3,0.8035569787025452,0.81437748670578,0.5109489051094891,0.5
4,5,4,0.522976815700531,0.5805044174194336,0.7664233576642335,0.7352941176470589
4,5,5,0.49560847878456116,0.5475513935089111,0.7372262773722628,0.7058823529411765
4,5,6,0.5133526921272278,0.5602331757545471,0.7445255474452555,0.7058823529411765
4,5,7,0.46823224425315857,0.5191969275474548,0.7445255474452555,0.7058823529411765
4,5,8,0.4098060429096222,0.48112037777900696,0.8102189781021898,0.7058823529411765
4,5,9,0.377375066280365,0.4874029755592346,0.8102189781021898,0.7647058823529411
4,5,10,0.376810222864151,0.5282127261161804,0.8248175182481752,0.7647058823529411
4,5,11,0.36370542645454407,0.5424090027809143,0.8394160583941606,0.7352941176470589
4,5,12,0.3305046260356903,0.5186401605606079,0.8467153284671532,0.7647058823529411
4,5,13,0.3038615584373474,0.49136027693748474,0.8686131386861314,0.7647058823529411
4,5,14,0.2873750329017639,0.4766749143600464,0.8759124087591241,0.7647058823529411
4,5,15,0.2730504274368286,0.47732606530189514,0.8832116788321168,0.7647058823529411
4,5,16,0.25676223635673523,0.4823763370513916,0.8905109489051095,0.7647058823529411
4,5,17,0.2352622002363205,0.4943581819534302,0.8978102189781022,0.7647058823529411
4,5,18,0.21219266951084137,0.5217269659042358,0.8978102189781022,0.7647058823529411
4,5,19,0.19227515161037445,0.5653752684593201,0.927007299270073,0.7941176470588235
4,5,20,0.1774948239326477,0.6051561832427979,0.9416058394160584,0.7941176470588235
4,5,21,0.16036424040794373,0.6269918084144592,0.9416058394160584,0.7941176470588235
4,5,22,0.14499875903129578,0.6532098054885864,0.948905109489051,0.7941176470588235
4,5,23,0.13074220716953278,0.6829937100410461,0.948905109489051,0.7647058823529411
4,5,24,0.11517985165119171,0.7230417728424072,0.948905109489051,0.7352941176470589
4,5,25,0.09829561412334442,0.7764273881912231,0.9635036496350365,0.7352941176470589
4,5,26,0.08381421864032745,0.8444406986236572,0.9781021897810219,0.7647058823529411
4,5,27,0.07415928691625595,0.9117513298988342,0.9781021897810219,0.7647058823529411
4,5,28,0.0653858557343483,0.9663631319999695,0.9781021897810219,0.7352941176470589
4,5,29,0.05804913863539696,1.0124882459640503,0.9854014598540146,0.7058823529411765
4,5,30,0.05249221622943878,1.070633888244629,0.9854014598540146,0.7058823529411765
4,5,31,0.04523535445332527,1.1246929168701172,0.9854014598540146,0.7058823529411765
4,5,32,0.04085996001958847,1.1780599355697632,0.9854014598540146,0.7058823529411765
4,5,33,0.038003478199243546,1.2444849014282227,0.9854014598540146,0.7058823529411765
4,5,34,0.03475591540336609,1.2994118928909302,0.9854014598540146,0.7058823529411765
4,5,35,0.03190108388662338,1.3506652116775513,0.9854014598540146,0.7058823529411765
4,5,36,0.028239727020263672,3.8729639053344727,0.9854014598540146,0.7058823529411765
4,5,37,0.025966813787817955,3.933450937271118,0.9854014598540146,0.7058823529411765
4,5,38,0.023753337562084198,4.007462978363037,0.9854014598540146,0.7058823529411765
4,5,39,0.0216120146214962,4.047629356384277,0.9927007299270073,0.7352941176470589
4,5,40,0.019740819931030273,4.023635387420654,0.9927007299270073,0.7352941176470589
4,5,41,0.01814127340912819,4.014064311981201,1.0,0.7352941176470589
4,5,42,0.016786351799964905,4.025269985198975,1.0,0.7647058823529411
4,5,43,0.015641914680600166,4.04689884185791,1.0,0.7941176470588235
4,5,44,0.014400622807443142,4.073673248291016,1.0,0.7647058823529411
4,5,45,0.01319793052971363,4.101612091064453,1.0,0.7647058823529411
4,5,46,0.012106490321457386,4.129783630371094,1.0,0.7647058823529411
4,5,47,0.011090238578617573,4.159425258636475,1.0,0.7647058823529411
4,5,48,0.010228567756712437,4.1902055740356445,1.0,0.7647058823529411
4,5,49,0.00950451847165823,4.2208685874938965,1.0,0.7647058823529411
4,5,50,0.008897436782717705,4.250417232513428,1.0,0.7647058823529411
4,5,51,0.008355681784451008,4.277365684509277,1.0,0.7647058823529411
4,5,52,0.00787972379475832,4.308132648468018,1.0,0.7647058823529411
4,5,53,0.007442693691700697,4.342830657958984,1.0,0.7647058823529411
4,5,54,0.007044356316328049,4.408812046051025,1.0,0.7352941176470589
4,5,55,0.006660418584942818,4.4932661056518555,1.0,0.7352941176470589
4,5,56,0.006284966599196196,4.385162830352783,1.0,0.7647058823529411
4,5,57,0.005996073130518198,4.385915756225586,1.0,0.7647058823529411
4,5,58,0.005770409945398569,4.389924049377441,1.0,0.7647058823529411
4,5,59,0.005583957768976688,4.396525859832764,1.0,0.7647058823529411
4,5,60,0.005334691144526005,4.413447380065918,1.0,0.7647058823529411
4,5,61,0.005125280003994703,4.431122779846191,1.0,0.7647058823529411
4,5,62,0.004930345807224512,4.461118221282959,1.0,0.7647058823529411
4,5,63,0.004755439702421427,4.583574295043945,1.0,0.7352941176470589
4,5,64,0.00458836043253541,4.673078536987305,1.0,0.7352941176470589
4,5,65,0.0044377706944942474,4.748547554016113,1.0,0.7352941176470589
4,5,66,0.004298412706702948,4.808248996734619,1.0,0.7352941176470589
4,5,67,0.004169585183262825,4.855257034301758,1.0,0.7352941176470589
4,5,68,0.0040478394366800785,4.903849124908447,1.0,0.7058823529411765
4,5,69,0.003933910746127367,4.9476752281188965,1.0,0.7058823529411765
4,5,70,0.0038253539241850376,4.970951557159424,1.0,0.7058823529411765
4,5,71,0.0037210823502391577,4.981573104858398,1.0,0.7058823529411765
4,5,72,0.003622148185968399,4.980968475341797,1.0,0.7058823529411765
4,5,73,0.003527604276314378,4.979306697845459,1.0,0.7058823529411765
4,5,74,0.003436547936871648,4.976524353027344,1.0,0.7352941176470589
4,5,75,0.003348537255078554,4.994933605194092,1.0,0.7352941176470589
4,5,76,0.003263136837631464,4.993043899536133,1.0,0.7352941176470589
4,5,77,0.003180799540132284,4.9914679527282715,1.0,0.7352941176470589
4,5,78,0.003098884364590049,4.90824556350708,1.0,0.7352941176470589
4,5,79,0.0030200500041246414,4.830946922302246,1.0,0.7352941176470589
4,5,80,0.0029448780696839094,4.756970405578613,1.0,0.7352941176470589
4,5,81,0.0028759927954524755,7.1649169921875,1.0,0.7352941176470589
4,5,82,0.002821165369823575,7.114564895629883,1.0,0.7352941176470589
4,5,83,0.002788746962323785,7.091945648193359,1.0,0.7647058823529411
4,5,84,0.0026974016800522804,7.089486122131348,1.0,0.7647058823529411
4,5,85,0.0026118934620171785,7.089306354522705,1.0,0.7647058823529411
4,5,86,0.002531270030885935,7.093170642852783,1.0,0.7647058823529411
4,5,87,0.002460807329043746,7.0987958908081055,1.0,0.7647058823529411
4,5,88,0.0023950133472681046,7.105239391326904,1.0,0.7647058823529411
4,5,89,0.0023318773601204157,7.111822128295898,1.0,0.7647058823529411
4,5,90,0.002270763274282217,7.118238925933838,1.0,0.7647058823529411
4,5,91,0.002211136743426323,7.124724388122559,1.0,0.7352941176470589
4,5,92,0.0021529491059482098,7.130984783172607,1.0,0.7352941176470589
4,5,93,0.002095569157972932,7.137218952178955,1.0,0.7352941176470589
4,5,94,0.0020393768791109324,7.143299102783203,1.0,0.7352941176470589
4,5,95,0.0019834176637232304,7.149971008300781,1.0,0.7352941176470589
4,5,96,0.0019283851142972708,7.156461715698242,1.0,0.7352941176470589
4,5,97,0.0018747341819107533,7.162785530090332,1.0,0.7352941176470589
4,5,98,0.0018220143392682076,7.168889999389648,1.0,0.7352941176470589
4,5,99,0.0017702101031318307,7.174778938293457,1.0,0.7352941176470589
4,5,100,0.0017195041291415691,7.180514335632324,1.0,0.7352941176470589
5,1,1,1.1896086931228638,1.4195762872695923,0.7352941176470589,0.7428571428571429
5,1,2,0.4991202652454376,0.6107077598571777,0.7867647058823529,0.7714285714285715
5,1,3,0.894461989402771,0.9247201085090637,0.6691176470588235,0.5428571428571428
5,1,4,0.4394972622394562,0.5756440162658691,0.8161764705882353,0.7142857142857143
5,1,5,0.5262953042984009,0.7466712594032288,0.7720588235294118,0.6857142857142857
5,1,6,0.47841763496398926,0.7202067971229553,0.8161764705882353,0.7142857142857143
5,1,7,0.41255319118499756,0.6206316351890564,0.8308823529411765,0.7142857142857143
5,1,8,0.37300804257392883,0.5735693573951721,0.8455882352941176,0.7142857142857143
5,1,9,0.34566032886505127,0.5763317942619324,0.8529411764705882,0.6571428571428571
5,1,10,0.332750141620636,0.5851563811302185,0.875,0.6571428571428571
5,1,11,0.30095887184143066,0.563429057598114,0.9044117647058824,0.6857142857142857
5,1,12,0.2657969295978546,0.5415645241737366,0.9044117647058824,0.7142857142857143
5,1,13,0.24077364802360535,0.5515146255493164,0.9044117647058824,0.7142857142857143
5,1,14,0.22222888469696045,0.5881165862083435,0.9191176470588235,0.6857142857142857
5,1,15,0.2054711878299713,0.6259850859642029,0.9191176470588235,0.6571428571428571
5,1,16,0.18613390624523163,0.6546930074691772,0.9191176470588235,0.6571428571428571
5,1,17,0.16940082609653473,0.6823365092277527,0.9338235294117647,0.6857142857142857
5,1,18,0.15797752141952515,0.7239773273468018,0.9338235294117647,0.6857142857142857
5,1,19,0.14774702489376068,0.7766503095626831,0.9338235294117647,0.6857142857142857
5,1,20,0.13452112674713135,0.8362101912498474,0.9411764705882353,0.6571428571428571
5,1,21,0.118178591132164,0.9071864485740662,0.9558823529411765,0.6571428571428571
5,1,22,0.10555777698755264,0.9912347197532654,0.9558823529411765,0.6285714285714286
5,1,23,0.09689478576183319,1.0803521871566772,0.9558823529411765,0.6571428571428571
5,1,24,0.08857432007789612,1.1575262546539307,0.9632352941176471,0.6571428571428571
5,1,25,0.07898099720478058,1.2271658182144165,0.9705882352941176,0.6571428571428571
5,1,26,0.06942841410636902,1.2972584962844849,0.9705882352941176,0.6571428571428571
5,1,27,0.06088907644152641,1.3618556261062622,0.9852941176470589,0.6571428571428571
5,1,28,0.054058901965618134,1.3804296255111694,0.9779411764705882,0.6571428571428571
5,1,29,0.0496196411550045,1.4061390161514282,0.9779411764705882,0.6285714285714286
5,1,30,0.04646541550755501,1.4366085529327393,0.9779411764705882,0.6285714285714286
5,1,31,0.04068431630730629,1.5153900384902954,0.9852941176470589,0.6285714285714286
5,1,32,0.0387316457927227,1.6416735649108887,0.9852941176470589,0.6285714285714286
5,1,33,0.03495391085743904,1.7213002443313599,0.9852941176470589,0.6285714285714286
5,1,34,0.030175475403666496,1.7409167289733887,0.9852941176470589,0.6571428571428571
5,1,35,0.028585227206349373,1.7959237098693848,0.9852941176470589,0.6571428571428571
5,1,36,0.026823507621884346,1.8712916374206543,0.9852941176470589,0.6571428571428571
5,1,37,0.02432318776845932,2.0111396312713623,0.9852941176470589,0.6571428571428571
5,1,38,0.024718396365642548,2.134080410003662,0.9852941176470589,0.6571428571428571
5,1,39,0.021473612636327744,2.0077784061431885,0.9852941176470589,0.6571428571428571
5,1,40,0.028437018394470215,1.922796368598938,0.9852941176470589,0.6857142857142857
5,1,41,0.030370259657502174,1.9242922067642212,0.9852941176470589,0.6857142857142857
5,1,42,0.022326350212097168,1.9707999229431152,0.9852941176470589,0.6857142857142857
5,1,43,0.0168239027261734,2.0625710487365723,0.9926470588235294,0.6857142857142857
5,1,44,0.015634242445230484,2.174395799636841,0.9926470588235294,0.6857142857142857
5,1,45,0.015958543866872787,2.278961658477783,0.9926470588235294,0.6857142857142857
5,1,46,0.015464180149137974,2.3099024295806885,0.9926470588235294,0.6857142857142857
5,1,47,0.014310166239738464,2.337379217147827,0.9926470588235294,0.6857142857142857
5,1,48,0.013276123441755772,2.3508059978485107,0.9926470588235294,0.6857142857142857
5,1,49,0.012334344908595085,2.341533899307251,0.9926470588235294,0.6857142857142857
5,1,50,0.01186129730194807,2.3980281352996826,0.9926470588235294,0.6857142857142857
5,1,51,0.011531826108694077,2.4730730056762695,0.9926470588235294,0.6857142857142857
5,1,52,0.011131982319056988,4.912683963775635,0.9926470588235294,0.6857142857142857
5,1,53,0.010785968974232674,4.942047595977783,0.9926470588235294,0.6857142857142857
5,1,54,0.010446399450302124,4.97398567199707,0.9926470588235294,0.6857142857142857
5,1,55,0.010017718188464642,4.965116024017334,0.9926470588235294,0.6857142857142857
5,1,56,0.009658601135015488,4.949711799621582,0.9926470588235294,0.6857142857142857
5,1,57,0.00934546161442995,4.9402079582214355,0.9926470588235294,0.6857142857142857
5,1,58,0.009074969217181206,4.920921802520752,0.9926470588235294,0.6857142857142857
5,1,59,0.00881758239120245,4.942558765411377,0.9926470588235294,0.6857142857142857
5,1,60,0.008575111627578735,4.9459452629089355,0.9926470588235294,0.6857142857142857
5,1,61,0.008348126895725727,5.04391622543335,0.9926470588235294,0.6857142857142857
5,1,62,0.008165891282260418,5.135181903839111,0.9926470588235294,0.6857142857142857
5,1,63,0.008034296333789825,5.192707538604736,0.9926470588235294,0.6857142857142857
5,1,64,0.007711496669799089,5.134901523590088,1.0,0.7142857142857143
5,1,65,0.0074843475595116615,7.4678544998168945,1.0,0.7142857142857143
5,1,66,0.007284404244273901,7.445431232452393,1.0,0.7142857142857143
5,1,67,0.0070981355383992195,7.426911354064941,1.0,0.7142857142857143
5,1,68,0.0069219511933624744,7.441320896148682,1.0,0.7142857142857143
5,1,69,0.006756934337317944,7.4578657150268555,1.0,0.7142857142857143
5,1,70,0.006605635862797499,7.474193572998047,1.0,0.7142857142857143
5,1,71,0.0064725917764008045,7.494077205657959,1.0,0.7142857142857143
5,1,72,0.006368500180542469,7.511172771453857,1.0,0.7142857142857143
5,1,73,0.006292416248470545,7.529321193695068,1.0,0.7142857142857143
5,1,74,0.006075537297874689,7.576435089111328,1.0,0.7142857142857143
5,1,75,0.005881724879145622,7.641724586486816,1.0,0.7142857142857143
5,1,76,0.005738000851124525,7.760161399841309,1.0,0.7142857142857143
5,1,77,0.005628423299640417,7.8711347579956055,1.0,0.7142857142857143
5,1,78,0.005490169394761324,7.7834577560424805,1.0,0.7142857142857143
5,1,79,0.005376335233449936,7.721686840057373,1.0,0.7142857142857143
5,1,80,0.005270407535135746,7.68634557723999,1.0,0.7142857142857143
5,1,81,0.0051697855815291405,7.651605129241943,1.0,0.7142857142857143
5,1,82,0.005074660759419203,7.623680114746094,1.0,0.7142857142857143
5,1,83,0.004985419567674398,7.608676433563232,1.0,0.7142857142857143
5,1,84,0.004904711619019508,7.594407558441162,1.0,0.7142857142857143
5,1,85,0.004816386383026838,7.715236186981201,1.0,0.7142857142857143
5,1,86,0.004789768718183041,7.8305253982543945,1.0,0.7142857142857143
5,1,87,0.004737564362585545,7.9015374183654785,1.0,0.7142857142857143
5,1,88,0.004665587563067675,7.9584221839904785,1.0,0.7142857142857143
5,1,89,0.004573088139295578,8.001420021057129,1.0,0.7142857142857143
5,1,90,0.004474639892578125,8.031759262084961,1.0,0.7142857142857143
5,1,91,0.004379441495984793,8.0584135055542,1.0,0.7142857142857143
5,1,92,0.004277369938790798,8.067927360534668,1.0,0.7142857142857143
5,1,93,0.00417410908266902,8.029281616210938,1.0,0.7142857142857143
5,1,94,0.004096087068319321,7.975866794586182,1.0,0.7142857142857143
5,1,95,0.004025331698358059,7.929236888885498,1.0,0.7142857142857143
5,1,96,0.003957362379878759,7.886721611022949,1.0,0.7142857142857143
5,1,97,0.003891441272571683,7.854950904846191,1.0,0.6857142857142857
5,1,98,0.0038278826978057623,7.827424049377441,1.0,0.6857142857142857
5,1,99,0.0037671278696507215,7.8038506507873535,1.0,0.6857142857142857
5,1,100,0.0037101139314472675,7.7840471267700195,1.0,0.6857142857142857
5,2,1,1.3625085353851318,1.1463186740875244,0.7226277372262774,0.7352941176470589
5,2,2,0.5182220935821533,0.5078973174095154,0.7664233576642335,0.7058823529411765
5,2,3,0.7696835994720459,1.0233560800552368,0.6642335766423357,0.6176470588235294
5,2,4,0.4873247444629669,0.5700430274009705,0.7664233576642335,0.7352941176470589
5,2,5,0.46076709032058716,0.49980780482292175,0.781021897810219,0.7058823529411765
5,2,6,0.4504847228527069,0.5293043255805969,0.7956204379562044,0.7352941176470589
5,2,7,0.39660322666168213,0.518618643283844,0.8175182481751825,0.7352941176470589
5,2,8,0.3543870449066162,0.5226712822914124,0.8175182481751825,0.7647058823529411
5,2,9,0.32501503825187683,0.5459804534912109,0.8394160583941606,0.7647058823529411
5,2,10,0.3132440149784088,0.5958368182182312,0.8686131386861314,0.7941176470588235
5,2,11,0.2976687252521515,0.6243937015533447,0.8686131386861314,0.7941176470588235
5,2,12,0.27235347032546997,0.6234211921691895,0.8832116788321168,0.8235294117647058
5,2,13,0.24539726972579956,0.6113677024841309,0.8832116788321168,0.8235294117647058
5,2,14,0.2264004498720169,0.6112622618675232,0.8978102189781022,0.8235294117647058
5,2,15,0.21155668795108795,0.6218231320381165,0.8978102189781022,0.8235294117647058
5,2,16,0.19508333504199982,0.6363003253936768,0.9051094890510949,0.8235294117647058
5,2,17,0.1763533353805542,0.6539795994758606,0.9124087591240876,0.8235294117647058
5,2,18,0.15760967135429382,0.6754146814346313,0.927007299270073,0.8235294117647058
5,2,19,0.14152821898460388,0.7052159905433655,0.927007299270073,0.8235294117647058
5,2,20,0.12814128398895264,0.7301605343818665,0.9343065693430657,0.8235294117647058
5,2,21,0.11551273614168167,0.7478539943695068,0.948905109489051,0.8235294117647058
5,2,22,0.10466758161783218,0.7651858329772949,0.9562043795620438,0.8235294117647058
5,2,23,0.0957203060388565,0.7895872592926025,0.9708029197080292,0.8235294117647058
5,2,24,0.08561933040618896,0.8285919427871704,0.9781021897810219,0.7941176470588235
5,2,25,0.07546945661306381,0.8868522047996521,0.9781021897810219,0.8235294117647058
5,2,26,0.06711597740650177,0.9950063228607178,0.9781021897810219,0.8235294117647058
5,2,27,0.05974883586168289,1.0625698566436768,0.9781021897810219,0.8235294117647058
5,2,28,0.05359642580151558,1.1239793300628662,0.9781021897810219,0.8235294117647058
5,2,29,0.04845992848277092,1.1829358339309692,0.9781021897810219,0.8235294117647058
5,2,30,0.043995242565870285,1.2436379194259644,0.9781021897810219,0.8235294117647058
5,2,31,0.04010666906833649,1.2709981203079224,0.9781021897810219,0.8529411764705882
5,2,32,0.036795638501644135,3.7769439220428467,0.9781021897810219,0.8235294117647058
5,2,33,0.03401559591293335,3.8273606300354004,0.9781021897810219,0.8235294117647058
5,2,34,0.03157839924097061,3.8904478549957275,0.9781021897810219,0.8235294117647058
5,2,35,0.029424067586660385,3.9496138095855713,0.9781021897810219,0.8529411764705882
5,2,36,0.027531439438462257,4.0060224533081055,0.9781021897810219,0.8529411764705882
5,2,37,0.0258555319160223,3.9335057735443115,0.9781021897810219,0.8529411764705882
5,2,38,0.024388615041971207,3.941385269165039,0.9781021897810219,0.8529411764705882
5,2,39,0.023070376366376877,4.022067546844482,0.9781021897810219,0.8529411764705882
5,2,40,0.021865833550691605,4.14981746673584,0.9781021897810219,0.8235294117647058
5,2,41,0.020778097212314606,4.293880939483643,0.9927007299270073,0.8235294117647058
5,2,42,0.019783489406108856,4.093169212341309,1.0,0.8529411764705882
5,2,43,0.01888098567724228,4.076683521270752,1.0,0.8529411764705882
5,2,44,0.01809370145201683,4.219356060028076,1.0,0.8529411764705882
5,2,45,0.017712414264678955,4.357061386108398,1.0,0.8529411764705882
5,2,46,0.016506465151906013,4.101039886474609,1.0,0.8823529411764706
5,2,47,0.015845756977796555,4.392224311828613,1.0,0.8235294117647058
5,2,48,0.015575887635350227,4.753262519836426,1.0,0.8235294117647058
5,2,49,0.026658441871404648,4.94158935546875,0.9927007299270073,0.8235294117647058
5,2,50,0.01408404391258955,4.216015815734863,1.0,0.8529411764705882
5,2,51,0.01373217348009348,4.403052806854248,1.0,0.8529411764705882
5,2,52,0.07978656888008118,5.1199951171875,0.9781021897810219,0.8235294117647058
5,2,53,0.08936785161495209,2.9736342430114746,0.9781021897810219,0.8235294117647058
5,2,54,0.01237461157143116,4.900928974151611,1.0,0.8235294117647058
5,2,55,0.011904207058250904,4.356245994567871,1.0,0.8235294117647058
5,2,56,0.011587047949433327,4.358095169067383,1.0,0.8529411764705882
5,2,57,0.013454773463308811,4.695872783660889,1.0,0.8235294117647058
5,2,58,0.01959073543548584,4.857908248901367,1.0,0.8235294117647058
5,2,59,0.011051586829125881,4.740236282348633,1.0,0.8235294117647058
5,2,60,0.010432807728648186,4.564888000488281,1.0,0.8235294117647058
5,2,61,0.010170691646635532,4.41011381149292,1.0,0.7941176470588235
5,2,62,0.009932072833180428,4.399718284606934,1.0,0.8235294117647058
5,2,63,0.00972065981477499,4.463602542877197,1.0,0.8235294117647058
5,2,64,0.009615101851522923,4.635910511016846,1.0,0.7941176470588235
5,2,65,0.00994198489934206,4.828311920166016,1.0,0.7941176470588235
5,2,66,0.011382467113435268,2.482168436050415,1.0,0.7941176470588235
5,2,67,0.01112669613212347,2.4970786571502686,1.0,0.7941176470588235
5,2,68,0.009035206399857998,4.571318626403809,1.0,0.8235294117647058
5,2,69,0.008459392003715038,4.240237712860107,1.0,0.8823529411764706
5,2,70,0.008180918172001839,4.2690582275390625,1.0,0.8529411764705882
5,2,71,0.007964471355080605,4.4165568351745605,1.0,0.8235294117647058
5,2,72,0.007765668909996748,4.593776702880859,1.0,0.8235294117647058
5,2,73,0.007574988063424826,4.747721195220947,1.0,0.8235294117647058
5,2,74,0.007389248814433813,4.884613513946533,1.0,0.8235294117647058
5,2,75,0.007210030686110258,4.991178035736084,1.0,0.8235294117647058
5,2,76,0.007026454899460077,5.012155055999756,1.0,0.8235294117647058
5,2,77,0.0068447100929915905,5.038053035736084,1.0,0.8235294117647058
5,2,78,0.006665506865829229,5.053565979003906,1.0,0.8235294117647058
5,2,79,0.006481506396085024,4.820065021514893,1.0,0.8235294117647058
5,2,80,0.006310602184385061,4.594346046447754,1.0,0.8235294117647058
5,2,81,0.006148713640868664,4.386392593383789,1.0,0.8235294117647058
5,2,82,0.006006249692291021,4.257357597351074,1.0,0.8529411764705882
5,2,83,0.0059052431024611,4.25370979309082,1.0,0.8823529411764706
5,2,84,0.005828808061778545,4.311347961425781,1.0,0.8529411764705882
5,2,85,0.0057997251860797405,4.383376598358154,1.0,0.8529411764705882
5,2,86,0.005818345118314028,4.446407794952393,1.0,0.8529411764705882
5,2,87,0.005850051064044237,4.4947509765625,1.0,0.8529411764705882
5,2,88,0.005904837045818567,4.536640167236328,1.0,0.8529411764705882
5,2,89,0.004962617065757513,4.478762626647949,1.0,0.8529411764705882
5,2,90,0.004746926948428154,4.421261310577393,1.0,0.8529411764705882
5,2,91,0.004595881327986717,4.369851589202881,1.0,0.8529411764705882
5,2,92,0.004453909117728472,4.324657917022705,1.0,0.8529411764705882
5,2,93,0.004315461032092571,4.288223743438721,1.0,0.8529411764705882
5,2,94,0.00417942414060235,4.264568328857422,1.0,0.8529411764705882
5,2,95,0.004045688547194004,4.256407260894775,1.0,0.8823529411764706
5,2,96,0.003915055189281702,4.2607951164245605,1.0,0.8823529411764706
5,2,97,0.0037881205789744854,4.274753093719482,1.0,0.8529411764705882
5,2,98,0.003663776908069849,4.293110370635986,1.0,0.8529411764705882
5,2,99,0.0035418595653027296,4.31256628036499,1.0,0.8529411764705882
5,2,100,0.0034232563339173794,4.331479072570801,1.0,0.8529411764705882
5,3,1,1.309036135673523,0.46149489283561707,0.7226277372262774,0.7352941176470589
5,3,2,0.5397601127624512,0.5616527795791626,0.7445255474452555,0.6764705882352942
5,3,3,0.49153226613998413,0.5122854113578796,0.7883211678832117,0.7352941176470589
5,3,4,0.4828266203403473,0.4561429023742676,0.781021897810219,0.7352941176470589
5,3,5,0.4357144236564636,0.4766288101673126,0.8175182481751825,0.7352941176470589
5,3,6,0.3972994387149811,0.4505278468132019,0.8248175182481752,0.7352941176470589
5,3,7,0.3649761974811554,0.4252717196941376,0.8321167883211679,0.7352941176470589
5,3,8,0.3331601619720459,0.4173625707626343,0.8321167883211679,0.7352941176470589
5,3,9,0.29798126220703125,0.4065530598163605,0.8686131386861314,0.7352941176470589
5,3,10,0.2709852457046509,0.39391276240348816,0.8905109489051095,0.7647058823529411
5,3,11,0.242389515042305,0.3791022300720215,0.9124087591240876,0.7647058823529411
5,3,12,0.22422437369823456,0.36823347210884094,0.927007299270073,0.7647058823529411
5,3,13,0.20020143687725067,0.3644722104072571,0.9197080291970803,0.7647058823529411
5,3,14,0.18159222602844238,0.36987558007240295,0.9197080291970803,0.7647058823529411
5,3,15,0.1908407062292099,0.3829248249530792,0.927007299270073,0.7352941176470589
5,3,16,0.1747959405183792,0.40279534459114075,0.9416058394160584,0.7352941176470589
5,3,17,0.14543269574642181,0.4287821352481842,0.948905109489051,0.7352941176470589
5,3,18,0.15141792595386505,0.4529907703399658,0.927007299270073,0.7352941176470589
5,3,19,0.13075338304042816,0.4549160897731781,0.927007299270073,0.7352941176470589
5,3,20,0.10554451495409012,0.4417192339897156,0.9562043795620438,0.7352941176470589
5,3,21,0.10908154398202896,0.43792465329170227,0.9635036496350365,0.7352941176470589
5,3,22,0.10232461988925934,0.44942164421081543,0.9708029197080292,0.7058823529411765
5,3,23,0.07424290478229523,0.4749818742275238,0.9854014598540146,0.7058823529411765
5,3,24,0.061446718871593475,0.5120648741722107,0.9927007299270073,0.7352941176470589
5,3,25,0.08246766775846481,0.5520656704902649,0.9781021897810219,0.7352941176470589
5,3,26,0.049283817410469055,0.5839276909828186,0.9927007299270073,0.7352941176470589
5,3,27,0.04527401179075241,0.6121699810028076,0.9927007299270073,0.7352941176470589
5,3,28,0.0472041480243206,0.6314764618873596,0.9854014598540146,0.7352941176470589
5,3,29,0.035645853728055954,0.6562525629997253,0.9927007299270073,0.7647058823529411
5,3,30,0.03111134096980095,0.6743674874305725,0.9927007299270073,0.7647058823529411
5,3,31,0.027352169156074524,0.682715892791748,0.9927007299270073,0.7647058823529411
5,3,32,0.025149406865239143,0.6858263611793518,0.9927007299270073,0.7647058823529411
5,3,33,0.023558063432574272,0.6855874061584473,0.9927007299270073,0.7647058823529411
5,3,34,0.021237477660179138,0.6825307011604309,0.9927007299270073,0.7647058823529411
5,3,35,0.021054662764072418,0.6706190705299377,0.9927007299270073,0.8235294117647058
5,3,36,0.03328768163919449,0.6669349670410156,0.9854014598540146,0.8235294117647058
5,3,37,0.03241225332021713,0.6716008186340332,0.9854014598540146,0.8235294117647058
5,3,38,0.023310404270887375,0.6868478655815125,0.9854014598540146,0.8235294117647058
5,3,39,0.014641613699495792,0.707371711730957,0.9927007299270073,0.8235294117647058
5,3,40,0.013375576585531235,0.7285079956054688,0.9927007299270073,0.8235294117647058
5,3,41,0.013031951151788235,0.7474532127380371,0.9927007299270073,0.8235294117647058
5,3,42,0.014124278910458088,0.7642033696174622,0.9927007299270073,0.8235294117647058
5,3,43,0.015246367081999779,0.7765321135520935,0.9927007299270073,0.7941176470588235
5,3,44,0.012369425036013126,0.7826686501502991,0.9927007299270073,0.7941176470588235
5,3,45,0.010316279716789722,0.7785722017288208,0.9927007299270073,0.7941176470588235
5,3,46,0.019395023584365845,0.7770488858222961,0.9854014598540146,0.7941176470588235
5,3,47,0.01761528290808201,0.7902224063873291,0.9854014598540146,0.7941176470588235
5,3,48,0.008964556269347668,0.8155503273010254,0.9927007299270073,0.7941176470588235
5,3,49,0.008769960142672062,0.8396905064582825,0.9927007299270073,0.7941176470588235
5,3,50,0.01932876743376255,0.8619685173034668,0.9854014598540146,0.7941176470588235
5,3,51,0.009593344293534756,0.8687247037887573,0.9927007299270073,0.7941176470588235
5,3,52,0.008016837760806084,0.8748137950897217,1.0,0.8235294117647058
5,3,53,0.007524111773818731,0.879980206489563,1.0,0.8235294117647058
5,3,54,0.0072203888557851315,0.8828281760215759,1.0,0.8235294117647058
5,3,55,0.006985758431255817,0.8866941928863525,1.0,0.8235294117647058
5,3,56,0.006811509374529123,0.887158215045929,1.0,0.8235294117647058
5,3,57,0.006856000050902367,0.8873293995857239,1.0,0.8235294117647058
5,3,58,0.0070013627409935,0.8887825608253479,1.0,0.8235294117647058
5,3,59,0.007240514270961285,0.890907347202301,1.0,0.8235294117647058
5,3,60,0.0067130327224731445,0.8954512476921082,1.0,0.8235294117647058
5,3,61,0.006335904356092215,0.8994109034538269,1.0,0.8235294117647058
5,3,62,0.006053564604371786,0.9031928777694702,1.0,0.8235294117647058
5,3,63,0.005795667879283428,0.9068187475204468,1.0,0.8235294117647058
5,3,64,0.005603134632110596,0.9108031988143921,1.0,0.7941176470588235
5,3,65,0.005447625182569027,0.9153908491134644,1.0,0.7941176470588235
5,3,66,0.005314825102686882,0.9200416207313538,1.0,0.7941176470588235
5,3,67,0.005180015228688717,0.9323592185974121,1.0,0.7941176470588235
5,3,68,0.005183972883969545,0.9448612332344055,1.0,0.7941176470588235
5,3,69,0.007731691002845764,0.9554566740989685,1.0,0.7941176470588235
5,3,70,0.0049468642100691795,0.9498673677444458,1.0,0.7941176470588235
5,3,71,0.004804203752428293,0.9433724880218506,1.0,0.7941176470588235
5,3,72,0.004724955651909113,0.9375747442245483,1.0,0.7941176470588235
5,3,73,0.004822448827326298,0.9320124387741089,1.0,0.7941176470588235
5,3,74,0.00540501344949007,0.9297332167625427,1.0,0.7941176470588235
5,3,75,0.006903384812176228,0.9294854402542114,1.0,0.7941176470588235
5,3,76,0.004504627548158169,0.9402523040771484,1.0,0.7941176470588235
5,3,77,0.004347845446318388,0.9514575600624084,1.0,0.7941176470588235
5,3,78,0.0042810747399926186,0.961812436580658,1.0,0.7941176470588235
5,3,79,0.004229715559631586,0.971124529838562,1.0,0.7941176470588235
5,3,80,0.00419889111071825,0.9769768714904785,1.0,0.7941176470588235
5,3,81,0.00421966053545475,0.9824079871177673,1.0,0.7941176470588235
5,3,82,0.004184996243566275,0.9841897487640381,1.0,0.7941176470588235
5,3,83,0.004058625549077988,0.9836742281913757,1.0,0.7941176470588235
5,3,84,0.0039041812997311354,0.9766751527786255,1.0,0.7941176470588235
5,3,85,0.0038342801854014397,0.9699249267578125,1.0,0.7941176470588235
5,3,86,0.0037729053292423487,0.963323712348938,1.0,0.7941176470588235
5,3,87,0.003715136554092169,0.9573678374290466,1.0,0.7941176470588235
5,3,88,0.0036625792272388935,0.9525678157806396,1.0,0.8235294117647058
5,3,89,0.003631141735240817,0.9487183690071106,1.0,0.8235294117647058
5,3,90,0.0035616017412394285,0.9523676633834839,1.0,0.8235294117647058
5,3,91,0.0035016920883208513,0.9559537172317505,1.0,0.8235294117647058
5,3,92,0.0034427891951054335,0.9602306485176086,1.0,0.8235294117647058
5,3,93,0.0033870909828692675,0.9674600958824158,1.0,0.8235294117647058
5,3,94,0.0033357085194438696,0.9745683073997498,1.0,0.8235294117647058
5,3,95,0.003295955481007695,0.9809685945510864,1.0,0.8235294117647058
5,3,96,0.0032810575794428587,0.9874763488769531,1.0,0.8235294117647058
5,3,97,0.0033382168039679527,0.9943190217018127,1.0,0.8235294117647058
5,3,98,0.0032555891666561365,0.9985775947570801,1.0,0.8235294117647058
5,3,99,0.0031424055341631174,1.001703143119812,1.0,0.8235294117647058
5,3,100,0.003022346645593643,0.9994885921478271,1.0,0.8235294117647058
5,4,1,1.2074979543685913,1.2317612171173096,0.7226277372262774,0.7352941176470589
5,4,2,0.5371763706207275,0.5631450414657593,0.7226277372262774,0.7352941176470589
5,4,3,0.7171379923820496,0.7458851933479309,0.6861313868613139,0.6470588235294118
5,4,4,0.4723690152168274,0.5371204018592834,0.7299270072992701,0.7647058823529411
5,4,5,0.461942195892334,0.564801037311554,0.7226277372262774,0.7352941176470589
5,4,6,0.41799396276474,0.5552058815956116,0.7445255474452555,0.7647058823529411
5,4,7,0.36204373836517334,0.5363205075263977,0.7883211678832117,0.7941176470588235
5,4,8,0.35007208585739136,0.5591883659362793,0.8467153284671532,0.7941176470588235
5,4,9,0.3420853912830353,0.5851009488105774,0.8613138686131386,0.7647058823529411
5,4,10,0.311733603477478,0.5887495875358582,0.8759124087591241,0.7941176470588235
5,4,11,0.2889546751976013,0.5960262417793274,0.8832116788321168,0.7941176470588235
5,4,12,0.2768303453922272,0.6127349138259888,0.8759124087591241,0.7352941176470589
5,4,13,0.2621925175189972,0.6267423033714294,0.8832116788321168,0.7647058823529411
5,4,14,0.2439863681793213,0.634941577911377,0.8978102189781022,0.7352941176470589
5,4,15,0.22855401039123535,0.6457005739212036,0.9124087591240876,0.7058823529411765
5,4,16,0.21538905799388885,0.6614461541175842,0.9124087591240876,0.7352941176470589
5,4,17,0.20108720660209656,0.6791247129440308,0.9197080291970803,0.7352941176470589
5,4,18,0.18272018432617188,0.692291796207428,0.927007299270073,0.7647058823529411
5,4,19,0.16424345970153809,0.7087998986244202,0.927007299270073,0.7941176470588235
5,4,20,0.14982189238071442,0.735803484916687,0.927007299270073,0.7941176470588235
5,4,21,0.13564644753932953,0.768387496471405,0.9343065693430657,0.7941176470588235
5,4,22,0.12343480437994003,0.8023837804794312,0.948905109489051,0.7647058823529411
5,4,23,0.11356537789106369,0.8407612442970276,0.9708029197080292,0.7647058823529411
5,4,24,0.10262203216552734,0.8766656517982483,0.9708029197080292,0.7941176470588235
5,4,25,0.09180539101362228,0.9186558127403259,0.9708029197080292,0.8235294117647058
5,4,26,0.08121325820684433,0.9601683020591736,0.9708029197080292,0.8235294117647058
5,4,27,0.0731150358915329,1.0042505264282227,0.9708029197080292,0.7941176470588235
5,4,28,0.060993049293756485,1.042180061340332,0.9781021897810219,0.7941176470588235
5,4,29,0.05144433304667473,1.0819313526153564,0.9854014598540146,0.8235294117647058
5,4,30,0.05749577283859253,1.1591318845748901,0.9781021897810219,0.7941176470588235
5,4,31,0.04507129266858101,1.186038851737976,1.0,0.8235294117647058
5,4,32,0.03994438424706459,1.2449984550476074,1.0,0.7941176470588235
5,4,33,0.04023685306310654,1.3393332958221436,0.9927007299270073,0.7941176470588235
5,4,34,0.039299506694078445,1.4284616708755493,0.9927007299270073,0.7941176470588235
5,4,35,0.030879834666848183,1.4826929569244385,1.0,0.7941176470588235
5,4,36,0.024581095203757286,1.5245827436447144,1.0,0.7941176470588235
5,4,37,0.02398609183728695,1.5847052335739136,1.0,0.7941176470588235
5,4,38,0.02840358577668667,1.6649292707443237,0.9927007299270073,0.7941176470588235
5,4,39,0.020280594006180763,1.6778712272644043,1.0,0.8235294117647058
5,4,40,0.018330976366996765,1.7259528636932373,1.0,0.7941176470588235
5,4,41,0.0185862984508276,1.8006874322891235,1.0,0.7941176470588235
5,4,42,0.020783618092536926,1.8854342699050903,0.9927007299270073,0.7647058823529411
5,4,43,0.0158007200807333,1.9225122928619385,1.0,0.7941176470588235
5,4,44,0.013526147231459618,1.950007677078247,1.0,0.7941176470588235
5,4,45,0.013045481406152248,1.9986976385116577,1.0,0.7941176470588235
5,4,46,0.012203818187117577,2.0537264347076416,1.0,0.7941176470588235
5,4,47,0.01160242035984993,2.1094229221343994,1.0,0.7941176470588235
5,4,48,0.011197788640856743,2.173758029937744,1.0,0.7941176470588235
5,4,49,0.010989462025463581,2.240248441696167,1.0,0.7941176470588235
5,4,50,0.01062286552041769,2.2802419662475586,1.0,0.7941176470588235
5,4,51,0.010249833576381207,2.315056800842285,1.0,0.7941176470588235
5,4,52,0.009824641048908234,2.34057879447937,1.0,0.7941176470588235
5,4,53,0.009454830549657345,2.3665027618408203,1.0,0.7941176470588235
5,4,54,0.009091011248528957,2.3803606033325195,1.0,0.7941176470588235
5,4,55,0.008803991600871086,2.394860029220581,1.0,0.7941176470588235
5,4,56,0.008565188385546207,2.4151575565338135,1.0,0.7941176470588235
5,4,57,0.00833750981837511,2.439854383468628,1.0,0.7941176470588235
5,4,58,0.008128569461405277,2.46481990814209,1.0,0.7941176470588235
5,4,59,0.007929631508886814,2.4876558780670166,1.0,0.7941176470588235
5,4,60,0.007707071956247091,2.5153751373291016,1.0,0.7941176470588235
5,4,61,0.007517090532928705,2.55794095993042,1.0,0.7941176470588235
5,4,62,0.0073416936211287975,2.6075692176818848,1.0,0.7941176470588235
5,4,63,0.0071895732544362545,2.669107675552368,1.0,0.7941176470588235
5,4,64,0.0071016051806509495,2.7293875217437744,1.0,0.7647058823529411
5,4,65,0.007114107720553875,2.778481960296631,1.0,0.7647058823529411
5,4,66,0.007240417879074812,2.8355844020843506,1.0,0.7647058823529411
5,4,67,0.007497231476008892,2.876997947692871,1.0,0.7647058823529411
5,4,68,0.006320841144770384,2.7956881523132324,1.0,0.7941176470588235
5,4,69,0.0061780475080013275,2.790311098098755,1.0,0.7941176470588235
5,4,70,0.006268011871725321,2.896580934524536,1.0,0.7941176470588235
5,4,71,0.013973590917885303,3.0578489303588867,0.9927007299270073,0.7941176470588235
5,4,72,0.005731299519538879,2.8548481464385986,1.0,0.7941176470588235
5,4,73,0.005585965700447559,2.988898277282715,1.0,0.7647058823529411
5,4,74,0.009896397590637207,5.669529914855957,1.0,0.7647058823529411
5,4,75,0.008308015763759613,5.691390037536621,1.0,0.7647058823529411
5,4,76,0.006878860294818878,5.711088180541992,1.0,0.7647058823529411
5,4,77,0.005157550796866417,5.609026908874512,1.0,0.7647058823529411
5,4,78,0.0049346559680998325,5.5168137550354,1.0,0.7647058823529411
5,4,79,0.004805881530046463,5.454166889190674,1.0,0.7941176470588235
5,4,80,0.00468256464228034,5.420156002044678,1.0,0.7941176470588235
5,4,81,0.004563064314424992,5.416769981384277,1.0,0.7941176470588235
5,4,82,0.0044533018954098225,5.465582847595215,1.0,0.7941176470588235
5,4,83,0.004383896477520466,5.559713363647461,1.0,0.7941176470588235
5,4,84,0.0042226011864840984,5.511808395385742,1.0,0.7941176470588235
5,4,85,0.0040879808366298676,5.468525409698486,1.0,0.7647058823529411
5,4,86,0.003965670708566904,5.474125385284424,1.0,0.7941176470588235
5,4,87,0.003847305430099368,5.496706008911133,1.0,0.7941176470588235
5,4,88,0.0037317306268960238,5.521752834320068,1.0,0.7941176470588235
5,4,89,0.0036186976358294487,5.544195175170898,1.0,0.7941176470588235
5,4,90,0.0035094446502625942,8.039091110229492,1.0,0.7941176470588235
5,4,91,0.0034060331527143717,8.062146186828613,1.0,0.7941176470588235
5,4,92,0.003294319612905383,8.067590713500977,1.0,0.7941176470588235
5,4,93,0.0031856282148510218,8.062518119812012,1.0,0.7941176470588235
5,4,94,0.003082968294620514,8.0529146194458,1.0,0.7941176470588235
5,4,95,0.002982423407956958,8.047106742858887,1.0,0.7941176470588235
5,4,96,0.0028842645697295666,8.043767929077148,1.0,0.7941176470588235
5,4,97,0.0027885905001312494,8.04244327545166,1.0,0.7941176470588235
5,4,98,0.0026948933955281973,8.038979530334473,1.0,0.7941176470588235
5,4,99,0.0026037206407636404,8.042683601379395,1.0,0.7941176470588235
5,4,100,0.0025149828288704157,8.046638488769531,1.0,0.7647058823529411
5,5,1,1.2784883975982666,2.6753129959106445,0.7299270072992701,0.7058823529411765
5,5,2,0.5749064087867737,0.7427701354026794,0.7299270072992701,0.7058823529411765
5,5,3,0.6906031370162964,0.6902859807014465,0.6715328467153284,0.7352941176470589
5,5,4,0.5090119242668152,0.4988206923007965,0.7518248175182481,0.7941176470588235
5,5,5,0.4756992757320404,0.5471733212471008,0.7299270072992701,0.7058823529411765
5,5,6,0.4645806550979614,0.5530699491500854,0.7299270072992701,0.7058823529411765
5,5,7,0.42530983686447144,0.46924054622650146,0.7737226277372263,0.8235294117647058
5,5,8,0.3919765055179596,0.3989787697792053,0.7883211678832117,0.8235294117647058
5,5,9,0.3786987364292145,0.37824884057044983,0.7956204379562044,0.8529411764705882
5,5,10,0.3653865158557892,0.3728993535041809,0.8175182481751825,0.8235294117647058
5,5,11,0.34220966696739197,0.3556319773197174,0.8321167883211679,0.8529411764705882
5,5,12,0.3215043544769287,0.3525445759296417,0.8467153284671532,0.9117647058823529
5,5,13,0.3047798275947571,0.3645458221435547,0.8467153284671532,0.9117647058823529
5,5,14,0.28889593482017517,0.3745371401309967,0.8686131386861314,0.9117647058823529
5,5,15,0.2702457010746002,0.3681718111038208,0.8686131386861314,0.9117647058823529
5,5,16,0.2507475018501282,0.35370367765426636,0.8905109489051095,0.9117647058823529
5,5,17,0.2321115881204605,0.3493802845478058,0.8978102189781022,0.9117647058823529
5,5,18,0.21400396525859833,0.35041019320487976,0.9051094890510949,0.9117647058823529
5,5,19,0.19538526237010956,0.36815476417541504,0.9124087591240876,0.9117647058823529
5,5,20,0.17878194153308868,0.38456806540489197,0.927007299270073,0.9117647058823529
5,5,21,0.15837527811527252,0.4296126961708069,0.948905109489051,0.8823529411764706
5,5,22,0.14203672111034393,0.46379736065864563,0.9635036496350365,0.8823529411764706
5,5,23,0.12668946385383606,0.44730743765830994,0.9708029197080292,0.9117647058823529
5,5,24,0.11407838016748428,0.44774654507637024,0.9635036496350365,0.9117647058823529
5,5,25,0.10422422736883163,0.5067821741104126,0.9781021897810219,0.8823529411764706
5,5,26,0.09111228585243225,0.47359752655029297,0.9781021897810219,0.9117647058823529
5,5,27,0.08036340028047562,0.5066933631896973,0.9781021897810219,0.9117647058823529
5,5,28,0.07326719909906387,0.5796459317207336,0.9781021897810219,0.8823529411764706
5,5,29,0.06637074798345566,0.5245802402496338,0.9781021897810219,0.9117647058823529
5,5,30,0.07511711120605469,0.5153727531433105,0.9708029197080292,0.9117647058823529
5,5,31,0.06940854340791702,0.5402019023895264,0.9781021897810219,0.9117647058823529
5,5,32,0.05282933637499809,0.6009679436683655,0.9781021897810219,0.9117647058823529
5,5,33,0.0460113100707531,0.7701461911201477,0.9854014598540146,0.8823529411764706
5,5,34,0.0546993687748909,0.9078954458236694,0.9781021897810219,0.8823529411764706
5,5,35,0.0361698754131794,0.6698283553123474,0.9854014598540146,0.9117647058823529
5,5,36,0.04375271871685982,0.5875339508056641,0.9781021897810219,0.8823529411764706
5,5,37,0.07705079764127731,0.6791507601737976,0.9708029197080292,0.8823529411764706
5,5,38,0.035615671426057816,0.6634944081306458,0.9781021897810219,0.9117647058823529
5,5,39,0.028910377994179726,0.906692624092102,0.9854014598540146,0.8823529411764706
5,5,40,0.07405167073011398,1.2820535898208618,0.9635036496350365,0.8529411764705882
5,5,41,0.07028375566005707,1.3075041770935059,0.9635036496350365,0.8823529411764706
5,5,42,0.032383039593696594,1.1258140802383423,0.9927007299270073,0.8823529411764706
5,5,43,0.02532152086496353,1.018631935119629,1.0,0.9117647058823529
5,5,44,0.035185012966394424,0.9691164493560791,0.9927007299270073,0.9117647058823529
5,5,45,0.032274335622787476,0.9649723172187805,0.9927007299270073,0.9117647058823529
5,5,46,0.028888817876577377,0.9676145911216736,0.9927007299270073,0.9117647058823529
5,5,47,0.02480625919997692,0.9776657223701477,0.9927007299270073,0.9117647058823529
5,5,48,0.017963482066988945,1.0198986530303955,1.0,0.9117647058823529
5,5,49,0.016444357112050056,1.0619601011276245,1.0,0.9117647058823529
5,5,50,0.01612865924835205,1.112818956375122,1.0,0.8823529411764706
5,5,51,0.0173979289829731,1.1819686889648438,1.0,0.8529411764705882
5,5,52,0.02063078247010708,1.2326897382736206,1.0,0.8529411764705882
5,5,53,0.019641462713479996,1.2232551574707031,1.0,0.8529411764705882
5,5,54,0.015463748946785927,1.1595702171325684,1.0,0.8529411764705882
5,5,55,0.013383878394961357,1.0962529182434082,1.0,0.8529411764705882
5,5,56,0.012466288171708584,1.0439517498016357,1.0,0.8823529411764706
5,5,57,0.011925921775400639,1.0016471147537231,1.0,0.8823529411764706
5,5,58,0.011561338789761066,0.9624217748641968,1.0,0.8823529411764706
5,5,59,0.011425051838159561,0.9345546364784241,1.0,0.8823529411764706
5,5,60,0.011433389037847519,0.9240739345550537,1.0,0.8823529411764706
5,5,61,0.010952543467283249,0.9308798313140869,1.0,0.9117647058823529
5,5,62,0.010259609669446945,0.9639750123023987,1.0,0.9117647058823529
5,5,63,0.010041221976280212,1.011250615119934,1.0,0.9117647058823529
5,5,64,0.010247488506138325,1.07661771774292,1.0,0.8823529411764706
5,5,65,0.01177597139030695,1.153032660484314,1.0,0.8823529411764706
5,5,66,0.00989280454814434,1.1106756925582886,1.0,0.8823529411764706
5,5,67,0.009071271866559982,1.0436877012252808,1.0,0.9117647058823529
5,5,68,0.00879647210240364,1.0066173076629639,1.0,0.9117647058823529
5,5,69,0.008602880872786045,0.9854835271835327,1.0,0.9117647058823529
5,5,70,0.008516136556863785,0.9749493598937988,1.0,0.9117647058823529
5,5,71,0.008741917088627815,0.9742024540901184,1.0,0.9117647058823529
5,5,72,0.008256018161773682,0.9884193539619446,1.0,0.9117647058823529
5,5,73,0.007784212473779917,1.03482186794281,1.0,0.9117647058823529
5,5,74,0.007599273696541786,1.0936928987503052,1.0,0.8823529411764706
5,5,75,0.00746576813980937,1.1596060991287231,1.0,0.8823529411764706
5,5,76,0.007578591350466013,1.2538745403289795,1.0,0.8529411764705882
5,5,77,0.00880616344511509,1.3547312021255493,1.0,0.8529411764705882
5,5,78,0.006921455729752779,1.1826446056365967,1.0,0.9117647058823529
5,5,79,0.006709082052111626,1.1074025630950928,1.0,0.9117647058823529
5,5,80,0.006542069371789694,1.0552750825881958,1.0,0.9117647058823529
5,5,81,0.0065002660267055035,1.015494465827942,1.0,0.9117647058823529
5,5,82,0.008135545067489147,0.9962988495826721,1.0,0.8823529411764706
5,5,83,0.007235534023493528,0.9959552884101868,1.0,0.9117647058823529
5,5,84,0.006529850419610739,1.000583291053772,1.0,0.9117647058823529
5,5,85,0.005748425144702196,1.0604737997055054,1.0,0.9117647058823529
5,5,86,0.005601647775620222,1.1340773105621338,1.0,0.9117647058823529
5,5,87,0.005528043955564499,1.2228718996047974,1.0,0.9117647058823529
5,5,88,0.006444485858082771,1.3496572971343994,1.0,0.8823529411764706
5,5,89,0.012975797988474369,1.4693101644515991,0.9927007299270073,0.8823529411764706
5,5,90,0.013268795795738697,1.4870319366455078,0.9927007299270073,0.8823529411764706
5,5,91,0.005115818697959185,1.3123583793640137,1.0,0.8823529411764706
5,5,92,0.004753502551466227,1.2002519369125366,1.0,0.9117647058823529
5,5,93,0.004609678406268358,1.1377922296524048,1.0,0.9117647058823529
5,5,94,0.004494257736951113,1.0849015712738037,1.0,0.9117647058823529
5,5,95,0.004694074857980013,1.048851728439331,1.0,0.9117647058823529
5,5,96,0.004895380232483149,1.043816328048706,1.0,0.9117647058823529
5,5,97,0.005000896751880646,1.0441097021102905,1.0,0.9117647058823529
5,5,98,0.004192291758954525,1.063805103302002,1.0,0.9117647058823529
5,5,99,0.0039106435142457485,1.0895812511444092,1.0,0.9117647058823529
5,5,100,0.0037653797771781683,1.1164919137954712,1.0,0.9117647058823529
