repeat,recall,precision
1,0.0,1.0
1,0.001001001001001001,1.0
1,0.002002002002002002,1.0
1,0.003003003003003003,1.0
1,0.004004004004004004,1.0
1,0.005005005005005005,1.0
1,0.006006006006006006,1.0
1,0.007007007007007007,1.0
1,0.008008008008008008,1.0
1,0.009009009009009009,1.0
1,0.01001001001001001,1.0
1,0.011011011011011011,1.0
1,0.012012012012012012,1.0
1,0.013013013013013013,1.0
1,0.014014014014014014,1.0
1,0.015015015015015015,1.0
1,0.016016016016016016,1.0
1,0.017017017017017015,1.0
1,0.018018018018018018,1.0
1,0.01901901901901902,1.0
1,0.02002002002002002,1.0
1,0.02102102102102102,1.0
1,0.022022022022022022,1.0
1,0.023023023023023025,1.0
1,0.024024024024024024,1.0
1,0.025025025025025023,1.0
1,0.026026026026026026,1.0
1,0.02702702702702703,1.0
1,0.028028028028028028,1.0
1,0.029029029029029027,1.0
1,0.03003003003003003,1.0
1,0.031031031031031032,1.0
1,0.03203203203203203,1.0
1,0.03303303303303303,1.0
1,0.03403403403403403,1.0
1,0.035035035035035036,1.0
1,0.036036036036036036,1.0
1,0.037037037037037035,1.0
1,0.03803803803803804,1.0
1,0.03903903903903904,1.0
1,0.04004004004004004,1.0
1,0.04104104104104104,1.0
1,0.04204204204204204,1.0
1,0.043043043043043044,1.0
1,0.044044044044044044,1.0
1,0.04504504504504504,1.0
1,0.04604604604604605,1.0
1,0.04704704704704705,1.0
1,0.04804804804804805,1.0
1,0.04904904904904905,1.0
1,0.050050050050050046,1.0
1,0.05105105105105105,1.0
1,0.05205205205205205,1.0
1,0.05305305305305305,1.0
1,0.05405405405405406,1.0
1,0.055055055055055056,1.0
1,0.056056056056056056,1.0
1,0.057057057057057055,1.0
1,0.058058058058058054,1.0
1,0.05905905905905906,1.0
1,0.06006006006006006,1.0
1,0.06106106106106106,1.0
1,0.062062062062062065,1.0
1,0.06306306306306306,1.0
1,0.06406406406406406,1.0
1,0.06506506506506507,1.0
1,0.06606606606606606,1.0
1,0.06706706706706707,1.0
1,0.06806806806806806,1.0
1,0.06906906906906907,1.0
1,0.07007007007007007,1.0
1,0.07107107107107107,1.0
1,0.07207207207207207,1.0
1,0.07307307307307308,1.0
1,0.07407407407407407,1.0
1,0.07507507507507508,1.0
1,0.07607607607607608,1.0
1,0.07707707707707707,1.0
1,0.07807807807807808,1.0
1,0.07907907907907907,1.0
1,0.08008008008008008,1.0
1,0.08108108108108109,1.0
1,0.08208208208208208,1.0
1,0.08308308308308308,1.0
1,0.08408408408408408,1.0
1,0.08508508508508508,1.0
1,0.08608608608608609,1.0
1,0.08708708708708708,1.0
1,0.08808808808808809,1.0
1,0.0890890890890891,1.0
1,0.09009009009009009,1.0
1,0.09109109109109109,1.0
1,0.0920920920920921,1.0
1,0.09309309309309309,1.0
1,0.0940940940940941,1.0
1,0.09509509509509509,1.0
1,0.0960960960960961,1.0
1,0.0970970970970971,1.0
1,0.0980980980980981,1.0
1,0.0990990990990991,1.0
1,0.10010010010010009,1.0
1,0.1011011011011011,1.0
1,0.1021021021021021,1.0
1,0.1031031031031031,1.0
1,0.1041041041041041,1.0
1,0.10510510510510511,1.0
1,0.1061061061061061,1.0
1,0.10710710710710711,1.0
1,0.10810810810810811,1.0
1,0.1091091091091091,1.0
1,0.11011011011011011,1.0
1,0.1111111111111111,1.0
1,0.11211211211211211,1.0
1,0.11311311311311312,1.0
1,0.11411411411411411,1.0
1,0.11511511511511512,1.0
1,0.11611611611611611,1.0
1,0.11711711711711711,1.0
1,0.11811811811811812,1.0
1,0.11911911911911911,1.0
1,0.12012012012012012,1.0
1,0.12112112112112113,1.0
1,0.12212212212212212,1.0
1,0.12312312312312312,1.0
1,0.12412412412412413,1.0
1,0.12512512512512514,1.0
1,0.12612612612612611,1.0
1,0.12712712712712712,1.0
1,0.12812812812812813,1.0
1,0.12912912912912913,1.0
1,0.13013013013013014,1.0
1,0.13113113113113112,1.0
1,0.13213213213213212,1.0
1,0.13313313313313313,1.0
1,0.13413413413413414,1.0
1,0.13513513513513514,1.0
1,0.13613613613613612,1.0
1,0.13713713713713713,1.0
1,0.13813813813813813,1.0
1,0.13913913913913914,1.0
1,0.14014014014014015,1.0
1,0.14114114114114115,1.0
1,0.14214214214214213,1.0
1,0.14314314314314314,1.0
1,0.14414414414414414,1.0
1,0.14514514514514515,1.0
1,0.14614614614614616,1.0
1,0.14714714714714713,1.0
1,0.14814814814814814,1.0
1,0.14914914914914915,1.0
1,0.15015015015015015,1.0
1,0.15115115115115116,1.0
1,0.15215215215215216,1.0
1,0.15315315315315314,1.0
1,0.15415415415415415,1.0
1,0.15515515515515516,1.0
1,0.15615615615615616,1.0
1,0.15715715715715717,1.0
1,0.15815815815815815,1.0
1,0.15915915915915915,1.0
1,0.16016016016016016,1.0
1,0.16116116116116116,1.0
1,0.16216216216216217,1.0
1,0.16316316316316315,1.0
1,0.16416416416416416,1.0
1,0.16516516516516516,1.0
1,0.16616616616616617,1.0
1,0.16716716716716717,0.6671671671671672
1,0.16816816816816815,0.6681681681681682
1,0.16916916916916916,0.6691691691691691
1,0.17017017017017017,0.6701701701701701
1,0.17117117117117117,0.6711711711711712
1,0.17217217217217218,0.6721721721721722
1,0.17317317317317318,0.6731731731731732
1,0.17417417417417416,0.6741741741741741
1,0.17517517517517517,0.6751751751751751
1,0.17617617617617617,0.6761761761761762
1,0.17717717717717718,0.6771771771771772
1,0.1781781781781782,0.6781781781781782
1,0.17917917917917917,0.6791791791791791
1,0.18018018018018017,0.6801801801801801
1,0.18118118118118118,0.6811811811811812
1,0.18218218218218218,0.6821821821821822
1,0.1831831831831832,0.6831831831831832
1,0.1841841841841842,0.6841841841841841
1,0.18518518518518517,0.6851851851851851
1,0.18618618618618618,0.6861861861861862
1,0.1871871871871872,0.6871871871871872
1,0.1881881881881882,0.6881881881881882
1,0.1891891891891892,0.6891891891891891
1,0.19019019019019018,0.6901901901901901
1,0.19119119119119118,0.6911911911911912
1,0.1921921921921922,0.6921921921921922
1,0.1931931931931932,0.6931931931931932
1,0.1941941941941942,0.6941941941941941
1,0.19519519519519518,0.6951951951951951
1,0.1961961961961962,0.6961961961961962
1,0.1971971971971972,0.6971971971971972
1,0.1981981981981982,0.6981981981981982
1,0.1991991991991992,0.6991991991991992
1,0.20020020020020018,0.7002002002002001
1,0.2012012012012012,0.7012012012012012
1,0.2022022022022022,0.7022022022022022
1,0.2032032032032032,0.7032032032032032
1,0.2042042042042042,0.7042042042042042
1,0.20520520520520522,0.7052052052052052
1,0.2062062062062062,0.7062062062062062
1,0.2072072072072072,0.7072072072072072
1,0.2082082082082082,0.7082082082082082
1,0.2092092092092092,0.7092092092092092
1,0.21021021021021022,0.7102102102102102
1,0.2112112112112112,0.7112112112112112
1,0.2122122122122122,0.7122122122122122
1,0.2132132132132132,0.7132132132132132
1,0.21421421421421422,0.7142142142142142
1,0.21521521521521522,0.7152152152152152
1,0.21621621621621623,0.7162162162162162
1,0.2172172172172172,0.7172172172172172
1,0.2182182182182182,0.7182182182182182
1,0.21921921921921922,0.7192192192192192
1,0.22022022022022023,0.7202202202202203
1,0.22122122122122123,0.7212212212212212
1,0.2222222222222222,0.7222222222222222
1,0.22322322322322322,0.7232232232232232
1,0.22422422422422422,0.7242242242242242
1,0.22522522522522523,0.7252252252252253
1,0.22622622622622623,0.7262262262262262
1,0.2272272272272272,0.7272272272272272
1,0.22822822822822822,0.7282282282282282
1,0.22922922922922923,0.7292292292292292
1,0.23023023023023023,0.7302302302302303
1,0.23123123123123124,0.7312312312312312
1,0.23223223223223222,0.7322322322322322
1,0.23323323323323322,0.7332332332332332
1,0.23423423423423423,0.7342342342342342
1,0.23523523523523523,0.7352352352352353
1,0.23623623623623624,0.7362362362362362
1,0.23723723723723725,0.7372372372372372
1,0.23823823823823823,0.7382382382382382
1,0.23923923923923923,0.7392392392392392
1,0.24024024024024024,0.7402402402402403
1,0.24124124124124124,0.7412412412412412
1,0.24224224224224225,0.7422422422422422
1,0.24324324324324323,0.7432432432432432
1,0.24424424424424424,0.7442442442442442
1,0.24524524524524524,0.7452452452452453
1,0.24624624624624625,0.7462462462462462
1,0.24724724724724725,0.7472472472472472
1,0.24824824824824826,0.7482482482482482
1,0.24924924924924924,0.7492492492492492
1,0.2502502502502503,0.6002002002002002
1,0.25125125125125125,0.601001001001001
1,0.25225225225225223,0.6018018018018018
1,0.25325325325325326,0.6026026026026026
1,0.25425425425425424,0.6034034034034034
1,0.2552552552552553,0.6042042042042042
1,0.25625625625625625,0.605005005005005
1,0.25725725725725723,0.6058058058058058
1,0.25825825825825827,0.6066066066066066
1,0.25925925925925924,0.6074074074074074
1,0.2602602602602603,0.6082082082082082
1,0.26126126126126126,0.609009009009009
1,0.26226226226226224,0.6098098098098098
1,0.26326326326326327,0.6106106106106106
1,0.26426426426426425,0.6114114114114114
1,0.2652652652652653,0.6122122122122122
1,0.26626626626626626,0.613013013013013
1,0.26726726726726724,0.6138138138138137
1,0.2682682682682683,0.6146146146146146
1,0.26926926926926925,0.6154154154154153
1,0.2702702702702703,0.6162162162162163
1,0.27127127127127126,0.6170170170170169
1,0.27227227227227224,0.6178178178178177
1,0.2732732732732733,0.6186186186186186
1,0.27427427427427425,0.6194194194194194
1,0.2752752752752753,0.6202202202202202
1,0.27627627627627627,0.621021021021021
1,0.2772772772772773,0.6218218218218218
1,0.2782782782782783,0.6226226226226226
1,0.27927927927927926,0.6234234234234234
1,0.2802802802802803,0.6242242242242242
1,0.28128128128128127,0.625025025025025
1,0.2822822822822823,0.6258258258258258
1,0.2832832832832833,0.6266266266266266
1,0.28428428428428426,0.6274274274274274
1,0.2852852852852853,0.6282282282282282
1,0.2862862862862863,0.629029029029029
1,0.2872872872872873,0.6298298298298298
1,0.2882882882882883,0.6306306306306306
1,0.28928928928928926,0.6314314314314314
1,0.2902902902902903,0.6322322322322322
1,0.2912912912912913,0.633033033033033
1,0.2922922922922923,0.6338338338338338
1,0.2932932932932933,0.6346346346346347
1,0.29429429429429427,0.6354354354354353
1,0.2952952952952953,0.6362362362362363
1,0.2962962962962963,0.637037037037037
1,0.2972972972972973,0.6378378378378379
1,0.2982982982982983,0.6386386386386386
1,0.29929929929929927,0.6394394394394394
1,0.3003003003003003,0.6402402402402402
1,0.3013013013013013,0.641041041041041
1,0.3023023023023023,0.6418418418418418
1,0.3033033033033033,0.6426426426426426
1,0.30430430430430433,0.6434434434434434
1,0.3053053053053053,0.6442442442442442
1,0.3063063063063063,0.645045045045045
1,0.3073073073073073,0.6458458458458458
1,0.3083083083083083,0.6466466466466466
1,0.30930930930930933,0.6474474474474474
1,0.3103103103103103,0.6482482482482482
1,0.3113113113113113,0.649049049049049
1,0.3123123123123123,0.6498498498498498
1,0.3133133133133133,0.6506506506506506
1,0.31431431431431434,0.6514514514514514
1,0.3153153153153153,0.6522522522522523
1,0.3163163163163163,0.6530530530530531
1,0.3173173173173173,0.6538538538538539
1,0.3183183183183183,0.6546546546546547
1,0.31931931931931934,0.6554554554554555
1,0.3203203203203203,0.6562562562562563
1,0.3213213213213213,0.657057057057057
1,0.32232232232232233,0.6578578578578579
1,0.3233233233233233,0.6586586586586586
1,0.32432432432432434,0.6594594594594595
1,0.3253253253253253,0.6602602602602602
1,0.3263263263263263,0.661061061061061
1,0.32732732732732733,0.6618618618618618
1,0.3283283283283283,0.6626626626626626
1,0.32932932932932935,0.6634634634634634
1,0.3303303303303303,0.6642642642642642
1,0.3313313313313313,0.665065065065065
1,0.33233233233233234,0.6658658658658658
1,0.3333333333333333,0.6666666666666666
1,0.33433433433433435,0.6672386672386672
1,0.3353353353353353,0.6678106678106678
1,0.3363363363363363,0.6683826683826684
1,0.33733733733733734,0.6689546689546689
1,0.3383383383383383,0.6695266695266695
1,0.33933933933933935,0.6700986700986701
1,0.34034034034034033,0.6706706706706707
1,0.34134134134134136,0.6712426712426712
1,0.34234234234234234,0.6718146718146718
1,0.3433433433433433,0.6723866723866724
1,0.34434434434434436,0.672958672958673
1,0.34534534534534533,0.6735306735306735
1,0.34634634634634637,0.6741026741026741
1,0.34734734734734735,0.6746746746746747
1,0.3483483483483483,0.6752466752466753
1,0.34934934934934936,0.6758186758186758
1,0.35035035035035034,0.6763906763906764
1,0.35135135135135137,0.676962676962677
1,0.35235235235235235,0.6775346775346776
1,0.3533533533533533,0.678106678106678
1,0.35435435435435436,0.6786786786786787
1,0.35535535535535534,0.6792506792506793
1,0.3563563563563564,0.6798226798226799
1,0.35735735735735735,0.6803946803946804
1,0.35835835835835833,0.6809666809666809
1,0.35935935935935936,0.6815386815386816
1,0.36036036036036034,0.682110682110682
1,0.3613613613613614,0.6826826826826827
1,0.36236236236236236,0.6832546832546832
1,0.36336336336336333,0.6838266838266838
1,0.36436436436436437,0.6843986843986843
1,0.36536536536536535,0.6849706849706849
1,0.3663663663663664,0.6855426855426855
1,0.36736736736736736,0.6861146861146861
1,0.3683683683683684,0.6866866866866866
1,0.36936936936936937,0.6872586872586872
1,0.37037037037037035,0.6878306878306878
1,0.3713713713713714,0.6884026884026884
1,0.37237237237237236,0.6889746889746889
1,0.3733733733733734,0.6895466895466895
1,0.3743743743743744,0.6901186901186901
1,0.37537537537537535,0.6906906906906907
1,0.3763763763763764,0.6912626912626912
1,0.37737737737737737,0.6918346918346918
1,0.3783783783783784,0.6924066924066924
1,0.3793793793793794,0.692978692978693
1,0.38038038038038036,0.6935506935506935
1,0.3813813813813814,0.6941226941226941
1,0.38238238238238237,0.6946946946946947
1,0.3833833833833834,0.6952666952666953
1,0.3843843843843844,0.6958386958386958
1,0.38538538538538536,0.6964106964106964
1,0.3863863863863864,0.696982696982697
1,0.38738738738738737,0.6975546975546976
1,0.3883883883883884,0.6981266981266981
1,0.3893893893893894,0.6986986986986987
1,0.39039039039039036,0.6992706992706993
1,0.3913913913913914,0.6998426998426999
1,0.3923923923923924,0.7004147004147004
1,0.3933933933933934,0.700986700986701
1,0.3943943943943944,0.7015587015587016
1,0.39539539539539537,0.7021307021307022
1,0.3963963963963964,0.7027027027027027
1,0.3973973973973974,0.7032747032747033
1,0.3983983983983984,0.7038467038467039
1,0.3993993993993994,0.7044187044187045
1,0.40040040040040037,0.7049907049907049
1,0.4014014014014014,0.7055627055627056
1,0.4024024024024024,0.7061347061347061
1,0.4034034034034034,0.7067067067067068
1,0.4044044044044044,0.7072787072787072
1,0.40540540540540543,0.7078507078507079
1,0.4064064064064064,0.7084227084227084
1,0.4074074074074074,0.708994708994709
1,0.4084084084084084,0.7095667095667095
1,0.4094094094094094,0.7101387101387101
1,0.41041041041041043,0.7107107107107107
1,0.4114114114114114,0.7112827112827113
1,0.4124124124124124,0.7118547118547118
1,0.4134134134134134,0.7124267124267124
1,0.4144144144144144,0.712998712998713
1,0.41541541541541543,0.7135707135707136
1,0.4164164164164164,0.7141427141427141
1,0.4174174174174174,0.5004095004095004
1,0.4184184184184184,0.5009555009555009
1,0.4194194194194194,0.5015015015015015
1,0.42042042042042044,0.502047502047502
1,0.4214214214214214,0.5025935025935026
1,0.4224224224224224,0.5031395031395031
1,0.42342342342342343,0.5036855036855037
1,0.4244244244244244,0.5042315042315042
1,0.42542542542542544,0.5047775047775048
1,0.4264264264264264,0.5053235053235053
1,0.4274274274274274,0.5058695058695059
1,0.42842842842842843,0.5064155064155064
1,0.4294294294294294,0.506961506961507
1,0.43043043043043044,0.5075075075075075
1,0.4314314314314314,0.508053508053508
1,0.43243243243243246,0.5085995085995086
1,0.43343343343343343,0.5091455091455092
1,0.4344344344344344,0.5096915096915097
1,0.43543543543543545,0.5102375102375102
1,0.4364364364364364,0.5107835107835108
1,0.43743743743743746,0.5113295113295113
1,0.43843843843843844,0.5118755118755118
1,0.4394394394394394,0.5124215124215123
1,0.44044044044044045,0.512967512967513
1,0.44144144144144143,0.5135135135135135
1,0.44244244244244246,0.514059514059514
1,0.44344344344344344,0.5146055146055146
1,0.4444444444444444,0.5151515151515151
1,0.44544544544544545,0.5156975156975157
1,0.44644644644644643,0.5162435162435162
1,0.44744744744744747,0.5167895167895168
1,0.44844844844844844,0.5173355173355173
1,0.4494494494494494,0.5178815178815178
1,0.45045045045045046,0.5184275184275184
1,0.45145145145145144,0.518973518973519
1,0.45245245245245247,0.5195195195195195
1,0.45345345345345345,0.52006552006552
1,0.4544544544544544,0.5206115206115206
1,0.45545545545545546,0.5211575211575211
1,0.45645645645645644,0.5217035217035216
1,0.4574574574574575,0.5222495222495223
1,0.45845845845845845,0.5227955227955228
1,0.45945945945945943,0.5233415233415233
1,0.46046046046046046,0.5238875238875239
1,0.46146146146146144,0.5244335244335244
1,0.4624624624624625,0.5249795249795249
1,0.46346346346346345,0.5255255255255254
1,0.46446446446446443,0.5260715260715261
1,0.46546546546546547,0.5266175266175266
1,0.46646646646646645,0.5271635271635271
1,0.4674674674674675,0.5277095277095277
1,0.46846846846846846,0.5282555282555282
1,0.4694694694694695,0.5288015288015288
1,0.47047047047047047,0.5293475293475293
1,0.47147147147147145,0.5298935298935299
1,0.4724724724724725,0.5304395304395304
1,0.47347347347347346,0.5309855309855309
1,0.4744744744744745,0.5315315315315315
1,0.4754754754754755,0.5320775320775321
1,0.47647647647647645,0.5326235326235326
1,0.4774774774774775,0.5331695331695332
1,0.47847847847847846,0.5337155337155337
1,0.4794794794794795,0.5342615342615342
1,0.4804804804804805,0.5348075348075347
1,0.48148148148148145,0.5353535353535352
1,0.4824824824824825,0.5358995358995359
1,0.48348348348348347,0.5364455364455364
1,0.4844844844844845,0.536991536991537
1,0.4854854854854855,0.5375375375375375
1,0.48648648648648646,0.538083538083538
1,0.4874874874874875,0.5386295386295386
1,0.48848848848848847,0.5391755391755392
1,0.4894894894894895,0.5397215397215397
1,0.4904904904904905,0.5402675402675402
1,0.49149149149149146,0.5408135408135407
1,0.4924924924924925,0.5413595413595413
1,0.4934934934934935,0.5419055419055419
1,0.4944944944944945,0.5424515424515424
1,0.4954954954954955,0.542997542997543
1,0.4964964964964965,0.5435435435435435
1,0.4974974974974975,0.544089544089544
1,0.4984984984984985,0.5446355446355445
1,0.4994994994994995,0.5451815451815452
1,0.5005005005005005,0.4617694617694618
1,0.5015015015015015,0.4622314622314623
1,0.5025025025025025,0.46269346269346273
1,0.5035035035035035,0.4631554631554632
1,0.5045045045045045,0.46361746361746364
1,0.5055055055055055,0.4640794640794641
1,0.5065065065065065,0.46454146454146455
1,0.5075075075075075,0.465003465003465
1,0.5085085085085085,0.46546546546546547
1,0.5095095095095095,0.4659274659274659
1,0.5105105105105106,0.46638946638946643
1,0.5115115115115115,0.4668514668514669
1,0.5125125125125125,0.46731346731346735
1,0.5135135135135135,0.4677754677754678
1,0.5145145145145145,0.46823746823746826
1,0.5155155155155156,0.4686994686994687
1,0.5165165165165165,0.46916146916146917
1,0.5175175175175175,0.4696234696234696
1,0.5185185185185185,0.4700854700854701
1,0.5195195195195195,0.47054747054747054
1,0.5205205205205206,0.47100947100947105
1,0.5215215215215215,0.4714714714714715
1,0.5225225225225225,0.47193347193347196
1,0.5235235235235235,0.4723954723954724
1,0.5245245245245245,0.47285747285747287
1,0.5255255255255256,0.4733194733194733
1,0.5265265265265265,0.4737814737814738
1,0.5275275275275275,0.47424347424347424
1,0.5285285285285285,0.4747054747054747
1,0.5295295295295295,0.47516747516747515
1,0.5305305305305306,0.47562947562947566
1,0.5315315315315315,0.4760914760914761
1,0.5325325325325325,0.4765534765534766
1,0.5335335335335335,0.47701547701547703
1,0.5345345345345345,0.4774774774774775
1,0.5355355355355356,0.47793947793947794
1,0.5365365365365365,0.4784014784014784
1,0.5375375375375375,0.47886347886347885
1,0.5385385385385385,0.4793254793254793
1,0.5395395395395395,0.47978747978747976
1,0.5405405405405406,0.4802494802494803
1,0.5415415415415415,0.48071148071148073
1,0.5425425425425425,0.4811734811734812
1,0.5435435435435435,0.48163548163548164
1,0.5445445445445445,0.48209748209748204
1,0.5455455455455456,0.48255948255948256
1,0.5465465465465466,0.483021483021483
1,0.5475475475475475,0.48348348348348347
1,0.5485485485485485,0.4839454839454839
1,0.5495495495495496,0.48440748440748443
1,0.5505505505505506,0.4848694848694849
1,0.5515515515515516,0.48533148533148535
1,0.5525525525525525,0.4857934857934858
1,0.5535535535535535,0.48625548625548626
1,0.5545545545545546,0.4867174867174867
1,0.5555555555555556,0.48717948717948717
1,0.5565565565565566,0.4876414876414876
1,0.5575575575575575,0.4881034881034881
1,0.5585585585585585,0.48856548856548854
1,0.5595595595595596,0.48902748902748905
1,0.5605605605605606,0.4894894894894895
1,0.5615615615615616,0.48995148995148996
1,0.5625625625625625,0.4904134904134904
1,0.5635635635635635,0.49087549087549087
1,0.5645645645645646,0.49133749133749133
1,0.5655655655655656,0.4917994917994918
1,0.5665665665665666,0.49226149226149224
1,0.5675675675675675,0.4927234927234927
1,0.5685685685685685,0.49318549318549315
1,0.5695695695695696,0.49364749364749366
1,0.5705705705705706,0.4941094941094941
1,0.5715715715715716,0.4945714945714946
1,0.5725725725725725,0.49503349503349503
1,0.5735735735735735,0.49549549549549543
1,0.5745745745745746,0.49595749595749594
1,0.5755755755755756,0.4964194964194964
1,0.5765765765765766,0.49688149688149685
1,0.5775775775775776,0.4973434973434973
1,0.5785785785785785,0.49780549780549777
1,0.5795795795795796,0.4982674982674983
1,0.5805805805805806,0.49872949872949873
1,0.5815815815815816,0.4991914991914992
1,0.5825825825825826,0.49965349965349964
1,0.5835835835835835,0.5001001001001001
1,0.5845845845845846,0.5005005005005005
1,0.5855855855855856,0.5009009009009009
1,0.5865865865865866,0.5013013013013012
1,0.5875875875875876,0.5017017017017017
1,0.5885885885885885,0.502102102102102
1,0.5895895895895896,0.5025025025025025
1,0.5905905905905906,0.5029029029029028
1,0.5915915915915916,0.5033033033033033
1,0.5925925925925926,0.5037037037037037
1,0.5935935935935935,0.5041041041041041
1,0.5945945945945946,0.5045045045045045
1,0.5955955955955956,0.5049049049049049
1,0.5965965965965966,0.5053053053053053
1,0.5975975975975976,0.5057057057057057
1,0.5985985985985985,0.5061061061061061
1,0.5995995995995996,0.5065065065065065
1,0.6006006006006006,0.5069069069069069
1,0.6016016016016016,0.5073073073073073
1,0.6026026026026026,0.5077077077077077
1,0.6036036036036035,0.508108108108108
1,0.6046046046046046,0.5085085085085085
1,0.6056056056056056,0.5089089089089089
1,0.6066066066066066,0.5093093093093093
1,0.6076076076076076,0.5097097097097096
1,0.6086086086086087,0.5101101101101101
1,0.6096096096096096,0.5105105105105106
1,0.6106106106106106,0.5109109109109109
1,0.6116116116116116,0.5113113113113112
1,0.6126126126126126,0.5117117117117117
1,0.6136136136136137,0.5121121121121122
1,0.6146146146146146,0.5125125125125125
1,0.6156156156156156,0.5129129129129129
1,0.6166166166166166,0.5133133133133133
1,0.6176176176176176,0.5137137137137137
1,0.6186186186186187,0.5141141141141141
1,0.6196196196196196,0.5145145145145145
1,0.6206206206206206,0.5149149149149149
1,0.6216216216216216,0.5153153153153153
1,0.6226226226226226,0.5157157157157157
1,0.6236236236236237,0.5161161161161161
1,0.6246246246246246,0.5165165165165165
1,0.6256256256256256,0.5169169169169169
1,0.6266266266266266,0.5173173173173173
1,0.6276276276276276,0.5177177177177177
1,0.6286286286286287,0.5181181181181181
1,0.6296296296296297,0.5185185185185185
1,0.6306306306306306,0.518918918918919
1,0.6316316316316316,0.5193193193193193
1,0.6326326326326326,0.5197197197197196
1,0.6336336336336337,0.5201201201201201
1,0.6346346346346347,0.5205205205205206
1,0.6356356356356356,0.5209209209209209
1,0.6366366366366366,0.5213213213213214
1,0.6376376376376376,0.5217217217217217
1,0.6386386386386387,0.5221221221221222
1,0.6396396396396397,0.5225225225225225
1,0.6406406406406406,0.522922922922923
1,0.6416416416416416,0.5233233233233233
1,0.6426426426426426,0.5237237237237237
1,0.6436436436436437,0.5241241241241241
1,0.6446446446446447,0.5245245245245246
1,0.6456456456456456,0.5249249249249249
1,0.6466466466466466,0.5253253253253253
1,0.6476476476476476,0.5257257257257257
1,0.6486486486486487,0.5261261261261262
1,0.6496496496496497,0.5265265265265265
1,0.6506506506506506,0.5269269269269269
1,0.6516516516516516,0.5273273273273273
1,0.6526526526526526,0.5277277277277277
1,0.6536536536536537,0.5281281281281281
1,0.6546546546546547,0.5285285285285285
1,0.6556556556556556,0.528928928928929
1,0.6566566566566566,0.5293293293293293
1,0.6576576576576576,0.5297297297297298
1,0.6586586586586587,0.5301301301301301
1,0.6596596596596597,0.5305305305305306
1,0.6606606606606606,0.5309309309309309
1,0.6616616616616616,0.5313313313313314
1,0.6626626626626626,0.5317317317317317
1,0.6636636636636637,0.5321321321321322
1,0.6646646646646647,0.5325325325325325
1,0.6656656656656657,0.532932932932933
1,0.6666666666666666,0.5333333333333333
1,0.6676676676676676,0.5336836836836837
1,0.6686686686686687,0.534034034034034
1,0.6696696696696697,0.5343843843843844
1,0.6706706706706707,0.5347347347347348
1,0.6716716716716716,0.5350850850850851
1,0.6726726726726726,0.5354354354354354
1,0.6736736736736737,0.5357857857857858
1,0.6746746746746747,0.5361361361361361
1,0.6756756756756757,0.5364864864864864
1,0.6766766766766766,0.5368368368368368
1,0.6776776776776777,0.5371871871871872
1,0.6786786786786787,0.5375375375375375
1,0.6796796796796797,0.5378878878878879
1,0.6806806806806807,0.5382382382382382
1,0.6816816816816816,0.5385885885885886
1,0.6826826826826827,0.538938938938939
1,0.6836836836836837,0.5392892892892893
1,0.6846846846846847,0.5396396396396397
1,0.6856856856856857,0.53998998998999
1,0.6866866866866866,0.5403403403403403
1,0.6876876876876877,0.5406906906906908
1,0.6886886886886887,0.541041041041041
1,0.6896896896896897,0.5413913913913914
1,0.6906906906906907,0.5417417417417417
1,0.6916916916916916,0.5420920920920921
1,0.6926926926926927,0.5424424424424424
1,0.6936936936936937,0.5427927927927928
1,0.6946946946946947,0.5431431431431432
1,0.6956956956956957,0.5434934934934935
1,0.6966966966966966,0.5438438438438439
1,0.6976976976976977,0.5441941941941942
1,0.6986986986986987,0.5445445445445446
1,0.6996996996996997,0.5448948948948948
1,0.7007007007007007,0.5452452452452452
1,0.7017017017017017,0.5455955955955956
1,0.7027027027027027,0.5459459459459459
1,0.7037037037037037,0.5462962962962963
1,0.7047047047047047,0.5466466466466466
1,0.7057057057057057,0.546996996996997
1,0.7067067067067067,0.5473473473473474
1,0.7077077077077077,0.5476976976976977
1,0.7087087087087087,0.5480480480480481
1,0.7097097097097097,0.5483983983983984
1,0.7107107107107107,0.5487487487487488
1,0.7117117117117117,0.549099099099099
1,0.7127127127127127,0.5494494494494495
1,0.7137137137137137,0.5497997997997998
1,0.7147147147147147,0.5501501501501501
1,0.7157157157157157,0.5505005005005005
1,0.7167167167167167,0.5508508508508508
1,0.7177177177177178,0.5512012012012012
1,0.7187187187187187,0.5515515515515516
1,0.7197197197197197,0.5519019019019019
1,0.7207207207207207,0.5522522522522523
1,0.7217217217217217,0.5526026026026026
1,0.7227227227227228,0.552952952952953
1,0.7237237237237237,0.5533033033033034
1,0.7247247247247247,0.5536536536536536
1,0.7257257257257257,0.554004004004004
1,0.7267267267267267,0.5543543543543543
1,0.7277277277277278,0.5547047047047047
1,0.7287287287287287,0.555055055055055
1,0.7297297297297297,0.5554054054054054
1,0.7307307307307307,0.5557557557557558
1,0.7317317317317317,0.5561061061061061
1,0.7327327327327328,0.5564564564564565
1,0.7337337337337337,0.5568068068068068
1,0.7347347347347347,0.5571571571571572
1,0.7357357357357357,0.5575075075075075
1,0.7367367367367368,0.5578578578578579
1,0.7377377377377378,0.5582082082082083
1,0.7387387387387387,0.5585585585585585
1,0.7397397397397397,0.5589089089089089
1,0.7407407407407407,0.5592592592592592
1,0.7417417417417418,0.5596096096096096
1,0.7427427427427428,0.55995995995996
1,0.7437437437437437,0.5603103103103103
1,0.7447447447447447,0.5606606606606607
1,0.7457457457457457,0.561011011011011
1,0.7467467467467468,0.5613613613613614
1,0.7477477477477478,0.5617117117117117
1,0.7487487487487487,0.5620620620620621
1,0.7497497497497497,0.5624124124124124
1,0.7507507507507507,0.5296472943531767
1,0.7517517517517518,0.5299613338829026
1,0.7527527527527528,0.5302753734126283
1,0.7537537537537538,0.5305894129423542
1,0.7547547547547547,0.5309034524720799
1,0.7557557557557557,0.5312174920018057
1,0.7567567567567568,0.5315315315315315
1,0.7577577577577578,0.5318455710612573
1,0.7587587587587588,0.5321596105909832
1,0.7597597597597597,0.5324736501207089
1,0.7607607607607607,0.5327876896504348
1,0.7617617617617618,0.5331017291801605
1,0.7627627627627628,0.5334157687098864
1,0.7637637637637638,0.5337298082396121
1,0.7647647647647647,0.534043847769338
1,0.7657657657657657,0.5343578872990637
1,0.7667667667667668,0.5346719268287896
1,0.7677677677677678,0.5349859663585154
1,0.7687687687687688,0.5353000058882412
1,0.7697697697697697,0.535614045417967
1,0.7707707707707707,0.5359280849476927
1,0.7717717717717718,0.5362421244774186
1,0.7727727727727728,0.5365561640071445
1,0.7737737737737738,0.5368702035368702
1,0.7747747747747747,0.537184243066596
1,0.7757757757757757,0.5374982825963218
1,0.7767767767767768,0.5378123221260477
1,0.7777777777777778,0.5381263616557734
1,0.7787787787787788,0.5384404011854992
1,0.7797797797797797,0.538754440715225
1,0.7807807807807807,0.5390684802449508
1,0.7817817817817818,0.5393825197746767
1,0.7827827827827828,0.5396965593044024
1,0.7837837837837838,0.5400105988341283
1,0.7847847847847848,0.540324638363854
1,0.7857857857857857,0.5406386778935799
1,0.7867867867867868,0.5409527174233056
1,0.7877877877877878,0.5412667569530315
1,0.7887887887887888,0.5415807964827573
1,0.7897897897897898,0.5418948360124831
1,0.7907907907907907,0.5422088755422089
1,0.7917917917917918,0.5425229150719347
1,0.7927927927927928,0.5428369546016605
1,0.7937937937937938,0.5431509941313863
1,0.7947947947947948,0.5434650336611121
1,0.7957957957957957,0.5437790731908378
1,0.7967967967967968,0.5440931127205637
1,0.7977977977977978,0.5444071522502896
1,0.7987987987987988,0.5447211917800153
1,0.7997997997997998,0.5450352313097411
1,0.8008008008008007,0.5453492708394669
1,0.8018018018018018,0.5456633103691927
1,0.8028028028028028,0.5459773498989186
1,0.8038038038038038,0.5462913894286443
1,0.8048048048048048,0.5466054289583702
1,0.8058058058058059,0.5469194684880959
1,0.8068068068068068,0.5472335080178218
1,0.8078078078078078,0.5475475475475475
1,0.8088088088088088,0.5478615870772734
1,0.8098098098098098,0.5481756266069991
1,0.8108108108108109,0.548489666136725
1,0.8118118118118118,0.5488037056664508
1,0.8128128128128128,0.5491177451961766
1,0.8138138138138138,0.5494317847259024
1,0.8148148148148148,0.5497458242556281
1,0.8158158158158159,0.550059863785354
1,0.8168168168168168,0.5503739033150798
1,0.8178178178178178,0.5506879428448056
1,0.8188188188188188,0.5510019823745314
1,0.8198198198198198,0.5513160219042572
1,0.8208208208208209,0.5516300614339831
1,0.8218218218218218,0.5519441009637088
1,0.8228228228228228,0.5522581404934346
1,0.8238238238238238,0.5525721800231604
1,0.8248248248248248,0.5528862195528862
1,0.8258258258258259,0.5532002590826121
1,0.8268268268268268,0.5535142986123378
1,0.8278278278278278,0.5538283381420637
1,0.8288288288288288,0.5541423776717894
1,0.8298298298298298,0.5544564172015153
1,0.8308308308308309,0.554770456731241
1,0.8318318318318318,0.5550844962609669
1,0.8328328328328328,0.5553985357906926
1,0.8338338338338338,0.5556960469241171
1,0.8348348348348348,0.5559770296612402
1,0.8358358358358359,0.5562580123983633
1,0.8368368368368369,0.5565389951354864
1,0.8378378378378378,0.5568199778726095
1,0.8388388388388388,0.5571009606097326
1,0.8398398398398398,0.5573819433468556
1,0.8408408408408409,0.5576629260839787
1,0.8418418418418419,0.5579439088211018
1,0.8428428428428428,0.5582248915582249
1,0.8438438438438438,0.558505874295348
1,0.8448448448448448,0.5587868570324711
1,0.8458458458458459,0.5590678397695942
1,0.8468468468468469,0.5593488225067172
1,0.8478478478478478,0.5596298052438403
1,0.8488488488488488,0.5599107879809634
1,0.8498498498498498,0.5601917707180865
1,0.8508508508508509,0.5604727534552096
1,0.8518518518518519,0.5607537361923327
1,0.8528528528528528,0.5610347189294558
1,0.8538538538538538,0.5613157016665788
1,0.8548548548548548,0.5615966844037019
1,0.8558558558558559,0.5618776671408251
1,0.8568568568568569,0.5621586498779482
1,0.8578578578578578,0.5624396326150712
1,0.8588588588588588,0.5627206153521943
1,0.8598598598598598,0.5630015980893174
1,0.8608608608608609,0.5632825808264404
1,0.8618618618618619,0.5635635635635636
1,0.8628628628628628,0.5638445463006867
1,0.8638638638638638,0.5641255290378098
1,0.8648648648648649,0.5644065117749328
1,0.8658658658658659,0.5646874945120559
1,0.8668668668668669,0.564968477249179
1,0.8678678678678678,0.5652494599863022
1,0.8688688688688688,0.5655304427234252
1,0.8698698698698699,0.5658114254605483
1,0.8708708708708709,0.5660924081976714
1,0.8718718718718719,0.5663733909347944
1,0.8728728728728729,0.5666543736719175
1,0.8738738738738738,0.5669353564090406
1,0.8748748748748749,0.5672163391461638
1,0.8758758758758759,0.5674973218832868
1,0.8768768768768769,0.5677783046204099
1,0.8778778778778779,0.568059287357533
1,0.8788788788788788,0.568340270094656
1,0.8798798798798799,0.5686212528317792
1,0.8808808808808809,0.5689022355689023
1,0.8818818818818819,0.5691832183060254
1,0.8828828828828829,0.5694642010431484
1,0.8838838838838838,0.5697451837802715
1,0.8848848848848849,0.5700261665173946
1,0.8858858858858859,0.5703071492545178
1,0.8868868868868869,0.5705881319916408
1,0.8878878878878879,0.5708691147287639
1,0.8888888888888888,0.571150097465887
1,0.8898898898898899,0.57143108020301
1,0.8908908908908909,0.5717120629401331
1,0.8918918918918919,0.5719930456772562
1,0.8928928928928929,0.5722740284143794
1,0.8938938938938938,0.5725550111515024
1,0.8948948948948949,0.5728359938886255
1,0.8958958958958959,0.5731169766257486
1,0.8968968968968969,0.5733979593628716
1,0.8978978978978979,0.5736789420999947
1,0.8988988988988988,0.5739599248371179
1,0.8998998998998999,0.574240907574241
1,0.9009009009009009,0.574521890311364
1,0.9019019019019019,0.5748028730484871
1,0.9029029029029029,0.5750838557856102
1,0.9039039039039038,0.5753648385227332
1,0.9049049049049049,0.5756458212598564
1,0.9059059059059059,0.5759268039969795
1,0.9069069069069069,0.5762077867341026
1,0.9079079079079079,0.5764887694712256
1,0.9089089089089089,0.5767697522083487
1,0.9099099099099099,0.5770507349454719
1,0.9109109109109109,0.577331717682595
1,0.9119119119119119,0.577612700419718
1,0.9129129129129129,0.5778936831568411
1,0.9139139139139139,0.5781746658939642
1,0.914914914914915,0.5784556486310872
1,0.9159159159159159,0.5787366313682103
1,0.9169169169169169,0.31434291434291434
1,0.9179179179179179,0.31457171457171457
1,0.9189189189189189,0.3148005148005148
1,0.91991991991992,0.315029315029315
1,0.9209209209209209,0.31525811525811526
1,0.9219219219219219,0.3154869154869155
1,0.9229229229229229,0.3157157157157157
1,0.9239239239239239,0.31594451594451595
1,0.924924924924925,0.3161733161733162
1,0.9259259259259259,0.3164021164021164
1,0.9269269269269269,0.31663091663091664
1,0.9279279279279279,0.31685971685971687
1,0.9289289289289289,0.3170885170885171
1,0.92992992992993,0.3173173173173173
1,0.9309309309309309,0.31754611754611756
1,0.9319319319319319,0.3177749177749178
1,0.9329329329329329,0.318003718003718
1,0.933933933933934,0.31823251823251825
1,0.934934934934935,0.3184613184613185
1,0.9359359359359359,0.3186901186901187
1,0.9369369369369369,0.31891891891891894
1,0.9379379379379379,0.3191477191477191
1,0.938938938938939,0.3193765193765194
1,0.93993993993994,0.3196053196053196
1,0.9409409409409409,0.31983411983411986
1,0.9419419419419419,0.32006292006292003
1,0.9429429429429429,0.32029172029172026
1,0.943943943943944,0.32052052052052055
1,0.944944944944945,0.3207493207493207
1,0.9459459459459459,0.32097812097812095
1,0.9469469469469469,0.3212069212069212
1,0.9479479479479479,0.3214357214357214
1,0.948948948948949,0.32166452166452164
1,0.94994994994995,0.32189332189332187
1,0.950950950950951,0.3221221221221221
1,0.9519519519519519,0.32235092235092233
1,0.9529529529529529,0.32257972257972256
1,0.953953953953954,0.3228085228085228
1,0.954954954954955,0.323037323037323
1,0.955955955955956,0.32326612326612325
1,0.9569569569569569,0.3234949234949235
1,0.9579579579579579,0.3237237237237237
1,0.958958958958959,0.32395252395252394
1,0.95995995995996,0.32418132418132417
1,0.960960960960961,0.3244101244101244
1,0.9619619619619619,0.32463892463892463
1,0.9629629629629629,0.32486772486772486
1,0.963963963963964,0.3250965250965251
1,0.964964964964965,0.3253253253253253
1,0.965965965965966,0.32555412555412555
1,0.9669669669669669,0.3257829257829258
1,0.9679679679679679,0.326011726011726
1,0.968968968968969,0.32624052624052624
1,0.96996996996997,0.32646932646932647
1,0.970970970970971,0.3266981266981267
1,0.9719719719719719,0.32692692692692693
1,0.9729729729729729,0.3271557271557271
1,0.973973973973974,0.3273845273845274
1,0.974974974974975,0.3276133276133276
1,0.975975975975976,0.32784212784212785
1,0.9769769769769769,0.328070928070928
1,0.9779779779779779,0.32829972829972826
1,0.978978978978979,0.32852852852852854
1,0.97997997997998,0.32875732875732877
1,0.980980980980981,0.32898612898612895
1,0.9819819819819819,0.3292149292149292
1,0.9829829829829829,0.3294437294437294
1,0.983983983983984,0.3296725296725297
1,0.984984984984985,0.32990132990132987
1,0.985985985985986,0.3301301301301301
1,0.986986986986987,0.3303589303589303
1,0.9879879879879879,0.33058773058773055
1,0.988988988988989,0.3308165308165308
1,0.98998998998999,0.331045331045331
1,0.990990990990991,0.33127413127413124
1,0.991991991991992,0.3315029315029315
1,0.992992992992993,0.3317317317317317
1,0.993993993993994,0.33196053196053193
1,0.994994994994995,0.33218933218933216
1,0.995995995995996,0.3324181324181324
1,0.996996996996997,0.3326469326469326
1,0.997997997997998,0.33287573287573285
1,0.998998998998999,0.3331045331045331
1,1.0,0.27906976744186046
2,0.0,1.0
2,0.001001001001001001,1.0
2,0.002002002002002002,1.0
2,0.003003003003003003,1.0
2,0.004004004004004004,1.0
2,0.005005005005005005,1.0
2,0.006006006006006006,1.0
2,0.007007007007007007,1.0
2,0.008008008008008008,1.0
2,0.009009009009009009,1.0
2,0.01001001001001001,1.0
2,0.011011011011011011,1.0
2,0.012012012012012012,1.0
2,0.013013013013013013,1.0
2,0.014014014014014014,1.0
2,0.015015015015015015,1.0
2,0.016016016016016016,1.0
2,0.017017017017017015,1.0
2,0.018018018018018018,1.0
2,0.01901901901901902,1.0
2,0.02002002002002002,1.0
2,0.02102102102102102,1.0
2,0.022022022022022022,1.0
2,0.023023023023023025,1.0
2,0.024024024024024024,1.0
2,0.025025025025025023,1.0
2,0.026026026026026026,1.0
2,0.02702702702702703,1.0
2,0.028028028028028028,1.0
2,0.029029029029029027,1.0
2,0.03003003003003003,1.0
2,0.031031031031031032,1.0
2,0.03203203203203203,1.0
2,0.03303303303303303,1.0
2,0.03403403403403403,1.0
2,0.035035035035035036,1.0
2,0.036036036036036036,1.0
2,0.037037037037037035,1.0
2,0.03803803803803804,1.0
2,0.03903903903903904,1.0
2,0.04004004004004004,1.0
2,0.04104104104104104,1.0
2,0.04204204204204204,1.0
2,0.043043043043043044,1.0
2,0.044044044044044044,1.0
2,0.04504504504504504,1.0
2,0.04604604604604605,1.0
2,0.04704704704704705,1.0
2,0.04804804804804805,1.0
2,0.04904904904904905,1.0
2,0.050050050050050046,1.0
2,0.05105105105105105,1.0
2,0.05205205205205205,1.0
2,0.05305305305305305,1.0
2,0.05405405405405406,1.0
2,0.055055055055055056,1.0
2,0.056056056056056056,1.0
2,0.057057057057057055,1.0
2,0.058058058058058054,1.0
2,0.05905905905905906,1.0
2,0.06006006006006006,1.0
2,0.06106106106106106,1.0
2,0.062062062062062065,1.0
2,0.06306306306306306,1.0
2,0.06406406406406406,1.0
2,0.06506506506506507,1.0
2,0.06606606606606606,1.0
2,0.06706706706706707,1.0
2,0.06806806806806806,1.0
2,0.06906906906906907,1.0
2,0.07007007007007007,1.0
2,0.07107107107107107,1.0
2,0.07207207207207207,1.0
2,0.07307307307307308,1.0
2,0.07407407407407407,1.0
2,0.07507507507507508,1.0
2,0.07607607607607608,1.0
2,0.07707707707707707,1.0
2,0.07807807807807808,1.0
2,0.07907907907907907,1.0
2,0.08008008008008008,1.0
2,0.08108108108108109,1.0
2,0.08208208208208208,1.0
2,0.08308308308308308,1.0
2,0.08408408408408408,0.5015015015015015
2,0.08508508508508508,0.5035035035035035
2,0.08608608608608609,0.5055055055055055
2,0.08708708708708708,0.5075075075075075
2,0.08808808808808809,0.5095095095095095
2,0.0890890890890891,0.5115115115115115
2,0.09009009009009009,0.5135135135135135
2,0.09109109109109109,0.5155155155155156
2,0.0920920920920921,0.5175175175175175
2,0.09309309309309309,0.5195195195195195
2,0.0940940940940941,0.5215215215215215
2,0.09509509509509509,0.5235235235235235
2,0.0960960960960961,0.5255255255255256
2,0.0970970970970971,0.5275275275275275
2,0.0980980980980981,0.5295295295295295
2,0.0990990990990991,0.5315315315315315
2,0.10010010010010009,0.5335335335335335
2,0.1011011011011011,0.5355355355355356
2,0.1021021021021021,0.5375375375375375
2,0.1031031031031031,0.5395395395395395
2,0.1041041041041041,0.5415415415415415
2,0.10510510510510511,0.5435435435435435
2,0.1061061061061061,0.5455455455455456
2,0.10710710710710711,0.5475475475475475
2,0.10810810810810811,0.5495495495495496
2,0.1091091091091091,0.5515515515515516
2,0.11011011011011011,0.5535535535535535
2,0.1111111111111111,0.5555555555555556
2,0.11211211211211211,0.5575575575575575
2,0.11311311311311312,0.5595595595595596
2,0.11411411411411411,0.5615615615615616
2,0.11511511511511512,0.5635635635635635
2,0.11611611611611611,0.5655655655655656
2,0.11711711711711711,0.5675675675675675
2,0.11811811811811812,0.5695695695695696
2,0.11911911911911911,0.5715715715715716
2,0.12012012012012012,0.5735735735735735
2,0.12112112112112113,0.5755755755755756
2,0.12212212212212212,0.5775775775775776
2,0.12312312312312312,0.5795795795795796
2,0.12412412412412413,0.5815815815815816
2,0.12512512512512514,0.5835835835835836
2,0.12612612612612611,0.5855855855855856
2,0.12712712712712712,0.5875875875875876
2,0.12812812812812813,0.5895895895895896
2,0.12912912912912913,0.5915915915915916
2,0.13013013013013014,0.5935935935935936
2,0.13113113113113112,0.5955955955955956
2,0.13213213213213212,0.5975975975975976
2,0.13313313313313313,0.5995995995995995
2,0.13413413413413414,0.6016016016016016
2,0.13513513513513514,0.6036036036036037
2,0.13613613613613612,0.6056056056056056
2,0.13713713713713713,0.6076076076076076
2,0.13813813813813813,0.6096096096096095
2,0.13913913913913914,0.6116116116116116
2,0.14014014014014015,0.6136136136136137
2,0.14114114114114115,0.6156156156156156
2,0.14214214214214213,0.6176176176176176
2,0.14314314314314314,0.6196196196196195
2,0.14414414414414414,0.6216216216216216
2,0.14514514514514515,0.6236236236236237
2,0.14614614614614616,0.6256256256256256
2,0.14714714714714713,0.6276276276276276
2,0.14814814814814814,0.6296296296296295
2,0.14914914914914915,0.6316316316316316
2,0.15015015015015015,0.6336336336336337
2,0.15115115115115116,0.6356356356356356
2,0.15215215215215216,0.6376376376376376
2,0.15315315315315314,0.6396396396396395
2,0.15415415415415415,0.6416416416416416
2,0.15515515515515516,0.6436436436436437
2,0.15615615615615616,0.6456456456456456
2,0.15715715715715717,0.6476476476476476
2,0.15815815815815815,0.6496496496496496
2,0.15915915915915915,0.6516516516516516
2,0.16016016016016016,0.6536536536536537
2,0.16116116116116116,0.6556556556556556
2,0.16216216216216217,0.6576576576576576
2,0.16316316316316315,0.6596596596596596
2,0.16416416416416416,0.6616616616616616
2,0.16516516516516516,0.6636636636636637
2,0.16616616616616617,0.6656656656656657
2,0.16716716716716717,0.6671671671671672
2,0.16816816816816815,0.6681681681681682
2,0.16916916916916916,0.6691691691691691
2,0.17017017017017017,0.6701701701701701
2,0.17117117117117117,0.6711711711711712
2,0.17217217217217218,0.6721721721721722
2,0.17317317317317318,0.6731731731731732
2,0.17417417417417416,0.6741741741741741
2,0.17517517517517517,0.6751751751751751
2,0.17617617617617617,0.6761761761761762
2,0.17717717717717718,0.6771771771771772
2,0.1781781781781782,0.6781781781781782
2,0.17917917917917917,0.6791791791791791
2,0.18018018018018017,0.6801801801801801
2,0.18118118118118118,0.6811811811811812
2,0.18218218218218218,0.6821821821821822
2,0.1831831831831832,0.6831831831831832
2,0.1841841841841842,0.6841841841841841
2,0.18518518518518517,0.6851851851851851
2,0.18618618618618618,0.6861861861861862
2,0.1871871871871872,0.6871871871871872
2,0.1881881881881882,0.6881881881881882
2,0.1891891891891892,0.6891891891891891
2,0.19019019019019018,0.6901901901901901
2,0.19119119119119118,0.6911911911911912
2,0.1921921921921922,0.6921921921921922
2,0.1931931931931932,0.6931931931931932
2,0.1941941941941942,0.6941941941941941
2,0.19519519519519518,0.6951951951951951
2,0.1961961961961962,0.6961961961961962
2,0.1971971971971972,0.6971971971971972
2,0.1981981981981982,0.6981981981981982
2,0.1991991991991992,0.6991991991991992
2,0.20020020020020018,0.7002002002002001
2,0.2012012012012012,0.7012012012012012
2,0.2022022022022022,0.7022022022022022
2,0.2032032032032032,0.7032032032032032
2,0.2042042042042042,0.7042042042042042
2,0.20520520520520522,0.7052052052052052
2,0.2062062062062062,0.7062062062062062
2,0.2072072072072072,0.7072072072072072
2,0.2082082082082082,0.7082082082082082
2,0.2092092092092092,0.7092092092092092
2,0.21021021021021022,0.7102102102102102
2,0.2112112112112112,0.7112112112112112
2,0.2122122122122122,0.7122122122122122
2,0.2132132132132132,0.7132132132132132
2,0.21421421421421422,0.7142142142142142
2,0.21521521521521522,0.7152152152152152
2,0.21621621621621623,0.7162162162162162
2,0.2172172172172172,0.7172172172172172
2,0.2182182182182182,0.7182182182182182
2,0.21921921921921922,0.7192192192192192
2,0.22022022022022023,0.7202202202202203
2,0.22122122122122123,0.7212212212212212
2,0.2222222222222222,0.7222222222222222
2,0.22322322322322322,0.7232232232232232
2,0.22422422422422422,0.7242242242242242
2,0.22522522522522523,0.7252252252252253
2,0.22622622622622623,0.7262262262262262
2,0.2272272272272272,0.7272272272272272
2,0.22822822822822822,0.7282282282282282
2,0.22922922922922923,0.7292292292292292
2,0.23023023023023023,0.7302302302302303
2,0.23123123123123124,0.7312312312312312
2,0.23223223223223222,0.7322322322322322
2,0.23323323323323322,0.7332332332332332
2,0.23423423423423423,0.7342342342342342
2,0.23523523523523523,0.7352352352352353
2,0.23623623623623624,0.7362362362362362
2,0.23723723723723725,0.7372372372372372
2,0.23823823823823823,0.7382382382382382
2,0.23923923923923923,0.7392392392392392
2,0.24024024024024024,0.7402402402402403
2,0.24124124124124124,0.7412412412412412
2,0.24224224224224225,0.7422422422422422
2,0.24324324324324323,0.7432432432432432
2,0.24424424424424424,0.7442442442442442
2,0.24524524524524524,0.7452452452452453
2,0.24624624624624625,0.7462462462462462
2,0.24724724724724725,0.7472472472472472
2,0.24824824824824826,0.7482482482482482
2,0.24924924924924924,0.7492492492492492
2,0.2502502502502503,0.7501501501501502
2,0.25125125125125125,0.7507507507507507
2,0.25225225225225223,0.7513513513513513
2,0.25325325325325326,0.751951951951952
2,0.25425425425425424,0.7525525525525526
2,0.2552552552552553,0.7531531531531531
2,0.25625625625625625,0.7537537537537538
2,0.25725725725725723,0.7543543543543544
2,0.25825825825825827,0.754954954954955
2,0.25925925925925924,0.7555555555555555
2,0.2602602602602603,0.7561561561561562
2,0.26126126126126126,0.7567567567567568
2,0.26226226226226224,0.7573573573573573
2,0.26326326326326327,0.757957957957958
2,0.26426426426426425,0.7585585585585586
2,0.2652652652652653,0.7591591591591592
2,0.26626626626626626,0.7597597597597597
2,0.26726726726726724,0.7603603603603604
2,0.2682682682682683,0.760960960960961
2,0.26926926926926925,0.7615615615615615
2,0.2702702702702703,0.7621621621621621
2,0.27127127127127126,0.7627627627627628
2,0.27227227227227224,0.7633633633633634
2,0.2732732732732733,0.7639639639639639
2,0.27427427427427425,0.7645645645645646
2,0.2752752752752753,0.7651651651651652
2,0.27627627627627627,0.7657657657657658
2,0.2772772772772773,0.7663663663663663
2,0.2782782782782783,0.766966966966967
2,0.27927927927927926,0.7675675675675676
2,0.2802802802802803,0.7681681681681682
2,0.28128128128128127,0.7687687687687688
2,0.2822822822822823,0.7693693693693694
2,0.2832832832832833,0.76996996996997
2,0.28428428428428426,0.7705705705705705
2,0.2852852852852853,0.7711711711711712
2,0.2862862862862863,0.7717717717717718
2,0.2872872872872873,0.7723723723723724
2,0.2882882882882883,0.772972972972973
2,0.28928928928928926,0.7735735735735736
2,0.2902902902902903,0.7741741741741742
2,0.2912912912912913,0.7747747747747747
2,0.2922922922922923,0.7753753753753754
2,0.2932932932932933,0.775975975975976
2,0.29429429429429427,0.7765765765765766
2,0.2952952952952953,0.7771771771771772
2,0.2962962962962963,0.7777777777777778
2,0.2972972972972973,0.7783783783783784
2,0.2982982982982983,0.778978978978979
2,0.29929929929929927,0.7795795795795796
2,0.3003003003003003,0.7801801801801802
2,0.3013013013013013,0.7807807807807808
2,0.3023023023023023,0.7813813813813815
2,0.3033033033033033,0.781981981981982
2,0.30430430430430433,0.7825825825825826
2,0.3053053053053053,0.7831831831831833
2,0.3063063063063063,0.7837837837837838
2,0.3073073073073073,0.7843843843843844
2,0.3083083083083083,0.784984984984985
2,0.30930930930930933,0.7855855855855857
2,0.3103103103103103,0.7861861861861862
2,0.3113113113113113,0.7867867867867868
2,0.3123123123123123,0.7873873873873874
2,0.3133133133133133,0.787987987987988
2,0.31431431431431434,0.7885885885885886
2,0.3153153153153153,0.7891891891891892
2,0.3163163163163163,0.7897897897897899
2,0.3173173173173173,0.7903903903903904
2,0.3183183183183183,0.790990990990991
2,0.31931931931931934,0.7915915915915916
2,0.3203203203203203,0.7921921921921923
2,0.3213213213213213,0.7927927927927928
2,0.32232232232232233,0.7933933933933934
2,0.3233233233233233,0.7939939939939941
2,0.32432432432432434,0.7945945945945947
2,0.3253253253253253,0.7951951951951952
2,0.3263263263263263,0.7957957957957958
2,0.32732732732732733,0.7963963963963965
2,0.3283283283283283,0.796996996996997
2,0.32932932932932935,0.7975975975975976
2,0.3303303303303303,0.7981981981981983
2,0.3313313313313313,0.7987987987987988
2,0.33233233233233234,0.7993993993993994
2,0.3333333333333333,0.6666666666666666
2,0.33433433433433435,0.6672386672386672
2,0.3353353353353353,0.6678106678106678
2,0.3363363363363363,0.6683826683826684
2,0.33733733733733734,0.6689546689546689
2,0.3383383383383383,0.6695266695266695
2,0.33933933933933935,0.6700986700986701
2,0.34034034034034033,0.6706706706706707
2,0.34134134134134136,0.6712426712426712
2,0.34234234234234234,0.6718146718146718
2,0.3433433433433433,0.6723866723866724
2,0.34434434434434436,0.672958672958673
2,0.34534534534534533,0.6735306735306735
2,0.34634634634634637,0.6741026741026741
2,0.34734734734734735,0.6746746746746747
2,0.3483483483483483,0.6752466752466753
2,0.34934934934934936,0.6758186758186758
2,0.35035035035035034,0.6763906763906764
2,0.35135135135135137,0.676962676962677
2,0.35235235235235235,0.6775346775346776
2,0.3533533533533533,0.678106678106678
2,0.35435435435435436,0.6786786786786787
2,0.35535535535535534,0.6792506792506793
2,0.3563563563563564,0.6798226798226799
2,0.35735735735735735,0.6803946803946804
2,0.35835835835835833,0.6809666809666809
2,0.35935935935935936,0.6815386815386816
2,0.36036036036036034,0.682110682110682
2,0.3613613613613614,0.6826826826826827
2,0.36236236236236236,0.6832546832546832
2,0.36336336336336333,0.6838266838266838
2,0.36436436436436437,0.6843986843986843
2,0.36536536536536535,0.6849706849706849
2,0.3663663663663664,0.6855426855426855
2,0.36736736736736736,0.6861146861146861
2,0.3683683683683684,0.6866866866866866
2,0.36936936936936937,0.6872586872586872
2,0.37037037037037035,0.6878306878306878
2,0.3713713713713714,0.6884026884026884
2,0.37237237237237236,0.6889746889746889
2,0.3733733733733734,0.6895466895466895
2,0.3743743743743744,0.6901186901186901
2,0.37537537537537535,0.6906906906906907
2,0.3763763763763764,0.6912626912626912
2,0.37737737737737737,0.6918346918346918
2,0.3783783783783784,0.6924066924066924
2,0.3793793793793794,0.692978692978693
2,0.38038038038038036,0.6935506935506935
2,0.3813813813813814,0.6941226941226941
2,0.38238238238238237,0.6946946946946947
2,0.3833833833833834,0.6952666952666953
2,0.3843843843843844,0.6958386958386958
2,0.38538538538538536,0.6964106964106964
2,0.3863863863863864,0.696982696982697
2,0.38738738738738737,0.6975546975546976
2,0.3883883883883884,0.6981266981266981
2,0.3893893893893894,0.6986986986986987
2,0.39039039039039036,0.6992706992706993
2,0.3913913913913914,0.6998426998426999
2,0.3923923923923924,0.7004147004147004
2,0.3933933933933934,0.700986700986701
2,0.3943943943943944,0.7015587015587016
2,0.39539539539539537,0.7021307021307022
2,0.3963963963963964,0.7027027027027027
2,0.3973973973973974,0.7032747032747033
2,0.3983983983983984,0.7038467038467039
2,0.3993993993993994,0.7044187044187045
2,0.40040040040040037,0.7049907049907049
2,0.4014014014014014,0.7055627055627056
2,0.4024024024024024,0.7061347061347061
2,0.4034034034034034,0.7067067067067068
2,0.4044044044044044,0.7072787072787072
2,0.40540540540540543,0.7078507078507079
2,0.4064064064064064,0.7084227084227084
2,0.4074074074074074,0.708994708994709
2,0.4084084084084084,0.7095667095667095
2,0.4094094094094094,0.7101387101387101
2,0.41041041041041043,0.7107107107107107
2,0.4114114114114114,0.7112827112827113
2,0.4124124124124124,0.7118547118547118
2,0.4134134134134134,0.7124267124267124
2,0.4144144144144144,0.712998712998713
2,0.41541541541541543,0.7135707135707136
2,0.4164164164164164,0.7141427141427141
2,0.4174174174174174,0.7146074646074646
2,0.4184184184184184,0.715036465036465
2,0.4194194194194194,0.7154654654654654
2,0.42042042042042044,0.7158944658944659
2,0.4214214214214214,0.7163234663234663
2,0.4224224224224224,0.7167524667524667
2,0.42342342342342343,0.7171814671814671
2,0.4244244244244244,0.7176104676104677
2,0.42542542542542544,0.718039468039468
2,0.4264264264264264,0.7184684684684685
2,0.4274274274274274,0.7188974688974689
2,0.42842842842842843,0.7193264693264694
2,0.4294294294294294,0.7197554697554698
2,0.43043043043043044,0.7201844701844702
2,0.4314314314314314,0.7206134706134706
2,0.43243243243243246,0.7210424710424711
2,0.43343343343343343,0.7214714714714715
2,0.4344344344344344,0.7219004719004719
2,0.43543543543543545,0.7223294723294723
2,0.4364364364364364,0.7227584727584727
2,0.43743743743743746,0.7231874731874732
2,0.43843843843843844,0.7236164736164736
2,0.4394394394394394,0.724045474045474
2,0.44044044044044045,0.7244744744744744
2,0.44144144144144143,0.724903474903475
2,0.44244244244244246,0.7253324753324754
2,0.44344344344344344,0.7257614757614758
2,0.4444444444444444,0.7261904761904762
2,0.44544544544544545,0.7266194766194767
2,0.44644644644644643,0.7270484770484771
2,0.44744744744744747,0.7274774774774775
2,0.44844844844844844,0.7279064779064779
2,0.4494494494494494,0.7283354783354783
2,0.45045045045045046,0.7287644787644788
2,0.45145145145145144,0.7291934791934792
2,0.45245245245245247,0.7296224796224796
2,0.45345345345345345,0.73005148005148
2,0.4544544544544544,0.7304804804804804
2,0.45545545545545546,0.7309094809094809
2,0.45645645645645644,0.7313384813384813
2,0.4574574574574575,0.7317674817674817
2,0.45845845845845845,0.7321964821964821
2,0.45945945945945943,0.7326254826254827
2,0.46046046046046046,0.7330544830544831
2,0.46146146146146144,0.7334834834834835
2,0.4624624624624625,0.7339124839124839
2,0.46346346346346345,0.7343414843414844
2,0.46446446446446443,0.7347704847704848
2,0.46546546546546547,0.7351994851994852
2,0.46646646646646645,0.7356284856284856
2,0.4674674674674675,0.7360574860574861
2,0.46846846846846846,0.7364864864864865
2,0.4694694694694695,0.7369154869154869
2,0.47047047047047047,0.7373444873444873
2,0.47147147147147145,0.7377734877734877
2,0.4724724724724725,0.7382024882024882
2,0.47347347347347346,0.7386314886314886
2,0.4744744744744745,0.739060489060489
2,0.4754754754754755,0.7394894894894894
2,0.47647647647647645,0.73991848991849
2,0.4774774774774775,0.7403474903474904
2,0.47847847847847846,0.7407764907764908
2,0.4794794794794795,0.7412054912054912
2,0.4804804804804805,0.7416344916344917
2,0.48148148148148145,0.7420634920634921
2,0.4824824824824825,0.7424924924924925
2,0.48348348348348347,0.7429214929214929
2,0.4844844844844845,0.7433504933504934
2,0.4854854854854855,0.7437794937794938
2,0.48648648648648646,0.7442084942084942
2,0.4874874874874875,0.7446374946374946
2,0.48848848848848847,0.745066495066495
2,0.4894894894894895,0.7454954954954955
2,0.4904904904904905,0.745924495924496
2,0.49149149149149146,0.7463534963534963
2,0.4924924924924925,0.7467824967824968
2,0.4934934934934935,0.7472114972114972
2,0.4944944944944945,0.7476404976404977
2,0.4954954954954955,0.7480694980694981
2,0.4964964964964965,0.7484984984984985
2,0.4974974974974975,0.7489274989274989
2,0.4984984984984985,0.7493564993564994
2,0.4994994994994995,0.7497854997854998
2,0.5005005005005005,0.6668668668668668
2,0.5015015015015015,0.6672672672672673
2,0.5025025025025025,0.6676676676676676
2,0.5035035035035035,0.6680680680680681
2,0.5045045045045045,0.6684684684684684
2,0.5055055055055055,0.6688688688688689
2,0.5065065065065065,0.6692692692692692
2,0.5075075075075075,0.6696696696696697
2,0.5085085085085085,0.67007007007007
2,0.5095095095095095,0.6704704704704704
2,0.5105105105105106,0.6708708708708708
2,0.5115115115115115,0.6712712712712713
2,0.5125125125125125,0.6716716716716716
2,0.5135135135135135,0.672072072072072
2,0.5145145145145145,0.6724724724724724
2,0.5155155155155156,0.6728728728728729
2,0.5165165165165165,0.6732732732732732
2,0.5175175175175175,0.6736736736736736
2,0.5185185185185185,0.674074074074074
2,0.5195195195195195,0.6744744744744744
2,0.5205205205205206,0.6748748748748749
2,0.5215215215215215,0.6752752752752752
2,0.5225225225225225,0.6756756756756757
2,0.5235235235235235,0.676076076076076
2,0.5245245245245245,0.6764764764764765
2,0.5255255255255256,0.6768768768768768
2,0.5265265265265265,0.6772772772772773
2,0.5275275275275275,0.6776776776776776
2,0.5285285285285285,0.6780780780780781
2,0.5295295295295295,0.6784784784784784
2,0.5305305305305306,0.6788788788788789
2,0.5315315315315315,0.6792792792792792
2,0.5325325325325325,0.6796796796796797
2,0.5335335335335335,0.68008008008008
2,0.5345345345345345,0.6804804804804804
2,0.5355355355355356,0.6808808808808808
2,0.5365365365365365,0.6812812812812813
2,0.5375375375375375,0.6816816816816816
2,0.5385385385385385,0.682082082082082
2,0.5395395395395395,0.6824824824824824
2,0.5405405405405406,0.6828828828828828
2,0.5415415415415415,0.6832832832832832
2,0.5425425425425425,0.6836836836836836
2,0.5435435435435435,0.684084084084084
2,0.5445445445445445,0.6844844844844844
2,0.5455455455455456,0.6848848848848849
2,0.5465465465465466,0.6852852852852852
2,0.5475475475475475,0.6856856856856857
2,0.5485485485485485,0.686086086086086
2,0.5495495495495496,0.6864864864864865
2,0.5505505505505506,0.6868868868868868
2,0.5515515515515516,0.6872872872872873
2,0.5525525525525525,0.6876876876876876
2,0.5535535535535535,0.688088088088088
2,0.5545545545545546,0.6884884884884884
2,0.5555555555555556,0.6888888888888889
2,0.5565565565565566,0.6892892892892892
2,0.5575575575575575,0.6896896896896896
2,0.5585585585585585,0.69009009009009
2,0.5595595595595596,0.6904904904904905
2,0.5605605605605606,0.6908908908908908
2,0.5615615615615616,0.6912912912912912
2,0.5625625625625625,0.6916916916916916
2,0.5635635635635635,0.692092092092092
2,0.5645645645645646,0.6924924924924925
2,0.5655655655655656,0.6928928928928928
2,0.5665665665665666,0.6932932932932933
2,0.5675675675675675,0.6936936936936936
2,0.5685685685685685,0.6940940940940941
2,0.5695695695695696,0.6944944944944944
2,0.5705705705705706,0.6948948948948949
2,0.5715715715715716,0.6952952952952952
2,0.5725725725725725,0.6956956956956957
2,0.5735735735735735,0.696096096096096
2,0.5745745745745746,0.6964964964964965
2,0.5755755755755756,0.6968968968968968
2,0.5765765765765766,0.6972972972972973
2,0.5775775775775776,0.6976976976976976
2,0.5785785785785785,0.698098098098098
2,0.5795795795795796,0.6984984984984984
2,0.5805805805805806,0.6988988988988989
2,0.5815815815815816,0.6992992992992992
2,0.5825825825825826,0.6996996996996996
2,0.5835835835835835,0.6364546364546364
2,0.5845845845845846,0.6368186368186368
2,0.5855855855855856,0.6371826371826371
2,0.5865865865865866,0.6375466375466375
2,0.5875875875875876,0.6379106379106378
2,0.5885885885885885,0.6382746382746383
2,0.5895895895895896,0.6386386386386387
2,0.5905905905905906,0.639002639002639
2,0.5915915915915916,0.6393666393666393
2,0.5925925925925926,0.6397306397306397
2,0.5935935935935935,0.64009464009464
2,0.5945945945945946,0.6404586404586404
2,0.5955955955955956,0.6408226408226408
2,0.5965965965965966,0.6411866411866411
2,0.5975975975975976,0.6415506415506416
2,0.5985985985985985,0.6419146419146419
2,0.5995995995995996,0.6422786422786423
2,0.6006006006006006,0.6426426426426426
2,0.6016016016016016,0.643006643006643
2,0.6026026026026026,0.6433706433706433
2,0.6036036036036035,0.6437346437346437
2,0.6046046046046046,0.644098644098644
2,0.6056056056056056,0.6444626444626445
2,0.6066066066066066,0.6448266448266448
2,0.6076076076076076,0.6451906451906452
2,0.6086086086086087,0.6455546455546456
2,0.6096096096096096,0.6459186459186459
2,0.6106106106106106,0.6462826462826463
2,0.6116116116116116,0.6466466466466466
2,0.6126126126126126,0.6470106470106469
2,0.6136136136136137,0.6473746473746473
2,0.6146146146146146,0.6477386477386478
2,0.6156156156156156,0.6481026481026481
2,0.6166166166166166,0.6484666484666485
2,0.6176176176176176,0.6488306488306488
2,0.6186186186186187,0.6491946491946492
2,0.6196196196196196,0.6495586495586495
2,0.6206206206206206,0.6499226499226499
2,0.6216216216216216,0.6502866502866502
2,0.6226226226226226,0.6506506506506506
2,0.6236236236236237,0.6510146510146511
2,0.6246246246246246,0.6513786513786514
2,0.6256256256256256,0.6517426517426517
2,0.6266266266266266,0.6521066521066521
2,0.6276276276276276,0.6524706524706524
2,0.6286286286286287,0.6528346528346528
2,0.6296296296296297,0.6531986531986532
2,0.6306306306306306,0.6535626535626535
2,0.6316316316316316,0.653926653926654
2,0.6326326326326326,0.6542906542906542
2,0.6336336336336337,0.6546546546546547
2,0.6346346346346347,0.655018655018655
2,0.6356356356356356,0.6553826553826554
2,0.6366366366366366,0.6557466557466557
2,0.6376376376376376,0.6561106561106561
2,0.6386386386386387,0.6564746564746564
2,0.6396396396396397,0.6568386568386568
2,0.6406406406406406,0.6572026572026571
2,0.6416416416416416,0.6575666575666576
2,0.6426426426426426,0.6579306579306579
2,0.6436436436436437,0.6582946582946583
2,0.6446446446446447,0.6586586586586587
2,0.6456456456456456,0.659022659022659
2,0.6466466466466466,0.6593866593866593
2,0.6476476476476476,0.6597506597506597
2,0.6486486486486487,0.6601146601146601
2,0.6496496496496497,0.6604786604786604
2,0.6506506506506506,0.6608426608426609
2,0.6516516516516516,0.6612066612066612
2,0.6526526526526526,0.6615706615706616
2,0.6536536536536537,0.6619346619346619
2,0.6546546546546547,0.6622986622986623
2,0.6556556556556556,0.6626626626626626
2,0.6566566566566566,0.663026663026663
2,0.6576576576576576,0.6633906633906633
2,0.6586586586586587,0.6637546637546637
2,0.6596596596596597,0.664118664118664
2,0.6606606606606606,0.6644826644826645
2,0.6616616616616616,0.6648466648466648
2,0.6626626626626626,0.6652106652106652
2,0.6636636636636637,0.6655746655746656
2,0.6646646646646647,0.6659386659386659
2,0.6656656656656657,0.6663026663026663
2,0.6666666666666666,0.6153846153846154
2,0.6676676676676676,0.6157146157146157
2,0.6686686686686687,0.6160446160446161
2,0.6696696696696697,0.6163746163746164
2,0.6706706706706707,0.6167046167046167
2,0.6716716716716716,0.617034617034617
2,0.6726726726726726,0.6173646173646173
2,0.6736736736736737,0.6176946176946178
2,0.6746746746746747,0.618024618024618
2,0.6756756756756757,0.6183546183546184
2,0.6766766766766766,0.6186846186846188
2,0.6776776776776777,0.6190146190146191
2,0.6786786786786787,0.6193446193446194
2,0.6796796796796797,0.6196746196746197
2,0.6806806806806807,0.6200046200046201
2,0.6816816816816816,0.6203346203346204
2,0.6826826826826827,0.6206646206646207
2,0.6836836836836837,0.620994620994621
2,0.6846846846846847,0.6213246213246214
2,0.6856856856856857,0.6216546216546217
2,0.6866866866866866,0.621984621984622
2,0.6876876876876877,0.6223146223146224
2,0.6886886886886887,0.6226446226446227
2,0.6896896896896897,0.622974622974623
2,0.6906906906906907,0.6233046233046233
2,0.6916916916916916,0.6236346236346236
2,0.6926926926926927,0.623964623964624
2,0.6936936936936937,0.6242946242946243
2,0.6946946946946947,0.6246246246246246
2,0.6956956956956957,0.624954624954625
2,0.6966966966966966,0.6252846252846254
2,0.6976976976976977,0.6256146256146257
2,0.6986986986986987,0.625944625944626
2,0.6996996996996997,0.6262746262746263
2,0.7007007007007007,0.6266046266046267
2,0.7017017017017017,0.626934626934627
2,0.7027027027027027,0.6272646272646273
2,0.7037037037037037,0.6275946275946277
2,0.7047047047047047,0.627924627924628
2,0.7057057057057057,0.6282546282546283
2,0.7067067067067067,0.6285846285846286
2,0.7077077077077077,0.628914628914629
2,0.7087087087087087,0.6292446292446293
2,0.7097097097097097,0.6295746295746296
2,0.7107107107107107,0.6299046299046299
2,0.7117117117117117,0.6302346302346302
2,0.7127127127127127,0.6305646305646306
2,0.7137137137137137,0.6308946308946309
2,0.7147147147147147,0.6312246312246312
2,0.7157157157157157,0.6315546315546315
2,0.7167167167167167,0.631884631884632
2,0.7177177177177178,0.6322146322146323
2,0.7187187187187187,0.6325446325446326
2,0.7197197197197197,0.632874632874633
2,0.7207207207207207,0.6332046332046333
2,0.7217217217217217,0.6335346335346336
2,0.7227227227227228,0.6338646338646339
2,0.7237237237237237,0.6341946341946343
2,0.7247247247247247,0.6345246345246346
2,0.7257257257257257,0.6348546348546349
2,0.7267267267267267,0.6351846351846352
2,0.7277277277277278,0.6355146355146356
2,0.7287287287287287,0.6358446358446359
2,0.7297297297297297,0.6361746361746362
2,0.7307307307307307,0.6365046365046365
2,0.7317317317317317,0.6368346368346368
2,0.7327327327327328,0.6371646371646372
2,0.7337337337337337,0.6374946374946375
2,0.7347347347347347,0.6378246378246378
2,0.7357357357357357,0.6381546381546381
2,0.7367367367367368,0.6384846384846385
2,0.7377377377377378,0.6388146388146388
2,0.7387387387387387,0.6391446391446391
2,0.7397397397397397,0.6394746394746396
2,0.7407407407407407,0.6398046398046399
2,0.7417417417417418,0.6401346401346402
2,0.7427427427427428,0.6404646404646405
2,0.7437437437437437,0.6407946407946409
2,0.7447447447447447,0.6411246411246412
2,0.7457457457457457,0.6414546414546415
2,0.7467467467467468,0.6417846417846419
2,0.7477477477477478,0.6421146421146422
2,0.7487487487487487,0.6424446424446425
2,0.7497497497497497,0.6427746427746428
2,0.7507507507507507,0.5627318494965554
2,0.7517517517517518,0.5630409821586292
2,0.7527527527527528,0.5633501148207031
2,0.7537537537537538,0.5636592474827768
2,0.7547547547547547,0.5639683801448507
2,0.7557557557557557,0.5642775128069245
2,0.7567567567567568,0.5645866454689984
2,0.7577577577577578,0.5648957781310723
2,0.7587587587587588,0.565204910793146
2,0.7597597597597597,0.5655140434552199
2,0.7607607607607607,0.5658231761172937
2,0.7617617617617618,0.5661323087793676
2,0.7627627627627628,0.5664414414414415
2,0.7637637637637638,0.5667505741035153
2,0.7647647647647647,0.5670597067655891
2,0.7657657657657657,0.5673688394276629
2,0.7667667667667668,0.5676779720897368
2,0.7677677677677678,0.5679871047518107
2,0.7687687687687688,0.5682962374138845
2,0.7697697697697697,0.5686053700759583
2,0.7707707707707707,0.5689145027380321
2,0.7717717717717718,0.569223635400106
2,0.7727727727727728,0.5695327680621798
2,0.7737737737737738,0.5698419007242537
2,0.7747747747747747,0.5701510333863274
2,0.7757757757757757,0.5704601660484013
2,0.7767767767767768,0.5707692987104752
2,0.7777777777777778,0.571078431372549
2,0.7787787787787788,0.5713875640346229
2,0.7797797797797797,0.5716966966966966
2,0.7807807807807807,0.5720058293587705
2,0.7817817817817818,0.5723149620208444
2,0.7827827827827828,0.5726240946829182
2,0.7837837837837838,0.5729332273449921
2,0.7847847847847848,0.5732423600070659
2,0.7857857857857857,0.5735514926691397
2,0.7867867867867868,0.5738606253312136
2,0.7877877877877878,0.5741697579932874
2,0.7887887887887888,0.5744788906553613
2,0.7897897897897898,0.5747880233174351
2,0.7907907907907907,0.575097155979509
2,0.7917917917917918,0.5754062886415827
2,0.7927927927927928,0.5757154213036566
2,0.7937937937937938,0.5760245539657305
2,0.7947947947947948,0.5763336866278043
2,0.7957957957957957,0.5766428192898782
2,0.7967967967967968,0.5769519519519519
2,0.7977977977977978,0.5772610846140258
2,0.7987987987987988,0.5775702172760996
2,0.7997997997997998,0.5778793499381735
2,0.8008008008008007,0.5781884826002472
2,0.8018018018018018,0.5784976152623211
2,0.8028028028028028,0.578806747924395
2,0.8038038038038038,0.5791158805864688
2,0.8048048048048048,0.5794250132485427
2,0.8058058058058059,0.5797341459106166
2,0.8068068068068068,0.5800432785726903
2,0.8078078078078078,0.5803524112347642
2,0.8088088088088088,0.580661543896838
2,0.8098098098098098,0.5809706765589119
2,0.8108108108108109,0.5812798092209858
2,0.8118118118118118,0.5815889418830595
2,0.8128128128128128,0.5818980745451334
2,0.8138138138138138,0.5822072072072072
2,0.8148148148148148,0.5825163398692811
2,0.8158158158158159,0.5828254725313549
2,0.8168168168168168,0.5831346051934287
2,0.8178178178178178,0.5834437378555025
2,0.8188188188188188,0.5837528705175764
2,0.8198198198198198,0.5840620031796502
2,0.8208208208208209,0.5843711358417241
2,0.8218218218218218,0.584680268503798
2,0.8228228228228228,0.5849894011658717
2,0.8238238238238238,0.5852985338279456
2,0.8248248248248248,0.5856076664900194
2,0.8258258258258259,0.5859167991520933
2,0.8268268268268268,0.5862259318141672
2,0.8278278278278278,0.5865350644762409
2,0.8288288288288288,0.5868441971383148
2,0.8298298298298298,0.5871533298003886
2,0.8308308308308309,0.5874624624624625
2,0.8318318318318318,0.5877715951245364
2,0.8328328328328328,0.5880807277866101
2,0.8338338338338338,0.4168068068068068
2,0.8348348348348348,0.4170870870870871
2,0.8358358358358359,0.4173673673673674
2,0.8368368368368369,0.41764764764764767
2,0.8378378378378378,0.41792792792792793
2,0.8388388388388388,0.4182082082082082
2,0.8398398398398398,0.41848848848848846
2,0.8408408408408409,0.4187687687687688
2,0.8418418418418419,0.41904904904904905
2,0.8428428428428428,0.4193293293293293
2,0.8438438438438438,0.41960960960960964
2,0.8448448448448448,0.4198898898898899
2,0.8458458458458459,0.42017017017017017
2,0.8468468468468469,0.4204504504504505
2,0.8478478478478478,0.42073073073073075
2,0.8488488488488488,0.421011011011011
2,0.8498498498498498,0.4212912912912913
2,0.8508508508508509,0.4215715715715716
2,0.8518518518518519,0.42185185185185187
2,0.8528528528528528,0.42213213213213213
2,0.8538538538538538,0.4224124124124124
2,0.8548548548548548,0.42269269269269266
2,0.8558558558558559,0.422972972972973
2,0.8568568568568569,0.42325325325325325
2,0.8578578578578578,0.4235335335335335
2,0.8588588588588588,0.42381381381381383
2,0.8598598598598598,0.4240940940940941
2,0.8608608608608609,0.4243743743743744
2,0.8618618618618619,0.4246546546546547
2,0.8628628628628628,0.42493493493493495
2,0.8638638638638638,0.4252152152152152
2,0.8648648648648649,0.42549549549549553
2,0.8658658658658659,0.4257757757757758
2,0.8668668668668669,0.42605605605605607
2,0.8678678678678678,0.42633633633633633
2,0.8688688688688688,0.4266166166166166
2,0.8698698698698699,0.4268968968968969
2,0.8708708708708709,0.4271771771771772
2,0.8718718718718719,0.42745745745745745
2,0.8728728728728729,0.42773773773773777
2,0.8738738738738738,0.42801801801801803
2,0.8748748748748749,0.4282982982982983
2,0.8758758758758759,0.4285785785785786
2,0.8768768768768769,0.4288588588588589
2,0.8778778778778779,0.42913913913913915
2,0.8788788788788788,0.4294194194194194
2,0.8798798798798799,0.42969969969969973
2,0.8808808808808809,0.42997997997998
2,0.8818818818818819,0.43026026026026026
2,0.8828828828828829,0.43054054054054053
2,0.8838838838838838,0.4308208208208208
2,0.8848848848848849,0.4311011011011011
2,0.8858858858858859,0.4313813813813814
2,0.8868868868868869,0.43166166166166164
2,0.8878878878878879,0.43194194194194196
2,0.8888888888888888,0.43222222222222223
2,0.8898898898898899,0.43250250250250255
2,0.8908908908908909,0.4327827827827828
2,0.8918918918918919,0.4330630630630631
2,0.8928928928928929,0.43334334334334335
2,0.8938938938938938,0.4336236236236236
2,0.8948948948948949,0.43390390390390393
2,0.8958958958958959,0.4341841841841842
2,0.8968968968968969,0.43446446446446446
2,0.8978978978978979,0.4347447447447447
2,0.8988988988988988,0.43502502502502505
2,0.8998998998998999,0.4353053053053053
2,0.9009009009009009,0.4355855855855856
2,0.9019019019019019,0.4358658658658659
2,0.9029029029029029,0.43614614614614616
2,0.9039039039039038,0.43642642642642643
2,0.9049049049049049,0.43670670670670675
2,0.9059059059059059,0.436986986986987
2,0.9069069069069069,0.4372672672672673
2,0.9079079079079079,0.43754754754754754
2,0.9089089089089089,0.4378278278278278
2,0.9099099099099099,0.43810810810810813
2,0.9109109109109109,0.4383883883883884
2,0.9119119119119119,0.43866866866866866
2,0.9129129129129129,0.4389489489489489
2,0.9139139139139139,0.43922922922922925
2,0.914914914914915,0.4395095095095095
2,0.9159159159159159,0.4397897897897898
2,0.9169169169169169,0.33339221574515693
2,0.9179179179179179,0.33362774539245127
2,0.9189189189189189,0.3338632750397456
2,0.91991991991992,0.33409880468703995
2,0.9209209209209209,0.33433433433433435
2,0.9219219219219219,0.3345698639816287
2,0.9229229229229229,0.33480539362892303
2,0.9239239239239239,0.3350409232762174
2,0.924924924924925,0.33527645292351177
2,0.9259259259259259,0.3355119825708061
2,0.9269269269269269,0.33574751221810045
2,0.9279279279279279,0.3359830418653948
2,0.9289289289289289,0.33621857151268913
2,0.92992992992993,0.33645410115998353
2,0.9309309309309309,0.3366896308072779
2,0.9319319319319319,0.3369251604545722
2,0.9329329329329329,0.33716069010186656
2,0.933933933933934,0.33739621974916095
2,0.934934934934935,0.3376317493964553
2,0.9359359359359359,0.33786727904374964
2,0.9369369369369369,0.338102808691044
2,0.9379379379379379,0.3383383383383383
2,0.938938938938939,0.3385738679856327
2,0.93993993993994,0.33880939763292706
2,0.9409409409409409,0.3390449272802214
2,0.9419419419419419,0.33928045692751574
2,0.9429429429429429,0.3395159865748101
2,0.943943943943944,0.3397515162221045
2,0.944944944944945,0.3399870458693988
2,0.9459459459459459,0.34022257551669316
2,0.9469469469469469,0.3404581051639875
2,0.9479479479479479,0.34069363481128184
2,0.948948948948949,0.34092916445857624
2,0.94994994994995,0.3411646941058706
2,0.950950950950951,0.3414002237531649
2,0.9519519519519519,0.34163575340045926
2,0.9529529529529529,0.3418712830477536
2,0.953953953953954,0.342106812695048
2,0.954954954954955,0.34234234234234234
2,0.955955955955956,0.3425778719896367
2,0.9569569569569569,0.342813401636931
2,0.9579579579579579,0.3430489312842254
2,0.958958958958959,0.34328446093151976
2,0.95995995995996,0.3435199905788141
2,0.960960960960961,0.34375552022610845
2,0.9619619619619619,0.3439910498734028
2,0.9629629629629629,0.3442265795206972
2,0.963963963963964,0.3444621091679915
2,0.964964964964965,0.34469763881528587
2,0.965965965965966,0.3449331684625802
2,0.9669669669669669,0.3451686981098746
2,0.9679679679679679,0.34540422775716895
2,0.968968968968969,0.3456397574044633
2,0.96996996996997,0.34587528705175763
2,0.970970970970971,0.346110816699052
2,0.9719719719719719,0.34634634634634637
2,0.9729729729729729,0.3465818759936407
2,0.973973973973974,0.34681740564093505
2,0.974974974974975,0.34705293528822945
2,0.975975975975976,0.3472884649355238
2,0.9769769769769769,0.34752399458281813
2,0.9779779779779779,0.34775952423011247
2,0.978978978978979,0.3479950538774068
2,0.97997997997998,0.3482305835247012
2,0.980980980980981,0.34846611317199555
2,0.9819819819819819,0.3487016428192899
2,0.9829829829829829,0.34893717246658423
2,0.983983983983984,0.34917270211387863
2,0.984984984984985,0.34940823176117297
2,0.985985985985986,0.3496437614084673
2,0.986986986986987,0.34987929105576165
2,0.9879879879879879,0.350114820703056
2,0.988988988988989,0.3503503503503504
2,0.98998998998999,0.35058587999764473
2,0.990990990990991,0.3508214096449391
2,0.991991991991992,0.3510569392922334
2,0.992992992992993,0.3512924689395278
2,0.993993993993994,0.35152799858682215
2,0.994994994994995,0.3517635282341165
2,0.995995995995996,0.35199905788141084
2,0.996996996996997,0.3522345875287052
2,0.997997997997998,0.3524701171759996
2,0.998998998998999,0.3527056468232939
2,1.0,0.27906976744186046
3,0.0,1.0
3,0.001001001001001001,1.0
3,0.002002002002002002,1.0
3,0.003003003003003003,1.0
3,0.004004004004004004,1.0
3,0.005005005005005005,1.0
3,0.006006006006006006,1.0
3,0.007007007007007007,1.0
3,0.008008008008008008,1.0
3,0.009009009009009009,1.0
3,0.01001001001001001,1.0
3,0.011011011011011011,1.0
3,0.012012012012012012,1.0
3,0.013013013013013013,1.0
3,0.014014014014014014,1.0
3,0.015015015015015015,1.0
3,0.016016016016016016,1.0
3,0.017017017017017015,1.0
3,0.018018018018018018,1.0
3,0.01901901901901902,1.0
3,0.02002002002002002,1.0
3,0.02102102102102102,1.0
3,0.022022022022022022,1.0
3,0.023023023023023025,1.0
3,0.024024024024024024,1.0
3,0.025025025025025023,1.0
3,0.026026026026026026,1.0
3,0.02702702702702703,1.0
3,0.028028028028028028,1.0
3,0.029029029029029027,1.0
3,0.03003003003003003,1.0
3,0.031031031031031032,1.0
3,0.03203203203203203,1.0
3,0.03303303303303303,1.0
3,0.03403403403403403,1.0
3,0.035035035035035036,1.0
3,0.036036036036036036,1.0
3,0.037037037037037035,1.0
3,0.03803803803803804,1.0
3,0.03903903903903904,1.0
3,0.04004004004004004,1.0
3,0.04104104104104104,1.0
3,0.04204204204204204,1.0
3,0.043043043043043044,1.0
3,0.044044044044044044,1.0
3,0.04504504504504504,1.0
3,0.04604604604604605,1.0
3,0.04704704704704705,1.0
3,0.04804804804804805,1.0
3,0.04904904904904905,1.0
3,0.050050050050050046,1.0
3,0.05105105105105105,1.0
3,0.05205205205205205,1.0
3,0.05305305305305305,1.0
3,0.05405405405405406,1.0
3,0.055055055055055056,1.0
3,0.056056056056056056,1.0
3,0.057057057057057055,1.0
3,0.058058058058058054,1.0
3,0.05905905905905906,1.0
3,0.06006006006006006,1.0
3,0.06106106106106106,1.0
3,0.062062062062062065,1.0
3,0.06306306306306306,1.0
3,0.06406406406406406,1.0
3,0.06506506506506507,1.0
3,0.06606606606606606,1.0
3,0.06706706706706707,1.0
3,0.06806806806806806,1.0
3,0.06906906906906907,1.0
3,0.07007007007007007,1.0
3,0.07107107107107107,1.0
3,0.07207207207207207,1.0
3,0.07307307307307308,1.0
3,0.07407407407407407,1.0
3,0.07507507507507508,1.0
3,0.07607607607607608,1.0
3,0.07707707707707707,1.0
3,0.07807807807807808,1.0
3,0.07907907907907907,1.0
3,0.08008008008008008,1.0
3,0.08108108108108109,1.0
3,0.08208208208208208,1.0
3,0.08308308308308308,1.0
3,0.08408408408408408,1.0
3,0.08508508508508508,1.0
3,0.08608608608608609,1.0
3,0.08708708708708708,1.0
3,0.08808808808808809,1.0
3,0.0890890890890891,1.0
3,0.09009009009009009,1.0
3,0.09109109109109109,1.0
3,0.0920920920920921,1.0
3,0.09309309309309309,1.0
3,0.0940940940940941,1.0
3,0.09509509509509509,1.0
3,0.0960960960960961,1.0
3,0.0970970970970971,1.0
3,0.0980980980980981,1.0
3,0.0990990990990991,1.0
3,0.10010010010010009,1.0
3,0.1011011011011011,1.0
3,0.1021021021021021,1.0
3,0.1031031031031031,1.0
3,0.1041041041041041,1.0
3,0.10510510510510511,1.0
3,0.1061061061061061,1.0
3,0.10710710710710711,1.0
3,0.10810810810810811,1.0
3,0.1091091091091091,1.0
3,0.11011011011011011,1.0
3,0.1111111111111111,1.0
3,0.11211211211211211,1.0
3,0.11311311311311312,1.0
3,0.11411411411411411,1.0
3,0.11511511511511512,1.0
3,0.11611611611611611,1.0
3,0.11711711711711711,1.0
3,0.11811811811811812,1.0
3,0.11911911911911911,1.0
3,0.12012012012012012,1.0
3,0.12112112112112113,1.0
3,0.12212212212212212,1.0
3,0.12312312312312312,1.0
3,0.12412412412412413,1.0
3,0.12512512512512514,1.0
3,0.12612612612612611,1.0
3,0.12712712712712712,1.0
3,0.12812812812812813,1.0
3,0.12912912912912913,1.0
3,0.13013013013013014,1.0
3,0.13113113113113112,1.0
3,0.13213213213213212,1.0
3,0.13313313313313313,1.0
3,0.13413413413413414,1.0
3,0.13513513513513514,1.0
3,0.13613613613613612,1.0
3,0.13713713713713713,1.0
3,0.13813813813813813,1.0
3,0.13913913913913914,1.0
3,0.14014014014014015,1.0
3,0.14114114114114115,1.0
3,0.14214214214214213,1.0
3,0.14314314314314314,1.0
3,0.14414414414414414,1.0
3,0.14514514514514515,1.0
3,0.14614614614614616,1.0
3,0.14714714714714713,1.0
3,0.14814814814814814,1.0
3,0.14914914914914915,1.0
3,0.15015015015015015,1.0
3,0.15115115115115116,1.0
3,0.15215215215215216,1.0
3,0.15315315315315314,1.0
3,0.15415415415415415,1.0
3,0.15515515515515516,1.0
3,0.15615615615615616,1.0
3,0.15715715715715717,1.0
3,0.15815815815815815,1.0
3,0.15915915915915915,1.0
3,0.16016016016016016,1.0
3,0.16116116116116116,1.0
3,0.16216216216216217,1.0
3,0.16316316316316315,1.0
3,0.16416416416416416,1.0
3,0.16516516516516516,1.0
3,0.16616616616616617,1.0
3,0.16716716716716717,1.0
3,0.16816816816816815,1.0
3,0.16916916916916916,1.0
3,0.17017017017017017,1.0
3,0.17117117117117117,1.0
3,0.17217217217217218,1.0
3,0.17317317317317318,1.0
3,0.17417417417417416,1.0
3,0.17517517517517517,1.0
3,0.17617617617617617,1.0
3,0.17717717717717718,1.0
3,0.1781781781781782,1.0
3,0.17917917917917917,1.0
3,0.18018018018018017,1.0
3,0.18118118118118118,1.0
3,0.18218218218218218,1.0
3,0.1831831831831832,1.0
3,0.1841841841841842,1.0
3,0.18518518518518517,1.0
3,0.18618618618618618,1.0
3,0.1871871871871872,1.0
3,0.1881881881881882,1.0
3,0.1891891891891892,1.0
3,0.19019019019019018,1.0
3,0.19119119119119118,1.0
3,0.1921921921921922,1.0
3,0.1931931931931932,1.0
3,0.1941941941941942,1.0
3,0.19519519519519518,1.0
3,0.1961961961961962,1.0
3,0.1971971971971972,1.0
3,0.1981981981981982,1.0
3,0.1991991991991992,1.0
3,0.20020020020020018,1.0
3,0.2012012012012012,1.0
3,0.2022022022022022,1.0
3,0.2032032032032032,1.0
3,0.2042042042042042,1.0
3,0.20520520520520522,1.0
3,0.2062062062062062,1.0
3,0.2072072072072072,1.0
3,0.2082082082082082,1.0
3,0.2092092092092092,1.0
3,0.21021021021021022,1.0
3,0.2112112112112112,1.0
3,0.2122122122122122,1.0
3,0.2132132132132132,1.0
3,0.21421421421421422,1.0
3,0.21521521521521522,1.0
3,0.21621621621621623,1.0
3,0.2172172172172172,1.0
3,0.2182182182182182,1.0
3,0.21921921921921922,1.0
3,0.22022022022022023,1.0
3,0.22122122122122123,1.0
3,0.2222222222222222,1.0
3,0.22322322322322322,1.0
3,0.22422422422422422,1.0
3,0.22522522522522523,1.0
3,0.22622622622622623,1.0
3,0.2272272272272272,1.0
3,0.22822822822822822,1.0
3,0.22922922922922923,1.0
3,0.23023023023023023,1.0
3,0.23123123123123124,1.0
3,0.23223223223223222,1.0
3,0.23323323323323322,1.0
3,0.23423423423423423,1.0
3,0.23523523523523523,1.0
3,0.23623623623623624,1.0
3,0.23723723723723725,1.0
3,0.23823823823823823,1.0
3,0.23923923923923923,1.0
3,0.24024024024024024,1.0
3,0.24124124124124124,1.0
3,0.24224224224224225,1.0
3,0.24324324324324323,1.0
3,0.24424424424424424,1.0
3,0.24524524524524524,1.0
3,0.24624624624624625,1.0
3,0.24724724724724725,1.0
3,0.24824824824824826,1.0
3,0.24924924924924924,1.0
3,0.2502502502502503,1.0
3,0.25125125125125125,1.0
3,0.25225225225225223,1.0
3,0.25325325325325326,1.0
3,0.25425425425425424,1.0
3,0.2552552552552553,1.0
3,0.25625625625625625,1.0
3,0.25725725725725723,1.0
3,0.25825825825825827,1.0
3,0.25925925925925924,1.0
3,0.2602602602602603,1.0
3,0.26126126126126126,1.0
3,0.26226226226226224,1.0
3,0.26326326326326327,1.0
3,0.26426426426426425,1.0
3,0.2652652652652653,1.0
3,0.26626626626626626,1.0
3,0.26726726726726724,1.0
3,0.2682682682682683,1.0
3,0.26926926926926925,1.0
3,0.2702702702702703,1.0
3,0.27127127127127126,1.0
3,0.27227227227227224,1.0
3,0.2732732732732733,1.0
3,0.27427427427427425,1.0
3,0.2752752752752753,1.0
3,0.27627627627627627,1.0
3,0.2772772772772773,1.0
3,0.2782782782782783,1.0
3,0.27927927927927926,1.0
3,0.2802802802802803,1.0
3,0.28128128128128127,1.0
3,0.2822822822822823,1.0
3,0.2832832832832833,1.0
3,0.28428428428428426,1.0
3,0.2852852852852853,1.0
3,0.2862862862862863,1.0
3,0.2872872872872873,1.0
3,0.2882882882882883,1.0
3,0.28928928928928926,1.0
3,0.2902902902902903,1.0
3,0.2912912912912913,1.0
3,0.2922922922922923,1.0
3,0.2932932932932933,1.0
3,0.29429429429429427,1.0
3,0.2952952952952953,1.0
3,0.2962962962962963,1.0
3,0.2972972972972973,1.0
3,0.2982982982982983,1.0
3,0.29929929929929927,1.0
3,0.3003003003003003,1.0
3,0.3013013013013013,1.0
3,0.3023023023023023,1.0
3,0.3033033033033033,1.0
3,0.30430430430430433,1.0
3,0.3053053053053053,1.0
3,0.3063063063063063,1.0
3,0.3073073073073073,1.0
3,0.3083083083083083,1.0
3,0.30930930930930933,1.0
3,0.3103103103103103,1.0
3,0.3113113113113113,1.0
3,0.3123123123123123,1.0
3,0.3133133133133133,1.0
3,0.31431431431431434,1.0
3,0.3153153153153153,1.0
3,0.3163163163163163,1.0
3,0.3173173173173173,1.0
3,0.3183183183183183,1.0
3,0.31931931931931934,1.0
3,0.3203203203203203,1.0
3,0.3213213213213213,1.0
3,0.32232232232232233,1.0
3,0.3233233233233233,1.0
3,0.32432432432432434,1.0
3,0.3253253253253253,1.0
3,0.3263263263263263,1.0
3,0.32732732732732733,1.0
3,0.3283283283283283,1.0
3,0.32932932932932935,1.0
3,0.3303303303303303,1.0
3,0.3313313313313313,1.0
3,0.33233233233233234,1.0
3,0.3333333333333333,1.0
3,0.33433433433433435,1.0
3,0.3353353353353353,1.0
3,0.3363363363363363,1.0
3,0.33733733733733734,1.0
3,0.3383383383383383,1.0
3,0.33933933933933935,1.0
3,0.34034034034034033,1.0
3,0.34134134134134136,1.0
3,0.34234234234234234,1.0
3,0.3433433433433433,1.0
3,0.34434434434434436,1.0
3,0.34534534534534533,1.0
3,0.34634634634634637,1.0
3,0.34734734734734735,1.0
3,0.3483483483483483,1.0
3,0.34934934934934936,1.0
3,0.35035035035035034,1.0
3,0.35135135135135137,1.0
3,0.35235235235235235,1.0
3,0.3533533533533533,1.0
3,0.35435435435435436,1.0
3,0.35535535535535534,1.0
3,0.3563563563563564,1.0
3,0.35735735735735735,1.0
3,0.35835835835835833,1.0
3,0.35935935935935936,1.0
3,0.36036036036036034,1.0
3,0.3613613613613614,1.0
3,0.36236236236236236,1.0
3,0.36336336336336333,1.0
3,0.36436436436436437,1.0
3,0.36536536536536535,1.0
3,0.3663663663663664,1.0
3,0.36736736736736736,1.0
3,0.3683683683683684,1.0
3,0.36936936936936937,1.0
3,0.37037037037037035,1.0
3,0.3713713713713714,1.0
3,0.37237237237237236,1.0
3,0.3733733733733734,1.0
3,0.3743743743743744,1.0
3,0.37537537537537535,1.0
3,0.3763763763763764,1.0
3,0.37737737737737737,1.0
3,0.3783783783783784,1.0
3,0.3793793793793794,1.0
3,0.38038038038038036,1.0
3,0.3813813813813814,1.0
3,0.38238238238238237,1.0
3,0.3833833833833834,1.0
3,0.3843843843843844,1.0
3,0.38538538538538536,1.0
3,0.3863863863863864,1.0
3,0.38738738738738737,1.0
3,0.3883883883883884,1.0
3,0.3893893893893894,1.0
3,0.39039039039039036,1.0
3,0.3913913913913914,1.0
3,0.3923923923923924,1.0
3,0.3933933933933934,1.0
3,0.3943943943943944,1.0
3,0.39539539539539537,1.0
3,0.3963963963963964,1.0
3,0.3973973973973974,1.0
3,0.3983983983983984,1.0
3,0.3993993993993994,1.0
3,0.40040040040040037,1.0
3,0.4014014014014014,1.0
3,0.4024024024024024,1.0
3,0.4034034034034034,1.0
3,0.4044044044044044,1.0
3,0.40540540540540543,1.0
3,0.4064064064064064,1.0
3,0.4074074074074074,1.0
3,0.4084084084084084,1.0
3,0.4094094094094094,1.0
3,0.41041041041041043,1.0
3,0.4114114114114114,1.0
3,0.4124124124124124,1.0
3,0.4134134134134134,1.0
3,0.4144144144144144,1.0
3,0.41541541541541543,1.0
3,0.4164164164164164,1.0
3,0.4174174174174174,0.8335478335478336
3,0.4184184184184184,0.8338338338338339
3,0.4194194194194194,0.8341198341198341
3,0.42042042042042044,0.8344058344058345
3,0.4214214214214214,0.8346918346918347
3,0.4224224224224224,0.834977834977835
3,0.42342342342342343,0.8352638352638353
3,0.4244244244244244,0.8355498355498355
3,0.42542542542542544,0.8358358358358359
3,0.4264264264264264,0.8361218361218361
3,0.4274274274274274,0.8364078364078364
3,0.42842842842842843,0.8366938366938367
3,0.4294294294294294,0.836979836979837
3,0.43043043043043044,0.8372658372658373
3,0.4314314314314314,0.8375518375518376
3,0.43243243243243246,0.8378378378378378
3,0.43343343343343343,0.8381238381238382
3,0.4344344344344344,0.8384098384098384
3,0.43543543543543545,0.8386958386958387
3,0.4364364364364364,0.838981838981839
3,0.43743743743743746,0.8392678392678393
3,0.43843843843843844,0.8395538395538396
3,0.4394394394394394,0.8398398398398399
3,0.44044044044044045,0.8401258401258401
3,0.44144144144144143,0.8404118404118404
3,0.44244244244244246,0.8406978406978407
3,0.44344344344344344,0.8409838409838409
3,0.4444444444444444,0.8412698412698413
3,0.44544544544544545,0.8415558415558415
3,0.44644644644644643,0.8418418418418419
3,0.44744744744744747,0.8421278421278421
3,0.44844844844844844,0.8424138424138424
3,0.4494494494494494,0.8426998426998427
3,0.45045045045045046,0.842985842985843
3,0.45145145145145144,0.8432718432718432
3,0.45245245245245247,0.8435578435578436
3,0.45345345345345345,0.8438438438438438
3,0.4544544544544544,0.8441298441298442
3,0.45545545545545546,0.8444158444158444
3,0.45645645645645644,0.8447018447018447
3,0.4574574574574575,0.844987844987845
3,0.45845845845845845,0.8452738452738453
3,0.45945945945945943,0.8455598455598455
3,0.46046046046046046,0.8458458458458459
3,0.46146146146146144,0.8461318461318461
3,0.4624624624624625,0.8464178464178465
3,0.46346346346346345,0.8467038467038467
3,0.46446446446446443,0.8469898469898469
3,0.46546546546546547,0.8472758472758473
3,0.46646646646646645,0.8475618475618475
3,0.4674674674674675,0.8478478478478478
3,0.46846846846846846,0.8481338481338481
3,0.4694694694694695,0.8484198484198484
3,0.47047047047047047,0.8487058487058486
3,0.47147147147147145,0.848991848991849
3,0.4724724724724725,0.8492778492778492
3,0.47347347347347346,0.8495638495638496
3,0.4744744744744745,0.8498498498498498
3,0.4754754754754755,0.8501358501358501
3,0.47647647647647645,0.8504218504218504
3,0.4774774774774775,0.8507078507078507
3,0.47847847847847846,0.8509938509938509
3,0.4794794794794795,0.8512798512798513
3,0.4804804804804805,0.8515658515658515
3,0.48148148148148145,0.8518518518518519
3,0.4824824824824825,0.8521378521378521
3,0.48348348348348347,0.8524238524238524
3,0.4844844844844845,0.8527098527098527
3,0.4854854854854855,0.852995852995853
3,0.48648648648648646,0.8532818532818532
3,0.4874874874874875,0.8535678535678536
3,0.48848848848848847,0.8538538538538538
3,0.4894894894894895,0.8541398541398542
3,0.4904904904904905,0.8544258544258544
3,0.49149149149149146,0.8547118547118546
3,0.4924924924924925,0.854997854997855
3,0.4934934934934935,0.8552838552838552
3,0.4944944944944945,0.8555698555698555
3,0.4954954954954955,0.8558558558558558
3,0.4964964964964965,0.8561418561418561
3,0.4974974974974975,0.8564278564278563
3,0.4984984984984985,0.8567138567138567
3,0.4994994994994995,0.8569998569998569
3,0.5005005005005005,0.8572501072501072
3,0.5015015015015015,0.8574646074646074
3,0.5025025025025025,0.8576791076791076
3,0.5035035035035035,0.8578936078936078
3,0.5045045045045045,0.858108108108108
3,0.5055055055055055,0.8583226083226083
3,0.5065065065065065,0.8585371085371085
3,0.5075075075075075,0.8587516087516087
3,0.5085085085085085,0.8589661089661089
3,0.5095095095095095,0.8591806091806091
3,0.5105105105105106,0.8593951093951093
3,0.5115115115115115,0.8596096096096095
3,0.5125125125125125,0.8598241098241097
3,0.5135135135135135,0.86003861003861
3,0.5145145145145145,0.8602531102531102
3,0.5155155155155156,0.8604676104676104
3,0.5165165165165165,0.8606821106821106
3,0.5175175175175175,0.8608966108966108
3,0.5185185185185185,0.861111111111111
3,0.5195195195195195,0.8613256113256113
3,0.5205205205205206,0.8615401115401116
3,0.5215215215215215,0.8617546117546118
3,0.5225225225225225,0.861969111969112
3,0.5235235235235235,0.8621836121836122
3,0.5245245245245245,0.8623981123981124
3,0.5255255255255256,0.8626126126126126
3,0.5265265265265265,0.8628271128271128
3,0.5275275275275275,0.863041613041613
3,0.5285285285285285,0.8632561132561132
3,0.5295295295295295,0.8634706134706134
3,0.5305305305305306,0.8636851136851137
3,0.5315315315315315,0.8638996138996139
3,0.5325325325325325,0.8641141141141141
3,0.5335335335335335,0.8643286143286143
3,0.5345345345345345,0.8645431145431145
3,0.5355355355355356,0.8647576147576147
3,0.5365365365365365,0.8649721149721149
3,0.5375375375375375,0.8651866151866151
3,0.5385385385385385,0.8654011154011154
3,0.5395395395395395,0.8656156156156156
3,0.5405405405405406,0.8658301158301158
3,0.5415415415415415,0.866044616044616
3,0.5425425425425425,0.8662591162591162
3,0.5435435435435435,0.8664736164736164
3,0.5445445445445445,0.8666881166881166
3,0.5455455455455456,0.8669026169026168
3,0.5465465465465466,0.8671171171171171
3,0.5475475475475475,0.8673316173316173
3,0.5485485485485485,0.8675461175461175
3,0.5495495495495496,0.8677606177606177
3,0.5505505505505506,0.867975117975118
3,0.5515515515515516,0.8681896181896182
3,0.5525525525525525,0.8684041184041184
3,0.5535535535535535,0.8686186186186186
3,0.5545545545545546,0.8688331188331189
3,0.5555555555555556,0.8690476190476191
3,0.5565565565565566,0.8692621192621193
3,0.5575575575575575,0.8694766194766195
3,0.5585585585585585,0.8696911196911197
3,0.5595595595595596,0.8699056199056199
3,0.5605605605605606,0.8701201201201201
3,0.5615615615615616,0.8703346203346203
3,0.5625625625625625,0.8705491205491205
3,0.5635635635635635,0.8707636207636207
3,0.5645645645645646,0.870978120978121
3,0.5655655655655656,0.8711926211926212
3,0.5665665665665666,0.8714071214071214
3,0.5675675675675675,0.8716216216216216
3,0.5685685685685685,0.8718361218361218
3,0.5695695695695696,0.872050622050622
3,0.5705705705705706,0.8722651222651222
3,0.5715715715715716,0.8724796224796225
3,0.5725725725725725,0.8726941226941227
3,0.5735735735735735,0.8729086229086229
3,0.5745745745745746,0.8731231231231231
3,0.5755755755755756,0.8733376233376233
3,0.5765765765765766,0.8735521235521235
3,0.5775775775775776,0.8737666237666237
3,0.5785785785785785,0.8739811239811239
3,0.5795795795795796,0.8741956241956242
3,0.5805805805805806,0.8744101244101244
3,0.5815815815815816,0.8746246246246246
3,0.5825825825825826,0.8748391248391248
3,0.5835835835835835,0.8750417083750417
3,0.5845845845845846,0.8752085418752086
3,0.5855855855855856,0.8753753753753754
3,0.5865865865865866,0.8755422088755422
3,0.5875875875875876,0.875709042375709
3,0.5885885885885885,0.8758758758758759
3,0.5895895895895896,0.8760427093760427
3,0.5905905905905906,0.8762095428762096
3,0.5915915915915916,0.8763763763763763
3,0.5925925925925926,0.8765432098765432
3,0.5935935935935935,0.87671004337671
3,0.5945945945945946,0.8768768768768769
3,0.5955955955955956,0.8770437103770437
3,0.5965965965965966,0.8772105438772105
3,0.5975975975975976,0.8773773773773773
3,0.5985985985985985,0.8775442108775442
3,0.5995995995995996,0.8777110443777111
3,0.6006006006006006,0.8778778778778779
3,0.6016016016016016,0.8780447113780447
3,0.6026026026026026,0.8782115448782115
3,0.6036036036036035,0.8783783783783784
3,0.6046046046046046,0.8785452118785452
3,0.6056056056056056,0.8787120453787121
3,0.6066066066066066,0.8788788788788788
3,0.6076076076076076,0.8790457123790457
3,0.6086086086086087,0.8792125458792125
3,0.6096096096096096,0.8793793793793794
3,0.6106106106106106,0.8795462128795462
3,0.6116116116116116,0.879713046379713
3,0.6126126126126126,0.8798798798798798
3,0.6136136136136137,0.8800467133800467
3,0.6146146146146146,0.8802135468802136
3,0.6156156156156156,0.8803803803803804
3,0.6166166166166166,0.8805472138805472
3,0.6176176176176176,0.880714047380714
3,0.6186186186186187,0.8808808808808809
3,0.6196196196196196,0.8810477143810477
3,0.6206206206206206,0.8812145478812146
3,0.6216216216216216,0.8813813813813813
3,0.6226226226226226,0.8815482148815482
3,0.6236236236236237,0.881715048381715
3,0.6246246246246246,0.8818818818818819
3,0.6256256256256256,0.8820487153820487
3,0.6266266266266266,0.8822155488822155
3,0.6276276276276276,0.8823823823823823
3,0.6286286286286287,0.8825492158825492
3,0.6296296296296297,0.882716049382716
3,0.6306306306306306,0.8828828828828829
3,0.6316316316316316,0.8830497163830496
3,0.6326326326326326,0.8832165498832165
3,0.6336336336336337,0.8833833833833834
3,0.6346346346346347,0.8835502168835502
3,0.6356356356356356,0.8837170503837171
3,0.6366366366366366,0.8838838838838838
3,0.6376376376376376,0.8840507173840507
3,0.6386386386386387,0.8842175508842175
3,0.6396396396396397,0.8843843843843844
3,0.6406406406406406,0.8845512178845512
3,0.6416416416416416,0.884718051384718
3,0.6426426426426426,0.8848848848848848
3,0.6436436436436437,0.8850517183850517
3,0.6446446446446447,0.8852185518852185
3,0.6456456456456456,0.8853853853853854
3,0.6466466466466466,0.8855522188855521
3,0.6476476476476476,0.885719052385719
3,0.6486486486486487,0.8858858858858859
3,0.6496496496496497,0.8860527193860527
3,0.6506506506506506,0.8862195528862196
3,0.6516516516516516,0.8863863863863863
3,0.6526526526526526,0.8865532198865532
3,0.6536536536536537,0.88672005338672
3,0.6546546546546547,0.8868868868868869
3,0.6556556556556556,0.8870537203870537
3,0.6566566566566566,0.8872205538872205
3,0.6576576576576576,0.8873873873873873
3,0.6586586586586587,0.8875542208875542
3,0.6596596596596597,0.887721054387721
3,0.6606606606606606,0.8878878878878879
3,0.6616616616616616,0.8880547213880546
3,0.6626626626626626,0.8882215548882215
3,0.6636636636636637,0.8883883883883883
3,0.6646646646646647,0.8885552218885552
3,0.6656656656656657,0.8887220553887221
3,0.6666666666666666,0.8888888888888888
3,0.6676676676676676,0.8890223556890223
3,0.6686686686686687,0.8891558224891558
3,0.6696696696696697,0.8892892892892893
3,0.6706706706706707,0.8894227560894227
3,0.6716716716716716,0.8895562228895562
3,0.6726726726726726,0.8896896896896896
3,0.6736736736736737,0.8898231564898231
3,0.6746746746746747,0.8899566232899566
3,0.6756756756756757,0.8900900900900901
3,0.6766766766766766,0.8902235568902235
3,0.6776776776776777,0.890357023690357
3,0.6786786786786787,0.8904904904904904
3,0.6796796796796797,0.8906239572906239
3,0.6806806806806807,0.8907574240907574
3,0.6816816816816816,0.8908908908908909
3,0.6826826826826827,0.8910243576910243
3,0.6836836836836837,0.8911578244911578
3,0.6846846846846847,0.8912912912912913
3,0.6856856856856857,0.8914247580914247
3,0.6866866866866866,0.8915582248915582
3,0.6876876876876877,0.8916916916916917
3,0.6886886886886887,0.8918251584918251
3,0.6896896896896897,0.8919586252919586
3,0.6906906906906907,0.8920920920920921
3,0.6916916916916916,0.8922255588922255
3,0.6926926926926927,0.892359025692359
3,0.6936936936936937,0.8924924924924925
3,0.6946946946946947,0.8926259592926259
3,0.6956956956956957,0.8927594260927594
3,0.6966966966966966,0.8928928928928929
3,0.6976976976976977,0.8930263596930264
3,0.6986986986986987,0.8931598264931598
3,0.6996996996996997,0.8932932932932933
3,0.7007007007007007,0.8934267600934267
3,0.7017017017017017,0.8935602268935602
3,0.7027027027027027,0.8936936936936937
3,0.7037037037037037,0.8938271604938272
3,0.7047047047047047,0.8939606272939606
3,0.7057057057057057,0.8940940940940941
3,0.7067067067067067,0.8942275608942275
3,0.7077077077077077,0.894361027694361
3,0.7087087087087087,0.8944944944944945
3,0.7097097097097097,0.894627961294628
3,0.7107107107107107,0.8947614280947614
3,0.7117117117117117,0.8948948948948949
3,0.7127127127127127,0.8950283616950283
3,0.7137137137137137,0.8951618284951618
3,0.7147147147147147,0.8952952952952953
3,0.7157157157157157,0.8954287620954288
3,0.7167167167167167,0.8955622288955623
3,0.7177177177177178,0.8956956956956957
3,0.7187187187187187,0.8958291624958291
3,0.7197197197197197,0.8959626292959626
3,0.7207207207207207,0.8960960960960961
3,0.7217217217217217,0.8962295628962296
3,0.7227227227227228,0.8963630296963631
3,0.7237237237237237,0.8964964964964965
3,0.7247247247247247,0.8966299632966299
3,0.7257257257257257,0.8967634300967634
3,0.7267267267267267,0.8968968968968969
3,0.7277277277277278,0.8970303636970304
3,0.7287287287287287,0.8971638304971639
3,0.7297297297297297,0.8972972972972973
3,0.7307307307307307,0.8974307640974307
3,0.7317317317317317,0.8975642308975642
3,0.7327327327327328,0.8976976976976977
3,0.7337337337337337,0.8978311644978312
3,0.7347347347347347,0.8979646312979647
3,0.7357357357357357,0.8980980980980982
3,0.7367367367367368,0.8982315648982315
3,0.7377377377377378,0.898365031698365
3,0.7387387387387387,0.8984984984984985
3,0.7397397397397397,0.898631965298632
3,0.7407407407407407,0.8987654320987655
3,0.7417417417417418,0.898898898898899
3,0.7427427427427428,0.8990323656990323
3,0.7437437437437437,0.8991658324991658
3,0.7447447447447447,0.8992992992992993
3,0.7457457457457457,0.8994327660994328
3,0.7467467467467468,0.8995662328995663
3,0.7477477477477478,0.8996996996996998
3,0.7487487487487487,0.8998331664998331
3,0.7497497497497497,0.8999666332999666
3,0.7507507507507507,0.8183183183183184
3,0.7517517517517518,0.8185003185003186
3,0.7527527527527528,0.8186823186823188
3,0.7537537537537538,0.8188643188643189
3,0.7547547547547547,0.8190463190463191
3,0.7557557557557557,0.8192283192283193
3,0.7567567567567568,0.8194103194103195
3,0.7577577577577578,0.8195923195923196
3,0.7587587587587588,0.8197743197743198
3,0.7597597597597597,0.81995631995632
3,0.7607607607607607,0.8201383201383202
3,0.7617617617617618,0.8203203203203204
3,0.7627627627627628,0.8205023205023205
3,0.7637637637637638,0.8206843206843207
3,0.7647647647647647,0.8208663208663209
3,0.7657657657657657,0.821048321048321
3,0.7667667667667668,0.8212303212303212
3,0.7677677677677678,0.8214123214123215
3,0.7687687687687688,0.8215943215943217
3,0.7697697697697697,0.8217763217763219
3,0.7707707707707707,0.821958321958322
3,0.7717717717717718,0.8221403221403222
3,0.7727727727727728,0.8223223223223224
3,0.7737737737737738,0.8225043225043226
3,0.7747747747747747,0.8226863226863227
3,0.7757757757757757,0.8228683228683229
3,0.7767767767767768,0.8230503230503231
3,0.7777777777777778,0.8232323232323233
3,0.7787787787787788,0.8234143234143234
3,0.7797797797797797,0.8235963235963236
3,0.7807807807807807,0.8237783237783238
3,0.7817817817817818,0.823960323960324
3,0.7827827827827828,0.8241423241423241
3,0.7837837837837838,0.8243243243243243
3,0.7847847847847848,0.8245063245063246
3,0.7857857857857857,0.8246883246883248
3,0.7867867867867868,0.824870324870325
3,0.7877877877877878,0.8250523250523251
3,0.7887887887887888,0.8252343252343253
3,0.7897897897897898,0.8254163254163255
3,0.7907907907907907,0.8255983255983256
3,0.7917917917917918,0.8257803257803258
3,0.7927927927927928,0.825962325962326
3,0.7937937937937938,0.8261443261443262
3,0.7947947947947948,0.8263263263263264
3,0.7957957957957957,0.8265083265083265
3,0.7967967967967968,0.8266903266903267
3,0.7977977977977978,0.8268723268723269
3,0.7987987987987988,0.8270543270543271
3,0.7997997997997998,0.8272363272363272
3,0.8008008008008007,0.8274183274183274
3,0.8018018018018018,0.8276003276003276
3,0.8028028028028028,0.8277823277823279
3,0.8038038038038038,0.827964327964328
3,0.8048048048048048,0.8281463281463282
3,0.8058058058058059,0.8283283283283284
3,0.8068068068068068,0.8285103285103286
3,0.8078078078078078,0.8286923286923288
3,0.8088088088088088,0.8288743288743289
3,0.8098098098098098,0.8290563290563291
3,0.8108108108108109,0.8292383292383293
3,0.8118118118118118,0.8294203294203295
3,0.8128128128128128,0.8296023296023296
3,0.8138138138138138,0.8297843297843298
3,0.8148148148148148,0.82996632996633
3,0.8158158158158159,0.8301483301483302
3,0.8168168168168168,0.8303303303303303
3,0.8178178178178178,0.8305123305123305
3,0.8188188188188188,0.8306943306943307
3,0.8198198198198198,0.830876330876331
3,0.8208208208208209,0.831058331058331
3,0.8218218218218218,0.8312403312403313
3,0.8228228228228228,0.8314223314223315
3,0.8238238238238238,0.8316043316043317
3,0.8248248248248248,0.8317863317863318
3,0.8258258258258259,0.831968331968332
3,0.8268268268268268,0.8321503321503322
3,0.8278278278278278,0.8323323323323324
3,0.8288288288288288,0.8325143325143325
3,0.8298298298298298,0.8326963326963327
3,0.8308308308308309,0.8328783328783329
3,0.8318318318318318,0.8330603330603331
3,0.8328328328328328,0.8332423332423333
3,0.8338338338338338,0.6667917917917917
3,0.8348348348348348,0.667042042042042
3,0.8358358358358359,0.6672922922922923
3,0.8368368368368369,0.6675425425425425
3,0.8378378378378378,0.6677927927927928
3,0.8388388388388388,0.668043043043043
3,0.8398398398398398,0.6682932932932932
3,0.8408408408408409,0.6685435435435435
3,0.8418418418418419,0.6687937937937938
3,0.8428428428428428,0.669044044044044
3,0.8438438438438438,0.6692942942942942
3,0.8448448448448448,0.6695445445445445
3,0.8458458458458459,0.6697947947947948
3,0.8468468468468469,0.670045045045045
3,0.8478478478478478,0.6702952952952953
3,0.8488488488488488,0.6705455455455455
3,0.8498498498498498,0.6707957957957957
3,0.8508508508508509,0.671046046046046
3,0.8518518518518519,0.6712962962962963
3,0.8528528528528528,0.6715465465465466
3,0.8538538538538538,0.6717967967967967
3,0.8548548548548548,0.672047047047047
3,0.8558558558558559,0.6722972972972973
3,0.8568568568568569,0.6725475475475475
3,0.8578578578578578,0.6727977977977978
3,0.8588588588588588,0.673048048048048
3,0.8598598598598598,0.6732982982982982
3,0.8608608608608609,0.6735485485485485
3,0.8618618618618619,0.6737987987987988
3,0.8628628628628628,0.674049049049049
3,0.8638638638638638,0.6742992992992992
3,0.8648648648648649,0.6745495495495495
3,0.8658658658658659,0.6747997997997998
3,0.8668668668668669,0.67505005005005
3,0.8678678678678678,0.6753003003003003
3,0.8688688688688688,0.6755505505505505
3,0.8698698698698699,0.6758008008008007
3,0.8708708708708709,0.676051051051051
3,0.8718718718718719,0.6763013013013013
3,0.8728728728728729,0.6765515515515516
3,0.8738738738738738,0.6768018018018018
3,0.8748748748748749,0.677052052052052
3,0.8758758758758759,0.6773023023023023
3,0.8768768768768769,0.6775525525525525
3,0.8778778778778779,0.6778028028028028
3,0.8788788788788788,0.6780530530530531
3,0.8798798798798799,0.6783033033033034
3,0.8808808808808809,0.6785535535535535
3,0.8818818818818819,0.6788038038038038
3,0.8828828828828829,0.6790540540540541
3,0.8838838838838838,0.6793043043043043
3,0.8848848848848849,0.6795545545545546
3,0.8858858858858859,0.6798048048048048
3,0.8868868868868869,0.680055055055055
3,0.8878878878878879,0.6803053053053053
3,0.8888888888888888,0.6805555555555556
3,0.8898898898898899,0.6808058058058059
3,0.8908908908908909,0.681056056056056
3,0.8918918918918919,0.6813063063063063
3,0.8928928928928929,0.6815565565565566
3,0.8938938938938938,0.6818068068068068
3,0.8948948948948949,0.6820570570570571
3,0.8958958958958959,0.6823073073073073
3,0.8968968968968969,0.6825575575575575
3,0.8978978978978979,0.6828078078078078
3,0.8988988988988988,0.6830580580580581
3,0.8998998998998999,0.6833083083083084
3,0.9009009009009009,0.6835585585585585
3,0.9019019019019019,0.6838088088088088
3,0.9029029029029029,0.6840590590590591
3,0.9039039039039038,0.6843093093093093
3,0.9049049049049049,0.6845595595595596
3,0.9059059059059059,0.6848098098098098
3,0.9069069069069069,0.68506006006006
3,0.9079079079079079,0.6853103103103103
3,0.9089089089089089,0.6855605605605606
3,0.9099099099099099,0.6858108108108109
3,0.9109109109109109,0.686061061061061
3,0.9119119119119119,0.6863113113113113
3,0.9129129129129129,0.6865615615615616
3,0.9139139139139139,0.6868118118118118
3,0.914914914914915,0.6870620620620621
3,0.9159159159159159,0.6873123123123124
3,0.9169169169169169,0.6471177059412354
3,0.9179179179179179,0.6473532355885298
3,0.9189189189189189,0.6475887652358241
3,0.91991991991992,0.6478242948831184
3,0.9209209209209209,0.6480598245304128
3,0.9219219219219219,0.6482953541777071
3,0.9229229229229229,0.6485308838250015
3,0.9239239239239239,0.6487664134722958
3,0.924924924924925,0.6490019431195903
3,0.9259259259259259,0.6492374727668846
3,0.9269269269269269,0.6494730024141789
3,0.9279279279279279,0.6497085320614733
3,0.9289289289289289,0.6499440617087676
3,0.92992992992993,0.650179591356062
3,0.9309309309309309,0.6504151210033563
3,0.9319319319319319,0.6506506506506506
3,0.9329329329329329,0.650886180297945
3,0.933933933933934,0.6511217099452394
3,0.934934934934935,0.6513572395925338
3,0.9359359359359359,0.6515927692398281
3,0.9369369369369369,0.6518282988871225
3,0.9379379379379379,0.6520638285344168
3,0.938938938938939,0.6522993581817111
3,0.93993993993994,0.6525348878290055
3,0.9409409409409409,0.6527704174762998
3,0.9419419419419419,0.6530059471235942
3,0.9429429429429429,0.6532414767708885
3,0.943943943943944,0.653477006418183
3,0.944944944944945,0.6537125360654773
3,0.9459459459459459,0.6539480657127716
3,0.9469469469469469,0.654183595360066
3,0.9479479479479479,0.6544191250073603
3,0.948948948948949,0.6546546546546547
3,0.94994994994995,0.654890184301949
3,0.950950950950951,0.6551257139492433
3,0.9519519519519519,0.6553612435965377
3,0.9529529529529529,0.655596773243832
3,0.953953953953954,0.6558323028911265
3,0.954954954954955,0.6560678325384208
3,0.955955955955956,0.6563033621857152
3,0.9569569569569569,0.6565388918330095
3,0.9579579579579579,0.6567744214803038
3,0.958958958958959,0.6570099511275982
3,0.95995995995996,0.6572454807748925
3,0.960960960960961,0.6574810104221869
3,0.9619619619619619,0.6577165400694812
3,0.9629629629629629,0.6579520697167756
3,0.963963963963964,0.65818759936407
3,0.964964964964965,0.6584231290113643
3,0.965965965965966,0.6586586586586587
3,0.9669669669669669,0.658894188305953
3,0.9679679679679679,0.6591297179532474
3,0.968968968968969,0.6593652476005417
3,0.96996996996997,0.6596007772478361
3,0.970970970970971,0.6598363068951304
3,0.9719719719719719,0.6600718365424247
3,0.9729729729729729,0.6603073661897191
3,0.973973973973974,0.6605428958370135
3,0.974974974974975,0.6607784254843079
3,0.975975975975976,0.6610139551316022
3,0.9769769769769769,0.6612494847788966
3,0.9779779779779779,0.6614850144261909
3,0.978978978978979,0.6617205440734852
3,0.97997997997998,0.6619560737207796
3,0.980980980980981,0.6621916033680739
3,0.9819819819819819,0.6624271330153683
3,0.9829829829829829,0.6626626626626626
3,0.983983983983984,0.6628981923099571
3,0.984984984984985,0.6631337219572514
3,0.985985985985986,0.6633692516045457
3,0.986986986986987,0.6636047812518401
3,0.9879879879879879,0.6638403108991344
3,0.988988988988989,0.6640758405464288
3,0.98998998998999,0.6643113701937231
3,0.990990990990991,0.6645468998410174
3,0.991991991991992,0.6647824294883118
3,0.992992992992993,0.6650179591356061
3,0.993993993993994,0.6652534887829005
3,0.994994994994995,0.6654890184301949
3,0.995995995995996,0.6657245480774893
3,0.996996996996997,0.6659600777247836
3,0.997997997997998,0.666195607372078
3,0.998998998998999,0.6664311370193723
3,1.0,0.27906976744186046
4,0.0,1.0
4,0.001001001001001001,1.0
4,0.002002002002002002,1.0
4,0.003003003003003003,1.0
4,0.004004004004004004,1.0
4,0.005005005005005005,1.0
4,0.006006006006006006,1.0
4,0.007007007007007007,1.0
4,0.008008008008008008,1.0
4,0.009009009009009009,1.0
4,0.01001001001001001,1.0
4,0.011011011011011011,1.0
4,0.012012012012012012,1.0
4,0.013013013013013013,1.0
4,0.014014014014014014,1.0
4,0.015015015015015015,1.0
4,0.016016016016016016,1.0
4,0.017017017017017015,1.0
4,0.018018018018018018,1.0
4,0.01901901901901902,1.0
4,0.02002002002002002,1.0
4,0.02102102102102102,1.0
4,0.022022022022022022,1.0
4,0.023023023023023025,1.0
4,0.024024024024024024,1.0
4,0.025025025025025023,1.0
4,0.026026026026026026,1.0
4,0.02702702702702703,1.0
4,0.028028028028028028,1.0
4,0.029029029029029027,1.0
4,0.03003003003003003,1.0
4,0.031031031031031032,1.0
4,0.03203203203203203,1.0
4,0.03303303303303303,1.0
4,0.03403403403403403,1.0
4,0.035035035035035036,1.0
4,0.036036036036036036,1.0
4,0.037037037037037035,1.0
4,0.03803803803803804,1.0
4,0.03903903903903904,1.0
4,0.04004004004004004,1.0
4,0.04104104104104104,1.0
4,0.04204204204204204,1.0
4,0.043043043043043044,1.0
4,0.044044044044044044,1.0
4,0.04504504504504504,1.0
4,0.04604604604604605,1.0
4,0.04704704704704705,1.0
4,0.04804804804804805,1.0
4,0.04904904904904905,1.0
4,0.050050050050050046,1.0
4,0.05105105105105105,1.0
4,0.05205205205205205,1.0
4,0.05305305305305305,1.0
4,0.05405405405405406,1.0
4,0.055055055055055056,1.0
4,0.056056056056056056,1.0
4,0.057057057057057055,1.0
4,0.058058058058058054,1.0
4,0.05905905905905906,1.0
4,0.06006006006006006,1.0
4,0.06106106106106106,1.0
4,0.062062062062062065,1.0
4,0.06306306306306306,1.0
4,0.06406406406406406,1.0
4,0.06506506506506507,1.0
4,0.06606606606606606,1.0
4,0.06706706706706707,1.0
4,0.06806806806806806,1.0
4,0.06906906906906907,1.0
4,0.07007007007007007,1.0
4,0.07107107107107107,1.0
4,0.07207207207207207,1.0
4,0.07307307307307308,1.0
4,0.07407407407407407,1.0
4,0.07507507507507508,1.0
4,0.07607607607607608,1.0
4,0.07707707707707707,1.0
4,0.07807807807807808,1.0
4,0.07907907907907907,1.0
4,0.08008008008008008,1.0
4,0.08108108108108109,1.0
4,0.08208208208208208,1.0
4,0.08308308308308308,1.0
4,0.08408408408408408,1.0
4,0.08508508508508508,1.0
4,0.08608608608608609,1.0
4,0.08708708708708708,1.0
4,0.08808808808808809,1.0
4,0.0890890890890891,1.0
4,0.09009009009009009,1.0
4,0.09109109109109109,1.0
4,0.0920920920920921,1.0
4,0.09309309309309309,1.0
4,0.0940940940940941,1.0
4,0.09509509509509509,1.0
4,0.0960960960960961,1.0
4,0.0970970970970971,1.0
4,0.0980980980980981,1.0
4,0.0990990990990991,1.0
4,0.10010010010010009,1.0
4,0.1011011011011011,1.0
4,0.1021021021021021,1.0
4,0.1031031031031031,1.0
4,0.1041041041041041,1.0
4,0.10510510510510511,1.0
4,0.1061061061061061,1.0
4,0.10710710710710711,1.0
4,0.10810810810810811,1.0
4,0.1091091091091091,1.0
4,0.11011011011011011,1.0
4,0.1111111111111111,1.0
4,0.11211211211211211,1.0
4,0.11311311311311312,1.0
4,0.11411411411411411,1.0
4,0.11511511511511512,1.0
4,0.11611611611611611,1.0
4,0.11711711711711711,1.0
4,0.11811811811811812,1.0
4,0.11911911911911911,1.0
4,0.12012012012012012,1.0
4,0.12112112112112113,1.0
4,0.12212212212212212,1.0
4,0.12312312312312312,1.0
4,0.12412412412412413,1.0
4,0.12512512512512514,1.0
4,0.12612612612612611,1.0
4,0.12712712712712712,1.0
4,0.12812812812812813,1.0
4,0.12912912912912913,1.0
4,0.13013013013013014,1.0
4,0.13113113113113112,1.0
4,0.13213213213213212,1.0
4,0.13313313313313313,1.0
4,0.13413413413413414,1.0
4,0.13513513513513514,1.0
4,0.13613613613613612,1.0
4,0.13713713713713713,1.0
4,0.13813813813813813,1.0
4,0.13913913913913914,1.0
4,0.14014014014014015,1.0
4,0.14114114114114115,1.0
4,0.14214214214214213,1.0
4,0.14314314314314314,1.0
4,0.14414414414414414,1.0
4,0.14514514514514515,1.0
4,0.14614614614614616,1.0
4,0.14714714714714713,1.0
4,0.14814814814814814,1.0
4,0.14914914914914915,1.0
4,0.15015015015015015,1.0
4,0.15115115115115116,1.0
4,0.15215215215215216,1.0
4,0.15315315315315314,1.0
4,0.15415415415415415,1.0
4,0.15515515515515516,1.0
4,0.15615615615615616,1.0
4,0.15715715715715717,1.0
4,0.15815815815815815,1.0
4,0.15915915915915915,1.0
4,0.16016016016016016,1.0
4,0.16116116116116116,1.0
4,0.16216216216216217,1.0
4,0.16316316316316315,1.0
4,0.16416416416416416,1.0
4,0.16516516516516516,1.0
4,0.16616616616616617,1.0
4,0.16716716716716717,0.5006006006006006
4,0.16816816816816815,0.5018018018018018
4,0.16916916916916916,0.503003003003003
4,0.17017017017017017,0.5042042042042042
4,0.17117117117117117,0.5054054054054055
4,0.17217217217217218,0.5066066066066066
4,0.17317317317317318,0.5078078078078079
4,0.17417417417417416,0.509009009009009
4,0.17517517517517517,0.5102102102102102
4,0.17617617617617617,0.5114114114114114
4,0.17717717717717718,0.5126126126126126
4,0.1781781781781782,0.5138138138138139
4,0.17917917917917917,0.515015015015015
4,0.18018018018018017,0.5162162162162162
4,0.18118118118118118,0.5174174174174174
4,0.18218218218218218,0.5186186186186186
4,0.1831831831831832,0.5198198198198198
4,0.1841841841841842,0.521021021021021
4,0.18518518518518517,0.5222222222222223
4,0.18618618618618618,0.5234234234234234
4,0.1871871871871872,0.5246246246246247
4,0.1881881881881882,0.5258258258258258
4,0.1891891891891892,0.5270270270270271
4,0.19019019019019018,0.5282282282282282
4,0.19119119119119118,0.5294294294294294
4,0.1921921921921922,0.5306306306306307
4,0.1931931931931932,0.5318318318318318
4,0.1941941941941942,0.5330330330330331
4,0.19519519519519518,0.5342342342342342
4,0.1961961961961962,0.5354354354354354
4,0.1971971971971972,0.5366366366366366
4,0.1981981981981982,0.5378378378378378
4,0.1991991991991992,0.539039039039039
4,0.20020020020020018,0.5402402402402402
4,0.2012012012012012,0.5414414414414415
4,0.2022022022022022,0.5426426426426426
4,0.2032032032032032,0.5438438438438439
4,0.2042042042042042,0.545045045045045
4,0.20520520520520522,0.5462462462462463
4,0.2062062062062062,0.5474474474474474
4,0.2072072072072072,0.5486486486486486
4,0.2082082082082082,0.5498498498498499
4,0.2092092092092092,0.551051051051051
4,0.21021021021021022,0.5522522522522523
4,0.2112112112112112,0.5534534534534534
4,0.2122122122122122,0.5546546546546547
4,0.2132132132132132,0.5558558558558558
4,0.21421421421421422,0.557057057057057
4,0.21521521521521522,0.5582582582582583
4,0.21621621621621623,0.5594594594594595
4,0.2172172172172172,0.5606606606606607
4,0.2182182182182182,0.5618618618618618
4,0.21921921921921922,0.5630630630630631
4,0.22022022022022023,0.5642642642642642
4,0.22122122122122123,0.5654654654654655
4,0.2222222222222222,0.5666666666666667
4,0.22322322322322322,0.5678678678678678
4,0.22422422422422422,0.5690690690690691
4,0.22522522522522523,0.5702702702702702
4,0.22622622622622623,0.5714714714714715
4,0.2272272272272272,0.5726726726726726
4,0.22822822822822822,0.5738738738738738
4,0.22922922922922923,0.575075075075075
4,0.23023023023023023,0.5762762762762763
4,0.23123123123123124,0.5774774774774775
4,0.23223223223223222,0.5786786786786786
4,0.23323323323323322,0.5798798798798799
4,0.23423423423423423,0.581081081081081
4,0.23523523523523523,0.5822822822822823
4,0.23623623623623624,0.5834834834834834
4,0.23723723723723725,0.5846846846846847
4,0.23823823823823823,0.5858858858858859
4,0.23923923923923923,0.587087087087087
4,0.24024024024024024,0.5882882882882883
4,0.24124124124124124,0.5894894894894894
4,0.24224224224224225,0.5906906906906907
4,0.24324324324324323,0.5918918918918918
4,0.24424424424424424,0.5930930930930931
4,0.24524524524524524,0.5942942942942943
4,0.24624624624624625,0.5954954954954954
4,0.24724724724724725,0.5966966966966967
4,0.24824824824824826,0.5978978978978979
4,0.24924924924924924,0.5990990990990991
4,0.2502502502502503,0.6002002002002002
4,0.25125125125125125,0.601001001001001
4,0.25225225225225223,0.6018018018018018
4,0.25325325325325326,0.6026026026026026
4,0.25425425425425424,0.6034034034034034
4,0.2552552552552553,0.6042042042042042
4,0.25625625625625625,0.605005005005005
4,0.25725725725725723,0.6058058058058058
4,0.25825825825825827,0.6066066066066066
4,0.25925925925925924,0.6074074074074074
4,0.2602602602602603,0.6082082082082082
4,0.26126126126126126,0.609009009009009
4,0.26226226226226224,0.6098098098098098
4,0.26326326326326327,0.6106106106106106
4,0.26426426426426425,0.6114114114114114
4,0.2652652652652653,0.6122122122122122
4,0.26626626626626626,0.613013013013013
4,0.26726726726726724,0.6138138138138137
4,0.2682682682682683,0.6146146146146146
4,0.26926926926926925,0.6154154154154153
4,0.2702702702702703,0.6162162162162163
4,0.27127127127127126,0.6170170170170169
4,0.27227227227227224,0.6178178178178177
4,0.2732732732732733,0.6186186186186186
4,0.27427427427427425,0.6194194194194194
4,0.2752752752752753,0.6202202202202202
4,0.27627627627627627,0.621021021021021
4,0.2772772772772773,0.6218218218218218
4,0.2782782782782783,0.6226226226226226
4,0.27927927927927926,0.6234234234234234
4,0.2802802802802803,0.6242242242242242
4,0.28128128128128127,0.625025025025025
4,0.2822822822822823,0.6258258258258258
4,0.2832832832832833,0.6266266266266266
4,0.28428428428428426,0.6274274274274274
4,0.2852852852852853,0.6282282282282282
4,0.2862862862862863,0.629029029029029
4,0.2872872872872873,0.6298298298298298
4,0.2882882882882883,0.6306306306306306
4,0.28928928928928926,0.6314314314314314
4,0.2902902902902903,0.6322322322322322
4,0.2912912912912913,0.633033033033033
4,0.2922922922922923,0.6338338338338338
4,0.2932932932932933,0.6346346346346347
4,0.29429429429429427,0.6354354354354353
4,0.2952952952952953,0.6362362362362363
4,0.2962962962962963,0.637037037037037
4,0.2972972972972973,0.6378378378378379
4,0.2982982982982983,0.6386386386386386
4,0.29929929929929927,0.6394394394394394
4,0.3003003003003003,0.6402402402402402
4,0.3013013013013013,0.641041041041041
4,0.3023023023023023,0.6418418418418418
4,0.3033033033033033,0.6426426426426426
4,0.30430430430430433,0.6434434434434434
4,0.3053053053053053,0.6442442442442442
4,0.3063063063063063,0.645045045045045
4,0.3073073073073073,0.6458458458458458
4,0.3083083083083083,0.6466466466466466
4,0.30930930930930933,0.6474474474474474
4,0.3103103103103103,0.6482482482482482
4,0.3113113113113113,0.649049049049049
4,0.3123123123123123,0.6498498498498498
4,0.3133133133133133,0.6506506506506506
4,0.31431431431431434,0.6514514514514514
4,0.3153153153153153,0.6522522522522523
4,0.3163163163163163,0.6530530530530531
4,0.3173173173173173,0.6538538538538539
4,0.3183183183183183,0.6546546546546547
4,0.31931931931931934,0.6554554554554555
4,0.3203203203203203,0.6562562562562563
4,0.3213213213213213,0.657057057057057
4,0.32232232232232233,0.6578578578578579
4,0.3233233233233233,0.6586586586586586
4,0.32432432432432434,0.6594594594594595
4,0.3253253253253253,0.6602602602602602
4,0.3263263263263263,0.661061061061061
4,0.32732732732732733,0.6618618618618618
4,0.3283283283283283,0.6626626626626626
4,0.32932932932932935,0.6634634634634634
4,0.3303303303303303,0.6642642642642642
4,0.3313313313313313,0.665065065065065
4,0.33233233233233234,0.6658658658658658
4,0.3333333333333333,0.6666666666666666
4,0.33433433433433435,0.6672386672386672
4,0.3353353353353353,0.6678106678106678
4,0.3363363363363363,0.6683826683826684
4,0.33733733733733734,0.6689546689546689
4,0.3383383383383383,0.6695266695266695
4,0.33933933933933935,0.6700986700986701
4,0.34034034034034033,0.6706706706706707
4,0.34134134134134136,0.6712426712426712
4,0.34234234234234234,0.6718146718146718
4,0.3433433433433433,0.6723866723866724
4,0.34434434434434436,0.672958672958673
4,0.34534534534534533,0.6735306735306735
4,0.34634634634634637,0.6741026741026741
4,0.34734734734734735,0.6746746746746747
4,0.3483483483483483,0.6752466752466753
4,0.34934934934934936,0.6758186758186758
4,0.35035035035035034,0.6763906763906764
4,0.35135135135135137,0.676962676962677
4,0.35235235235235235,0.6775346775346776
4,0.3533533533533533,0.678106678106678
4,0.35435435435435436,0.6786786786786787
4,0.35535535535535534,0.6792506792506793
4,0.3563563563563564,0.6798226798226799
4,0.35735735735735735,0.6803946803946804
4,0.35835835835835833,0.6809666809666809
4,0.35935935935935936,0.6815386815386816
4,0.36036036036036034,0.682110682110682
4,0.3613613613613614,0.6826826826826827
4,0.36236236236236236,0.6832546832546832
4,0.36336336336336333,0.6838266838266838
4,0.36436436436436437,0.6843986843986843
4,0.36536536536536535,0.6849706849706849
4,0.3663663663663664,0.6855426855426855
4,0.36736736736736736,0.6861146861146861
4,0.3683683683683684,0.6866866866866866
4,0.36936936936936937,0.6872586872586872
4,0.37037037037037035,0.6878306878306878
4,0.3713713713713714,0.6884026884026884
4,0.37237237237237236,0.6889746889746889
4,0.3733733733733734,0.6895466895466895
4,0.3743743743743744,0.6901186901186901
4,0.37537537537537535,0.6906906906906907
4,0.3763763763763764,0.6912626912626912
4,0.37737737737737737,0.6918346918346918
4,0.3783783783783784,0.6924066924066924
4,0.3793793793793794,0.692978692978693
4,0.38038038038038036,0.6935506935506935
4,0.3813813813813814,0.6941226941226941
4,0.38238238238238237,0.6946946946946947
4,0.3833833833833834,0.6952666952666953
4,0.3843843843843844,0.6958386958386958
4,0.38538538538538536,0.6964106964106964
4,0.3863863863863864,0.696982696982697
4,0.38738738738738737,0.6975546975546976
4,0.3883883883883884,0.6981266981266981
4,0.3893893893893894,0.6986986986986987
4,0.39039039039039036,0.6992706992706993
4,0.3913913913913914,0.6998426998426999
4,0.3923923923923924,0.7004147004147004
4,0.3933933933933934,0.700986700986701
4,0.3943943943943944,0.7015587015587016
4,0.39539539539539537,0.7021307021307022
4,0.3963963963963964,0.7027027027027027
4,0.3973973973973974,0.7032747032747033
4,0.3983983983983984,0.7038467038467039
4,0.3993993993993994,0.7044187044187045
4,0.40040040040040037,0.7049907049907049
4,0.4014014014014014,0.7055627055627056
4,0.4024024024024024,0.7061347061347061
4,0.4034034034034034,0.7067067067067068
4,0.4044044044044044,0.7072787072787072
4,0.40540540540540543,0.7078507078507079
4,0.4064064064064064,0.7084227084227084
4,0.4074074074074074,0.708994708994709
4,0.4084084084084084,0.7095667095667095
4,0.4094094094094094,0.7101387101387101
4,0.41041041041041043,0.7107107107107107
4,0.4114114114114114,0.7112827112827113
4,0.4124124124124124,0.7118547118547118
4,0.4134134134134134,0.7124267124267124
4,0.4144144144144144,0.712998712998713
4,0.41541541541541543,0.7135707135707136
4,0.4164164164164164,0.7141427141427141
4,0.4174174174174174,0.7146074646074646
4,0.4184184184184184,0.715036465036465
4,0.4194194194194194,0.7154654654654654
4,0.42042042042042044,0.7158944658944659
4,0.4214214214214214,0.7163234663234663
4,0.4224224224224224,0.7167524667524667
4,0.42342342342342343,0.7171814671814671
4,0.4244244244244244,0.7176104676104677
4,0.42542542542542544,0.718039468039468
4,0.4264264264264264,0.7184684684684685
4,0.4274274274274274,0.7188974688974689
4,0.42842842842842843,0.7193264693264694
4,0.4294294294294294,0.7197554697554698
4,0.43043043043043044,0.7201844701844702
4,0.4314314314314314,0.7206134706134706
4,0.43243243243243246,0.7210424710424711
4,0.43343343343343343,0.7214714714714715
4,0.4344344344344344,0.7219004719004719
4,0.43543543543543545,0.7223294723294723
4,0.4364364364364364,0.7227584727584727
4,0.43743743743743746,0.7231874731874732
4,0.43843843843843844,0.7236164736164736
4,0.4394394394394394,0.724045474045474
4,0.44044044044044045,0.7244744744744744
4,0.44144144144144143,0.724903474903475
4,0.44244244244244246,0.7253324753324754
4,0.44344344344344344,0.7257614757614758
4,0.4444444444444444,0.7261904761904762
4,0.44544544544544545,0.7266194766194767
4,0.44644644644644643,0.7270484770484771
4,0.44744744744744747,0.7274774774774775
4,0.44844844844844844,0.7279064779064779
4,0.4494494494494494,0.7283354783354783
4,0.45045045045045046,0.7287644787644788
4,0.45145145145145144,0.7291934791934792
4,0.45245245245245247,0.7296224796224796
4,0.45345345345345345,0.73005148005148
4,0.4544544544544544,0.7304804804804804
4,0.45545545545545546,0.7309094809094809
4,0.45645645645645644,0.7313384813384813
4,0.4574574574574575,0.7317674817674817
4,0.45845845845845845,0.7321964821964821
4,0.45945945945945943,0.7326254826254827
4,0.46046046046046046,0.7330544830544831
4,0.46146146146146144,0.7334834834834835
4,0.4624624624624625,0.7339124839124839
4,0.46346346346346345,0.7343414843414844
4,0.46446446446446443,0.7347704847704848
4,0.46546546546546547,0.7351994851994852
4,0.46646646646646645,0.7356284856284856
4,0.4674674674674675,0.7360574860574861
4,0.46846846846846846,0.7364864864864865
4,0.4694694694694695,0.7369154869154869
4,0.47047047047047047,0.7373444873444873
4,0.47147147147147145,0.7377734877734877
4,0.4724724724724725,0.7382024882024882
4,0.47347347347347346,0.7386314886314886
4,0.4744744744744745,0.739060489060489
4,0.4754754754754755,0.7394894894894894
4,0.47647647647647645,0.73991848991849
4,0.4774774774774775,0.7403474903474904
4,0.47847847847847846,0.7407764907764908
4,0.4794794794794795,0.7412054912054912
4,0.4804804804804805,0.7416344916344917
4,0.48148148148148145,0.7420634920634921
4,0.4824824824824825,0.7424924924924925
4,0.48348348348348347,0.7429214929214929
4,0.4844844844844845,0.7433504933504934
4,0.4854854854854855,0.7437794937794938
4,0.48648648648648646,0.7442084942084942
4,0.4874874874874875,0.7446374946374946
4,0.48848848848848847,0.745066495066495
4,0.4894894894894895,0.7454954954954955
4,0.4904904904904905,0.745924495924496
4,0.49149149149149146,0.7463534963534963
4,0.4924924924924925,0.7467824967824968
4,0.4934934934934935,0.7472114972114972
4,0.4944944944944945,0.7476404976404977
4,0.4954954954954955,0.7480694980694981
4,0.4964964964964965,0.7484984984984985
4,0.4974974974974975,0.7489274989274989
4,0.4984984984984985,0.7493564993564994
4,0.4994994994994995,0.7497854997854998
4,0.5005005005005005,0.6668668668668668
4,0.5015015015015015,0.6672672672672673
4,0.5025025025025025,0.6676676676676676
4,0.5035035035035035,0.6680680680680681
4,0.5045045045045045,0.6684684684684684
4,0.5055055055055055,0.6688688688688689
4,0.5065065065065065,0.6692692692692692
4,0.5075075075075075,0.6696696696696697
4,0.5085085085085085,0.67007007007007
4,0.5095095095095095,0.6704704704704704
4,0.5105105105105106,0.6708708708708708
4,0.5115115115115115,0.6712712712712713
4,0.5125125125125125,0.6716716716716716
4,0.5135135135135135,0.672072072072072
4,0.5145145145145145,0.6724724724724724
4,0.5155155155155156,0.6728728728728729
4,0.5165165165165165,0.6732732732732732
4,0.5175175175175175,0.6736736736736736
4,0.5185185185185185,0.674074074074074
4,0.5195195195195195,0.6744744744744744
4,0.5205205205205206,0.6748748748748749
4,0.5215215215215215,0.6752752752752752
4,0.5225225225225225,0.6756756756756757
4,0.5235235235235235,0.676076076076076
4,0.5245245245245245,0.6764764764764765
4,0.5255255255255256,0.6768768768768768
4,0.5265265265265265,0.6772772772772773
4,0.5275275275275275,0.6776776776776776
4,0.5285285285285285,0.6780780780780781
4,0.5295295295295295,0.6784784784784784
4,0.5305305305305306,0.6788788788788789
4,0.5315315315315315,0.6792792792792792
4,0.5325325325325325,0.6796796796796797
4,0.5335335335335335,0.68008008008008
4,0.5345345345345345,0.6804804804804804
4,0.5355355355355356,0.6808808808808808
4,0.5365365365365365,0.6812812812812813
4,0.5375375375375375,0.6816816816816816
4,0.5385385385385385,0.682082082082082
4,0.5395395395395395,0.6824824824824824
4,0.5405405405405406,0.6828828828828828
4,0.5415415415415415,0.6832832832832832
4,0.5425425425425425,0.6836836836836836
4,0.5435435435435435,0.684084084084084
4,0.5445445445445445,0.6844844844844844
4,0.5455455455455456,0.6848848848848849
4,0.5465465465465466,0.6852852852852852
4,0.5475475475475475,0.6856856856856857
4,0.5485485485485485,0.686086086086086
4,0.5495495495495496,0.6864864864864865
4,0.5505505505505506,0.6868868868868868
4,0.5515515515515516,0.6872872872872873
4,0.5525525525525525,0.6876876876876876
4,0.5535535535535535,0.688088088088088
4,0.5545545545545546,0.6884884884884884
4,0.5555555555555556,0.6888888888888889
4,0.5565565565565566,0.6892892892892892
4,0.5575575575575575,0.6896896896896896
4,0.5585585585585585,0.69009009009009
4,0.5595595595595596,0.6904904904904905
4,0.5605605605605606,0.6908908908908908
4,0.5615615615615616,0.6912912912912912
4,0.5625625625625625,0.6916916916916916
4,0.5635635635635635,0.692092092092092
4,0.5645645645645646,0.6924924924924925
4,0.5655655655655656,0.6928928928928928
4,0.5665665665665666,0.6932932932932933
4,0.5675675675675675,0.6936936936936936
4,0.5685685685685685,0.6940940940940941
4,0.5695695695695696,0.6944944944944944
4,0.5705705705705706,0.6948948948948949
4,0.5715715715715716,0.6952952952952952
4,0.5725725725725725,0.6956956956956957
4,0.5735735735735735,0.696096096096096
4,0.5745745745745746,0.6964964964964965
4,0.5755755755755756,0.6968968968968968
4,0.5765765765765766,0.6972972972972973
4,0.5775775775775776,0.6976976976976976
4,0.5785785785785785,0.698098098098098
4,0.5795795795795796,0.6984984984984984
4,0.5805805805805806,0.6988988988988989
4,0.5815815815815816,0.6992992992992992
4,0.5825825825825826,0.6996996996996996
4,0.5835835835835835,0.7000819000819
4,0.5845845845845846,0.7004095004095003
4,0.5855855855855856,0.7007371007371007
4,0.5865865865865866,0.701064701064701
4,0.5875875875875876,0.7013923013923014
4,0.5885885885885885,0.7017199017199016
4,0.5895895895895896,0.702047502047502
4,0.5905905905905906,0.7023751023751024
4,0.5915915915915916,0.7027027027027026
4,0.5925925925925926,0.703030303030303
4,0.5935935935935935,0.7033579033579033
4,0.5945945945945946,0.7036855036855036
4,0.5955955955955956,0.704013104013104
4,0.5965965965965966,0.7043407043407043
4,0.5975975975975976,0.7046683046683047
4,0.5985985985985985,0.7049959049959049
4,0.5995995995995996,0.7053235053235053
4,0.6006006006006006,0.7056511056511057
4,0.6016016016016016,0.7059787059787059
4,0.6026026026026026,0.7063063063063063
4,0.6036036036036035,0.7066339066339066
4,0.6046046046046046,0.706961506961507
4,0.6056056056056056,0.7072891072891072
4,0.6066066066066066,0.7076167076167076
4,0.6076076076076076,0.7079443079443078
4,0.6086086086086087,0.7082719082719082
4,0.6096096096096096,0.7085995085995086
4,0.6106106106106106,0.7089271089271089
4,0.6116116116116116,0.7092547092547092
4,0.6126126126126126,0.7095823095823095
4,0.6136136136136137,0.7099099099099099
4,0.6146146146146146,0.7102375102375103
4,0.6156156156156156,0.7105651105651105
4,0.6166166166166166,0.7108927108927109
4,0.6176176176176176,0.7112203112203112
4,0.6186186186186187,0.7115479115479115
4,0.6196196196196196,0.7118755118755119
4,0.6206206206206206,0.7122031122031122
4,0.6216216216216216,0.7125307125307125
4,0.6226226226226226,0.7128583128583128
4,0.6236236236236237,0.7131859131859132
4,0.6246246246246246,0.7135135135135136
4,0.6256256256256256,0.7138411138411138
4,0.6266266266266266,0.7141687141687142
4,0.6276276276276276,0.7144963144963145
4,0.6286286286286287,0.7148239148239148
4,0.6296296296296297,0.7151515151515152
4,0.6306306306306306,0.7154791154791155
4,0.6316316316316316,0.7158067158067158
4,0.6326326326326326,0.7161343161343161
4,0.6336336336336337,0.7164619164619165
4,0.6346346346346347,0.7167895167895167
4,0.6356356356356356,0.7171171171171171
4,0.6366366366366366,0.7174447174447174
4,0.6376376376376376,0.7177723177723178
4,0.6386386386386387,0.7180999180999181
4,0.6396396396396397,0.7184275184275184
4,0.6406406406406406,0.7187551187551188
4,0.6416416416416416,0.719082719082719
4,0.6426426426426426,0.7194103194103194
4,0.6436436436436437,0.7197379197379198
4,0.6446446446446447,0.72006552006552
4,0.6456456456456456,0.7203931203931204
4,0.6466466466466466,0.7207207207207207
4,0.6476476476476476,0.7210483210483211
4,0.6486486486486487,0.7213759213759214
4,0.6496496496496497,0.7217035217035217
4,0.6506506506506506,0.7220311220311221
4,0.6516516516516516,0.7223587223587223
4,0.6526526526526526,0.7226863226863227
4,0.6536536536536537,0.7230139230139231
4,0.6546546546546547,0.7233415233415234
4,0.6556556556556556,0.7236691236691237
4,0.6566566566566566,0.723996723996724
4,0.6576576576576576,0.7243243243243244
4,0.6586586586586587,0.7246519246519247
4,0.6596596596596597,0.724979524979525
4,0.6606606606606606,0.7253071253071254
4,0.6616616616616616,0.7256347256347256
4,0.6626626626626626,0.725962325962326
4,0.6636636636636637,0.7262899262899263
4,0.6646646646646647,0.7266175266175267
4,0.6656656656656657,0.7269451269451269
4,0.6666666666666666,0.47058823529411764
4,0.6676676676676676,0.47094152976505915
4,0.6686686686686687,0.4712948242360007
4,0.6696696696696697,0.47164811870694223
4,0.6706706706706707,0.47200141317788374
4,0.6716716716716716,0.4723547076488253
4,0.6726726726726726,0.4727080021197668
4,0.6736736736736737,0.4730612965907084
4,0.6746746746746747,0.4734145910616499
4,0.6756756756756757,0.4737678855325914
4,0.6766766766766766,0.4741211800035329
4,0.6776776776776777,0.4744744744744745
4,0.6786786786786787,0.474827768945416
4,0.6796796796796797,0.4751810634163575
4,0.6806806806806807,0.4755343578872991
4,0.6816816816816816,0.4758876523582406
4,0.6826826826826827,0.47624094682918217
4,0.6836836836836837,0.4765942413001237
4,0.6846846846846847,0.4769475357710652
4,0.6856856856856857,0.4773008302420067
4,0.6866866866866866,0.4776541247129482
4,0.6876876876876877,0.4780074191838898
4,0.6886886886886887,0.4783607136548313
4,0.6896896896896897,0.47871400812577286
4,0.6906906906906907,0.4790673025967144
4,0.6916916916916916,0.4794205970676559
4,0.6926926926926927,0.47977389153859745
4,0.6936936936936937,0.48012718600953896
4,0.6946946946946947,0.4804804804804805
4,0.6956956956956957,0.480833774951422
4,0.6966966966966966,0.4811870694223635
4,0.6976976976976977,0.48154036389330507
4,0.6986986986986987,0.48189365836424664
4,0.6996996996996997,0.48224695283518815
4,0.7007007007007007,0.48260024730612966
4,0.7017017017017017,0.48295354177707117
4,0.7027027027027027,0.48330683624801274
4,0.7037037037037037,0.48366013071895425
4,0.7047047047047047,0.48401342518989576
4,0.7057057057057057,0.4843667196608373
4,0.7067067067067067,0.48472001413177884
4,0.7077077077077077,0.4850733086027204
4,0.7087087087087087,0.4854266030736619
4,0.7097097097097097,0.48577989754460343
4,0.7107107107107107,0.48613319201554495
4,0.7117117117117117,0.48648648648648646
4,0.7127127127127127,0.486839780957428
4,0.7137137137137137,0.48719307542836954
4,0.7147147147147147,0.48754636989931105
4,0.7157157157157157,0.4878996643702526
4,0.7167167167167167,0.48825295884119413
4,0.7177177177177178,0.4886062533121357
4,0.7187187187187187,0.4889595477830772
4,0.7197197197197197,0.4893128422540187
4,0.7207207207207207,0.48966613672496023
4,0.7217217217217217,0.49001943119590174
4,0.7227227227227228,0.4903727256668433
4,0.7237237237237237,0.4907260201377848
4,0.7247247247247247,0.4910793146087264
4,0.7257257257257257,0.4914326090796679
4,0.7267267267267267,0.4917859035506094
4,0.7277277277277278,0.492139198021551
4,0.7287287287287287,0.4924924924924925
4,0.7297297297297297,0.492845786963434
4,0.7307307307307307,0.4931990814343755
4,0.7317317317317317,0.4935523759053171
4,0.7327327327327328,0.4939056703762586
4,0.7337337337337337,0.49425896484720017
4,0.7347347347347347,0.4946122593181417
4,0.7357357357357357,0.4949655537890832
4,0.7367367367367368,0.49531884826002476
4,0.7377377377377378,0.49567214273096627
4,0.7387387387387387,0.4960254372019078
4,0.7397397397397397,0.4963787316728493
4,0.7407407407407407,0.49673202614379086
4,0.7417417417417418,0.4970853206147324
4,0.7427427427427428,0.49743861508567394
4,0.7437437437437437,0.49779190955661545
4,0.7447447447447447,0.49814520402755696
4,0.7457457457457457,0.4984984984984985
4,0.7467467467467468,0.49885179296944004
4,0.7477477477477478,0.49920508744038156
4,0.7487487487487487,0.49955838191132307
4,0.7497497497497497,0.49991167638226464
4,0.7507507507507507,0.5002370791844476
4,0.7517517517517518,0.5005531847637111
4,0.7527527527527528,0.5008692903429746
4,0.7537537537537538,0.501185395922238
4,0.7547547547547547,0.5015015015015015
4,0.7557557557557557,0.501817607080765
4,0.7567567567567568,0.5021337126600285
4,0.7577577577577578,0.5024498182392919
4,0.7587587587587588,0.5027659238185553
4,0.7597597597597597,0.5030820293978189
4,0.7607607607607607,0.5033981349770823
4,0.7617617617617618,0.5037142405563458
4,0.7627627627627628,0.5040303461356093
4,0.7637637637637638,0.5043464517148728
4,0.7647647647647647,0.5046625572941362
4,0.7657657657657657,0.5049786628733997
4,0.7667667667667668,0.5052947684526632
4,0.7677677677677678,0.5056108740319266
4,0.7687687687687688,0.5059269796111902
4,0.7697697697697697,0.5062430851904536
4,0.7707707707707707,0.506559190769717
4,0.7717717717717718,0.5068752963489805
4,0.7727727727727728,0.5071914019282441
4,0.7737737737737738,0.5075075075075075
4,0.7747747747747747,0.5078236130867709
4,0.7757757757757757,0.5081397186660345
4,0.7767767767767768,0.5084558242452979
4,0.7777777777777778,0.5087719298245614
4,0.7787787787787788,0.5090880354038249
4,0.7797797797797797,0.5094041409830883
4,0.7807807807807807,0.5097202465623518
4,0.7817817817817818,0.5100363521416152
4,0.7827827827827828,0.5103524577208788
4,0.7837837837837838,0.5106685633001422
4,0.7847847847847848,0.5109846688794057
4,0.7857857857857857,0.5113007744586692
4,0.7867867867867868,0.5116168800379327
4,0.7877877877877878,0.5119329856171961
4,0.7887887887887888,0.5122490911964596
4,0.7897897897897898,0.5125651967757231
4,0.7907907907907907,0.5128813023549865
4,0.7917917917917918,0.5131974079342501
4,0.7927927927927928,0.5135135135135135
4,0.7937937937937938,0.5138296190927769
4,0.7947947947947948,0.5141457246720404
4,0.7957957957957957,0.5144618302513039
4,0.7967967967967968,0.5147779358305674
4,0.7977977977977978,0.5150940414098308
4,0.7987987987987988,0.5154101469890944
4,0.7997997997997998,0.5157262525683578
4,0.8008008008008007,0.5160423581476212
4,0.8018018018018018,0.5163584637268848
4,0.8028028028028028,0.5166745693061482
4,0.8038038038038038,0.5169906748854117
4,0.8048048048048048,0.5173067804646752
4,0.8058058058058059,0.5176228860439387
4,0.8068068068068068,0.5179389916232021
4,0.8078078078078078,0.5182550972024655
4,0.8088088088088088,0.5185712027817291
4,0.8098098098098098,0.5188873083609925
4,0.8108108108108109,0.519203413940256
4,0.8118118118118118,0.5195195195195195
4,0.8128128128128128,0.519835625098783
4,0.8138138138138138,0.5201517306780464
4,0.8148148148148148,0.5204678362573099
4,0.8158158158158159,0.5207839418365734
4,0.8168168168168168,0.5211000474158368
4,0.8178178178178178,0.5214161529951004
4,0.8188188188188188,0.5217322585743638
4,0.8198198198198198,0.5220483641536272
4,0.8208208208208209,0.5223644697328907
4,0.8218218218218218,0.5226805753121542
4,0.8228228228228228,0.5229966808914177
4,0.8238238238238238,0.5233127864706811
4,0.8248248248248248,0.5236288920499447
4,0.8258258258258259,0.5239449976292081
4,0.8268268268268268,0.5242611032084716
4,0.8278278278278278,0.5245772087877351
4,0.8288288288288288,0.5248933143669985
4,0.8298298298298298,0.525209419946262
4,0.8308308308308309,0.5255255255255254
4,0.8318318318318318,0.525841631104789
4,0.8328328328328328,0.5261577366840524
4,0.8338338338338338,0.5001430001430002
4,0.8348348348348348,0.5004290004290004
4,0.8358358358358359,0.5007150007150007
4,0.8368368368368369,0.501001001001001
4,0.8378378378378378,0.5012870012870013
4,0.8388388388388388,0.5015730015730016
4,0.8398398398398398,0.5018590018590018
4,0.8408408408408409,0.5021450021450021
4,0.8418418418418419,0.5024310024310025
4,0.8428428428428428,0.5027170027170027
4,0.8438438438438438,0.5030030030030029
4,0.8448448448448448,0.5032890032890033
4,0.8458458458458459,0.5035750035750036
4,0.8468468468468469,0.5038610038610039
4,0.8478478478478478,0.5041470041470042
4,0.8488488488488488,0.5044330044330044
4,0.8498498498498498,0.5047190047190047
4,0.8508508508508509,0.505005005005005
4,0.8518518518518519,0.5052910052910053
4,0.8528528528528528,0.5055770055770056
4,0.8538538538538538,0.5058630058630058
4,0.8548548548548548,0.5061490061490062
4,0.8558558558558559,0.5064350064350065
4,0.8568568568568569,0.5067210067210067
4,0.8578578578578578,0.507007007007007
4,0.8588588588588588,0.5072930072930073
4,0.8598598598598598,0.5075790075790075
4,0.8608608608608609,0.5078650078650079
4,0.8618618618618619,0.5081510081510081
4,0.8628628628628628,0.5084370084370085
4,0.8638638638638638,0.5087230087230087
4,0.8648648648648649,0.509009009009009
4,0.8658658658658659,0.5092950092950093
4,0.8668668668668669,0.5095810095810096
4,0.8678678678678678,0.5098670098670098
4,0.8688688688688688,0.5101530101530102
4,0.8698698698698699,0.5104390104390104
4,0.8708708708708709,0.5107250107250108
4,0.8718718718718719,0.511011011011011
4,0.8728728728728729,0.5112970112970113
4,0.8738738738738738,0.5115830115830116
4,0.8748748748748749,0.5118690118690119
4,0.8758758758758759,0.5121550121550121
4,0.8768768768768769,0.5124410124410125
4,0.8778778778778779,0.5127270127270127
4,0.8788788788788788,0.513013013013013
4,0.8798798798798799,0.5132990132990133
4,0.8808808808808809,0.5135850135850136
4,0.8818818818818819,0.5138710138710139
4,0.8828828828828829,0.5141570141570142
4,0.8838838838838838,0.5144430144430144
4,0.8848848848848849,0.5147290147290148
4,0.8858858858858859,0.515015015015015
4,0.8868868868868869,0.5153010153010154
4,0.8878878878878879,0.5155870155870156
4,0.8888888888888888,0.5158730158730159
4,0.8898898898898899,0.5161590161590162
4,0.8908908908908909,0.5164450164450165
4,0.8918918918918919,0.5167310167310167
4,0.8928928928928929,0.5170170170170171
4,0.8938938938938938,0.5173030173030173
4,0.8948948948948949,0.5175890175890177
4,0.8958958958958959,0.5178750178750179
4,0.8968968968968969,0.5181610181610182
4,0.8978978978978979,0.5184470184470185
4,0.8988988988988988,0.5187330187330188
4,0.8998998998998999,0.519019019019019
4,0.9009009009009009,0.5193050193050194
4,0.9019019019019019,0.5195910195910196
4,0.9029029029029029,0.51987701987702
4,0.9039039039039038,0.5201630201630202
4,0.9049049049049049,0.5204490204490205
4,0.9059059059059059,0.5207350207350208
4,0.9069069069069069,0.5210210210210211
4,0.9079079079079079,0.5213070213070213
4,0.9089089089089089,0.5215930215930216
4,0.9099099099099099,0.5218790218790219
4,0.9109109109109109,0.5221650221650223
4,0.9119119119119119,0.5224510224510225
4,0.9129129129129129,0.5227370227370227
4,0.9139139139139139,0.5230230230230231
4,0.914914914914915,0.5233090233090234
4,0.9159159159159159,0.5235950235950236
4,0.9169169169169169,0.4783261522391957
4,0.9179179179179179,0.47858728293510905
4,0.9189189189189189,0.4788484136310223
4,0.91991991991992,0.47910954432693564
4,0.9209209209209209,0.47937067502284897
4,0.9219219219219219,0.47963180571876224
4,0.9229229229229229,0.47989293641467556
4,0.9239239239239239,0.48015406711058883
4,0.924924924924925,0.48041519780650216
4,0.9259259259259259,0.4806763285024155
4,0.9269269269269269,0.48093745919832875
4,0.9279279279279279,0.4811985898942421
4,0.9289289289289289,0.4814597205901554
4,0.92992992992993,0.48172085128606873
4,0.9309309309309309,0.481981981981982
4,0.9319319319319319,0.4822431126778953
4,0.9329329329329329,0.4825042433738086
4,0.933933933933934,0.4827653740697219
4,0.934934934934935,0.48302650476563525
4,0.9359359359359359,0.4832876354615485
4,0.9369369369369369,0.48354876615746184
4,0.9379379379379379,0.4838098968533751
4,0.938938938938939,0.48407102754928844
4,0.93993993993994,0.48433215824520176
4,0.9409409409409409,0.48459328894111503
4,0.9419419419419419,0.48485441963702836
4,0.9429429429429429,0.4851155503329416
4,0.943943943943944,0.48537668102885495
4,0.944944944944945,0.4856378117247683
4,0.9459459459459459,0.48589894242068155
4,0.9469469469469469,0.48616007311659487
4,0.9479479479479479,0.48642120381250814
4,0.948948948948949,0.48668233450842147
4,0.94994994994995,0.4869434652043348
4,0.950950950950951,0.48720459590024806
4,0.9519519519519519,0.4874657265961614
4,0.9529529529529529,0.48772685729207466
4,0.953953953953954,0.48798798798798804
4,0.954954954954955,0.4882491186839013
4,0.955955955955956,0.48851024937981463
4,0.9569569569569569,0.4887713800757279
4,0.9579579579579579,0.4890325107716412
4,0.958958958958959,0.48929364146755455
4,0.95995995995996,0.4895547721634678
4,0.960960960960961,0.48981590285938115
4,0.9619619619619619,0.4900770335552944
4,0.9629629629629629,0.49033816425120774
4,0.963963963963964,0.49059929494712107
4,0.964964964964965,0.49086042564303434
4,0.965965965965966,0.49112155633894766
4,0.9669669669669669,0.49138268703486093
4,0.9679679679679679,0.49164381773077426
4,0.968968968968969,0.4919049484266876
4,0.96996996996997,0.49216607912260085
4,0.970970970970971,0.4924272098185142
4,0.9719719719719719,0.49268834051442745
4,0.9729729729729729,0.4929494712103408
4,0.973973973973974,0.4932106019062541
4,0.974974974974975,0.49347173260216737
4,0.975975975975976,0.4937328632980807
4,0.9769769769769769,0.493993993993994
4,0.9779779779779779,0.4942551246899073
4,0.978978978978979,0.4945162553858206
4,0.97997997997998,0.49477738608173394
4,0.980980980980981,0.4950385167776472
4,0.9819819819819819,0.49529964747356053
4,0.9829829829829829,0.4955607781694738
4,0.983983983983984,0.49582190886538713
4,0.984984984984985,0.49608303956130045
4,0.985985985985986,0.4963441702572137
4,0.986986986986987,0.49660530095312705
4,0.9879879879879879,0.4968664316490403
4,0.988988988988989,0.49712756234495364
4,0.98998998998999,0.49738869304086697
4,0.990990990990991,0.49764982373678024
4,0.991991991991992,0.49791095443269356
4,0.992992992992993,0.4981720851286069
4,0.993993993993994,0.49843321582452016
4,0.994994994994995,0.4986943465204335
4,0.995995995995996,0.49895547721634675
4,0.996996996996997,0.4992166079122601
4,0.997997997997998,0.4994777386081734
4,0.998998998998999,0.49973886930408673
4,1.0,0.27906976744186046
5,0.0,1.0
5,0.001001001001001001,1.0
5,0.002002002002002002,1.0
5,0.003003003003003003,1.0
5,0.004004004004004004,1.0
5,0.005005005005005005,1.0
5,0.006006006006006006,1.0
5,0.007007007007007007,1.0
5,0.008008008008008008,1.0
5,0.009009009009009009,1.0
5,0.01001001001001001,1.0
5,0.011011011011011011,1.0
5,0.012012012012012012,1.0
5,0.013013013013013013,1.0
5,0.014014014014014014,1.0
5,0.015015015015015015,1.0
5,0.016016016016016016,1.0
5,0.017017017017017015,1.0
5,0.018018018018018018,1.0
5,0.01901901901901902,1.0
5,0.02002002002002002,1.0
5,0.02102102102102102,1.0
5,0.022022022022022022,1.0
5,0.023023023023023025,1.0
5,0.024024024024024024,1.0
5,0.025025025025025023,1.0
5,0.026026026026026026,1.0
5,0.02702702702702703,1.0
5,0.028028028028028028,1.0
5,0.029029029029029027,1.0
5,0.03003003003003003,1.0
5,0.031031031031031032,1.0
5,0.03203203203203203,1.0
5,0.03303303303303303,1.0
5,0.03403403403403403,1.0
5,0.035035035035035036,1.0
5,0.036036036036036036,1.0
5,0.037037037037037035,1.0
5,0.03803803803803804,1.0
5,0.03903903903903904,1.0
5,0.04004004004004004,1.0
5,0.04104104104104104,1.0
5,0.04204204204204204,1.0
5,0.043043043043043044,1.0
5,0.044044044044044044,1.0
5,0.04504504504504504,1.0
5,0.04604604604604605,1.0
5,0.04704704704704705,1.0
5,0.04804804804804805,1.0
5,0.04904904904904905,1.0
5,0.050050050050050046,1.0
5,0.05105105105105105,1.0
5,0.05205205205205205,1.0
5,0.05305305305305305,1.0
5,0.05405405405405406,1.0
5,0.055055055055055056,1.0
5,0.056056056056056056,1.0
5,0.057057057057057055,1.0
5,0.058058058058058054,1.0
5,0.05905905905905906,1.0
5,0.06006006006006006,1.0
5,0.06106106106106106,1.0
5,0.062062062062062065,1.0
5,0.06306306306306306,1.0
5,0.06406406406406406,1.0
5,0.06506506506506507,1.0
5,0.06606606606606606,1.0
5,0.06706706706706707,1.0
5,0.06806806806806806,1.0
5,0.06906906906906907,1.0
5,0.07007007007007007,1.0
5,0.07107107107107107,1.0
5,0.07207207207207207,1.0
5,0.07307307307307308,1.0
5,0.07407407407407407,1.0
5,0.07507507507507508,1.0
5,0.07607607607607608,1.0
5,0.07707707707707707,1.0
5,0.07807807807807808,1.0
5,0.07907907907907907,1.0
5,0.08008008008008008,1.0
5,0.08108108108108109,1.0
5,0.08208208208208208,1.0
5,0.08308308308308308,1.0
5,0.08408408408408408,1.0
5,0.08508508508508508,1.0
5,0.08608608608608609,1.0
5,0.08708708708708708,1.0
5,0.08808808808808809,1.0
5,0.0890890890890891,1.0
5,0.09009009009009009,1.0
5,0.09109109109109109,1.0
5,0.0920920920920921,1.0
5,0.09309309309309309,1.0
5,0.0940940940940941,1.0
5,0.09509509509509509,1.0
5,0.0960960960960961,1.0
5,0.0970970970970971,1.0
5,0.0980980980980981,1.0
5,0.0990990990990991,1.0
5,0.10010010010010009,1.0
5,0.1011011011011011,1.0
5,0.1021021021021021,1.0
5,0.1031031031031031,1.0
5,0.1041041041041041,1.0
5,0.10510510510510511,1.0
5,0.1061061061061061,1.0
5,0.10710710710710711,1.0
5,0.10810810810810811,1.0
5,0.1091091091091091,1.0
5,0.11011011011011011,1.0
5,0.1111111111111111,1.0
5,0.11211211211211211,1.0
5,0.11311311311311312,1.0
5,0.11411411411411411,1.0
5,0.11511511511511512,1.0
5,0.11611611611611611,1.0
5,0.11711711711711711,1.0
5,0.11811811811811812,1.0
5,0.11911911911911911,1.0
5,0.12012012012012012,1.0
5,0.12112112112112113,1.0
5,0.12212212212212212,1.0
5,0.12312312312312312,1.0
5,0.12412412412412413,1.0
5,0.12512512512512514,1.0
5,0.12612612612612611,1.0
5,0.12712712712712712,1.0
5,0.12812812812812813,1.0
5,0.12912912912912913,1.0
5,0.13013013013013014,1.0
5,0.13113113113113112,1.0
5,0.13213213213213212,1.0
5,0.13313313313313313,1.0
5,0.13413413413413414,1.0
5,0.13513513513513514,1.0
5,0.13613613613613612,1.0
5,0.13713713713713713,1.0
5,0.13813813813813813,1.0
5,0.13913913913913914,1.0
5,0.14014014014014015,1.0
5,0.14114114114114115,1.0
5,0.14214214214214213,1.0
5,0.14314314314314314,1.0
5,0.14414414414414414,1.0
5,0.14514514514514515,1.0
5,0.14614614614614616,1.0
5,0.14714714714714713,1.0
5,0.14814814814814814,1.0
5,0.14914914914914915,1.0
5,0.15015015015015015,1.0
5,0.15115115115115116,1.0
5,0.15215215215215216,1.0
5,0.15315315315315314,1.0
5,0.15415415415415415,1.0
5,0.15515515515515516,1.0
5,0.15615615615615616,1.0
5,0.15715715715715717,1.0
5,0.15815815815815815,1.0
5,0.15915915915915915,1.0
5,0.16016016016016016,1.0
5,0.16116116116116116,1.0
5,0.16216216216216217,1.0
5,0.16316316316316315,1.0
5,0.16416416416416416,1.0
5,0.16516516516516516,1.0
5,0.16616616616616617,1.0
5,0.16716716716716717,1.0
5,0.16816816816816815,1.0
5,0.16916916916916916,1.0
5,0.17017017017017017,1.0
5,0.17117117117117117,1.0
5,0.17217217217217218,1.0
5,0.17317317317317318,1.0
5,0.17417417417417416,1.0
5,0.17517517517517517,1.0
5,0.17617617617617617,1.0
5,0.17717717717717718,1.0
5,0.1781781781781782,1.0
5,0.17917917917917917,1.0
5,0.18018018018018017,1.0
5,0.18118118118118118,1.0
5,0.18218218218218218,1.0
5,0.1831831831831832,1.0
5,0.1841841841841842,1.0
5,0.18518518518518517,1.0
5,0.18618618618618618,1.0
5,0.1871871871871872,1.0
5,0.1881881881881882,1.0
5,0.1891891891891892,1.0
5,0.19019019019019018,1.0
5,0.19119119119119118,1.0
5,0.1921921921921922,1.0
5,0.1931931931931932,1.0
5,0.1941941941941942,1.0
5,0.19519519519519518,1.0
5,0.1961961961961962,1.0
5,0.1971971971971972,1.0
5,0.1981981981981982,1.0
5,0.1991991991991992,1.0
5,0.20020020020020018,1.0
5,0.2012012012012012,1.0
5,0.2022022022022022,1.0
5,0.2032032032032032,1.0
5,0.2042042042042042,1.0
5,0.20520520520520522,1.0
5,0.2062062062062062,1.0
5,0.2072072072072072,1.0
5,0.2082082082082082,1.0
5,0.2092092092092092,1.0
5,0.21021021021021022,1.0
5,0.2112112112112112,1.0
5,0.2122122122122122,1.0
5,0.2132132132132132,1.0
5,0.21421421421421422,1.0
5,0.21521521521521522,1.0
5,0.21621621621621623,1.0
5,0.2172172172172172,1.0
5,0.2182182182182182,1.0
5,0.21921921921921922,1.0
5,0.22022022022022023,1.0
5,0.22122122122122123,1.0
5,0.2222222222222222,1.0
5,0.22322322322322322,1.0
5,0.22422422422422422,1.0
5,0.22522522522522523,1.0
5,0.22622622622622623,1.0
5,0.2272272272272272,1.0
5,0.22822822822822822,1.0
5,0.22922922922922923,1.0
5,0.23023023023023023,1.0
5,0.23123123123123124,1.0
5,0.23223223223223222,1.0
5,0.23323323323323322,1.0
5,0.23423423423423423,1.0
5,0.23523523523523523,1.0
5,0.23623623623623624,1.0
5,0.23723723723723725,1.0
5,0.23823823823823823,1.0
5,0.23923923923923923,1.0
5,0.24024024024024024,1.0
5,0.24124124124124124,1.0
5,0.24224224224224225,1.0
5,0.24324324324324323,1.0
5,0.24424424424424424,1.0
5,0.24524524524524524,1.0
5,0.24624624624624625,1.0
5,0.24724724724724725,1.0
5,0.24824824824824826,1.0
5,0.24924924924924924,1.0
5,0.2502502502502503,0.7501501501501502
5,0.25125125125125125,0.7507507507507507
5,0.25225225225225223,0.7513513513513513
5,0.25325325325325326,0.751951951951952
5,0.25425425425425424,0.7525525525525526
5,0.2552552552552553,0.7531531531531531
5,0.25625625625625625,0.7537537537537538
5,0.25725725725725723,0.7543543543543544
5,0.25825825825825827,0.754954954954955
5,0.25925925925925924,0.7555555555555555
5,0.2602602602602603,0.7561561561561562
5,0.26126126126126126,0.7567567567567568
5,0.26226226226226224,0.7573573573573573
5,0.26326326326326327,0.757957957957958
5,0.26426426426426425,0.7585585585585586
5,0.2652652652652653,0.7591591591591592
5,0.26626626626626626,0.7597597597597597
5,0.26726726726726724,0.7603603603603604
5,0.2682682682682683,0.760960960960961
5,0.26926926926926925,0.7615615615615615
5,0.2702702702702703,0.7621621621621621
5,0.27127127127127126,0.7627627627627628
5,0.27227227227227224,0.7633633633633634
5,0.2732732732732733,0.7639639639639639
5,0.27427427427427425,0.7645645645645646
5,0.2752752752752753,0.7651651651651652
5,0.27627627627627627,0.7657657657657658
5,0.2772772772772773,0.7663663663663663
5,0.2782782782782783,0.766966966966967
5,0.27927927927927926,0.7675675675675676
5,0.2802802802802803,0.7681681681681682
5,0.28128128128128127,0.7687687687687688
5,0.2822822822822823,0.7693693693693694
5,0.2832832832832833,0.76996996996997
5,0.28428428428428426,0.7705705705705705
5,0.2852852852852853,0.7711711711711712
5,0.2862862862862863,0.7717717717717718
5,0.2872872872872873,0.7723723723723724
5,0.2882882882882883,0.772972972972973
5,0.28928928928928926,0.7735735735735736
5,0.2902902902902903,0.7741741741741742
5,0.2912912912912913,0.7747747747747747
5,0.2922922922922923,0.7753753753753754
5,0.2932932932932933,0.775975975975976
5,0.29429429429429427,0.7765765765765766
5,0.2952952952952953,0.7771771771771772
5,0.2962962962962963,0.7777777777777778
5,0.2972972972972973,0.7783783783783784
5,0.2982982982982983,0.778978978978979
5,0.29929929929929927,0.7795795795795796
5,0.3003003003003003,0.7801801801801802
5,0.3013013013013013,0.7807807807807808
5,0.3023023023023023,0.7813813813813815
5,0.3033033033033033,0.781981981981982
5,0.30430430430430433,0.7825825825825826
5,0.3053053053053053,0.7831831831831833
5,0.3063063063063063,0.7837837837837838
5,0.3073073073073073,0.7843843843843844
5,0.3083083083083083,0.784984984984985
5,0.30930930930930933,0.7855855855855857
5,0.3103103103103103,0.7861861861861862
5,0.3113113113113113,0.7867867867867868
5,0.3123123123123123,0.7873873873873874
5,0.3133133133133133,0.787987987987988
5,0.31431431431431434,0.7885885885885886
5,0.3153153153153153,0.7891891891891892
5,0.3163163163163163,0.7897897897897899
5,0.3173173173173173,0.7903903903903904
5,0.3183183183183183,0.790990990990991
5,0.31931931931931934,0.7915915915915916
5,0.3203203203203203,0.7921921921921923
5,0.3213213213213213,0.7927927927927928
5,0.32232232232232233,0.7933933933933934
5,0.3233233233233233,0.7939939939939941
5,0.32432432432432434,0.7945945945945947
5,0.3253253253253253,0.7951951951951952
5,0.3263263263263263,0.7957957957957958
5,0.32732732732732733,0.7963963963963965
5,0.3283283283283283,0.796996996996997
5,0.32932932932932935,0.7975975975975976
5,0.3303303303303303,0.7981981981981983
5,0.3313313313313313,0.7987987987987988
5,0.33233233233233234,0.7993993993993994
5,0.3333333333333333,0.8
5,0.33433433433433435,0.8004004004004005
5,0.3353353353353353,0.8008008008008008
5,0.3363363363363363,0.8012012012012012
5,0.33733733733733734,0.8016016016016017
5,0.3383383383383383,0.802002002002002
5,0.33933933933933935,0.8024024024024025
5,0.34034034034034033,0.8028028028028028
5,0.34134134134134136,0.8032032032032033
5,0.34234234234234234,0.8036036036036036
5,0.3433433433433433,0.8040040040040041
5,0.34434434434434436,0.8044044044044044
5,0.34534534534534533,0.8048048048048049
5,0.34634634634634637,0.8052052052052052
5,0.34734734734734735,0.8056056056056057
5,0.3483483483483483,0.806006006006006
5,0.34934934934934936,0.8064064064064065
5,0.35035035035035034,0.8068068068068068
5,0.35135135135135137,0.8072072072072073
5,0.35235235235235235,0.8076076076076076
5,0.3533533533533533,0.8080080080080081
5,0.35435435435435436,0.8084084084084084
5,0.35535535535535534,0.8088088088088089
5,0.3563563563563564,0.8092092092092092
5,0.35735735735735735,0.8096096096096097
5,0.35835835835835833,0.81001001001001
5,0.35935935935935936,0.8104104104104105
5,0.36036036036036034,0.8108108108108109
5,0.3613613613613614,0.8112112112112113
5,0.36236236236236236,0.8116116116116117
5,0.36336336336336333,0.812012012012012
5,0.36436436436436437,0.8124124124124125
5,0.36536536536536535,0.8128128128128128
5,0.3663663663663664,0.8132132132132133
5,0.36736736736736736,0.8136136136136136
5,0.3683683683683684,0.8140140140140141
5,0.36936936936936937,0.8144144144144144
5,0.37037037037037035,0.8148148148148149
5,0.3713713713713714,0.8152152152152152
5,0.37237237237237236,0.8156156156156157
5,0.3733733733733734,0.816016016016016
5,0.3743743743743744,0.8164164164164165
5,0.37537537537537535,0.8168168168168168
5,0.3763763763763764,0.8172172172172173
5,0.37737737737737737,0.8176176176176176
5,0.3783783783783784,0.8180180180180181
5,0.3793793793793794,0.8184184184184184
5,0.38038038038038036,0.8188188188188188
5,0.3813813813813814,0.8192192192192193
5,0.38238238238238237,0.8196196196196197
5,0.3833833833833834,0.8200200200200201
5,0.3843843843843844,0.8204204204204204
5,0.38538538538538536,0.8208208208208209
5,0.3863863863863864,0.8212212212212212
5,0.38738738738738737,0.8216216216216217
5,0.3883883883883884,0.822022022022022
5,0.3893893893893894,0.8224224224224225
5,0.39039039039039036,0.8228228228228228
5,0.3913913913913914,0.8232232232232233
5,0.3923923923923924,0.8236236236236236
5,0.3933933933933934,0.8240240240240241
5,0.3943943943943944,0.8244244244244244
5,0.39539539539539537,0.8248248248248249
5,0.3963963963963964,0.8252252252252252
5,0.3973973973973974,0.8256256256256257
5,0.3983983983983984,0.826026026026026
5,0.3993993993993994,0.8264264264264265
5,0.40040040040040037,0.8268268268268268
5,0.4014014014014014,0.8272272272272273
5,0.4024024024024024,0.8276276276276276
5,0.4034034034034034,0.8280280280280281
5,0.4044044044044044,0.8284284284284285
5,0.40540540540540543,0.8288288288288289
5,0.4064064064064064,0.8292292292292293
5,0.4074074074074074,0.8296296296296296
5,0.4084084084084084,0.8300300300300301
5,0.4094094094094094,0.8304304304304304
5,0.41041041041041043,0.8308308308308309
5,0.4114114114114114,0.8312312312312312
5,0.4124124124124124,0.8316316316316317
5,0.4134134134134134,0.832032032032032
5,0.4144144144144144,0.8324324324324325
5,0.41541541541541543,0.8328328328328328
5,0.4164164164164164,0.8332332332332333
5,0.4174174174174174,0.8335478335478336
5,0.4184184184184184,0.8338338338338339
5,0.4194194194194194,0.8341198341198341
5,0.42042042042042044,0.8344058344058345
5,0.4214214214214214,0.8346918346918347
5,0.4224224224224224,0.834977834977835
5,0.42342342342342343,0.8352638352638353
5,0.4244244244244244,0.8355498355498355
5,0.42542542542542544,0.8358358358358359
5,0.4264264264264264,0.8361218361218361
5,0.4274274274274274,0.8364078364078364
5,0.42842842842842843,0.8366938366938367
5,0.4294294294294294,0.836979836979837
5,0.43043043043043044,0.8372658372658373
5,0.4314314314314314,0.8375518375518376
5,0.43243243243243246,0.8378378378378378
5,0.43343343343343343,0.8381238381238382
5,0.4344344344344344,0.8384098384098384
5,0.43543543543543545,0.8386958386958387
5,0.4364364364364364,0.838981838981839
5,0.43743743743743746,0.8392678392678393
5,0.43843843843843844,0.8395538395538396
5,0.4394394394394394,0.8398398398398399
5,0.44044044044044045,0.8401258401258401
5,0.44144144144144143,0.8404118404118404
5,0.44244244244244246,0.8406978406978407
5,0.44344344344344344,0.8409838409838409
5,0.4444444444444444,0.8412698412698413
5,0.44544544544544545,0.8415558415558415
5,0.44644644644644643,0.8418418418418419
5,0.44744744744744747,0.8421278421278421
5,0.44844844844844844,0.8424138424138424
5,0.4494494494494494,0.8426998426998427
5,0.45045045045045046,0.842985842985843
5,0.45145145145145144,0.8432718432718432
5,0.45245245245245247,0.8435578435578436
5,0.45345345345345345,0.8438438438438438
5,0.4544544544544544,0.8441298441298442
5,0.45545545545545546,0.8444158444158444
5,0.45645645645645644,0.8447018447018447
5,0.4574574574574575,0.844987844987845
5,0.45845845845845845,0.8452738452738453
5,0.45945945945945943,0.8455598455598455
5,0.46046046046046046,0.8458458458458459
5,0.46146146146146144,0.8461318461318461
5,0.4624624624624625,0.8464178464178465
5,0.46346346346346345,0.8467038467038467
5,0.46446446446446443,0.8469898469898469
5,0.46546546546546547,0.8472758472758473
5,0.46646646646646645,0.8475618475618475
5,0.4674674674674675,0.8478478478478478
5,0.46846846846846846,0.8481338481338481
5,0.4694694694694695,0.8484198484198484
5,0.47047047047047047,0.8487058487058486
5,0.47147147147147145,0.848991848991849
5,0.4724724724724725,0.8492778492778492
5,0.47347347347347346,0.8495638495638496
5,0.4744744744744745,0.8498498498498498
5,0.4754754754754755,0.8501358501358501
5,0.47647647647647645,0.8504218504218504
5,0.4774774774774775,0.8507078507078507
5,0.47847847847847846,0.8509938509938509
5,0.4794794794794795,0.8512798512798513
5,0.4804804804804805,0.8515658515658515
5,0.48148148148148145,0.8518518518518519
5,0.4824824824824825,0.8521378521378521
5,0.48348348348348347,0.8524238524238524
5,0.4844844844844845,0.8527098527098527
5,0.4854854854854855,0.852995852995853
5,0.48648648648648646,0.8532818532818532
5,0.4874874874874875,0.8535678535678536
5,0.48848848848848847,0.8538538538538538
5,0.4894894894894895,0.8541398541398542
5,0.4904904904904905,0.8544258544258544
5,0.49149149149149146,0.8547118547118546
5,0.4924924924924925,0.854997854997855
5,0.4934934934934935,0.8552838552838552
5,0.4944944944944945,0.8555698555698555
5,0.4954954954954955,0.8558558558558558
5,0.4964964964964965,0.8561418561418561
5,0.4974974974974975,0.8564278564278563
5,0.4984984984984985,0.8567138567138567
5,0.4994994994994995,0.8569998569998569
5,0.5005005005005005,0.8572501072501072
5,0.5015015015015015,0.8574646074646074
5,0.5025025025025025,0.8576791076791076
5,0.5035035035035035,0.8578936078936078
5,0.5045045045045045,0.858108108108108
5,0.5055055055055055,0.8583226083226083
5,0.5065065065065065,0.8585371085371085
5,0.5075075075075075,0.8587516087516087
5,0.5085085085085085,0.8589661089661089
5,0.5095095095095095,0.8591806091806091
5,0.5105105105105106,0.8593951093951093
5,0.5115115115115115,0.8596096096096095
5,0.5125125125125125,0.8598241098241097
5,0.5135135135135135,0.86003861003861
5,0.5145145145145145,0.8602531102531102
5,0.5155155155155156,0.8604676104676104
5,0.5165165165165165,0.8606821106821106
5,0.5175175175175175,0.8608966108966108
5,0.5185185185185185,0.861111111111111
5,0.5195195195195195,0.8613256113256113
5,0.5205205205205206,0.8615401115401116
5,0.5215215215215215,0.8617546117546118
5,0.5225225225225225,0.861969111969112
5,0.5235235235235235,0.8621836121836122
5,0.5245245245245245,0.8623981123981124
5,0.5255255255255256,0.8626126126126126
5,0.5265265265265265,0.8628271128271128
5,0.5275275275275275,0.863041613041613
5,0.5285285285285285,0.8632561132561132
5,0.5295295295295295,0.8634706134706134
5,0.5305305305305306,0.8636851136851137
5,0.5315315315315315,0.8638996138996139
5,0.5325325325325325,0.8641141141141141
5,0.5335335335335335,0.8643286143286143
5,0.5345345345345345,0.8645431145431145
5,0.5355355355355356,0.8647576147576147
5,0.5365365365365365,0.8649721149721149
5,0.5375375375375375,0.8651866151866151
5,0.5385385385385385,0.8654011154011154
5,0.5395395395395395,0.8656156156156156
5,0.5405405405405406,0.8658301158301158
5,0.5415415415415415,0.866044616044616
5,0.5425425425425425,0.8662591162591162
5,0.5435435435435435,0.8664736164736164
5,0.5445445445445445,0.8666881166881166
5,0.5455455455455456,0.8669026169026168
5,0.5465465465465466,0.8671171171171171
5,0.5475475475475475,0.8673316173316173
5,0.5485485485485485,0.8675461175461175
5,0.5495495495495496,0.8677606177606177
5,0.5505505505505506,0.867975117975118
5,0.5515515515515516,0.8681896181896182
5,0.5525525525525525,0.8684041184041184
5,0.5535535535535535,0.8686186186186186
5,0.5545545545545546,0.8688331188331189
5,0.5555555555555556,0.8690476190476191
5,0.5565565565565566,0.8692621192621193
5,0.5575575575575575,0.8694766194766195
5,0.5585585585585585,0.8696911196911197
5,0.5595595595595596,0.8699056199056199
5,0.5605605605605606,0.8701201201201201
5,0.5615615615615616,0.8703346203346203
5,0.5625625625625625,0.8705491205491205
5,0.5635635635635635,0.8707636207636207
5,0.5645645645645646,0.870978120978121
5,0.5655655655655656,0.8711926211926212
5,0.5665665665665666,0.8714071214071214
5,0.5675675675675675,0.8716216216216216
5,0.5685685685685685,0.8718361218361218
5,0.5695695695695696,0.872050622050622
5,0.5705705705705706,0.8722651222651222
5,0.5715715715715716,0.8724796224796225
5,0.5725725725725725,0.8726941226941227
5,0.5735735735735735,0.8729086229086229
5,0.5745745745745746,0.8731231231231231
5,0.5755755755755756,0.8733376233376233
5,0.5765765765765766,0.8735521235521235
5,0.5775775775775776,0.8737666237666237
5,0.5785785785785785,0.8739811239811239
5,0.5795795795795796,0.8741956241956242
5,0.5805805805805806,0.8744101244101244
5,0.5815815815815816,0.8746246246246246
5,0.5825825825825826,0.8748391248391248
5,0.5835835835835835,0.7000819000819
5,0.5845845845845846,0.7004095004095003
5,0.5855855855855856,0.7007371007371007
5,0.5865865865865866,0.701064701064701
5,0.5875875875875876,0.7013923013923014
5,0.5885885885885885,0.7017199017199016
5,0.5895895895895896,0.702047502047502
5,0.5905905905905906,0.7023751023751024
5,0.5915915915915916,0.7027027027027026
5,0.5925925925925926,0.703030303030303
5,0.5935935935935935,0.7033579033579033
5,0.5945945945945946,0.7036855036855036
5,0.5955955955955956,0.704013104013104
5,0.5965965965965966,0.7043407043407043
5,0.5975975975975976,0.7046683046683047
5,0.5985985985985985,0.7049959049959049
5,0.5995995995995996,0.7053235053235053
5,0.6006006006006006,0.7056511056511057
5,0.6016016016016016,0.7059787059787059
5,0.6026026026026026,0.7063063063063063
5,0.6036036036036035,0.7066339066339066
5,0.6046046046046046,0.706961506961507
5,0.6056056056056056,0.7072891072891072
5,0.6066066066066066,0.7076167076167076
5,0.6076076076076076,0.7079443079443078
5,0.6086086086086087,0.7082719082719082
5,0.6096096096096096,0.7085995085995086
5,0.6106106106106106,0.7089271089271089
5,0.6116116116116116,0.7092547092547092
5,0.6126126126126126,0.7095823095823095
5,0.6136136136136137,0.7099099099099099
5,0.6146146146146146,0.7102375102375103
5,0.6156156156156156,0.7105651105651105
5,0.6166166166166166,0.7108927108927109
5,0.6176176176176176,0.7112203112203112
5,0.6186186186186187,0.7115479115479115
5,0.6196196196196196,0.7118755118755119
5,0.6206206206206206,0.7122031122031122
5,0.6216216216216216,0.7125307125307125
5,0.6226226226226226,0.7128583128583128
5,0.6236236236236237,0.7131859131859132
5,0.6246246246246246,0.7135135135135136
5,0.6256256256256256,0.7138411138411138
5,0.6266266266266266,0.7141687141687142
5,0.6276276276276276,0.7144963144963145
5,0.6286286286286287,0.7148239148239148
5,0.6296296296296297,0.7151515151515152
5,0.6306306306306306,0.7154791154791155
5,0.6316316316316316,0.7158067158067158
5,0.6326326326326326,0.7161343161343161
5,0.6336336336336337,0.7164619164619165
5,0.6346346346346347,0.7167895167895167
5,0.6356356356356356,0.7171171171171171
5,0.6366366366366366,0.7174447174447174
5,0.6376376376376376,0.7177723177723178
5,0.6386386386386387,0.7180999180999181
5,0.6396396396396397,0.7184275184275184
5,0.6406406406406406,0.7187551187551188
5,0.6416416416416416,0.719082719082719
5,0.6426426426426426,0.7194103194103194
5,0.6436436436436437,0.7197379197379198
5,0.6446446446446447,0.72006552006552
5,0.6456456456456456,0.7203931203931204
5,0.6466466466466466,0.7207207207207207
5,0.6476476476476476,0.7210483210483211
5,0.6486486486486487,0.7213759213759214
5,0.6496496496496497,0.7217035217035217
5,0.6506506506506506,0.7220311220311221
5,0.6516516516516516,0.7223587223587223
5,0.6526526526526526,0.7226863226863227
5,0.6536536536536537,0.7230139230139231
5,0.6546546546546547,0.7233415233415234
5,0.6556556556556556,0.7236691236691237
5,0.6566566566566566,0.723996723996724
5,0.6576576576576576,0.7243243243243244
5,0.6586586586586587,0.7246519246519247
5,0.6596596596596597,0.724979524979525
5,0.6606606606606606,0.7253071253071254
5,0.6616616616616616,0.7256347256347256
5,0.6626626626626626,0.725962325962326
5,0.6636636636636637,0.7262899262899263
5,0.6646646646646647,0.7266175266175267
5,0.6656656656656657,0.7269451269451269
5,0.6666666666666666,0.5333333333333333
5,0.6676676676676676,0.5336836836836837
5,0.6686686686686687,0.534034034034034
5,0.6696696696696697,0.5343843843843844
5,0.6706706706706707,0.5347347347347348
5,0.6716716716716716,0.5350850850850851
5,0.6726726726726726,0.5354354354354354
5,0.6736736736736737,0.5357857857857858
5,0.6746746746746747,0.5361361361361361
5,0.6756756756756757,0.5364864864864864
5,0.6766766766766766,0.5368368368368368
5,0.6776776776776777,0.5371871871871872
5,0.6786786786786787,0.5375375375375375
5,0.6796796796796797,0.5378878878878879
5,0.6806806806806807,0.5382382382382382
5,0.6816816816816816,0.5385885885885886
5,0.6826826826826827,0.538938938938939
5,0.6836836836836837,0.5392892892892893
5,0.6846846846846847,0.5396396396396397
5,0.6856856856856857,0.53998998998999
5,0.6866866866866866,0.5403403403403403
5,0.6876876876876877,0.5406906906906908
5,0.6886886886886887,0.541041041041041
5,0.6896896896896897,0.5413913913913914
5,0.6906906906906907,0.5417417417417417
5,0.6916916916916916,0.5420920920920921
5,0.6926926926926927,0.5424424424424424
5,0.6936936936936937,0.5427927927927928
5,0.6946946946946947,0.5431431431431432
5,0.6956956956956957,0.5434934934934935
5,0.6966966966966966,0.5438438438438439
5,0.6976976976976977,0.5441941941941942
5,0.6986986986986987,0.5445445445445446
5,0.6996996996996997,0.5448948948948948
5,0.7007007007007007,0.5452452452452452
5,0.7017017017017017,0.5455955955955956
5,0.7027027027027027,0.5459459459459459
5,0.7037037037037037,0.5462962962962963
5,0.7047047047047047,0.5466466466466466
5,0.7057057057057057,0.546996996996997
5,0.7067067067067067,0.5473473473473474
5,0.7077077077077077,0.5476976976976977
5,0.7087087087087087,0.5480480480480481
5,0.7097097097097097,0.5483983983983984
5,0.7107107107107107,0.5487487487487488
5,0.7117117117117117,0.549099099099099
5,0.7127127127127127,0.5494494494494495
5,0.7137137137137137,0.5497997997997998
5,0.7147147147147147,0.5501501501501501
5,0.7157157157157157,0.5505005005005005
5,0.7167167167167167,0.5508508508508508
5,0.7177177177177178,0.5512012012012012
5,0.7187187187187187,0.5515515515515516
5,0.7197197197197197,0.5519019019019019
5,0.7207207207207207,0.5522522522522523
5,0.7217217217217217,0.5526026026026026
5,0.7227227227227228,0.552952952952953
5,0.7237237237237237,0.5533033033033034
5,0.7247247247247247,0.5536536536536536
5,0.7257257257257257,0.554004004004004
5,0.7267267267267267,0.5543543543543543
5,0.7277277277277278,0.5547047047047047
5,0.7287287287287287,0.555055055055055
5,0.7297297297297297,0.5554054054054054
5,0.7307307307307307,0.5557557557557558
5,0.7317317317317317,0.5561061061061061
5,0.7327327327327328,0.5564564564564565
5,0.7337337337337337,0.5568068068068068
5,0.7347347347347347,0.5571571571571572
5,0.7357357357357357,0.5575075075075075
5,0.7367367367367368,0.5578578578578579
5,0.7377377377377378,0.5582082082082083
5,0.7387387387387387,0.5585585585585585
5,0.7397397397397397,0.5589089089089089
5,0.7407407407407407,0.5592592592592592
5,0.7417417417417418,0.5596096096096096
5,0.7427427427427428,0.55995995995996
5,0.7437437437437437,0.5603103103103103
5,0.7447447447447447,0.5606606606606607
5,0.7457457457457457,0.561011011011011
5,0.7467467467467468,0.5613613613613614
5,0.7477477477477478,0.5617117117117117
5,0.7487487487487487,0.5620620620620621
5,0.7497497497497497,0.5624124124124124
5,0.7507507507507507,0.3915328371850111
5,0.7517517517517518,0.3918374896635767
5,0.7527527527527528,0.39214214214214216
5,0.7537537537537538,0.3924467946207077
5,0.7547547547547547,0.3927514470992732
5,0.7557557557557557,0.3930560995778387
5,0.7567567567567568,0.39336075205640425
5,0.7577577577577578,0.3936654045349698
5,0.7587587587587588,0.39397005701353527
5,0.7597597597597597,0.3942747094921008
5,0.7607607607607607,0.39457936197066634
5,0.7617617617617618,0.3948840144492319
5,0.7627627627627628,0.39518866692779736
5,0.7637637637637638,0.3954933194063629
5,0.7647647647647647,0.39579797188492843
5,0.7657657657657657,0.3961026243634939
5,0.7667667667667668,0.39640727684205945
5,0.7677677677677678,0.396711929320625
5,0.7687687687687688,0.3970165817991905
5,0.7697697697697697,0.397321234277756
5,0.7707707707707707,0.39762588675632154
5,0.7717717717717718,0.3979305392348871
5,0.7727727727727728,0.3982351917134526
5,0.7737737737737738,0.3985398441920181
5,0.7747747747747747,0.39884449667058364
5,0.7757757757757757,0.3991491491491492
5,0.7767767767767768,0.3994538016277147
5,0.7777777777777778,0.3997584541062802
5,0.7787787787787788,0.40006310658484573
5,0.7797797797797797,0.40036775906341127
5,0.7807807807807807,0.40067241154197675
5,0.7817817817817818,0.4009770640205423
5,0.7827827827827828,0.4012817164991078
5,0.7837837837837838,0.40158636897767336
5,0.7847847847847848,0.40189102145623884
5,0.7857857857857857,0.4021956739348044
5,0.7867867867867868,0.4025003264133699
5,0.7877877877877878,0.40280497889193545
5,0.7887887887887888,0.40310963137050093
5,0.7897897897897898,0.40341428384906647
5,0.7907907907907907,0.40371893632763195
5,0.7917917917917918,0.40402358880619754
5,0.7927927927927928,0.404328241284763
5,0.7937937937937938,0.40463289376332856
5,0.7947947947947948,0.40493754624189404
5,0.7957957957957957,0.4052421987204596
5,0.7967967967967968,0.4055468511990251
5,0.7977977977977978,0.40585150367759065
5,0.7987987987987988,0.4061561561561562
5,0.7997997997997998,0.40646080863472167
5,0.8008008008008007,0.4067654611132872
5,0.8018018018018018,0.40707011359185274
5,0.8028028028028028,0.4073747660704183
5,0.8038038038038038,0.40767941854898376
5,0.8048048048048048,0.4079840710275493
5,0.8058058058058059,0.40828872350611484
5,0.8068068068068068,0.4085933759846804
5,0.8078078078078078,0.40889802846324586
5,0.8088088088088088,0.4092026809418114
5,0.8098098098098098,0.4095073334203769
5,0.8108108108108109,0.40981198589894247
5,0.8118118118118118,0.41011663837750795
5,0.8128128128128128,0.4104212908560735
5,0.8138138138138138,0.41072594333463897
5,0.8148148148148148,0.4110305958132045
5,0.8158158158158159,0.41133524829177004
5,0.8168168168168168,0.4116399007703356
5,0.8178178178178178,0.4119445532489011
5,0.8188188188188188,0.4122492057274666
5,0.8198198198198198,0.41255385820603213
5,0.8208208208208209,0.41285851068459767
5,0.8218218218218218,0.4131631631631632
5,0.8228228228228228,0.4134678156417287
5,0.8238238238238238,0.4137724681202942
5,0.8248248248248248,0.4140771205988597
5,0.8258258258258259,0.4143817730774253
5,0.8268268268268268,0.4146864255559908
5,0.8278278278278278,0.4149910780345563
5,0.8288288288288288,0.4152957305131218
5,0.8298298298298298,0.41560038299168733
5,0.8308308308308309,0.41590503547025287
5,0.8318318318318318,0.4162096879488184
5,0.8328328328328328,0.4165143404273839
5,0.8338338338338338,0.28583345250011916
5,0.8348348348348348,0.286071786071786
5,0.8358358358358359,0.286310119643453
5,0.8368368368368369,0.28654845321511985
5,0.8378378378378378,0.28678678678678676
5,0.8388388388388388,0.2870251203584537
5,0.8398398398398398,0.28726345393012054
5,0.8408408408408409,0.2875017875017875
5,0.8418418418418419,0.28774012107345437
5,0.8428428428428428,0.2879784546451213
5,0.8438438438438438,0.2882167882167882
5,0.8448448448448448,0.2884551217884551
5,0.8458458458458459,0.28869345536012203
5,0.8468468468468469,0.28893178893178895
5,0.8478478478478478,0.2891701225034558
5,0.8488488488488488,0.2894084560751227
5,0.8498498498498498,0.28964678964678964
5,0.8508508508508509,0.28988512321845655
5,0.8518518518518519,0.29012345679012347
5,0.8528528528528528,0.29036179036179033
5,0.8538538538538538,0.29060012393345724
5,0.8548548548548548,0.29083845750512416
5,0.8558558558558559,0.2910767910767911
5,0.8568568568568569,0.291315124648458
5,0.8578578578578578,0.29155345822012485
5,0.8588588588588588,0.29179179179179177
5,0.8598598598598598,0.2920301253634587
5,0.8608608608608609,0.2922684589351256
5,0.8618618618618619,0.2925067925067925
5,0.8628628628628628,0.29274512607845943
5,0.8638638638638638,0.2929834596501263
5,0.8648648648648649,0.2932217932217932
5,0.8658658658658659,0.2934601267934601
5,0.8668668668668669,0.29369846036512703
5,0.8678678678678678,0.29393679393679395
5,0.8688688688688688,0.2941751275084608
5,0.8698698698698699,0.2944134610801278
5,0.8708708708708709,0.29465179465179464
5,0.8718718718718719,0.29489012822346156
5,0.8728728728728729,0.29512846179512847
5,0.8738738738738738,0.2953667953667954
5,0.8748748748748749,0.2956051289384623
5,0.8758758758758759,0.29584346251012916
5,0.8768768768768769,0.2960817960817961
5,0.8778778778778779,0.296320129653463
5,0.8788788788788788,0.2965584632251299
5,0.8798798798798799,0.2967967967967968
5,0.8808808808808809,0.29703513036846374
5,0.8818818818818819,0.2972734639401306
5,0.8828828828828829,0.2975117975117975
5,0.8838838838838838,0.29775013108346443
5,0.8848848848848849,0.29798846465513135
5,0.8858858858858859,0.29822679822679826
5,0.8868868868868869,0.2984651317984651
5,0.8878878878878879,0.29870346537013204
5,0.8888888888888888,0.29894179894179895
5,0.8898898898898899,0.29918013251346587
5,0.8908908908908909,0.2994184660851328
5,0.8918918918918919,0.2996567996567997
5,0.8928928928928929,0.29989513322846656
5,0.8938938938938938,0.3001334668001335
5,0.8948948948948949,0.3003718003718004
5,0.8958958958958959,0.3006101339434673
5,0.8968968968968969,0.3008484675151342
5,0.8978978978978979,0.3010868010868011
5,0.8988988988988988,0.301325134658468
5,0.8998998998998999,0.3015634682301349
5,0.9009009009009009,0.30180180180180183
5,0.9019019019019019,0.30204013537346874
5,0.9029029029029029,0.3022784689451356
5,0.9039039039039038,0.3025168025168025
5,0.9049049049049049,0.30275513608846943
5,0.9059059059059059,0.30299346966013635
5,0.9069069069069069,0.30323180323180327
5,0.9079079079079079,0.3034701368034702
5,0.9089089089089089,0.30370847037513704
5,0.9099099099099099,0.30394680394680396
5,0.9109109109109109,0.30418513751847087
5,0.9119119119119119,0.3044234710901378
5,0.9129129129129129,0.3046618046618047
5,0.9139139139139139,0.30490013823347156
5,0.914914914914915,0.30513847180513853
5,0.9159159159159159,0.3053768053768054
5,0.9169169169169169,0.29735282935851926
5,0.9179179179179179,0.29757495760340713
5,0.9189189189189189,0.29779708584829495
5,0.91991991991992,0.2980192140931828
5,0.9209209209209209,0.29824134233807065
5,0.9219219219219219,0.2984634705829585
5,0.9229229229229229,0.29868559882784634
5,0.9239239239239239,0.2989077270727342
5,0.924924924924925,0.29912985531762204
5,0.9259259259259259,0.2993519835625099
5,0.9269269269269269,0.29957411180739774
5,0.9279279279279279,0.29979624005228556
5,0.9289289289289289,0.30001836829717343
5,0.92992992992993,0.3002404965420613
5,0.9309309309309309,0.30046262478694913
5,0.9319319319319319,0.30068475303183695
5,0.9329329329329329,0.3009068812767248
5,0.933933933933934,0.3011290095216127
5,0.934934934934935,0.3013511377665005
5,0.9359359359359359,0.30157326601138834
5,0.9369369369369369,0.3017953942562762
5,0.9379379379379379,0.30201752250116404
5,0.938938938938939,0.3022396507460519
5,0.93993993993994,0.30246177899093973
5,0.9409409409409409,0.3026839072358276
5,0.9419419419419419,0.30290603548071543
5,0.9429429429429429,0.30312816372560325
5,0.943943943943944,0.3033502919704911
5,0.944944944944945,0.303572420215379
5,0.9459459459459459,0.3037945484602668
5,0.9469469469469469,0.30401667670515464
5,0.9479479479479479,0.3042388049500425
5,0.948948948948949,0.3044609331949304
5,0.94994994994995,0.3046830614398182
5,0.950950950950951,0.30490518968470604
5,0.9519519519519519,0.3051273179295939
5,0.9529529529529529,0.30534944617448173
5,0.953953953953954,0.3055715744193696
5,0.954954954954955,0.3057937026642574
5,0.955955955955956,0.3060158309091453
5,0.9569569569569569,0.3062379591540331
5,0.9579579579579579,0.30646008739892094
5,0.958958958958959,0.3066822156438088
5,0.95995995995996,0.3069043438886967
5,0.960960960960961,0.3071264721335845
5,0.9619619619619619,0.30734860037847234
5,0.9629629629629629,0.3075707286233602
5,0.963963963963964,0.30779285686824803
5,0.964964964964965,0.3080149851131359
5,0.965965965965966,0.30823711335802373
5,0.9669669669669669,0.3084592416029116
5,0.9679679679679679,0.3086813698477994
5,0.968968968968969,0.3089034980926873
5,0.96996996996997,0.3091256263375751
5,0.970970970970971,0.309347754582463
5,0.9719719719719719,0.3095698828273508
5,0.9729729729729729,0.30979201107223864
5,0.973973973973974,0.3100141393171265
5,0.974974974974975,0.31023626756201433
5,0.975975975975976,0.3104583958069022
5,0.9769769769769769,0.31068052405179003
5,0.9779779779779779,0.3109026522966779
5,0.978978978978979,0.3111247805415657
5,0.97997997997998,0.3113469087864536
5,0.980980980980981,0.3115690370313414
5,0.9819819819819819,0.3117911652762293
5,0.9829829829829829,0.3120132935211171
5,0.983983983983984,0.312235421766005
5,0.984984984984985,0.3124575500108928
5,0.985985985985986,0.31267967825578064
5,0.986986986986987,0.3129018065006685
5,0.9879879879879879,0.31312393474555633
5,0.988988988988989,0.3133460629904442
5,0.98998998998999,0.313568191235332
5,0.990990990990991,0.3137903194802199
5,0.991991991991992,0.3140124477251077
5,0.992992992992993,0.3142345759699956
5,0.993993993993994,0.3144567042148834
5,0.994994994994995,0.3146788324597713
5,0.995995995995996,0.3149009607046591
5,0.996996996996997,0.31512308894954694
5,0.997997997997998,0.3153452171944348
5,0.998998998998999,0.3155673454393227
5,1.0,0.27906976744186046
