repeat,recall,precision
1,0.0,1.0
1,0.001001001001001001,1.0
1,0.002002002002002002,1.0
1,0.003003003003003003,1.0
1,0.004004004004004004,1.0
1,0.005005005005005005,1.0
1,0.006006006006006006,1.0
1,0.007007007007007007,1.0
1,0.008008008008008008,1.0
1,0.009009009009009009,1.0
1,0.01001001001001001,1.0
1,0.011011011011011011,1.0
1,0.012012012012012012,1.0
1,0.013013013013013013,1.0
1,0.014014014014014014,1.0
1,0.015015015015015015,1.0
1,0.016016016016016016,1.0
1,0.017017017017017015,1.0
1,0.018018018018018018,1.0
1,0.01901901901901902,1.0
1,0.02002002002002002,1.0
1,0.02102102102102102,1.0
1,0.022022022022022022,1.0
1,0.023023023023023025,1.0
1,0.024024024024024024,1.0
1,0.025025025025025023,1.0
1,0.026026026026026026,1.0
1,0.02702702702702703,1.0
1,0.028028028028028028,1.0
1,0.029029029029029027,1.0
1,0.03003003003003003,1.0
1,0.031031031031031032,1.0
1,0.03203203203203203,1.0
1,0.03303303303303303,1.0
1,0.03403403403403403,1.0
1,0.035035035035035036,1.0
1,0.036036036036036036,1.0
1,0.037037037037037035,1.0
1,0.03803803803803804,1.0
1,0.03903903903903904,1.0
1,0.04004004004004004,1.0
1,0.04104104104104104,1.0
1,0.04204204204204204,1.0
1,0.043043043043043044,1.0
1,0.044044044044044044,1.0
1,0.04504504504504504,1.0
1,0.04604604604604605,1.0
1,0.04704704704704705,1.0
1,0.04804804804804805,1.0
1,0.04904904904904905,1.0
1,0.050050050050050046,1.0
1,0.05105105105105105,1.0
1,0.05205205205205205,1.0
1,0.05305305305305305,1.0
1,0.05405405405405406,1.0
1,0.055055055055055056,1.0
1,0.056056056056056056,1.0
1,0.057057057057057055,1.0
1,0.058058058058058054,1.0
1,0.05905905905905906,1.0
1,0.06006006006006006,1.0
1,0.06106106106106106,1.0
1,0.062062062062062065,1.0
1,0.06306306306306306,1.0
1,0.06406406406406406,1.0
1,0.06506506506506507,1.0
1,0.06606606606606606,1.0
1,0.06706706706706707,1.0
1,0.06806806806806806,1.0
1,0.06906906906906907,1.0
1,0.07007007007007007,1.0
1,0.07107107107107107,1.0
1,0.07207207207207207,1.0
1,0.07307307307307308,1.0
1,0.07407407407407407,1.0
1,0.07507507507507508,1.0
1,0.07607607607607608,1.0
1,0.07707707707707707,1.0
1,0.07807807807807808,1.0
1,0.07907907907907907,1.0
1,0.08008008008008008,1.0
1,0.08108108108108109,1.0
1,0.08208208208208208,1.0
1,0.08308308308308308,1.0
1,0.08408408408408408,0.5015015015015015
1,0.08508508508508508,0.5035035035035035
1,0.08608608608608609,0.5055055055055055
1,0.08708708708708708,0.5075075075075075
1,0.08808808808808809,0.5095095095095095
1,0.0890890890890891,0.5115115115115115
1,0.09009009009009009,0.5135135135135135
1,0.09109109109109109,0.5155155155155156
1,0.0920920920920921,0.5175175175175175
1,0.09309309309309309,0.5195195195195195
1,0.0940940940940941,0.5215215215215215
1,0.09509509509509509,0.5235235235235235
1,0.0960960960960961,0.5255255255255256
1,0.0970970970970971,0.5275275275275275
1,0.0980980980980981,0.5295295295295295
1,0.0990990990990991,0.5315315315315315
1,0.10010010010010009,0.5335335335335335
1,0.1011011011011011,0.5355355355355356
1,0.1021021021021021,0.5375375375375375
1,0.1031031031031031,0.5395395395395395
1,0.1041041041041041,0.5415415415415415
1,0.10510510510510511,0.5435435435435435
1,0.1061061061061061,0.5455455455455456
1,0.10710710710710711,0.5475475475475475
1,0.10810810810810811,0.5495495495495496
1,0.1091091091091091,0.5515515515515516
1,0.11011011011011011,0.5535535535535535
1,0.1111111111111111,0.5555555555555556
1,0.11211211211211211,0.5575575575575575
1,0.11311311311311312,0.5595595595595596
1,0.11411411411411411,0.5615615615615616
1,0.11511511511511512,0.5635635635635635
1,0.11611611611611611,0.5655655655655656
1,0.11711711711711711,0.5675675675675675
1,0.11811811811811812,0.5695695695695696
1,0.11911911911911911,0.5715715715715716
1,0.12012012012012012,0.5735735735735735
1,0.12112112112112113,0.5755755755755756
1,0.12212212212212212,0.5775775775775776
1,0.12312312312312312,0.5795795795795796
1,0.12412412412412413,0.5815815815815816
1,0.12512512512512514,0.5835835835835836
1,0.12612612612612611,0.5855855855855856
1,0.12712712712712712,0.5875875875875876
1,0.12812812812812813,0.5895895895895896
1,0.12912912912912913,0.5915915915915916
1,0.13013013013013014,0.5935935935935936
1,0.13113113113113112,0.5955955955955956
1,0.13213213213213212,0.5975975975975976
1,0.13313313313313313,0.5995995995995995
1,0.13413413413413414,0.6016016016016016
1,0.13513513513513514,0.6036036036036037
1,0.13613613613613612,0.6056056056056056
1,0.13713713713713713,0.6076076076076076
1,0.13813813813813813,0.6096096096096095
1,0.13913913913913914,0.6116116116116116
1,0.14014014014014015,0.6136136136136137
1,0.14114114114114115,0.6156156156156156
1,0.14214214214214213,0.6176176176176176
1,0.14314314314314314,0.6196196196196195
1,0.14414414414414414,0.6216216216216216
1,0.14514514514514515,0.6236236236236237
1,0.14614614614614616,0.6256256256256256
1,0.14714714714714713,0.6276276276276276
1,0.14814814814814814,0.6296296296296295
1,0.14914914914914915,0.6316316316316316
1,0.15015015015015015,0.6336336336336337
1,0.15115115115115116,0.6356356356356356
1,0.15215215215215216,0.6376376376376376
1,0.15315315315315314,0.6396396396396395
1,0.15415415415415415,0.6416416416416416
1,0.15515515515515516,0.6436436436436437
1,0.15615615615615616,0.6456456456456456
1,0.15715715715715717,0.6476476476476476
1,0.15815815815815815,0.6496496496496496
1,0.15915915915915915,0.6516516516516516
1,0.16016016016016016,0.6536536536536537
1,0.16116116116116116,0.6556556556556556
1,0.16216216216216217,0.6576576576576576
1,0.16316316316316315,0.6596596596596596
1,0.16416416416416416,0.6616616616616616
1,0.16516516516516516,0.6636636636636637
1,0.16616616616616617,0.6656656656656657
1,0.16716716716716717,0.6671671671671672
1,0.16816816816816815,0.6681681681681682
1,0.16916916916916916,0.6691691691691691
1,0.17017017017017017,0.6701701701701701
1,0.17117117117117117,0.6711711711711712
1,0.17217217217217218,0.6721721721721722
1,0.17317317317317318,0.6731731731731732
1,0.17417417417417416,0.6741741741741741
1,0.17517517517517517,0.6751751751751751
1,0.17617617617617617,0.6761761761761762
1,0.17717717717717718,0.6771771771771772
1,0.1781781781781782,0.6781781781781782
1,0.17917917917917917,0.6791791791791791
1,0.18018018018018017,0.6801801801801801
1,0.18118118118118118,0.6811811811811812
1,0.18218218218218218,0.6821821821821822
1,0.1831831831831832,0.6831831831831832
1,0.1841841841841842,0.6841841841841841
1,0.18518518518518517,0.6851851851851851
1,0.18618618618618618,0.6861861861861862
1,0.1871871871871872,0.6871871871871872
1,0.1881881881881882,0.6881881881881882
1,0.1891891891891892,0.6891891891891891
1,0.19019019019019018,0.6901901901901901
1,0.19119119119119118,0.6911911911911912
1,0.1921921921921922,0.6921921921921922
1,0.1931931931931932,0.6931931931931932
1,0.1941941941941942,0.6941941941941941
1,0.19519519519519518,0.6951951951951951
1,0.1961961961961962,0.6961961961961962
1,0.1971971971971972,0.6971971971971972
1,0.1981981981981982,0.6981981981981982
1,0.1991991991991992,0.6991991991991992
1,0.20020020020020018,0.7002002002002001
1,0.2012012012012012,0.7012012012012012
1,0.2022022022022022,0.7022022022022022
1,0.2032032032032032,0.7032032032032032
1,0.2042042042042042,0.7042042042042042
1,0.20520520520520522,0.7052052052052052
1,0.2062062062062062,0.7062062062062062
1,0.2072072072072072,0.7072072072072072
1,0.2082082082082082,0.7082082082082082
1,0.2092092092092092,0.7092092092092092
1,0.21021021021021022,0.7102102102102102
1,0.2112112112112112,0.7112112112112112
1,0.2122122122122122,0.7122122122122122
1,0.2132132132132132,0.7132132132132132
1,0.21421421421421422,0.7142142142142142
1,0.21521521521521522,0.7152152152152152
1,0.21621621621621623,0.7162162162162162
1,0.2172172172172172,0.7172172172172172
1,0.2182182182182182,0.7182182182182182
1,0.21921921921921922,0.7192192192192192
1,0.22022022022022023,0.7202202202202203
1,0.22122122122122123,0.7212212212212212
1,0.2222222222222222,0.7222222222222222
1,0.22322322322322322,0.7232232232232232
1,0.22422422422422422,0.7242242242242242
1,0.22522522522522523,0.7252252252252253
1,0.22622622622622623,0.7262262262262262
1,0.2272272272272272,0.7272272272272272
1,0.22822822822822822,0.7282282282282282
1,0.22922922922922923,0.7292292292292292
1,0.23023023023023023,0.7302302302302303
1,0.23123123123123124,0.7312312312312312
1,0.23223223223223222,0.7322322322322322
1,0.23323323323323322,0.7332332332332332
1,0.23423423423423423,0.7342342342342342
1,0.23523523523523523,0.7352352352352353
1,0.23623623623623624,0.7362362362362362
1,0.23723723723723725,0.7372372372372372
1,0.23823823823823823,0.7382382382382382
1,0.23923923923923923,0.7392392392392392
1,0.24024024024024024,0.7402402402402403
1,0.24124124124124124,0.7412412412412412
1,0.24224224224224225,0.7422422422422422
1,0.24324324324324323,0.7432432432432432
1,0.24424424424424424,0.7442442442442442
1,0.24524524524524524,0.7452452452452453
1,0.24624624624624625,0.7462462462462462
1,0.24724724724724725,0.7472472472472472
1,0.24824824824824826,0.7482482482482482
1,0.24924924924924924,0.7492492492492492
1,0.2502502502502503,0.7501501501501502
1,0.25125125125125125,0.7507507507507507
1,0.25225225225225223,0.7513513513513513
1,0.25325325325325326,0.751951951951952
1,0.25425425425425424,0.7525525525525526
1,0.2552552552552553,0.7531531531531531
1,0.25625625625625625,0.7537537537537538
1,0.25725725725725723,0.7543543543543544
1,0.25825825825825827,0.754954954954955
1,0.25925925925925924,0.7555555555555555
1,0.2602602602602603,0.7561561561561562
1,0.26126126126126126,0.7567567567567568
1,0.26226226226226224,0.7573573573573573
1,0.26326326326326327,0.757957957957958
1,0.26426426426426425,0.7585585585585586
1,0.2652652652652653,0.7591591591591592
1,0.26626626626626626,0.7597597597597597
1,0.26726726726726724,0.7603603603603604
1,0.2682682682682683,0.760960960960961
1,0.26926926926926925,0.7615615615615615
1,0.2702702702702703,0.7621621621621621
1,0.27127127127127126,0.7627627627627628
1,0.27227227227227224,0.7633633633633634
1,0.2732732732732733,0.7639639639639639
1,0.27427427427427425,0.7645645645645646
1,0.2752752752752753,0.7651651651651652
1,0.27627627627627627,0.7657657657657658
1,0.2772772772772773,0.7663663663663663
1,0.2782782782782783,0.766966966966967
1,0.27927927927927926,0.7675675675675676
1,0.2802802802802803,0.7681681681681682
1,0.28128128128128127,0.7687687687687688
1,0.2822822822822823,0.7693693693693694
1,0.2832832832832833,0.76996996996997
1,0.28428428428428426,0.7705705705705705
1,0.2852852852852853,0.7711711711711712
1,0.2862862862862863,0.7717717717717718
1,0.2872872872872873,0.7723723723723724
1,0.2882882882882883,0.772972972972973
1,0.28928928928928926,0.7735735735735736
1,0.2902902902902903,0.7741741741741742
1,0.2912912912912913,0.7747747747747747
1,0.2922922922922923,0.7753753753753754
1,0.2932932932932933,0.775975975975976
1,0.29429429429429427,0.7765765765765766
1,0.2952952952952953,0.7771771771771772
1,0.2962962962962963,0.7777777777777778
1,0.2972972972972973,0.7783783783783784
1,0.2982982982982983,0.778978978978979
1,0.29929929929929927,0.7795795795795796
1,0.3003003003003003,0.7801801801801802
1,0.3013013013013013,0.7807807807807808
1,0.3023023023023023,0.7813813813813815
1,0.3033033033033033,0.781981981981982
1,0.30430430430430433,0.7825825825825826
1,0.3053053053053053,0.7831831831831833
1,0.3063063063063063,0.7837837837837838
1,0.3073073073073073,0.7843843843843844
1,0.3083083083083083,0.784984984984985
1,0.30930930930930933,0.7855855855855857
1,0.3103103103103103,0.7861861861861862
1,0.3113113113113113,0.7867867867867868
1,0.3123123123123123,0.7873873873873874
1,0.3133133133133133,0.787987987987988
1,0.31431431431431434,0.7885885885885886
1,0.3153153153153153,0.7891891891891892
1,0.3163163163163163,0.7897897897897899
1,0.3173173173173173,0.7903903903903904
1,0.3183183183183183,0.790990990990991
1,0.31931931931931934,0.7915915915915916
1,0.3203203203203203,0.7921921921921923
1,0.3213213213213213,0.7927927927927928
1,0.32232232232232233,0.7933933933933934
1,0.3233233233233233,0.7939939939939941
1,0.32432432432432434,0.7945945945945947
1,0.3253253253253253,0.7951951951951952
1,0.3263263263263263,0.7957957957957958
1,0.32732732732732733,0.7963963963963965
1,0.3283283283283283,0.796996996996997
1,0.32932932932932935,0.7975975975975976
1,0.3303303303303303,0.7981981981981983
1,0.3313313313313313,0.7987987987987988
1,0.33233233233233234,0.7993993993993994
1,0.3333333333333333,0.5
1,0.33433433433433435,0.5006673340006673
1,0.3353353353353353,0.5013346680013346
1,0.3363363363363363,0.502002002002002
1,0.33733733733733734,0.5026693360026694
1,0.3383383383383383,0.5033366700033367
1,0.33933933933933935,0.504004004004004
1,0.34034034034034033,0.5046713380046713
1,0.34134134134134136,0.5053386720053387
1,0.34234234234234234,0.506006006006006
1,0.3433433433433433,0.5066733400066733
1,0.34434434434434436,0.5073406740073407
1,0.34534534534534533,0.508008008008008
1,0.34634634634634637,0.5086753420086754
1,0.34734734734734735,0.5093426760093427
1,0.3483483483483483,0.51001001001001
1,0.34934934934934936,0.5106773440106773
1,0.35035035035035034,0.5113446780113446
1,0.35135135135135137,0.5120120120120121
1,0.35235235235235235,0.5126793460126794
1,0.3533533533533533,0.5133466800133467
1,0.35435435435435436,0.514014014014014
1,0.35535535535535534,0.5146813480146814
1,0.3563563563563564,0.5153486820153487
1,0.35735735735735735,0.516016016016016
1,0.35835835835835833,0.5166833500166833
1,0.35935935935935936,0.5173506840173507
1,0.36036036036036034,0.5180180180180181
1,0.3613613613613614,0.5186853520186854
1,0.36236236236236236,0.5193526860193527
1,0.36336336336336333,0.52002002002002
1,0.36436436436436437,0.5206873540206873
1,0.36536536536536535,0.5213546880213547
1,0.3663663663663664,0.5220220220220221
1,0.36736736736736736,0.5226893560226894
1,0.3683683683683684,0.5233566900233567
1,0.36936936936936937,0.524024024024024
1,0.37037037037037035,0.5246913580246914
1,0.3713713713713714,0.5253586920253587
1,0.37237237237237236,0.526026026026026
1,0.3733733733733734,0.5266933600266934
1,0.3743743743743744,0.5273606940273607
1,0.37537537537537535,0.5280280280280281
1,0.3763763763763764,0.5286953620286954
1,0.37737737737737737,0.5293626960293627
1,0.3783783783783784,0.53003003003003
1,0.3793793793793794,0.5306973640306973
1,0.38038038038038036,0.5313646980313647
1,0.3813813813813814,0.5320320320320321
1,0.38238238238238237,0.5326993660326994
1,0.3833833833833834,0.5333667000333667
1,0.3843843843843844,0.534034034034034
1,0.38538538538538536,0.5347013680347014
1,0.3863863863863864,0.5353687020353687
1,0.38738738738738737,0.536036036036036
1,0.3883883883883884,0.5367033700367034
1,0.3893893893893894,0.5373707040373707
1,0.39039039039039036,0.5380380380380381
1,0.3913913913913914,0.5387053720387054
1,0.3923923923923924,0.5393727060393727
1,0.3933933933933934,0.54004004004004
1,0.3943943943943944,0.5407073740407073
1,0.39539539539539537,0.5413747080413747
1,0.3963963963963964,0.5420420420420421
1,0.3973973973973974,0.5427093760427094
1,0.3983983983983984,0.5433767100433767
1,0.3993993993993994,0.544044044044044
1,0.40040040040040037,0.5447113780447114
1,0.4014014014014014,0.5453787120453787
1,0.4024024024024024,0.546046046046046
1,0.4034034034034034,0.5467133800467134
1,0.4044044044044044,0.5473807140473808
1,0.40540540540540543,0.5480480480480481
1,0.4064064064064064,0.5487153820487154
1,0.4074074074074074,0.5493827160493827
1,0.4084084084084084,0.55005005005005
1,0.4094094094094094,0.5507173840507174
1,0.41041041041041043,0.5513847180513848
1,0.4114114114114114,0.5520520520520521
1,0.4124124124124124,0.5527193860527194
1,0.4134134134134134,0.5533867200533867
1,0.4144144144144144,0.5540540540540541
1,0.41541541541541543,0.5547213880547214
1,0.4164164164164164,0.5553887220553887
1,0.4174174174174174,0.5559559559559559
1,0.4184184184184184,0.5564898231564899
1,0.4194194194194194,0.5570236903570237
1,0.42042042042042044,0.5575575575575575
1,0.4214214214214214,0.5580914247580915
1,0.4224224224224224,0.5586252919586253
1,0.42342342342342343,0.5591591591591591
1,0.4244244244244244,0.559693026359693
1,0.42542542542542544,0.5602268935602269
1,0.4264264264264264,0.5607607607607608
1,0.4274274274274274,0.5612946279612946
1,0.42842842842842843,0.5618284951618285
1,0.4294294294294294,0.5623623623623624
1,0.43043043043043044,0.5628962295628962
1,0.4314314314314314,0.5634300967634301
1,0.43243243243243246,0.563963963963964
1,0.43343343343343343,0.5644978311644978
1,0.4344344344344344,0.5650316983650316
1,0.43543543543543545,0.5655655655655656
1,0.4364364364364364,0.5660994327660994
1,0.43743743743743746,0.5666332999666334
1,0.43843843843843844,0.5671671671671672
1,0.4394394394394394,0.567701034367701
1,0.44044044044044045,0.5682349015682349
1,0.44144144144144143,0.5687687687687688
1,0.44244244244244246,0.5693026359693026
1,0.44344344344344344,0.5698365031698365
1,0.4444444444444444,0.5703703703703703
1,0.44544544544544545,0.5709042375709042
1,0.44644644644644643,0.5714381047714381
1,0.44744744744744747,0.571971971971972
1,0.44844844844844844,0.5725058391725059
1,0.4494494494494494,0.5730397063730397
1,0.45045045045045046,0.5735735735735735
1,0.45145145145145144,0.5741074407741075
1,0.45245245245245247,0.5746413079746413
1,0.45345345345345345,0.5751751751751751
1,0.4544544544544544,0.575709042375709
1,0.45545545545545546,0.5762429095762429
1,0.45645645645645644,0.5767767767767767
1,0.4574574574574575,0.5773106439773107
1,0.45845845845845845,0.5778445111778445
1,0.45945945945945943,0.5783783783783784
1,0.46046046046046046,0.5789122455789122
1,0.46146146146146144,0.5794461127794461
1,0.4624624624624625,0.57997997997998
1,0.46346346346346345,0.5805138471805138
1,0.46446446446446443,0.5810477143810477
1,0.46546546546546547,0.5815815815815816
1,0.46646646646646645,0.5821154487821154
1,0.4674674674674675,0.5826493159826494
1,0.46846846846846846,0.5831831831831832
1,0.4694694694694695,0.583717050383717
1,0.47047047047047047,0.584250917584251
1,0.47147147147147145,0.5847847847847848
1,0.4724724724724725,0.5853186519853186
1,0.47347347347347346,0.5858525191858525
1,0.4744744744744745,0.5863863863863864
1,0.4754754754754755,0.5869202535869202
1,0.47647647647647645,0.5874541207874541
1,0.4774774774774775,0.587987987987988
1,0.47847847847847846,0.5885218551885218
1,0.4794794794794795,0.5890557223890557
1,0.4804804804804805,0.5895895895895896
1,0.48148148148148145,0.5901234567901235
1,0.4824824824824825,0.5906573239906573
1,0.48348348348348347,0.5911911911911911
1,0.4844844844844845,0.5917250583917251
1,0.4854854854854855,0.5922589255922589
1,0.48648648648648646,0.5927927927927927
1,0.4874874874874875,0.5933266599933267
1,0.48848848848848847,0.5938605271938605
1,0.4894894894894895,0.5943943943943943
1,0.4904904904904905,0.5949282615949283
1,0.49149149149149146,0.5954621287954621
1,0.4924924924924925,0.595995995995996
1,0.4934934934934935,0.5965298631965298
1,0.4944944944944945,0.5970637303970637
1,0.4954954954954955,0.5975975975975976
1,0.4964964964964965,0.5981314647981315
1,0.4974974974974975,0.5986653319986653
1,0.4984984984984985,0.5991991991991992
1,0.4994994994994995,0.599733066399733
1,0.5005005005005005,0.5002310002310002
1,0.5015015015015015,0.5006930006930007
1,0.5025025025025025,0.5011550011550011
1,0.5035035035035035,0.5016170016170016
1,0.5045045045045045,0.502079002079002
1,0.5055055055055055,0.5025410025410025
1,0.5065065065065065,0.503003003003003
1,0.5075075075075075,0.5034650034650034
1,0.5085085085085085,0.503927003927004
1,0.5095095095095095,0.5043890043890044
1,0.5105105105105106,0.5048510048510049
1,0.5115115115115115,0.5053130053130053
1,0.5125125125125125,0.5057750057750058
1,0.5135135135135135,0.5062370062370062
1,0.5145145145145145,0.5066990066990067
1,0.5155155155155156,0.5071610071610072
1,0.5165165165165165,0.5076230076230076
1,0.5175175175175175,0.5080850080850081
1,0.5185185185185185,0.5085470085470085
1,0.5195195195195195,0.509009009009009
1,0.5205205205205206,0.5094710094710094
1,0.5215215215215215,0.5099330099330099
1,0.5225225225225225,0.5103950103950103
1,0.5235235235235235,0.5108570108570109
1,0.5245245245245245,0.5113190113190113
1,0.5255255255255256,0.5117810117810118
1,0.5265265265265265,0.5122430122430123
1,0.5275275275275275,0.5127050127050127
1,0.5285285285285285,0.5131670131670132
1,0.5295295295295295,0.5136290136290136
1,0.5305305305305306,0.5140910140910141
1,0.5315315315315315,0.5145530145530145
1,0.5325325325325325,0.515015015015015
1,0.5335335335335335,0.5154770154770154
1,0.5345345345345345,0.5159390159390159
1,0.5355355355355356,0.5164010164010164
1,0.5365365365365365,0.5168630168630168
1,0.5375375375375375,0.5173250173250173
1,0.5385385385385385,0.5177870177870177
1,0.5395395395395395,0.5182490182490183
1,0.5405405405405406,0.5187110187110187
1,0.5415415415415415,0.5191730191730192
1,0.5425425425425425,0.5196350196350196
1,0.5435435435435435,0.5200970200970201
1,0.5445445445445445,0.5205590205590205
1,0.5455455455455456,0.521021021021021
1,0.5465465465465466,0.5214830214830215
1,0.5475475475475475,0.5219450219450219
1,0.5485485485485485,0.5224070224070224
1,0.5495495495495496,0.5228690228690228
1,0.5505505505505506,0.5233310233310233
1,0.5515515515515516,0.5237930237930237
1,0.5525525525525525,0.5242550242550242
1,0.5535535535535535,0.5247170247170246
1,0.5545545545545546,0.5251790251790251
1,0.5555555555555556,0.5256410256410257
1,0.5565565565565566,0.5261030261030261
1,0.5575575575575575,0.5265650265650266
1,0.5585585585585585,0.527027027027027
1,0.5595595595595596,0.5274890274890275
1,0.5605605605605606,0.5279510279510279
1,0.5615615615615616,0.5284130284130284
1,0.5625625625625625,0.5288750288750288
1,0.5635635635635635,0.5293370293370293
1,0.5645645645645646,0.5297990297990298
1,0.5655655655655656,0.5302610302610302
1,0.5665665665665666,0.5307230307230307
1,0.5675675675675675,0.5311850311850311
1,0.5685685685685685,0.5316470316470316
1,0.5695695695695696,0.532109032109032
1,0.5705705705705706,0.5325710325710326
1,0.5715715715715716,0.533033033033033
1,0.5725725725725725,0.5334950334950335
1,0.5735735735735735,0.5339570339570339
1,0.5745745745745746,0.5344190344190344
1,0.5755755755755756,0.5348810348810349
1,0.5765765765765766,0.5353430353430353
1,0.5775775775775776,0.5358050358050358
1,0.5785785785785785,0.5362670362670362
1,0.5795795795795796,0.5367290367290367
1,0.5805805805805806,0.5371910371910371
1,0.5815815815815816,0.5376530376530376
1,0.5825825825825826,0.538115038115038
1,0.5835835835835835,0.46676676676676676
1,0.5845845845845846,0.46716716716716716
1,0.5855855855855856,0.46756756756756757
1,0.5865865865865866,0.46796796796796797
1,0.5875875875875876,0.46836836836836837
1,0.5885885885885885,0.4687687687687687
1,0.5895895895895896,0.4691691691691692
1,0.5905905905905906,0.4695695695695696
1,0.5915915915915916,0.46996996996997
1,0.5925925925925926,0.4703703703703703
1,0.5935935935935935,0.47077077077077073
1,0.5945945945945946,0.4711711711711712
1,0.5955955955955956,0.4715715715715716
1,0.5965965965965966,0.47197197197197194
1,0.5975975975975976,0.47237237237237234
1,0.5985985985985985,0.47277277277277274
1,0.5995995995995996,0.4731731731731732
1,0.6006006006006006,0.47357357357357355
1,0.6016016016016016,0.47397397397397395
1,0.6026026026026026,0.47437437437437435
1,0.6036036036036035,0.47477477477477475
1,0.6046046046046046,0.47517517517517516
1,0.6056056056056056,0.47557557557557556
1,0.6066066066066066,0.47597597597597596
1,0.6076076076076076,0.47637637637637636
1,0.6086086086086087,0.47677677677677677
1,0.6096096096096096,0.47717717717717717
1,0.6106106106106106,0.47757757757757757
1,0.6116116116116116,0.477977977977978
1,0.6126126126126126,0.4783783783783784
1,0.6136136136136137,0.4787787787787788
1,0.6146146146146146,0.4791791791791792
1,0.6156156156156156,0.4795795795795796
1,0.6166166166166166,0.47997997997998
1,0.6176176176176176,0.4803803803803804
1,0.6186186186186187,0.4807807807807808
1,0.6196196196196196,0.4811811811811812
1,0.6206206206206206,0.4815815815815816
1,0.6216216216216216,0.481981981981982
1,0.6226226226226226,0.48238238238238235
1,0.6236236236236237,0.4827827827827828
1,0.6246246246246246,0.4831831831831832
1,0.6256256256256256,0.4835835835835836
1,0.6266266266266266,0.48398398398398396
1,0.6276276276276276,0.48438438438438436
1,0.6286286286286287,0.4847847847847848
1,0.6296296296296297,0.4851851851851852
1,0.6306306306306306,0.48558558558558557
1,0.6316316316316316,0.48598598598598597
1,0.6326326326326326,0.48638638638638637
1,0.6336336336336337,0.48678678678678683
1,0.6346346346346347,0.4871871871871872
1,0.6356356356356356,0.4875875875875876
1,0.6366366366366366,0.487987987987988
1,0.6376376376376376,0.4883883883883884
1,0.6386386386386387,0.4887887887887888
1,0.6396396396396397,0.4891891891891892
1,0.6406406406406406,0.4895895895895896
1,0.6416416416416416,0.48998998998999
1,0.6426426426426426,0.4903903903903904
1,0.6436436436436437,0.4907907907907908
1,0.6446446446446447,0.4911911911911912
1,0.6456456456456456,0.4915915915915916
1,0.6466466466466466,0.491991991991992
1,0.6476476476476476,0.4923923923923924
1,0.6486486486486487,0.4927927927927928
1,0.6496496496496497,0.4931931931931932
1,0.6506506506506506,0.4935935935935936
1,0.6516516516516516,0.493993993993994
1,0.6526526526526526,0.49439439439439437
1,0.6536536536536537,0.4947947947947948
1,0.6546546546546547,0.4951951951951952
1,0.6556556556556556,0.49559559559559563
1,0.6566566566566566,0.495995995995996
1,0.6576576576576576,0.4963963963963964
1,0.6586586586586587,0.49679679679679684
1,0.6596596596596597,0.49719719719719724
1,0.6606606606606606,0.4975975975975976
1,0.6616616616616616,0.497997997997998
1,0.6626626626626626,0.4983983983983984
1,0.6636636636636637,0.49879879879879885
1,0.6646646646646647,0.4991991991991992
1,0.6656656656656657,0.4995995995995996
1,0.6666666666666666,0.4444444444444444
1,0.6676676676676676,0.44479567286584826
1,0.6686686686686687,0.44514690128725215
1,0.6696696696696697,0.445498129708656
1,0.6706706706706707,0.4458493581300599
1,0.6716716716716716,0.4462005865514637
1,0.6726726726726726,0.44655181497286756
1,0.6736736736736737,0.44690304339427145
1,0.6746746746746747,0.4472542718156753
1,0.6756756756756757,0.4476055002370792
1,0.6766766766766766,0.447956728658483
1,0.6776776776776777,0.4483079570798869
1,0.6786786786786787,0.44865918550129075
1,0.6796796796796797,0.4490104139226946
1,0.6806806806806807,0.4493616423440985
1,0.6816816816816816,0.4497128707655023
1,0.6826826826826827,0.4500640991869062
1,0.6836836836836837,0.45041532760831005
1,0.6846846846846847,0.4507665560297139
1,0.6856856856856857,0.4511177844511178
1,0.6866866866866866,0.4514690128725216
1,0.6876876876876877,0.4518202412939255
1,0.6886886886886887,0.45217146971532934
1,0.6896896896896897,0.4525226981367332
1,0.6906906906906907,0.4528739265581371
1,0.6916916916916916,0.4532251549795409
1,0.6926926926926927,0.4535763834009448
1,0.6936936936936937,0.45392761182234864
1,0.6946946946946947,0.45427884024375254
1,0.6956956956956957,0.4546300686651564
1,0.6966966966966966,0.4549812970865602
1,0.6976976976976977,0.4553325255079641
1,0.6986986986986987,0.45568375392936794
1,0.6996996996996997,0.4560349823507718
1,0.7007007007007007,0.45638621077217567
1,0.7017017017017017,0.4567374391935795
1,0.7027027027027027,0.4570886676149834
1,0.7037037037037037,0.45743989603638724
1,0.7047047047047047,0.45779112445779113
1,0.7057057057057057,0.45814235287919497
1,0.7067067067067067,0.4584935813005988
1,0.7077077077077077,0.4588448097220027
1,0.7087087087087087,0.45919603814340654
1,0.7097097097097097,0.4595472665648104
1,0.7107107107107107,0.45989849498621427
1,0.7117117117117117,0.4602497234076181
1,0.7127127127127127,0.460600951829022
1,0.7137137137137137,0.46095218025042584
1,0.7147147147147147,0.46130340867182973
1,0.7157157157157157,0.46165463709323357
1,0.7167167167167167,0.4620058655146374
1,0.7177177177177178,0.4623570939360413
1,0.7187187187187187,0.46270832235744513
1,0.7197197197197197,0.46305955077884897
1,0.7207207207207207,0.46341077920025286
1,0.7217217217217217,0.4637620076216567
1,0.7227227227227228,0.4641132360430606
1,0.7237237237237237,0.46446446446446443
1,0.7247247247247247,0.4648156928858683
1,0.7257257257257257,0.46516692130727216
1,0.7267267267267267,0.465518149728676
1,0.7277277277277278,0.4658693781500799
1,0.7287287287287287,0.46622060657148373
1,0.7297297297297297,0.46657183499288757
1,0.7307307307307307,0.46692306341429146
1,0.7317317317317317,0.4672742918356953
1,0.7327327327327328,0.4676255202570992
1,0.7337337337337337,0.46797674867850303
1,0.7347347347347347,0.4683279770999069
1,0.7357357357357357,0.46867920552131076
1,0.7367367367367368,0.46903043394271465
1,0.7377377377377378,0.4693816623641185
1,0.7387387387387387,0.46973289078552233
1,0.7397397397397397,0.47008411920692617
1,0.7407407407407407,0.47043534762833006
1,0.7417417417417418,0.47078657604973395
1,0.7427427427427428,0.4711378044711378
1,0.7437437437437437,0.4714890328925416
1,0.7447447447447447,0.4718402613139455
1,0.7457457457457457,0.47219148973534936
1,0.7467467467467468,0.47254271815675325
1,0.7477477477477478,0.4728939465781571
1,0.7487487487487487,0.4732451749995609
1,0.7497497497497497,0.47359640342096476
1,0.7507507507507507,0.47392128971076336
1,0.7517517517517518,0.47423739529002684
1,0.7527527527527528,0.4745535008692903
1,0.7537537537537538,0.4748696064485538
1,0.7547547547547547,0.47518571202781723
1,0.7557557557557557,0.4755018176070807
1,0.7567567567567568,0.47581792318634425
1,0.7577577577577578,0.4761340287656077
1,0.7587587587587588,0.47645013434487116
1,0.7597597597597597,0.47676623992413464
1,0.7607607607607607,0.4770823455033981
1,0.7617617617617618,0.4773984510826616
1,0.7627627627627628,0.4777145566619251
1,0.7637637637637638,0.4780306622411885
1,0.7647647647647647,0.478346767820452
1,0.7657657657657657,0.47866287339971547
1,0.7667667667667668,0.47897897897897895
1,0.7677677677677678,0.47929508455824243
1,0.7687687687687688,0.4796111901375059
1,0.7697697697697697,0.47992729571676934
1,0.7707707707707707,0.4802434012960328
1,0.7717717717717718,0.48055950687529636
1,0.7727727727727728,0.4808756124545598
1,0.7737737737737738,0.48119171803382327
1,0.7747747747747747,0.48150782361308675
1,0.7757757757757757,0.48182392919235023
1,0.7767767767767768,0.4821400347716137
1,0.7777777777777778,0.4824561403508772
1,0.7787787787787788,0.4827722459301406
1,0.7797797797797797,0.4830883515094041
1,0.7807807807807807,0.4834044570886676
1,0.7817817817817818,0.48372056266793106
1,0.7827827827827828,0.48403666824719455
1,0.7837837837837838,0.484352773826458
1,0.7847847847847848,0.48466887940572145
1,0.7857857857857857,0.48498498498498493
1,0.7867867867867868,0.48530109056424847
1,0.7877877877877878,0.4856171961435119
1,0.7887887887887888,0.4859333017227754
1,0.7897897897897898,0.48624940730203886
1,0.7907907907907907,0.48656551288130234
1,0.7917917917917918,0.4868816184605658
1,0.7927927927927928,0.4871977240398293
1,0.7937937937937938,0.48751382961909273
1,0.7947947947947948,0.4878299351983562
1,0.7957957957957957,0.4881460407776197
1,0.7967967967967968,0.4884621463568832
1,0.7977977977977978,0.48877825193614666
1,0.7987987987987988,0.48909435751541014
1,0.7997997997997998,0.48941046309467356
1,0.8008008008008007,0.48972656867393705
1,0.8018018018018018,0.4900426742532006
1,0.8028028028028028,0.490358779832464
1,0.8038038038038038,0.4906748854117275
1,0.8048048048048048,0.49099099099099097
1,0.8058058058058059,0.49130709657025445
1,0.8068068068068068,0.49162320214951793
1,0.8078078078078078,0.4919393077287814
1,0.8088088088088088,0.49225541330804484
1,0.8098098098098098,0.4925715188873083
1,0.8108108108108109,0.49288762446657186
1,0.8118118118118118,0.4932037300458353
1,0.8128128128128128,0.49351983562509877
1,0.8138138138138138,0.49383594120436225
1,0.8148148148148148,0.4941520467836257
1,0.8158158158158159,0.4944681523628892
1,0.8168168168168168,0.4947842579421527
1,0.8178178178178178,0.4951003635214161
1,0.8188188188188188,0.4954164691006796
1,0.8198198198198198,0.4957325746799431
1,0.8208208208208209,0.49604868025920656
1,0.8218218218218218,0.49636478583847005
1,0.8228228228228228,0.4966808914177335
1,0.8238238238238238,0.49699699699699695
1,0.8248248248248248,0.49731310257626044
1,0.8258258258258259,0.4976292081555239
1,0.8268268268268268,0.4979453137347874
1,0.8278278278278278,0.4982614193140509
1,0.8288288288288288,0.49857752489331436
1,0.8298298298298298,0.4988936304725778
1,0.8308308308308309,0.4992097360518413
1,0.8318318318318318,0.4995258416311048
1,0.8328328328328328,0.49984194721036823
1,0.8338338338338338,0.28583345250011916
1,0.8348348348348348,0.286071786071786
1,0.8358358358358359,0.286310119643453
1,0.8368368368368369,0.28654845321511985
1,0.8378378378378378,0.28678678678678676
1,0.8388388388388388,0.2870251203584537
1,0.8398398398398398,0.28726345393012054
1,0.8408408408408409,0.2875017875017875
1,0.8418418418418419,0.28774012107345437
1,0.8428428428428428,0.2879784546451213
1,0.8438438438438438,0.2882167882167882
1,0.8448448448448448,0.2884551217884551
1,0.8458458458458459,0.28869345536012203
1,0.8468468468468469,0.28893178893178895
1,0.8478478478478478,0.2891701225034558
1,0.8488488488488488,0.2894084560751227
1,0.8498498498498498,0.28964678964678964
1,0.8508508508508509,0.28988512321845655
1,0.8518518518518519,0.29012345679012347
1,0.8528528528528528,0.29036179036179033
1,0.8538538538538538,0.29060012393345724
1,0.8548548548548548,0.29083845750512416
1,0.8558558558558559,0.2910767910767911
1,0.8568568568568569,0.291315124648458
1,0.8578578578578578,0.29155345822012485
1,0.8588588588588588,0.29179179179179177
1,0.8598598598598598,0.2920301253634587
1,0.8608608608608609,0.2922684589351256
1,0.8618618618618619,0.2925067925067925
1,0.8628628628628628,0.29274512607845943
1,0.8638638638638638,0.2929834596501263
1,0.8648648648648649,0.2932217932217932
1,0.8658658658658659,0.2934601267934601
1,0.8668668668668669,0.29369846036512703
1,0.8678678678678678,0.29393679393679395
1,0.8688688688688688,0.2941751275084608
1,0.8698698698698699,0.2944134610801278
1,0.8708708708708709,0.29465179465179464
1,0.8718718718718719,0.29489012822346156
1,0.8728728728728729,0.29512846179512847
1,0.8738738738738738,0.2953667953667954
1,0.8748748748748749,0.2956051289384623
1,0.8758758758758759,0.29584346251012916
1,0.8768768768768769,0.2960817960817961
1,0.8778778778778779,0.296320129653463
1,0.8788788788788788,0.2965584632251299
1,0.8798798798798799,0.2967967967967968
1,0.8808808808808809,0.29703513036846374
1,0.8818818818818819,0.2972734639401306
1,0.8828828828828829,0.2975117975117975
1,0.8838838838838838,0.29775013108346443
1,0.8848848848848849,0.29798846465513135
1,0.8858858858858859,0.29822679822679826
1,0.8868868868868869,0.2984651317984651
1,0.8878878878878879,0.29870346537013204
1,0.8888888888888888,0.29894179894179895
1,0.8898898898898899,0.29918013251346587
1,0.8908908908908909,0.2994184660851328
1,0.8918918918918919,0.2996567996567997
1,0.8928928928928929,0.29989513322846656
1,0.8938938938938938,0.3001334668001335
1,0.8948948948948949,0.3003718003718004
1,0.8958958958958959,0.3006101339434673
1,0.8968968968968969,0.3008484675151342
1,0.8978978978978979,0.3010868010868011
1,0.8988988988988988,0.301325134658468
1,0.8998998998998999,0.3015634682301349
1,0.9009009009009009,0.30180180180180183
1,0.9019019019019019,0.30204013537346874
1,0.9029029029029029,0.3022784689451356
1,0.9039039039039038,0.3025168025168025
1,0.9049049049049049,0.30275513608846943
1,0.9059059059059059,0.30299346966013635
1,0.9069069069069069,0.30323180323180327
1,0.9079079079079079,0.3034701368034702
1,0.9089089089089089,0.30370847037513704
1,0.9099099099099099,0.30394680394680396
1,0.9109109109109109,0.30418513751847087
1,0.9119119119119119,0.3044234710901378
1,0.9129129129129129,0.3046618046618047
1,0.9139139139139139,0.30490013823347156
1,0.914914914914915,0.30513847180513853
1,0.9159159159159159,0.3053768053768054
1,0.9169169169169169,0.2821051821051821
1,0.9179179179179179,0.28232078232078234
1,0.9189189189189189,0.2825363825363825
1,0.91991991991992,0.28275198275198277
1,0.9209209209209209,0.28296758296758295
1,0.9219219219219219,0.2831831831831832
1,0.9229229229229229,0.2833987833987834
1,0.9239239239239239,0.2836143836143836
1,0.924924924924925,0.2838299838299838
1,0.9259259259259259,0.28404558404558405
1,0.9269269269269269,0.28426118426118424
1,0.9279279279279279,0.2844767844767845
1,0.9289289289289289,0.28469238469238467
1,0.92992992992993,0.2849079849079849
1,0.9309309309309309,0.2851235851235851
1,0.9319319319319319,0.28533918533918534
1,0.9329329329329329,0.28555478555478553
1,0.933933933933934,0.28577038577038577
1,0.934934934934935,0.285985985985986
1,0.9359359359359359,0.2862015862015862
1,0.9369369369369369,0.2864171864171864
1,0.9379379379379379,0.28663278663278663
1,0.938938938938939,0.28684838684838687
1,0.93993993993994,0.28706398706398706
1,0.9409409409409409,0.2872795872795873
1,0.9419419419419419,0.2874951874951875
1,0.9429429429429429,0.2877107877107877
1,0.943943943943944,0.2879263879263879
1,0.944944944944945,0.28814198814198816
1,0.9459459459459459,0.28835758835758835
1,0.9469469469469469,0.2885731885731886
1,0.9479479479479479,0.2887887887887888
1,0.948948948948949,0.289004389004389
1,0.94994994994995,0.2892199892199892
1,0.950950950950951,0.28943558943558945
1,0.9519519519519519,0.28965118965118963
1,0.9529529529529529,0.2898667898667899
1,0.953953953953954,0.29008239008239006
1,0.954954954954955,0.2902979902979903
1,0.955955955955956,0.2905135905135905
1,0.9569569569569569,0.29072919072919073
1,0.9579579579579579,0.2909447909447909
1,0.958958958958959,0.29116039116039116
1,0.95995995995996,0.29137599137599135
1,0.960960960960961,0.2915915915915916
1,0.9619619619619619,0.2918071918071918
1,0.9629629629629629,0.292022792022792
1,0.963963963963964,0.29223839223839226
1,0.964964964964965,0.29245399245399245
1,0.965965965965966,0.29266959266959264
1,0.9669669669669669,0.2928851928851929
1,0.9679679679679679,0.29310079310079307
1,0.968968968968969,0.2933163933163933
1,0.96996996996997,0.29353199353199355
1,0.970970970970971,0.29374759374759374
1,0.9719719719719719,0.2939631939631939
1,0.9729729729729729,0.29417879417879417
1,0.973973973973974,0.2943943943943944
1,0.974974974974975,0.2946099946099946
1,0.975975975975976,0.29482559482559484
1,0.9769769769769769,0.295041195041195
1,0.9779779779779779,0.2952567952567952
1,0.978978978978979,0.29547239547239545
1,0.97997997997998,0.2956879956879957
1,0.980980980980981,0.2959035959035959
1,0.9819819819819819,0.2961191961191961
1,0.9829829829829829,0.2963347963347963
1,0.983983983983984,0.29655039655039656
1,0.984984984984985,0.29676599676599674
1,0.985985985985986,0.296981596981597
1,0.986986986986987,0.29719719719719717
1,0.9879879879879879,0.2974127974127974
1,0.988988988988989,0.2976283976283976
1,0.98998998998999,0.29784399784399784
1,0.990990990990991,0.29805959805959803
1,0.991991991991992,0.29827519827519827
1,0.992992992992993,0.2984907984907985
1,0.993993993993994,0.2987063987063987
1,0.994994994994995,0.2989219989219989
1,0.995995995995996,0.29913759913759913
1,0.996996996996997,0.2993531993531993
1,0.997997997997998,0.29956879956879956
1,0.998998998998999,0.2997843997843998
1,1.0,0.27906976744186046
2,0.0,1.0
2,0.001001001001001001,1.0
2,0.002002002002002002,1.0
2,0.003003003003003003,1.0
2,0.004004004004004004,1.0
2,0.005005005005005005,1.0
2,0.006006006006006006,1.0
2,0.007007007007007007,1.0
2,0.008008008008008008,1.0
2,0.009009009009009009,1.0
2,0.01001001001001001,1.0
2,0.011011011011011011,1.0
2,0.012012012012012012,1.0
2,0.013013013013013013,1.0
2,0.014014014014014014,1.0
2,0.015015015015015015,1.0
2,0.016016016016016016,1.0
2,0.017017017017017015,1.0
2,0.018018018018018018,1.0
2,0.01901901901901902,1.0
2,0.02002002002002002,1.0
2,0.02102102102102102,1.0
2,0.022022022022022022,1.0
2,0.023023023023023025,1.0
2,0.024024024024024024,1.0
2,0.025025025025025023,1.0
2,0.026026026026026026,1.0
2,0.02702702702702703,1.0
2,0.028028028028028028,1.0
2,0.029029029029029027,1.0
2,0.03003003003003003,1.0
2,0.031031031031031032,1.0
2,0.03203203203203203,1.0
2,0.03303303303303303,1.0
2,0.03403403403403403,1.0
2,0.035035035035035036,1.0
2,0.036036036036036036,1.0
2,0.037037037037037035,1.0
2,0.03803803803803804,1.0
2,0.03903903903903904,1.0
2,0.04004004004004004,1.0
2,0.04104104104104104,1.0
2,0.04204204204204204,1.0
2,0.043043043043043044,1.0
2,0.044044044044044044,1.0
2,0.04504504504504504,1.0
2,0.04604604604604605,1.0
2,0.04704704704704705,1.0
2,0.04804804804804805,1.0
2,0.04904904904904905,1.0
2,0.050050050050050046,1.0
2,0.05105105105105105,1.0
2,0.05205205205205205,1.0
2,0.05305305305305305,1.0
2,0.05405405405405406,1.0
2,0.055055055055055056,1.0
2,0.056056056056056056,1.0
2,0.057057057057057055,1.0
2,0.058058058058058054,1.0
2,0.05905905905905906,1.0
2,0.06006006006006006,1.0
2,0.06106106106106106,1.0
2,0.062062062062062065,1.0
2,0.06306306306306306,1.0
2,0.06406406406406406,1.0
2,0.06506506506506507,1.0
2,0.06606606606606606,1.0
2,0.06706706706706707,1.0
2,0.06806806806806806,1.0
2,0.06906906906906907,1.0
2,0.07007007007007007,1.0
2,0.07107107107107107,1.0
2,0.07207207207207207,1.0
2,0.07307307307307308,1.0
2,0.07407407407407407,1.0
2,0.07507507507507508,1.0
2,0.07607607607607608,1.0
2,0.07707707707707707,1.0
2,0.07807807807807808,1.0
2,0.07907907907907907,1.0
2,0.08008008008008008,1.0
2,0.08108108108108109,1.0
2,0.08208208208208208,1.0
2,0.08308308308308308,1.0
2,0.08408408408408408,1.0
2,0.08508508508508508,1.0
2,0.08608608608608609,1.0
2,0.08708708708708708,1.0
2,0.08808808808808809,1.0
2,0.0890890890890891,1.0
2,0.09009009009009009,1.0
2,0.09109109109109109,1.0
2,0.0920920920920921,1.0
2,0.09309309309309309,1.0
2,0.0940940940940941,1.0
2,0.09509509509509509,1.0
2,0.0960960960960961,1.0
2,0.0970970970970971,1.0
2,0.0980980980980981,1.0
2,0.0990990990990991,1.0
2,0.10010010010010009,1.0
2,0.1011011011011011,1.0
2,0.1021021021021021,1.0
2,0.1031031031031031,1.0
2,0.1041041041041041,1.0
2,0.10510510510510511,1.0
2,0.1061061061061061,1.0
2,0.10710710710710711,1.0
2,0.10810810810810811,1.0
2,0.1091091091091091,1.0
2,0.11011011011011011,1.0
2,0.1111111111111111,1.0
2,0.11211211211211211,1.0
2,0.11311311311311312,1.0
2,0.11411411411411411,1.0
2,0.11511511511511512,1.0
2,0.11611611611611611,1.0
2,0.11711711711711711,1.0
2,0.11811811811811812,1.0
2,0.11911911911911911,1.0
2,0.12012012012012012,1.0
2,0.12112112112112113,1.0
2,0.12212212212212212,1.0
2,0.12312312312312312,1.0
2,0.12412412412412413,1.0
2,0.12512512512512514,1.0
2,0.12612612612612611,1.0
2,0.12712712712712712,1.0
2,0.12812812812812813,1.0
2,0.12912912912912913,1.0
2,0.13013013013013014,1.0
2,0.13113113113113112,1.0
2,0.13213213213213212,1.0
2,0.13313313313313313,1.0
2,0.13413413413413414,1.0
2,0.13513513513513514,1.0
2,0.13613613613613612,1.0
2,0.13713713713713713,1.0
2,0.13813813813813813,1.0
2,0.13913913913913914,1.0
2,0.14014014014014015,1.0
2,0.14114114114114115,1.0
2,0.14214214214214213,1.0
2,0.14314314314314314,1.0
2,0.14414414414414414,1.0
2,0.14514514514514515,1.0
2,0.14614614614614616,1.0
2,0.14714714714714713,1.0
2,0.14814814814814814,1.0
2,0.14914914914914915,1.0
2,0.15015015015015015,1.0
2,0.15115115115115116,1.0
2,0.15215215215215216,1.0
2,0.15315315315315314,1.0
2,0.15415415415415415,1.0
2,0.15515515515515516,1.0
2,0.15615615615615616,1.0
2,0.15715715715715717,1.0
2,0.15815815815815815,1.0
2,0.15915915915915915,1.0
2,0.16016016016016016,1.0
2,0.16116116116116116,1.0
2,0.16216216216216217,1.0
2,0.16316316316316315,1.0
2,0.16416416416416416,1.0
2,0.16516516516516516,1.0
2,0.16616616616616617,1.0
2,0.16716716716716717,1.0
2,0.16816816816816815,1.0
2,0.16916916916916916,1.0
2,0.17017017017017017,1.0
2,0.17117117117117117,1.0
2,0.17217217217217218,1.0
2,0.17317317317317318,1.0
2,0.17417417417417416,1.0
2,0.17517517517517517,1.0
2,0.17617617617617617,1.0
2,0.17717717717717718,1.0
2,0.1781781781781782,1.0
2,0.17917917917917917,1.0
2,0.18018018018018017,1.0
2,0.18118118118118118,1.0
2,0.18218218218218218,1.0
2,0.1831831831831832,1.0
2,0.1841841841841842,1.0
2,0.18518518518518517,1.0
2,0.18618618618618618,1.0
2,0.1871871871871872,1.0
2,0.1881881881881882,1.0
2,0.1891891891891892,1.0
2,0.19019019019019018,1.0
2,0.19119119119119118,1.0
2,0.1921921921921922,1.0
2,0.1931931931931932,1.0
2,0.1941941941941942,1.0
2,0.19519519519519518,1.0
2,0.1961961961961962,1.0
2,0.1971971971971972,1.0
2,0.1981981981981982,1.0
2,0.1991991991991992,1.0
2,0.20020020020020018,1.0
2,0.2012012012012012,1.0
2,0.2022022022022022,1.0
2,0.2032032032032032,1.0
2,0.2042042042042042,1.0
2,0.20520520520520522,1.0
2,0.2062062062062062,1.0
2,0.2072072072072072,1.0
2,0.2082082082082082,1.0
2,0.2092092092092092,1.0
2,0.21021021021021022,1.0
2,0.2112112112112112,1.0
2,0.2122122122122122,1.0
2,0.2132132132132132,1.0
2,0.21421421421421422,1.0
2,0.21521521521521522,1.0
2,0.21621621621621623,1.0
2,0.2172172172172172,1.0
2,0.2182182182182182,1.0
2,0.21921921921921922,1.0
2,0.22022022022022023,1.0
2,0.22122122122122123,1.0
2,0.2222222222222222,1.0
2,0.22322322322322322,1.0
2,0.22422422422422422,1.0
2,0.22522522522522523,1.0
2,0.22622622622622623,1.0
2,0.2272272272272272,1.0
2,0.22822822822822822,1.0
2,0.22922922922922923,1.0
2,0.23023023023023023,1.0
2,0.23123123123123124,1.0
2,0.23223223223223222,1.0
2,0.23323323323323322,1.0
2,0.23423423423423423,1.0
2,0.23523523523523523,1.0
2,0.23623623623623624,1.0
2,0.23723723723723725,1.0
2,0.23823823823823823,1.0
2,0.23923923923923923,1.0
2,0.24024024024024024,1.0
2,0.24124124124124124,1.0
2,0.24224224224224225,1.0
2,0.24324324324324323,1.0
2,0.24424424424424424,1.0
2,0.24524524524524524,1.0
2,0.24624624624624625,1.0
2,0.24724724724724725,1.0
2,0.24824824824824826,1.0
2,0.24924924924924924,1.0
2,0.2502502502502503,1.0
2,0.25125125125125125,1.0
2,0.25225225225225223,1.0
2,0.25325325325325326,1.0
2,0.25425425425425424,1.0
2,0.2552552552552553,1.0
2,0.25625625625625625,1.0
2,0.25725725725725723,1.0
2,0.25825825825825827,1.0
2,0.25925925925925924,1.0
2,0.2602602602602603,1.0
2,0.26126126126126126,1.0
2,0.26226226226226224,1.0
2,0.26326326326326327,1.0
2,0.26426426426426425,1.0
2,0.2652652652652653,1.0
2,0.26626626626626626,1.0
2,0.26726726726726724,1.0
2,0.2682682682682683,1.0
2,0.26926926926926925,1.0
2,0.2702702702702703,1.0
2,0.27127127127127126,1.0
2,0.27227227227227224,1.0
2,0.2732732732732733,1.0
2,0.27427427427427425,1.0
2,0.2752752752752753,1.0
2,0.27627627627627627,1.0
2,0.2772772772772773,1.0
2,0.2782782782782783,1.0
2,0.27927927927927926,1.0
2,0.2802802802802803,1.0
2,0.28128128128128127,1.0
2,0.2822822822822823,1.0
2,0.2832832832832833,1.0
2,0.28428428428428426,1.0
2,0.2852852852852853,1.0
2,0.2862862862862863,1.0
2,0.2872872872872873,1.0
2,0.2882882882882883,1.0
2,0.28928928928928926,1.0
2,0.2902902902902903,1.0
2,0.2912912912912913,1.0
2,0.2922922922922923,1.0
2,0.2932932932932933,1.0
2,0.29429429429429427,1.0
2,0.2952952952952953,1.0
2,0.2962962962962963,1.0
2,0.2972972972972973,1.0
2,0.2982982982982983,1.0
2,0.29929929929929927,1.0
2,0.3003003003003003,1.0
2,0.3013013013013013,1.0
2,0.3023023023023023,1.0
2,0.3033033033033033,1.0
2,0.30430430430430433,1.0
2,0.3053053053053053,1.0
2,0.3063063063063063,1.0
2,0.3073073073073073,1.0
2,0.3083083083083083,1.0
2,0.30930930930930933,1.0
2,0.3103103103103103,1.0
2,0.3113113113113113,1.0
2,0.3123123123123123,1.0
2,0.3133133133133133,1.0
2,0.31431431431431434,1.0
2,0.3153153153153153,1.0
2,0.3163163163163163,1.0
2,0.3173173173173173,1.0
2,0.3183183183183183,1.0
2,0.31931931931931934,1.0
2,0.3203203203203203,1.0
2,0.3213213213213213,1.0
2,0.32232232232232233,1.0
2,0.3233233233233233,1.0
2,0.32432432432432434,1.0
2,0.3253253253253253,1.0
2,0.3263263263263263,1.0
2,0.32732732732732733,1.0
2,0.3283283283283283,1.0
2,0.32932932932932935,1.0
2,0.3303303303303303,1.0
2,0.3313313313313313,1.0
2,0.33233233233233234,1.0
2,0.3333333333333333,1.0
2,0.33433433433433435,1.0
2,0.3353353353353353,1.0
2,0.3363363363363363,1.0
2,0.33733733733733734,1.0
2,0.3383383383383383,1.0
2,0.33933933933933935,1.0
2,0.34034034034034033,1.0
2,0.34134134134134136,1.0
2,0.34234234234234234,1.0
2,0.3433433433433433,1.0
2,0.34434434434434436,1.0
2,0.34534534534534533,1.0
2,0.34634634634634637,1.0
2,0.34734734734734735,1.0
2,0.3483483483483483,1.0
2,0.34934934934934936,1.0
2,0.35035035035035034,1.0
2,0.35135135135135137,1.0
2,0.35235235235235235,1.0
2,0.3533533533533533,1.0
2,0.35435435435435436,1.0
2,0.35535535535535534,1.0
2,0.3563563563563564,1.0
2,0.35735735735735735,1.0
2,0.35835835835835833,1.0
2,0.35935935935935936,1.0
2,0.36036036036036034,1.0
2,0.3613613613613614,1.0
2,0.36236236236236236,1.0
2,0.36336336336336333,1.0
2,0.36436436436436437,1.0
2,0.36536536536536535,1.0
2,0.3663663663663664,1.0
2,0.36736736736736736,1.0
2,0.3683683683683684,1.0
2,0.36936936936936937,1.0
2,0.37037037037037035,1.0
2,0.3713713713713714,1.0
2,0.37237237237237236,1.0
2,0.3733733733733734,1.0
2,0.3743743743743744,1.0
2,0.37537537537537535,1.0
2,0.3763763763763764,1.0
2,0.37737737737737737,1.0
2,0.3783783783783784,1.0
2,0.3793793793793794,1.0
2,0.38038038038038036,1.0
2,0.3813813813813814,1.0
2,0.38238238238238237,1.0
2,0.3833833833833834,1.0
2,0.3843843843843844,1.0
2,0.38538538538538536,1.0
2,0.3863863863863864,1.0
2,0.38738738738738737,1.0
2,0.3883883883883884,1.0
2,0.3893893893893894,1.0
2,0.39039039039039036,1.0
2,0.3913913913913914,1.0
2,0.3923923923923924,1.0
2,0.3933933933933934,1.0
2,0.3943943943943944,1.0
2,0.39539539539539537,1.0
2,0.3963963963963964,1.0
2,0.3973973973973974,1.0
2,0.3983983983983984,1.0
2,0.3993993993993994,1.0
2,0.40040040040040037,1.0
2,0.4014014014014014,1.0
2,0.4024024024024024,1.0
2,0.4034034034034034,1.0
2,0.4044044044044044,1.0
2,0.40540540540540543,1.0
2,0.4064064064064064,1.0
2,0.4074074074074074,1.0
2,0.4084084084084084,1.0
2,0.4094094094094094,1.0
2,0.41041041041041043,1.0
2,0.4114114114114114,1.0
2,0.4124124124124124,1.0
2,0.4134134134134134,1.0
2,0.4144144144144144,1.0
2,0.41541541541541543,1.0
2,0.4164164164164164,1.0
2,0.4174174174174174,0.8335478335478336
2,0.4184184184184184,0.8338338338338339
2,0.4194194194194194,0.8341198341198341
2,0.42042042042042044,0.8344058344058345
2,0.4214214214214214,0.8346918346918347
2,0.4224224224224224,0.834977834977835
2,0.42342342342342343,0.8352638352638353
2,0.4244244244244244,0.8355498355498355
2,0.42542542542542544,0.8358358358358359
2,0.4264264264264264,0.8361218361218361
2,0.4274274274274274,0.8364078364078364
2,0.42842842842842843,0.8366938366938367
2,0.4294294294294294,0.836979836979837
2,0.43043043043043044,0.8372658372658373
2,0.4314314314314314,0.8375518375518376
2,0.43243243243243246,0.8378378378378378
2,0.43343343343343343,0.8381238381238382
2,0.4344344344344344,0.8384098384098384
2,0.43543543543543545,0.8386958386958387
2,0.4364364364364364,0.838981838981839
2,0.43743743743743746,0.8392678392678393
2,0.43843843843843844,0.8395538395538396
2,0.4394394394394394,0.8398398398398399
2,0.44044044044044045,0.8401258401258401
2,0.44144144144144143,0.8404118404118404
2,0.44244244244244246,0.8406978406978407
2,0.44344344344344344,0.8409838409838409
2,0.4444444444444444,0.8412698412698413
2,0.44544544544544545,0.8415558415558415
2,0.44644644644644643,0.8418418418418419
2,0.44744744744744747,0.8421278421278421
2,0.44844844844844844,0.8424138424138424
2,0.4494494494494494,0.8426998426998427
2,0.45045045045045046,0.842985842985843
2,0.45145145145145144,0.8432718432718432
2,0.45245245245245247,0.8435578435578436
2,0.45345345345345345,0.8438438438438438
2,0.4544544544544544,0.8441298441298442
2,0.45545545545545546,0.8444158444158444
2,0.45645645645645644,0.8447018447018447
2,0.4574574574574575,0.844987844987845
2,0.45845845845845845,0.8452738452738453
2,0.45945945945945943,0.8455598455598455
2,0.46046046046046046,0.8458458458458459
2,0.46146146146146144,0.8461318461318461
2,0.4624624624624625,0.8464178464178465
2,0.46346346346346345,0.8467038467038467
2,0.46446446446446443,0.8469898469898469
2,0.46546546546546547,0.8472758472758473
2,0.46646646646646645,0.8475618475618475
2,0.4674674674674675,0.8478478478478478
2,0.46846846846846846,0.8481338481338481
2,0.4694694694694695,0.8484198484198484
2,0.47047047047047047,0.8487058487058486
2,0.47147147147147145,0.848991848991849
2,0.4724724724724725,0.8492778492778492
2,0.47347347347347346,0.8495638495638496
2,0.4744744744744745,0.8498498498498498
2,0.4754754754754755,0.8501358501358501
2,0.47647647647647645,0.8504218504218504
2,0.4774774774774775,0.8507078507078507
2,0.47847847847847846,0.8509938509938509
2,0.4794794794794795,0.8512798512798513
2,0.4804804804804805,0.8515658515658515
2,0.48148148148148145,0.8518518518518519
2,0.4824824824824825,0.8521378521378521
2,0.48348348348348347,0.8524238524238524
2,0.4844844844844845,0.8527098527098527
2,0.4854854854854855,0.852995852995853
2,0.48648648648648646,0.8532818532818532
2,0.4874874874874875,0.8535678535678536
2,0.48848848848848847,0.8538538538538538
2,0.4894894894894895,0.8541398541398542
2,0.4904904904904905,0.8544258544258544
2,0.49149149149149146,0.8547118547118546
2,0.4924924924924925,0.854997854997855
2,0.4934934934934935,0.8552838552838552
2,0.4944944944944945,0.8555698555698555
2,0.4954954954954955,0.8558558558558558
2,0.4964964964964965,0.8561418561418561
2,0.4974974974974975,0.8564278564278563
2,0.4984984984984985,0.8567138567138567
2,0.4994994994994995,0.8569998569998569
2,0.5005005005005005,0.7501668335001669
2,0.5015015015015015,0.7505005005005005
2,0.5025025025025025,0.7508341675008342
2,0.5035035035035035,0.7511678345011679
2,0.5045045045045045,0.7515015015015015
2,0.5055055055055055,0.7518351685018352
2,0.5065065065065065,0.7521688355021688
2,0.5075075075075075,0.7525025025025025
2,0.5085085085085085,0.7528361695028362
2,0.5095095095095095,0.7531698365031698
2,0.5105105105105106,0.7535035035035035
2,0.5115115115115115,0.7538371705038371
2,0.5125125125125125,0.7541708375041708
2,0.5135135135135135,0.7545045045045045
2,0.5145145145145145,0.7548381715048381
2,0.5155155155155156,0.7551718385051719
2,0.5165165165165165,0.7555055055055055
2,0.5175175175175175,0.7558391725058392
2,0.5185185185185185,0.7561728395061729
2,0.5195195195195195,0.7565065065065065
2,0.5205205205205206,0.7568401735068402
2,0.5215215215215215,0.7571738405071738
2,0.5225225225225225,0.7575075075075075
2,0.5235235235235235,0.7578411745078412
2,0.5245245245245245,0.7581748415081748
2,0.5255255255255256,0.7585085085085085
2,0.5265265265265265,0.7588421755088421
2,0.5275275275275275,0.7591758425091758
2,0.5285285285285285,0.7595095095095095
2,0.5295295295295295,0.7598431765098431
2,0.5305305305305306,0.7601768435101769
2,0.5315315315315315,0.7605105105105106
2,0.5325325325325325,0.7608441775108442
2,0.5335335335335335,0.7611778445111779
2,0.5345345345345345,0.7615115115115115
2,0.5355355355355356,0.7618451785118452
2,0.5365365365365365,0.7621788455121788
2,0.5375375375375375,0.7625125125125125
2,0.5385385385385385,0.7628461795128462
2,0.5395395395395395,0.7631798465131798
2,0.5405405405405406,0.7635135135135135
2,0.5415415415415415,0.7638471805138471
2,0.5425425425425425,0.7641808475141808
2,0.5435435435435435,0.7645145145145145
2,0.5445445445445445,0.7648481815148481
2,0.5455455455455456,0.7651818485151819
2,0.5465465465465466,0.7655155155155156
2,0.5475475475475475,0.7658491825158492
2,0.5485485485485485,0.7661828495161829
2,0.5495495495495496,0.7665165165165165
2,0.5505505505505506,0.7668501835168502
2,0.5515515515515516,0.7671838505171839
2,0.5525525525525525,0.7675175175175175
2,0.5535535535535535,0.7678511845178512
2,0.5545545545545546,0.7681848515181848
2,0.5555555555555556,0.7685185185185185
2,0.5565565565565566,0.7688521855188521
2,0.5575575575575575,0.7691858525191858
2,0.5585585585585585,0.7695195195195195
2,0.5595595595595596,0.7698531865198532
2,0.5605605605605606,0.7701868535201869
2,0.5615615615615616,0.7705205205205206
2,0.5625625625625625,0.7708541875208542
2,0.5635635635635635,0.7711878545211879
2,0.5645645645645646,0.7715215215215215
2,0.5655655655655656,0.7718551885218552
2,0.5665665665665666,0.7721888555221889
2,0.5675675675675675,0.7725225225225225
2,0.5685685685685685,0.7728561895228562
2,0.5695695695695696,0.7731898565231898
2,0.5705705705705706,0.7735235235235235
2,0.5715715715715716,0.7738571905238572
2,0.5725725725725725,0.7741908575241908
2,0.5735735735735735,0.7745245245245245
2,0.5745745745745746,0.7748581915248582
2,0.5755755755755756,0.7751918585251919
2,0.5765765765765766,0.7755255255255256
2,0.5775775775775776,0.7758591925258592
2,0.5785785785785785,0.7761928595261929
2,0.5795795795795796,0.7765265265265265
2,0.5805805805805806,0.7768601935268602
2,0.5815815815815816,0.7771938605271939
2,0.5825825825825826,0.7775275275275275
2,0.5835835835835835,0.7778445111778445
2,0.5845845845845846,0.7781114447781114
2,0.5855855855855856,0.7783783783783784
2,0.5865865865865866,0.7786453119786453
2,0.5875875875875876,0.7789122455789123
2,0.5885885885885885,0.7791791791791791
2,0.5895895895895896,0.7794461127794461
2,0.5905905905905906,0.7797130463797131
2,0.5915915915915916,0.77997997997998
2,0.5925925925925926,0.7802469135802469
2,0.5935935935935935,0.7805138471805139
2,0.5945945945945946,0.7807807807807808
2,0.5955955955955956,0.7810477143810477
2,0.5965965965965966,0.7813146479813147
2,0.5975975975975976,0.7815815815815815
2,0.5985985985985985,0.7818485151818485
2,0.5995995995995996,0.7821154487821155
2,0.6006006006006006,0.7823823823823824
2,0.6016016016016016,0.7826493159826493
2,0.6026026026026026,0.7829162495829163
2,0.6036036036036035,0.7831831831831831
2,0.6046046046046046,0.7834501167834501
2,0.6056056056056056,0.7837170503837171
2,0.6066066066066066,0.783983983983984
2,0.6076076076076076,0.7842509175842509
2,0.6086086086086087,0.7845178511845179
2,0.6096096096096096,0.7847847847847849
2,0.6106106106106106,0.7850517183850517
2,0.6116116116116116,0.7853186519853187
2,0.6126126126126126,0.7855855855855856
2,0.6136136136136137,0.7858525191858525
2,0.6146146146146146,0.7861194527861195
2,0.6156156156156156,0.7863863863863864
2,0.6166166166166166,0.7866533199866533
2,0.6176176176176176,0.7869202535869203
2,0.6186186186186187,0.7871871871871873
2,0.6196196196196196,0.7874541207874541
2,0.6206206206206206,0.7877210543877211
2,0.6216216216216216,0.787987987987988
2,0.6226226226226226,0.7882549215882549
2,0.6236236236236237,0.7885218551885219
2,0.6246246246246246,0.7887887887887888
2,0.6256256256256256,0.7890557223890557
2,0.6266266266266266,0.7893226559893227
2,0.6276276276276276,0.7895895895895896
2,0.6286286286286287,0.7898565231898566
2,0.6296296296296297,0.7901234567901235
2,0.6306306306306306,0.7903903903903904
2,0.6316316316316316,0.7906573239906574
2,0.6326326326326326,0.7909242575909243
2,0.6336336336336337,0.7911911911911912
2,0.6346346346346347,0.7914581247914582
2,0.6356356356356356,0.7917250583917251
2,0.6366366366366366,0.791991991991992
2,0.6376376376376376,0.792258925592259
2,0.6386386386386387,0.7925258591925259
2,0.6396396396396397,0.7927927927927928
2,0.6406406406406406,0.7930597263930598
2,0.6416416416416416,0.7933266599933267
2,0.6426426426426426,0.7935935935935936
2,0.6436436436436437,0.7938605271938606
2,0.6446446446446447,0.7941274607941275
2,0.6456456456456456,0.7943943943943944
2,0.6466466466466466,0.7946613279946614
2,0.6476476476476476,0.7949282615949282
2,0.6486486486486487,0.7951951951951952
2,0.6496496496496497,0.7954621287954622
2,0.6506506506506506,0.7957290623957292
2,0.6516516516516516,0.795995995995996
2,0.6526526526526526,0.796262929596263
2,0.6536536536536537,0.79652986319653
2,0.6546546546546547,0.7967967967967968
2,0.6556556556556556,0.7970637303970638
2,0.6566566566566566,0.7973306639973307
2,0.6576576576576576,0.7975975975975976
2,0.6586586586586587,0.7978645311978646
2,0.6596596596596597,0.7981314647981315
2,0.6606606606606606,0.7983983983983984
2,0.6616616616616616,0.7986653319986654
2,0.6626626626626626,0.7989322655989323
2,0.6636636636636637,0.7991991991991992
2,0.6646646646646647,0.7994661327994662
2,0.6656656656656657,0.7997330663997331
2,0.6666666666666666,0.8
2,0.6676676676676676,0.8002184002184003
2,0.6686686686686687,0.8004368004368005
2,0.6696696696696697,0.8006552006552007
2,0.6706706706706707,0.8008736008736009
2,0.6716716716716716,0.8010920010920012
2,0.6726726726726726,0.8013104013104013
2,0.6736736736736737,0.8015288015288016
2,0.6746746746746747,0.8017472017472018
2,0.6756756756756757,0.801965601965602
2,0.6766766766766766,0.8021840021840022
2,0.6776776776776777,0.8024024024024025
2,0.6786786786786787,0.8026208026208027
2,0.6796796796796797,0.8028392028392028
2,0.6806806806806807,0.8030576030576031
2,0.6816816816816816,0.8032760032760033
2,0.6826826826826827,0.8034944034944036
2,0.6836836836836837,0.8037128037128037
2,0.6846846846846847,0.803931203931204
2,0.6856856856856857,0.8041496041496042
2,0.6866866866866866,0.8043680043680044
2,0.6876876876876877,0.8045864045864046
2,0.6886886886886887,0.8048048048048049
2,0.6896896896896897,0.8050232050232051
2,0.6906906906906907,0.8052416052416053
2,0.6916916916916916,0.8054600054600055
2,0.6926926926926927,0.8056784056784058
2,0.6936936936936937,0.8058968058968059
2,0.6946946946946947,0.8061152061152062
2,0.6956956956956957,0.8063336063336064
2,0.6966966966966966,0.8065520065520065
2,0.6976976976976977,0.8067704067704068
2,0.6986986986986987,0.806988806988807
2,0.6996996996996997,0.8072072072072073
2,0.7007007007007007,0.8074256074256074
2,0.7017017017017017,0.8076440076440077
2,0.7027027027027027,0.8078624078624079
2,0.7037037037037037,0.8080808080808082
2,0.7047047047047047,0.8082992082992083
2,0.7057057057057057,0.8085176085176086
2,0.7067067067067067,0.8087360087360088
2,0.7077077077077077,0.8089544089544091
2,0.7087087087087087,0.8091728091728092
2,0.7097097097097097,0.8093912093912095
2,0.7107107107107107,0.8096096096096097
2,0.7117117117117117,0.8098280098280098
2,0.7127127127127127,0.8100464100464101
2,0.7137137137137137,0.8102648102648103
2,0.7147147147147147,0.8104832104832105
2,0.7157157157157157,0.8107016107016107
2,0.7167167167167167,0.810920010920011
2,0.7177177177177178,0.8111384111384112
2,0.7187187187187187,0.8113568113568114
2,0.7197197197197197,0.8115752115752116
2,0.7207207207207207,0.8117936117936119
2,0.7217217217217217,0.812012012012012
2,0.7227227227227228,0.8122304122304123
2,0.7237237237237237,0.8124488124488125
2,0.7247247247247247,0.8126672126672128
2,0.7257257257257257,0.8128856128856129
2,0.7267267267267267,0.8131040131040131
2,0.7277277277277278,0.8133224133224134
2,0.7287287287287287,0.8135408135408136
2,0.7297297297297297,0.8137592137592138
2,0.7307307307307307,0.813977613977614
2,0.7317317317317317,0.8141960141960143
2,0.7327327327327328,0.8144144144144144
2,0.7337337337337337,0.8146328146328147
2,0.7347347347347347,0.8148512148512149
2,0.7357357357357357,0.8150696150696151
2,0.7367367367367368,0.8152880152880153
2,0.7377377377377378,0.8155064155064156
2,0.7387387387387387,0.8157248157248158
2,0.7397397397397397,0.815943215943216
2,0.7407407407407407,0.8161616161616162
2,0.7417417417417418,0.8163800163800164
2,0.7427427427427428,0.8165984165984167
2,0.7437437437437437,0.8168168168168168
2,0.7447447447447447,0.8170352170352171
2,0.7457457457457457,0.8172536172536173
2,0.7467467467467468,0.8174720174720176
2,0.7477477477477478,0.8176904176904177
2,0.7487487487487487,0.817908817908818
2,0.7497497497497497,0.8181272181272182
2,0.7507507507507507,0.6925056925056925
2,0.7517517517517518,0.6927696927696928
2,0.7527527527527528,0.693033693033693
2,0.7537537537537538,0.6932976932976933
2,0.7547547547547547,0.6935616935616935
2,0.7557557557557557,0.6938256938256938
2,0.7567567567567568,0.6940896940896941
2,0.7577577577577578,0.6943536943536943
2,0.7587587587587588,0.6946176946176946
2,0.7597597597597597,0.6948816948816948
2,0.7607607607607607,0.6951456951456951
2,0.7617617617617618,0.6954096954096954
2,0.7627627627627628,0.6956736956736956
2,0.7637637637637638,0.6959376959376959
2,0.7647647647647647,0.6962016962016961
2,0.7657657657657657,0.6964656964656964
2,0.7667667667667668,0.6967296967296968
2,0.7677677677677678,0.696993696993697
2,0.7687687687687688,0.6972576972576973
2,0.7697697697697697,0.6975216975216975
2,0.7707707707707707,0.6977856977856978
2,0.7717717717717718,0.6980496980496981
2,0.7727727727727728,0.6983136983136983
2,0.7737737737737738,0.6985776985776986
2,0.7747747747747747,0.6988416988416988
2,0.7757757757757757,0.6991056991056991
2,0.7767767767767768,0.6993696993696994
2,0.7777777777777778,0.6996336996336996
2,0.7787787787787788,0.6998976998976999
2,0.7797797797797797,0.7001617001617001
2,0.7807807807807807,0.7004257004257004
2,0.7817817817817818,0.7006897006897007
2,0.7827827827827828,0.7009537009537009
2,0.7837837837837838,0.7012177012177012
2,0.7847847847847848,0.7014817014817014
2,0.7857857857857857,0.7017457017457017
2,0.7867867867867868,0.702009702009702
2,0.7877877877877878,0.7022737022737022
2,0.7887887887887888,0.7025377025377025
2,0.7897897897897898,0.7028017028017027
2,0.7907907907907907,0.703065703065703
2,0.7917917917917918,0.7033297033297033
2,0.7927927927927928,0.7035937035937035
2,0.7937937937937938,0.7038577038577039
2,0.7947947947947948,0.7041217041217042
2,0.7957957957957957,0.7043857043857044
2,0.7967967967967968,0.7046497046497047
2,0.7977977977977978,0.7049137049137049
2,0.7987987987987988,0.7051777051777052
2,0.7997997997997998,0.7054417054417055
2,0.8008008008008007,0.7057057057057057
2,0.8018018018018018,0.705969705969706
2,0.8028028028028028,0.7062337062337062
2,0.8038038038038038,0.7064977064977065
2,0.8048048048048048,0.7067617067617068
2,0.8058058058058059,0.707025707025707
2,0.8068068068068068,0.7072897072897073
2,0.8078078078078078,0.7075537075537075
2,0.8088088088088088,0.7078177078177078
2,0.8098098098098098,0.7080817080817081
2,0.8108108108108109,0.7083457083457083
2,0.8118118118118118,0.7086097086097086
2,0.8128128128128128,0.7088737088737089
2,0.8138138138138138,0.7091377091377091
2,0.8148148148148148,0.7094017094017094
2,0.8158158158158159,0.7096657096657096
2,0.8168168168168168,0.7099297099297099
2,0.8178178178178178,0.7101937101937102
2,0.8188188188188188,0.7104577104577104
2,0.8198198198198198,0.7107217107217108
2,0.8208208208208209,0.710985710985711
2,0.8218218218218218,0.7112497112497113
2,0.8228228228228228,0.7115137115137116
2,0.8238238238238238,0.7117777117777118
2,0.8248248248248248,0.7120417120417121
2,0.8258258258258259,0.7123057123057123
2,0.8268268268268268,0.7125697125697126
2,0.8278278278278278,0.7128337128337129
2,0.8288288288288288,0.7130977130977131
2,0.8298298298298298,0.7133617133617134
2,0.8308308308308309,0.7136257136257136
2,0.8318318318318318,0.7138897138897139
2,0.8328328328328328,0.7141537141537142
2,0.8338338338338338,0.5264580369843527
2,0.8348348348348348,0.5267425320056899
2,0.8358358358358359,0.527027027027027
2,0.8368368368368369,0.5273115220483641
2,0.8378378378378378,0.5275960170697013
2,0.8388388388388388,0.5278805120910384
2,0.8398398398398398,0.5281650071123755
2,0.8408408408408409,0.5284495021337127
2,0.8418418418418419,0.5287339971550498
2,0.8428428428428428,0.5290184921763869
2,0.8438438438438438,0.529302987197724
2,0.8448448448448448,0.5295874822190612
2,0.8458458458458459,0.5298719772403983
2,0.8468468468468469,0.5301564722617353
2,0.8478478478478478,0.5304409672830726
2,0.8488488488488488,0.5307254623044096
2,0.8498498498498498,0.5310099573257467
2,0.8508508508508509,0.531294452347084
2,0.8518518518518519,0.531578947368421
2,0.8528528528528528,0.5318634423897581
2,0.8538538538538538,0.5321479374110952
2,0.8548548548548548,0.5324324324324324
2,0.8558558558558559,0.5327169274537695
2,0.8568568568568569,0.5330014224751066
2,0.8578578578578578,0.5332859174964438
2,0.8588588588588588,0.5335704125177809
2,0.8598598598598598,0.533854907539118
2,0.8608608608608609,0.5341394025604552
2,0.8618618618618619,0.5344238975817923
2,0.8628628628628628,0.5347083926031294
2,0.8638638638638638,0.5349928876244665
2,0.8648648648648649,0.5352773826458037
2,0.8658658658658659,0.5355618776671408
2,0.8668668668668669,0.5358463726884779
2,0.8678678678678678,0.5361308677098151
2,0.8688688688688688,0.5364153627311522
2,0.8698698698698699,0.5366998577524893
2,0.8708708708708709,0.5369843527738265
2,0.8718718718718719,0.5372688477951636
2,0.8728728728728729,0.5375533428165007
2,0.8738738738738738,0.5378378378378378
2,0.8748748748748749,0.538122332859175
2,0.8758758758758759,0.5384068278805121
2,0.8768768768768769,0.5386913229018492
2,0.8778778778778779,0.5389758179231864
2,0.8788788788788788,0.5392603129445235
2,0.8798798798798799,0.5395448079658606
2,0.8808808808808809,0.5398293029871978
2,0.8818818818818819,0.5401137980085349
2,0.8828828828828829,0.540398293029872
2,0.8838838838838838,0.5406827880512091
2,0.8848848848848849,0.5409672830725463
2,0.8858858858858859,0.5412517780938834
2,0.8868868868868869,0.5415362731152205
2,0.8878878878878879,0.5418207681365577
2,0.8888888888888888,0.5421052631578948
2,0.8898898898898899,0.5423897581792319
2,0.8908908908908909,0.5426742532005691
2,0.8918918918918919,0.5429587482219062
2,0.8928928928928929,0.5432432432432432
2,0.8938938938938938,0.5435277382645803
2,0.8948948948948949,0.5438122332859175
2,0.8958958958958959,0.5440967283072546
2,0.8968968968968969,0.5443812233285917
2,0.8978978978978979,0.5446657183499289
2,0.8988988988988988,0.544950213371266
2,0.8998998998998999,0.5452347083926031
2,0.9009009009009009,0.5455192034139403
2,0.9019019019019019,0.5458036984352774
2,0.9029029029029029,0.5460881934566145
2,0.9039039039039038,0.5463726884779516
2,0.9049049049049049,0.5466571834992888
2,0.9059059059059059,0.5469416785206259
2,0.9069069069069069,0.547226173541963
2,0.9079079079079079,0.5475106685633002
2,0.9089089089089089,0.5477951635846373
2,0.9099099099099099,0.5480796586059744
2,0.9109109109109109,0.5483641536273116
2,0.9119119119119119,0.5486486486486487
2,0.9129129129129129,0.5489331436699858
2,0.9139139139139139,0.5492176386913229
2,0.914914914914915,0.5495021337126601
2,0.9159159159159159,0.5497866287339972
2,0.9169169169169169,0.4783261522391957
2,0.9179179179179179,0.47858728293510905
2,0.9189189189189189,0.4788484136310223
2,0.91991991991992,0.47910954432693564
2,0.9209209209209209,0.47937067502284897
2,0.9219219219219219,0.47963180571876224
2,0.9229229229229229,0.47989293641467556
2,0.9239239239239239,0.48015406711058883
2,0.924924924924925,0.48041519780650216
2,0.9259259259259259,0.4806763285024155
2,0.9269269269269269,0.48093745919832875
2,0.9279279279279279,0.4811985898942421
2,0.9289289289289289,0.4814597205901554
2,0.92992992992993,0.48172085128606873
2,0.9309309309309309,0.481981981981982
2,0.9319319319319319,0.4822431126778953
2,0.9329329329329329,0.4825042433738086
2,0.933933933933934,0.4827653740697219
2,0.934934934934935,0.48302650476563525
2,0.9359359359359359,0.4832876354615485
2,0.9369369369369369,0.48354876615746184
2,0.9379379379379379,0.4838098968533751
2,0.938938938938939,0.48407102754928844
2,0.93993993993994,0.48433215824520176
2,0.9409409409409409,0.48459328894111503
2,0.9419419419419419,0.48485441963702836
2,0.9429429429429429,0.4851155503329416
2,0.943943943943944,0.48537668102885495
2,0.944944944944945,0.4856378117247683
2,0.9459459459459459,0.48589894242068155
2,0.9469469469469469,0.48616007311659487
2,0.9479479479479479,0.48642120381250814
2,0.948948948948949,0.48668233450842147
2,0.94994994994995,0.4869434652043348
2,0.950950950950951,0.48720459590024806
2,0.9519519519519519,0.4874657265961614
2,0.9529529529529529,0.48772685729207466
2,0.953953953953954,0.48798798798798804
2,0.954954954954955,0.4882491186839013
2,0.955955955955956,0.48851024937981463
2,0.9569569569569569,0.4887713800757279
2,0.9579579579579579,0.4890325107716412
2,0.958958958958959,0.48929364146755455
2,0.95995995995996,0.4895547721634678
2,0.960960960960961,0.48981590285938115
2,0.9619619619619619,0.4900770335552944
2,0.9629629629629629,0.49033816425120774
2,0.963963963963964,0.49059929494712107
2,0.964964964964965,0.49086042564303434
2,0.965965965965966,0.49112155633894766
2,0.9669669669669669,0.49138268703486093
2,0.9679679679679679,0.49164381773077426
2,0.968968968968969,0.4919049484266876
2,0.96996996996997,0.49216607912260085
2,0.970970970970971,0.4924272098185142
2,0.9719719719719719,0.49268834051442745
2,0.9729729729729729,0.4929494712103408
2,0.973973973973974,0.4932106019062541
2,0.974974974974975,0.49347173260216737
2,0.975975975975976,0.4937328632980807
2,0.9769769769769769,0.493993993993994
2,0.9779779779779779,0.4942551246899073
2,0.978978978978979,0.4945162553858206
2,0.97997997997998,0.49477738608173394
2,0.980980980980981,0.4950385167776472
2,0.9819819819819819,0.49529964747356053
2,0.9829829829829829,0.4955607781694738
2,0.983983983983984,0.49582190886538713
2,0.984984984984985,0.49608303956130045
2,0.985985985985986,0.4963441702572137
2,0.986986986986987,0.49660530095312705
2,0.9879879879879879,0.4968664316490403
2,0.988988988988989,0.49712756234495364
2,0.98998998998999,0.49738869304086697
2,0.990990990990991,0.49764982373678024
2,0.991991991991992,0.49791095443269356
2,0.992992992992993,0.4981720851286069
2,0.993993993993994,0.49843321582452016
2,0.994994994994995,0.4986943465204335
2,0.995995995995996,0.49895547721634675
2,0.996996996996997,0.4992166079122601
2,0.997997997997998,0.4994777386081734
2,0.998998998998999,0.49973886930408673
2,1.0,0.27906976744186046
3,0.0,1.0
3,0.001001001001001001,1.0
3,0.002002002002002002,1.0
3,0.003003003003003003,1.0
3,0.004004004004004004,1.0
3,0.005005005005005005,1.0
3,0.006006006006006006,1.0
3,0.007007007007007007,1.0
3,0.008008008008008008,1.0
3,0.009009009009009009,1.0
3,0.01001001001001001,1.0
3,0.011011011011011011,1.0
3,0.012012012012012012,1.0
3,0.013013013013013013,1.0
3,0.014014014014014014,1.0
3,0.015015015015015015,1.0
3,0.016016016016016016,1.0
3,0.017017017017017015,1.0
3,0.018018018018018018,1.0
3,0.01901901901901902,1.0
3,0.02002002002002002,1.0
3,0.02102102102102102,1.0
3,0.022022022022022022,1.0
3,0.023023023023023025,1.0
3,0.024024024024024024,1.0
3,0.025025025025025023,1.0
3,0.026026026026026026,1.0
3,0.02702702702702703,1.0
3,0.028028028028028028,1.0
3,0.029029029029029027,1.0
3,0.03003003003003003,1.0
3,0.031031031031031032,1.0
3,0.03203203203203203,1.0
3,0.03303303303303303,1.0
3,0.03403403403403403,1.0
3,0.035035035035035036,1.0
3,0.036036036036036036,1.0
3,0.037037037037037035,1.0
3,0.03803803803803804,1.0
3,0.03903903903903904,1.0
3,0.04004004004004004,1.0
3,0.04104104104104104,1.0
3,0.04204204204204204,1.0
3,0.043043043043043044,1.0
3,0.044044044044044044,1.0
3,0.04504504504504504,1.0
3,0.04604604604604605,1.0
3,0.04704704704704705,1.0
3,0.04804804804804805,1.0
3,0.04904904904904905,1.0
3,0.050050050050050046,1.0
3,0.05105105105105105,1.0
3,0.05205205205205205,1.0
3,0.05305305305305305,1.0
3,0.05405405405405406,1.0
3,0.055055055055055056,1.0
3,0.056056056056056056,1.0
3,0.057057057057057055,1.0
3,0.058058058058058054,1.0
3,0.05905905905905906,1.0
3,0.06006006006006006,1.0
3,0.06106106106106106,1.0
3,0.062062062062062065,1.0
3,0.06306306306306306,1.0
3,0.06406406406406406,1.0
3,0.06506506506506507,1.0
3,0.06606606606606606,1.0
3,0.06706706706706707,1.0
3,0.06806806806806806,1.0
3,0.06906906906906907,1.0
3,0.07007007007007007,1.0
3,0.07107107107107107,1.0
3,0.07207207207207207,1.0
3,0.07307307307307308,1.0
3,0.07407407407407407,1.0
3,0.07507507507507508,1.0
3,0.07607607607607608,1.0
3,0.07707707707707707,1.0
3,0.07807807807807808,1.0
3,0.07907907907907907,1.0
3,0.08008008008008008,1.0
3,0.08108108108108109,1.0
3,0.08208208208208208,1.0
3,0.08308308308308308,1.0
3,0.08408408408408408,1.0
3,0.08508508508508508,1.0
3,0.08608608608608609,1.0
3,0.08708708708708708,1.0
3,0.08808808808808809,1.0
3,0.0890890890890891,1.0
3,0.09009009009009009,1.0
3,0.09109109109109109,1.0
3,0.0920920920920921,1.0
3,0.09309309309309309,1.0
3,0.0940940940940941,1.0
3,0.09509509509509509,1.0
3,0.0960960960960961,1.0
3,0.0970970970970971,1.0
3,0.0980980980980981,1.0
3,0.0990990990990991,1.0
3,0.10010010010010009,1.0
3,0.1011011011011011,1.0
3,0.1021021021021021,1.0
3,0.1031031031031031,1.0
3,0.1041041041041041,1.0
3,0.10510510510510511,1.0
3,0.1061061061061061,1.0
3,0.10710710710710711,1.0
3,0.10810810810810811,1.0
3,0.1091091091091091,1.0
3,0.11011011011011011,1.0
3,0.1111111111111111,1.0
3,0.11211211211211211,1.0
3,0.11311311311311312,1.0
3,0.11411411411411411,1.0
3,0.11511511511511512,1.0
3,0.11611611611611611,1.0
3,0.11711711711711711,1.0
3,0.11811811811811812,1.0
3,0.11911911911911911,1.0
3,0.12012012012012012,1.0
3,0.12112112112112113,1.0
3,0.12212212212212212,1.0
3,0.12312312312312312,1.0
3,0.12412412412412413,1.0
3,0.12512512512512514,1.0
3,0.12612612612612611,1.0
3,0.12712712712712712,1.0
3,0.12812812812812813,1.0
3,0.12912912912912913,1.0
3,0.13013013013013014,1.0
3,0.13113113113113112,1.0
3,0.13213213213213212,1.0
3,0.13313313313313313,1.0
3,0.13413413413413414,1.0
3,0.13513513513513514,1.0
3,0.13613613613613612,1.0
3,0.13713713713713713,1.0
3,0.13813813813813813,1.0
3,0.13913913913913914,1.0
3,0.14014014014014015,1.0
3,0.14114114114114115,1.0
3,0.14214214214214213,1.0
3,0.14314314314314314,1.0
3,0.14414414414414414,1.0
3,0.14514514514514515,1.0
3,0.14614614614614616,1.0
3,0.14714714714714713,1.0
3,0.14814814814814814,1.0
3,0.14914914914914915,1.0
3,0.15015015015015015,1.0
3,0.15115115115115116,1.0
3,0.15215215215215216,1.0
3,0.15315315315315314,1.0
3,0.15415415415415415,1.0
3,0.15515515515515516,1.0
3,0.15615615615615616,1.0
3,0.15715715715715717,1.0
3,0.15815815815815815,1.0
3,0.15915915915915915,1.0
3,0.16016016016016016,1.0
3,0.16116116116116116,1.0
3,0.16216216216216217,1.0
3,0.16316316316316315,1.0
3,0.16416416416416416,1.0
3,0.16516516516516516,1.0
3,0.16616616616616617,1.0
3,0.16716716716716717,1.0
3,0.16816816816816815,1.0
3,0.16916916916916916,1.0
3,0.17017017017017017,1.0
3,0.17117117117117117,1.0
3,0.17217217217217218,1.0
3,0.17317317317317318,1.0
3,0.17417417417417416,1.0
3,0.17517517517517517,1.0
3,0.17617617617617617,1.0
3,0.17717717717717718,1.0
3,0.1781781781781782,1.0
3,0.17917917917917917,1.0
3,0.18018018018018017,1.0
3,0.18118118118118118,1.0
3,0.18218218218218218,1.0
3,0.1831831831831832,1.0
3,0.1841841841841842,1.0
3,0.18518518518518517,1.0
3,0.18618618618618618,1.0
3,0.1871871871871872,1.0
3,0.1881881881881882,1.0
3,0.1891891891891892,1.0
3,0.19019019019019018,1.0
3,0.19119119119119118,1.0
3,0.1921921921921922,1.0
3,0.1931931931931932,1.0
3,0.1941941941941942,1.0
3,0.19519519519519518,1.0
3,0.1961961961961962,1.0
3,0.1971971971971972,1.0
3,0.1981981981981982,1.0
3,0.1991991991991992,1.0
3,0.20020020020020018,1.0
3,0.2012012012012012,1.0
3,0.2022022022022022,1.0
3,0.2032032032032032,1.0
3,0.2042042042042042,1.0
3,0.20520520520520522,1.0
3,0.2062062062062062,1.0
3,0.2072072072072072,1.0
3,0.2082082082082082,1.0
3,0.2092092092092092,1.0
3,0.21021021021021022,1.0
3,0.2112112112112112,1.0
3,0.2122122122122122,1.0
3,0.2132132132132132,1.0
3,0.21421421421421422,1.0
3,0.21521521521521522,1.0
3,0.21621621621621623,1.0
3,0.2172172172172172,1.0
3,0.2182182182182182,1.0
3,0.21921921921921922,1.0
3,0.22022022022022023,1.0
3,0.22122122122122123,1.0
3,0.2222222222222222,1.0
3,0.22322322322322322,1.0
3,0.22422422422422422,1.0
3,0.22522522522522523,1.0
3,0.22622622622622623,1.0
3,0.2272272272272272,1.0
3,0.22822822822822822,1.0
3,0.22922922922922923,1.0
3,0.23023023023023023,1.0
3,0.23123123123123124,1.0
3,0.23223223223223222,1.0
3,0.23323323323323322,1.0
3,0.23423423423423423,1.0
3,0.23523523523523523,1.0
3,0.23623623623623624,1.0
3,0.23723723723723725,1.0
3,0.23823823823823823,1.0
3,0.23923923923923923,1.0
3,0.24024024024024024,1.0
3,0.24124124124124124,1.0
3,0.24224224224224225,1.0
3,0.24324324324324323,1.0
3,0.24424424424424424,1.0
3,0.24524524524524524,1.0
3,0.24624624624624625,1.0
3,0.24724724724724725,1.0
3,0.24824824824824826,1.0
3,0.24924924924924924,1.0
3,0.2502502502502503,1.0
3,0.25125125125125125,1.0
3,0.25225225225225223,1.0
3,0.25325325325325326,1.0
3,0.25425425425425424,1.0
3,0.2552552552552553,1.0
3,0.25625625625625625,1.0
3,0.25725725725725723,1.0
3,0.25825825825825827,1.0
3,0.25925925925925924,1.0
3,0.2602602602602603,1.0
3,0.26126126126126126,1.0
3,0.26226226226226224,1.0
3,0.26326326326326327,1.0
3,0.26426426426426425,1.0
3,0.2652652652652653,1.0
3,0.26626626626626626,1.0
3,0.26726726726726724,1.0
3,0.2682682682682683,1.0
3,0.26926926926926925,1.0
3,0.2702702702702703,1.0
3,0.27127127127127126,1.0
3,0.27227227227227224,1.0
3,0.2732732732732733,1.0
3,0.27427427427427425,1.0
3,0.2752752752752753,1.0
3,0.27627627627627627,1.0
3,0.2772772772772773,1.0
3,0.2782782782782783,1.0
3,0.27927927927927926,1.0
3,0.2802802802802803,1.0
3,0.28128128128128127,1.0
3,0.2822822822822823,1.0
3,0.2832832832832833,1.0
3,0.28428428428428426,1.0
3,0.2852852852852853,1.0
3,0.2862862862862863,1.0
3,0.2872872872872873,1.0
3,0.2882882882882883,1.0
3,0.28928928928928926,1.0
3,0.2902902902902903,1.0
3,0.2912912912912913,1.0
3,0.2922922922922923,1.0
3,0.2932932932932933,1.0
3,0.29429429429429427,1.0
3,0.2952952952952953,1.0
3,0.2962962962962963,1.0
3,0.2972972972972973,1.0
3,0.2982982982982983,1.0
3,0.29929929929929927,1.0
3,0.3003003003003003,1.0
3,0.3013013013013013,1.0
3,0.3023023023023023,1.0
3,0.3033033033033033,1.0
3,0.30430430430430433,1.0
3,0.3053053053053053,1.0
3,0.3063063063063063,1.0
3,0.3073073073073073,1.0
3,0.3083083083083083,1.0
3,0.30930930930930933,1.0
3,0.3103103103103103,1.0
3,0.3113113113113113,1.0
3,0.3123123123123123,1.0
3,0.3133133133133133,1.0
3,0.31431431431431434,1.0
3,0.3153153153153153,1.0
3,0.3163163163163163,1.0
3,0.3173173173173173,1.0
3,0.3183183183183183,1.0
3,0.31931931931931934,1.0
3,0.3203203203203203,1.0
3,0.3213213213213213,1.0
3,0.32232232232232233,1.0
3,0.3233233233233233,1.0
3,0.32432432432432434,1.0
3,0.3253253253253253,1.0
3,0.3263263263263263,1.0
3,0.32732732732732733,1.0
3,0.3283283283283283,1.0
3,0.32932932932932935,1.0
3,0.3303303303303303,1.0
3,0.3313313313313313,1.0
3,0.33233233233233234,1.0
3,0.3333333333333333,0.8
3,0.33433433433433435,0.8004004004004005
3,0.3353353353353353,0.8008008008008008
3,0.3363363363363363,0.8012012012012012
3,0.33733733733733734,0.8016016016016017
3,0.3383383383383383,0.802002002002002
3,0.33933933933933935,0.8024024024024025
3,0.34034034034034033,0.8028028028028028
3,0.34134134134134136,0.8032032032032033
3,0.34234234234234234,0.8036036036036036
3,0.3433433433433433,0.8040040040040041
3,0.34434434434434436,0.8044044044044044
3,0.34534534534534533,0.8048048048048049
3,0.34634634634634637,0.8052052052052052
3,0.34734734734734735,0.8056056056056057
3,0.3483483483483483,0.806006006006006
3,0.34934934934934936,0.8064064064064065
3,0.35035035035035034,0.8068068068068068
3,0.35135135135135137,0.8072072072072073
3,0.35235235235235235,0.8076076076076076
3,0.3533533533533533,0.8080080080080081
3,0.35435435435435436,0.8084084084084084
3,0.35535535535535534,0.8088088088088089
3,0.3563563563563564,0.8092092092092092
3,0.35735735735735735,0.8096096096096097
3,0.35835835835835833,0.81001001001001
3,0.35935935935935936,0.8104104104104105
3,0.36036036036036034,0.8108108108108109
3,0.3613613613613614,0.8112112112112113
3,0.36236236236236236,0.8116116116116117
3,0.36336336336336333,0.812012012012012
3,0.36436436436436437,0.8124124124124125
3,0.36536536536536535,0.8128128128128128
3,0.3663663663663664,0.8132132132132133
3,0.36736736736736736,0.8136136136136136
3,0.3683683683683684,0.8140140140140141
3,0.36936936936936937,0.8144144144144144
3,0.37037037037037035,0.8148148148148149
3,0.3713713713713714,0.8152152152152152
3,0.37237237237237236,0.8156156156156157
3,0.3733733733733734,0.816016016016016
3,0.3743743743743744,0.8164164164164165
3,0.37537537537537535,0.8168168168168168
3,0.3763763763763764,0.8172172172172173
3,0.37737737737737737,0.8176176176176176
3,0.3783783783783784,0.8180180180180181
3,0.3793793793793794,0.8184184184184184
3,0.38038038038038036,0.8188188188188188
3,0.3813813813813814,0.8192192192192193
3,0.38238238238238237,0.8196196196196197
3,0.3833833833833834,0.8200200200200201
3,0.3843843843843844,0.8204204204204204
3,0.38538538538538536,0.8208208208208209
3,0.3863863863863864,0.8212212212212212
3,0.38738738738738737,0.8216216216216217
3,0.3883883883883884,0.822022022022022
3,0.3893893893893894,0.8224224224224225
3,0.39039039039039036,0.8228228228228228
3,0.3913913913913914,0.8232232232232233
3,0.3923923923923924,0.8236236236236236
3,0.3933933933933934,0.8240240240240241
3,0.3943943943943944,0.8244244244244244
3,0.39539539539539537,0.8248248248248249
3,0.3963963963963964,0.8252252252252252
3,0.3973973973973974,0.8256256256256257
3,0.3983983983983984,0.826026026026026
3,0.3993993993993994,0.8264264264264265
3,0.40040040040040037,0.8268268268268268
3,0.4014014014014014,0.8272272272272273
3,0.4024024024024024,0.8276276276276276
3,0.4034034034034034,0.8280280280280281
3,0.4044044044044044,0.8284284284284285
3,0.40540540540540543,0.8288288288288289
3,0.4064064064064064,0.8292292292292293
3,0.4074074074074074,0.8296296296296296
3,0.4084084084084084,0.8300300300300301
3,0.4094094094094094,0.8304304304304304
3,0.41041041041041043,0.8308308308308309
3,0.4114114114114114,0.8312312312312312
3,0.4124124124124124,0.8316316316316317
3,0.4134134134134134,0.832032032032032
3,0.4144144144144144,0.8324324324324325
3,0.41541541541541543,0.8328328328328328
3,0.4164164164164164,0.8332332332332333
3,0.4174174174174174,0.8335478335478336
3,0.4184184184184184,0.8338338338338339
3,0.4194194194194194,0.8341198341198341
3,0.42042042042042044,0.8344058344058345
3,0.4214214214214214,0.8346918346918347
3,0.4224224224224224,0.834977834977835
3,0.42342342342342343,0.8352638352638353
3,0.4244244244244244,0.8355498355498355
3,0.42542542542542544,0.8358358358358359
3,0.4264264264264264,0.8361218361218361
3,0.4274274274274274,0.8364078364078364
3,0.42842842842842843,0.8366938366938367
3,0.4294294294294294,0.836979836979837
3,0.43043043043043044,0.8372658372658373
3,0.4314314314314314,0.8375518375518376
3,0.43243243243243246,0.8378378378378378
3,0.43343343343343343,0.8381238381238382
3,0.4344344344344344,0.8384098384098384
3,0.43543543543543545,0.8386958386958387
3,0.4364364364364364,0.838981838981839
3,0.43743743743743746,0.8392678392678393
3,0.43843843843843844,0.8395538395538396
3,0.4394394394394394,0.8398398398398399
3,0.44044044044044045,0.8401258401258401
3,0.44144144144144143,0.8404118404118404
3,0.44244244244244246,0.8406978406978407
3,0.44344344344344344,0.8409838409838409
3,0.4444444444444444,0.8412698412698413
3,0.44544544544544545,0.8415558415558415
3,0.44644644644644643,0.8418418418418419
3,0.44744744744744747,0.8421278421278421
3,0.44844844844844844,0.8424138424138424
3,0.4494494494494494,0.8426998426998427
3,0.45045045045045046,0.842985842985843
3,0.45145145145145144,0.8432718432718432
3,0.45245245245245247,0.8435578435578436
3,0.45345345345345345,0.8438438438438438
3,0.4544544544544544,0.8441298441298442
3,0.45545545545545546,0.8444158444158444
3,0.45645645645645644,0.8447018447018447
3,0.4574574574574575,0.844987844987845
3,0.45845845845845845,0.8452738452738453
3,0.45945945945945943,0.8455598455598455
3,0.46046046046046046,0.8458458458458459
3,0.46146146146146144,0.8461318461318461
3,0.4624624624624625,0.8464178464178465
3,0.46346346346346345,0.8467038467038467
3,0.46446446446446443,0.8469898469898469
3,0.46546546546546547,0.8472758472758473
3,0.46646646646646645,0.8475618475618475
3,0.4674674674674675,0.8478478478478478
3,0.46846846846846846,0.8481338481338481
3,0.4694694694694695,0.8484198484198484
3,0.47047047047047047,0.8487058487058486
3,0.47147147147147145,0.848991848991849
3,0.4724724724724725,0.8492778492778492
3,0.47347347347347346,0.8495638495638496
3,0.4744744744744745,0.8498498498498498
3,0.4754754754754755,0.8501358501358501
3,0.47647647647647645,0.8504218504218504
3,0.4774774774774775,0.8507078507078507
3,0.47847847847847846,0.8509938509938509
3,0.4794794794794795,0.8512798512798513
3,0.4804804804804805,0.8515658515658515
3,0.48148148148148145,0.8518518518518519
3,0.4824824824824825,0.8521378521378521
3,0.48348348348348347,0.8524238524238524
3,0.4844844844844845,0.8527098527098527
3,0.4854854854854855,0.852995852995853
3,0.48648648648648646,0.8532818532818532
3,0.4874874874874875,0.8535678535678536
3,0.48848848848848847,0.8538538538538538
3,0.4894894894894895,0.8541398541398542
3,0.4904904904904905,0.8544258544258544
3,0.49149149149149146,0.8547118547118546
3,0.4924924924924925,0.854997854997855
3,0.4934934934934935,0.8552838552838552
3,0.4944944944944945,0.8555698555698555
3,0.4954954954954955,0.8558558558558558
3,0.4964964964964965,0.8561418561418561
3,0.4974974974974975,0.8564278564278563
3,0.4984984984984985,0.8567138567138567
3,0.4994994994994995,0.8569998569998569
3,0.5005005005005005,0.8572501072501072
3,0.5015015015015015,0.8574646074646074
3,0.5025025025025025,0.8576791076791076
3,0.5035035035035035,0.8578936078936078
3,0.5045045045045045,0.858108108108108
3,0.5055055055055055,0.8583226083226083
3,0.5065065065065065,0.8585371085371085
3,0.5075075075075075,0.8587516087516087
3,0.5085085085085085,0.8589661089661089
3,0.5095095095095095,0.8591806091806091
3,0.5105105105105106,0.8593951093951093
3,0.5115115115115115,0.8596096096096095
3,0.5125125125125125,0.8598241098241097
3,0.5135135135135135,0.86003861003861
3,0.5145145145145145,0.8602531102531102
3,0.5155155155155156,0.8604676104676104
3,0.5165165165165165,0.8606821106821106
3,0.5175175175175175,0.8608966108966108
3,0.5185185185185185,0.861111111111111
3,0.5195195195195195,0.8613256113256113
3,0.5205205205205206,0.8615401115401116
3,0.5215215215215215,0.8617546117546118
3,0.5225225225225225,0.861969111969112
3,0.5235235235235235,0.8621836121836122
3,0.5245245245245245,0.8623981123981124
3,0.5255255255255256,0.8626126126126126
3,0.5265265265265265,0.8628271128271128
3,0.5275275275275275,0.863041613041613
3,0.5285285285285285,0.8632561132561132
3,0.5295295295295295,0.8634706134706134
3,0.5305305305305306,0.8636851136851137
3,0.5315315315315315,0.8638996138996139
3,0.5325325325325325,0.8641141141141141
3,0.5335335335335335,0.8643286143286143
3,0.5345345345345345,0.8645431145431145
3,0.5355355355355356,0.8647576147576147
3,0.5365365365365365,0.8649721149721149
3,0.5375375375375375,0.8651866151866151
3,0.5385385385385385,0.8654011154011154
3,0.5395395395395395,0.8656156156156156
3,0.5405405405405406,0.8658301158301158
3,0.5415415415415415,0.866044616044616
3,0.5425425425425425,0.8662591162591162
3,0.5435435435435435,0.8664736164736164
3,0.5445445445445445,0.8666881166881166
3,0.5455455455455456,0.8669026169026168
3,0.5465465465465466,0.8671171171171171
3,0.5475475475475475,0.8673316173316173
3,0.5485485485485485,0.8675461175461175
3,0.5495495495495496,0.8677606177606177
3,0.5505505505505506,0.867975117975118
3,0.5515515515515516,0.8681896181896182
3,0.5525525525525525,0.8684041184041184
3,0.5535535535535535,0.8686186186186186
3,0.5545545545545546,0.8688331188331189
3,0.5555555555555556,0.8690476190476191
3,0.5565565565565566,0.8692621192621193
3,0.5575575575575575,0.8694766194766195
3,0.5585585585585585,0.8696911196911197
3,0.5595595595595596,0.8699056199056199
3,0.5605605605605606,0.8701201201201201
3,0.5615615615615616,0.8703346203346203
3,0.5625625625625625,0.8705491205491205
3,0.5635635635635635,0.8707636207636207
3,0.5645645645645646,0.870978120978121
3,0.5655655655655656,0.8711926211926212
3,0.5665665665665666,0.8714071214071214
3,0.5675675675675675,0.8716216216216216
3,0.5685685685685685,0.8718361218361218
3,0.5695695695695696,0.872050622050622
3,0.5705705705705706,0.8722651222651222
3,0.5715715715715716,0.8724796224796225
3,0.5725725725725725,0.8726941226941227
3,0.5735735735735735,0.8729086229086229
3,0.5745745745745746,0.8731231231231231
3,0.5755755755755756,0.8733376233376233
3,0.5765765765765766,0.8735521235521235
3,0.5775775775775776,0.8737666237666237
3,0.5785785785785785,0.8739811239811239
3,0.5795795795795796,0.8741956241956242
3,0.5805805805805806,0.8744101244101244
3,0.5815815815815816,0.8746246246246246
3,0.5825825825825826,0.8748391248391248
3,0.5835835835835835,0.7000819000819
3,0.5845845845845846,0.7004095004095003
3,0.5855855855855856,0.7007371007371007
3,0.5865865865865866,0.701064701064701
3,0.5875875875875876,0.7013923013923014
3,0.5885885885885885,0.7017199017199016
3,0.5895895895895896,0.702047502047502
3,0.5905905905905906,0.7023751023751024
3,0.5915915915915916,0.7027027027027026
3,0.5925925925925926,0.703030303030303
3,0.5935935935935935,0.7033579033579033
3,0.5945945945945946,0.7036855036855036
3,0.5955955955955956,0.704013104013104
3,0.5965965965965966,0.7043407043407043
3,0.5975975975975976,0.7046683046683047
3,0.5985985985985985,0.7049959049959049
3,0.5995995995995996,0.7053235053235053
3,0.6006006006006006,0.7056511056511057
3,0.6016016016016016,0.7059787059787059
3,0.6026026026026026,0.7063063063063063
3,0.6036036036036035,0.7066339066339066
3,0.6046046046046046,0.706961506961507
3,0.6056056056056056,0.7072891072891072
3,0.6066066066066066,0.7076167076167076
3,0.6076076076076076,0.7079443079443078
3,0.6086086086086087,0.7082719082719082
3,0.6096096096096096,0.7085995085995086
3,0.6106106106106106,0.7089271089271089
3,0.6116116116116116,0.7092547092547092
3,0.6126126126126126,0.7095823095823095
3,0.6136136136136137,0.7099099099099099
3,0.6146146146146146,0.7102375102375103
3,0.6156156156156156,0.7105651105651105
3,0.6166166166166166,0.7108927108927109
3,0.6176176176176176,0.7112203112203112
3,0.6186186186186187,0.7115479115479115
3,0.6196196196196196,0.7118755118755119
3,0.6206206206206206,0.7122031122031122
3,0.6216216216216216,0.7125307125307125
3,0.6226226226226226,0.7128583128583128
3,0.6236236236236237,0.7131859131859132
3,0.6246246246246246,0.7135135135135136
3,0.6256256256256256,0.7138411138411138
3,0.6266266266266266,0.7141687141687142
3,0.6276276276276276,0.7144963144963145
3,0.6286286286286287,0.7148239148239148
3,0.6296296296296297,0.7151515151515152
3,0.6306306306306306,0.7154791154791155
3,0.6316316316316316,0.7158067158067158
3,0.6326326326326326,0.7161343161343161
3,0.6336336336336337,0.7164619164619165
3,0.6346346346346347,0.7167895167895167
3,0.6356356356356356,0.7171171171171171
3,0.6366366366366366,0.7174447174447174
3,0.6376376376376376,0.7177723177723178
3,0.6386386386386387,0.7180999180999181
3,0.6396396396396397,0.7184275184275184
3,0.6406406406406406,0.7187551187551188
3,0.6416416416416416,0.719082719082719
3,0.6426426426426426,0.7194103194103194
3,0.6436436436436437,0.7197379197379198
3,0.6446446446446447,0.72006552006552
3,0.6456456456456456,0.7203931203931204
3,0.6466466466466466,0.7207207207207207
3,0.6476476476476476,0.7210483210483211
3,0.6486486486486487,0.7213759213759214
3,0.6496496496496497,0.7217035217035217
3,0.6506506506506506,0.7220311220311221
3,0.6516516516516516,0.7223587223587223
3,0.6526526526526526,0.7226863226863227
3,0.6536536536536537,0.7230139230139231
3,0.6546546546546547,0.7233415233415234
3,0.6556556556556556,0.7236691236691237
3,0.6566566566566566,0.723996723996724
3,0.6576576576576576,0.7243243243243244
3,0.6586586586586587,0.7246519246519247
3,0.6596596596596597,0.724979524979525
3,0.6606606606606606,0.7253071253071254
3,0.6616616616616616,0.7256347256347256
3,0.6626626626626626,0.725962325962326
3,0.6636636636636637,0.7262899262899263
3,0.6646646646646647,0.7266175266175267
3,0.6656656656656657,0.7269451269451269
3,0.6666666666666666,0.7272727272727273
3,0.6676676676676676,0.7275457275457275
3,0.6686686686686687,0.7278187278187278
3,0.6696696696696697,0.7280917280917282
3,0.6706706706706707,0.7283647283647284
3,0.6716716716716716,0.7286377286377287
3,0.6726726726726726,0.7289107289107289
3,0.6736736736736737,0.7291837291837292
3,0.6746746746746747,0.7294567294567295
3,0.6756756756756757,0.7297297297297297
3,0.6766766766766766,0.73000273000273
3,0.6776776776776777,0.7302757302757303
3,0.6786786786786787,0.7305487305487306
3,0.6796796796796797,0.7308217308217309
3,0.6806806806806807,0.7310947310947311
3,0.6816816816816816,0.7313677313677314
3,0.6826826826826827,0.7316407316407316
3,0.6836836836836837,0.731913731913732
3,0.6846846846846847,0.7321867321867322
3,0.6856856856856857,0.7324597324597325
3,0.6866866866866866,0.7327327327327328
3,0.6876876876876877,0.733005733005733
3,0.6886886886886887,0.7332787332787333
3,0.6896896896896897,0.7335517335517335
3,0.6906906906906907,0.7338247338247338
3,0.6916916916916916,0.7340977340977342
3,0.6926926926926927,0.7343707343707344
3,0.6936936936936937,0.7346437346437347
3,0.6946946946946947,0.7349167349167349
3,0.6956956956956957,0.7351897351897352
3,0.6966966966966966,0.7354627354627354
3,0.6976976976976977,0.7357357357357358
3,0.6986986986986987,0.7360087360087361
3,0.6996996996996997,0.7362817362817363
3,0.7007007007007007,0.7365547365547366
3,0.7017017017017017,0.7368277368277368
3,0.7027027027027027,0.7371007371007371
3,0.7037037037037037,0.7373737373737373
3,0.7047047047047047,0.7376467376467377
3,0.7057057057057057,0.737919737919738
3,0.7067067067067067,0.7381927381927382
3,0.7077077077077077,0.7384657384657385
3,0.7087087087087087,0.7387387387387387
3,0.7097097097097097,0.739011739011739
3,0.7107107107107107,0.7392847392847393
3,0.7117117117117117,0.7395577395577395
3,0.7127127127127127,0.7398307398307399
3,0.7137137137137137,0.7401037401037401
3,0.7147147147147147,0.7403767403767404
3,0.7157157157157157,0.7406497406497407
3,0.7167167167167167,0.7409227409227409
3,0.7177177177177178,0.7411957411957412
3,0.7187187187187187,0.7414687414687415
3,0.7197197197197197,0.7417417417417418
3,0.7207207207207207,0.742014742014742
3,0.7217217217217217,0.7422877422877423
3,0.7227227227227228,0.7425607425607426
3,0.7237237237237237,0.7428337428337428
3,0.7247247247247247,0.7431067431067431
3,0.7257257257257257,0.7433797433797433
3,0.7267267267267267,0.7436527436527437
3,0.7277277277277278,0.743925743925744
3,0.7287287287287287,0.7441987441987442
3,0.7297297297297297,0.7444717444717445
3,0.7307307307307307,0.7447447447447447
3,0.7317317317317317,0.745017745017745
3,0.7327327327327328,0.7452907452907453
3,0.7337337337337337,0.7455637455637456
3,0.7347347347347347,0.7458367458367459
3,0.7357357357357357,0.7461097461097461
3,0.7367367367367368,0.7463827463827464
3,0.7377377377377378,0.7466557466557466
3,0.7387387387387387,0.7469287469287469
3,0.7397397397397397,0.7472017472017471
3,0.7407407407407407,0.7474747474747475
3,0.7417417417417418,0.7477477477477478
3,0.7427427427427428,0.748020748020748
3,0.7437437437437437,0.7482937482937483
3,0.7447447447447447,0.7485667485667485
3,0.7457457457457457,0.7488397488397488
3,0.7467467467467468,0.7491127491127492
3,0.7477477477477478,0.7493857493857494
3,0.7487487487487487,0.7496587496587497
3,0.7497497497497497,0.7499317499317499
3,0.7507507507507507,0.5002370791844476
3,0.7517517517517518,0.5005531847637111
3,0.7527527527527528,0.5008692903429746
3,0.7537537537537538,0.501185395922238
3,0.7547547547547547,0.5015015015015015
3,0.7557557557557557,0.501817607080765
3,0.7567567567567568,0.5021337126600285
3,0.7577577577577578,0.5024498182392919
3,0.7587587587587588,0.5027659238185553
3,0.7597597597597597,0.5030820293978189
3,0.7607607607607607,0.5033981349770823
3,0.7617617617617618,0.5037142405563458
3,0.7627627627627628,0.5040303461356093
3,0.7637637637637638,0.5043464517148728
3,0.7647647647647647,0.5046625572941362
3,0.7657657657657657,0.5049786628733997
3,0.7667667667667668,0.5052947684526632
3,0.7677677677677678,0.5056108740319266
3,0.7687687687687688,0.5059269796111902
3,0.7697697697697697,0.5062430851904536
3,0.7707707707707707,0.506559190769717
3,0.7717717717717718,0.5068752963489805
3,0.7727727727727728,0.5071914019282441
3,0.7737737737737738,0.5075075075075075
3,0.7747747747747747,0.5078236130867709
3,0.7757757757757757,0.5081397186660345
3,0.7767767767767768,0.5084558242452979
3,0.7777777777777778,0.5087719298245614
3,0.7787787787787788,0.5090880354038249
3,0.7797797797797797,0.5094041409830883
3,0.7807807807807807,0.5097202465623518
3,0.7817817817817818,0.5100363521416152
3,0.7827827827827828,0.5103524577208788
3,0.7837837837837838,0.5106685633001422
3,0.7847847847847848,0.5109846688794057
3,0.7857857857857857,0.5113007744586692
3,0.7867867867867868,0.5116168800379327
3,0.7877877877877878,0.5119329856171961
3,0.7887887887887888,0.5122490911964596
3,0.7897897897897898,0.5125651967757231
3,0.7907907907907907,0.5128813023549865
3,0.7917917917917918,0.5131974079342501
3,0.7927927927927928,0.5135135135135135
3,0.7937937937937938,0.5138296190927769
3,0.7947947947947948,0.5141457246720404
3,0.7957957957957957,0.5144618302513039
3,0.7967967967967968,0.5147779358305674
3,0.7977977977977978,0.5150940414098308
3,0.7987987987987988,0.5154101469890944
3,0.7997997997997998,0.5157262525683578
3,0.8008008008008007,0.5160423581476212
3,0.8018018018018018,0.5163584637268848
3,0.8028028028028028,0.5166745693061482
3,0.8038038038038038,0.5169906748854117
3,0.8048048048048048,0.5173067804646752
3,0.8058058058058059,0.5176228860439387
3,0.8068068068068068,0.5179389916232021
3,0.8078078078078078,0.5182550972024655
3,0.8088088088088088,0.5185712027817291
3,0.8098098098098098,0.5188873083609925
3,0.8108108108108109,0.519203413940256
3,0.8118118118118118,0.5195195195195195
3,0.8128128128128128,0.519835625098783
3,0.8138138138138138,0.5201517306780464
3,0.8148148148148148,0.5204678362573099
3,0.8158158158158159,0.5207839418365734
3,0.8168168168168168,0.5211000474158368
3,0.8178178178178178,0.5214161529951004
3,0.8188188188188188,0.5217322585743638
3,0.8198198198198198,0.5220483641536272
3,0.8208208208208209,0.5223644697328907
3,0.8218218218218218,0.5226805753121542
3,0.8228228228228228,0.5229966808914177
3,0.8238238238238238,0.5233127864706811
3,0.8248248248248248,0.5236288920499447
3,0.8258258258258259,0.5239449976292081
3,0.8268268268268268,0.5242611032084716
3,0.8278278278278278,0.5245772087877351
3,0.8288288288288288,0.5248933143669985
3,0.8298298298298298,0.525209419946262
3,0.8308308308308309,0.5255255255255254
3,0.8318318318318318,0.525841631104789
3,0.8328328328328328,0.5261577366840524
3,0.8338338338338338,0.5001430001430002
3,0.8348348348348348,0.5004290004290004
3,0.8358358358358359,0.5007150007150007
3,0.8368368368368369,0.501001001001001
3,0.8378378378378378,0.5012870012870013
3,0.8388388388388388,0.5015730015730016
3,0.8398398398398398,0.5018590018590018
3,0.8408408408408409,0.5021450021450021
3,0.8418418418418419,0.5024310024310025
3,0.8428428428428428,0.5027170027170027
3,0.8438438438438438,0.5030030030030029
3,0.8448448448448448,0.5032890032890033
3,0.8458458458458459,0.5035750035750036
3,0.8468468468468469,0.5038610038610039
3,0.8478478478478478,0.5041470041470042
3,0.8488488488488488,0.5044330044330044
3,0.8498498498498498,0.5047190047190047
3,0.8508508508508509,0.505005005005005
3,0.8518518518518519,0.5052910052910053
3,0.8528528528528528,0.5055770055770056
3,0.8538538538538538,0.5058630058630058
3,0.8548548548548548,0.5061490061490062
3,0.8558558558558559,0.5064350064350065
3,0.8568568568568569,0.5067210067210067
3,0.8578578578578578,0.507007007007007
3,0.8588588588588588,0.5072930072930073
3,0.8598598598598598,0.5075790075790075
3,0.8608608608608609,0.5078650078650079
3,0.8618618618618619,0.5081510081510081
3,0.8628628628628628,0.5084370084370085
3,0.8638638638638638,0.5087230087230087
3,0.8648648648648649,0.509009009009009
3,0.8658658658658659,0.5092950092950093
3,0.8668668668668669,0.5095810095810096
3,0.8678678678678678,0.5098670098670098
3,0.8688688688688688,0.5101530101530102
3,0.8698698698698699,0.5104390104390104
3,0.8708708708708709,0.5107250107250108
3,0.8718718718718719,0.511011011011011
3,0.8728728728728729,0.5112970112970113
3,0.8738738738738738,0.5115830115830116
3,0.8748748748748749,0.5118690118690119
3,0.8758758758758759,0.5121550121550121
3,0.8768768768768769,0.5124410124410125
3,0.8778778778778779,0.5127270127270127
3,0.8788788788788788,0.513013013013013
3,0.8798798798798799,0.5132990132990133
3,0.8808808808808809,0.5135850135850136
3,0.8818818818818819,0.5138710138710139
3,0.8828828828828829,0.5141570141570142
3,0.8838838838838838,0.5144430144430144
3,0.8848848848848849,0.5147290147290148
3,0.8858858858858859,0.515015015015015
3,0.8868868868868869,0.5153010153010154
3,0.8878878878878879,0.5155870155870156
3,0.8888888888888888,0.5158730158730159
3,0.8898898898898899,0.5161590161590162
3,0.8908908908908909,0.5164450164450165
3,0.8918918918918919,0.5167310167310167
3,0.8928928928928929,0.5170170170170171
3,0.8938938938938938,0.5173030173030173
3,0.8948948948948949,0.5175890175890177
3,0.8958958958958959,0.5178750178750179
3,0.8968968968968969,0.5181610181610182
3,0.8978978978978979,0.5184470184470185
3,0.8988988988988988,0.5187330187330188
3,0.8998998998998999,0.519019019019019
3,0.9009009009009009,0.5193050193050194
3,0.9019019019019019,0.5195910195910196
3,0.9029029029029029,0.51987701987702
3,0.9039039039039038,0.5201630201630202
3,0.9049049049049049,0.5204490204490205
3,0.9059059059059059,0.5207350207350208
3,0.9069069069069069,0.5210210210210211
3,0.9079079079079079,0.5213070213070213
3,0.9089089089089089,0.5215930215930216
3,0.9099099099099099,0.5218790218790219
3,0.9109109109109109,0.5221650221650223
3,0.9119119119119119,0.5224510224510225
3,0.9129129129129129,0.5227370227370227
3,0.9139139139139139,0.5230230230230231
3,0.914914914914915,0.5233090233090234
3,0.9159159159159159,0.5235950235950236
3,0.9169169169169169,0.4074709630265186
3,0.9179179179179179,0.40772518550296327
3,0.9189189189189189,0.40797940797940796
3,0.91991991991992,0.40823363045585265
3,0.9209209209209209,0.4084878529322974
3,0.9219219219219219,0.4087420754087421
3,0.9229229229229229,0.40899629788518677
3,0.9239239239239239,0.40925052036163145
3,0.924924924924925,0.40950474283807614
3,0.9259259259259259,0.40975896531452083
3,0.9269269269269269,0.41001318779096557
3,0.9279279279279279,0.41026741026741026
3,0.9289289289289289,0.41052163274385495
3,0.92992992992993,0.41077585522029963
3,0.9309309309309309,0.4110300776967443
3,0.9319319319319319,0.41128430017318907
3,0.9329329329329329,0.41153852264963375
3,0.933933933933934,0.41179274512607844
3,0.934934934934935,0.41204696760252313
3,0.9359359359359359,0.4123011900789678
3,0.9369369369369369,0.41255541255541256
3,0.9379379379379379,0.41280963503185725
3,0.938938938938939,0.41306385750830193
3,0.93993993993994,0.4133180799847466
3,0.9409409409409409,0.4135723024611913
3,0.9419419419419419,0.41382652493763605
3,0.9429429429429429,0.41408074741408074
3,0.943943943943944,0.41433496989052543
3,0.944944944944945,0.4145891923669701
3,0.9459459459459459,0.4148434148434148
3,0.9469469469469469,0.4150976373198595
3,0.9479479479479479,0.41535185979630423
3,0.948948948948949,0.4156060822727489
3,0.94994994994995,0.4158603047491936
3,0.950950950950951,0.4161145272256383
3,0.9519519519519519,0.416368749702083
3,0.9529529529529529,0.41662297217852773
3,0.953953953953954,0.4168771946549724
3,0.954954954954955,0.4171314171314171
3,0.955955955955956,0.4173856396078618
3,0.9569569569569569,0.4176398620843065
3,0.9579579579579579,0.4178940845607512
3,0.958958958958959,0.4181483070371959
3,0.95995995995996,0.4184025295136406
3,0.960960960960961,0.4186567519900853
3,0.9619619619619619,0.41891097446653
3,0.9629629629629629,0.4191651969429747
3,0.963963963963964,0.4194194194194194
3,0.964964964964965,0.4196736418958641
3,0.965965965965966,0.4199278643723088
3,0.9669669669669669,0.42018208684875347
3,0.9679679679679679,0.42043630932519815
3,0.968968968968969,0.4206905318016429
3,0.96996996996997,0.4209447542780876
3,0.970970970970971,0.4211989767545323
3,0.9719719719719719,0.42145319923097696
3,0.9729729729729729,0.42170742170742165
3,0.973973973973974,0.4219616441838664
3,0.974974974974975,0.4222158666603111
3,0.975975975975976,0.42247008913675577
3,0.9769769769769769,0.42272431161320045
3,0.9779779779779779,0.42297853408964514
3,0.978978978978979,0.4232327565660899
3,0.97997997997998,0.4234869790425346
3,0.980980980980981,0.42374120151897926
3,0.9819819819819819,0.42399542399542395
3,0.9829829829829829,0.42424964647186864
3,0.983983983983984,0.4245038689483134
3,0.984984984984985,0.42475809142475807
3,0.985985985985986,0.42501231390120275
3,0.986986986986987,0.42526653637764744
3,0.9879879879879879,0.42552075885409213
3,0.988988988988989,0.4257749813305369
3,0.98998998998999,0.42602920380698156
3,0.990990990990991,0.42628342628342625
3,0.991991991991992,0.42653764875987094
3,0.992992992992993,0.4267918712363157
3,0.993993993993994,0.42704609371276037
3,0.994994994994995,0.42730031618920505
3,0.995995995995996,0.42755453866564974
3,0.996996996996997,0.42780876114209443
3,0.997997997997998,0.4280629836185392
3,0.998998998998999,0.42831720609498386
3,1.0,0.27906976744186046
4,0.0,1.0
4,0.001001001001001001,1.0
4,0.002002002002002002,1.0
4,0.003003003003003003,1.0
4,0.004004004004004004,1.0
4,0.005005005005005005,1.0
4,0.006006006006006006,1.0
4,0.007007007007007007,1.0
4,0.008008008008008008,1.0
4,0.009009009009009009,1.0
4,0.01001001001001001,1.0
4,0.011011011011011011,1.0
4,0.012012012012012012,1.0
4,0.013013013013013013,1.0
4,0.014014014014014014,1.0
4,0.015015015015015015,1.0
4,0.016016016016016016,1.0
4,0.017017017017017015,1.0
4,0.018018018018018018,1.0
4,0.01901901901901902,1.0
4,0.02002002002002002,1.0
4,0.02102102102102102,1.0
4,0.022022022022022022,1.0
4,0.023023023023023025,1.0
4,0.024024024024024024,1.0
4,0.025025025025025023,1.0
4,0.026026026026026026,1.0
4,0.02702702702702703,1.0
4,0.028028028028028028,1.0
4,0.029029029029029027,1.0
4,0.03003003003003003,1.0
4,0.031031031031031032,1.0
4,0.03203203203203203,1.0
4,0.03303303303303303,1.0
4,0.03403403403403403,1.0
4,0.035035035035035036,1.0
4,0.036036036036036036,1.0
4,0.037037037037037035,1.0
4,0.03803803803803804,1.0
4,0.03903903903903904,1.0
4,0.04004004004004004,1.0
4,0.04104104104104104,1.0
4,0.04204204204204204,1.0
4,0.043043043043043044,1.0
4,0.044044044044044044,1.0
4,0.04504504504504504,1.0
4,0.04604604604604605,1.0
4,0.04704704704704705,1.0
4,0.04804804804804805,1.0
4,0.04904904904904905,1.0
4,0.050050050050050046,1.0
4,0.05105105105105105,1.0
4,0.05205205205205205,1.0
4,0.05305305305305305,1.0
4,0.05405405405405406,1.0
4,0.055055055055055056,1.0
4,0.056056056056056056,1.0
4,0.057057057057057055,1.0
4,0.058058058058058054,1.0
4,0.05905905905905906,1.0
4,0.06006006006006006,1.0
4,0.06106106106106106,1.0
4,0.062062062062062065,1.0
4,0.06306306306306306,1.0
4,0.06406406406406406,1.0
4,0.06506506506506507,1.0
4,0.06606606606606606,1.0
4,0.06706706706706707,1.0
4,0.06806806806806806,1.0
4,0.06906906906906907,1.0
4,0.07007007007007007,1.0
4,0.07107107107107107,1.0
4,0.07207207207207207,1.0
4,0.07307307307307308,1.0
4,0.07407407407407407,1.0
4,0.07507507507507508,1.0
4,0.07607607607607608,1.0
4,0.07707707707707707,1.0
4,0.07807807807807808,1.0
4,0.07907907907907907,1.0
4,0.08008008008008008,1.0
4,0.08108108108108109,1.0
4,0.08208208208208208,1.0
4,0.08308308308308308,1.0
4,0.08408408408408408,1.0
4,0.08508508508508508,1.0
4,0.08608608608608609,1.0
4,0.08708708708708708,1.0
4,0.08808808808808809,1.0
4,0.0890890890890891,1.0
4,0.09009009009009009,1.0
4,0.09109109109109109,1.0
4,0.0920920920920921,1.0
4,0.09309309309309309,1.0
4,0.0940940940940941,1.0
4,0.09509509509509509,1.0
4,0.0960960960960961,1.0
4,0.0970970970970971,1.0
4,0.0980980980980981,1.0
4,0.0990990990990991,1.0
4,0.10010010010010009,1.0
4,0.1011011011011011,1.0
4,0.1021021021021021,1.0
4,0.1031031031031031,1.0
4,0.1041041041041041,1.0
4,0.10510510510510511,1.0
4,0.1061061061061061,1.0
4,0.10710710710710711,1.0
4,0.10810810810810811,1.0
4,0.1091091091091091,1.0
4,0.11011011011011011,1.0
4,0.1111111111111111,1.0
4,0.11211211211211211,1.0
4,0.11311311311311312,1.0
4,0.11411411411411411,1.0
4,0.11511511511511512,1.0
4,0.11611611611611611,1.0
4,0.11711711711711711,1.0
4,0.11811811811811812,1.0
4,0.11911911911911911,1.0
4,0.12012012012012012,1.0
4,0.12112112112112113,1.0
4,0.12212212212212212,1.0
4,0.12312312312312312,1.0
4,0.12412412412412413,1.0
4,0.12512512512512514,1.0
4,0.12612612612612611,1.0
4,0.12712712712712712,1.0
4,0.12812812812812813,1.0
4,0.12912912912912913,1.0
4,0.13013013013013014,1.0
4,0.13113113113113112,1.0
4,0.13213213213213212,1.0
4,0.13313313313313313,1.0
4,0.13413413413413414,1.0
4,0.13513513513513514,1.0
4,0.13613613613613612,1.0
4,0.13713713713713713,1.0
4,0.13813813813813813,1.0
4,0.13913913913913914,1.0
4,0.14014014014014015,1.0
4,0.14114114114114115,1.0
4,0.14214214214214213,1.0
4,0.14314314314314314,1.0
4,0.14414414414414414,1.0
4,0.14514514514514515,1.0
4,0.14614614614614616,1.0
4,0.14714714714714713,1.0
4,0.14814814814814814,1.0
4,0.14914914914914915,1.0
4,0.15015015015015015,1.0
4,0.15115115115115116,1.0
4,0.15215215215215216,1.0
4,0.15315315315315314,1.0
4,0.15415415415415415,1.0
4,0.15515515515515516,1.0
4,0.15615615615615616,1.0
4,0.15715715715715717,1.0
4,0.15815815815815815,1.0
4,0.15915915915915915,1.0
4,0.16016016016016016,1.0
4,0.16116116116116116,1.0
4,0.16216216216216217,1.0
4,0.16316316316316315,1.0
4,0.16416416416416416,1.0
4,0.16516516516516516,1.0
4,0.16616616616616617,1.0
4,0.16716716716716717,0.6671671671671672
4,0.16816816816816815,0.6681681681681682
4,0.16916916916916916,0.6691691691691691
4,0.17017017017017017,0.6701701701701701
4,0.17117117117117117,0.6711711711711712
4,0.17217217217217218,0.6721721721721722
4,0.17317317317317318,0.6731731731731732
4,0.17417417417417416,0.6741741741741741
4,0.17517517517517517,0.6751751751751751
4,0.17617617617617617,0.6761761761761762
4,0.17717717717717718,0.6771771771771772
4,0.1781781781781782,0.6781781781781782
4,0.17917917917917917,0.6791791791791791
4,0.18018018018018017,0.6801801801801801
4,0.18118118118118118,0.6811811811811812
4,0.18218218218218218,0.6821821821821822
4,0.1831831831831832,0.6831831831831832
4,0.1841841841841842,0.6841841841841841
4,0.18518518518518517,0.6851851851851851
4,0.18618618618618618,0.6861861861861862
4,0.1871871871871872,0.6871871871871872
4,0.1881881881881882,0.6881881881881882
4,0.1891891891891892,0.6891891891891891
4,0.19019019019019018,0.6901901901901901
4,0.19119119119119118,0.6911911911911912
4,0.1921921921921922,0.6921921921921922
4,0.1931931931931932,0.6931931931931932
4,0.1941941941941942,0.6941941941941941
4,0.19519519519519518,0.6951951951951951
4,0.1961961961961962,0.6961961961961962
4,0.1971971971971972,0.6971971971971972
4,0.1981981981981982,0.6981981981981982
4,0.1991991991991992,0.6991991991991992
4,0.20020020020020018,0.7002002002002001
4,0.2012012012012012,0.7012012012012012
4,0.2022022022022022,0.7022022022022022
4,0.2032032032032032,0.7032032032032032
4,0.2042042042042042,0.7042042042042042
4,0.20520520520520522,0.7052052052052052
4,0.2062062062062062,0.7062062062062062
4,0.2072072072072072,0.7072072072072072
4,0.2082082082082082,0.7082082082082082
4,0.2092092092092092,0.7092092092092092
4,0.21021021021021022,0.7102102102102102
4,0.2112112112112112,0.7112112112112112
4,0.2122122122122122,0.7122122122122122
4,0.2132132132132132,0.7132132132132132
4,0.21421421421421422,0.7142142142142142
4,0.21521521521521522,0.7152152152152152
4,0.21621621621621623,0.7162162162162162
4,0.2172172172172172,0.7172172172172172
4,0.2182182182182182,0.7182182182182182
4,0.21921921921921922,0.7192192192192192
4,0.22022022022022023,0.7202202202202203
4,0.22122122122122123,0.7212212212212212
4,0.2222222222222222,0.7222222222222222
4,0.22322322322322322,0.7232232232232232
4,0.22422422422422422,0.7242242242242242
4,0.22522522522522523,0.7252252252252253
4,0.22622622622622623,0.7262262262262262
4,0.2272272272272272,0.7272272272272272
4,0.22822822822822822,0.7282282282282282
4,0.22922922922922923,0.7292292292292292
4,0.23023023023023023,0.7302302302302303
4,0.23123123123123124,0.7312312312312312
4,0.23223223223223222,0.7322322322322322
4,0.23323323323323322,0.7332332332332332
4,0.23423423423423423,0.7342342342342342
4,0.23523523523523523,0.7352352352352353
4,0.23623623623623624,0.7362362362362362
4,0.23723723723723725,0.7372372372372372
4,0.23823823823823823,0.7382382382382382
4,0.23923923923923923,0.7392392392392392
4,0.24024024024024024,0.7402402402402403
4,0.24124124124124124,0.7412412412412412
4,0.24224224224224225,0.7422422422422422
4,0.24324324324324323,0.7432432432432432
4,0.24424424424424424,0.7442442442442442
4,0.24524524524524524,0.7452452452452453
4,0.24624624624624625,0.7462462462462462
4,0.24724724724724725,0.7472472472472472
4,0.24824824824824826,0.7482482482482482
4,0.24924924924924924,0.7492492492492492
4,0.2502502502502503,0.5002145002145002
4,0.25125125125125125,0.5010725010725011
4,0.25225225225225223,0.5019305019305019
4,0.25325325325325326,0.5027885027885028
4,0.25425425425425424,0.5036465036465037
4,0.2552552552552553,0.5045045045045046
4,0.25625625625625625,0.5053625053625054
4,0.25725725725725723,0.5062205062205062
4,0.25825825825825827,0.5070785070785071
4,0.25925925925925924,0.5079365079365079
4,0.2602602602602603,0.5087945087945088
4,0.26126126126126126,0.5096525096525096
4,0.26226226226226224,0.5105105105105104
4,0.26326326326326327,0.5113685113685114
4,0.26426426426426425,0.5122265122265122
4,0.2652652652652653,0.5130845130845131
4,0.26626626626626626,0.5139425139425139
4,0.26726726726726724,0.5148005148005148
4,0.2682682682682683,0.5156585156585156
4,0.26926926926926925,0.5165165165165165
4,0.2702702702702703,0.5173745173745173
4,0.27127127127127126,0.5182325182325183
4,0.27227227227227224,0.5190905190905191
4,0.2732732732732733,0.51994851994852
4,0.27427427427427425,0.5208065208065208
4,0.2752752752752753,0.5216645216645217
4,0.27627627627627627,0.5225225225225225
4,0.2772772772772773,0.5233805233805234
4,0.2782782782782783,0.5242385242385242
4,0.27927927927927926,0.525096525096525
4,0.2802802802802803,0.525954525954526
4,0.28128128128128127,0.5268125268125268
4,0.2822822822822823,0.5276705276705277
4,0.2832832832832833,0.5285285285285285
4,0.28428428428428426,0.5293865293865294
4,0.2852852852852853,0.5302445302445302
4,0.2862862862862863,0.5311025311025311
4,0.2872872872872873,0.531960531960532
4,0.2882882882882883,0.5328185328185329
4,0.28928928928928926,0.5336765336765337
4,0.2902902902902903,0.5345345345345345
4,0.2912912912912913,0.5353925353925354
4,0.2922922922922923,0.5362505362505363
4,0.2932932932932933,0.5371085371085371
4,0.29429429429429427,0.5379665379665379
4,0.2952952952952953,0.5388245388245388
4,0.2962962962962963,0.5396825396825397
4,0.2972972972972973,0.5405405405405406
4,0.2982982982982983,0.5413985413985414
4,0.29929929929929927,0.5422565422565422
4,0.3003003003003003,0.5431145431145431
4,0.3013013013013013,0.5439725439725439
4,0.3023023023023023,0.5448305448305448
4,0.3033033033033033,0.5456885456885456
4,0.30430430430430433,0.5465465465465466
4,0.3053053053053053,0.5474045474045474
4,0.3063063063063063,0.5482625482625483
4,0.3073073073073073,0.5491205491205491
4,0.3083083083083083,0.54997854997855
4,0.30930930930930933,0.5508365508365508
4,0.3103103103103103,0.5516945516945517
4,0.3113113113113113,0.5525525525525525
4,0.3123123123123123,0.5534105534105535
4,0.3133133133133133,0.5542685542685543
4,0.31431431431431434,0.5551265551265552
4,0.3153153153153153,0.555984555984556
4,0.3163163163163163,0.5568425568425568
4,0.3173173173173173,0.5577005577005577
4,0.3183183183183183,0.5585585585585585
4,0.31931931931931934,0.5594165594165594
4,0.3203203203203203,0.5602745602745602
4,0.3213213213213213,0.561132561132561
4,0.32232232232232233,0.561990561990562
4,0.3233233233233233,0.5628485628485629
4,0.32432432432432434,0.5637065637065637
4,0.3253253253253253,0.5645645645645645
4,0.3263263263263263,0.5654225654225654
4,0.32732732732732733,0.5662805662805663
4,0.3283283283283283,0.5671385671385671
4,0.32932932932932935,0.567996567996568
4,0.3303303303303303,0.5688545688545689
4,0.3313313313313313,0.5697125697125697
4,0.33233233233233234,0.5705705705705706
4,0.3333333333333333,0.5714285714285714
4,0.33433433433433435,0.5720720720720721
4,0.3353353353353353,0.5727155727155727
4,0.3363363363363363,0.5733590733590733
4,0.33733733733733734,0.574002574002574
4,0.3383383383383383,0.5746460746460746
4,0.33933933933933935,0.5752895752895753
4,0.34034034034034033,0.5759330759330759
4,0.34134134134134136,0.5765765765765766
4,0.34234234234234234,0.5772200772200772
4,0.3433433433433433,0.5778635778635778
4,0.34434434434434436,0.5785070785070785
4,0.34534534534534533,0.5791505791505791
4,0.34634634634634637,0.5797940797940798
4,0.34734734734734735,0.5804375804375804
4,0.3483483483483483,0.581081081081081
4,0.34934934934934936,0.5817245817245817
4,0.35035035035035034,0.5823680823680824
4,0.35135135135135137,0.583011583011583
4,0.35235235235235235,0.5836550836550837
4,0.3533533533533533,0.5842985842985843
4,0.35435435435435436,0.5849420849420849
4,0.35535535535535534,0.5855855855855856
4,0.3563563563563564,0.5862290862290862
4,0.35735735735735735,0.5868725868725868
4,0.35835835835835833,0.5875160875160875
4,0.35935935935935936,0.5881595881595881
4,0.36036036036036034,0.5888030888030887
4,0.3613613613613614,0.5894465894465895
4,0.36236236236236236,0.5900900900900901
4,0.36336336336336333,0.5907335907335907
4,0.36436436436436437,0.5913770913770914
4,0.36536536536536535,0.592020592020592
4,0.3663663663663664,0.5926640926640927
4,0.36736736736736736,0.5933075933075933
4,0.3683683683683684,0.5939510939510939
4,0.36936936936936937,0.5945945945945946
4,0.37037037037037035,0.5952380952380952
4,0.3713713713713714,0.5958815958815958
4,0.37237237237237236,0.5965250965250966
4,0.3733733733733734,0.5971685971685972
4,0.3743743743743744,0.5978120978120978
4,0.37537537537537535,0.5984555984555984
4,0.3763763763763764,0.5990990990990991
4,0.37737737737737737,0.5997425997425997
4,0.3783783783783784,0.6003861003861004
4,0.3793793793793794,0.601029601029601
4,0.38038038038038036,0.6016731016731016
4,0.3813813813813814,0.6023166023166023
4,0.38238238238238237,0.6029601029601029
4,0.3833833833833834,0.6036036036036037
4,0.3843843843843844,0.6042471042471043
4,0.38538538538538536,0.6048906048906049
4,0.3863863863863864,0.6055341055341055
4,0.38738738738738737,0.6061776061776062
4,0.3883883883883884,0.6068211068211068
4,0.3893893893893894,0.6074646074646074
4,0.39039039039039036,0.6081081081081081
4,0.3913913913913914,0.6087516087516087
4,0.3923923923923924,0.6093951093951093
4,0.3933933933933934,0.61003861003861
4,0.3943943943943944,0.6106821106821106
4,0.39539539539539537,0.6113256113256113
4,0.3963963963963964,0.611969111969112
4,0.3973973973973974,0.6126126126126126
4,0.3983983983983984,0.6132561132561133
4,0.3993993993993994,0.6138996138996139
4,0.40040040040040037,0.6145431145431145
4,0.4014014014014014,0.6151866151866152
4,0.4024024024024024,0.6158301158301158
4,0.4034034034034034,0.6164736164736164
4,0.4044044044044044,0.6171171171171171
4,0.40540540540540543,0.6177606177606177
4,0.4064064064064064,0.6184041184041184
4,0.4074074074074074,0.6190476190476191
4,0.4084084084084084,0.6196911196911197
4,0.4094094094094094,0.6203346203346203
4,0.41041041041041043,0.620978120978121
4,0.4114114114114114,0.6216216216216216
4,0.4124124124124124,0.6222651222651222
4,0.4134134134134134,0.6229086229086229
4,0.4144144144144144,0.6235521235521235
4,0.41541541541541543,0.6241956241956242
4,0.4164164164164164,0.6248391248391248
4,0.4174174174174174,0.4549549549549549
4,0.4184184184184184,0.4555009555009555
4,0.4194194194194194,0.456046956046956
4,0.42042042042042044,0.45659295659295657
4,0.4214214214214214,0.45713895713895714
4,0.4224224224224224,0.45768495768495765
4,0.42342342342342343,0.4582309582309582
4,0.4244244244244244,0.45877695877695873
4,0.42542542542542544,0.4593229593229593
4,0.4264264264264264,0.4598689598689598
4,0.4274274274274274,0.4604149604149604
4,0.42842842842842843,0.46096096096096095
4,0.4294294294294294,0.46150696150696147
4,0.43043043043043044,0.46205296205296204
4,0.4314314314314314,0.46259896259896255
4,0.43243243243243246,0.4631449631449631
4,0.43343343343343343,0.4636909636909637
4,0.4344344344344344,0.4642369642369642
4,0.43543543543543545,0.46478296478296477
4,0.4364364364364364,0.4653289653289653
4,0.43743743743743746,0.46587496587496585
4,0.43843843843843844,0.4664209664209664
4,0.4394394394394394,0.46696696696696693
4,0.44044044044044045,0.4675129675129675
4,0.44144144144144143,0.468058968058968
4,0.44244244244244246,0.4686049686049686
4,0.44344344344344344,0.46915096915096915
4,0.4444444444444444,0.46969696969696967
4,0.44544544544544545,0.47024297024297024
4,0.44644644644644643,0.47078897078897075
4,0.44744744744744747,0.4713349713349713
4,0.44844844844844844,0.4718809718809719
4,0.4494494494494494,0.4724269724269724
4,0.45045045045045046,0.47297297297297297
4,0.45145145145145144,0.4735189735189735
4,0.45245245245245247,0.47406497406497405
4,0.45345345345345345,0.47461097461097457
4,0.4544544544544544,0.47515697515697514
4,0.45545545545545546,0.4757029757029757
4,0.45645645645645644,0.4762489762489762
4,0.4574574574574575,0.4767949767949768
4,0.45845845845845845,0.4773409773409773
4,0.45945945945945943,0.47788697788697787
4,0.46046046046046046,0.47843297843297844
4,0.46146146146146144,0.47897897897897895
4,0.4624624624624625,0.4795249795249795
4,0.46346346346346345,0.48007098007098004
4,0.46446446446446443,0.4806169806169806
4,0.46546546546546547,0.4811629811629812
4,0.46646646646646645,0.4817089817089817
4,0.4674674674674675,0.48225498225498226
4,0.46846846846846846,0.48280098280098277
4,0.4694694694694695,0.48334698334698334
4,0.47047047047047047,0.4838929838929839
4,0.47147147147147145,0.4844389844389844
4,0.4724724724724725,0.484984984984985
4,0.47347347347347346,0.4855309855309855
4,0.4744744744744745,0.4860769860769861
4,0.4754754754754755,0.48662298662298664
4,0.47647647647647645,0.48716898716898716
4,0.4774774774774775,0.4877149877149877
4,0.47847847847847846,0.48826098826098824
4,0.4794794794794795,0.4888069888069888
4,0.4804804804804805,0.4893529893529893
4,0.48148148148148145,0.4898989898989899
4,0.4824824824824825,0.49044499044499046
4,0.48348348348348347,0.49099099099099097
4,0.4844844844844845,0.49153699153699154
4,0.4854854854854855,0.49208299208299205
4,0.48648648648648646,0.4926289926289926
4,0.4874874874874875,0.4931749931749932
4,0.48848848848848847,0.4937209937209937
4,0.4894894894894895,0.4942669942669943
4,0.4904904904904905,0.4948129948129948
4,0.49149149149149146,0.49535899535899536
4,0.4924924924924925,0.4959049959049959
4,0.4934934934934935,0.49645099645099644
4,0.4944944944944945,0.496996996996997
4,0.4954954954954955,0.4975429975429975
4,0.4964964964964965,0.4980889980889981
4,0.4974974974974975,0.4986349986349986
4,0.4984984984984985,0.4991809991809992
4,0.4994994994994995,0.49972699972699974
4,0.5005005005005005,0.5002310002310002
4,0.5015015015015015,0.5006930006930007
4,0.5025025025025025,0.5011550011550011
4,0.5035035035035035,0.5016170016170016
4,0.5045045045045045,0.502079002079002
4,0.5055055055055055,0.5025410025410025
4,0.5065065065065065,0.503003003003003
4,0.5075075075075075,0.5034650034650034
4,0.5085085085085085,0.503927003927004
4,0.5095095095095095,0.5043890043890044
4,0.5105105105105106,0.5048510048510049
4,0.5115115115115115,0.5053130053130053
4,0.5125125125125125,0.5057750057750058
4,0.5135135135135135,0.5062370062370062
4,0.5145145145145145,0.5066990066990067
4,0.5155155155155156,0.5071610071610072
4,0.5165165165165165,0.5076230076230076
4,0.5175175175175175,0.5080850080850081
4,0.5185185185185185,0.5085470085470085
4,0.5195195195195195,0.509009009009009
4,0.5205205205205206,0.5094710094710094
4,0.5215215215215215,0.5099330099330099
4,0.5225225225225225,0.5103950103950103
4,0.5235235235235235,0.5108570108570109
4,0.5245245245245245,0.5113190113190113
4,0.5255255255255256,0.5117810117810118
4,0.5265265265265265,0.5122430122430123
4,0.5275275275275275,0.5127050127050127
4,0.5285285285285285,0.5131670131670132
4,0.5295295295295295,0.5136290136290136
4,0.5305305305305306,0.5140910140910141
4,0.5315315315315315,0.5145530145530145
4,0.5325325325325325,0.515015015015015
4,0.5335335335335335,0.5154770154770154
4,0.5345345345345345,0.5159390159390159
4,0.5355355355355356,0.5164010164010164
4,0.5365365365365365,0.5168630168630168
4,0.5375375375375375,0.5173250173250173
4,0.5385385385385385,0.5177870177870177
4,0.5395395395395395,0.5182490182490183
4,0.5405405405405406,0.5187110187110187
4,0.5415415415415415,0.5191730191730192
4,0.5425425425425425,0.5196350196350196
4,0.5435435435435435,0.5200970200970201
4,0.5445445445445445,0.5205590205590205
4,0.5455455455455456,0.521021021021021
4,0.5465465465465466,0.5214830214830215
4,0.5475475475475475,0.5219450219450219
4,0.5485485485485485,0.5224070224070224
4,0.5495495495495496,0.5228690228690228
4,0.5505505505505506,0.5233310233310233
4,0.5515515515515516,0.5237930237930237
4,0.5525525525525525,0.5242550242550242
4,0.5535535535535535,0.5247170247170246
4,0.5545545545545546,0.5251790251790251
4,0.5555555555555556,0.5256410256410257
4,0.5565565565565566,0.5261030261030261
4,0.5575575575575575,0.5265650265650266
4,0.5585585585585585,0.527027027027027
4,0.5595595595595596,0.5274890274890275
4,0.5605605605605606,0.5279510279510279
4,0.5615615615615616,0.5284130284130284
4,0.5625625625625625,0.5288750288750288
4,0.5635635635635635,0.5293370293370293
4,0.5645645645645646,0.5297990297990298
4,0.5655655655655656,0.5302610302610302
4,0.5665665665665666,0.5307230307230307
4,0.5675675675675675,0.5311850311850311
4,0.5685685685685685,0.5316470316470316
4,0.5695695695695696,0.532109032109032
4,0.5705705705705706,0.5325710325710326
4,0.5715715715715716,0.533033033033033
4,0.5725725725725725,0.5334950334950335
4,0.5735735735735735,0.5339570339570339
4,0.5745745745745746,0.5344190344190344
4,0.5755755755755756,0.5348810348810349
4,0.5765765765765766,0.5353430353430353
4,0.5775775775775776,0.5358050358050358
4,0.5785785785785785,0.5362670362670362
4,0.5795795795795796,0.5367290367290367
4,0.5805805805805806,0.5371910371910371
4,0.5815815815815816,0.5376530376530376
4,0.5825825825825826,0.538115038115038
4,0.5835835835835835,0.46676676676676676
4,0.5845845845845846,0.46716716716716716
4,0.5855855855855856,0.46756756756756757
4,0.5865865865865866,0.46796796796796797
4,0.5875875875875876,0.46836836836836837
4,0.5885885885885885,0.4687687687687687
4,0.5895895895895896,0.4691691691691692
4,0.5905905905905906,0.4695695695695696
4,0.5915915915915916,0.46996996996997
4,0.5925925925925926,0.4703703703703703
4,0.5935935935935935,0.47077077077077073
4,0.5945945945945946,0.4711711711711712
4,0.5955955955955956,0.4715715715715716
4,0.5965965965965966,0.47197197197197194
4,0.5975975975975976,0.47237237237237234
4,0.5985985985985985,0.47277277277277274
4,0.5995995995995996,0.4731731731731732
4,0.6006006006006006,0.47357357357357355
4,0.6016016016016016,0.47397397397397395
4,0.6026026026026026,0.47437437437437435
4,0.6036036036036035,0.47477477477477475
4,0.6046046046046046,0.47517517517517516
4,0.6056056056056056,0.47557557557557556
4,0.6066066066066066,0.47597597597597596
4,0.6076076076076076,0.47637637637637636
4,0.6086086086086087,0.47677677677677677
4,0.6096096096096096,0.47717717717717717
4,0.6106106106106106,0.47757757757757757
4,0.6116116116116116,0.477977977977978
4,0.6126126126126126,0.4783783783783784
4,0.6136136136136137,0.4787787787787788
4,0.6146146146146146,0.4791791791791792
4,0.6156156156156156,0.4795795795795796
4,0.6166166166166166,0.47997997997998
4,0.6176176176176176,0.4803803803803804
4,0.6186186186186187,0.4807807807807808
4,0.6196196196196196,0.4811811811811812
4,0.6206206206206206,0.4815815815815816
4,0.6216216216216216,0.481981981981982
4,0.6226226226226226,0.48238238238238235
4,0.6236236236236237,0.4827827827827828
4,0.6246246246246246,0.4831831831831832
4,0.6256256256256256,0.4835835835835836
4,0.6266266266266266,0.48398398398398396
4,0.6276276276276276,0.48438438438438436
4,0.6286286286286287,0.4847847847847848
4,0.6296296296296297,0.4851851851851852
4,0.6306306306306306,0.48558558558558557
4,0.6316316316316316,0.48598598598598597
4,0.6326326326326326,0.48638638638638637
4,0.6336336336336337,0.48678678678678683
4,0.6346346346346347,0.4871871871871872
4,0.6356356356356356,0.4875875875875876
4,0.6366366366366366,0.487987987987988
4,0.6376376376376376,0.4883883883883884
4,0.6386386386386387,0.4887887887887888
4,0.6396396396396397,0.4891891891891892
4,0.6406406406406406,0.4895895895895896
4,0.6416416416416416,0.48998998998999
4,0.6426426426426426,0.4903903903903904
4,0.6436436436436437,0.4907907907907908
4,0.6446446446446447,0.4911911911911912
4,0.6456456456456456,0.4915915915915916
4,0.6466466466466466,0.491991991991992
4,0.6476476476476476,0.4923923923923924
4,0.6486486486486487,0.4927927927927928
4,0.6496496496496497,0.4931931931931932
4,0.6506506506506506,0.4935935935935936
4,0.6516516516516516,0.493993993993994
4,0.6526526526526526,0.49439439439439437
4,0.6536536536536537,0.4947947947947948
4,0.6546546546546547,0.4951951951951952
4,0.6556556556556556,0.49559559559559563
4,0.6566566566566566,0.495995995995996
4,0.6576576576576576,0.4963963963963964
4,0.6586586586586587,0.49679679679679684
4,0.6596596596596597,0.49719719719719724
4,0.6606606606606606,0.4975975975975976
4,0.6616616616616616,0.497997997997998
4,0.6626626626626626,0.4983983983983984
4,0.6636636636636637,0.49879879879879885
4,0.6646646646646647,0.4991991991991992
4,0.6656656656656657,0.4995995995995996
4,0.6666666666666666,0.5
4,0.6676676676676676,0.5003532944709416
4,0.6686686686686687,0.5007065889418831
4,0.6696696696696697,0.5010598834128246
4,0.6706706706706707,0.5014131778837662
4,0.6716716716716716,0.5017664723547076
4,0.6726726726726726,0.5021197668256492
4,0.6736736736736737,0.5024730612965908
4,0.6746746746746747,0.5028263557675322
4,0.6756756756756757,0.5031796502384738
4,0.6766766766766766,0.5035329447094153
4,0.6776776776776777,0.5038862391803569
4,0.6786786786786787,0.5042395336512984
4,0.6796796796796797,0.5045928281222399
4,0.6806806806806807,0.5049461225931814
4,0.6816816816816816,0.505299417064123
4,0.6826826826826827,0.5056527115350645
4,0.6836836836836837,0.506006006006006
4,0.6846846846846847,0.5063593004769475
4,0.6856856856856857,0.5067125949478891
4,0.6866866866866866,0.5070658894188306
4,0.6876876876876877,0.5074191838897721
4,0.6886886886886887,0.5077724783607137
4,0.6896896896896897,0.5081257728316552
4,0.6906906906906907,0.5084790673025967
4,0.6916916916916916,0.5088323617735382
4,0.6926926926926927,0.5091856562444798
4,0.6936936936936937,0.5095389507154213
4,0.6946946946946947,0.5098922451863629
4,0.6956956956956957,0.5102455396573043
4,0.6966966966966966,0.5105988341282459
4,0.6976976976976977,0.5109521285991875
4,0.6986986986986987,0.5113054230701289
4,0.6996996996996997,0.5116587175410705
4,0.7007007007007007,0.512012012012012
4,0.7017017017017017,0.5123653064829535
4,0.7027027027027027,0.5127186009538951
4,0.7037037037037037,0.5130718954248367
4,0.7047047047047047,0.5134251898957781
4,0.7057057057057057,0.5137784843667197
4,0.7067067067067067,0.5141317788376611
4,0.7077077077077077,0.5144850733086027
4,0.7087087087087087,0.5148383677795443
4,0.7097097097097097,0.5151916622504857
4,0.7107107107107107,0.5155449567214273
4,0.7117117117117117,0.5158982511923689
4,0.7127127127127127,0.5162515456633104
4,0.7137137137137137,0.5166048401342519
4,0.7147147147147147,0.5169581346051935
4,0.7157157157157157,0.5173114290761349
4,0.7167167167167167,0.5176647235470765
4,0.7177177177177178,0.5180180180180181
4,0.7187187187187187,0.5183713124889595
4,0.7197197197197197,0.5187246069599011
4,0.7207207207207207,0.5190779014308426
4,0.7217217217217217,0.5194311959017841
4,0.7227227227227228,0.5197844903727257
4,0.7237237237237237,0.5201377848436672
4,0.7247247247247247,0.5204910793146087
4,0.7257257257257257,0.5208443737855503
4,0.7267267267267267,0.5211976682564917
4,0.7277277277277278,0.5215509627274333
4,0.7287287287287287,0.5219042571983749
4,0.7297297297297297,0.5222575516693164
4,0.7307307307307307,0.5226108461402579
4,0.7317317317317317,0.5229641406111994
4,0.7327327327327328,0.523317435082141
4,0.7337337337337337,0.5236707295530825
4,0.7347347347347347,0.524024024024024
4,0.7357357357357357,0.5243773184949655
4,0.7367367367367368,0.5247306129659071
4,0.7377377377377378,0.5250839074368486
4,0.7387387387387387,0.5254372019077902
4,0.7397397397397397,0.5257904963787317
4,0.7407407407407407,0.5261437908496732
4,0.7417417417417418,0.5264970853206148
4,0.7427427427427428,0.5268503797915562
4,0.7437437437437437,0.5272036742624978
4,0.7447447447447447,0.5275569687334393
4,0.7457457457457457,0.5279102632043808
4,0.7467467467467468,0.5282635576753224
4,0.7477477477477478,0.528616852146264
4,0.7487487487487487,0.5289701466172054
4,0.7497497497497497,0.529323441088147
4,0.7507507507507507,0.5002370791844476
4,0.7517517517517518,0.5005531847637111
4,0.7527527527527528,0.5008692903429746
4,0.7537537537537538,0.501185395922238
4,0.7547547547547547,0.5015015015015015
4,0.7557557557557557,0.501817607080765
4,0.7567567567567568,0.5021337126600285
4,0.7577577577577578,0.5024498182392919
4,0.7587587587587588,0.5027659238185553
4,0.7597597597597597,0.5030820293978189
4,0.7607607607607607,0.5033981349770823
4,0.7617617617617618,0.5037142405563458
4,0.7627627627627628,0.5040303461356093
4,0.7637637637637638,0.5043464517148728
4,0.7647647647647647,0.5046625572941362
4,0.7657657657657657,0.5049786628733997
4,0.7667667667667668,0.5052947684526632
4,0.7677677677677678,0.5056108740319266
4,0.7687687687687688,0.5059269796111902
4,0.7697697697697697,0.5062430851904536
4,0.7707707707707707,0.506559190769717
4,0.7717717717717718,0.5068752963489805
4,0.7727727727727728,0.5071914019282441
4,0.7737737737737738,0.5075075075075075
4,0.7747747747747747,0.5078236130867709
4,0.7757757757757757,0.5081397186660345
4,0.7767767767767768,0.5084558242452979
4,0.7777777777777778,0.5087719298245614
4,0.7787787787787788,0.5090880354038249
4,0.7797797797797797,0.5094041409830883
4,0.7807807807807807,0.5097202465623518
4,0.7817817817817818,0.5100363521416152
4,0.7827827827827828,0.5103524577208788
4,0.7837837837837838,0.5106685633001422
4,0.7847847847847848,0.5109846688794057
4,0.7857857857857857,0.5113007744586692
4,0.7867867867867868,0.5116168800379327
4,0.7877877877877878,0.5119329856171961
4,0.7887887887887888,0.5122490911964596
4,0.7897897897897898,0.5125651967757231
4,0.7907907907907907,0.5128813023549865
4,0.7917917917917918,0.5131974079342501
4,0.7927927927927928,0.5135135135135135
4,0.7937937937937938,0.5138296190927769
4,0.7947947947947948,0.5141457246720404
4,0.7957957957957957,0.5144618302513039
4,0.7967967967967968,0.5147779358305674
4,0.7977977977977978,0.5150940414098308
4,0.7987987987987988,0.5154101469890944
4,0.7997997997997998,0.5157262525683578
4,0.8008008008008007,0.5160423581476212
4,0.8018018018018018,0.5163584637268848
4,0.8028028028028028,0.5166745693061482
4,0.8038038038038038,0.5169906748854117
4,0.8048048048048048,0.5173067804646752
4,0.8058058058058059,0.5176228860439387
4,0.8068068068068068,0.5179389916232021
4,0.8078078078078078,0.5182550972024655
4,0.8088088088088088,0.5185712027817291
4,0.8098098098098098,0.5188873083609925
4,0.8108108108108109,0.519203413940256
4,0.8118118118118118,0.5195195195195195
4,0.8128128128128128,0.519835625098783
4,0.8138138138138138,0.5201517306780464
4,0.8148148148148148,0.5204678362573099
4,0.8158158158158159,0.5207839418365734
4,0.8168168168168168,0.5211000474158368
4,0.8178178178178178,0.5214161529951004
4,0.8188188188188188,0.5217322585743638
4,0.8198198198198198,0.5220483641536272
4,0.8208208208208209,0.5223644697328907
4,0.8218218218218218,0.5226805753121542
4,0.8228228228228228,0.5229966808914177
4,0.8238238238238238,0.5233127864706811
4,0.8248248248248248,0.5236288920499447
4,0.8258258258258259,0.5239449976292081
4,0.8268268268268268,0.5242611032084716
4,0.8278278278278278,0.5245772087877351
4,0.8288288288288288,0.5248933143669985
4,0.8298298298298298,0.525209419946262
4,0.8308308308308309,0.5255255255255254
4,0.8318318318318318,0.525841631104789
4,0.8328328328328328,0.5261577366840524
4,0.8338338338338338,0.38475227364116255
4,0.8348348348348348,0.38502605169271836
4,0.8358358358358359,0.38529982974427424
4,0.8368368368368369,0.38557360779583005
4,0.8378378378378378,0.38584738584738587
4,0.8388388388388388,0.3861211638989417
4,0.8398398398398398,0.3863949419504975
4,0.8408408408408409,0.3866687200020534
4,0.8418418418418419,0.3869424980536092
4,0.8428428428428428,0.387216276105165
4,0.8438438438438438,0.38749005415672083
4,0.8448448448448448,0.38776383220827665
4,0.8458458458458459,0.3880376102598325
4,0.8468468468468469,0.38831138831138834
4,0.8478478478478478,0.38858516636294416
4,0.8488488488488488,0.3888589444145
4,0.8498498498498498,0.3891327224660558
4,0.8508508508508509,0.38940650051761166
4,0.8518518518518519,0.3896802785691675
4,0.8528528528528528,0.3899540566207233
4,0.8538538538538538,0.3902278346722791
4,0.8548548548548548,0.39050161272383493
4,0.8558558558558559,0.3907753907753908
4,0.8568568568568569,0.3910491688269466
4,0.8578578578578578,0.39132294687850244
4,0.8588588588588588,0.39159672493005826
4,0.8598598598598598,0.3918705029816141
4,0.8608608608608609,0.39214428103316995
4,0.8618618618618619,0.39241805908472577
4,0.8628628628628628,0.3926918371362816
4,0.8638638638638638,0.3929656151878374
4,0.8648648648648649,0.3932393932393933
4,0.8658658658658659,0.3935131712909491
4,0.8668668668668669,0.3937869493425049
4,0.8678678678678678,0.39406072739406073
4,0.8688688688688688,0.39433450544561655
4,0.8698698698698699,0.3946082834971724
4,0.8708708708708709,0.39488206154872824
4,0.8718718718718719,0.39515583960028405
4,0.8728728728728729,0.39542961765183987
4,0.8738738738738738,0.3957033957033957
4,0.8748748748748749,0.39597717375495156
4,0.8758758758758759,0.3962509518065074
4,0.8768768768768769,0.3965247298580632
4,0.8778778778778779,0.396798507909619
4,0.8788788788788788,0.39707228596117483
4,0.8798798798798799,0.3973460640127307
4,0.8808808808808809,0.3976198420642865
4,0.8818818818818819,0.39789362011584234
4,0.8828828828828829,0.39816739816739816
4,0.8838838838838838,0.398441176218954
4,0.8848848848848849,0.39871495427050985
4,0.8858858858858859,0.39898873232206566
4,0.8868868868868869,0.3992625103736215
4,0.8878878878878879,0.3995362884251773
4,0.8888888888888888,0.3998100664767331
4,0.8898898898898899,0.400083844528289
4,0.8908908908908909,0.4003576225798448
4,0.8918918918918919,0.4006314006314006
4,0.8928928928928929,0.40090517868295644
4,0.8938938938938938,0.40117895673451226
4,0.8948948948948949,0.40145273478606813
4,0.8958958958958959,0.40172651283762395
4,0.8968968968968969,0.40200029088917977
4,0.8978978978978979,0.4022740689407356
4,0.8988988988988988,0.4025478469922914
4,0.8998998998998999,0.4028216250438473
4,0.9009009009009009,0.4030954030954031
4,0.9019019019019019,0.4033691811469589
4,0.9029029029029029,0.40364295919851473
4,0.9039039039039038,0.40391673725007055
4,0.9049049049049049,0.4041905153016264
4,0.9059059059059059,0.40446429335318224
4,0.9069069069069069,0.40473807140473805
4,0.9079079079079079,0.40501184945629387
4,0.9089089089089089,0.4052856275078497
4,0.9099099099099099,0.40555940555940556
4,0.9109109109109109,0.4058331836109614
4,0.9119119119119119,0.4061069616625172
4,0.9129129129129129,0.406380739714073
4,0.9139139139139139,0.40665451776562883
4,0.914914914914915,0.4069282958171847
4,0.9159159159159159,0.4072020738687405
4,0.9169169169169169,0.26834500005231715
4,0.9179179179179179,0.26855426855426856
4,0.9189189189189189,0.26876353705621997
4,0.91991991991992,0.26897280555817143
4,0.9209209209209209,0.26918207406012284
4,0.9219219219219219,0.2693913425620743
4,0.9229229229229229,0.2696006110640257
4,0.9239239239239239,0.26980987956597713
4,0.924924924924925,0.2700191480679286
4,0.9259259259259259,0.27022841656988
4,0.9269269269269269,0.2704376850718314
4,0.9279279279279279,0.2706469535737829
4,0.9289289289289289,0.2708562220757343
4,0.92992992992993,0.2710654905776857
4,0.9309309309309309,0.27127475907963716
4,0.9319319319319319,0.27148402758158857
4,0.9329329329329329,0.27169329608354
4,0.933933933933934,0.27190256458549145
4,0.934934934934935,0.27211183308744286
4,0.9359359359359359,0.27232110158939427
4,0.9369369369369369,0.27253037009134573
4,0.9379379379379379,0.27273963859329714
4,0.938938938938939,0.2729489070952486
4,0.93993993993994,0.2731581755972
4,0.9409409409409409,0.2733674440991514
4,0.9419419419419419,0.27357671260110283
4,0.9429429429429429,0.2737859811030543
4,0.943943943943944,0.2739952496050057
4,0.944944944944945,0.2742045181069571
4,0.9459459459459459,0.2744137866089086
4,0.9469469469469469,0.27462305511086
4,0.9479479479479479,0.2748323236128114
4,0.948948948948949,0.27504159211476287
4,0.94994994994995,0.2752508606167143
4,0.950950950950951,0.2754601291186657
4,0.9519519519519519,0.27566939762061715
4,0.9529529529529529,0.27587866612256856
4,0.953953953953954,0.27608793462452
4,0.954954954954955,0.27629720312647144
4,0.955955955955956,0.27650647162842285
4,0.9569569569569569,0.27671574013037425
4,0.9579579579579579,0.2769250086323257
4,0.958958958958959,0.27713427713427713
4,0.95995995995996,0.2773435456362286
4,0.960960960960961,0.27755281413818
4,0.9619619619619619,0.2777620826401314
4,0.9629629629629629,0.2779713511420828
4,0.963963963963964,0.2781806196440343
4,0.964964964964965,0.2783898881459857
4,0.965965965965966,0.2785991566479371
4,0.9669669669669669,0.2788084251498886
4,0.9679679679679679,0.27901769365184
4,0.968968968968969,0.27922696215379145
4,0.96996996996997,0.27943623065574286
4,0.970970970970971,0.27964549915769427
4,0.9719719719719719,0.2798547676596457
4,0.9729729729729729,0.28006403616159714
4,0.973973973973974,0.28027330466354855
4,0.974974974974975,0.2804825731655
4,0.975975975975976,0.2806918416674514
4,0.9769769769769769,0.28090111016940283
4,0.9779779779779779,0.28111037867135424
4,0.978978978978979,0.2813196471733057
4,0.97997997997998,0.2815289156752571
4,0.980980980980981,0.2817381841772086
4,0.9819819819819819,0.28194745267916
4,0.9829829829829829,0.2821567211811114
4,0.983983983983984,0.28236598968306287
4,0.984984984984985,0.2825752581850143
4,0.985985985985986,0.2827845266869657
4,0.986986986986987,0.2829937951889171
4,0.9879879879879879,0.28320306369086856
4,0.988988988988989,0.28341233219281997
4,0.98998998998999,0.28362160069477144
4,0.990990990990991,0.28383086919672285
4,0.991991991991992,0.28404013769867426
4,0.992992992992993,0.2842494062006257
4,0.993993993993994,0.28445867470257713
4,0.994994994994995,0.28466794320452854
4,0.995995995995996,0.28487721170648
4,0.996996996996997,0.2850864802084314
4,0.997997997997998,0.2852957487103829
4,0.998998998998999,0.2855050172123343
4,1.0,0.27906976744186046
5,0.0,1.0
5,0.001001001001001001,1.0
5,0.002002002002002002,1.0
5,0.003003003003003003,1.0
5,0.004004004004004004,1.0
5,0.005005005005005005,1.0
5,0.006006006006006006,1.0
5,0.007007007007007007,1.0
5,0.008008008008008008,1.0
5,0.009009009009009009,1.0
5,0.01001001001001001,1.0
5,0.011011011011011011,1.0
5,0.012012012012012012,1.0
5,0.013013013013013013,1.0
5,0.014014014014014014,1.0
5,0.015015015015015015,1.0
5,0.016016016016016016,1.0
5,0.017017017017017015,1.0
5,0.018018018018018018,1.0
5,0.01901901901901902,1.0
5,0.02002002002002002,1.0
5,0.02102102102102102,1.0
5,0.022022022022022022,1.0
5,0.023023023023023025,1.0
5,0.024024024024024024,1.0
5,0.025025025025025023,1.0
5,0.026026026026026026,1.0
5,0.02702702702702703,1.0
5,0.028028028028028028,1.0
5,0.029029029029029027,1.0
5,0.03003003003003003,1.0
5,0.031031031031031032,1.0
5,0.03203203203203203,1.0
5,0.03303303303303303,1.0
5,0.03403403403403403,1.0
5,0.035035035035035036,1.0
5,0.036036036036036036,1.0
5,0.037037037037037035,1.0
5,0.03803803803803804,1.0
5,0.03903903903903904,1.0
5,0.04004004004004004,1.0
5,0.04104104104104104,1.0
5,0.04204204204204204,1.0
5,0.043043043043043044,1.0
5,0.044044044044044044,1.0
5,0.04504504504504504,1.0
5,0.04604604604604605,1.0
5,0.04704704704704705,1.0
5,0.04804804804804805,1.0
5,0.04904904904904905,1.0
5,0.050050050050050046,1.0
5,0.05105105105105105,1.0
5,0.05205205205205205,1.0
5,0.05305305305305305,1.0
5,0.05405405405405406,1.0
5,0.055055055055055056,1.0
5,0.056056056056056056,1.0
5,0.057057057057057055,1.0
5,0.058058058058058054,1.0
5,0.05905905905905906,1.0
5,0.06006006006006006,1.0
5,0.06106106106106106,1.0
5,0.062062062062062065,1.0
5,0.06306306306306306,1.0
5,0.06406406406406406,1.0
5,0.06506506506506507,1.0
5,0.06606606606606606,1.0
5,0.06706706706706707,1.0
5,0.06806806806806806,1.0
5,0.06906906906906907,1.0
5,0.07007007007007007,1.0
5,0.07107107107107107,1.0
5,0.07207207207207207,1.0
5,0.07307307307307308,1.0
5,0.07407407407407407,1.0
5,0.07507507507507508,1.0
5,0.07607607607607608,1.0
5,0.07707707707707707,1.0
5,0.07807807807807808,1.0
5,0.07907907907907907,1.0
5,0.08008008008008008,1.0
5,0.08108108108108109,1.0
5,0.08208208208208208,1.0
5,0.08308308308308308,1.0
5,0.08408408408408408,1.0
5,0.08508508508508508,1.0
5,0.08608608608608609,1.0
5,0.08708708708708708,1.0
5,0.08808808808808809,1.0
5,0.0890890890890891,1.0
5,0.09009009009009009,1.0
5,0.09109109109109109,1.0
5,0.0920920920920921,1.0
5,0.09309309309309309,1.0
5,0.0940940940940941,1.0
5,0.09509509509509509,1.0
5,0.0960960960960961,1.0
5,0.0970970970970971,1.0
5,0.0980980980980981,1.0
5,0.0990990990990991,1.0
5,0.10010010010010009,1.0
5,0.1011011011011011,1.0
5,0.1021021021021021,1.0
5,0.1031031031031031,1.0
5,0.1041041041041041,1.0
5,0.10510510510510511,1.0
5,0.1061061061061061,1.0
5,0.10710710710710711,1.0
5,0.10810810810810811,1.0
5,0.1091091091091091,1.0
5,0.11011011011011011,1.0
5,0.1111111111111111,1.0
5,0.11211211211211211,1.0
5,0.11311311311311312,1.0
5,0.11411411411411411,1.0
5,0.11511511511511512,1.0
5,0.11611611611611611,1.0
5,0.11711711711711711,1.0
5,0.11811811811811812,1.0
5,0.11911911911911911,1.0
5,0.12012012012012012,1.0
5,0.12112112112112113,1.0
5,0.12212212212212212,1.0
5,0.12312312312312312,1.0
5,0.12412412412412413,1.0
5,0.12512512512512514,1.0
5,0.12612612612612611,1.0
5,0.12712712712712712,1.0
5,0.12812812812812813,1.0
5,0.12912912912912913,1.0
5,0.13013013013013014,1.0
5,0.13113113113113112,1.0
5,0.13213213213213212,1.0
5,0.13313313313313313,1.0
5,0.13413413413413414,1.0
5,0.13513513513513514,1.0
5,0.13613613613613612,1.0
5,0.13713713713713713,1.0
5,0.13813813813813813,1.0
5,0.13913913913913914,1.0
5,0.14014014014014015,1.0
5,0.14114114114114115,1.0
5,0.14214214214214213,1.0
5,0.14314314314314314,1.0
5,0.14414414414414414,1.0
5,0.14514514514514515,1.0
5,0.14614614614614616,1.0
5,0.14714714714714713,1.0
5,0.14814814814814814,1.0
5,0.14914914914914915,1.0
5,0.15015015015015015,1.0
5,0.15115115115115116,1.0
5,0.15215215215215216,1.0
5,0.15315315315315314,1.0
5,0.15415415415415415,1.0
5,0.15515515515515516,1.0
5,0.15615615615615616,1.0
5,0.15715715715715717,1.0
5,0.15815815815815815,1.0
5,0.15915915915915915,1.0
5,0.16016016016016016,1.0
5,0.16116116116116116,1.0
5,0.16216216216216217,1.0
5,0.16316316316316315,1.0
5,0.16416416416416416,1.0
5,0.16516516516516516,1.0
5,0.16616616616616617,1.0
5,0.16716716716716717,1.0
5,0.16816816816816815,1.0
5,0.16916916916916916,1.0
5,0.17017017017017017,1.0
5,0.17117117117117117,1.0
5,0.17217217217217218,1.0
5,0.17317317317317318,1.0
5,0.17417417417417416,1.0
5,0.17517517517517517,1.0
5,0.17617617617617617,1.0
5,0.17717717717717718,1.0
5,0.1781781781781782,1.0
5,0.17917917917917917,1.0
5,0.18018018018018017,1.0
5,0.18118118118118118,1.0
5,0.18218218218218218,1.0
5,0.1831831831831832,1.0
5,0.1841841841841842,1.0
5,0.18518518518518517,1.0
5,0.18618618618618618,1.0
5,0.1871871871871872,1.0
5,0.1881881881881882,1.0
5,0.1891891891891892,1.0
5,0.19019019019019018,1.0
5,0.19119119119119118,1.0
5,0.1921921921921922,1.0
5,0.1931931931931932,1.0
5,0.1941941941941942,1.0
5,0.19519519519519518,1.0
5,0.1961961961961962,1.0
5,0.1971971971971972,1.0
5,0.1981981981981982,1.0
5,0.1991991991991992,1.0
5,0.20020020020020018,1.0
5,0.2012012012012012,1.0
5,0.2022022022022022,1.0
5,0.2032032032032032,1.0
5,0.2042042042042042,1.0
5,0.20520520520520522,1.0
5,0.2062062062062062,1.0
5,0.2072072072072072,1.0
5,0.2082082082082082,1.0
5,0.2092092092092092,1.0
5,0.21021021021021022,1.0
5,0.2112112112112112,1.0
5,0.2122122122122122,1.0
5,0.2132132132132132,1.0
5,0.21421421421421422,1.0
5,0.21521521521521522,1.0
5,0.21621621621621623,1.0
5,0.2172172172172172,1.0
5,0.2182182182182182,1.0
5,0.21921921921921922,1.0
5,0.22022022022022023,1.0
5,0.22122122122122123,1.0
5,0.2222222222222222,1.0
5,0.22322322322322322,1.0
5,0.22422422422422422,1.0
5,0.22522522522522523,1.0
5,0.22622622622622623,1.0
5,0.2272272272272272,1.0
5,0.22822822822822822,1.0
5,0.22922922922922923,1.0
5,0.23023023023023023,1.0
5,0.23123123123123124,1.0
5,0.23223223223223222,1.0
5,0.23323323323323322,1.0
5,0.23423423423423423,1.0
5,0.23523523523523523,1.0
5,0.23623623623623624,1.0
5,0.23723723723723725,1.0
5,0.23823823823823823,1.0
5,0.23923923923923923,1.0
5,0.24024024024024024,1.0
5,0.24124124124124124,1.0
5,0.24224224224224225,1.0
5,0.24324324324324323,1.0
5,0.24424424424424424,1.0
5,0.24524524524524524,1.0
5,0.24624624624624625,1.0
5,0.24724724724724725,1.0
5,0.24824824824824826,1.0
5,0.24924924924924924,1.0
5,0.2502502502502503,1.0
5,0.25125125125125125,1.0
5,0.25225225225225223,1.0
5,0.25325325325325326,1.0
5,0.25425425425425424,1.0
5,0.2552552552552553,1.0
5,0.25625625625625625,1.0
5,0.25725725725725723,1.0
5,0.25825825825825827,1.0
5,0.25925925925925924,1.0
5,0.2602602602602603,1.0
5,0.26126126126126126,1.0
5,0.26226226226226224,1.0
5,0.26326326326326327,1.0
5,0.26426426426426425,1.0
5,0.2652652652652653,1.0
5,0.26626626626626626,1.0
5,0.26726726726726724,1.0
5,0.2682682682682683,1.0
5,0.26926926926926925,1.0
5,0.2702702702702703,1.0
5,0.27127127127127126,1.0
5,0.27227227227227224,1.0
5,0.2732732732732733,1.0
5,0.27427427427427425,1.0
5,0.2752752752752753,1.0
5,0.27627627627627627,1.0
5,0.2772772772772773,1.0
5,0.2782782782782783,1.0
5,0.27927927927927926,1.0
5,0.2802802802802803,1.0
5,0.28128128128128127,1.0
5,0.2822822822822823,1.0
5,0.2832832832832833,1.0
5,0.28428428428428426,1.0
5,0.2852852852852853,1.0
5,0.2862862862862863,1.0
5,0.2872872872872873,1.0
5,0.2882882882882883,1.0
5,0.28928928928928926,1.0
5,0.2902902902902903,1.0
5,0.2912912912912913,1.0
5,0.2922922922922923,1.0
5,0.2932932932932933,1.0
5,0.29429429429429427,1.0
5,0.2952952952952953,1.0
5,0.2962962962962963,1.0
5,0.2972972972972973,1.0
5,0.2982982982982983,1.0
5,0.29929929929929927,1.0
5,0.3003003003003003,1.0
5,0.3013013013013013,1.0
5,0.3023023023023023,1.0
5,0.3033033033033033,1.0
5,0.30430430430430433,1.0
5,0.3053053053053053,1.0
5,0.3063063063063063,1.0
5,0.3073073073073073,1.0
5,0.3083083083083083,1.0
5,0.30930930930930933,1.0
5,0.3103103103103103,1.0
5,0.3113113113113113,1.0
5,0.3123123123123123,1.0
5,0.3133133133133133,1.0
5,0.31431431431431434,1.0
5,0.3153153153153153,1.0
5,0.3163163163163163,1.0
5,0.3173173173173173,1.0
5,0.3183183183183183,1.0
5,0.31931931931931934,1.0
5,0.3203203203203203,1.0
5,0.3213213213213213,1.0
5,0.32232232232232233,1.0
5,0.3233233233233233,1.0
5,0.32432432432432434,1.0
5,0.3253253253253253,1.0
5,0.3263263263263263,1.0
5,0.32732732732732733,1.0
5,0.3283283283283283,1.0
5,0.32932932932932935,1.0
5,0.3303303303303303,1.0
5,0.3313313313313313,1.0
5,0.33233233233233234,1.0
5,0.3333333333333333,0.8
5,0.33433433433433435,0.8004004004004005
5,0.3353353353353353,0.8008008008008008
5,0.3363363363363363,0.8012012012012012
5,0.33733733733733734,0.8016016016016017
5,0.3383383383383383,0.802002002002002
5,0.33933933933933935,0.8024024024024025
5,0.34034034034034033,0.8028028028028028
5,0.34134134134134136,0.8032032032032033
5,0.34234234234234234,0.8036036036036036
5,0.3433433433433433,0.8040040040040041
5,0.34434434434434436,0.8044044044044044
5,0.34534534534534533,0.8048048048048049
5,0.34634634634634637,0.8052052052052052
5,0.34734734734734735,0.8056056056056057
5,0.3483483483483483,0.806006006006006
5,0.34934934934934936,0.8064064064064065
5,0.35035035035035034,0.8068068068068068
5,0.35135135135135137,0.8072072072072073
5,0.35235235235235235,0.8076076076076076
5,0.3533533533533533,0.8080080080080081
5,0.35435435435435436,0.8084084084084084
5,0.35535535535535534,0.8088088088088089
5,0.3563563563563564,0.8092092092092092
5,0.35735735735735735,0.8096096096096097
5,0.35835835835835833,0.81001001001001
5,0.35935935935935936,0.8104104104104105
5,0.36036036036036034,0.8108108108108109
5,0.3613613613613614,0.8112112112112113
5,0.36236236236236236,0.8116116116116117
5,0.36336336336336333,0.812012012012012
5,0.36436436436436437,0.8124124124124125
5,0.36536536536536535,0.8128128128128128
5,0.3663663663663664,0.8132132132132133
5,0.36736736736736736,0.8136136136136136
5,0.3683683683683684,0.8140140140140141
5,0.36936936936936937,0.8144144144144144
5,0.37037037037037035,0.8148148148148149
5,0.3713713713713714,0.8152152152152152
5,0.37237237237237236,0.8156156156156157
5,0.3733733733733734,0.816016016016016
5,0.3743743743743744,0.8164164164164165
5,0.37537537537537535,0.8168168168168168
5,0.3763763763763764,0.8172172172172173
5,0.37737737737737737,0.8176176176176176
5,0.3783783783783784,0.8180180180180181
5,0.3793793793793794,0.8184184184184184
5,0.38038038038038036,0.8188188188188188
5,0.3813813813813814,0.8192192192192193
5,0.38238238238238237,0.8196196196196197
5,0.3833833833833834,0.8200200200200201
5,0.3843843843843844,0.8204204204204204
5,0.38538538538538536,0.8208208208208209
5,0.3863863863863864,0.8212212212212212
5,0.38738738738738737,0.8216216216216217
5,0.3883883883883884,0.822022022022022
5,0.3893893893893894,0.8224224224224225
5,0.39039039039039036,0.8228228228228228
5,0.3913913913913914,0.8232232232232233
5,0.3923923923923924,0.8236236236236236
5,0.3933933933933934,0.8240240240240241
5,0.3943943943943944,0.8244244244244244
5,0.39539539539539537,0.8248248248248249
5,0.3963963963963964,0.8252252252252252
5,0.3973973973973974,0.8256256256256257
5,0.3983983983983984,0.826026026026026
5,0.3993993993993994,0.8264264264264265
5,0.40040040040040037,0.8268268268268268
5,0.4014014014014014,0.8272272272272273
5,0.4024024024024024,0.8276276276276276
5,0.4034034034034034,0.8280280280280281
5,0.4044044044044044,0.8284284284284285
5,0.40540540540540543,0.8288288288288289
5,0.4064064064064064,0.8292292292292293
5,0.4074074074074074,0.8296296296296296
5,0.4084084084084084,0.8300300300300301
5,0.4094094094094094,0.8304304304304304
5,0.41041041041041043,0.8308308308308309
5,0.4114114114114114,0.8312312312312312
5,0.4124124124124124,0.8316316316316317
5,0.4134134134134134,0.832032032032032
5,0.4144144144144144,0.8324324324324325
5,0.41541541541541543,0.8328328328328328
5,0.4164164164164164,0.8332332332332333
5,0.4174174174174174,0.8335478335478336
5,0.4184184184184184,0.8338338338338339
5,0.4194194194194194,0.8341198341198341
5,0.42042042042042044,0.8344058344058345
5,0.4214214214214214,0.8346918346918347
5,0.4224224224224224,0.834977834977835
5,0.42342342342342343,0.8352638352638353
5,0.4244244244244244,0.8355498355498355
5,0.42542542542542544,0.8358358358358359
5,0.4264264264264264,0.8361218361218361
5,0.4274274274274274,0.8364078364078364
5,0.42842842842842843,0.8366938366938367
5,0.4294294294294294,0.836979836979837
5,0.43043043043043044,0.8372658372658373
5,0.4314314314314314,0.8375518375518376
5,0.43243243243243246,0.8378378378378378
5,0.43343343343343343,0.8381238381238382
5,0.4344344344344344,0.8384098384098384
5,0.43543543543543545,0.8386958386958387
5,0.4364364364364364,0.838981838981839
5,0.43743743743743746,0.8392678392678393
5,0.43843843843843844,0.8395538395538396
5,0.4394394394394394,0.8398398398398399
5,0.44044044044044045,0.8401258401258401
5,0.44144144144144143,0.8404118404118404
5,0.44244244244244246,0.8406978406978407
5,0.44344344344344344,0.8409838409838409
5,0.4444444444444444,0.8412698412698413
5,0.44544544544544545,0.8415558415558415
5,0.44644644644644643,0.8418418418418419
5,0.44744744744744747,0.8421278421278421
5,0.44844844844844844,0.8424138424138424
5,0.4494494494494494,0.8426998426998427
5,0.45045045045045046,0.842985842985843
5,0.45145145145145144,0.8432718432718432
5,0.45245245245245247,0.8435578435578436
5,0.45345345345345345,0.8438438438438438
5,0.4544544544544544,0.8441298441298442
5,0.45545545545545546,0.8444158444158444
5,0.45645645645645644,0.8447018447018447
5,0.4574574574574575,0.844987844987845
5,0.45845845845845845,0.8452738452738453
5,0.45945945945945943,0.8455598455598455
5,0.46046046046046046,0.8458458458458459
5,0.46146146146146144,0.8461318461318461
5,0.4624624624624625,0.8464178464178465
5,0.46346346346346345,0.8467038467038467
5,0.46446446446446443,0.8469898469898469
5,0.46546546546546547,0.8472758472758473
5,0.46646646646646645,0.8475618475618475
5,0.4674674674674675,0.8478478478478478
5,0.46846846846846846,0.8481338481338481
5,0.4694694694694695,0.8484198484198484
5,0.47047047047047047,0.8487058487058486
5,0.47147147147147145,0.848991848991849
5,0.4724724724724725,0.8492778492778492
5,0.47347347347347346,0.8495638495638496
5,0.4744744744744745,0.8498498498498498
5,0.4754754754754755,0.8501358501358501
5,0.47647647647647645,0.8504218504218504
5,0.4774774774774775,0.8507078507078507
5,0.47847847847847846,0.8509938509938509
5,0.4794794794794795,0.8512798512798513
5,0.4804804804804805,0.8515658515658515
5,0.48148148148148145,0.8518518518518519
5,0.4824824824824825,0.8521378521378521
5,0.48348348348348347,0.8524238524238524
5,0.4844844844844845,0.8527098527098527
5,0.4854854854854855,0.852995852995853
5,0.48648648648648646,0.8532818532818532
5,0.4874874874874875,0.8535678535678536
5,0.48848848848848847,0.8538538538538538
5,0.4894894894894895,0.8541398541398542
5,0.4904904904904905,0.8544258544258544
5,0.49149149149149146,0.8547118547118546
5,0.4924924924924925,0.854997854997855
5,0.4934934934934935,0.8552838552838552
5,0.4944944944944945,0.8555698555698555
5,0.4954954954954955,0.8558558558558558
5,0.4964964964964965,0.8561418561418561
5,0.4974974974974975,0.8564278564278563
5,0.4984984984984985,0.8567138567138567
5,0.4994994994994995,0.8569998569998569
5,0.5005005005005005,0.8572501072501072
5,0.5015015015015015,0.8574646074646074
5,0.5025025025025025,0.8576791076791076
5,0.5035035035035035,0.8578936078936078
5,0.5045045045045045,0.858108108108108
5,0.5055055055055055,0.8583226083226083
5,0.5065065065065065,0.8585371085371085
5,0.5075075075075075,0.8587516087516087
5,0.5085085085085085,0.8589661089661089
5,0.5095095095095095,0.8591806091806091
5,0.5105105105105106,0.8593951093951093
5,0.5115115115115115,0.8596096096096095
5,0.5125125125125125,0.8598241098241097
5,0.5135135135135135,0.86003861003861
5,0.5145145145145145,0.8602531102531102
5,0.5155155155155156,0.8604676104676104
5,0.5165165165165165,0.8606821106821106
5,0.5175175175175175,0.8608966108966108
5,0.5185185185185185,0.861111111111111
5,0.5195195195195195,0.8613256113256113
5,0.5205205205205206,0.8615401115401116
5,0.5215215215215215,0.8617546117546118
5,0.5225225225225225,0.861969111969112
5,0.5235235235235235,0.8621836121836122
5,0.5245245245245245,0.8623981123981124
5,0.5255255255255256,0.8626126126126126
5,0.5265265265265265,0.8628271128271128
5,0.5275275275275275,0.863041613041613
5,0.5285285285285285,0.8632561132561132
5,0.5295295295295295,0.8634706134706134
5,0.5305305305305306,0.8636851136851137
5,0.5315315315315315,0.8638996138996139
5,0.5325325325325325,0.8641141141141141
5,0.5335335335335335,0.8643286143286143
5,0.5345345345345345,0.8645431145431145
5,0.5355355355355356,0.8647576147576147
5,0.5365365365365365,0.8649721149721149
5,0.5375375375375375,0.8651866151866151
5,0.5385385385385385,0.8654011154011154
5,0.5395395395395395,0.8656156156156156
5,0.5405405405405406,0.8658301158301158
5,0.5415415415415415,0.866044616044616
5,0.5425425425425425,0.8662591162591162
5,0.5435435435435435,0.8664736164736164
5,0.5445445445445445,0.8666881166881166
5,0.5455455455455456,0.8669026169026168
5,0.5465465465465466,0.8671171171171171
5,0.5475475475475475,0.8673316173316173
5,0.5485485485485485,0.8675461175461175
5,0.5495495495495496,0.8677606177606177
5,0.5505505505505506,0.867975117975118
5,0.5515515515515516,0.8681896181896182
5,0.5525525525525525,0.8684041184041184
5,0.5535535535535535,0.8686186186186186
5,0.5545545545545546,0.8688331188331189
5,0.5555555555555556,0.8690476190476191
5,0.5565565565565566,0.8692621192621193
5,0.5575575575575575,0.8694766194766195
5,0.5585585585585585,0.8696911196911197
5,0.5595595595595596,0.8699056199056199
5,0.5605605605605606,0.8701201201201201
5,0.5615615615615616,0.8703346203346203
5,0.5625625625625625,0.8705491205491205
5,0.5635635635635635,0.8707636207636207
5,0.5645645645645646,0.870978120978121
5,0.5655655655655656,0.8711926211926212
5,0.5665665665665666,0.8714071214071214
5,0.5675675675675675,0.8716216216216216
5,0.5685685685685685,0.8718361218361218
5,0.5695695695695696,0.872050622050622
5,0.5705705705705706,0.8722651222651222
5,0.5715715715715716,0.8724796224796225
5,0.5725725725725725,0.8726941226941227
5,0.5735735735735735,0.8729086229086229
5,0.5745745745745746,0.8731231231231231
5,0.5755755755755756,0.8733376233376233
5,0.5765765765765766,0.8735521235521235
5,0.5775775775775776,0.8737666237666237
5,0.5785785785785785,0.8739811239811239
5,0.5795795795795796,0.8741956241956242
5,0.5805805805805806,0.8744101244101244
5,0.5815815815815816,0.8746246246246246
5,0.5825825825825826,0.8748391248391248
5,0.5835835835835835,0.8750417083750417
5,0.5845845845845846,0.8752085418752086
5,0.5855855855855856,0.8753753753753754
5,0.5865865865865866,0.8755422088755422
5,0.5875875875875876,0.875709042375709
5,0.5885885885885885,0.8758758758758759
5,0.5895895895895896,0.8760427093760427
5,0.5905905905905906,0.8762095428762096
5,0.5915915915915916,0.8763763763763763
5,0.5925925925925926,0.8765432098765432
5,0.5935935935935935,0.87671004337671
5,0.5945945945945946,0.8768768768768769
5,0.5955955955955956,0.8770437103770437
5,0.5965965965965966,0.8772105438772105
5,0.5975975975975976,0.8773773773773773
5,0.5985985985985985,0.8775442108775442
5,0.5995995995995996,0.8777110443777111
5,0.6006006006006006,0.8778778778778779
5,0.6016016016016016,0.8780447113780447
5,0.6026026026026026,0.8782115448782115
5,0.6036036036036035,0.8783783783783784
5,0.6046046046046046,0.8785452118785452
5,0.6056056056056056,0.8787120453787121
5,0.6066066066066066,0.8788788788788788
5,0.6076076076076076,0.8790457123790457
5,0.6086086086086087,0.8792125458792125
5,0.6096096096096096,0.8793793793793794
5,0.6106106106106106,0.8795462128795462
5,0.6116116116116116,0.879713046379713
5,0.6126126126126126,0.8798798798798798
5,0.6136136136136137,0.8800467133800467
5,0.6146146146146146,0.8802135468802136
5,0.6156156156156156,0.8803803803803804
5,0.6166166166166166,0.8805472138805472
5,0.6176176176176176,0.880714047380714
5,0.6186186186186187,0.8808808808808809
5,0.6196196196196196,0.8810477143810477
5,0.6206206206206206,0.8812145478812146
5,0.6216216216216216,0.8813813813813813
5,0.6226226226226226,0.8815482148815482
5,0.6236236236236237,0.881715048381715
5,0.6246246246246246,0.8818818818818819
5,0.6256256256256256,0.8820487153820487
5,0.6266266266266266,0.8822155488822155
5,0.6276276276276276,0.8823823823823823
5,0.6286286286286287,0.8825492158825492
5,0.6296296296296297,0.882716049382716
5,0.6306306306306306,0.8828828828828829
5,0.6316316316316316,0.8830497163830496
5,0.6326326326326326,0.8832165498832165
5,0.6336336336336337,0.8833833833833834
5,0.6346346346346347,0.8835502168835502
5,0.6356356356356356,0.8837170503837171
5,0.6366366366366366,0.8838838838838838
5,0.6376376376376376,0.8840507173840507
5,0.6386386386386387,0.8842175508842175
5,0.6396396396396397,0.8843843843843844
5,0.6406406406406406,0.8845512178845512
5,0.6416416416416416,0.884718051384718
5,0.6426426426426426,0.8848848848848848
5,0.6436436436436437,0.8850517183850517
5,0.6446446446446447,0.8852185518852185
5,0.6456456456456456,0.8853853853853854
5,0.6466466466466466,0.8855522188855521
5,0.6476476476476476,0.885719052385719
5,0.6486486486486487,0.8858858858858859
5,0.6496496496496497,0.8860527193860527
5,0.6506506506506506,0.8862195528862196
5,0.6516516516516516,0.8863863863863863
5,0.6526526526526526,0.8865532198865532
5,0.6536536536536537,0.88672005338672
5,0.6546546546546547,0.8868868868868869
5,0.6556556556556556,0.8870537203870537
5,0.6566566566566566,0.8872205538872205
5,0.6576576576576576,0.8873873873873873
5,0.6586586586586587,0.8875542208875542
5,0.6596596596596597,0.887721054387721
5,0.6606606606606606,0.8878878878878879
5,0.6616616616616616,0.8880547213880546
5,0.6626626626626626,0.8882215548882215
5,0.6636636636636637,0.8883883883883883
5,0.6646646646646647,0.8885552218885552
5,0.6656656656656657,0.8887220553887221
5,0.6666666666666666,0.5714285714285714
5,0.6676676676676676,0.5717717717717717
5,0.6686686686686687,0.5721149721149721
5,0.6696696696696697,0.5724581724581724
5,0.6706706706706707,0.5728013728013728
5,0.6716716716716716,0.5731445731445731
5,0.6726726726726726,0.5734877734877735
5,0.6736736736736737,0.5738309738309738
5,0.6746746746746747,0.5741741741741742
5,0.6756756756756757,0.5745173745173745
5,0.6766766766766766,0.5748605748605748
5,0.6776776776776777,0.5752037752037752
5,0.6786786786786787,0.5755469755469755
5,0.6796796796796797,0.5758901758901759
5,0.6806806806806807,0.5762333762333762
5,0.6816816816816816,0.5765765765765766
5,0.6826826826826827,0.5769197769197769
5,0.6836836836836837,0.5772629772629773
5,0.6846846846846847,0.5776061776061776
5,0.6856856856856857,0.577949377949378
5,0.6866866866866866,0.5782925782925783
5,0.6876876876876877,0.5786357786357786
5,0.6886886886886887,0.578978978978979
5,0.6896896896896897,0.5793221793221793
5,0.6906906906906907,0.5796653796653797
5,0.6916916916916916,0.58000858000858
5,0.6926926926926927,0.5803517803517804
5,0.6936936936936937,0.5806949806949807
5,0.6946946946946947,0.5810381810381811
5,0.6956956956956957,0.5813813813813814
5,0.6966966966966966,0.5817245817245816
5,0.6976976976976977,0.5820677820677821
5,0.6986986986986987,0.5824109824109824
5,0.6996996996996997,0.5827541827541828
5,0.7007007007007007,0.583097383097383
5,0.7017017017017017,0.5834405834405834
5,0.7027027027027027,0.5837837837837838
5,0.7037037037037037,0.5841269841269842
5,0.7047047047047047,0.5844701844701844
5,0.7057057057057057,0.5848133848133847
5,0.7067067067067067,0.5851565851565851
5,0.7077077077077077,0.5854997854997855
5,0.7087087087087087,0.5858429858429858
5,0.7097097097097097,0.5861861861861861
5,0.7107107107107107,0.5865293865293865
5,0.7117117117117117,0.5868725868725868
5,0.7127127127127127,0.5872157872157872
5,0.7137137137137137,0.5875589875589875
5,0.7147147147147147,0.5879021879021878
5,0.7157157157157157,0.5882453882453882
5,0.7167167167167167,0.5885885885885885
5,0.7177177177177178,0.5889317889317889
5,0.7187187187187187,0.5892749892749892
5,0.7197197197197197,0.5896181896181896
5,0.7207207207207207,0.5899613899613899
5,0.7217217217217217,0.5903045903045903
5,0.7227227227227228,0.5906477906477906
5,0.7237237237237237,0.590990990990991
5,0.7247247247247247,0.5913341913341913
5,0.7257257257257257,0.5916773916773916
5,0.7267267267267267,0.592020592020592
5,0.7277277277277278,0.5923637923637923
5,0.7287287287287287,0.5927069927069927
5,0.7297297297297297,0.593050193050193
5,0.7307307307307307,0.5933933933933934
5,0.7317317317317317,0.5937365937365937
5,0.7327327327327328,0.594079794079794
5,0.7337337337337337,0.5944229944229944
5,0.7347347347347347,0.5947661947661947
5,0.7357357357357357,0.5951093951093951
5,0.7367367367367368,0.5954525954525954
5,0.7377377377377378,0.5957957957957958
5,0.7387387387387387,0.5961389961389961
5,0.7397397397397397,0.5964821964821965
5,0.7407407407407407,0.5968253968253968
5,0.7417417417417418,0.5971685971685972
5,0.7427427427427428,0.5975117975117975
5,0.7437437437437437,0.5978549978549978
5,0.7447447447447447,0.5981981981981982
5,0.7457457457457457,0.5985413985413985
5,0.7467467467467468,0.5988845988845989
5,0.7477477477477478,0.5992277992277992
5,0.7487487487487487,0.5995709995709996
5,0.7497497497497497,0.5999141999141999
5,0.7507507507507507,0.5002370791844476
5,0.7517517517517518,0.5005531847637111
5,0.7527527527527528,0.5008692903429746
5,0.7537537537537538,0.501185395922238
5,0.7547547547547547,0.5015015015015015
5,0.7557557557557557,0.501817607080765
5,0.7567567567567568,0.5021337126600285
5,0.7577577577577578,0.5024498182392919
5,0.7587587587587588,0.5027659238185553
5,0.7597597597597597,0.5030820293978189
5,0.7607607607607607,0.5033981349770823
5,0.7617617617617618,0.5037142405563458
5,0.7627627627627628,0.5040303461356093
5,0.7637637637637638,0.5043464517148728
5,0.7647647647647647,0.5046625572941362
5,0.7657657657657657,0.5049786628733997
5,0.7667667667667668,0.5052947684526632
5,0.7677677677677678,0.5056108740319266
5,0.7687687687687688,0.5059269796111902
5,0.7697697697697697,0.5062430851904536
5,0.7707707707707707,0.506559190769717
5,0.7717717717717718,0.5068752963489805
5,0.7727727727727728,0.5071914019282441
5,0.7737737737737738,0.5075075075075075
5,0.7747747747747747,0.5078236130867709
5,0.7757757757757757,0.5081397186660345
5,0.7767767767767768,0.5084558242452979
5,0.7777777777777778,0.5087719298245614
5,0.7787787787787788,0.5090880354038249
5,0.7797797797797797,0.5094041409830883
5,0.7807807807807807,0.5097202465623518
5,0.7817817817817818,0.5100363521416152
5,0.7827827827827828,0.5103524577208788
5,0.7837837837837838,0.5106685633001422
5,0.7847847847847848,0.5109846688794057
5,0.7857857857857857,0.5113007744586692
5,0.7867867867867868,0.5116168800379327
5,0.7877877877877878,0.5119329856171961
5,0.7887887887887888,0.5122490911964596
5,0.7897897897897898,0.5125651967757231
5,0.7907907907907907,0.5128813023549865
5,0.7917917917917918,0.5131974079342501
5,0.7927927927927928,0.5135135135135135
5,0.7937937937937938,0.5138296190927769
5,0.7947947947947948,0.5141457246720404
5,0.7957957957957957,0.5144618302513039
5,0.7967967967967968,0.5147779358305674
5,0.7977977977977978,0.5150940414098308
5,0.7987987987987988,0.5154101469890944
5,0.7997997997997998,0.5157262525683578
5,0.8008008008008007,0.5160423581476212
5,0.8018018018018018,0.5163584637268848
5,0.8028028028028028,0.5166745693061482
5,0.8038038038038038,0.5169906748854117
5,0.8048048048048048,0.5173067804646752
5,0.8058058058058059,0.5176228860439387
5,0.8068068068068068,0.5179389916232021
5,0.8078078078078078,0.5182550972024655
5,0.8088088088088088,0.5185712027817291
5,0.8098098098098098,0.5188873083609925
5,0.8108108108108109,0.519203413940256
5,0.8118118118118118,0.5195195195195195
5,0.8128128128128128,0.519835625098783
5,0.8138138138138138,0.5201517306780464
5,0.8148148148148148,0.5204678362573099
5,0.8158158158158159,0.5207839418365734
5,0.8168168168168168,0.5211000474158368
5,0.8178178178178178,0.5214161529951004
5,0.8188188188188188,0.5217322585743638
5,0.8198198198198198,0.5220483641536272
5,0.8208208208208209,0.5223644697328907
5,0.8218218218218218,0.5226805753121542
5,0.8228228228228228,0.5229966808914177
5,0.8238238238238238,0.5233127864706811
5,0.8248248248248248,0.5236288920499447
5,0.8258258258258259,0.5239449976292081
5,0.8268268268268268,0.5242611032084716
5,0.8278278278278278,0.5245772087877351
5,0.8288288288288288,0.5248933143669985
5,0.8298298298298298,0.525209419946262
5,0.8308308308308309,0.5255255255255254
5,0.8318318318318318,0.525841631104789
5,0.8328328328328328,0.5261577366840524
5,0.8338338338338338,0.5264580369843527
5,0.8348348348348348,0.5267425320056899
5,0.8358358358358359,0.527027027027027
5,0.8368368368368369,0.5273115220483641
5,0.8378378378378378,0.5275960170697013
5,0.8388388388388388,0.5278805120910384
5,0.8398398398398398,0.5281650071123755
5,0.8408408408408409,0.5284495021337127
5,0.8418418418418419,0.5287339971550498
5,0.8428428428428428,0.5290184921763869
5,0.8438438438438438,0.529302987197724
5,0.8448448448448448,0.5295874822190612
5,0.8458458458458459,0.5298719772403983
5,0.8468468468468469,0.5301564722617353
5,0.8478478478478478,0.5304409672830726
5,0.8488488488488488,0.5307254623044096
5,0.8498498498498498,0.5310099573257467
5,0.8508508508508509,0.531294452347084
5,0.8518518518518519,0.531578947368421
5,0.8528528528528528,0.5318634423897581
5,0.8538538538538538,0.5321479374110952
5,0.8548548548548548,0.5324324324324324
5,0.8558558558558559,0.5327169274537695
5,0.8568568568568569,0.5330014224751066
5,0.8578578578578578,0.5332859174964438
5,0.8588588588588588,0.5335704125177809
5,0.8598598598598598,0.533854907539118
5,0.8608608608608609,0.5341394025604552
5,0.8618618618618619,0.5344238975817923
5,0.8628628628628628,0.5347083926031294
5,0.8638638638638638,0.5349928876244665
5,0.8648648648648649,0.5352773826458037
5,0.8658658658658659,0.5355618776671408
5,0.8668668668668669,0.5358463726884779
5,0.8678678678678678,0.5361308677098151
5,0.8688688688688688,0.5364153627311522
5,0.8698698698698699,0.5366998577524893
5,0.8708708708708709,0.5369843527738265
5,0.8718718718718719,0.5372688477951636
5,0.8728728728728729,0.5375533428165007
5,0.8738738738738738,0.5378378378378378
5,0.8748748748748749,0.538122332859175
5,0.8758758758758759,0.5384068278805121
5,0.8768768768768769,0.5386913229018492
5,0.8778778778778779,0.5389758179231864
5,0.8788788788788788,0.5392603129445235
5,0.8798798798798799,0.5395448079658606
5,0.8808808808808809,0.5398293029871978
5,0.8818818818818819,0.5401137980085349
5,0.8828828828828829,0.540398293029872
5,0.8838838838838838,0.5406827880512091
5,0.8848848848848849,0.5409672830725463
5,0.8858858858858859,0.5412517780938834
5,0.8868868868868869,0.5415362731152205
5,0.8878878878878879,0.5418207681365577
5,0.8888888888888888,0.5421052631578948
5,0.8898898898898899,0.5423897581792319
5,0.8908908908908909,0.5426742532005691
5,0.8918918918918919,0.5429587482219062
5,0.8928928928928929,0.5432432432432432
5,0.8938938938938938,0.5435277382645803
5,0.8948948948948949,0.5438122332859175
5,0.8958958958958959,0.5440967283072546
5,0.8968968968968969,0.5443812233285917
5,0.8978978978978979,0.5446657183499289
5,0.8988988988988988,0.544950213371266
5,0.8998998998998999,0.5452347083926031
5,0.9009009009009009,0.5455192034139403
5,0.9019019019019019,0.5458036984352774
5,0.9029029029029029,0.5460881934566145
5,0.9039039039039038,0.5463726884779516
5,0.9049049049049049,0.5466571834992888
5,0.9059059059059059,0.5469416785206259
5,0.9069069069069069,0.547226173541963
5,0.9079079079079079,0.5475106685633002
5,0.9089089089089089,0.5477951635846373
5,0.9099099099099099,0.5480796586059744
5,0.9109109109109109,0.5483641536273116
5,0.9119119119119119,0.5486486486486487
5,0.9129129129129129,0.5489331436699858
5,0.9139139139139139,0.5492176386913229
5,0.914914914914915,0.5495021337126601
5,0.9159159159159159,0.5497866287339972
5,0.9169169169169169,0.3056119182245309
5,0.9179179179179179,0.305837368900432
5,0.9189189189189189,0.30606281957633313
5,0.91991991991992,0.30628827025223426
5,0.9209209209209209,0.3065137209281354
5,0.9219219219219219,0.3067391716040365
5,0.9229229229229229,0.3069646222799376
5,0.9239239239239239,0.3071900729558387
5,0.924924924924925,0.3074155236317399
5,0.9259259259259259,0.307640974307641
5,0.9269269269269269,0.3078664249835421
5,0.9279279279279279,0.30809187565944324
5,0.9289289289289289,0.30831732633534437
5,0.92992992992993,0.3085427770112455
5,0.9309309309309309,0.3087682276871466
5,0.9319319319319319,0.30899367836304775
5,0.9329329329329329,0.3092191290389489
5,0.933933933933934,0.30944457971485
5,0.934934934934935,0.30967003039075114
5,0.9359359359359359,0.30989548106665227
5,0.9369369369369369,0.3101209317425534
5,0.9379379379379379,0.3103463824184545
5,0.938938938938939,0.31057183309435565
5,0.93993993993994,0.3107972837702568
5,0.9409409409409409,0.3110227344461579
5,0.9419419419419419,0.31124818512205904
5,0.9429429429429429,0.3114736357979601
5,0.943943943943944,0.3116990864738613
5,0.944944944944945,0.3119245371497624
5,0.9459459459459459,0.31214998782566356
5,0.9469469469469469,0.31237543850156463
5,0.9479479479479479,0.31260088917746576
5,0.948948948948949,0.31282633985336694
5,0.94994994994995,0.313051790529268
5,0.950950950950951,0.31327724120516914
5,0.9519519519519519,0.3135026918810703
5,0.9529529529529529,0.3137281425569714
5,0.953953953953954,0.31395359323287253
5,0.954954954954955,0.31417904390877366
5,0.955955955955956,0.3144044945846748
5,0.9569569569569569,0.3146299452605759
5,0.9579579579579579,0.31485539593647704
5,0.958958958958959,0.3150808466123782
5,0.95995995995996,0.3153062972882793
5,0.960960960960961,0.31553174796418043
5,0.9619619619619619,0.31575719864008156
5,0.9629629629629629,0.31598264931598263
5,0.963963963963964,0.3162080999918838
5,0.964964964964965,0.31643355066778495
5,0.965965965965966,0.3166590013436861
5,0.9669669669669669,0.31688445201958715
5,0.9679679679679679,0.3171099026954883
5,0.968968968968969,0.31733535337138946
5,0.96996996996997,0.31756080404729053
5,0.970970970970971,0.31778625472319166
5,0.9719719719719719,0.3180117053990928
5,0.9729729729729729,0.3182371560749939
5,0.973973973973974,0.31846260675089505
5,0.974974974974975,0.3186880574267962
5,0.975975975975976,0.3189135081026973
5,0.9769769769769769,0.31913895877859844
5,0.9779779779779779,0.31936440945449956
5,0.978978978978979,0.3195898601304007
5,0.97997997997998,0.3198153108063018
5,0.980980980980981,0.32004076148220295
5,0.9819819819819819,0.3202662121581041
5,0.9829829829829829,0.3204916628340052
5,0.983983983983984,0.32071711350990634
5,0.984984984984985,0.32094256418580747
5,0.985985985985986,0.3211680148617086
5,0.986986986986987,0.32139346553760967
5,0.9879879879879879,0.3216189162135108
5,0.988988988988989,0.321844366889412
5,0.98998998998999,0.32206981756531305
5,0.990990990990991,0.3222952682412142
5,0.991991991991992,0.3225207189171153
5,0.992992992992993,0.3227461695930165
5,0.993993993993994,0.32297162026891757
5,0.994994994994995,0.3231970709448187
5,0.995995995995996,0.3234225216207198
5,0.996996996996997,0.32364797229662096
5,0.997997997997998,0.3238734229725221
5,0.998998998998999,0.3240988736484232
5,1.0,0.27906976744186046
