repeat,fpr,tpr
1,0.0,0.08333333333333333
1,0.001001001001001001,0.08333333333333333
1,0.002002002002002002,0.08333333333333333
1,0.003003003003003003,0.08333333333333333
1,0.004004004004004004,0.08333333333333333
1,0.005005005005005005,0.08333333333333333
1,0.006006006006006006,0.08333333333333333
1,0.007007007007007007,0.08333333333333333
1,0.008008008008008008,0.08333333333333333
1,0.009009009009009009,0.08333333333333333
1,0.01001001001001001,0.08333333333333333
1,0.011011011011011011,0.08333333333333333
1,0.012012012012012012,0.08333333333333333
1,0.013013013013013013,0.08333333333333333
1,0.014014014014014014,0.08333333333333333
1,0.015015015015015015,0.08333333333333333
1,0.016016016016016016,0.08333333333333333
1,0.017017017017017015,0.08333333333333333
1,0.018018018018018018,0.08333333333333333
1,0.01901901901901902,0.08333333333333333
1,0.02002002002002002,0.08333333333333333
1,0.02102102102102102,0.08333333333333333
1,0.022022022022022022,0.08333333333333333
1,0.023023023023023025,0.08333333333333333
1,0.024024024024024024,0.08333333333333333
1,0.025025025025025023,0.08333333333333333
1,0.026026026026026026,0.08333333333333333
1,0.02702702702702703,0.08333333333333333
1,0.028028028028028028,0.08333333333333333
1,0.029029029029029027,0.08333333333333333
1,0.03003003003003003,0.08333333333333333
1,0.031031031031031032,0.08333333333333333
1,0.03203203203203203,0.08333333333333333
1,0.03303303303303303,0.3333333333333333
1,0.03403403403403403,0.3333333333333333
1,0.035035035035035036,0.3333333333333333
1,0.036036036036036036,0.3333333333333333
1,0.037037037037037035,0.3333333333333333
1,0.03803803803803804,0.3333333333333333
1,0.03903903903903904,0.3333333333333333
1,0.04004004004004004,0.3333333333333333
1,0.04104104104104104,0.3333333333333333
1,0.04204204204204204,0.3333333333333333
1,0.043043043043043044,0.3333333333333333
1,0.044044044044044044,0.3333333333333333
1,0.04504504504504504,0.3333333333333333
1,0.04604604604604605,0.3333333333333333
1,0.04704704704704705,0.3333333333333333
1,0.04804804804804805,0.3333333333333333
1,0.04904904904904905,0.3333333333333333
1,0.050050050050050046,0.3333333333333333
1,0.05105105105105105,0.3333333333333333
1,0.05205205205205205,0.3333333333333333
1,0.05305305305305305,0.3333333333333333
1,0.05405405405405406,0.3333333333333333
1,0.055055055055055056,0.3333333333333333
1,0.056056056056056056,0.3333333333333333
1,0.057057057057057055,0.3333333333333333
1,0.058058058058058054,0.3333333333333333
1,0.05905905905905906,0.3333333333333333
1,0.06006006006006006,0.3333333333333333
1,0.06106106106106106,0.3333333333333333
1,0.062062062062062065,0.3333333333333333
1,0.06306306306306306,0.3333333333333333
1,0.06406406406406406,0.3333333333333333
1,0.06506506506506507,0.3333333333333333
1,0.06606606606606606,0.3333333333333333
1,0.06706706706706707,0.3333333333333333
1,0.06806806806806806,0.3333333333333333
1,0.06906906906906907,0.3333333333333333
1,0.07007007007007007,0.3333333333333333
1,0.07107107107107107,0.3333333333333333
1,0.07207207207207207,0.3333333333333333
1,0.07307307307307308,0.3333333333333333
1,0.07407407407407407,0.3333333333333333
1,0.07507507507507508,0.3333333333333333
1,0.07607607607607608,0.3333333333333333
1,0.07707707707707707,0.3333333333333333
1,0.07807807807807808,0.3333333333333333
1,0.07907907907907907,0.3333333333333333
1,0.08008008008008008,0.3333333333333333
1,0.08108108108108109,0.3333333333333333
1,0.08208208208208208,0.3333333333333333
1,0.08308308308308308,0.3333333333333333
1,0.08408408408408408,0.3333333333333333
1,0.08508508508508508,0.3333333333333333
1,0.08608608608608609,0.3333333333333333
1,0.08708708708708708,0.3333333333333333
1,0.08808808808808809,0.3333333333333333
1,0.0890890890890891,0.3333333333333333
1,0.09009009009009009,0.3333333333333333
1,0.09109109109109109,0.3333333333333333
1,0.0920920920920921,0.3333333333333333
1,0.09309309309309309,0.3333333333333333
1,0.0940940940940941,0.3333333333333333
1,0.09509509509509509,0.3333333333333333
1,0.0960960960960961,0.3333333333333333
1,0.0970970970970971,0.3333333333333333
1,0.0980980980980981,0.3333333333333333
1,0.0990990990990991,0.3333333333333333
1,0.10010010010010009,0.3333333333333333
1,0.1011011011011011,0.3333333333333333
1,0.1021021021021021,0.3333333333333333
1,0.1031031031031031,0.3333333333333333
1,0.1041041041041041,0.3333333333333333
1,0.10510510510510511,0.3333333333333333
1,0.1061061061061061,0.3333333333333333
1,0.10710710710710711,0.3333333333333333
1,0.10810810810810811,0.3333333333333333
1,0.1091091091091091,0.3333333333333333
1,0.11011011011011011,0.3333333333333333
1,0.1111111111111111,0.3333333333333333
1,0.11211211211211211,0.3333333333333333
1,0.11311311311311312,0.3333333333333333
1,0.11411411411411411,0.3333333333333333
1,0.11511511511511512,0.3333333333333333
1,0.11611611611611611,0.3333333333333333
1,0.11711711711711711,0.3333333333333333
1,0.11811811811811812,0.3333333333333333
1,0.11911911911911911,0.3333333333333333
1,0.12012012012012012,0.3333333333333333
1,0.12112112112112113,0.3333333333333333
1,0.12212212212212212,0.3333333333333333
1,0.12312312312312312,0.3333333333333333
1,0.12412412412412413,0.3333333333333333
1,0.12512512512512514,0.3333333333333333
1,0.12612612612612611,0.3333333333333333
1,0.12712712712712712,0.3333333333333333
1,0.12812812812812813,0.3333333333333333
1,0.12912912912912913,0.5
1,0.13013013013013014,0.5
1,0.13113113113113112,0.5
1,0.13213213213213212,0.5
1,0.13313313313313313,0.5
1,0.13413413413413414,0.5
1,0.13513513513513514,0.5
1,0.13613613613613612,0.5
1,0.13713713713713713,0.5
1,0.13813813813813813,0.5
1,0.13913913913913914,0.5
1,0.14014014014014015,0.5
1,0.14114114114114115,0.5
1,0.14214214214214213,0.5
1,0.14314314314314314,0.5
1,0.14414414414414414,0.5
1,0.14514514514514515,0.5
1,0.14614614614614616,0.5
1,0.14714714714714713,0.5
1,0.14814814814814814,0.5
1,0.14914914914914915,0.5
1,0.15015015015015015,0.5
1,0.15115115115115116,0.5
1,0.15215215215215216,0.5
1,0.15315315315315314,0.5
1,0.15415415415415415,0.5
1,0.15515515515515516,0.5
1,0.15615615615615616,0.5
1,0.15715715715715717,0.5
1,0.15815815815815815,0.5
1,0.15915915915915915,0.5
1,0.16016016016016016,0.5
1,0.16116116116116116,0.5
1,0.16216216216216217,0.5
1,0.16316316316316315,0.5
1,0.16416416416416416,0.5
1,0.16516516516516516,0.5
1,0.16616616616616617,0.5
1,0.16716716716716717,0.5
1,0.16816816816816815,0.5
1,0.16916916916916916,0.5
1,0.17017017017017017,0.5
1,0.17117117117117117,0.5
1,0.17217217217217218,0.5
1,0.17317317317317318,0.5
1,0.17417417417417416,0.5
1,0.17517517517517517,0.5
1,0.17617617617617617,0.5
1,0.17717717717717718,0.5
1,0.1781781781781782,0.5
1,0.17917917917917917,0.5
1,0.18018018018018017,0.5
1,0.18118118118118118,0.5
1,0.18218218218218218,0.5
1,0.1831831831831832,0.5
1,0.1841841841841842,0.5
1,0.18518518518518517,0.5
1,0.18618618618618618,0.5
1,0.1871871871871872,0.5
1,0.1881881881881882,0.5
1,0.1891891891891892,0.5
1,0.19019019019019018,0.5
1,0.19119119119119118,0.5
1,0.1921921921921922,0.5
1,0.1931931931931932,0.5
1,0.1941941941941942,0.5833333333333334
1,0.19519519519519518,0.5833333333333334
1,0.1961961961961962,0.5833333333333334
1,0.1971971971971972,0.5833333333333334
1,0.1981981981981982,0.5833333333333334
1,0.1991991991991992,0.5833333333333334
1,0.20020020020020018,0.5833333333333334
1,0.2012012012012012,0.5833333333333334
1,0.2022022022022022,0.5833333333333334
1,0.2032032032032032,0.5833333333333334
1,0.2042042042042042,0.5833333333333334
1,0.20520520520520522,0.5833333333333334
1,0.2062062062062062,0.5833333333333334
1,0.2072072072072072,0.5833333333333334
1,0.2082082082082082,0.5833333333333334
1,0.2092092092092092,0.5833333333333334
1,0.21021021021021022,0.5833333333333334
1,0.2112112112112112,0.5833333333333334
1,0.2122122122122122,0.5833333333333334
1,0.2132132132132132,0.5833333333333334
1,0.21421421421421422,0.5833333333333334
1,0.21521521521521522,0.5833333333333334
1,0.21621621621621623,0.5833333333333334
1,0.2172172172172172,0.5833333333333334
1,0.2182182182182182,0.5833333333333334
1,0.21921921921921922,0.5833333333333334
1,0.22022022022022023,0.5833333333333334
1,0.22122122122122123,0.5833333333333334
1,0.2222222222222222,0.5833333333333334
1,0.22322322322322322,0.5833333333333334
1,0.22422422422422422,0.5833333333333334
1,0.22522522522522523,0.5833333333333334
1,0.22622622622622623,0.5833333333333334
1,0.2272272272272272,0.5833333333333334
1,0.22822822822822822,0.5833333333333334
1,0.22922922922922923,0.5833333333333334
1,0.23023023023023023,0.5833333333333334
1,0.23123123123123124,0.5833333333333334
1,0.23223223223223222,0.5833333333333334
1,0.23323323323323322,0.5833333333333334
1,0.23423423423423423,0.5833333333333334
1,0.23523523523523523,0.5833333333333334
1,0.23623623623623624,0.5833333333333334
1,0.23723723723723725,0.5833333333333334
1,0.23823823823823823,0.5833333333333334
1,0.23923923923923923,0.5833333333333334
1,0.24024024024024024,0.5833333333333334
1,0.24124124124124124,0.5833333333333334
1,0.24224224224224225,0.5833333333333334
1,0.24324324324324323,0.5833333333333334
1,0.24424424424424424,0.5833333333333334
1,0.24524524524524524,0.5833333333333334
1,0.24624624624624625,0.5833333333333334
1,0.24724724724724725,0.5833333333333334
1,0.24824824824824826,0.5833333333333334
1,0.24924924924924924,0.5833333333333334
1,0.2502502502502503,0.5833333333333334
1,0.25125125125125125,0.5833333333333334
1,0.25225225225225223,0.5833333333333334
1,0.25325325325325326,0.5833333333333334
1,0.25425425425425424,0.5833333333333334
1,0.2552552552552553,0.5833333333333334
1,0.25625625625625625,0.5833333333333334
1,0.25725725725725723,0.5833333333333334
1,0.25825825825825827,0.6666666666666666
1,0.25925925925925924,0.6666666666666666
1,0.2602602602602603,0.6666666666666666
1,0.26126126126126126,0.6666666666666666
1,0.26226226226226224,0.6666666666666666
1,0.26326326326326327,0.6666666666666666
1,0.26426426426426425,0.6666666666666666
1,0.2652652652652653,0.6666666666666666
1,0.26626626626626626,0.6666666666666666
1,0.26726726726726724,0.6666666666666666
1,0.2682682682682683,0.6666666666666666
1,0.26926926926926925,0.6666666666666666
1,0.2702702702702703,0.6666666666666666
1,0.27127127127127126,0.6666666666666666
1,0.27227227227227224,0.6666666666666666
1,0.2732732732732733,0.6666666666666666
1,0.27427427427427425,0.6666666666666666
1,0.2752752752752753,0.6666666666666666
1,0.27627627627627627,0.6666666666666666
1,0.2772772772772773,0.6666666666666666
1,0.2782782782782783,0.6666666666666666
1,0.27927927927927926,0.6666666666666666
1,0.2802802802802803,0.6666666666666666
1,0.28128128128128127,0.6666666666666666
1,0.2822822822822823,0.6666666666666666
1,0.2832832832832833,0.6666666666666666
1,0.28428428428428426,0.6666666666666666
1,0.2852852852852853,0.6666666666666666
1,0.2862862862862863,0.6666666666666666
1,0.2872872872872873,0.6666666666666666
1,0.2882882882882883,0.6666666666666666
1,0.28928928928928926,0.6666666666666666
1,0.2902902902902903,0.6666666666666666
1,0.2912912912912913,0.6666666666666666
1,0.2922922922922923,0.6666666666666666
1,0.2932932932932933,0.6666666666666666
1,0.29429429429429427,0.6666666666666666
1,0.2952952952952953,0.6666666666666666
1,0.2962962962962963,0.6666666666666666
1,0.2972972972972973,0.6666666666666666
1,0.2982982982982983,0.6666666666666666
1,0.29929929929929927,0.6666666666666666
1,0.3003003003003003,0.6666666666666666
1,0.3013013013013013,0.6666666666666666
1,0.3023023023023023,0.6666666666666666
1,0.3033033033033033,0.6666666666666666
1,0.30430430430430433,0.6666666666666666
1,0.3053053053053053,0.6666666666666666
1,0.3063063063063063,0.6666666666666666
1,0.3073073073073073,0.6666666666666666
1,0.3083083083083083,0.6666666666666666
1,0.30930930930930933,0.6666666666666666
1,0.3103103103103103,0.6666666666666666
1,0.3113113113113113,0.6666666666666666
1,0.3123123123123123,0.6666666666666666
1,0.3133133133133133,0.6666666666666666
1,0.31431431431431434,0.6666666666666666
1,0.3153153153153153,0.6666666666666666
1,0.3163163163163163,0.6666666666666666
1,0.3173173173173173,0.6666666666666666
1,0.3183183183183183,0.6666666666666666
1,0.31931931931931934,0.6666666666666666
1,0.3203203203203203,0.6666666666666666
1,0.3213213213213213,0.6666666666666666
1,0.32232232232232233,0.6666666666666666
1,0.3233233233233233,0.8333333333333334
1,0.32432432432432434,0.8333333333333334
1,0.3253253253253253,0.8333333333333334
1,0.3263263263263263,0.8333333333333334
1,0.32732732732732733,0.8333333333333334
1,0.3283283283283283,0.8333333333333334
1,0.32932932932932935,0.8333333333333334
1,0.3303303303303303,0.8333333333333334
1,0.3313313313313313,0.8333333333333334
1,0.33233233233233234,0.8333333333333334
1,0.3333333333333333,0.8333333333333334
1,0.33433433433433435,0.8333333333333334
1,0.3353353353353353,0.8333333333333334
1,0.3363363363363363,0.8333333333333334
1,0.33733733733733734,0.8333333333333334
1,0.3383383383383383,0.8333333333333334
1,0.33933933933933935,0.8333333333333334
1,0.34034034034034033,0.8333333333333334
1,0.34134134134134136,0.8333333333333334
1,0.34234234234234234,0.8333333333333334
1,0.3433433433433433,0.8333333333333334
1,0.34434434434434436,0.8333333333333334
1,0.34534534534534533,0.8333333333333334
1,0.34634634634634637,0.8333333333333334
1,0.34734734734734735,0.8333333333333334
1,0.3483483483483483,0.8333333333333334
1,0.34934934934934936,0.8333333333333334
1,0.35035035035035034,0.8333333333333334
1,0.35135135135135137,0.8333333333333334
1,0.35235235235235235,0.8333333333333334
1,0.3533533533533533,0.8333333333333334
1,0.35435435435435436,0.8333333333333334
1,0.35535535535535534,0.8333333333333334
1,0.3563563563563564,0.8333333333333334
1,0.35735735735735735,0.8333333333333334
1,0.35835835835835833,0.8333333333333334
1,0.35935935935935936,0.8333333333333334
1,0.36036036036036034,0.8333333333333334
1,0.3613613613613614,0.8333333333333334
1,0.36236236236236236,0.8333333333333334
1,0.36336336336336333,0.8333333333333334
1,0.36436436436436437,0.8333333333333334
1,0.36536536536536535,0.8333333333333334
1,0.3663663663663664,0.8333333333333334
1,0.36736736736736736,0.8333333333333334
1,0.3683683683683684,0.8333333333333334
1,0.36936936936936937,0.8333333333333334
1,0.37037037037037035,0.8333333333333334
1,0.3713713713713714,0.8333333333333334
1,0.37237237237237236,0.8333333333333334
1,0.3733733733733734,0.8333333333333334
1,0.3743743743743744,0.8333333333333334
1,0.37537537537537535,0.8333333333333334
1,0.3763763763763764,0.8333333333333334
1,0.37737737737737737,0.8333333333333334
1,0.3783783783783784,0.8333333333333334
1,0.3793793793793794,0.8333333333333334
1,0.38038038038038036,0.8333333333333334
1,0.3813813813813814,0.8333333333333334
1,0.38238238238238237,0.8333333333333334
1,0.3833833833833834,0.8333333333333334
1,0.3843843843843844,0.8333333333333334
1,0.38538538538538536,0.8333333333333334
1,0.3863863863863864,0.8333333333333334
1,0.38738738738738737,0.8333333333333334
1,0.3883883883883884,0.8333333333333334
1,0.3893893893893894,0.8333333333333334
1,0.39039039039039036,0.8333333333333334
1,0.3913913913913914,0.8333333333333334
1,0.3923923923923924,0.8333333333333334
1,0.3933933933933934,0.8333333333333334
1,0.3943943943943944,0.8333333333333334
1,0.39539539539539537,0.8333333333333334
1,0.3963963963963964,0.8333333333333334
1,0.3973973973973974,0.8333333333333334
1,0.3983983983983984,0.8333333333333334
1,0.3993993993993994,0.8333333333333334
1,0.40040040040040037,0.8333333333333334
1,0.4014014014014014,0.8333333333333334
1,0.4024024024024024,0.8333333333333334
1,0.4034034034034034,0.8333333333333334
1,0.4044044044044044,0.8333333333333334
1,0.40540540540540543,0.8333333333333334
1,0.4064064064064064,0.8333333333333334
1,0.4074074074074074,0.8333333333333334
1,0.4084084084084084,0.8333333333333334
1,0.4094094094094094,0.8333333333333334
1,0.41041041041041043,0.8333333333333334
1,0.4114114114114114,0.8333333333333334
1,0.4124124124124124,0.8333333333333334
1,0.4134134134134134,0.8333333333333334
1,0.4144144144144144,0.8333333333333334
1,0.41541541541541543,0.8333333333333334
1,0.4164164164164164,0.8333333333333334
1,0.4174174174174174,0.8333333333333334
1,0.4184184184184184,0.8333333333333334
1,0.4194194194194194,0.8333333333333334
1,0.42042042042042044,0.8333333333333334
1,0.4214214214214214,0.8333333333333334
1,0.4224224224224224,0.8333333333333334
1,0.42342342342342343,0.8333333333333334
1,0.4244244244244244,0.8333333333333334
1,0.42542542542542544,0.8333333333333334
1,0.4264264264264264,0.8333333333333334
1,0.4274274274274274,0.8333333333333334
1,0.42842842842842843,0.8333333333333334
1,0.4294294294294294,0.8333333333333334
1,0.43043043043043044,0.8333333333333334
1,0.4314314314314314,0.8333333333333334
1,0.43243243243243246,0.8333333333333334
1,0.43343343343343343,0.8333333333333334
1,0.4344344344344344,0.8333333333333334
1,0.43543543543543545,0.8333333333333334
1,0.4364364364364364,0.8333333333333334
1,0.43743743743743746,0.8333333333333334
1,0.43843843843843844,0.8333333333333334
1,0.4394394394394394,0.8333333333333334
1,0.44044044044044045,0.8333333333333334
1,0.44144144144144143,0.8333333333333334
1,0.44244244244244246,0.8333333333333334
1,0.44344344344344344,0.8333333333333334
1,0.4444444444444444,0.8333333333333334
1,0.44544544544544545,0.8333333333333334
1,0.44644644644644643,0.8333333333333334
1,0.44744744744744747,0.8333333333333334
1,0.44844844844844844,0.8333333333333334
1,0.4494494494494494,0.8333333333333334
1,0.45045045045045046,0.8333333333333334
1,0.45145145145145144,0.8333333333333334
1,0.45245245245245247,0.8333333333333334
1,0.45345345345345345,0.8333333333333334
1,0.4544544544544544,0.8333333333333334
1,0.45545545545545546,0.8333333333333334
1,0.45645645645645644,0.8333333333333334
1,0.4574574574574575,0.8333333333333334
1,0.45845845845845845,0.8333333333333334
1,0.45945945945945943,0.8333333333333334
1,0.46046046046046046,0.8333333333333334
1,0.46146146146146144,0.8333333333333334
1,0.4624624624624625,0.8333333333333334
1,0.46346346346346345,0.8333333333333334
1,0.46446446446446443,0.8333333333333334
1,0.46546546546546547,0.8333333333333334
1,0.46646646646646645,0.8333333333333334
1,0.4674674674674675,0.8333333333333334
1,0.46846846846846846,0.8333333333333334
1,0.4694694694694695,0.8333333333333334
1,0.47047047047047047,0.8333333333333334
1,0.47147147147147145,0.8333333333333334
1,0.4724724724724725,0.8333333333333334
1,0.47347347347347346,0.8333333333333334
1,0.4744744744744745,0.8333333333333334
1,0.4754754754754755,0.8333333333333334
1,0.47647647647647645,0.8333333333333334
1,0.4774774774774775,0.8333333333333334
1,0.47847847847847846,0.8333333333333334
1,0.4794794794794795,0.8333333333333334
1,0.4804804804804805,0.8333333333333334
1,0.48148148148148145,0.8333333333333334
1,0.4824824824824825,0.8333333333333334
1,0.48348348348348347,0.8333333333333334
1,0.4844844844844845,0.8333333333333334
1,0.4854854854854855,0.8333333333333334
1,0.48648648648648646,0.8333333333333334
1,0.4874874874874875,0.8333333333333334
1,0.48848848848848847,0.8333333333333334
1,0.4894894894894895,0.8333333333333334
1,0.4904904904904905,0.8333333333333334
1,0.49149149149149146,0.8333333333333334
1,0.4924924924924925,0.8333333333333334
1,0.4934934934934935,0.8333333333333334
1,0.4944944944944945,0.8333333333333334
1,0.4954954954954955,0.8333333333333334
1,0.4964964964964965,0.8333333333333334
1,0.4974974974974975,0.8333333333333334
1,0.4984984984984985,0.8333333333333334
1,0.4994994994994995,0.8333333333333334
1,0.5005005005005005,0.8333333333333334
1,0.5015015015015015,0.8333333333333334
1,0.5025025025025025,0.8333333333333334
1,0.5035035035035035,0.8333333333333334
1,0.5045045045045045,0.8333333333333334
1,0.5055055055055055,0.8333333333333334
1,0.5065065065065065,0.8333333333333334
1,0.5075075075075075,0.8333333333333334
1,0.5085085085085085,0.8333333333333334
1,0.5095095095095095,0.8333333333333334
1,0.5105105105105106,0.8333333333333334
1,0.5115115115115115,0.8333333333333334
1,0.5125125125125125,0.8333333333333334
1,0.5135135135135135,0.8333333333333334
1,0.5145145145145145,0.8333333333333334
1,0.5155155155155156,0.8333333333333334
1,0.5165165165165165,0.8333333333333334
1,0.5175175175175175,0.8333333333333334
1,0.5185185185185185,0.8333333333333334
1,0.5195195195195195,0.8333333333333334
1,0.5205205205205206,0.8333333333333334
1,0.5215215215215215,0.8333333333333334
1,0.5225225225225225,0.8333333333333334
1,0.5235235235235235,0.8333333333333334
1,0.5245245245245245,0.8333333333333334
1,0.5255255255255256,0.8333333333333334
1,0.5265265265265265,0.8333333333333334
1,0.5275275275275275,0.8333333333333334
1,0.5285285285285285,0.8333333333333334
1,0.5295295295295295,0.8333333333333334
1,0.5305305305305306,0.8333333333333334
1,0.5315315315315315,0.8333333333333334
1,0.5325325325325325,0.8333333333333334
1,0.5335335335335335,0.8333333333333334
1,0.5345345345345345,0.8333333333333334
1,0.5355355355355356,0.8333333333333334
1,0.5365365365365365,0.8333333333333334
1,0.5375375375375375,0.8333333333333334
1,0.5385385385385385,0.8333333333333334
1,0.5395395395395395,0.8333333333333334
1,0.5405405405405406,0.8333333333333334
1,0.5415415415415415,0.8333333333333334
1,0.5425425425425425,0.8333333333333334
1,0.5435435435435435,0.8333333333333334
1,0.5445445445445445,0.8333333333333334
1,0.5455455455455456,0.8333333333333334
1,0.5465465465465466,0.8333333333333334
1,0.5475475475475475,0.8333333333333334
1,0.5485485485485485,0.8333333333333334
1,0.5495495495495496,0.8333333333333334
1,0.5505505505505506,0.8333333333333334
1,0.5515515515515516,0.8333333333333334
1,0.5525525525525525,0.8333333333333334
1,0.5535535535535535,0.8333333333333334
1,0.5545545545545546,0.8333333333333334
1,0.5555555555555556,0.8333333333333334
1,0.5565565565565566,0.8333333333333334
1,0.5575575575575575,0.8333333333333334
1,0.5585585585585585,0.8333333333333334
1,0.5595595595595596,0.8333333333333334
1,0.5605605605605606,0.8333333333333334
1,0.5615615615615616,0.8333333333333334
1,0.5625625625625625,0.8333333333333334
1,0.5635635635635635,0.8333333333333334
1,0.5645645645645646,0.8333333333333334
1,0.5655655655655656,0.8333333333333334
1,0.5665665665665666,0.8333333333333334
1,0.5675675675675675,0.8333333333333334
1,0.5685685685685685,0.8333333333333334
1,0.5695695695695696,0.8333333333333334
1,0.5705705705705706,0.8333333333333334
1,0.5715715715715716,0.8333333333333334
1,0.5725725725725725,0.8333333333333334
1,0.5735735735735735,0.8333333333333334
1,0.5745745745745746,0.8333333333333334
1,0.5755755755755756,0.8333333333333334
1,0.5765765765765766,0.8333333333333334
1,0.5775775775775776,0.8333333333333334
1,0.5785785785785785,0.8333333333333334
1,0.5795795795795796,0.8333333333333334
1,0.5805805805805806,0.8333333333333334
1,0.5815815815815816,0.8333333333333334
1,0.5825825825825826,0.8333333333333334
1,0.5835835835835835,0.8333333333333334
1,0.5845845845845846,0.8333333333333334
1,0.5855855855855856,0.8333333333333334
1,0.5865865865865866,0.8333333333333334
1,0.5875875875875876,0.8333333333333334
1,0.5885885885885885,0.8333333333333334
1,0.5895895895895896,0.8333333333333334
1,0.5905905905905906,0.8333333333333334
1,0.5915915915915916,0.8333333333333334
1,0.5925925925925926,0.8333333333333334
1,0.5935935935935935,0.8333333333333334
1,0.5945945945945946,0.8333333333333334
1,0.5955955955955956,0.8333333333333334
1,0.5965965965965966,0.8333333333333334
1,0.5975975975975976,0.8333333333333334
1,0.5985985985985985,0.8333333333333334
1,0.5995995995995996,0.8333333333333334
1,0.6006006006006006,0.8333333333333334
1,0.6016016016016016,0.8333333333333334
1,0.6026026026026026,0.8333333333333334
1,0.6036036036036035,0.8333333333333334
1,0.6046046046046046,0.8333333333333334
1,0.6056056056056056,0.8333333333333334
1,0.6066066066066066,0.8333333333333334
1,0.6076076076076076,0.8333333333333334
1,0.6086086086086087,0.8333333333333334
1,0.6096096096096096,0.8333333333333334
1,0.6106106106106106,0.8333333333333334
1,0.6116116116116116,0.8333333333333334
1,0.6126126126126126,0.8333333333333334
1,0.6136136136136137,0.8333333333333334
1,0.6146146146146146,0.8333333333333334
1,0.6156156156156156,0.8333333333333334
1,0.6166166166166166,0.8333333333333334
1,0.6176176176176176,0.8333333333333334
1,0.6186186186186187,0.8333333333333334
1,0.6196196196196196,0.8333333333333334
1,0.6206206206206206,0.8333333333333334
1,0.6216216216216216,0.8333333333333334
1,0.6226226226226226,0.8333333333333334
1,0.6236236236236237,0.8333333333333334
1,0.6246246246246246,0.8333333333333334
1,0.6256256256256256,0.8333333333333334
1,0.6266266266266266,0.8333333333333334
1,0.6276276276276276,0.8333333333333334
1,0.6286286286286287,0.8333333333333334
1,0.6296296296296297,0.8333333333333334
1,0.6306306306306306,0.8333333333333334
1,0.6316316316316316,0.8333333333333334
1,0.6326326326326326,0.8333333333333334
1,0.6336336336336337,0.8333333333333334
1,0.6346346346346347,0.8333333333333334
1,0.6356356356356356,0.8333333333333334
1,0.6366366366366366,0.8333333333333334
1,0.6376376376376376,0.8333333333333334
1,0.6386386386386387,0.8333333333333334
1,0.6396396396396397,0.8333333333333334
1,0.6406406406406406,0.8333333333333334
1,0.6416416416416416,0.8333333333333334
1,0.6426426426426426,0.8333333333333334
1,0.6436436436436437,0.8333333333333334
1,0.6446446446446447,0.8333333333333334
1,0.6456456456456456,0.8333333333333334
1,0.6466466466466466,0.8333333333333334
1,0.6476476476476476,0.8333333333333334
1,0.6486486486486487,0.8333333333333334
1,0.6496496496496497,0.8333333333333334
1,0.6506506506506506,0.8333333333333334
1,0.6516516516516516,0.8333333333333334
1,0.6526526526526526,0.8333333333333334
1,0.6536536536536537,0.8333333333333334
1,0.6546546546546547,0.8333333333333334
1,0.6556556556556556,0.8333333333333334
1,0.6566566566566566,0.8333333333333334
1,0.6576576576576576,0.8333333333333334
1,0.6586586586586587,0.8333333333333334
1,0.6596596596596597,0.8333333333333334
1,0.6606606606606606,0.8333333333333334
1,0.6616616616616616,0.8333333333333334
1,0.6626626626626626,0.8333333333333334
1,0.6636636636636637,0.8333333333333334
1,0.6646646646646647,0.8333333333333334
1,0.6656656656656657,0.8333333333333334
1,0.6666666666666666,0.8333333333333334
1,0.6676676676676676,0.8333333333333334
1,0.6686686686686687,0.8333333333333334
1,0.6696696696696697,0.8333333333333334
1,0.6706706706706707,0.8333333333333334
1,0.6716716716716716,0.8333333333333334
1,0.6726726726726726,0.8333333333333334
1,0.6736736736736737,0.8333333333333334
1,0.6746746746746747,0.8333333333333334
1,0.6756756756756757,0.8333333333333334
1,0.6766766766766766,0.8333333333333334
1,0.6776776776776777,0.8333333333333334
1,0.6786786786786787,0.8333333333333334
1,0.6796796796796797,0.8333333333333334
1,0.6806806806806807,0.8333333333333334
1,0.6816816816816816,0.8333333333333334
1,0.6826826826826827,0.8333333333333334
1,0.6836836836836837,0.8333333333333334
1,0.6846846846846847,0.8333333333333334
1,0.6856856856856857,0.8333333333333334
1,0.6866866866866866,0.8333333333333334
1,0.6876876876876877,0.8333333333333334
1,0.6886886886886887,0.8333333333333334
1,0.6896896896896897,0.8333333333333334
1,0.6906906906906907,0.8333333333333334
1,0.6916916916916916,0.8333333333333334
1,0.6926926926926927,0.8333333333333334
1,0.6936936936936937,0.8333333333333334
1,0.6946946946946947,0.8333333333333334
1,0.6956956956956957,0.8333333333333334
1,0.6966966966966966,0.8333333333333334
1,0.6976976976976977,0.8333333333333334
1,0.6986986986986987,0.8333333333333334
1,0.6996996996996997,0.8333333333333334
1,0.7007007007007007,0.8333333333333334
1,0.7017017017017017,0.8333333333333334
1,0.7027027027027027,0.8333333333333334
1,0.7037037037037037,0.8333333333333334
1,0.7047047047047047,0.8333333333333334
1,0.7057057057057057,0.8333333333333334
1,0.7067067067067067,0.8333333333333334
1,0.7077077077077077,0.8333333333333334
1,0.7087087087087087,0.8333333333333334
1,0.7097097097097097,0.8333333333333334
1,0.7107107107107107,0.8333333333333334
1,0.7117117117117117,0.8333333333333334
1,0.7127127127127127,0.8333333333333334
1,0.7137137137137137,0.8333333333333334
1,0.7147147147147147,0.8333333333333334
1,0.7157157157157157,0.8333333333333334
1,0.7167167167167167,0.8333333333333334
1,0.7177177177177178,0.8333333333333334
1,0.7187187187187187,0.8333333333333334
1,0.7197197197197197,0.8333333333333334
1,0.7207207207207207,0.8333333333333334
1,0.7217217217217217,0.8333333333333334
1,0.7227227227227228,0.8333333333333334
1,0.7237237237237237,0.8333333333333334
1,0.7247247247247247,0.8333333333333334
1,0.7257257257257257,0.8333333333333334
1,0.7267267267267267,0.8333333333333334
1,0.7277277277277278,0.8333333333333334
1,0.7287287287287287,0.8333333333333334
1,0.7297297297297297,0.8333333333333334
1,0.7307307307307307,0.8333333333333334
1,0.7317317317317317,0.8333333333333334
1,0.7327327327327328,0.8333333333333334
1,0.7337337337337337,0.8333333333333334
1,0.7347347347347347,0.8333333333333334
1,0.7357357357357357,0.8333333333333334
1,0.7367367367367368,0.8333333333333334
1,0.7377377377377378,0.8333333333333334
1,0.7387387387387387,0.8333333333333334
1,0.7397397397397397,0.8333333333333334
1,0.7407407407407407,0.8333333333333334
1,0.7417417417417418,0.8333333333333334
1,0.7427427427427428,0.8333333333333334
1,0.7437437437437437,0.8333333333333334
1,0.7447447447447447,0.8333333333333334
1,0.7457457457457457,0.8333333333333334
1,0.7467467467467468,0.8333333333333334
1,0.7477477477477478,0.8333333333333334
1,0.7487487487487487,0.8333333333333334
1,0.7497497497497497,0.8333333333333334
1,0.7507507507507507,0.8333333333333334
1,0.7517517517517518,0.8333333333333334
1,0.7527527527527528,0.8333333333333334
1,0.7537537537537538,0.8333333333333334
1,0.7547547547547547,0.8333333333333334
1,0.7557557557557557,0.8333333333333334
1,0.7567567567567568,0.8333333333333334
1,0.7577577577577578,0.8333333333333334
1,0.7587587587587588,0.8333333333333334
1,0.7597597597597597,0.8333333333333334
1,0.7607607607607607,0.8333333333333334
1,0.7617617617617618,0.8333333333333334
1,0.7627627627627628,0.8333333333333334
1,0.7637637637637638,0.8333333333333334
1,0.7647647647647647,0.8333333333333334
1,0.7657657657657657,0.8333333333333334
1,0.7667667667667668,0.8333333333333334
1,0.7677677677677678,0.8333333333333334
1,0.7687687687687688,0.8333333333333334
1,0.7697697697697697,0.8333333333333334
1,0.7707707707707707,0.8333333333333334
1,0.7717717717717718,0.8333333333333334
1,0.7727727727727728,0.8333333333333334
1,0.7737737737737738,0.8333333333333334
1,0.7747747747747747,0.8333333333333334
1,0.7757757757757757,0.8333333333333334
1,0.7767767767767768,0.8333333333333334
1,0.7777777777777778,0.8333333333333334
1,0.7787787787787788,0.8333333333333334
1,0.7797797797797797,0.8333333333333334
1,0.7807807807807807,0.8333333333333334
1,0.7817817817817818,0.8333333333333334
1,0.7827827827827828,0.8333333333333334
1,0.7837837837837838,0.8333333333333334
1,0.7847847847847848,0.8333333333333334
1,0.7857857857857857,0.8333333333333334
1,0.7867867867867868,0.8333333333333334
1,0.7877877877877878,0.8333333333333334
1,0.7887887887887888,0.8333333333333334
1,0.7897897897897898,0.8333333333333334
1,0.7907907907907907,0.8333333333333334
1,0.7917917917917918,0.8333333333333334
1,0.7927927927927928,0.8333333333333334
1,0.7937937937937938,0.8333333333333334
1,0.7947947947947948,0.8333333333333334
1,0.7957957957957957,0.8333333333333334
1,0.7967967967967968,0.8333333333333334
1,0.7977977977977978,0.8333333333333334
1,0.7987987987987988,0.8333333333333334
1,0.7997997997997998,0.8333333333333334
1,0.8008008008008007,0.8333333333333334
1,0.8018018018018018,0.8333333333333334
1,0.8028028028028028,0.8333333333333334
1,0.8038038038038038,0.8333333333333334
1,0.8048048048048048,0.8333333333333334
1,0.8058058058058059,0.8333333333333334
1,0.8068068068068068,0.9166666666666666
1,0.8078078078078078,0.9166666666666666
1,0.8088088088088088,0.9166666666666666
1,0.8098098098098098,0.9166666666666666
1,0.8108108108108109,0.9166666666666666
1,0.8118118118118118,0.9166666666666666
1,0.8128128128128128,0.9166666666666666
1,0.8138138138138138,0.9166666666666666
1,0.8148148148148148,0.9166666666666666
1,0.8158158158158159,0.9166666666666666
1,0.8168168168168168,0.9166666666666666
1,0.8178178178178178,0.9166666666666666
1,0.8188188188188188,0.9166666666666666
1,0.8198198198198198,0.9166666666666666
1,0.8208208208208209,0.9166666666666666
1,0.8218218218218218,0.9166666666666666
1,0.8228228228228228,0.9166666666666666
1,0.8238238238238238,0.9166666666666666
1,0.8248248248248248,0.9166666666666666
1,0.8258258258258259,0.9166666666666666
1,0.8268268268268268,0.9166666666666666
1,0.8278278278278278,0.9166666666666666
1,0.8288288288288288,0.9166666666666666
1,0.8298298298298298,0.9166666666666666
1,0.8308308308308309,0.9166666666666666
1,0.8318318318318318,0.9166666666666666
1,0.8328328328328328,0.9166666666666666
1,0.8338338338338338,0.9166666666666666
1,0.8348348348348348,0.9166666666666666
1,0.8358358358358359,0.9166666666666666
1,0.8368368368368369,0.9166666666666666
1,0.8378378378378378,0.9166666666666666
1,0.8388388388388388,0.9166666666666666
1,0.8398398398398398,0.9166666666666666
1,0.8408408408408409,0.9166666666666666
1,0.8418418418418419,0.9166666666666666
1,0.8428428428428428,0.9166666666666666
1,0.8438438438438438,0.9166666666666666
1,0.8448448448448448,0.9166666666666666
1,0.8458458458458459,0.9166666666666666
1,0.8468468468468469,0.9166666666666666
1,0.8478478478478478,0.9166666666666666
1,0.8488488488488488,0.9166666666666666
1,0.8498498498498498,0.9166666666666666
1,0.8508508508508509,0.9166666666666666
1,0.8518518518518519,0.9166666666666666
1,0.8528528528528528,0.9166666666666666
1,0.8538538538538538,0.9166666666666666
1,0.8548548548548548,0.9166666666666666
1,0.8558558558558559,0.9166666666666666
1,0.8568568568568569,0.9166666666666666
1,0.8578578578578578,0.9166666666666666
1,0.8588588588588588,0.9166666666666666
1,0.8598598598598598,0.9166666666666666
1,0.8608608608608609,0.9166666666666666
1,0.8618618618618619,0.9166666666666666
1,0.8628628628628628,0.9166666666666666
1,0.8638638638638638,0.9166666666666666
1,0.8648648648648649,0.9166666666666666
1,0.8658658658658659,0.9166666666666666
1,0.8668668668668669,0.9166666666666666
1,0.8678678678678678,0.9166666666666666
1,0.8688688688688688,0.9166666666666666
1,0.8698698698698699,0.9166666666666666
1,0.8708708708708709,0.9166666666666666
1,0.8718718718718719,0.9166666666666666
1,0.8728728728728729,0.9166666666666666
1,0.8738738738738738,0.9166666666666666
1,0.8748748748748749,0.9166666666666666
1,0.8758758758758759,0.9166666666666666
1,0.8768768768768769,0.9166666666666666
1,0.8778778778778779,0.9166666666666666
1,0.8788788788788788,0.9166666666666666
1,0.8798798798798799,0.9166666666666666
1,0.8808808808808809,0.9166666666666666
1,0.8818818818818819,0.9166666666666666
1,0.8828828828828829,0.9166666666666666
1,0.8838838838838838,0.9166666666666666
1,0.8848848848848849,0.9166666666666666
1,0.8858858858858859,0.9166666666666666
1,0.8868868868868869,0.9166666666666666
1,0.8878878878878879,0.9166666666666666
1,0.8888888888888888,0.9166666666666666
1,0.8898898898898899,0.9166666666666666
1,0.8908908908908909,0.9166666666666666
1,0.8918918918918919,0.9166666666666666
1,0.8928928928928929,0.9166666666666666
1,0.8938938938938938,0.9166666666666666
1,0.8948948948948949,0.9166666666666666
1,0.8958958958958959,0.9166666666666666
1,0.8968968968968969,0.9166666666666666
1,0.8978978978978979,0.9166666666666666
1,0.8988988988988988,0.9166666666666666
1,0.8998998998998999,0.9166666666666666
1,0.9009009009009009,0.9166666666666666
1,0.9019019019019019,0.9166666666666666
1,0.9029029029029029,0.9166666666666666
1,0.9039039039039038,1.0
1,0.9049049049049049,1.0
1,0.9059059059059059,1.0
1,0.9069069069069069,1.0
1,0.9079079079079079,1.0
1,0.9089089089089089,1.0
1,0.9099099099099099,1.0
1,0.9109109109109109,1.0
1,0.9119119119119119,1.0
1,0.9129129129129129,1.0
1,0.9139139139139139,1.0
1,0.914914914914915,1.0
1,0.9159159159159159,1.0
1,0.9169169169169169,1.0
1,0.9179179179179179,1.0
1,0.9189189189189189,1.0
1,0.91991991991992,1.0
1,0.9209209209209209,1.0
1,0.9219219219219219,1.0
1,0.9229229229229229,1.0
1,0.9239239239239239,1.0
1,0.924924924924925,1.0
1,0.9259259259259259,1.0
1,0.9269269269269269,1.0
1,0.9279279279279279,1.0
1,0.9289289289289289,1.0
1,0.92992992992993,1.0
1,0.9309309309309309,1.0
1,0.9319319319319319,1.0
1,0.9329329329329329,1.0
1,0.933933933933934,1.0
1,0.934934934934935,1.0
1,0.9359359359359359,1.0
1,0.9369369369369369,1.0
1,0.9379379379379379,1.0
1,0.938938938938939,1.0
1,0.93993993993994,1.0
1,0.9409409409409409,1.0
1,0.9419419419419419,1.0
1,0.9429429429429429,1.0
1,0.943943943943944,1.0
1,0.944944944944945,1.0
1,0.9459459459459459,1.0
1,0.9469469469469469,1.0
1,0.9479479479479479,1.0
1,0.948948948948949,1.0
1,0.94994994994995,1.0
1,0.950950950950951,1.0
1,0.9519519519519519,1.0
1,0.9529529529529529,1.0
1,0.953953953953954,1.0
1,0.954954954954955,1.0
1,0.955955955955956,1.0
1,0.9569569569569569,1.0
1,0.9579579579579579,1.0
1,0.958958958958959,1.0
1,0.95995995995996,1.0
1,0.960960960960961,1.0
1,0.9619619619619619,1.0
1,0.9629629629629629,1.0
1,0.963963963963964,1.0
1,0.964964964964965,1.0
1,0.965965965965966,1.0
1,0.9669669669669669,1.0
1,0.9679679679679679,1.0
1,0.968968968968969,1.0
1,0.96996996996997,1.0
1,0.970970970970971,1.0
1,0.9719719719719719,1.0
1,0.9729729729729729,1.0
1,0.973973973973974,1.0
1,0.974974974974975,1.0
1,0.975975975975976,1.0
1,0.9769769769769769,1.0
1,0.9779779779779779,1.0
1,0.978978978978979,1.0
1,0.97997997997998,1.0
1,0.980980980980981,1.0
1,0.9819819819819819,1.0
1,0.9829829829829829,1.0
1,0.983983983983984,1.0
1,0.984984984984985,1.0
1,0.985985985985986,1.0
1,0.986986986986987,1.0
1,0.9879879879879879,1.0
1,0.988988988988989,1.0
1,0.98998998998999,1.0
1,0.990990990990991,1.0
1,0.991991991991992,1.0
1,0.992992992992993,1.0
1,0.993993993993994,1.0
1,0.994994994994995,1.0
1,0.995995995995996,1.0
1,0.996996996996997,1.0
1,0.997997997997998,1.0
1,0.998998998998999,1.0
1,1.0,1.0
2,0.0,0.4166666666666667
2,0.001001001001001001,0.4166666666666667
2,0.002002002002002002,0.4166666666666667
2,0.003003003003003003,0.4166666666666667
2,0.004004004004004004,0.4166666666666667
2,0.005005005005005005,0.4166666666666667
2,0.006006006006006006,0.4166666666666667
2,0.007007007007007007,0.4166666666666667
2,0.008008008008008008,0.4166666666666667
2,0.009009009009009009,0.4166666666666667
2,0.01001001001001001,0.4166666666666667
2,0.011011011011011011,0.4166666666666667
2,0.012012012012012012,0.4166666666666667
2,0.013013013013013013,0.4166666666666667
2,0.014014014014014014,0.4166666666666667
2,0.015015015015015015,0.4166666666666667
2,0.016016016016016016,0.4166666666666667
2,0.017017017017017015,0.4166666666666667
2,0.018018018018018018,0.4166666666666667
2,0.01901901901901902,0.4166666666666667
2,0.02002002002002002,0.4166666666666667
2,0.02102102102102102,0.4166666666666667
2,0.022022022022022022,0.4166666666666667
2,0.023023023023023025,0.4166666666666667
2,0.024024024024024024,0.4166666666666667
2,0.025025025025025023,0.4166666666666667
2,0.026026026026026026,0.4166666666666667
2,0.02702702702702703,0.4166666666666667
2,0.028028028028028028,0.4166666666666667
2,0.029029029029029027,0.4166666666666667
2,0.03003003003003003,0.4166666666666667
2,0.031031031031031032,0.4166666666666667
2,0.03203203203203203,0.4166666666666667
2,0.03303303303303303,0.5
2,0.03403403403403403,0.5
2,0.035035035035035036,0.5
2,0.036036036036036036,0.5
2,0.037037037037037035,0.5
2,0.03803803803803804,0.5
2,0.03903903903903904,0.5
2,0.04004004004004004,0.5
2,0.04104104104104104,0.5
2,0.04204204204204204,0.5
2,0.043043043043043044,0.5
2,0.044044044044044044,0.5
2,0.04504504504504504,0.5
2,0.04604604604604605,0.5
2,0.04704704704704705,0.5
2,0.04804804804804805,0.5
2,0.04904904904904905,0.5
2,0.050050050050050046,0.5
2,0.05105105105105105,0.5
2,0.05205205205205205,0.5
2,0.05305305305305305,0.5
2,0.05405405405405406,0.5
2,0.055055055055055056,0.5
2,0.056056056056056056,0.5
2,0.057057057057057055,0.5
2,0.058058058058058054,0.5
2,0.05905905905905906,0.5
2,0.06006006006006006,0.5
2,0.06106106106106106,0.5
2,0.062062062062062065,0.5
2,0.06306306306306306,0.5
2,0.06406406406406406,0.5
2,0.06506506506506507,0.75
2,0.06606606606606606,0.75
2,0.06706706706706707,0.75
2,0.06806806806806806,0.75
2,0.06906906906906907,0.75
2,0.07007007007007007,0.75
2,0.07107107107107107,0.75
2,0.07207207207207207,0.75
2,0.07307307307307308,0.75
2,0.07407407407407407,0.75
2,0.07507507507507508,0.75
2,0.07607607607607608,0.75
2,0.07707707707707707,0.75
2,0.07807807807807808,0.75
2,0.07907907907907907,0.75
2,0.08008008008008008,0.75
2,0.08108108108108109,0.75
2,0.08208208208208208,0.75
2,0.08308308308308308,0.75
2,0.08408408408408408,0.75
2,0.08508508508508508,0.75
2,0.08608608608608609,0.75
2,0.08708708708708708,0.75
2,0.08808808808808809,0.75
2,0.0890890890890891,0.75
2,0.09009009009009009,0.75
2,0.09109109109109109,0.75
2,0.0920920920920921,0.75
2,0.09309309309309309,0.75
2,0.0940940940940941,0.75
2,0.09509509509509509,0.75
2,0.0960960960960961,0.75
2,0.0970970970970971,0.75
2,0.0980980980980981,0.75
2,0.0990990990990991,0.75
2,0.10010010010010009,0.75
2,0.1011011011011011,0.75
2,0.1021021021021021,0.75
2,0.1031031031031031,0.75
2,0.1041041041041041,0.75
2,0.10510510510510511,0.75
2,0.1061061061061061,0.75
2,0.10710710710710711,0.75
2,0.10810810810810811,0.75
2,0.1091091091091091,0.75
2,0.11011011011011011,0.75
2,0.1111111111111111,0.75
2,0.11211211211211211,0.75
2,0.11311311311311312,0.75
2,0.11411411411411411,0.75
2,0.11511511511511512,0.75
2,0.11611611611611611,0.75
2,0.11711711711711711,0.75
2,0.11811811811811812,0.75
2,0.11911911911911911,0.75
2,0.12012012012012012,0.75
2,0.12112112112112113,0.75
2,0.12212212212212212,0.75
2,0.12312312312312312,0.75
2,0.12412412412412413,0.75
2,0.12512512512512514,0.75
2,0.12612612612612611,0.75
2,0.12712712712712712,0.75
2,0.12812812812812813,0.75
2,0.12912912912912913,0.8333333333333334
2,0.13013013013013014,0.8333333333333334
2,0.13113113113113112,0.8333333333333334
2,0.13213213213213212,0.8333333333333334
2,0.13313313313313313,0.8333333333333334
2,0.13413413413413414,0.8333333333333334
2,0.13513513513513514,0.8333333333333334
2,0.13613613613613612,0.8333333333333334
2,0.13713713713713713,0.8333333333333334
2,0.13813813813813813,0.8333333333333334
2,0.13913913913913914,0.8333333333333334
2,0.14014014014014015,0.8333333333333334
2,0.14114114114114115,0.8333333333333334
2,0.14214214214214213,0.8333333333333334
2,0.14314314314314314,0.8333333333333334
2,0.14414414414414414,0.8333333333333334
2,0.14514514514514515,0.8333333333333334
2,0.14614614614614616,0.8333333333333334
2,0.14714714714714713,0.8333333333333334
2,0.14814814814814814,0.8333333333333334
2,0.14914914914914915,0.8333333333333334
2,0.15015015015015015,0.8333333333333334
2,0.15115115115115116,0.8333333333333334
2,0.15215215215215216,0.8333333333333334
2,0.15315315315315314,0.8333333333333334
2,0.15415415415415415,0.8333333333333334
2,0.15515515515515516,0.8333333333333334
2,0.15615615615615616,0.8333333333333334
2,0.15715715715715717,0.8333333333333334
2,0.15815815815815815,0.8333333333333334
2,0.15915915915915915,0.8333333333333334
2,0.16016016016016016,0.8333333333333334
2,0.16116116116116116,0.8333333333333334
2,0.16216216216216217,0.8333333333333334
2,0.16316316316316315,0.8333333333333334
2,0.16416416416416416,0.8333333333333334
2,0.16516516516516516,0.8333333333333334
2,0.16616616616616617,0.8333333333333334
2,0.16716716716716717,0.8333333333333334
2,0.16816816816816815,0.8333333333333334
2,0.16916916916916916,0.8333333333333334
2,0.17017017017017017,0.8333333333333334
2,0.17117117117117117,0.8333333333333334
2,0.17217217217217218,0.8333333333333334
2,0.17317317317317318,0.8333333333333334
2,0.17417417417417416,0.8333333333333334
2,0.17517517517517517,0.8333333333333334
2,0.17617617617617617,0.8333333333333334
2,0.17717717717717718,0.8333333333333334
2,0.1781781781781782,0.8333333333333334
2,0.17917917917917917,0.8333333333333334
2,0.18018018018018017,0.8333333333333334
2,0.18118118118118118,0.8333333333333334
2,0.18218218218218218,0.8333333333333334
2,0.1831831831831832,0.8333333333333334
2,0.1841841841841842,0.8333333333333334
2,0.18518518518518517,0.8333333333333334
2,0.18618618618618618,0.8333333333333334
2,0.1871871871871872,0.8333333333333334
2,0.1881881881881882,0.8333333333333334
2,0.1891891891891892,0.8333333333333334
2,0.19019019019019018,0.8333333333333334
2,0.19119119119119118,0.8333333333333334
2,0.1921921921921922,0.8333333333333334
2,0.1931931931931932,0.8333333333333334
2,0.1941941941941942,0.8333333333333334
2,0.19519519519519518,0.8333333333333334
2,0.1961961961961962,0.8333333333333334
2,0.1971971971971972,0.8333333333333334
2,0.1981981981981982,0.8333333333333334
2,0.1991991991991992,0.8333333333333334
2,0.20020020020020018,0.8333333333333334
2,0.2012012012012012,0.8333333333333334
2,0.2022022022022022,0.8333333333333334
2,0.2032032032032032,0.8333333333333334
2,0.2042042042042042,0.8333333333333334
2,0.20520520520520522,0.8333333333333334
2,0.2062062062062062,0.8333333333333334
2,0.2072072072072072,0.8333333333333334
2,0.2082082082082082,0.8333333333333334
2,0.2092092092092092,0.8333333333333334
2,0.21021021021021022,0.8333333333333334
2,0.2112112112112112,0.8333333333333334
2,0.2122122122122122,0.8333333333333334
2,0.2132132132132132,0.8333333333333334
2,0.21421421421421422,0.8333333333333334
2,0.21521521521521522,0.8333333333333334
2,0.21621621621621623,0.8333333333333334
2,0.2172172172172172,0.8333333333333334
2,0.2182182182182182,0.8333333333333334
2,0.21921921921921922,0.8333333333333334
2,0.22022022022022023,0.8333333333333334
2,0.22122122122122123,0.8333333333333334
2,0.2222222222222222,0.8333333333333334
2,0.22322322322322322,0.8333333333333334
2,0.22422422422422422,0.8333333333333334
2,0.22522522522522523,0.8333333333333334
2,0.22622622622622623,0.8333333333333334
2,0.2272272272272272,0.8333333333333334
2,0.22822822822822822,0.8333333333333334
2,0.22922922922922923,0.8333333333333334
2,0.23023023023023023,0.8333333333333334
2,0.23123123123123124,0.8333333333333334
2,0.23223223223223222,0.8333333333333334
2,0.23323323323323322,0.8333333333333334
2,0.23423423423423423,0.8333333333333334
2,0.23523523523523523,0.8333333333333334
2,0.23623623623623624,0.8333333333333334
2,0.23723723723723725,0.8333333333333334
2,0.23823823823823823,0.8333333333333334
2,0.23923923923923923,0.8333333333333334
2,0.24024024024024024,0.8333333333333334
2,0.24124124124124124,0.8333333333333334
2,0.24224224224224225,0.8333333333333334
2,0.24324324324324323,0.8333333333333334
2,0.24424424424424424,0.8333333333333334
2,0.24524524524524524,0.8333333333333334
2,0.24624624624624625,0.8333333333333334
2,0.24724724724724725,0.8333333333333334
2,0.24824824824824826,0.8333333333333334
2,0.24924924924924924,0.8333333333333334
2,0.2502502502502503,0.8333333333333334
2,0.25125125125125125,0.8333333333333334
2,0.25225225225225223,0.8333333333333334
2,0.25325325325325326,0.8333333333333334
2,0.25425425425425424,0.8333333333333334
2,0.2552552552552553,0.8333333333333334
2,0.25625625625625625,0.8333333333333334
2,0.25725725725725723,0.8333333333333334
2,0.25825825825825827,0.8333333333333334
2,0.25925925925925924,0.8333333333333334
2,0.2602602602602603,0.8333333333333334
2,0.26126126126126126,0.8333333333333334
2,0.26226226226226224,0.8333333333333334
2,0.26326326326326327,0.8333333333333334
2,0.26426426426426425,0.8333333333333334
2,0.2652652652652653,0.8333333333333334
2,0.26626626626626626,0.8333333333333334
2,0.26726726726726724,0.8333333333333334
2,0.2682682682682683,0.8333333333333334
2,0.26926926926926925,0.8333333333333334
2,0.2702702702702703,0.8333333333333334
2,0.27127127127127126,0.8333333333333334
2,0.27227227227227224,0.8333333333333334
2,0.2732732732732733,0.8333333333333334
2,0.27427427427427425,0.8333333333333334
2,0.2752752752752753,0.8333333333333334
2,0.27627627627627627,0.8333333333333334
2,0.2772772772772773,0.8333333333333334
2,0.2782782782782783,0.8333333333333334
2,0.27927927927927926,0.8333333333333334
2,0.2802802802802803,0.8333333333333334
2,0.28128128128128127,0.8333333333333334
2,0.2822822822822823,0.8333333333333334
2,0.2832832832832833,0.8333333333333334
2,0.28428428428428426,0.8333333333333334
2,0.2852852852852853,0.8333333333333334
2,0.2862862862862863,0.8333333333333334
2,0.2872872872872873,0.8333333333333334
2,0.2882882882882883,0.8333333333333334
2,0.28928928928928926,0.8333333333333334
2,0.2902902902902903,0.8333333333333334
2,0.2912912912912913,0.9166666666666666
2,0.2922922922922923,0.9166666666666666
2,0.2932932932932933,0.9166666666666666
2,0.29429429429429427,0.9166666666666666
2,0.2952952952952953,0.9166666666666666
2,0.2962962962962963,0.9166666666666666
2,0.2972972972972973,0.9166666666666666
2,0.2982982982982983,0.9166666666666666
2,0.29929929929929927,0.9166666666666666
2,0.3003003003003003,0.9166666666666666
2,0.3013013013013013,0.9166666666666666
2,0.3023023023023023,0.9166666666666666
2,0.3033033033033033,0.9166666666666666
2,0.30430430430430433,0.9166666666666666
2,0.3053053053053053,0.9166666666666666
2,0.3063063063063063,0.9166666666666666
2,0.3073073073073073,0.9166666666666666
2,0.3083083083083083,0.9166666666666666
2,0.30930930930930933,0.9166666666666666
2,0.3103103103103103,0.9166666666666666
2,0.3113113113113113,0.9166666666666666
2,0.3123123123123123,0.9166666666666666
2,0.3133133133133133,0.9166666666666666
2,0.31431431431431434,0.9166666666666666
2,0.3153153153153153,0.9166666666666666
2,0.3163163163163163,0.9166666666666666
2,0.3173173173173173,0.9166666666666666
2,0.3183183183183183,0.9166666666666666
2,0.31931931931931934,0.9166666666666666
2,0.3203203203203203,0.9166666666666666
2,0.3213213213213213,0.9166666666666666
2,0.32232232232232233,0.9166666666666666
2,0.3233233233233233,0.9166666666666666
2,0.32432432432432434,0.9166666666666666
2,0.3253253253253253,0.9166666666666666
2,0.3263263263263263,0.9166666666666666
2,0.32732732732732733,0.9166666666666666
2,0.3283283283283283,0.9166666666666666
2,0.32932932932932935,0.9166666666666666
2,0.3303303303303303,0.9166666666666666
2,0.3313313313313313,0.9166666666666666
2,0.33233233233233234,0.9166666666666666
2,0.3333333333333333,0.9166666666666666
2,0.33433433433433435,0.9166666666666666
2,0.3353353353353353,0.9166666666666666
2,0.3363363363363363,0.9166666666666666
2,0.33733733733733734,0.9166666666666666
2,0.3383383383383383,0.9166666666666666
2,0.33933933933933935,0.9166666666666666
2,0.34034034034034033,0.9166666666666666
2,0.34134134134134136,0.9166666666666666
2,0.34234234234234234,0.9166666666666666
2,0.3433433433433433,0.9166666666666666
2,0.34434434434434436,0.9166666666666666
2,0.34534534534534533,0.9166666666666666
2,0.34634634634634637,0.9166666666666666
2,0.34734734734734735,0.9166666666666666
2,0.3483483483483483,0.9166666666666666
2,0.34934934934934936,0.9166666666666666
2,0.35035035035035034,0.9166666666666666
2,0.35135135135135137,0.9166666666666666
2,0.35235235235235235,0.9166666666666666
2,0.3533533533533533,0.9166666666666666
2,0.35435435435435436,0.9166666666666666
2,0.35535535535535534,0.9166666666666666
2,0.3563563563563564,0.9166666666666666
2,0.35735735735735735,0.9166666666666666
2,0.35835835835835833,0.9166666666666666
2,0.35935935935935936,0.9166666666666666
2,0.36036036036036034,0.9166666666666666
2,0.3613613613613614,0.9166666666666666
2,0.36236236236236236,0.9166666666666666
2,0.36336336336336333,0.9166666666666666
2,0.36436436436436437,0.9166666666666666
2,0.36536536536536535,0.9166666666666666
2,0.3663663663663664,0.9166666666666666
2,0.36736736736736736,0.9166666666666666
2,0.3683683683683684,0.9166666666666666
2,0.36936936936936937,0.9166666666666666
2,0.37037037037037035,0.9166666666666666
2,0.3713713713713714,0.9166666666666666
2,0.37237237237237236,0.9166666666666666
2,0.3733733733733734,0.9166666666666666
2,0.3743743743743744,0.9166666666666666
2,0.37537537537537535,0.9166666666666666
2,0.3763763763763764,0.9166666666666666
2,0.37737737737737737,0.9166666666666666
2,0.3783783783783784,0.9166666666666666
2,0.3793793793793794,0.9166666666666666
2,0.38038038038038036,0.9166666666666666
2,0.3813813813813814,0.9166666666666666
2,0.38238238238238237,0.9166666666666666
2,0.3833833833833834,0.9166666666666666
2,0.3843843843843844,0.9166666666666666
2,0.38538538538538536,0.9166666666666666
2,0.3863863863863864,0.9166666666666666
2,0.38738738738738737,1.0
2,0.3883883883883884,1.0
2,0.3893893893893894,1.0
2,0.39039039039039036,1.0
2,0.3913913913913914,1.0
2,0.3923923923923924,1.0
2,0.3933933933933934,1.0
2,0.3943943943943944,1.0
2,0.39539539539539537,1.0
2,0.3963963963963964,1.0
2,0.3973973973973974,1.0
2,0.3983983983983984,1.0
2,0.3993993993993994,1.0
2,0.40040040040040037,1.0
2,0.4014014014014014,1.0
2,0.4024024024024024,1.0
2,0.4034034034034034,1.0
2,0.4044044044044044,1.0
2,0.40540540540540543,1.0
2,0.4064064064064064,1.0
2,0.4074074074074074,1.0
2,0.4084084084084084,1.0
2,0.4094094094094094,1.0
2,0.41041041041041043,1.0
2,0.4114114114114114,1.0
2,0.4124124124124124,1.0
2,0.4134134134134134,1.0
2,0.4144144144144144,1.0
2,0.41541541541541543,1.0
2,0.4164164164164164,1.0
2,0.4174174174174174,1.0
2,0.4184184184184184,1.0
2,0.4194194194194194,1.0
2,0.42042042042042044,1.0
2,0.4214214214214214,1.0
2,0.4224224224224224,1.0
2,0.42342342342342343,1.0
2,0.4244244244244244,1.0
2,0.42542542542542544,1.0
2,0.4264264264264264,1.0
2,0.4274274274274274,1.0
2,0.42842842842842843,1.0
2,0.4294294294294294,1.0
2,0.43043043043043044,1.0
2,0.4314314314314314,1.0
2,0.43243243243243246,1.0
2,0.43343343343343343,1.0
2,0.4344344344344344,1.0
2,0.43543543543543545,1.0
2,0.4364364364364364,1.0
2,0.43743743743743746,1.0
2,0.43843843843843844,1.0
2,0.4394394394394394,1.0
2,0.44044044044044045,1.0
2,0.44144144144144143,1.0
2,0.44244244244244246,1.0
2,0.44344344344344344,1.0
2,0.4444444444444444,1.0
2,0.44544544544544545,1.0
2,0.44644644644644643,1.0
2,0.44744744744744747,1.0
2,0.44844844844844844,1.0
2,0.4494494494494494,1.0
2,0.45045045045045046,1.0
2,0.45145145145145144,1.0
2,0.45245245245245247,1.0
2,0.45345345345345345,1.0
2,0.4544544544544544,1.0
2,0.45545545545545546,1.0
2,0.45645645645645644,1.0
2,0.4574574574574575,1.0
2,0.45845845845845845,1.0
2,0.45945945945945943,1.0
2,0.46046046046046046,1.0
2,0.46146146146146144,1.0
2,0.4624624624624625,1.0
2,0.46346346346346345,1.0
2,0.46446446446446443,1.0
2,0.46546546546546547,1.0
2,0.46646646646646645,1.0
2,0.4674674674674675,1.0
2,0.46846846846846846,1.0
2,0.4694694694694695,1.0
2,0.47047047047047047,1.0
2,0.47147147147147145,1.0
2,0.4724724724724725,1.0
2,0.47347347347347346,1.0
2,0.4744744744744745,1.0
2,0.4754754754754755,1.0
2,0.47647647647647645,1.0
2,0.4774774774774775,1.0
2,0.47847847847847846,1.0
2,0.4794794794794795,1.0
2,0.4804804804804805,1.0
2,0.48148148148148145,1.0
2,0.4824824824824825,1.0
2,0.48348348348348347,1.0
2,0.4844844844844845,1.0
2,0.4854854854854855,1.0
2,0.48648648648648646,1.0
2,0.4874874874874875,1.0
2,0.48848848848848847,1.0
2,0.4894894894894895,1.0
2,0.4904904904904905,1.0
2,0.49149149149149146,1.0
2,0.4924924924924925,1.0
2,0.4934934934934935,1.0
2,0.4944944944944945,1.0
2,0.4954954954954955,1.0
2,0.4964964964964965,1.0
2,0.4974974974974975,1.0
2,0.4984984984984985,1.0
2,0.4994994994994995,1.0
2,0.5005005005005005,1.0
2,0.5015015015015015,1.0
2,0.5025025025025025,1.0
2,0.5035035035035035,1.0
2,0.5045045045045045,1.0
2,0.5055055055055055,1.0
2,0.5065065065065065,1.0
2,0.5075075075075075,1.0
2,0.5085085085085085,1.0
2,0.5095095095095095,1.0
2,0.5105105105105106,1.0
2,0.5115115115115115,1.0
2,0.5125125125125125,1.0
2,0.5135135135135135,1.0
2,0.5145145145145145,1.0
2,0.5155155155155156,1.0
2,0.5165165165165165,1.0
2,0.5175175175175175,1.0
2,0.5185185185185185,1.0
2,0.5195195195195195,1.0
2,0.5205205205205206,1.0
2,0.5215215215215215,1.0
2,0.5225225225225225,1.0
2,0.5235235235235235,1.0
2,0.5245245245245245,1.0
2,0.5255255255255256,1.0
2,0.5265265265265265,1.0
2,0.5275275275275275,1.0
2,0.5285285285285285,1.0
2,0.5295295295295295,1.0
2,0.5305305305305306,1.0
2,0.5315315315315315,1.0
2,0.5325325325325325,1.0
2,0.5335335335335335,1.0
2,0.5345345345345345,1.0
2,0.5355355355355356,1.0
2,0.5365365365365365,1.0
2,0.5375375375375375,1.0
2,0.5385385385385385,1.0
2,0.5395395395395395,1.0
2,0.5405405405405406,1.0
2,0.5415415415415415,1.0
2,0.5425425425425425,1.0
2,0.5435435435435435,1.0
2,0.5445445445445445,1.0
2,0.5455455455455456,1.0
2,0.5465465465465466,1.0
2,0.5475475475475475,1.0
2,0.5485485485485485,1.0
2,0.5495495495495496,1.0
2,0.5505505505505506,1.0
2,0.5515515515515516,1.0
2,0.5525525525525525,1.0
2,0.5535535535535535,1.0
2,0.5545545545545546,1.0
2,0.5555555555555556,1.0
2,0.5565565565565566,1.0
2,0.5575575575575575,1.0
2,0.5585585585585585,1.0
2,0.5595595595595596,1.0
2,0.5605605605605606,1.0
2,0.5615615615615616,1.0
2,0.5625625625625625,1.0
2,0.5635635635635635,1.0
2,0.5645645645645646,1.0
2,0.5655655655655656,1.0
2,0.5665665665665666,1.0
2,0.5675675675675675,1.0
2,0.5685685685685685,1.0
2,0.5695695695695696,1.0
2,0.5705705705705706,1.0
2,0.5715715715715716,1.0
2,0.5725725725725725,1.0
2,0.5735735735735735,1.0
2,0.5745745745745746,1.0
2,0.5755755755755756,1.0
2,0.5765765765765766,1.0
2,0.5775775775775776,1.0
2,0.5785785785785785,1.0
2,0.5795795795795796,1.0
2,0.5805805805805806,1.0
2,0.5815815815815816,1.0
2,0.5825825825825826,1.0
2,0.5835835835835835,1.0
2,0.5845845845845846,1.0
2,0.5855855855855856,1.0
2,0.5865865865865866,1.0
2,0.5875875875875876,1.0
2,0.5885885885885885,1.0
2,0.5895895895895896,1.0
2,0.5905905905905906,1.0
2,0.5915915915915916,1.0
2,0.5925925925925926,1.0
2,0.5935935935935935,1.0
2,0.5945945945945946,1.0
2,0.5955955955955956,1.0
2,0.5965965965965966,1.0
2,0.5975975975975976,1.0
2,0.5985985985985985,1.0
2,0.5995995995995996,1.0
2,0.6006006006006006,1.0
2,0.6016016016016016,1.0
2,0.6026026026026026,1.0
2,0.6036036036036035,1.0
2,0.6046046046046046,1.0
2,0.6056056056056056,1.0
2,0.6066066066066066,1.0
2,0.6076076076076076,1.0
2,0.6086086086086087,1.0
2,0.6096096096096096,1.0
2,0.6106106106106106,1.0
2,0.6116116116116116,1.0
2,0.6126126126126126,1.0
2,0.6136136136136137,1.0
2,0.6146146146146146,1.0
2,0.6156156156156156,1.0
2,0.6166166166166166,1.0
2,0.6176176176176176,1.0
2,0.6186186186186187,1.0
2,0.6196196196196196,1.0
2,0.6206206206206206,1.0
2,0.6216216216216216,1.0
2,0.6226226226226226,1.0
2,0.6236236236236237,1.0
2,0.6246246246246246,1.0
2,0.6256256256256256,1.0
2,0.6266266266266266,1.0
2,0.6276276276276276,1.0
2,0.6286286286286287,1.0
2,0.6296296296296297,1.0
2,0.6306306306306306,1.0
2,0.6316316316316316,1.0
2,0.6326326326326326,1.0
2,0.6336336336336337,1.0
2,0.6346346346346347,1.0
2,0.6356356356356356,1.0
2,0.6366366366366366,1.0
2,0.6376376376376376,1.0
2,0.6386386386386387,1.0
2,0.6396396396396397,1.0
2,0.6406406406406406,1.0
2,0.6416416416416416,1.0
2,0.6426426426426426,1.0
2,0.6436436436436437,1.0
2,0.6446446446446447,1.0
2,0.6456456456456456,1.0
2,0.6466466466466466,1.0
2,0.6476476476476476,1.0
2,0.6486486486486487,1.0
2,0.6496496496496497,1.0
2,0.6506506506506506,1.0
2,0.6516516516516516,1.0
2,0.6526526526526526,1.0
2,0.6536536536536537,1.0
2,0.6546546546546547,1.0
2,0.6556556556556556,1.0
2,0.6566566566566566,1.0
2,0.6576576576576576,1.0
2,0.6586586586586587,1.0
2,0.6596596596596597,1.0
2,0.6606606606606606,1.0
2,0.6616616616616616,1.0
2,0.6626626626626626,1.0
2,0.6636636636636637,1.0
2,0.6646646646646647,1.0
2,0.6656656656656657,1.0
2,0.6666666666666666,1.0
2,0.6676676676676676,1.0
2,0.6686686686686687,1.0
2,0.6696696696696697,1.0
2,0.6706706706706707,1.0
2,0.6716716716716716,1.0
2,0.6726726726726726,1.0
2,0.6736736736736737,1.0
2,0.6746746746746747,1.0
2,0.6756756756756757,1.0
2,0.6766766766766766,1.0
2,0.6776776776776777,1.0
2,0.6786786786786787,1.0
2,0.6796796796796797,1.0
2,0.6806806806806807,1.0
2,0.6816816816816816,1.0
2,0.6826826826826827,1.0
2,0.6836836836836837,1.0
2,0.6846846846846847,1.0
2,0.6856856856856857,1.0
2,0.6866866866866866,1.0
2,0.6876876876876877,1.0
2,0.6886886886886887,1.0
2,0.6896896896896897,1.0
2,0.6906906906906907,1.0
2,0.6916916916916916,1.0
2,0.6926926926926927,1.0
2,0.6936936936936937,1.0
2,0.6946946946946947,1.0
2,0.6956956956956957,1.0
2,0.6966966966966966,1.0
2,0.6976976976976977,1.0
2,0.6986986986986987,1.0
2,0.6996996996996997,1.0
2,0.7007007007007007,1.0
2,0.7017017017017017,1.0
2,0.7027027027027027,1.0
2,0.7037037037037037,1.0
2,0.7047047047047047,1.0
2,0.7057057057057057,1.0
2,0.7067067067067067,1.0
2,0.7077077077077077,1.0
2,0.7087087087087087,1.0
2,0.7097097097097097,1.0
2,0.7107107107107107,1.0
2,0.7117117117117117,1.0
2,0.7127127127127127,1.0
2,0.7137137137137137,1.0
2,0.7147147147147147,1.0
2,0.7157157157157157,1.0
2,0.7167167167167167,1.0
2,0.7177177177177178,1.0
2,0.7187187187187187,1.0
2,0.7197197197197197,1.0
2,0.7207207207207207,1.0
2,0.7217217217217217,1.0
2,0.7227227227227228,1.0
2,0.7237237237237237,1.0
2,0.7247247247247247,1.0
2,0.7257257257257257,1.0
2,0.7267267267267267,1.0
2,0.7277277277277278,1.0
2,0.7287287287287287,1.0
2,0.7297297297297297,1.0
2,0.7307307307307307,1.0
2,0.7317317317317317,1.0
2,0.7327327327327328,1.0
2,0.7337337337337337,1.0
2,0.7347347347347347,1.0
2,0.7357357357357357,1.0
2,0.7367367367367368,1.0
2,0.7377377377377378,1.0
2,0.7387387387387387,1.0
2,0.7397397397397397,1.0
2,0.7407407407407407,1.0
2,0.7417417417417418,1.0
2,0.7427427427427428,1.0
2,0.7437437437437437,1.0
2,0.7447447447447447,1.0
2,0.7457457457457457,1.0
2,0.7467467467467468,1.0
2,0.7477477477477478,1.0
2,0.7487487487487487,1.0
2,0.7497497497497497,1.0
2,0.7507507507507507,1.0
2,0.7517517517517518,1.0
2,0.7527527527527528,1.0
2,0.7537537537537538,1.0
2,0.7547547547547547,1.0
2,0.7557557557557557,1.0
2,0.7567567567567568,1.0
2,0.7577577577577578,1.0
2,0.7587587587587588,1.0
2,0.7597597597597597,1.0
2,0.7607607607607607,1.0
2,0.7617617617617618,1.0
2,0.7627627627627628,1.0
2,0.7637637637637638,1.0
2,0.7647647647647647,1.0
2,0.7657657657657657,1.0
2,0.7667667667667668,1.0
2,0.7677677677677678,1.0
2,0.7687687687687688,1.0
2,0.7697697697697697,1.0
2,0.7707707707707707,1.0
2,0.7717717717717718,1.0
2,0.7727727727727728,1.0
2,0.7737737737737738,1.0
2,0.7747747747747747,1.0
2,0.7757757757757757,1.0
2,0.7767767767767768,1.0
2,0.7777777777777778,1.0
2,0.7787787787787788,1.0
2,0.7797797797797797,1.0
2,0.7807807807807807,1.0
2,0.7817817817817818,1.0
2,0.7827827827827828,1.0
2,0.7837837837837838,1.0
2,0.7847847847847848,1.0
2,0.7857857857857857,1.0
2,0.7867867867867868,1.0
2,0.7877877877877878,1.0
2,0.7887887887887888,1.0
2,0.7897897897897898,1.0
2,0.7907907907907907,1.0
2,0.7917917917917918,1.0
2,0.7927927927927928,1.0
2,0.7937937937937938,1.0
2,0.7947947947947948,1.0
2,0.7957957957957957,1.0
2,0.7967967967967968,1.0
2,0.7977977977977978,1.0
2,0.7987987987987988,1.0
2,0.7997997997997998,1.0
2,0.8008008008008007,1.0
2,0.8018018018018018,1.0
2,0.8028028028028028,1.0
2,0.8038038038038038,1.0
2,0.8048048048048048,1.0
2,0.8058058058058059,1.0
2,0.8068068068068068,1.0
2,0.8078078078078078,1.0
2,0.8088088088088088,1.0
2,0.8098098098098098,1.0
2,0.8108108108108109,1.0
2,0.8118118118118118,1.0
2,0.8128128128128128,1.0
2,0.8138138138138138,1.0
2,0.8148148148148148,1.0
2,0.8158158158158159,1.0
2,0.8168168168168168,1.0
2,0.8178178178178178,1.0
2,0.8188188188188188,1.0
2,0.8198198198198198,1.0
2,0.8208208208208209,1.0
2,0.8218218218218218,1.0
2,0.8228228228228228,1.0
2,0.8238238238238238,1.0
2,0.8248248248248248,1.0
2,0.8258258258258259,1.0
2,0.8268268268268268,1.0
2,0.8278278278278278,1.0
2,0.8288288288288288,1.0
2,0.8298298298298298,1.0
2,0.8308308308308309,1.0
2,0.8318318318318318,1.0
2,0.8328328328328328,1.0
2,0.8338338338338338,1.0
2,0.8348348348348348,1.0
2,0.8358358358358359,1.0
2,0.8368368368368369,1.0
2,0.8378378378378378,1.0
2,0.8388388388388388,1.0
2,0.8398398398398398,1.0
2,0.8408408408408409,1.0
2,0.8418418418418419,1.0
2,0.8428428428428428,1.0
2,0.8438438438438438,1.0
2,0.8448448448448448,1.0
2,0.8458458458458459,1.0
2,0.8468468468468469,1.0
2,0.8478478478478478,1.0
2,0.8488488488488488,1.0
2,0.8498498498498498,1.0
2,0.8508508508508509,1.0
2,0.8518518518518519,1.0
2,0.8528528528528528,1.0
2,0.8538538538538538,1.0
2,0.8548548548548548,1.0
2,0.8558558558558559,1.0
2,0.8568568568568569,1.0
2,0.8578578578578578,1.0
2,0.8588588588588588,1.0
2,0.8598598598598598,1.0
2,0.8608608608608609,1.0
2,0.8618618618618619,1.0
2,0.8628628628628628,1.0
2,0.8638638638638638,1.0
2,0.8648648648648649,1.0
2,0.8658658658658659,1.0
2,0.8668668668668669,1.0
2,0.8678678678678678,1.0
2,0.8688688688688688,1.0
2,0.8698698698698699,1.0
2,0.8708708708708709,1.0
2,0.8718718718718719,1.0
2,0.8728728728728729,1.0
2,0.8738738738738738,1.0
2,0.8748748748748749,1.0
2,0.8758758758758759,1.0
2,0.8768768768768769,1.0
2,0.8778778778778779,1.0
2,0.8788788788788788,1.0
2,0.8798798798798799,1.0
2,0.8808808808808809,1.0
2,0.8818818818818819,1.0
2,0.8828828828828829,1.0
2,0.8838838838838838,1.0
2,0.8848848848848849,1.0
2,0.8858858858858859,1.0
2,0.8868868868868869,1.0
2,0.8878878878878879,1.0
2,0.8888888888888888,1.0
2,0.8898898898898899,1.0
2,0.8908908908908909,1.0
2,0.8918918918918919,1.0
2,0.8928928928928929,1.0
2,0.8938938938938938,1.0
2,0.8948948948948949,1.0
2,0.8958958958958959,1.0
2,0.8968968968968969,1.0
2,0.8978978978978979,1.0
2,0.8988988988988988,1.0
2,0.8998998998998999,1.0
2,0.9009009009009009,1.0
2,0.9019019019019019,1.0
2,0.9029029029029029,1.0
2,0.9039039039039038,1.0
2,0.9049049049049049,1.0
2,0.9059059059059059,1.0
2,0.9069069069069069,1.0
2,0.9079079079079079,1.0
2,0.9089089089089089,1.0
2,0.9099099099099099,1.0
2,0.9109109109109109,1.0
2,0.9119119119119119,1.0
2,0.9129129129129129,1.0
2,0.9139139139139139,1.0
2,0.914914914914915,1.0
2,0.9159159159159159,1.0
2,0.9169169169169169,1.0
2,0.9179179179179179,1.0
2,0.9189189189189189,1.0
2,0.91991991991992,1.0
2,0.9209209209209209,1.0
2,0.9219219219219219,1.0
2,0.9229229229229229,1.0
2,0.9239239239239239,1.0
2,0.924924924924925,1.0
2,0.9259259259259259,1.0
2,0.9269269269269269,1.0
2,0.9279279279279279,1.0
2,0.9289289289289289,1.0
2,0.92992992992993,1.0
2,0.9309309309309309,1.0
2,0.9319319319319319,1.0
2,0.9329329329329329,1.0
2,0.933933933933934,1.0
2,0.934934934934935,1.0
2,0.9359359359359359,1.0
2,0.9369369369369369,1.0
2,0.9379379379379379,1.0
2,0.938938938938939,1.0
2,0.93993993993994,1.0
2,0.9409409409409409,1.0
2,0.9419419419419419,1.0
2,0.9429429429429429,1.0
2,0.943943943943944,1.0
2,0.944944944944945,1.0
2,0.9459459459459459,1.0
2,0.9469469469469469,1.0
2,0.9479479479479479,1.0
2,0.948948948948949,1.0
2,0.94994994994995,1.0
2,0.950950950950951,1.0
2,0.9519519519519519,1.0
2,0.9529529529529529,1.0
2,0.953953953953954,1.0
2,0.954954954954955,1.0
2,0.955955955955956,1.0
2,0.9569569569569569,1.0
2,0.9579579579579579,1.0
2,0.958958958958959,1.0
2,0.95995995995996,1.0
2,0.960960960960961,1.0
2,0.9619619619619619,1.0
2,0.9629629629629629,1.0
2,0.963963963963964,1.0
2,0.964964964964965,1.0
2,0.965965965965966,1.0
2,0.9669669669669669,1.0
2,0.9679679679679679,1.0
2,0.968968968968969,1.0
2,0.96996996996997,1.0
2,0.970970970970971,1.0
2,0.9719719719719719,1.0
2,0.9729729729729729,1.0
2,0.973973973973974,1.0
2,0.974974974974975,1.0
2,0.975975975975976,1.0
2,0.9769769769769769,1.0
2,0.9779779779779779,1.0
2,0.978978978978979,1.0
2,0.97997997997998,1.0
2,0.980980980980981,1.0
2,0.9819819819819819,1.0
2,0.9829829829829829,1.0
2,0.983983983983984,1.0
2,0.984984984984985,1.0
2,0.985985985985986,1.0
2,0.986986986986987,1.0
2,0.9879879879879879,1.0
2,0.988988988988989,1.0
2,0.98998998998999,1.0
2,0.990990990990991,1.0
2,0.991991991991992,1.0
2,0.992992992992993,1.0
2,0.993993993993994,1.0
2,0.994994994994995,1.0
2,0.995995995995996,1.0
2,0.996996996996997,1.0
2,0.997997997997998,1.0
2,0.998998998998999,1.0
2,1.0,1.0
3,0.0,0.3333333333333333
3,0.001001001001001001,0.3333333333333333
3,0.002002002002002002,0.3333333333333333
3,0.003003003003003003,0.3333333333333333
3,0.004004004004004004,0.3333333333333333
3,0.005005005005005005,0.3333333333333333
3,0.006006006006006006,0.3333333333333333
3,0.007007007007007007,0.3333333333333333
3,0.008008008008008008,0.3333333333333333
3,0.009009009009009009,0.3333333333333333
3,0.01001001001001001,0.3333333333333333
3,0.011011011011011011,0.3333333333333333
3,0.012012012012012012,0.3333333333333333
3,0.013013013013013013,0.3333333333333333
3,0.014014014014014014,0.3333333333333333
3,0.015015015015015015,0.3333333333333333
3,0.016016016016016016,0.3333333333333333
3,0.017017017017017015,0.3333333333333333
3,0.018018018018018018,0.3333333333333333
3,0.01901901901901902,0.3333333333333333
3,0.02002002002002002,0.3333333333333333
3,0.02102102102102102,0.3333333333333333
3,0.022022022022022022,0.3333333333333333
3,0.023023023023023025,0.3333333333333333
3,0.024024024024024024,0.3333333333333333
3,0.025025025025025023,0.3333333333333333
3,0.026026026026026026,0.3333333333333333
3,0.02702702702702703,0.3333333333333333
3,0.028028028028028028,0.3333333333333333
3,0.029029029029029027,0.3333333333333333
3,0.03003003003003003,0.3333333333333333
3,0.031031031031031032,0.3333333333333333
3,0.03203203203203203,0.3333333333333333
3,0.03303303303303303,0.5833333333333334
3,0.03403403403403403,0.5833333333333334
3,0.035035035035035036,0.5833333333333334
3,0.036036036036036036,0.5833333333333334
3,0.037037037037037035,0.5833333333333334
3,0.03803803803803804,0.5833333333333334
3,0.03903903903903904,0.5833333333333334
3,0.04004004004004004,0.5833333333333334
3,0.04104104104104104,0.5833333333333334
3,0.04204204204204204,0.5833333333333334
3,0.043043043043043044,0.5833333333333334
3,0.044044044044044044,0.5833333333333334
3,0.04504504504504504,0.5833333333333334
3,0.04604604604604605,0.5833333333333334
3,0.04704704704704705,0.5833333333333334
3,0.04804804804804805,0.5833333333333334
3,0.04904904904904905,0.5833333333333334
3,0.050050050050050046,0.5833333333333334
3,0.05105105105105105,0.5833333333333334
3,0.05205205205205205,0.5833333333333334
3,0.05305305305305305,0.5833333333333334
3,0.05405405405405406,0.5833333333333334
3,0.055055055055055056,0.5833333333333334
3,0.056056056056056056,0.5833333333333334
3,0.057057057057057055,0.5833333333333334
3,0.058058058058058054,0.5833333333333334
3,0.05905905905905906,0.5833333333333334
3,0.06006006006006006,0.5833333333333334
3,0.06106106106106106,0.5833333333333334
3,0.062062062062062065,0.5833333333333334
3,0.06306306306306306,0.5833333333333334
3,0.06406406406406406,0.5833333333333334
3,0.06506506506506507,0.5833333333333334
3,0.06606606606606606,0.5833333333333334
3,0.06706706706706707,0.5833333333333334
3,0.06806806806806806,0.5833333333333334
3,0.06906906906906907,0.5833333333333334
3,0.07007007007007007,0.5833333333333334
3,0.07107107107107107,0.5833333333333334
3,0.07207207207207207,0.5833333333333334
3,0.07307307307307308,0.5833333333333334
3,0.07407407407407407,0.5833333333333334
3,0.07507507507507508,0.5833333333333334
3,0.07607607607607608,0.5833333333333334
3,0.07707707707707707,0.5833333333333334
3,0.07807807807807808,0.5833333333333334
3,0.07907907907907907,0.5833333333333334
3,0.08008008008008008,0.5833333333333334
3,0.08108108108108109,0.5833333333333334
3,0.08208208208208208,0.5833333333333334
3,0.08308308308308308,0.5833333333333334
3,0.08408408408408408,0.5833333333333334
3,0.08508508508508508,0.5833333333333334
3,0.08608608608608609,0.5833333333333334
3,0.08708708708708708,0.5833333333333334
3,0.08808808808808809,0.5833333333333334
3,0.0890890890890891,0.5833333333333334
3,0.09009009009009009,0.5833333333333334
3,0.09109109109109109,0.5833333333333334
3,0.0920920920920921,0.5833333333333334
3,0.09309309309309309,0.5833333333333334
3,0.0940940940940941,0.5833333333333334
3,0.09509509509509509,0.5833333333333334
3,0.0960960960960961,0.5833333333333334
3,0.0970970970970971,0.75
3,0.0980980980980981,0.75
3,0.0990990990990991,0.75
3,0.10010010010010009,0.75
3,0.1011011011011011,0.75
3,0.1021021021021021,0.75
3,0.1031031031031031,0.75
3,0.1041041041041041,0.75
3,0.10510510510510511,0.75
3,0.1061061061061061,0.75
3,0.10710710710710711,0.75
3,0.10810810810810811,0.75
3,0.1091091091091091,0.75
3,0.11011011011011011,0.75
3,0.1111111111111111,0.75
3,0.11211211211211211,0.75
3,0.11311311311311312,0.75
3,0.11411411411411411,0.75
3,0.11511511511511512,0.75
3,0.11611611611611611,0.75
3,0.11711711711711711,0.75
3,0.11811811811811812,0.75
3,0.11911911911911911,0.75
3,0.12012012012012012,0.75
3,0.12112112112112113,0.75
3,0.12212212212212212,0.75
3,0.12312312312312312,0.75
3,0.12412412412412413,0.75
3,0.12512512512512514,0.75
3,0.12612612612612611,0.75
3,0.12712712712712712,0.75
3,0.12812812812812813,0.75
3,0.12912912912912913,0.75
3,0.13013013013013014,0.75
3,0.13113113113113112,0.75
3,0.13213213213213212,0.75
3,0.13313313313313313,0.75
3,0.13413413413413414,0.75
3,0.13513513513513514,0.75
3,0.13613613613613612,0.75
3,0.13713713713713713,0.75
3,0.13813813813813813,0.75
3,0.13913913913913914,0.75
3,0.14014014014014015,0.75
3,0.14114114114114115,0.75
3,0.14214214214214213,0.75
3,0.14314314314314314,0.75
3,0.14414414414414414,0.75
3,0.14514514514514515,0.75
3,0.14614614614614616,0.75
3,0.14714714714714713,0.75
3,0.14814814814814814,0.75
3,0.14914914914914915,0.75
3,0.15015015015015015,0.75
3,0.15115115115115116,0.75
3,0.15215215215215216,0.75
3,0.15315315315315314,0.75
3,0.15415415415415415,0.75
3,0.15515515515515516,0.75
3,0.15615615615615616,0.75
3,0.15715715715715717,0.75
3,0.15815815815815815,0.75
3,0.15915915915915915,0.75
3,0.16016016016016016,0.75
3,0.16116116116116116,0.75
3,0.16216216216216217,0.75
3,0.16316316316316315,0.75
3,0.16416416416416416,0.75
3,0.16516516516516516,0.75
3,0.16616616616616617,0.75
3,0.16716716716716717,0.75
3,0.16816816816816815,0.75
3,0.16916916916916916,0.75
3,0.17017017017017017,0.75
3,0.17117117117117117,0.75
3,0.17217217217217218,0.75
3,0.17317317317317318,0.75
3,0.17417417417417416,0.75
3,0.17517517517517517,0.75
3,0.17617617617617617,0.75
3,0.17717717717717718,0.75
3,0.1781781781781782,0.75
3,0.17917917917917917,0.75
3,0.18018018018018017,0.75
3,0.18118118118118118,0.75
3,0.18218218218218218,0.75
3,0.1831831831831832,0.75
3,0.1841841841841842,0.75
3,0.18518518518518517,0.75
3,0.18618618618618618,0.75
3,0.1871871871871872,0.75
3,0.1881881881881882,0.75
3,0.1891891891891892,0.75
3,0.19019019019019018,0.75
3,0.19119119119119118,0.75
3,0.1921921921921922,0.75
3,0.1931931931931932,0.75
3,0.1941941941941942,0.75
3,0.19519519519519518,0.75
3,0.1961961961961962,0.75
3,0.1971971971971972,0.75
3,0.1981981981981982,0.75
3,0.1991991991991992,0.75
3,0.20020020020020018,0.75
3,0.2012012012012012,0.75
3,0.2022022022022022,0.75
3,0.2032032032032032,0.75
3,0.2042042042042042,0.75
3,0.20520520520520522,0.75
3,0.2062062062062062,0.75
3,0.2072072072072072,0.75
3,0.2082082082082082,0.75
3,0.2092092092092092,0.75
3,0.21021021021021022,0.75
3,0.2112112112112112,0.75
3,0.2122122122122122,0.75
3,0.2132132132132132,0.75
3,0.21421421421421422,0.75
3,0.21521521521521522,0.75
3,0.21621621621621623,0.75
3,0.2172172172172172,0.75
3,0.2182182182182182,0.75
3,0.21921921921921922,0.75
3,0.22022022022022023,0.75
3,0.22122122122122123,0.75
3,0.2222222222222222,0.75
3,0.22322322322322322,0.75
3,0.22422422422422422,0.75
3,0.22522522522522523,0.75
3,0.22622622622622623,0.75
3,0.2272272272272272,0.75
3,0.22822822822822822,0.75
3,0.22922922922922923,0.75
3,0.23023023023023023,0.75
3,0.23123123123123124,0.75
3,0.23223223223223222,0.75
3,0.23323323323323322,0.75
3,0.23423423423423423,0.75
3,0.23523523523523523,0.75
3,0.23623623623623624,0.75
3,0.23723723723723725,0.75
3,0.23823823823823823,0.75
3,0.23923923923923923,0.75
3,0.24024024024024024,0.75
3,0.24124124124124124,0.75
3,0.24224224224224225,0.75
3,0.24324324324324323,0.75
3,0.24424424424424424,0.75
3,0.24524524524524524,0.75
3,0.24624624624624625,0.75
3,0.24724724724724725,0.75
3,0.24824824824824826,0.75
3,0.24924924924924924,0.75
3,0.2502502502502503,0.75
3,0.25125125125125125,0.75
3,0.25225225225225223,0.75
3,0.25325325325325326,0.75
3,0.25425425425425424,0.75
3,0.2552552552552553,0.75
3,0.25625625625625625,0.75
3,0.25725725725725723,0.75
3,0.25825825825825827,0.75
3,0.25925925925925924,0.75
3,0.2602602602602603,0.75
3,0.26126126126126126,0.75
3,0.26226226226226224,0.75
3,0.26326326326326327,0.75
3,0.26426426426426425,0.75
3,0.2652652652652653,0.75
3,0.26626626626626626,0.75
3,0.26726726726726724,0.75
3,0.2682682682682683,0.75
3,0.26926926926926925,0.75
3,0.2702702702702703,0.75
3,0.27127127127127126,0.75
3,0.27227227227227224,0.75
3,0.2732732732732733,0.75
3,0.27427427427427425,0.75
3,0.2752752752752753,0.75
3,0.27627627627627627,0.75
3,0.2772772772772773,0.75
3,0.2782782782782783,0.75
3,0.27927927927927926,0.75
3,0.2802802802802803,0.75
3,0.28128128128128127,0.75
3,0.2822822822822823,0.75
3,0.2832832832832833,0.75
3,0.28428428428428426,0.75
3,0.2852852852852853,0.75
3,0.2862862862862863,0.75
3,0.2872872872872873,0.75
3,0.2882882882882883,0.75
3,0.28928928928928926,0.75
3,0.2902902902902903,0.75
3,0.2912912912912913,0.8333333333333334
3,0.2922922922922923,0.8333333333333334
3,0.2932932932932933,0.8333333333333334
3,0.29429429429429427,0.8333333333333334
3,0.2952952952952953,0.8333333333333334
3,0.2962962962962963,0.8333333333333334
3,0.2972972972972973,0.8333333333333334
3,0.2982982982982983,0.8333333333333334
3,0.29929929929929927,0.8333333333333334
3,0.3003003003003003,0.8333333333333334
3,0.3013013013013013,0.8333333333333334
3,0.3023023023023023,0.8333333333333334
3,0.3033033033033033,0.8333333333333334
3,0.30430430430430433,0.8333333333333334
3,0.3053053053053053,0.8333333333333334
3,0.3063063063063063,0.8333333333333334
3,0.3073073073073073,0.8333333333333334
3,0.3083083083083083,0.8333333333333334
3,0.30930930930930933,0.8333333333333334
3,0.3103103103103103,0.8333333333333334
3,0.3113113113113113,0.8333333333333334
3,0.3123123123123123,0.8333333333333334
3,0.3133133133133133,0.8333333333333334
3,0.31431431431431434,0.8333333333333334
3,0.3153153153153153,0.8333333333333334
3,0.3163163163163163,0.8333333333333334
3,0.3173173173173173,0.8333333333333334
3,0.3183183183183183,0.8333333333333334
3,0.31931931931931934,0.8333333333333334
3,0.3203203203203203,0.8333333333333334
3,0.3213213213213213,0.8333333333333334
3,0.32232232232232233,0.8333333333333334
3,0.3233233233233233,0.9166666666666666
3,0.32432432432432434,0.9166666666666666
3,0.3253253253253253,0.9166666666666666
3,0.3263263263263263,0.9166666666666666
3,0.32732732732732733,0.9166666666666666
3,0.3283283283283283,0.9166666666666666
3,0.32932932932932935,0.9166666666666666
3,0.3303303303303303,0.9166666666666666
3,0.3313313313313313,0.9166666666666666
3,0.33233233233233234,0.9166666666666666
3,0.3333333333333333,0.9166666666666666
3,0.33433433433433435,0.9166666666666666
3,0.3353353353353353,0.9166666666666666
3,0.3363363363363363,0.9166666666666666
3,0.33733733733733734,0.9166666666666666
3,0.3383383383383383,0.9166666666666666
3,0.33933933933933935,0.9166666666666666
3,0.34034034034034033,0.9166666666666666
3,0.34134134134134136,0.9166666666666666
3,0.34234234234234234,0.9166666666666666
3,0.3433433433433433,0.9166666666666666
3,0.34434434434434436,0.9166666666666666
3,0.34534534534534533,0.9166666666666666
3,0.34634634634634637,0.9166666666666666
3,0.34734734734734735,0.9166666666666666
3,0.3483483483483483,0.9166666666666666
3,0.34934934934934936,0.9166666666666666
3,0.35035035035035034,0.9166666666666666
3,0.35135135135135137,0.9166666666666666
3,0.35235235235235235,0.9166666666666666
3,0.3533533533533533,0.9166666666666666
3,0.35435435435435436,0.9166666666666666
3,0.35535535535535534,0.9166666666666666
3,0.3563563563563564,0.9166666666666666
3,0.35735735735735735,0.9166666666666666
3,0.35835835835835833,0.9166666666666666
3,0.35935935935935936,0.9166666666666666
3,0.36036036036036034,0.9166666666666666
3,0.3613613613613614,0.9166666666666666
3,0.36236236236236236,0.9166666666666666
3,0.36336336336336333,0.9166666666666666
3,0.36436436436436437,0.9166666666666666
3,0.36536536536536535,0.9166666666666666
3,0.3663663663663664,0.9166666666666666
3,0.36736736736736736,0.9166666666666666
3,0.3683683683683684,0.9166666666666666
3,0.36936936936936937,0.9166666666666666
3,0.37037037037037035,0.9166666666666666
3,0.3713713713713714,0.9166666666666666
3,0.37237237237237236,0.9166666666666666
3,0.3733733733733734,0.9166666666666666
3,0.3743743743743744,0.9166666666666666
3,0.37537537537537535,0.9166666666666666
3,0.3763763763763764,0.9166666666666666
3,0.37737737737737737,0.9166666666666666
3,0.3783783783783784,0.9166666666666666
3,0.3793793793793794,0.9166666666666666
3,0.38038038038038036,0.9166666666666666
3,0.3813813813813814,0.9166666666666666
3,0.38238238238238237,0.9166666666666666
3,0.3833833833833834,0.9166666666666666
3,0.3843843843843844,0.9166666666666666
3,0.38538538538538536,0.9166666666666666
3,0.3863863863863864,0.9166666666666666
3,0.38738738738738737,0.9166666666666666
3,0.3883883883883884,0.9166666666666666
3,0.3893893893893894,0.9166666666666666
3,0.39039039039039036,0.9166666666666666
3,0.3913913913913914,0.9166666666666666
3,0.3923923923923924,0.9166666666666666
3,0.3933933933933934,0.9166666666666666
3,0.3943943943943944,0.9166666666666666
3,0.39539539539539537,0.9166666666666666
3,0.3963963963963964,0.9166666666666666
3,0.3973973973973974,0.9166666666666666
3,0.3983983983983984,0.9166666666666666
3,0.3993993993993994,0.9166666666666666
3,0.40040040040040037,0.9166666666666666
3,0.4014014014014014,0.9166666666666666
3,0.4024024024024024,0.9166666666666666
3,0.4034034034034034,0.9166666666666666
3,0.4044044044044044,0.9166666666666666
3,0.40540540540540543,0.9166666666666666
3,0.4064064064064064,0.9166666666666666
3,0.4074074074074074,0.9166666666666666
3,0.4084084084084084,0.9166666666666666
3,0.4094094094094094,0.9166666666666666
3,0.41041041041041043,0.9166666666666666
3,0.4114114114114114,0.9166666666666666
3,0.4124124124124124,0.9166666666666666
3,0.4134134134134134,0.9166666666666666
3,0.4144144144144144,0.9166666666666666
3,0.41541541541541543,0.9166666666666666
3,0.4164164164164164,0.9166666666666666
3,0.4174174174174174,0.9166666666666666
3,0.4184184184184184,0.9166666666666666
3,0.4194194194194194,0.9166666666666666
3,0.42042042042042044,0.9166666666666666
3,0.4214214214214214,0.9166666666666666
3,0.4224224224224224,0.9166666666666666
3,0.42342342342342343,0.9166666666666666
3,0.4244244244244244,0.9166666666666666
3,0.42542542542542544,0.9166666666666666
3,0.4264264264264264,0.9166666666666666
3,0.4274274274274274,0.9166666666666666
3,0.42842842842842843,0.9166666666666666
3,0.4294294294294294,0.9166666666666666
3,0.43043043043043044,0.9166666666666666
3,0.4314314314314314,0.9166666666666666
3,0.43243243243243246,0.9166666666666666
3,0.43343343343343343,0.9166666666666666
3,0.4344344344344344,0.9166666666666666
3,0.43543543543543545,0.9166666666666666
3,0.4364364364364364,0.9166666666666666
3,0.43743743743743746,0.9166666666666666
3,0.43843843843843844,0.9166666666666666
3,0.4394394394394394,0.9166666666666666
3,0.44044044044044045,0.9166666666666666
3,0.44144144144144143,0.9166666666666666
3,0.44244244244244246,0.9166666666666666
3,0.44344344344344344,0.9166666666666666
3,0.4444444444444444,0.9166666666666666
3,0.44544544544544545,0.9166666666666666
3,0.44644644644644643,0.9166666666666666
3,0.44744744744744747,0.9166666666666666
3,0.44844844844844844,0.9166666666666666
3,0.4494494494494494,0.9166666666666666
3,0.45045045045045046,0.9166666666666666
3,0.45145145145145144,0.9166666666666666
3,0.45245245245245247,0.9166666666666666
3,0.45345345345345345,0.9166666666666666
3,0.4544544544544544,0.9166666666666666
3,0.45545545545545546,0.9166666666666666
3,0.45645645645645644,0.9166666666666666
3,0.4574574574574575,0.9166666666666666
3,0.45845845845845845,0.9166666666666666
3,0.45945945945945943,0.9166666666666666
3,0.46046046046046046,0.9166666666666666
3,0.46146146146146144,0.9166666666666666
3,0.4624624624624625,0.9166666666666666
3,0.46346346346346345,0.9166666666666666
3,0.46446446446446443,0.9166666666666666
3,0.46546546546546547,0.9166666666666666
3,0.46646646646646645,0.9166666666666666
3,0.4674674674674675,0.9166666666666666
3,0.46846846846846846,0.9166666666666666
3,0.4694694694694695,0.9166666666666666
3,0.47047047047047047,0.9166666666666666
3,0.47147147147147145,0.9166666666666666
3,0.4724724724724725,0.9166666666666666
3,0.47347347347347346,0.9166666666666666
3,0.4744744744744745,0.9166666666666666
3,0.4754754754754755,0.9166666666666666
3,0.47647647647647645,0.9166666666666666
3,0.4774774774774775,0.9166666666666666
3,0.47847847847847846,0.9166666666666666
3,0.4794794794794795,0.9166666666666666
3,0.4804804804804805,0.9166666666666666
3,0.48148148148148145,0.9166666666666666
3,0.4824824824824825,0.9166666666666666
3,0.48348348348348347,0.9166666666666666
3,0.4844844844844845,0.9166666666666666
3,0.4854854854854855,0.9166666666666666
3,0.48648648648648646,0.9166666666666666
3,0.4874874874874875,0.9166666666666666
3,0.48848848848848847,0.9166666666666666
3,0.4894894894894895,0.9166666666666666
3,0.4904904904904905,0.9166666666666666
3,0.49149149149149146,0.9166666666666666
3,0.4924924924924925,0.9166666666666666
3,0.4934934934934935,0.9166666666666666
3,0.4944944944944945,0.9166666666666666
3,0.4954954954954955,0.9166666666666666
3,0.4964964964964965,0.9166666666666666
3,0.4974974974974975,0.9166666666666666
3,0.4984984984984985,0.9166666666666666
3,0.4994994994994995,0.9166666666666666
3,0.5005005005005005,0.9166666666666666
3,0.5015015015015015,0.9166666666666666
3,0.5025025025025025,0.9166666666666666
3,0.5035035035035035,0.9166666666666666
3,0.5045045045045045,0.9166666666666666
3,0.5055055055055055,0.9166666666666666
3,0.5065065065065065,0.9166666666666666
3,0.5075075075075075,0.9166666666666666
3,0.5085085085085085,0.9166666666666666
3,0.5095095095095095,0.9166666666666666
3,0.5105105105105106,0.9166666666666666
3,0.5115115115115115,0.9166666666666666
3,0.5125125125125125,0.9166666666666666
3,0.5135135135135135,0.9166666666666666
3,0.5145145145145145,0.9166666666666666
3,0.5155155155155156,0.9166666666666666
3,0.5165165165165165,1.0
3,0.5175175175175175,1.0
3,0.5185185185185185,1.0
3,0.5195195195195195,1.0
3,0.5205205205205206,1.0
3,0.5215215215215215,1.0
3,0.5225225225225225,1.0
3,0.5235235235235235,1.0
3,0.5245245245245245,1.0
3,0.5255255255255256,1.0
3,0.5265265265265265,1.0
3,0.5275275275275275,1.0
3,0.5285285285285285,1.0
3,0.5295295295295295,1.0
3,0.5305305305305306,1.0
3,0.5315315315315315,1.0
3,0.5325325325325325,1.0
3,0.5335335335335335,1.0
3,0.5345345345345345,1.0
3,0.5355355355355356,1.0
3,0.5365365365365365,1.0
3,0.5375375375375375,1.0
3,0.5385385385385385,1.0
3,0.5395395395395395,1.0
3,0.5405405405405406,1.0
3,0.5415415415415415,1.0
3,0.5425425425425425,1.0
3,0.5435435435435435,1.0
3,0.5445445445445445,1.0
3,0.5455455455455456,1.0
3,0.5465465465465466,1.0
3,0.5475475475475475,1.0
3,0.5485485485485485,1.0
3,0.5495495495495496,1.0
3,0.5505505505505506,1.0
3,0.5515515515515516,1.0
3,0.5525525525525525,1.0
3,0.5535535535535535,1.0
3,0.5545545545545546,1.0
3,0.5555555555555556,1.0
3,0.5565565565565566,1.0
3,0.5575575575575575,1.0
3,0.5585585585585585,1.0
3,0.5595595595595596,1.0
3,0.5605605605605606,1.0
3,0.5615615615615616,1.0
3,0.5625625625625625,1.0
3,0.5635635635635635,1.0
3,0.5645645645645646,1.0
3,0.5655655655655656,1.0
3,0.5665665665665666,1.0
3,0.5675675675675675,1.0
3,0.5685685685685685,1.0
3,0.5695695695695696,1.0
3,0.5705705705705706,1.0
3,0.5715715715715716,1.0
3,0.5725725725725725,1.0
3,0.5735735735735735,1.0
3,0.5745745745745746,1.0
3,0.5755755755755756,1.0
3,0.5765765765765766,1.0
3,0.5775775775775776,1.0
3,0.5785785785785785,1.0
3,0.5795795795795796,1.0
3,0.5805805805805806,1.0
3,0.5815815815815816,1.0
3,0.5825825825825826,1.0
3,0.5835835835835835,1.0
3,0.5845845845845846,1.0
3,0.5855855855855856,1.0
3,0.5865865865865866,1.0
3,0.5875875875875876,1.0
3,0.5885885885885885,1.0
3,0.5895895895895896,1.0
3,0.5905905905905906,1.0
3,0.5915915915915916,1.0
3,0.5925925925925926,1.0
3,0.5935935935935935,1.0
3,0.5945945945945946,1.0
3,0.5955955955955956,1.0
3,0.5965965965965966,1.0
3,0.5975975975975976,1.0
3,0.5985985985985985,1.0
3,0.5995995995995996,1.0
3,0.6006006006006006,1.0
3,0.6016016016016016,1.0
3,0.6026026026026026,1.0
3,0.6036036036036035,1.0
3,0.6046046046046046,1.0
3,0.6056056056056056,1.0
3,0.6066066066066066,1.0
3,0.6076076076076076,1.0
3,0.6086086086086087,1.0
3,0.6096096096096096,1.0
3,0.6106106106106106,1.0
3,0.6116116116116116,1.0
3,0.6126126126126126,1.0
3,0.6136136136136137,1.0
3,0.6146146146146146,1.0
3,0.6156156156156156,1.0
3,0.6166166166166166,1.0
3,0.6176176176176176,1.0
3,0.6186186186186187,1.0
3,0.6196196196196196,1.0
3,0.6206206206206206,1.0
3,0.6216216216216216,1.0
3,0.6226226226226226,1.0
3,0.6236236236236237,1.0
3,0.6246246246246246,1.0
3,0.6256256256256256,1.0
3,0.6266266266266266,1.0
3,0.6276276276276276,1.0
3,0.6286286286286287,1.0
3,0.6296296296296297,1.0
3,0.6306306306306306,1.0
3,0.6316316316316316,1.0
3,0.6326326326326326,1.0
3,0.6336336336336337,1.0
3,0.6346346346346347,1.0
3,0.6356356356356356,1.0
3,0.6366366366366366,1.0
3,0.6376376376376376,1.0
3,0.6386386386386387,1.0
3,0.6396396396396397,1.0
3,0.6406406406406406,1.0
3,0.6416416416416416,1.0
3,0.6426426426426426,1.0
3,0.6436436436436437,1.0
3,0.6446446446446447,1.0
3,0.6456456456456456,1.0
3,0.6466466466466466,1.0
3,0.6476476476476476,1.0
3,0.6486486486486487,1.0
3,0.6496496496496497,1.0
3,0.6506506506506506,1.0
3,0.6516516516516516,1.0
3,0.6526526526526526,1.0
3,0.6536536536536537,1.0
3,0.6546546546546547,1.0
3,0.6556556556556556,1.0
3,0.6566566566566566,1.0
3,0.6576576576576576,1.0
3,0.6586586586586587,1.0
3,0.6596596596596597,1.0
3,0.6606606606606606,1.0
3,0.6616616616616616,1.0
3,0.6626626626626626,1.0
3,0.6636636636636637,1.0
3,0.6646646646646647,1.0
3,0.6656656656656657,1.0
3,0.6666666666666666,1.0
3,0.6676676676676676,1.0
3,0.6686686686686687,1.0
3,0.6696696696696697,1.0
3,0.6706706706706707,1.0
3,0.6716716716716716,1.0
3,0.6726726726726726,1.0
3,0.6736736736736737,1.0
3,0.6746746746746747,1.0
3,0.6756756756756757,1.0
3,0.6766766766766766,1.0
3,0.6776776776776777,1.0
3,0.6786786786786787,1.0
3,0.6796796796796797,1.0
3,0.6806806806806807,1.0
3,0.6816816816816816,1.0
3,0.6826826826826827,1.0
3,0.6836836836836837,1.0
3,0.6846846846846847,1.0
3,0.6856856856856857,1.0
3,0.6866866866866866,1.0
3,0.6876876876876877,1.0
3,0.6886886886886887,1.0
3,0.6896896896896897,1.0
3,0.6906906906906907,1.0
3,0.6916916916916916,1.0
3,0.6926926926926927,1.0
3,0.6936936936936937,1.0
3,0.6946946946946947,1.0
3,0.6956956956956957,1.0
3,0.6966966966966966,1.0
3,0.6976976976976977,1.0
3,0.6986986986986987,1.0
3,0.6996996996996997,1.0
3,0.7007007007007007,1.0
3,0.7017017017017017,1.0
3,0.7027027027027027,1.0
3,0.7037037037037037,1.0
3,0.7047047047047047,1.0
3,0.7057057057057057,1.0
3,0.7067067067067067,1.0
3,0.7077077077077077,1.0
3,0.7087087087087087,1.0
3,0.7097097097097097,1.0
3,0.7107107107107107,1.0
3,0.7117117117117117,1.0
3,0.7127127127127127,1.0
3,0.7137137137137137,1.0
3,0.7147147147147147,1.0
3,0.7157157157157157,1.0
3,0.7167167167167167,1.0
3,0.7177177177177178,1.0
3,0.7187187187187187,1.0
3,0.7197197197197197,1.0
3,0.7207207207207207,1.0
3,0.7217217217217217,1.0
3,0.7227227227227228,1.0
3,0.7237237237237237,1.0
3,0.7247247247247247,1.0
3,0.7257257257257257,1.0
3,0.7267267267267267,1.0
3,0.7277277277277278,1.0
3,0.7287287287287287,1.0
3,0.7297297297297297,1.0
3,0.7307307307307307,1.0
3,0.7317317317317317,1.0
3,0.7327327327327328,1.0
3,0.7337337337337337,1.0
3,0.7347347347347347,1.0
3,0.7357357357357357,1.0
3,0.7367367367367368,1.0
3,0.7377377377377378,1.0
3,0.7387387387387387,1.0
3,0.7397397397397397,1.0
3,0.7407407407407407,1.0
3,0.7417417417417418,1.0
3,0.7427427427427428,1.0
3,0.7437437437437437,1.0
3,0.7447447447447447,1.0
3,0.7457457457457457,1.0
3,0.7467467467467468,1.0
3,0.7477477477477478,1.0
3,0.7487487487487487,1.0
3,0.7497497497497497,1.0
3,0.7507507507507507,1.0
3,0.7517517517517518,1.0
3,0.7527527527527528,1.0
3,0.7537537537537538,1.0
3,0.7547547547547547,1.0
3,0.7557557557557557,1.0
3,0.7567567567567568,1.0
3,0.7577577577577578,1.0
3,0.7587587587587588,1.0
3,0.7597597597597597,1.0
3,0.7607607607607607,1.0
3,0.7617617617617618,1.0
3,0.7627627627627628,1.0
3,0.7637637637637638,1.0
3,0.7647647647647647,1.0
3,0.7657657657657657,1.0
3,0.7667667667667668,1.0
3,0.7677677677677678,1.0
3,0.7687687687687688,1.0
3,0.7697697697697697,1.0
3,0.7707707707707707,1.0
3,0.7717717717717718,1.0
3,0.7727727727727728,1.0
3,0.7737737737737738,1.0
3,0.7747747747747747,1.0
3,0.7757757757757757,1.0
3,0.7767767767767768,1.0
3,0.7777777777777778,1.0
3,0.7787787787787788,1.0
3,0.7797797797797797,1.0
3,0.7807807807807807,1.0
3,0.7817817817817818,1.0
3,0.7827827827827828,1.0
3,0.7837837837837838,1.0
3,0.7847847847847848,1.0
3,0.7857857857857857,1.0
3,0.7867867867867868,1.0
3,0.7877877877877878,1.0
3,0.7887887887887888,1.0
3,0.7897897897897898,1.0
3,0.7907907907907907,1.0
3,0.7917917917917918,1.0
3,0.7927927927927928,1.0
3,0.7937937937937938,1.0
3,0.7947947947947948,1.0
3,0.7957957957957957,1.0
3,0.7967967967967968,1.0
3,0.7977977977977978,1.0
3,0.7987987987987988,1.0
3,0.7997997997997998,1.0
3,0.8008008008008007,1.0
3,0.8018018018018018,1.0
3,0.8028028028028028,1.0
3,0.8038038038038038,1.0
3,0.8048048048048048,1.0
3,0.8058058058058059,1.0
3,0.8068068068068068,1.0
3,0.8078078078078078,1.0
3,0.8088088088088088,1.0
3,0.8098098098098098,1.0
3,0.8108108108108109,1.0
3,0.8118118118118118,1.0
3,0.8128128128128128,1.0
3,0.8138138138138138,1.0
3,0.8148148148148148,1.0
3,0.8158158158158159,1.0
3,0.8168168168168168,1.0
3,0.8178178178178178,1.0
3,0.8188188188188188,1.0
3,0.8198198198198198,1.0
3,0.8208208208208209,1.0
3,0.8218218218218218,1.0
3,0.8228228228228228,1.0
3,0.8238238238238238,1.0
3,0.8248248248248248,1.0
3,0.8258258258258259,1.0
3,0.8268268268268268,1.0
3,0.8278278278278278,1.0
3,0.8288288288288288,1.0
3,0.8298298298298298,1.0
3,0.8308308308308309,1.0
3,0.8318318318318318,1.0
3,0.8328328328328328,1.0
3,0.8338338338338338,1.0
3,0.8348348348348348,1.0
3,0.8358358358358359,1.0
3,0.8368368368368369,1.0
3,0.8378378378378378,1.0
3,0.8388388388388388,1.0
3,0.8398398398398398,1.0
3,0.8408408408408409,1.0
3,0.8418418418418419,1.0
3,0.8428428428428428,1.0
3,0.8438438438438438,1.0
3,0.8448448448448448,1.0
3,0.8458458458458459,1.0
3,0.8468468468468469,1.0
3,0.8478478478478478,1.0
3,0.8488488488488488,1.0
3,0.8498498498498498,1.0
3,0.8508508508508509,1.0
3,0.8518518518518519,1.0
3,0.8528528528528528,1.0
3,0.8538538538538538,1.0
3,0.8548548548548548,1.0
3,0.8558558558558559,1.0
3,0.8568568568568569,1.0
3,0.8578578578578578,1.0
3,0.8588588588588588,1.0
3,0.8598598598598598,1.0
3,0.8608608608608609,1.0
3,0.8618618618618619,1.0
3,0.8628628628628628,1.0
3,0.8638638638638638,1.0
3,0.8648648648648649,1.0
3,0.8658658658658659,1.0
3,0.8668668668668669,1.0
3,0.8678678678678678,1.0
3,0.8688688688688688,1.0
3,0.8698698698698699,1.0
3,0.8708708708708709,1.0
3,0.8718718718718719,1.0
3,0.8728728728728729,1.0
3,0.8738738738738738,1.0
3,0.8748748748748749,1.0
3,0.8758758758758759,1.0
3,0.8768768768768769,1.0
3,0.8778778778778779,1.0
3,0.8788788788788788,1.0
3,0.8798798798798799,1.0
3,0.8808808808808809,1.0
3,0.8818818818818819,1.0
3,0.8828828828828829,1.0
3,0.8838838838838838,1.0
3,0.8848848848848849,1.0
3,0.8858858858858859,1.0
3,0.8868868868868869,1.0
3,0.8878878878878879,1.0
3,0.8888888888888888,1.0
3,0.8898898898898899,1.0
3,0.8908908908908909,1.0
3,0.8918918918918919,1.0
3,0.8928928928928929,1.0
3,0.8938938938938938,1.0
3,0.8948948948948949,1.0
3,0.8958958958958959,1.0
3,0.8968968968968969,1.0
3,0.8978978978978979,1.0
3,0.8988988988988988,1.0
3,0.8998998998998999,1.0
3,0.9009009009009009,1.0
3,0.9019019019019019,1.0
3,0.9029029029029029,1.0
3,0.9039039039039038,1.0
3,0.9049049049049049,1.0
3,0.9059059059059059,1.0
3,0.9069069069069069,1.0
3,0.9079079079079079,1.0
3,0.9089089089089089,1.0
3,0.9099099099099099,1.0
3,0.9109109109109109,1.0
3,0.9119119119119119,1.0
3,0.9129129129129129,1.0
3,0.9139139139139139,1.0
3,0.914914914914915,1.0
3,0.9159159159159159,1.0
3,0.9169169169169169,1.0
3,0.9179179179179179,1.0
3,0.9189189189189189,1.0
3,0.91991991991992,1.0
3,0.9209209209209209,1.0
3,0.9219219219219219,1.0
3,0.9229229229229229,1.0
3,0.9239239239239239,1.0
3,0.924924924924925,1.0
3,0.9259259259259259,1.0
3,0.9269269269269269,1.0
3,0.9279279279279279,1.0
3,0.9289289289289289,1.0
3,0.92992992992993,1.0
3,0.9309309309309309,1.0
3,0.9319319319319319,1.0
3,0.9329329329329329,1.0
3,0.933933933933934,1.0
3,0.934934934934935,1.0
3,0.9359359359359359,1.0
3,0.9369369369369369,1.0
3,0.9379379379379379,1.0
3,0.938938938938939,1.0
3,0.93993993993994,1.0
3,0.9409409409409409,1.0
3,0.9419419419419419,1.0
3,0.9429429429429429,1.0
3,0.943943943943944,1.0
3,0.944944944944945,1.0
3,0.9459459459459459,1.0
3,0.9469469469469469,1.0
3,0.9479479479479479,1.0
3,0.948948948948949,1.0
3,0.94994994994995,1.0
3,0.950950950950951,1.0
3,0.9519519519519519,1.0
3,0.9529529529529529,1.0
3,0.953953953953954,1.0
3,0.954954954954955,1.0
3,0.955955955955956,1.0
3,0.9569569569569569,1.0
3,0.9579579579579579,1.0
3,0.958958958958959,1.0
3,0.95995995995996,1.0
3,0.960960960960961,1.0
3,0.9619619619619619,1.0
3,0.9629629629629629,1.0
3,0.963963963963964,1.0
3,0.964964964964965,1.0
3,0.965965965965966,1.0
3,0.9669669669669669,1.0
3,0.9679679679679679,1.0
3,0.968968968968969,1.0
3,0.96996996996997,1.0
3,0.970970970970971,1.0
3,0.9719719719719719,1.0
3,0.9729729729729729,1.0
3,0.973973973973974,1.0
3,0.974974974974975,1.0
3,0.975975975975976,1.0
3,0.9769769769769769,1.0
3,0.9779779779779779,1.0
3,0.978978978978979,1.0
3,0.97997997997998,1.0
3,0.980980980980981,1.0
3,0.9819819819819819,1.0
3,0.9829829829829829,1.0
3,0.983983983983984,1.0
3,0.984984984984985,1.0
3,0.985985985985986,1.0
3,0.986986986986987,1.0
3,0.9879879879879879,1.0
3,0.988988988988989,1.0
3,0.98998998998999,1.0
3,0.990990990990991,1.0
3,0.991991991991992,1.0
3,0.992992992992993,1.0
3,0.993993993993994,1.0
3,0.994994994994995,1.0
3,0.995995995995996,1.0
3,0.996996996996997,1.0
3,0.997997997997998,1.0
3,0.998998998998999,1.0
3,1.0,1.0
4,0.0,0.16666666666666666
4,0.001001001001001001,0.16666666666666666
4,0.002002002002002002,0.16666666666666666
4,0.003003003003003003,0.16666666666666666
4,0.004004004004004004,0.16666666666666666
4,0.005005005005005005,0.16666666666666666
4,0.006006006006006006,0.16666666666666666
4,0.007007007007007007,0.16666666666666666
4,0.008008008008008008,0.16666666666666666
4,0.009009009009009009,0.16666666666666666
4,0.01001001001001001,0.16666666666666666
4,0.011011011011011011,0.16666666666666666
4,0.012012012012012012,0.16666666666666666
4,0.013013013013013013,0.16666666666666666
4,0.014014014014014014,0.16666666666666666
4,0.015015015015015015,0.16666666666666666
4,0.016016016016016016,0.16666666666666666
4,0.017017017017017015,0.16666666666666666
4,0.018018018018018018,0.16666666666666666
4,0.01901901901901902,0.16666666666666666
4,0.02002002002002002,0.16666666666666666
4,0.02102102102102102,0.16666666666666666
4,0.022022022022022022,0.16666666666666666
4,0.023023023023023025,0.16666666666666666
4,0.024024024024024024,0.16666666666666666
4,0.025025025025025023,0.16666666666666666
4,0.026026026026026026,0.16666666666666666
4,0.02702702702702703,0.16666666666666666
4,0.028028028028028028,0.16666666666666666
4,0.029029029029029027,0.16666666666666666
4,0.03003003003003003,0.16666666666666666
4,0.031031031031031032,0.16666666666666666
4,0.03203203203203203,0.16666666666666666
4,0.03303303303303303,0.25
4,0.03403403403403403,0.25
4,0.035035035035035036,0.25
4,0.036036036036036036,0.25
4,0.037037037037037035,0.25
4,0.03803803803803804,0.25
4,0.03903903903903904,0.25
4,0.04004004004004004,0.25
4,0.04104104104104104,0.25
4,0.04204204204204204,0.25
4,0.043043043043043044,0.25
4,0.044044044044044044,0.25
4,0.04504504504504504,0.25
4,0.04604604604604605,0.25
4,0.04704704704704705,0.25
4,0.04804804804804805,0.25
4,0.04904904904904905,0.25
4,0.050050050050050046,0.25
4,0.05105105105105105,0.25
4,0.05205205205205205,0.25
4,0.05305305305305305,0.25
4,0.05405405405405406,0.25
4,0.055055055055055056,0.25
4,0.056056056056056056,0.25
4,0.057057057057057055,0.25
4,0.058058058058058054,0.25
4,0.05905905905905906,0.25
4,0.06006006006006006,0.25
4,0.06106106106106106,0.25
4,0.062062062062062065,0.25
4,0.06306306306306306,0.25
4,0.06406406406406406,0.25
4,0.06506506506506507,0.25
4,0.06606606606606606,0.25
4,0.06706706706706707,0.25
4,0.06806806806806806,0.25
4,0.06906906906906907,0.25
4,0.07007007007007007,0.25
4,0.07107107107107107,0.25
4,0.07207207207207207,0.25
4,0.07307307307307308,0.25
4,0.07407407407407407,0.25
4,0.07507507507507508,0.25
4,0.07607607607607608,0.25
4,0.07707707707707707,0.25
4,0.07807807807807808,0.25
4,0.07907907907907907,0.25
4,0.08008008008008008,0.25
4,0.08108108108108109,0.25
4,0.08208208208208208,0.25
4,0.08308308308308308,0.25
4,0.08408408408408408,0.25
4,0.08508508508508508,0.25
4,0.08608608608608609,0.25
4,0.08708708708708708,0.25
4,0.08808808808808809,0.25
4,0.0890890890890891,0.25
4,0.09009009009009009,0.25
4,0.09109109109109109,0.25
4,0.0920920920920921,0.25
4,0.09309309309309309,0.25
4,0.0940940940940941,0.25
4,0.09509509509509509,0.25
4,0.0960960960960961,0.25
4,0.0970970970970971,0.4166666666666667
4,0.0980980980980981,0.4166666666666667
4,0.0990990990990991,0.4166666666666667
4,0.10010010010010009,0.4166666666666667
4,0.1011011011011011,0.4166666666666667
4,0.1021021021021021,0.4166666666666667
4,0.1031031031031031,0.4166666666666667
4,0.1041041041041041,0.4166666666666667
4,0.10510510510510511,0.4166666666666667
4,0.1061061061061061,0.4166666666666667
4,0.10710710710710711,0.4166666666666667
4,0.10810810810810811,0.4166666666666667
4,0.1091091091091091,0.4166666666666667
4,0.11011011011011011,0.4166666666666667
4,0.1111111111111111,0.4166666666666667
4,0.11211211211211211,0.4166666666666667
4,0.11311311311311312,0.4166666666666667
4,0.11411411411411411,0.4166666666666667
4,0.11511511511511512,0.4166666666666667
4,0.11611611611611611,0.4166666666666667
4,0.11711711711711711,0.4166666666666667
4,0.11811811811811812,0.4166666666666667
4,0.11911911911911911,0.4166666666666667
4,0.12012012012012012,0.4166666666666667
4,0.12112112112112113,0.4166666666666667
4,0.12212212212212212,0.4166666666666667
4,0.12312312312312312,0.4166666666666667
4,0.12412412412412413,0.4166666666666667
4,0.12512512512512514,0.4166666666666667
4,0.12612612612612611,0.4166666666666667
4,0.12712712712712712,0.4166666666666667
4,0.12812812812812813,0.4166666666666667
4,0.12912912912912913,0.4166666666666667
4,0.13013013013013014,0.4166666666666667
4,0.13113113113113112,0.4166666666666667
4,0.13213213213213212,0.4166666666666667
4,0.13313313313313313,0.4166666666666667
4,0.13413413413413414,0.4166666666666667
4,0.13513513513513514,0.4166666666666667
4,0.13613613613613612,0.4166666666666667
4,0.13713713713713713,0.4166666666666667
4,0.13813813813813813,0.4166666666666667
4,0.13913913913913914,0.4166666666666667
4,0.14014014014014015,0.4166666666666667
4,0.14114114114114115,0.4166666666666667
4,0.14214214214214213,0.4166666666666667
4,0.14314314314314314,0.4166666666666667
4,0.14414414414414414,0.4166666666666667
4,0.14514514514514515,0.4166666666666667
4,0.14614614614614616,0.4166666666666667
4,0.14714714714714713,0.4166666666666667
4,0.14814814814814814,0.4166666666666667
4,0.14914914914914915,0.4166666666666667
4,0.15015015015015015,0.4166666666666667
4,0.15115115115115116,0.4166666666666667
4,0.15215215215215216,0.4166666666666667
4,0.15315315315315314,0.4166666666666667
4,0.15415415415415415,0.4166666666666667
4,0.15515515515515516,0.4166666666666667
4,0.15615615615615616,0.4166666666666667
4,0.15715715715715717,0.4166666666666667
4,0.15815815815815815,0.4166666666666667
4,0.15915915915915915,0.4166666666666667
4,0.16016016016016016,0.4166666666666667
4,0.16116116116116116,0.4166666666666667
4,0.16216216216216217,0.4166666666666667
4,0.16316316316316315,0.4166666666666667
4,0.16416416416416416,0.4166666666666667
4,0.16516516516516516,0.4166666666666667
4,0.16616616616616617,0.4166666666666667
4,0.16716716716716717,0.4166666666666667
4,0.16816816816816815,0.4166666666666667
4,0.16916916916916916,0.4166666666666667
4,0.17017017017017017,0.4166666666666667
4,0.17117117117117117,0.4166666666666667
4,0.17217217217217218,0.4166666666666667
4,0.17317317317317318,0.4166666666666667
4,0.17417417417417416,0.4166666666666667
4,0.17517517517517517,0.4166666666666667
4,0.17617617617617617,0.4166666666666667
4,0.17717717717717718,0.4166666666666667
4,0.1781781781781782,0.4166666666666667
4,0.17917917917917917,0.4166666666666667
4,0.18018018018018017,0.4166666666666667
4,0.18118118118118118,0.4166666666666667
4,0.18218218218218218,0.4166666666666667
4,0.1831831831831832,0.4166666666666667
4,0.1841841841841842,0.4166666666666667
4,0.18518518518518517,0.4166666666666667
4,0.18618618618618618,0.4166666666666667
4,0.1871871871871872,0.4166666666666667
4,0.1881881881881882,0.4166666666666667
4,0.1891891891891892,0.4166666666666667
4,0.19019019019019018,0.4166666666666667
4,0.19119119119119118,0.4166666666666667
4,0.1921921921921922,0.4166666666666667
4,0.1931931931931932,0.4166666666666667
4,0.1941941941941942,0.5833333333333334
4,0.19519519519519518,0.5833333333333334
4,0.1961961961961962,0.5833333333333334
4,0.1971971971971972,0.5833333333333334
4,0.1981981981981982,0.5833333333333334
4,0.1991991991991992,0.5833333333333334
4,0.20020020020020018,0.5833333333333334
4,0.2012012012012012,0.5833333333333334
4,0.2022022022022022,0.5833333333333334
4,0.2032032032032032,0.5833333333333334
4,0.2042042042042042,0.5833333333333334
4,0.20520520520520522,0.5833333333333334
4,0.2062062062062062,0.5833333333333334
4,0.2072072072072072,0.5833333333333334
4,0.2082082082082082,0.5833333333333334
4,0.2092092092092092,0.5833333333333334
4,0.21021021021021022,0.5833333333333334
4,0.2112112112112112,0.5833333333333334
4,0.2122122122122122,0.5833333333333334
4,0.2132132132132132,0.5833333333333334
4,0.21421421421421422,0.5833333333333334
4,0.21521521521521522,0.5833333333333334
4,0.21621621621621623,0.5833333333333334
4,0.2172172172172172,0.5833333333333334
4,0.2182182182182182,0.5833333333333334
4,0.21921921921921922,0.5833333333333334
4,0.22022022022022023,0.5833333333333334
4,0.22122122122122123,0.5833333333333334
4,0.2222222222222222,0.5833333333333334
4,0.22322322322322322,0.5833333333333334
4,0.22422422422422422,0.5833333333333334
4,0.22522522522522523,0.5833333333333334
4,0.22622622622622623,0.5833333333333334
4,0.2272272272272272,0.5833333333333334
4,0.22822822822822822,0.5833333333333334
4,0.22922922922922923,0.5833333333333334
4,0.23023023023023023,0.5833333333333334
4,0.23123123123123124,0.5833333333333334
4,0.23223223223223222,0.5833333333333334
4,0.23323323323323322,0.5833333333333334
4,0.23423423423423423,0.5833333333333334
4,0.23523523523523523,0.5833333333333334
4,0.23623623623623624,0.5833333333333334
4,0.23723723723723725,0.5833333333333334
4,0.23823823823823823,0.5833333333333334
4,0.23923923923923923,0.5833333333333334
4,0.24024024024024024,0.5833333333333334
4,0.24124124124124124,0.5833333333333334
4,0.24224224224224225,0.5833333333333334
4,0.24324324324324323,0.5833333333333334
4,0.24424424424424424,0.5833333333333334
4,0.24524524524524524,0.5833333333333334
4,0.24624624624624625,0.5833333333333334
4,0.24724724724724725,0.5833333333333334
4,0.24824824824824826,0.5833333333333334
4,0.24924924924924924,0.5833333333333334
4,0.2502502502502503,0.5833333333333334
4,0.25125125125125125,0.5833333333333334
4,0.25225225225225223,0.5833333333333334
4,0.25325325325325326,0.5833333333333334
4,0.25425425425425424,0.5833333333333334
4,0.2552552552552553,0.5833333333333334
4,0.25625625625625625,0.5833333333333334
4,0.25725725725725723,0.5833333333333334
4,0.25825825825825827,0.75
4,0.25925925925925924,0.75
4,0.2602602602602603,0.75
4,0.26126126126126126,0.75
4,0.26226226226226224,0.75
4,0.26326326326326327,0.75
4,0.26426426426426425,0.75
4,0.2652652652652653,0.75
4,0.26626626626626626,0.75
4,0.26726726726726724,0.75
4,0.2682682682682683,0.75
4,0.26926926926926925,0.75
4,0.2702702702702703,0.75
4,0.27127127127127126,0.75
4,0.27227227227227224,0.75
4,0.2732732732732733,0.75
4,0.27427427427427425,0.75
4,0.2752752752752753,0.75
4,0.27627627627627627,0.75
4,0.2772772772772773,0.75
4,0.2782782782782783,0.75
4,0.27927927927927926,0.75
4,0.2802802802802803,0.75
4,0.28128128128128127,0.75
4,0.2822822822822823,0.75
4,0.2832832832832833,0.75
4,0.28428428428428426,0.75
4,0.2852852852852853,0.75
4,0.2862862862862863,0.75
4,0.2872872872872873,0.75
4,0.2882882882882883,0.75
4,0.28928928928928926,0.75
4,0.2902902902902903,0.75
4,0.2912912912912913,0.8333333333333334
4,0.2922922922922923,0.8333333333333334
4,0.2932932932932933,0.8333333333333334
4,0.29429429429429427,0.8333333333333334
4,0.2952952952952953,0.8333333333333334
4,0.2962962962962963,0.8333333333333334
4,0.2972972972972973,0.8333333333333334
4,0.2982982982982983,0.8333333333333334
4,0.29929929929929927,0.8333333333333334
4,0.3003003003003003,0.8333333333333334
4,0.3013013013013013,0.8333333333333334
4,0.3023023023023023,0.8333333333333334
4,0.3033033033033033,0.8333333333333334
4,0.30430430430430433,0.8333333333333334
4,0.3053053053053053,0.8333333333333334
4,0.3063063063063063,0.8333333333333334
4,0.3073073073073073,0.8333333333333334
4,0.3083083083083083,0.8333333333333334
4,0.30930930930930933,0.8333333333333334
4,0.3103103103103103,0.8333333333333334
4,0.3113113113113113,0.8333333333333334
4,0.3123123123123123,0.8333333333333334
4,0.3133133133133133,0.8333333333333334
4,0.31431431431431434,0.8333333333333334
4,0.3153153153153153,0.8333333333333334
4,0.3163163163163163,0.8333333333333334
4,0.3173173173173173,0.8333333333333334
4,0.3183183183183183,0.8333333333333334
4,0.31931931931931934,0.8333333333333334
4,0.3203203203203203,0.8333333333333334
4,0.3213213213213213,0.8333333333333334
4,0.32232232232232233,0.8333333333333334
4,0.3233233233233233,0.8333333333333334
4,0.32432432432432434,0.8333333333333334
4,0.3253253253253253,0.8333333333333334
4,0.3263263263263263,0.8333333333333334
4,0.32732732732732733,0.8333333333333334
4,0.3283283283283283,0.8333333333333334
4,0.32932932932932935,0.8333333333333334
4,0.3303303303303303,0.8333333333333334
4,0.3313313313313313,0.8333333333333334
4,0.33233233233233234,0.8333333333333334
4,0.3333333333333333,0.8333333333333334
4,0.33433433433433435,0.8333333333333334
4,0.3353353353353353,0.8333333333333334
4,0.3363363363363363,0.8333333333333334
4,0.33733733733733734,0.8333333333333334
4,0.3383383383383383,0.8333333333333334
4,0.33933933933933935,0.8333333333333334
4,0.34034034034034033,0.8333333333333334
4,0.34134134134134136,0.8333333333333334
4,0.34234234234234234,0.8333333333333334
4,0.3433433433433433,0.8333333333333334
4,0.34434434434434436,0.8333333333333334
4,0.34534534534534533,0.8333333333333334
4,0.34634634634634637,0.8333333333333334
4,0.34734734734734735,0.8333333333333334
4,0.3483483483483483,0.8333333333333334
4,0.34934934934934936,0.8333333333333334
4,0.35035035035035034,0.8333333333333334
4,0.35135135135135137,0.8333333333333334
4,0.35235235235235235,0.8333333333333334
4,0.3533533533533533,0.8333333333333334
4,0.35435435435435436,0.8333333333333334
4,0.35535535535535534,0.8333333333333334
4,0.3563563563563564,0.8333333333333334
4,0.35735735735735735,0.8333333333333334
4,0.35835835835835833,0.8333333333333334
4,0.35935935935935936,0.8333333333333334
4,0.36036036036036034,0.8333333333333334
4,0.3613613613613614,0.8333333333333334
4,0.36236236236236236,0.8333333333333334
4,0.36336336336336333,0.8333333333333334
4,0.36436436436436437,0.8333333333333334
4,0.36536536536536535,0.8333333333333334
4,0.3663663663663664,0.8333333333333334
4,0.36736736736736736,0.8333333333333334
4,0.3683683683683684,0.8333333333333334
4,0.36936936936936937,0.8333333333333334
4,0.37037037037037035,0.8333333333333334
4,0.3713713713713714,0.8333333333333334
4,0.37237237237237236,0.8333333333333334
4,0.3733733733733734,0.8333333333333334
4,0.3743743743743744,0.8333333333333334
4,0.37537537537537535,0.8333333333333334
4,0.3763763763763764,0.8333333333333334
4,0.37737737737737737,0.8333333333333334
4,0.3783783783783784,0.8333333333333334
4,0.3793793793793794,0.8333333333333334
4,0.38038038038038036,0.8333333333333334
4,0.3813813813813814,0.8333333333333334
4,0.38238238238238237,0.8333333333333334
4,0.3833833833833834,0.8333333333333334
4,0.3843843843843844,0.8333333333333334
4,0.38538538538538536,0.8333333333333334
4,0.3863863863863864,0.8333333333333334
4,0.38738738738738737,0.8333333333333334
4,0.3883883883883884,0.8333333333333334
4,0.3893893893893894,0.8333333333333334
4,0.39039039039039036,0.8333333333333334
4,0.3913913913913914,0.8333333333333334
4,0.3923923923923924,0.8333333333333334
4,0.3933933933933934,0.8333333333333334
4,0.3943943943943944,0.8333333333333334
4,0.39539539539539537,0.8333333333333334
4,0.3963963963963964,0.8333333333333334
4,0.3973973973973974,0.8333333333333334
4,0.3983983983983984,0.8333333333333334
4,0.3993993993993994,0.8333333333333334
4,0.40040040040040037,0.8333333333333334
4,0.4014014014014014,0.8333333333333334
4,0.4024024024024024,0.8333333333333334
4,0.4034034034034034,0.8333333333333334
4,0.4044044044044044,0.8333333333333334
4,0.40540540540540543,0.8333333333333334
4,0.4064064064064064,0.8333333333333334
4,0.4074074074074074,0.8333333333333334
4,0.4084084084084084,0.8333333333333334
4,0.4094094094094094,0.8333333333333334
4,0.41041041041041043,0.8333333333333334
4,0.4114114114114114,0.8333333333333334
4,0.4124124124124124,0.8333333333333334
4,0.4134134134134134,0.8333333333333334
4,0.4144144144144144,0.8333333333333334
4,0.41541541541541543,0.8333333333333334
4,0.4164164164164164,0.8333333333333334
4,0.4174174174174174,0.8333333333333334
4,0.4184184184184184,0.8333333333333334
4,0.4194194194194194,0.8333333333333334
4,0.42042042042042044,0.8333333333333334
4,0.4214214214214214,0.8333333333333334
4,0.4224224224224224,0.8333333333333334
4,0.42342342342342343,0.8333333333333334
4,0.4244244244244244,0.8333333333333334
4,0.42542542542542544,0.8333333333333334
4,0.4264264264264264,0.8333333333333334
4,0.4274274274274274,0.8333333333333334
4,0.42842842842842843,0.8333333333333334
4,0.4294294294294294,0.8333333333333334
4,0.43043043043043044,0.8333333333333334
4,0.4314314314314314,0.8333333333333334
4,0.43243243243243246,0.8333333333333334
4,0.43343343343343343,0.8333333333333334
4,0.4344344344344344,0.8333333333333334
4,0.43543543543543545,0.8333333333333334
4,0.4364364364364364,0.8333333333333334
4,0.43743743743743746,0.8333333333333334
4,0.43843843843843844,0.8333333333333334
4,0.4394394394394394,0.8333333333333334
4,0.44044044044044045,0.8333333333333334
4,0.44144144144144143,0.8333333333333334
4,0.44244244244244246,0.8333333333333334
4,0.44344344344344344,0.8333333333333334
4,0.4444444444444444,0.8333333333333334
4,0.44544544544544545,0.8333333333333334
4,0.44644644644644643,0.8333333333333334
4,0.44744744744744747,0.8333333333333334
4,0.44844844844844844,0.8333333333333334
4,0.4494494494494494,0.8333333333333334
4,0.45045045045045046,0.8333333333333334
4,0.45145145145145144,0.8333333333333334
4,0.45245245245245247,0.8333333333333334
4,0.45345345345345345,0.8333333333333334
4,0.4544544544544544,0.8333333333333334
4,0.45545545545545546,0.8333333333333334
4,0.45645645645645644,0.8333333333333334
4,0.4574574574574575,0.8333333333333334
4,0.45845845845845845,0.8333333333333334
4,0.45945945945945943,0.8333333333333334
4,0.46046046046046046,0.8333333333333334
4,0.46146146146146144,0.8333333333333334
4,0.4624624624624625,0.8333333333333334
4,0.46346346346346345,0.8333333333333334
4,0.46446446446446443,0.8333333333333334
4,0.46546546546546547,0.8333333333333334
4,0.46646646646646645,0.8333333333333334
4,0.4674674674674675,0.8333333333333334
4,0.46846846846846846,0.8333333333333334
4,0.4694694694694695,0.8333333333333334
4,0.47047047047047047,0.8333333333333334
4,0.47147147147147145,0.8333333333333334
4,0.4724724724724725,0.8333333333333334
4,0.47347347347347346,0.8333333333333334
4,0.4744744744744745,0.8333333333333334
4,0.4754754754754755,0.8333333333333334
4,0.47647647647647645,0.8333333333333334
4,0.4774774774774775,0.8333333333333334
4,0.47847847847847846,0.8333333333333334
4,0.4794794794794795,0.8333333333333334
4,0.4804804804804805,0.8333333333333334
4,0.48148148148148145,0.8333333333333334
4,0.4824824824824825,0.8333333333333334
4,0.48348348348348347,0.8333333333333334
4,0.4844844844844845,0.8333333333333334
4,0.4854854854854855,0.8333333333333334
4,0.48648648648648646,0.8333333333333334
4,0.4874874874874875,0.8333333333333334
4,0.48848848848848847,0.8333333333333334
4,0.4894894894894895,0.8333333333333334
4,0.4904904904904905,0.8333333333333334
4,0.49149149149149146,0.8333333333333334
4,0.4924924924924925,0.8333333333333334
4,0.4934934934934935,0.8333333333333334
4,0.4944944944944945,0.8333333333333334
4,0.4954954954954955,0.8333333333333334
4,0.4964964964964965,0.8333333333333334
4,0.4974974974974975,0.8333333333333334
4,0.4984984984984985,0.8333333333333334
4,0.4994994994994995,0.8333333333333334
4,0.5005005005005005,0.8333333333333334
4,0.5015015015015015,0.8333333333333334
4,0.5025025025025025,0.8333333333333334
4,0.5035035035035035,0.8333333333333334
4,0.5045045045045045,0.8333333333333334
4,0.5055055055055055,0.8333333333333334
4,0.5065065065065065,0.8333333333333334
4,0.5075075075075075,0.8333333333333334
4,0.5085085085085085,0.8333333333333334
4,0.5095095095095095,0.8333333333333334
4,0.5105105105105106,0.8333333333333334
4,0.5115115115115115,0.8333333333333334
4,0.5125125125125125,0.8333333333333334
4,0.5135135135135135,0.8333333333333334
4,0.5145145145145145,0.8333333333333334
4,0.5155155155155156,0.8333333333333334
4,0.5165165165165165,0.9166666666666666
4,0.5175175175175175,0.9166666666666666
4,0.5185185185185185,0.9166666666666666
4,0.5195195195195195,0.9166666666666666
4,0.5205205205205206,0.9166666666666666
4,0.5215215215215215,0.9166666666666666
4,0.5225225225225225,0.9166666666666666
4,0.5235235235235235,0.9166666666666666
4,0.5245245245245245,0.9166666666666666
4,0.5255255255255256,0.9166666666666666
4,0.5265265265265265,0.9166666666666666
4,0.5275275275275275,0.9166666666666666
4,0.5285285285285285,0.9166666666666666
4,0.5295295295295295,0.9166666666666666
4,0.5305305305305306,0.9166666666666666
4,0.5315315315315315,0.9166666666666666
4,0.5325325325325325,0.9166666666666666
4,0.5335335335335335,0.9166666666666666
4,0.5345345345345345,0.9166666666666666
4,0.5355355355355356,0.9166666666666666
4,0.5365365365365365,0.9166666666666666
4,0.5375375375375375,0.9166666666666666
4,0.5385385385385385,0.9166666666666666
4,0.5395395395395395,0.9166666666666666
4,0.5405405405405406,0.9166666666666666
4,0.5415415415415415,0.9166666666666666
4,0.5425425425425425,0.9166666666666666
4,0.5435435435435435,0.9166666666666666
4,0.5445445445445445,0.9166666666666666
4,0.5455455455455456,0.9166666666666666
4,0.5465465465465466,0.9166666666666666
4,0.5475475475475475,0.9166666666666666
4,0.5485485485485485,0.9166666666666666
4,0.5495495495495496,0.9166666666666666
4,0.5505505505505506,0.9166666666666666
4,0.5515515515515516,0.9166666666666666
4,0.5525525525525525,0.9166666666666666
4,0.5535535535535535,0.9166666666666666
4,0.5545545545545546,0.9166666666666666
4,0.5555555555555556,0.9166666666666666
4,0.5565565565565566,0.9166666666666666
4,0.5575575575575575,0.9166666666666666
4,0.5585585585585585,0.9166666666666666
4,0.5595595595595596,0.9166666666666666
4,0.5605605605605606,0.9166666666666666
4,0.5615615615615616,0.9166666666666666
4,0.5625625625625625,0.9166666666666666
4,0.5635635635635635,0.9166666666666666
4,0.5645645645645646,0.9166666666666666
4,0.5655655655655656,0.9166666666666666
4,0.5665665665665666,0.9166666666666666
4,0.5675675675675675,0.9166666666666666
4,0.5685685685685685,0.9166666666666666
4,0.5695695695695696,0.9166666666666666
4,0.5705705705705706,0.9166666666666666
4,0.5715715715715716,0.9166666666666666
4,0.5725725725725725,0.9166666666666666
4,0.5735735735735735,0.9166666666666666
4,0.5745745745745746,0.9166666666666666
4,0.5755755755755756,0.9166666666666666
4,0.5765765765765766,0.9166666666666666
4,0.5775775775775776,0.9166666666666666
4,0.5785785785785785,0.9166666666666666
4,0.5795795795795796,0.9166666666666666
4,0.5805805805805806,0.9166666666666666
4,0.5815815815815816,0.9166666666666666
4,0.5825825825825826,0.9166666666666666
4,0.5835835835835835,0.9166666666666666
4,0.5845845845845846,0.9166666666666666
4,0.5855855855855856,0.9166666666666666
4,0.5865865865865866,0.9166666666666666
4,0.5875875875875876,0.9166666666666666
4,0.5885885885885885,0.9166666666666666
4,0.5895895895895896,0.9166666666666666
4,0.5905905905905906,0.9166666666666666
4,0.5915915915915916,0.9166666666666666
4,0.5925925925925926,0.9166666666666666
4,0.5935935935935935,0.9166666666666666
4,0.5945945945945946,0.9166666666666666
4,0.5955955955955956,0.9166666666666666
4,0.5965965965965966,0.9166666666666666
4,0.5975975975975976,0.9166666666666666
4,0.5985985985985985,0.9166666666666666
4,0.5995995995995996,0.9166666666666666
4,0.6006006006006006,0.9166666666666666
4,0.6016016016016016,0.9166666666666666
4,0.6026026026026026,0.9166666666666666
4,0.6036036036036035,0.9166666666666666
4,0.6046046046046046,0.9166666666666666
4,0.6056056056056056,0.9166666666666666
4,0.6066066066066066,0.9166666666666666
4,0.6076076076076076,0.9166666666666666
4,0.6086086086086087,0.9166666666666666
4,0.6096096096096096,0.9166666666666666
4,0.6106106106106106,0.9166666666666666
4,0.6116116116116116,0.9166666666666666
4,0.6126126126126126,0.9166666666666666
4,0.6136136136136137,0.9166666666666666
4,0.6146146146146146,0.9166666666666666
4,0.6156156156156156,0.9166666666666666
4,0.6166166166166166,0.9166666666666666
4,0.6176176176176176,0.9166666666666666
4,0.6186186186186187,0.9166666666666666
4,0.6196196196196196,0.9166666666666666
4,0.6206206206206206,0.9166666666666666
4,0.6216216216216216,0.9166666666666666
4,0.6226226226226226,0.9166666666666666
4,0.6236236236236237,0.9166666666666666
4,0.6246246246246246,0.9166666666666666
4,0.6256256256256256,0.9166666666666666
4,0.6266266266266266,0.9166666666666666
4,0.6276276276276276,0.9166666666666666
4,0.6286286286286287,0.9166666666666666
4,0.6296296296296297,0.9166666666666666
4,0.6306306306306306,0.9166666666666666
4,0.6316316316316316,0.9166666666666666
4,0.6326326326326326,0.9166666666666666
4,0.6336336336336337,0.9166666666666666
4,0.6346346346346347,0.9166666666666666
4,0.6356356356356356,0.9166666666666666
4,0.6366366366366366,0.9166666666666666
4,0.6376376376376376,0.9166666666666666
4,0.6386386386386387,0.9166666666666666
4,0.6396396396396397,0.9166666666666666
4,0.6406406406406406,0.9166666666666666
4,0.6416416416416416,0.9166666666666666
4,0.6426426426426426,0.9166666666666666
4,0.6436436436436437,0.9166666666666666
4,0.6446446446446447,0.9166666666666666
4,0.6456456456456456,0.9166666666666666
4,0.6466466466466466,0.9166666666666666
4,0.6476476476476476,0.9166666666666666
4,0.6486486486486487,0.9166666666666666
4,0.6496496496496497,0.9166666666666666
4,0.6506506506506506,0.9166666666666666
4,0.6516516516516516,0.9166666666666666
4,0.6526526526526526,0.9166666666666666
4,0.6536536536536537,0.9166666666666666
4,0.6546546546546547,0.9166666666666666
4,0.6556556556556556,0.9166666666666666
4,0.6566566566566566,0.9166666666666666
4,0.6576576576576576,0.9166666666666666
4,0.6586586586586587,0.9166666666666666
4,0.6596596596596597,0.9166666666666666
4,0.6606606606606606,0.9166666666666666
4,0.6616616616616616,0.9166666666666666
4,0.6626626626626626,0.9166666666666666
4,0.6636636636636637,0.9166666666666666
4,0.6646646646646647,0.9166666666666666
4,0.6656656656656657,0.9166666666666666
4,0.6666666666666666,0.9166666666666666
4,0.6676676676676676,0.9166666666666666
4,0.6686686686686687,0.9166666666666666
4,0.6696696696696697,0.9166666666666666
4,0.6706706706706707,0.9166666666666666
4,0.6716716716716716,0.9166666666666666
4,0.6726726726726726,0.9166666666666666
4,0.6736736736736737,0.9166666666666666
4,0.6746746746746747,0.9166666666666666
4,0.6756756756756757,0.9166666666666666
4,0.6766766766766766,0.9166666666666666
4,0.6776776776776777,0.9166666666666666
4,0.6786786786786787,0.9166666666666666
4,0.6796796796796797,0.9166666666666666
4,0.6806806806806807,0.9166666666666666
4,0.6816816816816816,0.9166666666666666
4,0.6826826826826827,0.9166666666666666
4,0.6836836836836837,0.9166666666666666
4,0.6846846846846847,0.9166666666666666
4,0.6856856856856857,0.9166666666666666
4,0.6866866866866866,0.9166666666666666
4,0.6876876876876877,0.9166666666666666
4,0.6886886886886887,0.9166666666666666
4,0.6896896896896897,0.9166666666666666
4,0.6906906906906907,0.9166666666666666
4,0.6916916916916916,0.9166666666666666
4,0.6926926926926927,0.9166666666666666
4,0.6936936936936937,0.9166666666666666
4,0.6946946946946947,0.9166666666666666
4,0.6956956956956957,0.9166666666666666
4,0.6966966966966966,0.9166666666666666
4,0.6976976976976977,0.9166666666666666
4,0.6986986986986987,0.9166666666666666
4,0.6996996996996997,0.9166666666666666
4,0.7007007007007007,0.9166666666666666
4,0.7017017017017017,0.9166666666666666
4,0.7027027027027027,0.9166666666666666
4,0.7037037037037037,0.9166666666666666
4,0.7047047047047047,0.9166666666666666
4,0.7057057057057057,0.9166666666666666
4,0.7067067067067067,0.9166666666666666
4,0.7077077077077077,0.9166666666666666
4,0.7087087087087087,0.9166666666666666
4,0.7097097097097097,0.9166666666666666
4,0.7107107107107107,0.9166666666666666
4,0.7117117117117117,0.9166666666666666
4,0.7127127127127127,0.9166666666666666
4,0.7137137137137137,0.9166666666666666
4,0.7147147147147147,0.9166666666666666
4,0.7157157157157157,0.9166666666666666
4,0.7167167167167167,0.9166666666666666
4,0.7177177177177178,0.9166666666666666
4,0.7187187187187187,0.9166666666666666
4,0.7197197197197197,0.9166666666666666
4,0.7207207207207207,0.9166666666666666
4,0.7217217217217217,0.9166666666666666
4,0.7227227227227228,0.9166666666666666
4,0.7237237237237237,0.9166666666666666
4,0.7247247247247247,0.9166666666666666
4,0.7257257257257257,0.9166666666666666
4,0.7267267267267267,0.9166666666666666
4,0.7277277277277278,0.9166666666666666
4,0.7287287287287287,0.9166666666666666
4,0.7297297297297297,0.9166666666666666
4,0.7307307307307307,0.9166666666666666
4,0.7317317317317317,0.9166666666666666
4,0.7327327327327328,0.9166666666666666
4,0.7337337337337337,0.9166666666666666
4,0.7347347347347347,0.9166666666666666
4,0.7357357357357357,0.9166666666666666
4,0.7367367367367368,0.9166666666666666
4,0.7377377377377378,0.9166666666666666
4,0.7387387387387387,0.9166666666666666
4,0.7397397397397397,0.9166666666666666
4,0.7407407407407407,0.9166666666666666
4,0.7417417417417418,0.9166666666666666
4,0.7427427427427428,0.9166666666666666
4,0.7437437437437437,0.9166666666666666
4,0.7447447447447447,0.9166666666666666
4,0.7457457457457457,0.9166666666666666
4,0.7467467467467468,0.9166666666666666
4,0.7477477477477478,0.9166666666666666
4,0.7487487487487487,0.9166666666666666
4,0.7497497497497497,0.9166666666666666
4,0.7507507507507507,0.9166666666666666
4,0.7517517517517518,0.9166666666666666
4,0.7527527527527528,0.9166666666666666
4,0.7537537537537538,0.9166666666666666
4,0.7547547547547547,0.9166666666666666
4,0.7557557557557557,0.9166666666666666
4,0.7567567567567568,0.9166666666666666
4,0.7577577577577578,0.9166666666666666
4,0.7587587587587588,0.9166666666666666
4,0.7597597597597597,0.9166666666666666
4,0.7607607607607607,0.9166666666666666
4,0.7617617617617618,0.9166666666666666
4,0.7627627627627628,0.9166666666666666
4,0.7637637637637638,0.9166666666666666
4,0.7647647647647647,0.9166666666666666
4,0.7657657657657657,0.9166666666666666
4,0.7667667667667668,0.9166666666666666
4,0.7677677677677678,0.9166666666666666
4,0.7687687687687688,0.9166666666666666
4,0.7697697697697697,0.9166666666666666
4,0.7707707707707707,0.9166666666666666
4,0.7717717717717718,0.9166666666666666
4,0.7727727727727728,0.9166666666666666
4,0.7737737737737738,0.9166666666666666
4,0.7747747747747747,0.9166666666666666
4,0.7757757757757757,0.9166666666666666
4,0.7767767767767768,0.9166666666666666
4,0.7777777777777778,0.9166666666666666
4,0.7787787787787788,0.9166666666666666
4,0.7797797797797797,0.9166666666666666
4,0.7807807807807807,0.9166666666666666
4,0.7817817817817818,0.9166666666666666
4,0.7827827827827828,0.9166666666666666
4,0.7837837837837838,0.9166666666666666
4,0.7847847847847848,0.9166666666666666
4,0.7857857857857857,0.9166666666666666
4,0.7867867867867868,0.9166666666666666
4,0.7877877877877878,0.9166666666666666
4,0.7887887887887888,0.9166666666666666
4,0.7897897897897898,0.9166666666666666
4,0.7907907907907907,0.9166666666666666
4,0.7917917917917918,0.9166666666666666
4,0.7927927927927928,0.9166666666666666
4,0.7937937937937938,0.9166666666666666
4,0.7947947947947948,0.9166666666666666
4,0.7957957957957957,0.9166666666666666
4,0.7967967967967968,0.9166666666666666
4,0.7977977977977978,0.9166666666666666
4,0.7987987987987988,0.9166666666666666
4,0.7997997997997998,0.9166666666666666
4,0.8008008008008007,0.9166666666666666
4,0.8018018018018018,0.9166666666666666
4,0.8028028028028028,0.9166666666666666
4,0.8038038038038038,0.9166666666666666
4,0.8048048048048048,0.9166666666666666
4,0.8058058058058059,0.9166666666666666
4,0.8068068068068068,0.9166666666666666
4,0.8078078078078078,0.9166666666666666
4,0.8088088088088088,0.9166666666666666
4,0.8098098098098098,0.9166666666666666
4,0.8108108108108109,0.9166666666666666
4,0.8118118118118118,0.9166666666666666
4,0.8128128128128128,0.9166666666666666
4,0.8138138138138138,0.9166666666666666
4,0.8148148148148148,0.9166666666666666
4,0.8158158158158159,0.9166666666666666
4,0.8168168168168168,0.9166666666666666
4,0.8178178178178178,0.9166666666666666
4,0.8188188188188188,0.9166666666666666
4,0.8198198198198198,0.9166666666666666
4,0.8208208208208209,0.9166666666666666
4,0.8218218218218218,0.9166666666666666
4,0.8228228228228228,0.9166666666666666
4,0.8238238238238238,0.9166666666666666
4,0.8248248248248248,0.9166666666666666
4,0.8258258258258259,0.9166666666666666
4,0.8268268268268268,0.9166666666666666
4,0.8278278278278278,0.9166666666666666
4,0.8288288288288288,0.9166666666666666
4,0.8298298298298298,0.9166666666666666
4,0.8308308308308309,0.9166666666666666
4,0.8318318318318318,0.9166666666666666
4,0.8328328328328328,0.9166666666666666
4,0.8338338338338338,0.9166666666666666
4,0.8348348348348348,0.9166666666666666
4,0.8358358358358359,0.9166666666666666
4,0.8368368368368369,0.9166666666666666
4,0.8378378378378378,0.9166666666666666
4,0.8388388388388388,0.9166666666666666
4,0.8398398398398398,0.9166666666666666
4,0.8408408408408409,0.9166666666666666
4,0.8418418418418419,0.9166666666666666
4,0.8428428428428428,0.9166666666666666
4,0.8438438438438438,0.9166666666666666
4,0.8448448448448448,0.9166666666666666
4,0.8458458458458459,0.9166666666666666
4,0.8468468468468469,0.9166666666666666
4,0.8478478478478478,0.9166666666666666
4,0.8488488488488488,0.9166666666666666
4,0.8498498498498498,0.9166666666666666
4,0.8508508508508509,0.9166666666666666
4,0.8518518518518519,0.9166666666666666
4,0.8528528528528528,0.9166666666666666
4,0.8538538538538538,0.9166666666666666
4,0.8548548548548548,0.9166666666666666
4,0.8558558558558559,0.9166666666666666
4,0.8568568568568569,0.9166666666666666
4,0.8578578578578578,0.9166666666666666
4,0.8588588588588588,0.9166666666666666
4,0.8598598598598598,0.9166666666666666
4,0.8608608608608609,0.9166666666666666
4,0.8618618618618619,0.9166666666666666
4,0.8628628628628628,0.9166666666666666
4,0.8638638638638638,0.9166666666666666
4,0.8648648648648649,0.9166666666666666
4,0.8658658658658659,0.9166666666666666
4,0.8668668668668669,0.9166666666666666
4,0.8678678678678678,0.9166666666666666
4,0.8688688688688688,0.9166666666666666
4,0.8698698698698699,0.9166666666666666
4,0.8708708708708709,0.9166666666666666
4,0.8718718718718719,0.9166666666666666
4,0.8728728728728729,0.9166666666666666
4,0.8738738738738738,0.9166666666666666
4,0.8748748748748749,0.9166666666666666
4,0.8758758758758759,0.9166666666666666
4,0.8768768768768769,0.9166666666666666
4,0.8778778778778779,0.9166666666666666
4,0.8788788788788788,0.9166666666666666
4,0.8798798798798799,0.9166666666666666
4,0.8808808808808809,0.9166666666666666
4,0.8818818818818819,0.9166666666666666
4,0.8828828828828829,0.9166666666666666
4,0.8838838838838838,0.9166666666666666
4,0.8848848848848849,0.9166666666666666
4,0.8858858858858859,0.9166666666666666
4,0.8868868868868869,0.9166666666666666
4,0.8878878878878879,0.9166666666666666
4,0.8888888888888888,0.9166666666666666
4,0.8898898898898899,0.9166666666666666
4,0.8908908908908909,0.9166666666666666
4,0.8918918918918919,0.9166666666666666
4,0.8928928928928929,0.9166666666666666
4,0.8938938938938938,0.9166666666666666
4,0.8948948948948949,0.9166666666666666
4,0.8958958958958959,0.9166666666666666
4,0.8968968968968969,0.9166666666666666
4,0.8978978978978979,0.9166666666666666
4,0.8988988988988988,0.9166666666666666
4,0.8998998998998999,0.9166666666666666
4,0.9009009009009009,0.9166666666666666
4,0.9019019019019019,0.9166666666666666
4,0.9029029029029029,0.9166666666666666
4,0.9039039039039038,0.9166666666666666
4,0.9049049049049049,0.9166666666666666
4,0.9059059059059059,0.9166666666666666
4,0.9069069069069069,0.9166666666666666
4,0.9079079079079079,0.9166666666666666
4,0.9089089089089089,0.9166666666666666
4,0.9099099099099099,0.9166666666666666
4,0.9109109109109109,0.9166666666666666
4,0.9119119119119119,0.9166666666666666
4,0.9129129129129129,0.9166666666666666
4,0.9139139139139139,0.9166666666666666
4,0.914914914914915,0.9166666666666666
4,0.9159159159159159,0.9166666666666666
4,0.9169169169169169,0.9166666666666666
4,0.9179179179179179,0.9166666666666666
4,0.9189189189189189,0.9166666666666666
4,0.91991991991992,0.9166666666666666
4,0.9209209209209209,0.9166666666666666
4,0.9219219219219219,0.9166666666666666
4,0.9229229229229229,0.9166666666666666
4,0.9239239239239239,0.9166666666666666
4,0.924924924924925,0.9166666666666666
4,0.9259259259259259,0.9166666666666666
4,0.9269269269269269,0.9166666666666666
4,0.9279279279279279,0.9166666666666666
4,0.9289289289289289,0.9166666666666666
4,0.92992992992993,0.9166666666666666
4,0.9309309309309309,0.9166666666666666
4,0.9319319319319319,0.9166666666666666
4,0.9329329329329329,0.9166666666666666
4,0.933933933933934,0.9166666666666666
4,0.934934934934935,0.9166666666666666
4,0.9359359359359359,0.9166666666666666
4,0.9369369369369369,0.9166666666666666
4,0.9379379379379379,0.9166666666666666
4,0.938938938938939,0.9166666666666666
4,0.93993993993994,0.9166666666666666
4,0.9409409409409409,0.9166666666666666
4,0.9419419419419419,0.9166666666666666
4,0.9429429429429429,0.9166666666666666
4,0.943943943943944,0.9166666666666666
4,0.944944944944945,0.9166666666666666
4,0.9459459459459459,0.9166666666666666
4,0.9469469469469469,0.9166666666666666
4,0.9479479479479479,0.9166666666666666
4,0.948948948948949,0.9166666666666666
4,0.94994994994995,0.9166666666666666
4,0.950950950950951,0.9166666666666666
4,0.9519519519519519,0.9166666666666666
4,0.9529529529529529,0.9166666666666666
4,0.953953953953954,0.9166666666666666
4,0.954954954954955,0.9166666666666666
4,0.955955955955956,0.9166666666666666
4,0.9569569569569569,0.9166666666666666
4,0.9579579579579579,0.9166666666666666
4,0.958958958958959,0.9166666666666666
4,0.95995995995996,0.9166666666666666
4,0.960960960960961,0.9166666666666666
4,0.9619619619619619,0.9166666666666666
4,0.9629629629629629,0.9166666666666666
4,0.963963963963964,0.9166666666666666
4,0.964964964964965,0.9166666666666666
4,0.965965965965966,0.9166666666666666
4,0.9669669669669669,0.9166666666666666
4,0.9679679679679679,1.0
4,0.968968968968969,1.0
4,0.96996996996997,1.0
4,0.970970970970971,1.0
4,0.9719719719719719,1.0
4,0.9729729729729729,1.0
4,0.973973973973974,1.0
4,0.974974974974975,1.0
4,0.975975975975976,1.0
4,0.9769769769769769,1.0
4,0.9779779779779779,1.0
4,0.978978978978979,1.0
4,0.97997997997998,1.0
4,0.980980980980981,1.0
4,0.9819819819819819,1.0
4,0.9829829829829829,1.0
4,0.983983983983984,1.0
4,0.984984984984985,1.0
4,0.985985985985986,1.0
4,0.986986986986987,1.0
4,0.9879879879879879,1.0
4,0.988988988988989,1.0
4,0.98998998998999,1.0
4,0.990990990990991,1.0
4,0.991991991991992,1.0
4,0.992992992992993,1.0
4,0.993993993993994,1.0
4,0.994994994994995,1.0
4,0.995995995995996,1.0
4,0.996996996996997,1.0
4,0.997997997997998,1.0
4,0.998998998998999,1.0
4,1.0,1.0
5,0.0,0.3333333333333333
5,0.001001001001001001,0.3333333333333333
5,0.002002002002002002,0.3333333333333333
5,0.003003003003003003,0.3333333333333333
5,0.004004004004004004,0.3333333333333333
5,0.005005005005005005,0.3333333333333333
5,0.006006006006006006,0.3333333333333333
5,0.007007007007007007,0.3333333333333333
5,0.008008008008008008,0.3333333333333333
5,0.009009009009009009,0.3333333333333333
5,0.01001001001001001,0.3333333333333333
5,0.011011011011011011,0.3333333333333333
5,0.012012012012012012,0.3333333333333333
5,0.013013013013013013,0.3333333333333333
5,0.014014014014014014,0.3333333333333333
5,0.015015015015015015,0.3333333333333333
5,0.016016016016016016,0.3333333333333333
5,0.017017017017017015,0.3333333333333333
5,0.018018018018018018,0.3333333333333333
5,0.01901901901901902,0.3333333333333333
5,0.02002002002002002,0.3333333333333333
5,0.02102102102102102,0.3333333333333333
5,0.022022022022022022,0.3333333333333333
5,0.023023023023023025,0.3333333333333333
5,0.024024024024024024,0.3333333333333333
5,0.025025025025025023,0.3333333333333333
5,0.026026026026026026,0.3333333333333333
5,0.02702702702702703,0.3333333333333333
5,0.028028028028028028,0.3333333333333333
5,0.029029029029029027,0.3333333333333333
5,0.03003003003003003,0.3333333333333333
5,0.031031031031031032,0.3333333333333333
5,0.03203203203203203,0.3333333333333333
5,0.03303303303303303,0.6666666666666666
5,0.03403403403403403,0.6666666666666666
5,0.035035035035035036,0.6666666666666666
5,0.036036036036036036,0.6666666666666666
5,0.037037037037037035,0.6666666666666666
5,0.03803803803803804,0.6666666666666666
5,0.03903903903903904,0.6666666666666666
5,0.04004004004004004,0.6666666666666666
5,0.04104104104104104,0.6666666666666666
5,0.04204204204204204,0.6666666666666666
5,0.043043043043043044,0.6666666666666666
5,0.044044044044044044,0.6666666666666666
5,0.04504504504504504,0.6666666666666666
5,0.04604604604604605,0.6666666666666666
5,0.04704704704704705,0.6666666666666666
5,0.04804804804804805,0.6666666666666666
5,0.04904904904904905,0.6666666666666666
5,0.050050050050050046,0.6666666666666666
5,0.05105105105105105,0.6666666666666666
5,0.05205205205205205,0.6666666666666666
5,0.05305305305305305,0.6666666666666666
5,0.05405405405405406,0.6666666666666666
5,0.055055055055055056,0.6666666666666666
5,0.056056056056056056,0.6666666666666666
5,0.057057057057057055,0.6666666666666666
5,0.058058058058058054,0.6666666666666666
5,0.05905905905905906,0.6666666666666666
5,0.06006006006006006,0.6666666666666666
5,0.06106106106106106,0.6666666666666666
5,0.062062062062062065,0.6666666666666666
5,0.06306306306306306,0.6666666666666666
5,0.06406406406406406,0.6666666666666666
5,0.06506506506506507,0.6666666666666666
5,0.06606606606606606,0.6666666666666666
5,0.06706706706706707,0.6666666666666666
5,0.06806806806806806,0.6666666666666666
5,0.06906906906906907,0.6666666666666666
5,0.07007007007007007,0.6666666666666666
5,0.07107107107107107,0.6666666666666666
5,0.07207207207207207,0.6666666666666666
5,0.07307307307307308,0.6666666666666666
5,0.07407407407407407,0.6666666666666666
5,0.07507507507507508,0.6666666666666666
5,0.07607607607607608,0.6666666666666666
5,0.07707707707707707,0.6666666666666666
5,0.07807807807807808,0.6666666666666666
5,0.07907907907907907,0.6666666666666666
5,0.08008008008008008,0.6666666666666666
5,0.08108108108108109,0.6666666666666666
5,0.08208208208208208,0.6666666666666666
5,0.08308308308308308,0.6666666666666666
5,0.08408408408408408,0.6666666666666666
5,0.08508508508508508,0.6666666666666666
5,0.08608608608608609,0.6666666666666666
5,0.08708708708708708,0.6666666666666666
5,0.08808808808808809,0.6666666666666666
5,0.0890890890890891,0.6666666666666666
5,0.09009009009009009,0.6666666666666666
5,0.09109109109109109,0.6666666666666666
5,0.0920920920920921,0.6666666666666666
5,0.09309309309309309,0.6666666666666666
5,0.0940940940940941,0.6666666666666666
5,0.09509509509509509,0.6666666666666666
5,0.0960960960960961,0.6666666666666666
5,0.0970970970970971,0.6666666666666666
5,0.0980980980980981,0.6666666666666666
5,0.0990990990990991,0.6666666666666666
5,0.10010010010010009,0.6666666666666666
5,0.1011011011011011,0.6666666666666666
5,0.1021021021021021,0.6666666666666666
5,0.1031031031031031,0.6666666666666666
5,0.1041041041041041,0.6666666666666666
5,0.10510510510510511,0.6666666666666666
5,0.1061061061061061,0.6666666666666666
5,0.10710710710710711,0.6666666666666666
5,0.10810810810810811,0.6666666666666666
5,0.1091091091091091,0.6666666666666666
5,0.11011011011011011,0.6666666666666666
5,0.1111111111111111,0.6666666666666666
5,0.11211211211211211,0.6666666666666666
5,0.11311311311311312,0.6666666666666666
5,0.11411411411411411,0.6666666666666666
5,0.11511511511511512,0.6666666666666666
5,0.11611611611611611,0.6666666666666666
5,0.11711711711711711,0.6666666666666666
5,0.11811811811811812,0.6666666666666666
5,0.11911911911911911,0.6666666666666666
5,0.12012012012012012,0.6666666666666666
5,0.12112112112112113,0.6666666666666666
5,0.12212212212212212,0.6666666666666666
5,0.12312312312312312,0.6666666666666666
5,0.12412412412412413,0.6666666666666666
5,0.12512512512512514,0.6666666666666666
5,0.12612612612612611,0.6666666666666666
5,0.12712712712712712,0.6666666666666666
5,0.12812812812812813,0.6666666666666666
5,0.12912912912912913,0.6666666666666666
5,0.13013013013013014,0.6666666666666666
5,0.13113113113113112,0.6666666666666666
5,0.13213213213213212,0.6666666666666666
5,0.13313313313313313,0.6666666666666666
5,0.13413413413413414,0.6666666666666666
5,0.13513513513513514,0.6666666666666666
5,0.13613613613613612,0.6666666666666666
5,0.13713713713713713,0.6666666666666666
5,0.13813813813813813,0.6666666666666666
5,0.13913913913913914,0.6666666666666666
5,0.14014014014014015,0.6666666666666666
5,0.14114114114114115,0.6666666666666666
5,0.14214214214214213,0.6666666666666666
5,0.14314314314314314,0.6666666666666666
5,0.14414414414414414,0.6666666666666666
5,0.14514514514514515,0.6666666666666666
5,0.14614614614614616,0.6666666666666666
5,0.14714714714714713,0.6666666666666666
5,0.14814814814814814,0.6666666666666666
5,0.14914914914914915,0.6666666666666666
5,0.15015015015015015,0.6666666666666666
5,0.15115115115115116,0.6666666666666666
5,0.15215215215215216,0.6666666666666666
5,0.15315315315315314,0.6666666666666666
5,0.15415415415415415,0.6666666666666666
5,0.15515515515515516,0.6666666666666666
5,0.15615615615615616,0.6666666666666666
5,0.15715715715715717,0.6666666666666666
5,0.15815815815815815,0.6666666666666666
5,0.15915915915915915,0.6666666666666666
5,0.16016016016016016,0.6666666666666666
5,0.16116116116116116,0.6666666666666666
5,0.16216216216216217,0.6666666666666666
5,0.16316316316316315,0.6666666666666666
5,0.16416416416416416,0.6666666666666666
5,0.16516516516516516,0.6666666666666666
5,0.16616616616616617,0.6666666666666666
5,0.16716716716716717,0.6666666666666666
5,0.16816816816816815,0.6666666666666666
5,0.16916916916916916,0.6666666666666666
5,0.17017017017017017,0.6666666666666666
5,0.17117117117117117,0.6666666666666666
5,0.17217217217217218,0.6666666666666666
5,0.17317317317317318,0.6666666666666666
5,0.17417417417417416,0.6666666666666666
5,0.17517517517517517,0.6666666666666666
5,0.17617617617617617,0.6666666666666666
5,0.17717717717717718,0.6666666666666666
5,0.1781781781781782,0.6666666666666666
5,0.17917917917917917,0.6666666666666666
5,0.18018018018018017,0.6666666666666666
5,0.18118118118118118,0.6666666666666666
5,0.18218218218218218,0.6666666666666666
5,0.1831831831831832,0.6666666666666666
5,0.1841841841841842,0.6666666666666666
5,0.18518518518518517,0.6666666666666666
5,0.18618618618618618,0.6666666666666666
5,0.1871871871871872,0.6666666666666666
5,0.1881881881881882,0.6666666666666666
5,0.1891891891891892,0.6666666666666666
5,0.19019019019019018,0.6666666666666666
5,0.19119119119119118,0.6666666666666666
5,0.1921921921921922,0.6666666666666666
5,0.1931931931931932,0.6666666666666666
5,0.1941941941941942,0.75
5,0.19519519519519518,0.75
5,0.1961961961961962,0.75
5,0.1971971971971972,0.75
5,0.1981981981981982,0.75
5,0.1991991991991992,0.75
5,0.20020020020020018,0.75
5,0.2012012012012012,0.75
5,0.2022022022022022,0.75
5,0.2032032032032032,0.75
5,0.2042042042042042,0.75
5,0.20520520520520522,0.75
5,0.2062062062062062,0.75
5,0.2072072072072072,0.75
5,0.2082082082082082,0.75
5,0.2092092092092092,0.75
5,0.21021021021021022,0.75
5,0.2112112112112112,0.75
5,0.2122122122122122,0.75
5,0.2132132132132132,0.75
5,0.21421421421421422,0.75
5,0.21521521521521522,0.75
5,0.21621621621621623,0.75
5,0.2172172172172172,0.75
5,0.2182182182182182,0.75
5,0.21921921921921922,0.75
5,0.22022022022022023,0.75
5,0.22122122122122123,0.75
5,0.2222222222222222,0.75
5,0.22322322322322322,0.75
5,0.22422422422422422,0.75
5,0.22522522522522523,0.75
5,0.22622622622622623,0.75
5,0.2272272272272272,0.75
5,0.22822822822822822,0.75
5,0.22922922922922923,0.75
5,0.23023023023023023,0.75
5,0.23123123123123124,0.75
5,0.23223223223223222,0.75
5,0.23323323323323322,0.75
5,0.23423423423423423,0.75
5,0.23523523523523523,0.75
5,0.23623623623623624,0.75
5,0.23723723723723725,0.75
5,0.23823823823823823,0.75
5,0.23923923923923923,0.75
5,0.24024024024024024,0.75
5,0.24124124124124124,0.75
5,0.24224224224224225,0.75
5,0.24324324324324323,0.75
5,0.24424424424424424,0.75
5,0.24524524524524524,0.75
5,0.24624624624624625,0.75
5,0.24724724724724725,0.75
5,0.24824824824824826,0.75
5,0.24924924924924924,0.75
5,0.2502502502502503,0.75
5,0.25125125125125125,0.75
5,0.25225225225225223,0.75
5,0.25325325325325326,0.75
5,0.25425425425425424,0.75
5,0.2552552552552553,0.75
5,0.25625625625625625,0.75
5,0.25725725725725723,0.75
5,0.25825825825825827,0.75
5,0.25925925925925924,0.75
5,0.2602602602602603,0.75
5,0.26126126126126126,0.75
5,0.26226226226226224,0.75
5,0.26326326326326327,0.75
5,0.26426426426426425,0.75
5,0.2652652652652653,0.75
5,0.26626626626626626,0.75
5,0.26726726726726724,0.75
5,0.2682682682682683,0.75
5,0.26926926926926925,0.75
5,0.2702702702702703,0.75
5,0.27127127127127126,0.75
5,0.27227227227227224,0.75
5,0.2732732732732733,0.75
5,0.27427427427427425,0.75
5,0.2752752752752753,0.75
5,0.27627627627627627,0.75
5,0.2772772772772773,0.75
5,0.2782782782782783,0.75
5,0.27927927927927926,0.75
5,0.2802802802802803,0.75
5,0.28128128128128127,0.75
5,0.2822822822822823,0.75
5,0.2832832832832833,0.75
5,0.28428428428428426,0.75
5,0.2852852852852853,0.75
5,0.2862862862862863,0.75
5,0.2872872872872873,0.75
5,0.2882882882882883,0.75
5,0.28928928928928926,0.75
5,0.2902902902902903,0.75
5,0.2912912912912913,0.9166666666666666
5,0.2922922922922923,0.9166666666666666
5,0.2932932932932933,0.9166666666666666
5,0.29429429429429427,0.9166666666666666
5,0.2952952952952953,0.9166666666666666
5,0.2962962962962963,0.9166666666666666
5,0.2972972972972973,0.9166666666666666
5,0.2982982982982983,0.9166666666666666
5,0.29929929929929927,0.9166666666666666
5,0.3003003003003003,0.9166666666666666
5,0.3013013013013013,0.9166666666666666
5,0.3023023023023023,0.9166666666666666
5,0.3033033033033033,0.9166666666666666
5,0.30430430430430433,0.9166666666666666
5,0.3053053053053053,0.9166666666666666
5,0.3063063063063063,0.9166666666666666
5,0.3073073073073073,0.9166666666666666
5,0.3083083083083083,0.9166666666666666
5,0.30930930930930933,0.9166666666666666
5,0.3103103103103103,0.9166666666666666
5,0.3113113113113113,0.9166666666666666
5,0.3123123123123123,0.9166666666666666
5,0.3133133133133133,0.9166666666666666
5,0.31431431431431434,0.9166666666666666
5,0.3153153153153153,0.9166666666666666
5,0.3163163163163163,0.9166666666666666
5,0.3173173173173173,0.9166666666666666
5,0.3183183183183183,0.9166666666666666
5,0.31931931931931934,0.9166666666666666
5,0.3203203203203203,0.9166666666666666
5,0.3213213213213213,0.9166666666666666
5,0.32232232232232233,0.9166666666666666
5,0.3233233233233233,0.9166666666666666
5,0.32432432432432434,0.9166666666666666
5,0.3253253253253253,0.9166666666666666
5,0.3263263263263263,0.9166666666666666
5,0.32732732732732733,0.9166666666666666
5,0.3283283283283283,0.9166666666666666
5,0.32932932932932935,0.9166666666666666
5,0.3303303303303303,0.9166666666666666
5,0.3313313313313313,0.9166666666666666
5,0.33233233233233234,0.9166666666666666
5,0.3333333333333333,0.9166666666666666
5,0.33433433433433435,0.9166666666666666
5,0.3353353353353353,0.9166666666666666
5,0.3363363363363363,0.9166666666666666
5,0.33733733733733734,0.9166666666666666
5,0.3383383383383383,0.9166666666666666
5,0.33933933933933935,0.9166666666666666
5,0.34034034034034033,0.9166666666666666
5,0.34134134134134136,0.9166666666666666
5,0.34234234234234234,0.9166666666666666
5,0.3433433433433433,0.9166666666666666
5,0.34434434434434436,0.9166666666666666
5,0.34534534534534533,0.9166666666666666
5,0.34634634634634637,0.9166666666666666
5,0.34734734734734735,0.9166666666666666
5,0.3483483483483483,0.9166666666666666
5,0.34934934934934936,0.9166666666666666
5,0.35035035035035034,0.9166666666666666
5,0.35135135135135137,0.9166666666666666
5,0.35235235235235235,0.9166666666666666
5,0.3533533533533533,0.9166666666666666
5,0.35435435435435436,0.9166666666666666
5,0.35535535535535534,0.9166666666666666
5,0.3563563563563564,0.9166666666666666
5,0.35735735735735735,0.9166666666666666
5,0.35835835835835833,0.9166666666666666
5,0.35935935935935936,0.9166666666666666
5,0.36036036036036034,0.9166666666666666
5,0.3613613613613614,0.9166666666666666
5,0.36236236236236236,0.9166666666666666
5,0.36336336336336333,0.9166666666666666
5,0.36436436436436437,0.9166666666666666
5,0.36536536536536535,0.9166666666666666
5,0.3663663663663664,0.9166666666666666
5,0.36736736736736736,0.9166666666666666
5,0.3683683683683684,0.9166666666666666
5,0.36936936936936937,0.9166666666666666
5,0.37037037037037035,0.9166666666666666
5,0.3713713713713714,0.9166666666666666
5,0.37237237237237236,0.9166666666666666
5,0.3733733733733734,0.9166666666666666
5,0.3743743743743744,0.9166666666666666
5,0.37537537537537535,0.9166666666666666
5,0.3763763763763764,0.9166666666666666
5,0.37737737737737737,0.9166666666666666
5,0.3783783783783784,0.9166666666666666
5,0.3793793793793794,0.9166666666666666
5,0.38038038038038036,0.9166666666666666
5,0.3813813813813814,0.9166666666666666
5,0.38238238238238237,0.9166666666666666
5,0.3833833833833834,0.9166666666666666
5,0.3843843843843844,0.9166666666666666
5,0.38538538538538536,0.9166666666666666
5,0.3863863863863864,0.9166666666666666
5,0.38738738738738737,0.9166666666666666
5,0.3883883883883884,0.9166666666666666
5,0.3893893893893894,0.9166666666666666
5,0.39039039039039036,0.9166666666666666
5,0.3913913913913914,0.9166666666666666
5,0.3923923923923924,0.9166666666666666
5,0.3933933933933934,0.9166666666666666
5,0.3943943943943944,0.9166666666666666
5,0.39539539539539537,0.9166666666666666
5,0.3963963963963964,0.9166666666666666
5,0.3973973973973974,0.9166666666666666
5,0.3983983983983984,0.9166666666666666
5,0.3993993993993994,0.9166666666666666
5,0.40040040040040037,0.9166666666666666
5,0.4014014014014014,0.9166666666666666
5,0.4024024024024024,0.9166666666666666
5,0.4034034034034034,0.9166666666666666
5,0.4044044044044044,0.9166666666666666
5,0.40540540540540543,0.9166666666666666
5,0.4064064064064064,0.9166666666666666
5,0.4074074074074074,0.9166666666666666
5,0.4084084084084084,0.9166666666666666
5,0.4094094094094094,0.9166666666666666
5,0.41041041041041043,0.9166666666666666
5,0.4114114114114114,0.9166666666666666
5,0.4124124124124124,0.9166666666666666
5,0.4134134134134134,0.9166666666666666
5,0.4144144144144144,0.9166666666666666
5,0.41541541541541543,0.9166666666666666
5,0.4164164164164164,0.9166666666666666
5,0.4174174174174174,0.9166666666666666
5,0.4184184184184184,0.9166666666666666
5,0.4194194194194194,0.9166666666666666
5,0.42042042042042044,0.9166666666666666
5,0.4214214214214214,0.9166666666666666
5,0.4224224224224224,0.9166666666666666
5,0.42342342342342343,0.9166666666666666
5,0.4244244244244244,0.9166666666666666
5,0.42542542542542544,0.9166666666666666
5,0.4264264264264264,0.9166666666666666
5,0.4274274274274274,0.9166666666666666
5,0.42842842842842843,0.9166666666666666
5,0.4294294294294294,0.9166666666666666
5,0.43043043043043044,0.9166666666666666
5,0.4314314314314314,0.9166666666666666
5,0.43243243243243246,0.9166666666666666
5,0.43343343343343343,0.9166666666666666
5,0.4344344344344344,0.9166666666666666
5,0.43543543543543545,0.9166666666666666
5,0.4364364364364364,0.9166666666666666
5,0.43743743743743746,0.9166666666666666
5,0.43843843843843844,0.9166666666666666
5,0.4394394394394394,0.9166666666666666
5,0.44044044044044045,0.9166666666666666
5,0.44144144144144143,0.9166666666666666
5,0.44244244244244246,0.9166666666666666
5,0.44344344344344344,0.9166666666666666
5,0.4444444444444444,0.9166666666666666
5,0.44544544544544545,0.9166666666666666
5,0.44644644644644643,0.9166666666666666
5,0.44744744744744747,0.9166666666666666
5,0.44844844844844844,0.9166666666666666
5,0.4494494494494494,0.9166666666666666
5,0.45045045045045046,0.9166666666666666
5,0.45145145145145144,0.9166666666666666
5,0.45245245245245247,0.9166666666666666
5,0.45345345345345345,0.9166666666666666
5,0.4544544544544544,0.9166666666666666
5,0.45545545545545546,0.9166666666666666
5,0.45645645645645644,0.9166666666666666
5,0.4574574574574575,0.9166666666666666
5,0.45845845845845845,0.9166666666666666
5,0.45945945945945943,0.9166666666666666
5,0.46046046046046046,0.9166666666666666
5,0.46146146146146144,0.9166666666666666
5,0.4624624624624625,0.9166666666666666
5,0.46346346346346345,0.9166666666666666
5,0.46446446446446443,0.9166666666666666
5,0.46546546546546547,0.9166666666666666
5,0.46646646646646645,0.9166666666666666
5,0.4674674674674675,0.9166666666666666
5,0.46846846846846846,0.9166666666666666
5,0.4694694694694695,0.9166666666666666
5,0.47047047047047047,0.9166666666666666
5,0.47147147147147145,0.9166666666666666
5,0.4724724724724725,0.9166666666666666
5,0.47347347347347346,0.9166666666666666
5,0.4744744744744745,0.9166666666666666
5,0.4754754754754755,0.9166666666666666
5,0.47647647647647645,0.9166666666666666
5,0.4774774774774775,0.9166666666666666
5,0.47847847847847846,0.9166666666666666
5,0.4794794794794795,0.9166666666666666
5,0.4804804804804805,0.9166666666666666
5,0.48148148148148145,0.9166666666666666
5,0.4824824824824825,0.9166666666666666
5,0.48348348348348347,0.9166666666666666
5,0.4844844844844845,0.9166666666666666
5,0.4854854854854855,0.9166666666666666
5,0.48648648648648646,0.9166666666666666
5,0.4874874874874875,0.9166666666666666
5,0.48848848848848847,0.9166666666666666
5,0.4894894894894895,0.9166666666666666
5,0.4904904904904905,0.9166666666666666
5,0.49149149149149146,0.9166666666666666
5,0.4924924924924925,0.9166666666666666
5,0.4934934934934935,0.9166666666666666
5,0.4944944944944945,0.9166666666666666
5,0.4954954954954955,0.9166666666666666
5,0.4964964964964965,0.9166666666666666
5,0.4974974974974975,0.9166666666666666
5,0.4984984984984985,0.9166666666666666
5,0.4994994994994995,0.9166666666666666
5,0.5005005005005005,0.9166666666666666
5,0.5015015015015015,0.9166666666666666
5,0.5025025025025025,0.9166666666666666
5,0.5035035035035035,0.9166666666666666
5,0.5045045045045045,0.9166666666666666
5,0.5055055055055055,0.9166666666666666
5,0.5065065065065065,0.9166666666666666
5,0.5075075075075075,0.9166666666666666
5,0.5085085085085085,0.9166666666666666
5,0.5095095095095095,0.9166666666666666
5,0.5105105105105106,0.9166666666666666
5,0.5115115115115115,0.9166666666666666
5,0.5125125125125125,0.9166666666666666
5,0.5135135135135135,0.9166666666666666
5,0.5145145145145145,0.9166666666666666
5,0.5155155155155156,0.9166666666666666
5,0.5165165165165165,0.9166666666666666
5,0.5175175175175175,0.9166666666666666
5,0.5185185185185185,0.9166666666666666
5,0.5195195195195195,0.9166666666666666
5,0.5205205205205206,0.9166666666666666
5,0.5215215215215215,0.9166666666666666
5,0.5225225225225225,0.9166666666666666
5,0.5235235235235235,0.9166666666666666
5,0.5245245245245245,0.9166666666666666
5,0.5255255255255256,0.9166666666666666
5,0.5265265265265265,0.9166666666666666
5,0.5275275275275275,0.9166666666666666
5,0.5285285285285285,0.9166666666666666
5,0.5295295295295295,0.9166666666666666
5,0.5305305305305306,0.9166666666666666
5,0.5315315315315315,0.9166666666666666
5,0.5325325325325325,0.9166666666666666
5,0.5335335335335335,0.9166666666666666
5,0.5345345345345345,0.9166666666666666
5,0.5355355355355356,0.9166666666666666
5,0.5365365365365365,0.9166666666666666
5,0.5375375375375375,0.9166666666666666
5,0.5385385385385385,0.9166666666666666
5,0.5395395395395395,0.9166666666666666
5,0.5405405405405406,0.9166666666666666
5,0.5415415415415415,0.9166666666666666
5,0.5425425425425425,0.9166666666666666
5,0.5435435435435435,0.9166666666666666
5,0.5445445445445445,0.9166666666666666
5,0.5455455455455456,0.9166666666666666
5,0.5465465465465466,0.9166666666666666
5,0.5475475475475475,0.9166666666666666
5,0.5485485485485485,0.9166666666666666
5,0.5495495495495496,0.9166666666666666
5,0.5505505505505506,0.9166666666666666
5,0.5515515515515516,0.9166666666666666
5,0.5525525525525525,0.9166666666666666
5,0.5535535535535535,0.9166666666666666
5,0.5545545545545546,0.9166666666666666
5,0.5555555555555556,0.9166666666666666
5,0.5565565565565566,0.9166666666666666
5,0.5575575575575575,0.9166666666666666
5,0.5585585585585585,0.9166666666666666
5,0.5595595595595596,0.9166666666666666
5,0.5605605605605606,0.9166666666666666
5,0.5615615615615616,0.9166666666666666
5,0.5625625625625625,0.9166666666666666
5,0.5635635635635635,0.9166666666666666
5,0.5645645645645646,0.9166666666666666
5,0.5655655655655656,0.9166666666666666
5,0.5665665665665666,0.9166666666666666
5,0.5675675675675675,0.9166666666666666
5,0.5685685685685685,0.9166666666666666
5,0.5695695695695696,0.9166666666666666
5,0.5705705705705706,0.9166666666666666
5,0.5715715715715716,0.9166666666666666
5,0.5725725725725725,0.9166666666666666
5,0.5735735735735735,0.9166666666666666
5,0.5745745745745746,0.9166666666666666
5,0.5755755755755756,0.9166666666666666
5,0.5765765765765766,0.9166666666666666
5,0.5775775775775776,0.9166666666666666
5,0.5785785785785785,0.9166666666666666
5,0.5795795795795796,0.9166666666666666
5,0.5805805805805806,0.9166666666666666
5,0.5815815815815816,0.9166666666666666
5,0.5825825825825826,0.9166666666666666
5,0.5835835835835835,0.9166666666666666
5,0.5845845845845846,0.9166666666666666
5,0.5855855855855856,0.9166666666666666
5,0.5865865865865866,0.9166666666666666
5,0.5875875875875876,0.9166666666666666
5,0.5885885885885885,0.9166666666666666
5,0.5895895895895896,0.9166666666666666
5,0.5905905905905906,0.9166666666666666
5,0.5915915915915916,0.9166666666666666
5,0.5925925925925926,0.9166666666666666
5,0.5935935935935935,0.9166666666666666
5,0.5945945945945946,0.9166666666666666
5,0.5955955955955956,0.9166666666666666
5,0.5965965965965966,0.9166666666666666
5,0.5975975975975976,0.9166666666666666
5,0.5985985985985985,0.9166666666666666
5,0.5995995995995996,0.9166666666666666
5,0.6006006006006006,0.9166666666666666
5,0.6016016016016016,0.9166666666666666
5,0.6026026026026026,0.9166666666666666
5,0.6036036036036035,0.9166666666666666
5,0.6046046046046046,0.9166666666666666
5,0.6056056056056056,0.9166666666666666
5,0.6066066066066066,0.9166666666666666
5,0.6076076076076076,0.9166666666666666
5,0.6086086086086087,0.9166666666666666
5,0.6096096096096096,0.9166666666666666
5,0.6106106106106106,0.9166666666666666
5,0.6116116116116116,0.9166666666666666
5,0.6126126126126126,0.9166666666666666
5,0.6136136136136137,0.9166666666666666
5,0.6146146146146146,0.9166666666666666
5,0.6156156156156156,0.9166666666666666
5,0.6166166166166166,0.9166666666666666
5,0.6176176176176176,0.9166666666666666
5,0.6186186186186187,0.9166666666666666
5,0.6196196196196196,0.9166666666666666
5,0.6206206206206206,0.9166666666666666
5,0.6216216216216216,0.9166666666666666
5,0.6226226226226226,0.9166666666666666
5,0.6236236236236237,0.9166666666666666
5,0.6246246246246246,0.9166666666666666
5,0.6256256256256256,0.9166666666666666
5,0.6266266266266266,0.9166666666666666
5,0.6276276276276276,0.9166666666666666
5,0.6286286286286287,0.9166666666666666
5,0.6296296296296297,0.9166666666666666
5,0.6306306306306306,0.9166666666666666
5,0.6316316316316316,0.9166666666666666
5,0.6326326326326326,0.9166666666666666
5,0.6336336336336337,0.9166666666666666
5,0.6346346346346347,0.9166666666666666
5,0.6356356356356356,0.9166666666666666
5,0.6366366366366366,0.9166666666666666
5,0.6376376376376376,0.9166666666666666
5,0.6386386386386387,0.9166666666666666
5,0.6396396396396397,0.9166666666666666
5,0.6406406406406406,0.9166666666666666
5,0.6416416416416416,0.9166666666666666
5,0.6426426426426426,0.9166666666666666
5,0.6436436436436437,0.9166666666666666
5,0.6446446446446447,0.9166666666666666
5,0.6456456456456456,0.9166666666666666
5,0.6466466466466466,0.9166666666666666
5,0.6476476476476476,0.9166666666666666
5,0.6486486486486487,0.9166666666666666
5,0.6496496496496497,0.9166666666666666
5,0.6506506506506506,0.9166666666666666
5,0.6516516516516516,0.9166666666666666
5,0.6526526526526526,0.9166666666666666
5,0.6536536536536537,0.9166666666666666
5,0.6546546546546547,0.9166666666666666
5,0.6556556556556556,0.9166666666666666
5,0.6566566566566566,0.9166666666666666
5,0.6576576576576576,0.9166666666666666
5,0.6586586586586587,0.9166666666666666
5,0.6596596596596597,0.9166666666666666
5,0.6606606606606606,0.9166666666666666
5,0.6616616616616616,0.9166666666666666
5,0.6626626626626626,0.9166666666666666
5,0.6636636636636637,0.9166666666666666
5,0.6646646646646647,0.9166666666666666
5,0.6656656656656657,0.9166666666666666
5,0.6666666666666666,0.9166666666666666
5,0.6676676676676676,0.9166666666666666
5,0.6686686686686687,0.9166666666666666
5,0.6696696696696697,0.9166666666666666
5,0.6706706706706707,0.9166666666666666
5,0.6716716716716716,0.9166666666666666
5,0.6726726726726726,0.9166666666666666
5,0.6736736736736737,0.9166666666666666
5,0.6746746746746747,0.9166666666666666
5,0.6756756756756757,0.9166666666666666
5,0.6766766766766766,0.9166666666666666
5,0.6776776776776777,0.9166666666666666
5,0.6786786786786787,0.9166666666666666
5,0.6796796796796797,0.9166666666666666
5,0.6806806806806807,0.9166666666666666
5,0.6816816816816816,0.9166666666666666
5,0.6826826826826827,0.9166666666666666
5,0.6836836836836837,0.9166666666666666
5,0.6846846846846847,0.9166666666666666
5,0.6856856856856857,0.9166666666666666
5,0.6866866866866866,0.9166666666666666
5,0.6876876876876877,0.9166666666666666
5,0.6886886886886887,0.9166666666666666
5,0.6896896896896897,0.9166666666666666
5,0.6906906906906907,0.9166666666666666
5,0.6916916916916916,0.9166666666666666
5,0.6926926926926927,0.9166666666666666
5,0.6936936936936937,0.9166666666666666
5,0.6946946946946947,0.9166666666666666
5,0.6956956956956957,0.9166666666666666
5,0.6966966966966966,0.9166666666666666
5,0.6976976976976977,0.9166666666666666
5,0.6986986986986987,0.9166666666666666
5,0.6996996996996997,0.9166666666666666
5,0.7007007007007007,0.9166666666666666
5,0.7017017017017017,0.9166666666666666
5,0.7027027027027027,0.9166666666666666
5,0.7037037037037037,0.9166666666666666
5,0.7047047047047047,0.9166666666666666
5,0.7057057057057057,0.9166666666666666
5,0.7067067067067067,0.9166666666666666
5,0.7077077077077077,0.9166666666666666
5,0.7087087087087087,0.9166666666666666
5,0.7097097097097097,0.9166666666666666
5,0.7107107107107107,0.9166666666666666
5,0.7117117117117117,0.9166666666666666
5,0.7127127127127127,0.9166666666666666
5,0.7137137137137137,0.9166666666666666
5,0.7147147147147147,0.9166666666666666
5,0.7157157157157157,0.9166666666666666
5,0.7167167167167167,0.9166666666666666
5,0.7177177177177178,0.9166666666666666
5,0.7187187187187187,0.9166666666666666
5,0.7197197197197197,0.9166666666666666
5,0.7207207207207207,0.9166666666666666
5,0.7217217217217217,0.9166666666666666
5,0.7227227227227228,0.9166666666666666
5,0.7237237237237237,0.9166666666666666
5,0.7247247247247247,0.9166666666666666
5,0.7257257257257257,0.9166666666666666
5,0.7267267267267267,0.9166666666666666
5,0.7277277277277278,0.9166666666666666
5,0.7287287287287287,0.9166666666666666
5,0.7297297297297297,0.9166666666666666
5,0.7307307307307307,0.9166666666666666
5,0.7317317317317317,0.9166666666666666
5,0.7327327327327328,0.9166666666666666
5,0.7337337337337337,0.9166666666666666
5,0.7347347347347347,0.9166666666666666
5,0.7357357357357357,0.9166666666666666
5,0.7367367367367368,0.9166666666666666
5,0.7377377377377378,0.9166666666666666
5,0.7387387387387387,0.9166666666666666
5,0.7397397397397397,0.9166666666666666
5,0.7407407407407407,0.9166666666666666
5,0.7417417417417418,0.9166666666666666
5,0.7427427427427428,0.9166666666666666
5,0.7437437437437437,0.9166666666666666
5,0.7447447447447447,0.9166666666666666
5,0.7457457457457457,0.9166666666666666
5,0.7467467467467468,0.9166666666666666
5,0.7477477477477478,0.9166666666666666
5,0.7487487487487487,0.9166666666666666
5,0.7497497497497497,0.9166666666666666
5,0.7507507507507507,0.9166666666666666
5,0.7517517517517518,0.9166666666666666
5,0.7527527527527528,0.9166666666666666
5,0.7537537537537538,0.9166666666666666
5,0.7547547547547547,0.9166666666666666
5,0.7557557557557557,0.9166666666666666
5,0.7567567567567568,0.9166666666666666
5,0.7577577577577578,0.9166666666666666
5,0.7587587587587588,0.9166666666666666
5,0.7597597597597597,0.9166666666666666
5,0.7607607607607607,0.9166666666666666
5,0.7617617617617618,0.9166666666666666
5,0.7627627627627628,0.9166666666666666
5,0.7637637637637638,0.9166666666666666
5,0.7647647647647647,0.9166666666666666
5,0.7657657657657657,0.9166666666666666
5,0.7667667667667668,0.9166666666666666
5,0.7677677677677678,0.9166666666666666
5,0.7687687687687688,0.9166666666666666
5,0.7697697697697697,0.9166666666666666
5,0.7707707707707707,0.9166666666666666
5,0.7717717717717718,0.9166666666666666
5,0.7727727727727728,0.9166666666666666
5,0.7737737737737738,0.9166666666666666
5,0.7747747747747747,0.9166666666666666
5,0.7757757757757757,0.9166666666666666
5,0.7767767767767768,0.9166666666666666
5,0.7777777777777778,0.9166666666666666
5,0.7787787787787788,0.9166666666666666
5,0.7797797797797797,0.9166666666666666
5,0.7807807807807807,0.9166666666666666
5,0.7817817817817818,0.9166666666666666
5,0.7827827827827828,0.9166666666666666
5,0.7837837837837838,0.9166666666666666
5,0.7847847847847848,0.9166666666666666
5,0.7857857857857857,0.9166666666666666
5,0.7867867867867868,0.9166666666666666
5,0.7877877877877878,0.9166666666666666
5,0.7887887887887888,0.9166666666666666
5,0.7897897897897898,0.9166666666666666
5,0.7907907907907907,0.9166666666666666
5,0.7917917917917918,0.9166666666666666
5,0.7927927927927928,0.9166666666666666
5,0.7937937937937938,0.9166666666666666
5,0.7947947947947948,0.9166666666666666
5,0.7957957957957957,0.9166666666666666
5,0.7967967967967968,0.9166666666666666
5,0.7977977977977978,0.9166666666666666
5,0.7987987987987988,0.9166666666666666
5,0.7997997997997998,0.9166666666666666
5,0.8008008008008007,0.9166666666666666
5,0.8018018018018018,0.9166666666666666
5,0.8028028028028028,0.9166666666666666
5,0.8038038038038038,0.9166666666666666
5,0.8048048048048048,0.9166666666666666
5,0.8058058058058059,0.9166666666666666
5,0.8068068068068068,1.0
5,0.8078078078078078,1.0
5,0.8088088088088088,1.0
5,0.8098098098098098,1.0
5,0.8108108108108109,1.0
5,0.8118118118118118,1.0
5,0.8128128128128128,1.0
5,0.8138138138138138,1.0
5,0.8148148148148148,1.0
5,0.8158158158158159,1.0
5,0.8168168168168168,1.0
5,0.8178178178178178,1.0
5,0.8188188188188188,1.0
5,0.8198198198198198,1.0
5,0.8208208208208209,1.0
5,0.8218218218218218,1.0
5,0.8228228228228228,1.0
5,0.8238238238238238,1.0
5,0.8248248248248248,1.0
5,0.8258258258258259,1.0
5,0.8268268268268268,1.0
5,0.8278278278278278,1.0
5,0.8288288288288288,1.0
5,0.8298298298298298,1.0
5,0.8308308308308309,1.0
5,0.8318318318318318,1.0
5,0.8328328328328328,1.0
5,0.8338338338338338,1.0
5,0.8348348348348348,1.0
5,0.8358358358358359,1.0
5,0.8368368368368369,1.0
5,0.8378378378378378,1.0
5,0.8388388388388388,1.0
5,0.8398398398398398,1.0
5,0.8408408408408409,1.0
5,0.8418418418418419,1.0
5,0.8428428428428428,1.0
5,0.8438438438438438,1.0
5,0.8448448448448448,1.0
5,0.8458458458458459,1.0
5,0.8468468468468469,1.0
5,0.8478478478478478,1.0
5,0.8488488488488488,1.0
5,0.8498498498498498,1.0
5,0.8508508508508509,1.0
5,0.8518518518518519,1.0
5,0.8528528528528528,1.0
5,0.8538538538538538,1.0
5,0.8548548548548548,1.0
5,0.8558558558558559,1.0
5,0.8568568568568569,1.0
5,0.8578578578578578,1.0
5,0.8588588588588588,1.0
5,0.8598598598598598,1.0
5,0.8608608608608609,1.0
5,0.8618618618618619,1.0
5,0.8628628628628628,1.0
5,0.8638638638638638,1.0
5,0.8648648648648649,1.0
5,0.8658658658658659,1.0
5,0.8668668668668669,1.0
5,0.8678678678678678,1.0
5,0.8688688688688688,1.0
5,0.8698698698698699,1.0
5,0.8708708708708709,1.0
5,0.8718718718718719,1.0
5,0.8728728728728729,1.0
5,0.8738738738738738,1.0
5,0.8748748748748749,1.0
5,0.8758758758758759,1.0
5,0.8768768768768769,1.0
5,0.8778778778778779,1.0
5,0.8788788788788788,1.0
5,0.8798798798798799,1.0
5,0.8808808808808809,1.0
5,0.8818818818818819,1.0
5,0.8828828828828829,1.0
5,0.8838838838838838,1.0
5,0.8848848848848849,1.0
5,0.8858858858858859,1.0
5,0.8868868868868869,1.0
5,0.8878878878878879,1.0
5,0.8888888888888888,1.0
5,0.8898898898898899,1.0
5,0.8908908908908909,1.0
5,0.8918918918918919,1.0
5,0.8928928928928929,1.0
5,0.8938938938938938,1.0
5,0.8948948948948949,1.0
5,0.8958958958958959,1.0
5,0.8968968968968969,1.0
5,0.8978978978978979,1.0
5,0.8988988988988988,1.0
5,0.8998998998998999,1.0
5,0.9009009009009009,1.0
5,0.9019019019019019,1.0
5,0.9029029029029029,1.0
5,0.9039039039039038,1.0
5,0.9049049049049049,1.0
5,0.9059059059059059,1.0
5,0.9069069069069069,1.0
5,0.9079079079079079,1.0
5,0.9089089089089089,1.0
5,0.9099099099099099,1.0
5,0.9109109109109109,1.0
5,0.9119119119119119,1.0
5,0.9129129129129129,1.0
5,0.9139139139139139,1.0
5,0.914914914914915,1.0
5,0.9159159159159159,1.0
5,0.9169169169169169,1.0
5,0.9179179179179179,1.0
5,0.9189189189189189,1.0
5,0.91991991991992,1.0
5,0.9209209209209209,1.0
5,0.9219219219219219,1.0
5,0.9229229229229229,1.0
5,0.9239239239239239,1.0
5,0.924924924924925,1.0
5,0.9259259259259259,1.0
5,0.9269269269269269,1.0
5,0.9279279279279279,1.0
5,0.9289289289289289,1.0
5,0.92992992992993,1.0
5,0.9309309309309309,1.0
5,0.9319319319319319,1.0
5,0.9329329329329329,1.0
5,0.933933933933934,1.0
5,0.934934934934935,1.0
5,0.9359359359359359,1.0
5,0.9369369369369369,1.0
5,0.9379379379379379,1.0
5,0.938938938938939,1.0
5,0.93993993993994,1.0
5,0.9409409409409409,1.0
5,0.9419419419419419,1.0
5,0.9429429429429429,1.0
5,0.943943943943944,1.0
5,0.944944944944945,1.0
5,0.9459459459459459,1.0
5,0.9469469469469469,1.0
5,0.9479479479479479,1.0
5,0.948948948948949,1.0
5,0.94994994994995,1.0
5,0.950950950950951,1.0
5,0.9519519519519519,1.0
5,0.9529529529529529,1.0
5,0.953953953953954,1.0
5,0.954954954954955,1.0
5,0.955955955955956,1.0
5,0.9569569569569569,1.0
5,0.9579579579579579,1.0
5,0.958958958958959,1.0
5,0.95995995995996,1.0
5,0.960960960960961,1.0
5,0.9619619619619619,1.0
5,0.9629629629629629,1.0
5,0.963963963963964,1.0
5,0.964964964964965,1.0
5,0.965965965965966,1.0
5,0.9669669669669669,1.0
5,0.9679679679679679,1.0
5,0.968968968968969,1.0
5,0.96996996996997,1.0
5,0.970970970970971,1.0
5,0.9719719719719719,1.0
5,0.9729729729729729,1.0
5,0.973973973973974,1.0
5,0.974974974974975,1.0
5,0.975975975975976,1.0
5,0.9769769769769769,1.0
5,0.9779779779779779,1.0
5,0.978978978978979,1.0
5,0.97997997997998,1.0
5,0.980980980980981,1.0
5,0.9819819819819819,1.0
5,0.9829829829829829,1.0
5,0.983983983983984,1.0
5,0.984984984984985,1.0
5,0.985985985985986,1.0
5,0.986986986986987,1.0
5,0.9879879879879879,1.0
5,0.988988988988989,1.0
5,0.98998998998999,1.0
5,0.990990990990991,1.0
5,0.991991991991992,1.0
5,0.992992992992993,1.0
5,0.993993993993994,1.0
5,0.994994994994995,1.0
5,0.995995995995996,1.0
5,0.996996996996997,1.0
5,0.997997997997998,1.0
5,0.998998998998999,1.0
5,1.0,1.0
