repeat,recall,precision
1,0.0,1.0
1,0.001001001001001001,1.0
1,0.002002002002002002,1.0
1,0.003003003003003003,1.0
1,0.004004004004004004,1.0
1,0.005005005005005005,1.0
1,0.006006006006006006,1.0
1,0.007007007007007007,1.0
1,0.008008008008008008,1.0
1,0.009009009009009009,1.0
1,0.01001001001001001,1.0
1,0.011011011011011011,1.0
1,0.012012012012012012,1.0
1,0.013013013013013013,1.0
1,0.014014014014014014,1.0
1,0.015015015015015015,1.0
1,0.016016016016016016,1.0
1,0.017017017017017015,1.0
1,0.018018018018018018,1.0
1,0.01901901901901902,1.0
1,0.02002002002002002,1.0
1,0.02102102102102102,1.0
1,0.022022022022022022,1.0
1,0.023023023023023025,1.0
1,0.024024024024024024,1.0
1,0.025025025025025023,1.0
1,0.026026026026026026,1.0
1,0.02702702702702703,1.0
1,0.028028028028028028,1.0
1,0.029029029029029027,1.0
1,0.03003003003003003,1.0
1,0.031031031031031032,1.0
1,0.03203203203203203,1.0
1,0.03303303303303303,1.0
1,0.03403403403403403,1.0
1,0.035035035035035036,1.0
1,0.036036036036036036,1.0
1,0.037037037037037035,1.0
1,0.03803803803803804,1.0
1,0.03903903903903904,1.0
1,0.04004004004004004,1.0
1,0.04104104104104104,1.0
1,0.04204204204204204,1.0
1,0.043043043043043044,1.0
1,0.044044044044044044,1.0
1,0.04504504504504504,1.0
1,0.04604604604604605,1.0
1,0.04704704704704705,1.0
1,0.04804804804804805,1.0
1,0.04904904904904905,1.0
1,0.050050050050050046,1.0
1,0.05105105105105105,1.0
1,0.05205205205205205,1.0
1,0.05305305305305305,1.0
1,0.05405405405405406,1.0
1,0.055055055055055056,1.0
1,0.056056056056056056,1.0
1,0.057057057057057055,1.0
1,0.058058058058058054,1.0
1,0.05905905905905906,1.0
1,0.06006006006006006,1.0
1,0.06106106106106106,1.0
1,0.062062062062062065,1.0
1,0.06306306306306306,1.0
1,0.06406406406406406,1.0
1,0.06506506506506507,1.0
1,0.06606606606606606,1.0
1,0.06706706706706707,1.0
1,0.06806806806806806,1.0
1,0.06906906906906907,1.0
1,0.07007007007007007,1.0
1,0.07107107107107107,1.0
1,0.07207207207207207,1.0
1,0.07307307307307308,1.0
1,0.07407407407407407,1.0
1,0.07507507507507508,1.0
1,0.07607607607607608,1.0
1,0.07707707707707707,1.0
1,0.07807807807807808,1.0
1,0.07907907907907907,1.0
1,0.08008008008008008,1.0
1,0.08108108108108109,1.0
1,0.08208208208208208,1.0
1,0.08308308308308308,1.0
1,0.08408408408408408,1.0
1,0.08508508508508508,1.0
1,0.08608608608608609,1.0
1,0.08708708708708708,1.0
1,0.08808808808808809,1.0
1,0.0890890890890891,1.0
1,0.09009009009009009,1.0
1,0.09109109109109109,1.0
1,0.0920920920920921,1.0
1,0.09309309309309309,1.0
1,0.0940940940940941,1.0
1,0.09509509509509509,1.0
1,0.0960960960960961,1.0
1,0.0970970970970971,1.0
1,0.0980980980980981,1.0
1,0.0990990990990991,1.0
1,0.10010010010010009,1.0
1,0.1011011011011011,1.0
1,0.1021021021021021,1.0
1,0.1031031031031031,1.0
1,0.1041041041041041,1.0
1,0.10510510510510511,1.0
1,0.1061061061061061,1.0
1,0.10710710710710711,1.0
1,0.10810810810810811,1.0
1,0.1091091091091091,1.0
1,0.11011011011011011,1.0
1,0.1111111111111111,1.0
1,0.11211211211211211,1.0
1,0.11311311311311312,1.0
1,0.11411411411411411,1.0
1,0.11511511511511512,1.0
1,0.11611611611611611,1.0
1,0.11711711711711711,1.0
1,0.11811811811811812,1.0
1,0.11911911911911911,1.0
1,0.12012012012012012,1.0
1,0.12112112112112113,1.0
1,0.12212212212212212,1.0
1,0.12312312312312312,1.0
1,0.12412412412412413,1.0
1,0.12512512512512514,1.0
1,0.12612612612612611,1.0
1,0.12712712712712712,1.0
1,0.12812812812812813,1.0
1,0.12912912912912913,1.0
1,0.13013013013013014,1.0
1,0.13113113113113112,1.0
1,0.13213213213213212,1.0
1,0.13313313313313313,1.0
1,0.13413413413413414,1.0
1,0.13513513513513514,1.0
1,0.13613613613613612,1.0
1,0.13713713713713713,1.0
1,0.13813813813813813,1.0
1,0.13913913913913914,1.0
1,0.14014014014014015,1.0
1,0.14114114114114115,1.0
1,0.14214214214214213,1.0
1,0.14314314314314314,1.0
1,0.14414414414414414,1.0
1,0.14514514514514515,1.0
1,0.14614614614614616,1.0
1,0.14714714714714713,1.0
1,0.14814814814814814,1.0
1,0.14914914914914915,1.0
1,0.15015015015015015,1.0
1,0.15115115115115116,1.0
1,0.15215215215215216,1.0
1,0.15315315315315314,1.0
1,0.15415415415415415,1.0
1,0.15515515515515516,1.0
1,0.15615615615615616,1.0
1,0.15715715715715717,1.0
1,0.15815815815815815,1.0
1,0.15915915915915915,1.0
1,0.16016016016016016,1.0
1,0.16116116116116116,1.0
1,0.16216216216216217,1.0
1,0.16316316316316315,1.0
1,0.16416416416416416,1.0
1,0.16516516516516516,1.0
1,0.16616616616616617,1.0
1,0.16716716716716717,1.0
1,0.16816816816816815,1.0
1,0.16916916916916916,1.0
1,0.17017017017017017,1.0
1,0.17117117117117117,1.0
1,0.17217217217217218,1.0
1,0.17317317317317318,1.0
1,0.17417417417417416,1.0
1,0.17517517517517517,1.0
1,0.17617617617617617,1.0
1,0.17717717717717718,1.0
1,0.1781781781781782,1.0
1,0.17917917917917917,1.0
1,0.18018018018018017,1.0
1,0.18118118118118118,1.0
1,0.18218218218218218,1.0
1,0.1831831831831832,1.0
1,0.1841841841841842,1.0
1,0.18518518518518517,1.0
1,0.18618618618618618,1.0
1,0.1871871871871872,1.0
1,0.1881881881881882,1.0
1,0.1891891891891892,1.0
1,0.19019019019019018,1.0
1,0.19119119119119118,1.0
1,0.1921921921921922,1.0
1,0.1931931931931932,1.0
1,0.1941941941941942,1.0
1,0.19519519519519518,1.0
1,0.1961961961961962,1.0
1,0.1971971971971972,1.0
1,0.1981981981981982,1.0
1,0.1991991991991992,1.0
1,0.20020020020020018,1.0
1,0.2012012012012012,1.0
1,0.2022022022022022,1.0
1,0.2032032032032032,1.0
1,0.2042042042042042,1.0
1,0.20520520520520522,1.0
1,0.2062062062062062,1.0
1,0.2072072072072072,1.0
1,0.2082082082082082,1.0
1,0.2092092092092092,1.0
1,0.21021021021021022,1.0
1,0.2112112112112112,1.0
1,0.2122122122122122,1.0
1,0.2132132132132132,1.0
1,0.21421421421421422,1.0
1,0.21521521521521522,1.0
1,0.21621621621621623,1.0
1,0.2172172172172172,1.0
1,0.2182182182182182,1.0
1,0.21921921921921922,1.0
1,0.22022022022022023,1.0
1,0.22122122122122123,1.0
1,0.2222222222222222,1.0
1,0.22322322322322322,1.0
1,0.22422422422422422,1.0
1,0.22522522522522523,1.0
1,0.22622622622622623,1.0
1,0.2272272272272272,1.0
1,0.22822822822822822,1.0
1,0.22922922922922923,1.0
1,0.23023023023023023,1.0
1,0.23123123123123124,1.0
1,0.23223223223223222,1.0
1,0.23323323323323322,1.0
1,0.23423423423423423,1.0
1,0.23523523523523523,1.0
1,0.23623623623623624,1.0
1,0.23723723723723725,1.0
1,0.23823823823823823,1.0
1,0.23923923923923923,1.0
1,0.24024024024024024,1.0
1,0.24124124124124124,1.0
1,0.24224224224224225,1.0
1,0.24324324324324323,1.0
1,0.24424424424424424,1.0
1,0.24524524524524524,1.0
1,0.24624624624624625,1.0
1,0.24724724724724725,1.0
1,0.24824824824824826,1.0
1,0.24924924924924924,1.0
1,0.2502502502502503,0.7501501501501502
1,0.25125125125125125,0.7507507507507507
1,0.25225225225225223,0.7513513513513513
1,0.25325325325325326,0.751951951951952
1,0.25425425425425424,0.7525525525525526
1,0.2552552552552553,0.7531531531531531
1,0.25625625625625625,0.7537537537537538
1,0.25725725725725723,0.7543543543543544
1,0.25825825825825827,0.754954954954955
1,0.25925925925925924,0.7555555555555555
1,0.2602602602602603,0.7561561561561562
1,0.26126126126126126,0.7567567567567568
1,0.26226226226226224,0.7573573573573573
1,0.26326326326326327,0.757957957957958
1,0.26426426426426425,0.7585585585585586
1,0.2652652652652653,0.7591591591591592
1,0.26626626626626626,0.7597597597597597
1,0.26726726726726724,0.7603603603603604
1,0.2682682682682683,0.760960960960961
1,0.26926926926926925,0.7615615615615615
1,0.2702702702702703,0.7621621621621621
1,0.27127127127127126,0.7627627627627628
1,0.27227227227227224,0.7633633633633634
1,0.2732732732732733,0.7639639639639639
1,0.27427427427427425,0.7645645645645646
1,0.2752752752752753,0.7651651651651652
1,0.27627627627627627,0.7657657657657658
1,0.2772772772772773,0.7663663663663663
1,0.2782782782782783,0.766966966966967
1,0.27927927927927926,0.7675675675675676
1,0.2802802802802803,0.7681681681681682
1,0.28128128128128127,0.7687687687687688
1,0.2822822822822823,0.7693693693693694
1,0.2832832832832833,0.76996996996997
1,0.28428428428428426,0.7705705705705705
1,0.2852852852852853,0.7711711711711712
1,0.2862862862862863,0.7717717717717718
1,0.2872872872872873,0.7723723723723724
1,0.2882882882882883,0.772972972972973
1,0.28928928928928926,0.7735735735735736
1,0.2902902902902903,0.7741741741741742
1,0.2912912912912913,0.7747747747747747
1,0.2922922922922923,0.7753753753753754
1,0.2932932932932933,0.775975975975976
1,0.29429429429429427,0.7765765765765766
1,0.2952952952952953,0.7771771771771772
1,0.2962962962962963,0.7777777777777778
1,0.2972972972972973,0.7783783783783784
1,0.2982982982982983,0.778978978978979
1,0.29929929929929927,0.7795795795795796
1,0.3003003003003003,0.7801801801801802
1,0.3013013013013013,0.7807807807807808
1,0.3023023023023023,0.7813813813813815
1,0.3033033033033033,0.781981981981982
1,0.30430430430430433,0.7825825825825826
1,0.3053053053053053,0.7831831831831833
1,0.3063063063063063,0.7837837837837838
1,0.3073073073073073,0.7843843843843844
1,0.3083083083083083,0.784984984984985
1,0.30930930930930933,0.7855855855855857
1,0.3103103103103103,0.7861861861861862
1,0.3113113113113113,0.7867867867867868
1,0.3123123123123123,0.7873873873873874
1,0.3133133133133133,0.787987987987988
1,0.31431431431431434,0.7885885885885886
1,0.3153153153153153,0.7891891891891892
1,0.3163163163163163,0.7897897897897899
1,0.3173173173173173,0.7903903903903904
1,0.3183183183183183,0.790990990990991
1,0.31931931931931934,0.7915915915915916
1,0.3203203203203203,0.7921921921921923
1,0.3213213213213213,0.7927927927927928
1,0.32232232232232233,0.7933933933933934
1,0.3233233233233233,0.7939939939939941
1,0.32432432432432434,0.7945945945945947
1,0.3253253253253253,0.7951951951951952
1,0.3263263263263263,0.7957957957957958
1,0.32732732732732733,0.7963963963963965
1,0.3283283283283283,0.796996996996997
1,0.32932932932932935,0.7975975975975976
1,0.3303303303303303,0.7981981981981983
1,0.3313313313313313,0.7987987987987988
1,0.33233233233233234,0.7993993993993994
1,0.3333333333333333,0.8
1,0.33433433433433435,0.8004004004004005
1,0.3353353353353353,0.8008008008008008
1,0.3363363363363363,0.8012012012012012
1,0.33733733733733734,0.8016016016016017
1,0.3383383383383383,0.802002002002002
1,0.33933933933933935,0.8024024024024025
1,0.34034034034034033,0.8028028028028028
1,0.34134134134134136,0.8032032032032033
1,0.34234234234234234,0.8036036036036036
1,0.3433433433433433,0.8040040040040041
1,0.34434434434434436,0.8044044044044044
1,0.34534534534534533,0.8048048048048049
1,0.34634634634634637,0.8052052052052052
1,0.34734734734734735,0.8056056056056057
1,0.3483483483483483,0.806006006006006
1,0.34934934934934936,0.8064064064064065
1,0.35035035035035034,0.8068068068068068
1,0.35135135135135137,0.8072072072072073
1,0.35235235235235235,0.8076076076076076
1,0.3533533533533533,0.8080080080080081
1,0.35435435435435436,0.8084084084084084
1,0.35535535535535534,0.8088088088088089
1,0.3563563563563564,0.8092092092092092
1,0.35735735735735735,0.8096096096096097
1,0.35835835835835833,0.81001001001001
1,0.35935935935935936,0.8104104104104105
1,0.36036036036036034,0.8108108108108109
1,0.3613613613613614,0.8112112112112113
1,0.36236236236236236,0.8116116116116117
1,0.36336336336336333,0.812012012012012
1,0.36436436436436437,0.8124124124124125
1,0.36536536536536535,0.8128128128128128
1,0.3663663663663664,0.8132132132132133
1,0.36736736736736736,0.8136136136136136
1,0.3683683683683684,0.8140140140140141
1,0.36936936936936937,0.8144144144144144
1,0.37037037037037035,0.8148148148148149
1,0.3713713713713714,0.8152152152152152
1,0.37237237237237236,0.8156156156156157
1,0.3733733733733734,0.816016016016016
1,0.3743743743743744,0.8164164164164165
1,0.37537537537537535,0.8168168168168168
1,0.3763763763763764,0.8172172172172173
1,0.37737737737737737,0.8176176176176176
1,0.3783783783783784,0.8180180180180181
1,0.3793793793793794,0.8184184184184184
1,0.38038038038038036,0.8188188188188188
1,0.3813813813813814,0.8192192192192193
1,0.38238238238238237,0.8196196196196197
1,0.3833833833833834,0.8200200200200201
1,0.3843843843843844,0.8204204204204204
1,0.38538538538538536,0.8208208208208209
1,0.3863863863863864,0.8212212212212212
1,0.38738738738738737,0.8216216216216217
1,0.3883883883883884,0.822022022022022
1,0.3893893893893894,0.8224224224224225
1,0.39039039039039036,0.8228228228228228
1,0.3913913913913914,0.8232232232232233
1,0.3923923923923924,0.8236236236236236
1,0.3933933933933934,0.8240240240240241
1,0.3943943943943944,0.8244244244244244
1,0.39539539539539537,0.8248248248248249
1,0.3963963963963964,0.8252252252252252
1,0.3973973973973974,0.8256256256256257
1,0.3983983983983984,0.826026026026026
1,0.3993993993993994,0.8264264264264265
1,0.40040040040040037,0.8268268268268268
1,0.4014014014014014,0.8272272272272273
1,0.4024024024024024,0.8276276276276276
1,0.4034034034034034,0.8280280280280281
1,0.4044044044044044,0.8284284284284285
1,0.40540540540540543,0.8288288288288289
1,0.4064064064064064,0.8292292292292293
1,0.4074074074074074,0.8296296296296296
1,0.4084084084084084,0.8300300300300301
1,0.4094094094094094,0.8304304304304304
1,0.41041041041041043,0.8308308308308309
1,0.4114114114114114,0.8312312312312312
1,0.4124124124124124,0.8316316316316317
1,0.4134134134134134,0.832032032032032
1,0.4144144144144144,0.8324324324324325
1,0.41541541541541543,0.8328328328328328
1,0.4164164164164164,0.8332332332332333
1,0.4174174174174174,0.6253753753753754
1,0.4184184184184184,0.6258758758758759
1,0.4194194194194194,0.6263763763763763
1,0.42042042042042044,0.6268768768768769
1,0.4214214214214214,0.6273773773773773
1,0.4224224224224224,0.6278778778778779
1,0.42342342342342343,0.6283783783783784
1,0.4244244244244244,0.6288788788788788
1,0.42542542542542544,0.6293793793793794
1,0.4264264264264264,0.6298798798798798
1,0.4274274274274274,0.6303803803803804
1,0.42842842842842843,0.6308808808808809
1,0.4294294294294294,0.6313813813813813
1,0.43043043043043044,0.6318818818818819
1,0.4314314314314314,0.6323823823823823
1,0.43243243243243246,0.6328828828828829
1,0.43343343343343343,0.6333833833833834
1,0.4344344344344344,0.6338838838838838
1,0.43543543543543545,0.6343843843843844
1,0.4364364364364364,0.6348848848848848
1,0.43743743743743746,0.6353853853853854
1,0.43843843843843844,0.6358858858858859
1,0.4394394394394394,0.6363863863863863
1,0.44044044044044045,0.6368868868868869
1,0.44144144144144143,0.6373873873873873
1,0.44244244244244246,0.6378878878878879
1,0.44344344344344344,0.6383883883883884
1,0.4444444444444444,0.6388888888888888
1,0.44544544544544545,0.6393893893893894
1,0.44644644644644643,0.6398898898898898
1,0.44744744744744747,0.6403903903903904
1,0.44844844844844844,0.6408908908908909
1,0.4494494494494494,0.6413913913913913
1,0.45045045045045046,0.6418918918918919
1,0.45145145145145144,0.6423923923923923
1,0.45245245245245247,0.6428928928928929
1,0.45345345345345345,0.6433933933933934
1,0.4544544544544544,0.6438938938938938
1,0.45545545545545546,0.6443943943943944
1,0.45645645645645644,0.6448948948948948
1,0.4574574574574575,0.6453953953953954
1,0.45845845845845845,0.6458958958958959
1,0.45945945945945943,0.6463963963963963
1,0.46046046046046046,0.6468968968968969
1,0.46146146146146144,0.6473973973973973
1,0.4624624624624625,0.6478978978978979
1,0.46346346346346345,0.6483983983983984
1,0.46446446446446443,0.6488988988988988
1,0.46546546546546547,0.6493993993993994
1,0.46646646646646645,0.6498998998998998
1,0.4674674674674675,0.6504004004004004
1,0.46846846846846846,0.6509009009009009
1,0.4694694694694695,0.6514014014014013
1,0.47047047047047047,0.6519019019019019
1,0.47147147147147145,0.6524024024024023
1,0.4724724724724725,0.6529029029029029
1,0.47347347347347346,0.6534034034034034
1,0.4744744744744745,0.6539039039039038
1,0.4754754754754755,0.6544044044044044
1,0.47647647647647645,0.6549049049049048
1,0.4774774774774775,0.6554054054054054
1,0.47847847847847846,0.6559059059059059
1,0.4794794794794795,0.6564064064064064
1,0.4804804804804805,0.6569069069069069
1,0.48148148148148145,0.6574074074074073
1,0.4824824824824825,0.6579079079079079
1,0.48348348348348347,0.6584084084084084
1,0.4844844844844845,0.6589089089089089
1,0.4854854854854855,0.6594094094094094
1,0.48648648648648646,0.6599099099099098
1,0.4874874874874875,0.6604104104104104
1,0.48848848848848847,0.6609109109109109
1,0.4894894894894895,0.6614114114114114
1,0.4904904904904905,0.6619119119119119
1,0.49149149149149146,0.6624124124124123
1,0.4924924924924925,0.6629129129129129
1,0.4934934934934935,0.6634134134134133
1,0.4944944944944945,0.6639139139139139
1,0.4954954954954955,0.6644144144144144
1,0.4964964964964965,0.664914914914915
1,0.4974974974974975,0.6654154154154154
1,0.4984984984984985,0.6659159159159158
1,0.4994994994994995,0.6664164164164164
1,0.5005005005005005,0.5456820456820457
1,0.5015015015015015,0.5461370461370461
1,0.5025025025025025,0.5465920465920465
1,0.5035035035035035,0.547047047047047
1,0.5045045045045045,0.5475020475020475
1,0.5055055055055055,0.5479570479570479
1,0.5065065065065065,0.5484120484120484
1,0.5075075075075075,0.5488670488670488
1,0.5085085085085085,0.5493220493220493
1,0.5095095095095095,0.5497770497770498
1,0.5105105105105106,0.5502320502320502
1,0.5115115115115115,0.5506870506870507
1,0.5125125125125125,0.5511420511420511
1,0.5135135135135135,0.5515970515970515
1,0.5145145145145145,0.552052052052052
1,0.5155155155155156,0.5525070525070525
1,0.5165165165165165,0.5529620529620529
1,0.5175175175175175,0.5534170534170534
1,0.5185185185185185,0.5538720538720538
1,0.5195195195195195,0.5543270543270543
1,0.5205205205205206,0.5547820547820548
1,0.5215215215215215,0.5552370552370552
1,0.5225225225225225,0.5556920556920557
1,0.5235235235235235,0.5561470561470561
1,0.5245245245245245,0.5566020566020565
1,0.5255255255255256,0.5570570570570571
1,0.5265265265265265,0.5575120575120575
1,0.5275275275275275,0.5579670579670579
1,0.5285285285285285,0.5584220584220584
1,0.5295295295295295,0.5588770588770589
1,0.5305305305305306,0.5593320593320593
1,0.5315315315315315,0.5597870597870598
1,0.5325325325325325,0.5602420602420602
1,0.5335335335335335,0.5606970606970607
1,0.5345345345345345,0.5611520611520611
1,0.5355355355355356,0.5616070616070616
1,0.5365365365365365,0.562062062062062
1,0.5375375375375375,0.5625170625170625
1,0.5385385385385385,0.5629720629720629
1,0.5395395395395395,0.5634270634270634
1,0.5405405405405406,0.5638820638820639
1,0.5415415415415415,0.5643370643370643
1,0.5425425425425425,0.5647920647920648
1,0.5435435435435435,0.5652470652470653
1,0.5445445445445445,0.5657020657020657
1,0.5455455455455456,0.5661570661570662
1,0.5465465465465466,0.5666120666120666
1,0.5475475475475475,0.567067067067067
1,0.5485485485485485,0.5675220675220675
1,0.5495495495495496,0.567977067977068
1,0.5505505505505506,0.5684320684320684
1,0.5515515515515516,0.5688870688870689
1,0.5525525525525525,0.5693420693420693
1,0.5535535535535535,0.5697970697970698
1,0.5545545545545546,0.5702520702520703
1,0.5555555555555556,0.5707070707070707
1,0.5565565565565566,0.5711620711620712
1,0.5575575575575575,0.5716170716170716
1,0.5585585585585585,0.572072072072072
1,0.5595595595595596,0.5725270725270726
1,0.5605605605605606,0.572982072982073
1,0.5615615615615616,0.5734370734370734
1,0.5625625625625625,0.5738920738920739
1,0.5635635635635635,0.5743470743470743
1,0.5645645645645646,0.5748020748020748
1,0.5655655655655656,0.5752570752570753
1,0.5665665665665666,0.5757120757120757
1,0.5675675675675675,0.5761670761670762
1,0.5685685685685685,0.5766220766220767
1,0.5695695695695696,0.5770770770770771
1,0.5705705705705706,0.5775320775320776
1,0.5715715715715716,0.577987077987078
1,0.5725725725725725,0.5784420784420784
1,0.5735735735735735,0.5788970788970789
1,0.5745745745745746,0.5793520793520794
1,0.5755755755755756,0.5798070798070798
1,0.5765765765765766,0.5802620802620803
1,0.5775775775775776,0.5807170807170807
1,0.5785785785785785,0.5811720811720812
1,0.5795795795795796,0.5816270816270817
1,0.5805805805805806,0.5820820820820821
1,0.5815815815815816,0.5825370825370826
1,0.5825825825825826,0.5829920829920829
1,0.5835835835835835,0.5001001001001001
1,0.5845845845845846,0.5005005005005005
1,0.5855855855855856,0.5009009009009009
1,0.5865865865865866,0.5013013013013012
1,0.5875875875875876,0.5017017017017017
1,0.5885885885885885,0.502102102102102
1,0.5895895895895896,0.5025025025025025
1,0.5905905905905906,0.5029029029029028
1,0.5915915915915916,0.5033033033033033
1,0.5925925925925926,0.5037037037037037
1,0.5935935935935935,0.5041041041041041
1,0.5945945945945946,0.5045045045045045
1,0.5955955955955956,0.5049049049049049
1,0.5965965965965966,0.5053053053053053
1,0.5975975975975976,0.5057057057057057
1,0.5985985985985985,0.5061061061061061
1,0.5995995995995996,0.5065065065065065
1,0.6006006006006006,0.5069069069069069
1,0.6016016016016016,0.5073073073073073
1,0.6026026026026026,0.5077077077077077
1,0.6036036036036035,0.508108108108108
1,0.6046046046046046,0.5085085085085085
1,0.6056056056056056,0.5089089089089089
1,0.6066066066066066,0.5093093093093093
1,0.6076076076076076,0.5097097097097096
1,0.6086086086086087,0.5101101101101101
1,0.6096096096096096,0.5105105105105106
1,0.6106106106106106,0.5109109109109109
1,0.6116116116116116,0.5113113113113112
1,0.6126126126126126,0.5117117117117117
1,0.6136136136136137,0.5121121121121122
1,0.6146146146146146,0.5125125125125125
1,0.6156156156156156,0.5129129129129129
1,0.6166166166166166,0.5133133133133133
1,0.6176176176176176,0.5137137137137137
1,0.6186186186186187,0.5141141141141141
1,0.6196196196196196,0.5145145145145145
1,0.6206206206206206,0.5149149149149149
1,0.6216216216216216,0.5153153153153153
1,0.6226226226226226,0.5157157157157157
1,0.6236236236236237,0.5161161161161161
1,0.6246246246246246,0.5165165165165165
1,0.6256256256256256,0.5169169169169169
1,0.6266266266266266,0.5173173173173173
1,0.6276276276276276,0.5177177177177177
1,0.6286286286286287,0.5181181181181181
1,0.6296296296296297,0.5185185185185185
1,0.6306306306306306,0.518918918918919
1,0.6316316316316316,0.5193193193193193
1,0.6326326326326326,0.5197197197197196
1,0.6336336336336337,0.5201201201201201
1,0.6346346346346347,0.5205205205205206
1,0.6356356356356356,0.5209209209209209
1,0.6366366366366366,0.5213213213213214
1,0.6376376376376376,0.5217217217217217
1,0.6386386386386387,0.5221221221221222
1,0.6396396396396397,0.5225225225225225
1,0.6406406406406406,0.522922922922923
1,0.6416416416416416,0.5233233233233233
1,0.6426426426426426,0.5237237237237237
1,0.6436436436436437,0.5241241241241241
1,0.6446446446446447,0.5245245245245246
1,0.6456456456456456,0.5249249249249249
1,0.6466466466466466,0.5253253253253253
1,0.6476476476476476,0.5257257257257257
1,0.6486486486486487,0.5261261261261262
1,0.6496496496496497,0.5265265265265265
1,0.6506506506506506,0.5269269269269269
1,0.6516516516516516,0.5273273273273273
1,0.6526526526526526,0.5277277277277277
1,0.6536536536536537,0.5281281281281281
1,0.6546546546546547,0.5285285285285285
1,0.6556556556556556,0.528928928928929
1,0.6566566566566566,0.5293293293293293
1,0.6576576576576576,0.5297297297297298
1,0.6586586586586587,0.5301301301301301
1,0.6596596596596597,0.5305305305305306
1,0.6606606606606606,0.5309309309309309
1,0.6616616616616616,0.5313313313313314
1,0.6626626626626626,0.5317317317317317
1,0.6636636636636637,0.5321321321321322
1,0.6646646646646647,0.5325325325325325
1,0.6656656656656657,0.532932932932933
1,0.6666666666666666,0.5333333333333333
1,0.6676676676676676,0.5336836836836837
1,0.6686686686686687,0.534034034034034
1,0.6696696696696697,0.5343843843843844
1,0.6706706706706707,0.5347347347347348
1,0.6716716716716716,0.5350850850850851
1,0.6726726726726726,0.5354354354354354
1,0.6736736736736737,0.5357857857857858
1,0.6746746746746747,0.5361361361361361
1,0.6756756756756757,0.5364864864864864
1,0.6766766766766766,0.5368368368368368
1,0.6776776776776777,0.5371871871871872
1,0.6786786786786787,0.5375375375375375
1,0.6796796796796797,0.5378878878878879
1,0.6806806806806807,0.5382382382382382
1,0.6816816816816816,0.5385885885885886
1,0.6826826826826827,0.538938938938939
1,0.6836836836836837,0.5392892892892893
1,0.6846846846846847,0.5396396396396397
1,0.6856856856856857,0.53998998998999
1,0.6866866866866866,0.5403403403403403
1,0.6876876876876877,0.5406906906906908
1,0.6886886886886887,0.541041041041041
1,0.6896896896896897,0.5413913913913914
1,0.6906906906906907,0.5417417417417417
1,0.6916916916916916,0.5420920920920921
1,0.6926926926926927,0.5424424424424424
1,0.6936936936936937,0.5427927927927928
1,0.6946946946946947,0.5431431431431432
1,0.6956956956956957,0.5434934934934935
1,0.6966966966966966,0.5438438438438439
1,0.6976976976976977,0.5441941941941942
1,0.6986986986986987,0.5445445445445446
1,0.6996996996996997,0.5448948948948948
1,0.7007007007007007,0.5452452452452452
1,0.7017017017017017,0.5455955955955956
1,0.7027027027027027,0.5459459459459459
1,0.7037037037037037,0.5462962962962963
1,0.7047047047047047,0.5466466466466466
1,0.7057057057057057,0.546996996996997
1,0.7067067067067067,0.5473473473473474
1,0.7077077077077077,0.5476976976976977
1,0.7087087087087087,0.5480480480480481
1,0.7097097097097097,0.5483983983983984
1,0.7107107107107107,0.5487487487487488
1,0.7117117117117117,0.549099099099099
1,0.7127127127127127,0.5494494494494495
1,0.7137137137137137,0.5497997997997998
1,0.7147147147147147,0.5501501501501501
1,0.7157157157157157,0.5505005005005005
1,0.7167167167167167,0.5508508508508508
1,0.7177177177177178,0.5512012012012012
1,0.7187187187187187,0.5515515515515516
1,0.7197197197197197,0.5519019019019019
1,0.7207207207207207,0.5522522522522523
1,0.7217217217217217,0.5526026026026026
1,0.7227227227227228,0.552952952952953
1,0.7237237237237237,0.5533033033033034
1,0.7247247247247247,0.5536536536536536
1,0.7257257257257257,0.554004004004004
1,0.7267267267267267,0.5543543543543543
1,0.7277277277277278,0.5547047047047047
1,0.7287287287287287,0.555055055055055
1,0.7297297297297297,0.5554054054054054
1,0.7307307307307307,0.5557557557557558
1,0.7317317317317317,0.5561061061061061
1,0.7327327327327328,0.5564564564564565
1,0.7337337337337337,0.5568068068068068
1,0.7347347347347347,0.5571571571571572
1,0.7357357357357357,0.5575075075075075
1,0.7367367367367368,0.5578578578578579
1,0.7377377377377378,0.5582082082082083
1,0.7387387387387387,0.5585585585585585
1,0.7397397397397397,0.5589089089089089
1,0.7407407407407407,0.5592592592592592
1,0.7417417417417418,0.5596096096096096
1,0.7427427427427428,0.55995995995996
1,0.7437437437437437,0.5603103103103103
1,0.7447447447447447,0.5606606606606607
1,0.7457457457457457,0.561011011011011
1,0.7467467467467468,0.5613613613613614
1,0.7477477477477478,0.5617117117117117
1,0.7487487487487487,0.5620620620620621
1,0.7497497497497497,0.5624124124124124
1,0.7507507507507507,0.42880542880542877
1,0.7517517517517518,0.4291174291174291
1,0.7527527527527528,0.4294294294294294
1,0.7537537537537538,0.4297414297414297
1,0.7547547547547547,0.43005343005343
1,0.7557557557557557,0.43036543036543035
1,0.7567567567567568,0.43067743067743064
1,0.7577577577577578,0.430989430989431
1,0.7587587587587588,0.4313014313014313
1,0.7597597597597597,0.4316134316134316
1,0.7607607607607607,0.43192543192543187
1,0.7617617617617618,0.4322374322374322
1,0.7627627627627628,0.4325494325494325
1,0.7637637637637638,0.43286143286143286
1,0.7647647647647647,0.43317343317343315
1,0.7657657657657657,0.43348543348543345
1,0.7667667667667668,0.4337974337974338
1,0.7677677677677678,0.4341094341094341
1,0.7687687687687688,0.4344214344214344
1,0.7697697697697697,0.4347334347334347
1,0.7707707707707707,0.435045435045435
1,0.7717717717717718,0.4353574353574353
1,0.7727727727727728,0.43566943566943567
1,0.7737737737737738,0.43598143598143596
1,0.7747747747747747,0.43629343629343625
1,0.7757757757757757,0.43660543660543655
1,0.7767767767767768,0.4369174369174369
1,0.7777777777777778,0.4372294372294372
1,0.7787787787787788,0.43754143754143754
1,0.7797797797797797,0.43785343785343783
1,0.7807807807807807,0.4381654381654381
1,0.7817817817817818,0.4384774384774385
1,0.7827827827827828,0.43878943878943877
1,0.7837837837837838,0.43910143910143906
1,0.7847847847847848,0.43941343941343936
1,0.7857857857857857,0.4397254397254397
1,0.7867867867867868,0.44003744003744
1,0.7877877877877878,0.44034944034944035
1,0.7887887887887888,0.44066144066144064
1,0.7897897897897898,0.44097344097344093
1,0.7907907907907907,0.4412854412854412
1,0.7917917917917918,0.4415974415974416
1,0.7927927927927928,0.44190944190944187
1,0.7937937937937938,0.4422214422214422
1,0.7947947947947948,0.4425334425334425
1,0.7957957957957957,0.4428454428454428
1,0.7967967967967968,0.44315744315744315
1,0.7977977977977978,0.44346944346944345
1,0.7987987987987988,0.44378144378144374
1,0.7997997997997998,0.44409344409344403
1,0.8008008008008007,0.4444054444054444
1,0.8018018018018018,0.4447174447174447
1,0.8028028028028028,0.445029445029445
1,0.8038038038038038,0.4453414453414453
1,0.8048048048048048,0.4456534456534456
1,0.8058058058058059,0.44596544596544596
1,0.8068068068068068,0.44627744627744625
1,0.8078078078078078,0.44658944658944655
1,0.8088088088088088,0.44690144690144684
1,0.8098098098098098,0.4472134472134472
1,0.8108108108108109,0.44752544752544754
1,0.8118118118118118,0.44783744783744783
1,0.8128128128128128,0.4481494481494481
1,0.8138138138138138,0.4484614484614484
1,0.8148148148148148,0.4487734487734487
1,0.8158158158158159,0.44908544908544906
1,0.8168168168168168,0.44939744939744936
1,0.8178178178178178,0.4497094497094497
1,0.8188188188188188,0.45002145002145
1,0.8198198198198198,0.4503334503334503
1,0.8208208208208209,0.45064545064545064
1,0.8218218218218218,0.45095745095745093
1,0.8228228228228228,0.4512694512694512
1,0.8238238238238238,0.4515814515814516
1,0.8248248248248248,0.45189345189345187
1,0.8258258258258259,0.4522054522054522
1,0.8268268268268268,0.4525174525174525
1,0.8278278278278278,0.4528294528294528
1,0.8288288288288288,0.4531414531414531
1,0.8298298298298298,0.4534534534534534
1,0.8308308308308309,0.45376545376545374
1,0.8318318318318318,0.45407745407745403
1,0.8328328328328328,0.4543894543894544
1,0.8338338338338338,0.45468788947049815
1,0.8348348348348348,0.45497275932058534
1,0.8358358358358359,0.45525762917067264
1,0.8368368368368369,0.4555424990207599
1,0.8378378378378378,0.4558273688708471
1,0.8388388388388388,0.4561122387209343
1,0.8398398398398398,0.45639710857102156
1,0.8408408408408409,0.45668197842110886
1,0.8418418418418419,0.4569668482711961
1,0.8428428428428428,0.4572517181212833
1,0.8438438438438438,0.45753658797137053
1,0.8448448448448448,0.4578214578214578
1,0.8458458458458459,0.4581063276715451
1,0.8468468468468469,0.45839119752163227
1,0.8478478478478478,0.4586760673717195
1,0.8488488488488488,0.45896093722180675
1,0.8498498498498498,0.459245807071894
1,0.8508508508508509,0.45953067692198124
1,0.8518518518518519,0.4598155467720685
1,0.8528528528528528,0.46010041662215573
1,0.8538538538538538,0.46038528647224297
1,0.8548548548548548,0.4606701563223302
1,0.8558558558558559,0.46095502617241746
1,0.8568568568568569,0.4612398960225047
1,0.8578578578578578,0.46152476587259195
1,0.8588588588588588,0.4618096357226792
1,0.8598598598598598,0.46209450557276643
1,0.8608608608608609,0.4623793754228537
1,0.8618618618618619,0.4626642452729409
1,0.8628628628628628,0.46294911512302817
1,0.8638638638638638,0.4632339849731154
1,0.8648648648648649,0.46351885482320265
1,0.8658658658658659,0.4638037246732899
1,0.8668668668668669,0.46408859452337714
1,0.8678678678678678,0.4643734643734644
1,0.8688688688688688,0.46465833422355163
1,0.8698698698698699,0.46494320407363887
1,0.8708708708708709,0.4652280739237261
1,0.8718718718718719,0.46551294377381336
1,0.8728728728728729,0.46579781362390055
1,0.8738738738738738,0.4660826834739878
1,0.8748748748748749,0.4663675533240751
1,0.8758758758758759,0.46665242317416233
1,0.8768768768768769,0.4669372930242495
1,0.8778778778778779,0.46722216287433677
1,0.8788788788788788,0.467507032724424
1,0.8798798798798799,0.4677919025745113
1,0.8808808808808809,0.4680767724245985
1,0.8818818818818819,0.46836164227468574
1,0.8828828828828829,0.468646512124773
1,0.8838838838838838,0.46893138197486023
1,0.8848848848848849,0.4692162518249475
1,0.8858858858858859,0.4695011216750347
1,0.8868868868868869,0.46978599152512196
1,0.8878878878878879,0.4700708613752092
1,0.8888888888888888,0.47035573122529645
1,0.8898898898898899,0.4706406010753837
1,0.8908908908908909,0.47092547092547093
1,0.8918918918918919,0.4712103407755582
1,0.8928928928928929,0.4714952106256454
1,0.8938938938938938,0.47178008047573267
1,0.8948948948948949,0.4720649503258199
1,0.8958958958958959,0.47234982017590715
1,0.8968968968968969,0.4726346900259944
1,0.8978978978978979,0.47291955987608164
1,0.8988988988988988,0.47320442972616883
1,0.8998998998998999,0.47348929957625613
1,0.9009009009009009,0.4737741694263434
1,0.9019019019019019,0.4740590392764306
1,0.9029029029029029,0.4743439091265178
1,0.9039039039039038,0.47462877897660505
1,0.9049049049049049,0.47491364882669235
1,0.9059059059059059,0.4751985186767796
1,0.9069069069069069,0.4754833885268668
1,0.9079079079079079,0.475768258376954
1,0.9089089089089089,0.47605312822704127
1,0.9099099099099099,0.47633799807712857
1,0.9109109109109109,0.47662286792721575
1,0.9119119119119119,0.476907737777303
1,0.9129129129129129,0.47719260762739024
1,0.9139139139139139,0.4774774774774775
1,0.914914914914915,0.47776234732756473
1,0.9159159159159159,0.478047217177652
1,0.9169169169169169,0.36672801834092156
1,0.9179179179179179,0.3669734250379411
1,0.9189189189189189,0.3672188317349607
1,0.91991991991992,0.36746423843198034
1,0.9209209209209209,0.36770964512899995
1,0.9219219219219219,0.36795505182601956
1,0.9229229229229229,0.3682004585230391
1,0.9239239239239239,0.36844586522005873
1,0.924924924924925,0.36869127191707834
1,0.9259259259259259,0.36893667861409796
1,0.9269269269269269,0.36918208531111757
1,0.9279279279279279,0.3694274920081371
1,0.9289289289289289,0.36967289870515674
1,0.92992992992993,0.36991830540217635
1,0.9309309309309309,0.37016371209919596
1,0.9319319319319319,0.3704091187962156
1,0.9329329329329329,0.37065452549323513
1,0.933933933933934,0.37089993219025474
1,0.934934934934935,0.37114533888727436
1,0.9359359359359359,0.37139074558429397
1,0.9369369369369369,0.3716361522813135
1,0.9379379379379379,0.37188155897833314
1,0.938938938938939,0.37212696567535275
1,0.93993993993994,0.37237237237237236
1,0.9409409409409409,0.372617779069392
1,0.9419419419419419,0.37286318576641153
1,0.9429429429429429,0.37310859246343114
1,0.943943943943944,0.37335399916045076
1,0.944944944944945,0.37359940585747037
1,0.9459459459459459,0.37384481255449
1,0.9469469469469469,0.37409021925150954
1,0.9479479479479479,0.37433562594852915
1,0.948948948948949,0.37458103264554876
1,0.94994994994995,0.3748264393425684
1,0.950950950950951,0.375071846039588
1,0.9519519519519519,0.37531725273660754
1,0.9529529529529529,0.37556265943362716
1,0.953953953953954,0.37580806613064677
1,0.954954954954955,0.3760534728276664
1,0.955955955955956,0.37629887952468594
1,0.9569569569569569,0.37654428622170555
1,0.9579579579579579,0.37678969291872516
1,0.958958958958959,0.3770350996157448
1,0.95995995995996,0.3772805063127644
1,0.960960960960961,0.37752591300978394
1,0.9619619619619619,0.37777131970680355
1,0.9629629629629629,0.37801672640382317
1,0.963963963963964,0.3782621331008428
1,0.964964964964965,0.3785075397978624
1,0.965965965965966,0.37875294649488195
1,0.9669669669669669,0.37899835319190156
1,0.9679679679679679,0.3792437598889212
1,0.968968968968969,0.3794891665859408
1,0.96996996996997,0.37973457328296034
1,0.970970970970971,0.37997997997997995
1,0.9719719719719719,0.38022538667699957
1,0.9729729729729729,0.3804707933740192
1,0.973973973973974,0.3807162000710388
1,0.974974974974975,0.38096160676805835
1,0.975975975975976,0.38120701346507796
1,0.9769769769769769,0.38145242016209757
1,0.9779779779779779,0.38169782685911713
1,0.978978978978979,0.3819432335561368
1,0.97997997997998,0.38218864025315635
1,0.980980980980981,0.38243404695017597
1,0.9819819819819819,0.3826794536471956
1,0.9829829829829829,0.38292486034421513
1,0.983983983983984,0.3831702670412348
1,0.984984984984985,0.38341567373825436
1,0.985985985985986,0.38366108043527397
1,0.986986986986987,0.3839064871322936
1,0.9879879879879879,0.38415189382931314
1,0.988988988988989,0.3843973005263328
1,0.98998998998999,0.38464270722335236
1,0.990990990990991,0.384888113920372
1,0.991991991991992,0.3851335206173916
1,0.992992992992993,0.3853789273144112
1,0.993993993993994,0.38562433401143076
1,0.994994994994995,0.38586974070845037
1,0.995995995995996,0.38611514740547
1,0.996996996996997,0.38636055410248954
1,0.997997997997998,0.3866059607995092
1,0.998998998998999,0.38685136749652876
1,1.0,0.27906976744186046
2,0.0,0.0
2,0.001001001001001001,0.006006006006006006
2,0.002002002002002002,0.012012012012012012
2,0.003003003003003003,0.018018018018018018
2,0.004004004004004004,0.024024024024024024
2,0.005005005005005005,0.03003003003003003
2,0.006006006006006006,0.036036036036036036
2,0.007007007007007007,0.04204204204204204
2,0.008008008008008008,0.04804804804804805
2,0.009009009009009009,0.05405405405405406
2,0.01001001001001001,0.06006006006006006
2,0.011011011011011011,0.06606606606606606
2,0.012012012012012012,0.07207207207207207
2,0.013013013013013013,0.07807807807807808
2,0.014014014014014014,0.08408408408408408
2,0.015015015015015015,0.09009009009009009
2,0.016016016016016016,0.0960960960960961
2,0.017017017017017015,0.10210210210210209
2,0.018018018018018018,0.10810810810810811
2,0.01901901901901902,0.11411411411411412
2,0.02002002002002002,0.12012012012012012
2,0.02102102102102102,0.12612612612612611
2,0.022022022022022022,0.13213213213213212
2,0.023023023023023025,0.13813813813813813
2,0.024024024024024024,0.14414414414414414
2,0.025025025025025023,0.15015015015015015
2,0.026026026026026026,0.15615615615615616
2,0.02702702702702703,0.16216216216216217
2,0.028028028028028028,0.16816816816816815
2,0.029029029029029027,0.17417417417417416
2,0.03003003003003003,0.18018018018018017
2,0.031031031031031032,0.1861861861861862
2,0.03203203203203203,0.1921921921921922
2,0.03303303303303303,0.19819819819819817
2,0.03403403403403403,0.20420420420420418
2,0.035035035035035036,0.21021021021021022
2,0.036036036036036036,0.21621621621621623
2,0.037037037037037035,0.2222222222222222
2,0.03803803803803804,0.22822822822822825
2,0.03903903903903904,0.23423423423423423
2,0.04004004004004004,0.24024024024024024
2,0.04104104104104104,0.24624624624624625
2,0.04204204204204204,0.25225225225225223
2,0.043043043043043044,0.25825825825825827
2,0.044044044044044044,0.26426426426426425
2,0.04504504504504504,0.2702702702702703
2,0.04604604604604605,0.27627627627627627
2,0.04704704704704705,0.2822822822822823
2,0.04804804804804805,0.2882882882882883
2,0.04904904904904905,0.29429429429429427
2,0.050050050050050046,0.3003003003003003
2,0.05105105105105105,0.3063063063063063
2,0.05205205205205205,0.3123123123123123
2,0.05305305305305305,0.3183183183183183
2,0.05405405405405406,0.32432432432432434
2,0.055055055055055056,0.3303303303303303
2,0.056056056056056056,0.3363363363363363
2,0.057057057057057055,0.34234234234234234
2,0.058058058058058054,0.3483483483483483
2,0.05905905905905906,0.35435435435435436
2,0.06006006006006006,0.36036036036036034
2,0.06106106106106106,0.3663663663663663
2,0.062062062062062065,0.3723723723723724
2,0.06306306306306306,0.37837837837837834
2,0.06406406406406406,0.3843843843843844
2,0.06506506506506507,0.3903903903903904
2,0.06606606606606606,0.39639639639639634
2,0.06706706706706707,0.40240240240240244
2,0.06806806806806806,0.40840840840840836
2,0.06906906906906907,0.4144144144144144
2,0.07007007007007007,0.42042042042042044
2,0.07107107107107107,0.42642642642642636
2,0.07207207207207207,0.43243243243243246
2,0.07307307307307308,0.43843843843843844
2,0.07407407407407407,0.4444444444444444
2,0.07507507507507508,0.45045045045045046
2,0.07607607607607608,0.4564564564564565
2,0.07707707707707707,0.4624624624624625
2,0.07807807807807808,0.46846846846846846
2,0.07907907907907907,0.47447447447447444
2,0.08008008008008008,0.4804804804804805
2,0.08108108108108109,0.4864864864864865
2,0.08208208208208208,0.4924924924924925
2,0.08308308308308308,0.4984984984984985
2,0.08408408408408408,0.5015015015015015
2,0.08508508508508508,0.5035035035035035
2,0.08608608608608609,0.5055055055055055
2,0.08708708708708708,0.5075075075075075
2,0.08808808808808809,0.5095095095095095
2,0.0890890890890891,0.5115115115115115
2,0.09009009009009009,0.5135135135135135
2,0.09109109109109109,0.5155155155155156
2,0.0920920920920921,0.5175175175175175
2,0.09309309309309309,0.5195195195195195
2,0.0940940940940941,0.5215215215215215
2,0.09509509509509509,0.5235235235235235
2,0.0960960960960961,0.5255255255255256
2,0.0970970970970971,0.5275275275275275
2,0.0980980980980981,0.5295295295295295
2,0.0990990990990991,0.5315315315315315
2,0.10010010010010009,0.5335335335335335
2,0.1011011011011011,0.5355355355355356
2,0.1021021021021021,0.5375375375375375
2,0.1031031031031031,0.5395395395395395
2,0.1041041041041041,0.5415415415415415
2,0.10510510510510511,0.5435435435435435
2,0.1061061061061061,0.5455455455455456
2,0.10710710710710711,0.5475475475475475
2,0.10810810810810811,0.5495495495495496
2,0.1091091091091091,0.5515515515515516
2,0.11011011011011011,0.5535535535535535
2,0.1111111111111111,0.5555555555555556
2,0.11211211211211211,0.5575575575575575
2,0.11311311311311312,0.5595595595595596
2,0.11411411411411411,0.5615615615615616
2,0.11511511511511512,0.5635635635635635
2,0.11611611611611611,0.5655655655655656
2,0.11711711711711711,0.5675675675675675
2,0.11811811811811812,0.5695695695695696
2,0.11911911911911911,0.5715715715715716
2,0.12012012012012012,0.5735735735735735
2,0.12112112112112113,0.5755755755755756
2,0.12212212212212212,0.5775775775775776
2,0.12312312312312312,0.5795795795795796
2,0.12412412412412413,0.5815815815815816
2,0.12512512512512514,0.5835835835835836
2,0.12612612612612611,0.5855855855855856
2,0.12712712712712712,0.5875875875875876
2,0.12812812812812813,0.5895895895895896
2,0.12912912912912913,0.5915915915915916
2,0.13013013013013014,0.5935935935935936
2,0.13113113113113112,0.5955955955955956
2,0.13213213213213212,0.5975975975975976
2,0.13313313313313313,0.5995995995995995
2,0.13413413413413414,0.6016016016016016
2,0.13513513513513514,0.6036036036036037
2,0.13613613613613612,0.6056056056056056
2,0.13713713713713713,0.6076076076076076
2,0.13813813813813813,0.6096096096096095
2,0.13913913913913914,0.6116116116116116
2,0.14014014014014015,0.6136136136136137
2,0.14114114114114115,0.6156156156156156
2,0.14214214214214213,0.6176176176176176
2,0.14314314314314314,0.6196196196196195
2,0.14414414414414414,0.6216216216216216
2,0.14514514514514515,0.6236236236236237
2,0.14614614614614616,0.6256256256256256
2,0.14714714714714713,0.6276276276276276
2,0.14814814814814814,0.6296296296296295
2,0.14914914914914915,0.6316316316316316
2,0.15015015015015015,0.6336336336336337
2,0.15115115115115116,0.6356356356356356
2,0.15215215215215216,0.6376376376376376
2,0.15315315315315314,0.6396396396396395
2,0.15415415415415415,0.6416416416416416
2,0.15515515515515516,0.6436436436436437
2,0.15615615615615616,0.6456456456456456
2,0.15715715715715717,0.6476476476476476
2,0.15815815815815815,0.6496496496496496
2,0.15915915915915915,0.6516516516516516
2,0.16016016016016016,0.6536536536536537
2,0.16116116116116116,0.6556556556556556
2,0.16216216216216217,0.6576576576576576
2,0.16316316316316315,0.6596596596596596
2,0.16416416416416416,0.6616616616616616
2,0.16516516516516516,0.6636636636636637
2,0.16616616616616617,0.6656656656656657
2,0.16716716716716717,0.6671671671671672
2,0.16816816816816815,0.6681681681681682
2,0.16916916916916916,0.6691691691691691
2,0.17017017017017017,0.6701701701701701
2,0.17117117117117117,0.6711711711711712
2,0.17217217217217218,0.6721721721721722
2,0.17317317317317318,0.6731731731731732
2,0.17417417417417416,0.6741741741741741
2,0.17517517517517517,0.6751751751751751
2,0.17617617617617617,0.6761761761761762
2,0.17717717717717718,0.6771771771771772
2,0.1781781781781782,0.6781781781781782
2,0.17917917917917917,0.6791791791791791
2,0.18018018018018017,0.6801801801801801
2,0.18118118118118118,0.6811811811811812
2,0.18218218218218218,0.6821821821821822
2,0.1831831831831832,0.6831831831831832
2,0.1841841841841842,0.6841841841841841
2,0.18518518518518517,0.6851851851851851
2,0.18618618618618618,0.6861861861861862
2,0.1871871871871872,0.6871871871871872
2,0.1881881881881882,0.6881881881881882
2,0.1891891891891892,0.6891891891891891
2,0.19019019019019018,0.6901901901901901
2,0.19119119119119118,0.6911911911911912
2,0.1921921921921922,0.6921921921921922
2,0.1931931931931932,0.6931931931931932
2,0.1941941941941942,0.6941941941941941
2,0.19519519519519518,0.6951951951951951
2,0.1961961961961962,0.6961961961961962
2,0.1971971971971972,0.6971971971971972
2,0.1981981981981982,0.6981981981981982
2,0.1991991991991992,0.6991991991991992
2,0.20020020020020018,0.7002002002002001
2,0.2012012012012012,0.7012012012012012
2,0.2022022022022022,0.7022022022022022
2,0.2032032032032032,0.7032032032032032
2,0.2042042042042042,0.7042042042042042
2,0.20520520520520522,0.7052052052052052
2,0.2062062062062062,0.7062062062062062
2,0.2072072072072072,0.7072072072072072
2,0.2082082082082082,0.7082082082082082
2,0.2092092092092092,0.7092092092092092
2,0.21021021021021022,0.7102102102102102
2,0.2112112112112112,0.7112112112112112
2,0.2122122122122122,0.7122122122122122
2,0.2132132132132132,0.7132132132132132
2,0.21421421421421422,0.7142142142142142
2,0.21521521521521522,0.7152152152152152
2,0.21621621621621623,0.7162162162162162
2,0.2172172172172172,0.7172172172172172
2,0.2182182182182182,0.7182182182182182
2,0.21921921921921922,0.7192192192192192
2,0.22022022022022023,0.7202202202202203
2,0.22122122122122123,0.7212212212212212
2,0.2222222222222222,0.7222222222222222
2,0.22322322322322322,0.7232232232232232
2,0.22422422422422422,0.7242242242242242
2,0.22522522522522523,0.7252252252252253
2,0.22622622622622623,0.7262262262262262
2,0.2272272272272272,0.7272272272272272
2,0.22822822822822822,0.7282282282282282
2,0.22922922922922923,0.7292292292292292
2,0.23023023023023023,0.7302302302302303
2,0.23123123123123124,0.7312312312312312
2,0.23223223223223222,0.7322322322322322
2,0.23323323323323322,0.7332332332332332
2,0.23423423423423423,0.7342342342342342
2,0.23523523523523523,0.7352352352352353
2,0.23623623623623624,0.7362362362362362
2,0.23723723723723725,0.7372372372372372
2,0.23823823823823823,0.7382382382382382
2,0.23923923923923923,0.7392392392392392
2,0.24024024024024024,0.7402402402402403
2,0.24124124124124124,0.7412412412412412
2,0.24224224224224225,0.7422422422422422
2,0.24324324324324323,0.7432432432432432
2,0.24424424424424424,0.7442442442442442
2,0.24524524524524524,0.7452452452452453
2,0.24624624624624625,0.7462462462462462
2,0.24724724724724725,0.7472472472472472
2,0.24824824824824826,0.7482482482482482
2,0.24924924924924924,0.7492492492492492
2,0.2502502502502503,0.7501501501501502
2,0.25125125125125125,0.7507507507507507
2,0.25225225225225223,0.7513513513513513
2,0.25325325325325326,0.751951951951952
2,0.25425425425425424,0.7525525525525526
2,0.2552552552552553,0.7531531531531531
2,0.25625625625625625,0.7537537537537538
2,0.25725725725725723,0.7543543543543544
2,0.25825825825825827,0.754954954954955
2,0.25925925925925924,0.7555555555555555
2,0.2602602602602603,0.7561561561561562
2,0.26126126126126126,0.7567567567567568
2,0.26226226226226224,0.7573573573573573
2,0.26326326326326327,0.757957957957958
2,0.26426426426426425,0.7585585585585586
2,0.2652652652652653,0.7591591591591592
2,0.26626626626626626,0.7597597597597597
2,0.26726726726726724,0.7603603603603604
2,0.2682682682682683,0.760960960960961
2,0.26926926926926925,0.7615615615615615
2,0.2702702702702703,0.7621621621621621
2,0.27127127127127126,0.7627627627627628
2,0.27227227227227224,0.7633633633633634
2,0.2732732732732733,0.7639639639639639
2,0.27427427427427425,0.7645645645645646
2,0.2752752752752753,0.7651651651651652
2,0.27627627627627627,0.7657657657657658
2,0.2772772772772773,0.7663663663663663
2,0.2782782782782783,0.766966966966967
2,0.27927927927927926,0.7675675675675676
2,0.2802802802802803,0.7681681681681682
2,0.28128128128128127,0.7687687687687688
2,0.2822822822822823,0.7693693693693694
2,0.2832832832832833,0.76996996996997
2,0.28428428428428426,0.7705705705705705
2,0.2852852852852853,0.7711711711711712
2,0.2862862862862863,0.7717717717717718
2,0.2872872872872873,0.7723723723723724
2,0.2882882882882883,0.772972972972973
2,0.28928928928928926,0.7735735735735736
2,0.2902902902902903,0.7741741741741742
2,0.2912912912912913,0.7747747747747747
2,0.2922922922922923,0.7753753753753754
2,0.2932932932932933,0.775975975975976
2,0.29429429429429427,0.7765765765765766
2,0.2952952952952953,0.7771771771771772
2,0.2962962962962963,0.7777777777777778
2,0.2972972972972973,0.7783783783783784
2,0.2982982982982983,0.778978978978979
2,0.29929929929929927,0.7795795795795796
2,0.3003003003003003,0.7801801801801802
2,0.3013013013013013,0.7807807807807808
2,0.3023023023023023,0.7813813813813815
2,0.3033033033033033,0.781981981981982
2,0.30430430430430433,0.7825825825825826
2,0.3053053053053053,0.7831831831831833
2,0.3063063063063063,0.7837837837837838
2,0.3073073073073073,0.7843843843843844
2,0.3083083083083083,0.784984984984985
2,0.30930930930930933,0.7855855855855857
2,0.3103103103103103,0.7861861861861862
2,0.3113113113113113,0.7867867867867868
2,0.3123123123123123,0.7873873873873874
2,0.3133133133133133,0.787987987987988
2,0.31431431431431434,0.7885885885885886
2,0.3153153153153153,0.7891891891891892
2,0.3163163163163163,0.7897897897897899
2,0.3173173173173173,0.7903903903903904
2,0.3183183183183183,0.790990990990991
2,0.31931931931931934,0.7915915915915916
2,0.3203203203203203,0.7921921921921923
2,0.3213213213213213,0.7927927927927928
2,0.32232232232232233,0.7933933933933934
2,0.3233233233233233,0.7939939939939941
2,0.32432432432432434,0.7945945945945947
2,0.3253253253253253,0.7951951951951952
2,0.3263263263263263,0.7957957957957958
2,0.32732732732732733,0.7963963963963965
2,0.3283283283283283,0.796996996996997
2,0.32932932932932935,0.7975975975975976
2,0.3303303303303303,0.7981981981981983
2,0.3313313313313313,0.7987987987987988
2,0.33233233233233234,0.7993993993993994
2,0.3333333333333333,0.8
2,0.33433433433433435,0.8004004004004005
2,0.3353353353353353,0.8008008008008008
2,0.3363363363363363,0.8012012012012012
2,0.33733733733733734,0.8016016016016017
2,0.3383383383383383,0.802002002002002
2,0.33933933933933935,0.8024024024024025
2,0.34034034034034033,0.8028028028028028
2,0.34134134134134136,0.8032032032032033
2,0.34234234234234234,0.8036036036036036
2,0.3433433433433433,0.8040040040040041
2,0.34434434434434436,0.8044044044044044
2,0.34534534534534533,0.8048048048048049
2,0.34634634634634637,0.8052052052052052
2,0.34734734734734735,0.8056056056056057
2,0.3483483483483483,0.806006006006006
2,0.34934934934934936,0.8064064064064065
2,0.35035035035035034,0.8068068068068068
2,0.35135135135135137,0.8072072072072073
2,0.35235235235235235,0.8076076076076076
2,0.3533533533533533,0.8080080080080081
2,0.35435435435435436,0.8084084084084084
2,0.35535535535535534,0.8088088088088089
2,0.3563563563563564,0.8092092092092092
2,0.35735735735735735,0.8096096096096097
2,0.35835835835835833,0.81001001001001
2,0.35935935935935936,0.8104104104104105
2,0.36036036036036034,0.8108108108108109
2,0.3613613613613614,0.8112112112112113
2,0.36236236236236236,0.8116116116116117
2,0.36336336336336333,0.812012012012012
2,0.36436436436436437,0.8124124124124125
2,0.36536536536536535,0.8128128128128128
2,0.3663663663663664,0.8132132132132133
2,0.36736736736736736,0.8136136136136136
2,0.3683683683683684,0.8140140140140141
2,0.36936936936936937,0.8144144144144144
2,0.37037037037037035,0.8148148148148149
2,0.3713713713713714,0.8152152152152152
2,0.37237237237237236,0.8156156156156157
2,0.3733733733733734,0.816016016016016
2,0.3743743743743744,0.8164164164164165
2,0.37537537537537535,0.8168168168168168
2,0.3763763763763764,0.8172172172172173
2,0.37737737737737737,0.8176176176176176
2,0.3783783783783784,0.8180180180180181
2,0.3793793793793794,0.8184184184184184
2,0.38038038038038036,0.8188188188188188
2,0.3813813813813814,0.8192192192192193
2,0.38238238238238237,0.8196196196196197
2,0.3833833833833834,0.8200200200200201
2,0.3843843843843844,0.8204204204204204
2,0.38538538538538536,0.8208208208208209
2,0.3863863863863864,0.8212212212212212
2,0.38738738738738737,0.8216216216216217
2,0.3883883883883884,0.822022022022022
2,0.3893893893893894,0.8224224224224225
2,0.39039039039039036,0.8228228228228228
2,0.3913913913913914,0.8232232232232233
2,0.3923923923923924,0.8236236236236236
2,0.3933933933933934,0.8240240240240241
2,0.3943943943943944,0.8244244244244244
2,0.39539539539539537,0.8248248248248249
2,0.3963963963963964,0.8252252252252252
2,0.3973973973973974,0.8256256256256257
2,0.3983983983983984,0.826026026026026
2,0.3993993993993994,0.8264264264264265
2,0.40040040040040037,0.8268268268268268
2,0.4014014014014014,0.8272272272272273
2,0.4024024024024024,0.8276276276276276
2,0.4034034034034034,0.8280280280280281
2,0.4044044044044044,0.8284284284284285
2,0.40540540540540543,0.8288288288288289
2,0.4064064064064064,0.8292292292292293
2,0.4074074074074074,0.8296296296296296
2,0.4084084084084084,0.8300300300300301
2,0.4094094094094094,0.8304304304304304
2,0.41041041041041043,0.8308308308308309
2,0.4114114114114114,0.8312312312312312
2,0.4124124124124124,0.8316316316316317
2,0.4134134134134134,0.832032032032032
2,0.4144144144144144,0.8324324324324325
2,0.41541541541541543,0.8328328328328328
2,0.4164164164164164,0.8332332332332333
2,0.4174174174174174,0.5004095004095004
2,0.4184184184184184,0.5009555009555009
2,0.4194194194194194,0.5015015015015015
2,0.42042042042042044,0.502047502047502
2,0.4214214214214214,0.5025935025935026
2,0.4224224224224224,0.5031395031395031
2,0.42342342342342343,0.5036855036855037
2,0.4244244244244244,0.5042315042315042
2,0.42542542542542544,0.5047775047775048
2,0.4264264264264264,0.5053235053235053
2,0.4274274274274274,0.5058695058695059
2,0.42842842842842843,0.5064155064155064
2,0.4294294294294294,0.506961506961507
2,0.43043043043043044,0.5075075075075075
2,0.4314314314314314,0.508053508053508
2,0.43243243243243246,0.5085995085995086
2,0.43343343343343343,0.5091455091455092
2,0.4344344344344344,0.5096915096915097
2,0.43543543543543545,0.5102375102375102
2,0.4364364364364364,0.5107835107835108
2,0.43743743743743746,0.5113295113295113
2,0.43843843843843844,0.5118755118755118
2,0.4394394394394394,0.5124215124215123
2,0.44044044044044045,0.512967512967513
2,0.44144144144144143,0.5135135135135135
2,0.44244244244244246,0.514059514059514
2,0.44344344344344344,0.5146055146055146
2,0.4444444444444444,0.5151515151515151
2,0.44544544544544545,0.5156975156975157
2,0.44644644644644643,0.5162435162435162
2,0.44744744744744747,0.5167895167895168
2,0.44844844844844844,0.5173355173355173
2,0.4494494494494494,0.5178815178815178
2,0.45045045045045046,0.5184275184275184
2,0.45145145145145144,0.518973518973519
2,0.45245245245245247,0.5195195195195195
2,0.45345345345345345,0.52006552006552
2,0.4544544544544544,0.5206115206115206
2,0.45545545545545546,0.5211575211575211
2,0.45645645645645644,0.5217035217035216
2,0.4574574574574575,0.5222495222495223
2,0.45845845845845845,0.5227955227955228
2,0.45945945945945943,0.5233415233415233
2,0.46046046046046046,0.5238875238875239
2,0.46146146146146144,0.5244335244335244
2,0.4624624624624625,0.5249795249795249
2,0.46346346346346345,0.5255255255255254
2,0.46446446446446443,0.5260715260715261
2,0.46546546546546547,0.5266175266175266
2,0.46646646646646645,0.5271635271635271
2,0.4674674674674675,0.5277095277095277
2,0.46846846846846846,0.5282555282555282
2,0.4694694694694695,0.5288015288015288
2,0.47047047047047047,0.5293475293475293
2,0.47147147147147145,0.5298935298935299
2,0.4724724724724725,0.5304395304395304
2,0.47347347347347346,0.5309855309855309
2,0.4744744744744745,0.5315315315315315
2,0.4754754754754755,0.5320775320775321
2,0.47647647647647645,0.5326235326235326
2,0.4774774774774775,0.5331695331695332
2,0.47847847847847846,0.5337155337155337
2,0.4794794794794795,0.5342615342615342
2,0.4804804804804805,0.5348075348075347
2,0.48148148148148145,0.5353535353535352
2,0.4824824824824825,0.5358995358995359
2,0.48348348348348347,0.5364455364455364
2,0.4844844844844845,0.536991536991537
2,0.4854854854854855,0.5375375375375375
2,0.48648648648648646,0.538083538083538
2,0.4874874874874875,0.5386295386295386
2,0.48848848848848847,0.5391755391755392
2,0.4894894894894895,0.5397215397215397
2,0.4904904904904905,0.5402675402675402
2,0.49149149149149146,0.5408135408135407
2,0.4924924924924925,0.5413595413595413
2,0.4934934934934935,0.5419055419055419
2,0.4944944944944945,0.5424515424515424
2,0.4954954954954955,0.542997542997543
2,0.4964964964964965,0.5435435435435435
2,0.4974974974974975,0.544089544089544
2,0.4984984984984985,0.5446355446355445
2,0.4994994994994995,0.5451815451815452
2,0.5005005005005005,0.5456820456820457
2,0.5015015015015015,0.5461370461370461
2,0.5025025025025025,0.5465920465920465
2,0.5035035035035035,0.547047047047047
2,0.5045045045045045,0.5475020475020475
2,0.5055055055055055,0.5479570479570479
2,0.5065065065065065,0.5484120484120484
2,0.5075075075075075,0.5488670488670488
2,0.5085085085085085,0.5493220493220493
2,0.5095095095095095,0.5497770497770498
2,0.5105105105105106,0.5502320502320502
2,0.5115115115115115,0.5506870506870507
2,0.5125125125125125,0.5511420511420511
2,0.5135135135135135,0.5515970515970515
2,0.5145145145145145,0.552052052052052
2,0.5155155155155156,0.5525070525070525
2,0.5165165165165165,0.5529620529620529
2,0.5175175175175175,0.5534170534170534
2,0.5185185185185185,0.5538720538720538
2,0.5195195195195195,0.5543270543270543
2,0.5205205205205206,0.5547820547820548
2,0.5215215215215215,0.5552370552370552
2,0.5225225225225225,0.5556920556920557
2,0.5235235235235235,0.5561470561470561
2,0.5245245245245245,0.5566020566020565
2,0.5255255255255256,0.5570570570570571
2,0.5265265265265265,0.5575120575120575
2,0.5275275275275275,0.5579670579670579
2,0.5285285285285285,0.5584220584220584
2,0.5295295295295295,0.5588770588770589
2,0.5305305305305306,0.5593320593320593
2,0.5315315315315315,0.5597870597870598
2,0.5325325325325325,0.5602420602420602
2,0.5335335335335335,0.5606970606970607
2,0.5345345345345345,0.5611520611520611
2,0.5355355355355356,0.5616070616070616
2,0.5365365365365365,0.562062062062062
2,0.5375375375375375,0.5625170625170625
2,0.5385385385385385,0.5629720629720629
2,0.5395395395395395,0.5634270634270634
2,0.5405405405405406,0.5638820638820639
2,0.5415415415415415,0.5643370643370643
2,0.5425425425425425,0.5647920647920648
2,0.5435435435435435,0.5652470652470653
2,0.5445445445445445,0.5657020657020657
2,0.5455455455455456,0.5661570661570662
2,0.5465465465465466,0.5666120666120666
2,0.5475475475475475,0.567067067067067
2,0.5485485485485485,0.5675220675220675
2,0.5495495495495496,0.567977067977068
2,0.5505505505505506,0.5684320684320684
2,0.5515515515515516,0.5688870688870689
2,0.5525525525525525,0.5693420693420693
2,0.5535535535535535,0.5697970697970698
2,0.5545545545545546,0.5702520702520703
2,0.5555555555555556,0.5707070707070707
2,0.5565565565565566,0.5711620711620712
2,0.5575575575575575,0.5716170716170716
2,0.5585585585585585,0.572072072072072
2,0.5595595595595596,0.5725270725270726
2,0.5605605605605606,0.572982072982073
2,0.5615615615615616,0.5734370734370734
2,0.5625625625625625,0.5738920738920739
2,0.5635635635635635,0.5743470743470743
2,0.5645645645645646,0.5748020748020748
2,0.5655655655655656,0.5752570752570753
2,0.5665665665665666,0.5757120757120757
2,0.5675675675675675,0.5761670761670762
2,0.5685685685685685,0.5766220766220767
2,0.5695695695695696,0.5770770770770771
2,0.5705705705705706,0.5775320775320776
2,0.5715715715715716,0.577987077987078
2,0.5725725725725725,0.5784420784420784
2,0.5735735735735735,0.5788970788970789
2,0.5745745745745746,0.5793520793520794
2,0.5755755755755756,0.5798070798070798
2,0.5765765765765766,0.5802620802620803
2,0.5775775775775776,0.5807170807170807
2,0.5785785785785785,0.5811720811720812
2,0.5795795795795796,0.5816270816270817
2,0.5805805805805806,0.5820820820820821
2,0.5815815815815816,0.5825370825370826
2,0.5825825825825826,0.5829920829920829
2,0.5835835835835835,0.46676676676676676
2,0.5845845845845846,0.46716716716716716
2,0.5855855855855856,0.46756756756756757
2,0.5865865865865866,0.46796796796796797
2,0.5875875875875876,0.46836836836836837
2,0.5885885885885885,0.4687687687687687
2,0.5895895895895896,0.4691691691691692
2,0.5905905905905906,0.4695695695695696
2,0.5915915915915916,0.46996996996997
2,0.5925925925925926,0.4703703703703703
2,0.5935935935935935,0.47077077077077073
2,0.5945945945945946,0.4711711711711712
2,0.5955955955955956,0.4715715715715716
2,0.5965965965965966,0.47197197197197194
2,0.5975975975975976,0.47237237237237234
2,0.5985985985985985,0.47277277277277274
2,0.5995995995995996,0.4731731731731732
2,0.6006006006006006,0.47357357357357355
2,0.6016016016016016,0.47397397397397395
2,0.6026026026026026,0.47437437437437435
2,0.6036036036036035,0.47477477477477475
2,0.6046046046046046,0.47517517517517516
2,0.6056056056056056,0.47557557557557556
2,0.6066066066066066,0.47597597597597596
2,0.6076076076076076,0.47637637637637636
2,0.6086086086086087,0.47677677677677677
2,0.6096096096096096,0.47717717717717717
2,0.6106106106106106,0.47757757757757757
2,0.6116116116116116,0.477977977977978
2,0.6126126126126126,0.4783783783783784
2,0.6136136136136137,0.4787787787787788
2,0.6146146146146146,0.4791791791791792
2,0.6156156156156156,0.4795795795795796
2,0.6166166166166166,0.47997997997998
2,0.6176176176176176,0.4803803803803804
2,0.6186186186186187,0.4807807807807808
2,0.6196196196196196,0.4811811811811812
2,0.6206206206206206,0.4815815815815816
2,0.6216216216216216,0.481981981981982
2,0.6226226226226226,0.48238238238238235
2,0.6236236236236237,0.4827827827827828
2,0.6246246246246246,0.4831831831831832
2,0.6256256256256256,0.4835835835835836
2,0.6266266266266266,0.48398398398398396
2,0.6276276276276276,0.48438438438438436
2,0.6286286286286287,0.4847847847847848
2,0.6296296296296297,0.4851851851851852
2,0.6306306306306306,0.48558558558558557
2,0.6316316316316316,0.48598598598598597
2,0.6326326326326326,0.48638638638638637
2,0.6336336336336337,0.48678678678678683
2,0.6346346346346347,0.4871871871871872
2,0.6356356356356356,0.4875875875875876
2,0.6366366366366366,0.487987987987988
2,0.6376376376376376,0.4883883883883884
2,0.6386386386386387,0.4887887887887888
2,0.6396396396396397,0.4891891891891892
2,0.6406406406406406,0.4895895895895896
2,0.6416416416416416,0.48998998998999
2,0.6426426426426426,0.4903903903903904
2,0.6436436436436437,0.4907907907907908
2,0.6446446446446447,0.4911911911911912
2,0.6456456456456456,0.4915915915915916
2,0.6466466466466466,0.491991991991992
2,0.6476476476476476,0.4923923923923924
2,0.6486486486486487,0.4927927927927928
2,0.6496496496496497,0.4931931931931932
2,0.6506506506506506,0.4935935935935936
2,0.6516516516516516,0.493993993993994
2,0.6526526526526526,0.49439439439439437
2,0.6536536536536537,0.4947947947947948
2,0.6546546546546547,0.4951951951951952
2,0.6556556556556556,0.49559559559559563
2,0.6566566566566566,0.495995995995996
2,0.6576576576576576,0.4963963963963964
2,0.6586586586586587,0.49679679679679684
2,0.6596596596596597,0.49719719719719724
2,0.6606606606606606,0.4975975975975976
2,0.6616616616616616,0.497997997997998
2,0.6626626626626626,0.4983983983983984
2,0.6636636636636637,0.49879879879879885
2,0.6646646646646647,0.4991991991991992
2,0.6656656656656657,0.4995995995995996
2,0.6666666666666666,0.5
2,0.6676676676676676,0.5003532944709416
2,0.6686686686686687,0.5007065889418831
2,0.6696696696696697,0.5010598834128246
2,0.6706706706706707,0.5014131778837662
2,0.6716716716716716,0.5017664723547076
2,0.6726726726726726,0.5021197668256492
2,0.6736736736736737,0.5024730612965908
2,0.6746746746746747,0.5028263557675322
2,0.6756756756756757,0.5031796502384738
2,0.6766766766766766,0.5035329447094153
2,0.6776776776776777,0.5038862391803569
2,0.6786786786786787,0.5042395336512984
2,0.6796796796796797,0.5045928281222399
2,0.6806806806806807,0.5049461225931814
2,0.6816816816816816,0.505299417064123
2,0.6826826826826827,0.5056527115350645
2,0.6836836836836837,0.506006006006006
2,0.6846846846846847,0.5063593004769475
2,0.6856856856856857,0.5067125949478891
2,0.6866866866866866,0.5070658894188306
2,0.6876876876876877,0.5074191838897721
2,0.6886886886886887,0.5077724783607137
2,0.6896896896896897,0.5081257728316552
2,0.6906906906906907,0.5084790673025967
2,0.6916916916916916,0.5088323617735382
2,0.6926926926926927,0.5091856562444798
2,0.6936936936936937,0.5095389507154213
2,0.6946946946946947,0.5098922451863629
2,0.6956956956956957,0.5102455396573043
2,0.6966966966966966,0.5105988341282459
2,0.6976976976976977,0.5109521285991875
2,0.6986986986986987,0.5113054230701289
2,0.6996996996996997,0.5116587175410705
2,0.7007007007007007,0.512012012012012
2,0.7017017017017017,0.5123653064829535
2,0.7027027027027027,0.5127186009538951
2,0.7037037037037037,0.5130718954248367
2,0.7047047047047047,0.5134251898957781
2,0.7057057057057057,0.5137784843667197
2,0.7067067067067067,0.5141317788376611
2,0.7077077077077077,0.5144850733086027
2,0.7087087087087087,0.5148383677795443
2,0.7097097097097097,0.5151916622504857
2,0.7107107107107107,0.5155449567214273
2,0.7117117117117117,0.5158982511923689
2,0.7127127127127127,0.5162515456633104
2,0.7137137137137137,0.5166048401342519
2,0.7147147147147147,0.5169581346051935
2,0.7157157157157157,0.5173114290761349
2,0.7167167167167167,0.5176647235470765
2,0.7177177177177178,0.5180180180180181
2,0.7187187187187187,0.5183713124889595
2,0.7197197197197197,0.5187246069599011
2,0.7207207207207207,0.5190779014308426
2,0.7217217217217217,0.5194311959017841
2,0.7227227227227228,0.5197844903727257
2,0.7237237237237237,0.5201377848436672
2,0.7247247247247247,0.5204910793146087
2,0.7257257257257257,0.5208443737855503
2,0.7267267267267267,0.5211976682564917
2,0.7277277277277278,0.5215509627274333
2,0.7287287287287287,0.5219042571983749
2,0.7297297297297297,0.5222575516693164
2,0.7307307307307307,0.5226108461402579
2,0.7317317317317317,0.5229641406111994
2,0.7327327327327328,0.523317435082141
2,0.7337337337337337,0.5236707295530825
2,0.7347347347347347,0.524024024024024
2,0.7357357357357357,0.5243773184949655
2,0.7367367367367368,0.5247306129659071
2,0.7377377377377378,0.5250839074368486
2,0.7387387387387387,0.5254372019077902
2,0.7397397397397397,0.5257904963787317
2,0.7407407407407407,0.5261437908496732
2,0.7417417417417418,0.5264970853206148
2,0.7427427427427428,0.5268503797915562
2,0.7437437437437437,0.5272036742624978
2,0.7447447447447447,0.5275569687334393
2,0.7457457457457457,0.5279102632043808
2,0.7467467467467468,0.5282635576753224
2,0.7477477477477478,0.528616852146264
2,0.7487487487487487,0.5289701466172054
2,0.7497497497497497,0.529323441088147
2,0.7507507507507507,0.5296472943531767
2,0.7517517517517518,0.5299613338829026
2,0.7527527527527528,0.5302753734126283
2,0.7537537537537538,0.5305894129423542
2,0.7547547547547547,0.5309034524720799
2,0.7557557557557557,0.5312174920018057
2,0.7567567567567568,0.5315315315315315
2,0.7577577577577578,0.5318455710612573
2,0.7587587587587588,0.5321596105909832
2,0.7597597597597597,0.5324736501207089
2,0.7607607607607607,0.5327876896504348
2,0.7617617617617618,0.5331017291801605
2,0.7627627627627628,0.5334157687098864
2,0.7637637637637638,0.5337298082396121
2,0.7647647647647647,0.534043847769338
2,0.7657657657657657,0.5343578872990637
2,0.7667667667667668,0.5346719268287896
2,0.7677677677677678,0.5349859663585154
2,0.7687687687687688,0.5353000058882412
2,0.7697697697697697,0.535614045417967
2,0.7707707707707707,0.5359280849476927
2,0.7717717717717718,0.5362421244774186
2,0.7727727727727728,0.5365561640071445
2,0.7737737737737738,0.5368702035368702
2,0.7747747747747747,0.537184243066596
2,0.7757757757757757,0.5374982825963218
2,0.7767767767767768,0.5378123221260477
2,0.7777777777777778,0.5381263616557734
2,0.7787787787787788,0.5384404011854992
2,0.7797797797797797,0.538754440715225
2,0.7807807807807807,0.5390684802449508
2,0.7817817817817818,0.5393825197746767
2,0.7827827827827828,0.5396965593044024
2,0.7837837837837838,0.5400105988341283
2,0.7847847847847848,0.540324638363854
2,0.7857857857857857,0.5406386778935799
2,0.7867867867867868,0.5409527174233056
2,0.7877877877877878,0.5412667569530315
2,0.7887887887887888,0.5415807964827573
2,0.7897897897897898,0.5418948360124831
2,0.7907907907907907,0.5422088755422089
2,0.7917917917917918,0.5425229150719347
2,0.7927927927927928,0.5428369546016605
2,0.7937937937937938,0.5431509941313863
2,0.7947947947947948,0.5434650336611121
2,0.7957957957957957,0.5437790731908378
2,0.7967967967967968,0.5440931127205637
2,0.7977977977977978,0.5444071522502896
2,0.7987987987987988,0.5447211917800153
2,0.7997997997997998,0.5450352313097411
2,0.8008008008008007,0.5453492708394669
2,0.8018018018018018,0.5456633103691927
2,0.8028028028028028,0.5459773498989186
2,0.8038038038038038,0.5462913894286443
2,0.8048048048048048,0.5466054289583702
2,0.8058058058058059,0.5469194684880959
2,0.8068068068068068,0.5472335080178218
2,0.8078078078078078,0.5475475475475475
2,0.8088088088088088,0.5478615870772734
2,0.8098098098098098,0.5481756266069991
2,0.8108108108108109,0.548489666136725
2,0.8118118118118118,0.5488037056664508
2,0.8128128128128128,0.5491177451961766
2,0.8138138138138138,0.5494317847259024
2,0.8148148148148148,0.5497458242556281
2,0.8158158158158159,0.550059863785354
2,0.8168168168168168,0.5503739033150798
2,0.8178178178178178,0.5506879428448056
2,0.8188188188188188,0.5510019823745314
2,0.8198198198198198,0.5513160219042572
2,0.8208208208208209,0.5516300614339831
2,0.8218218218218218,0.5519441009637088
2,0.8228228228228228,0.5522581404934346
2,0.8238238238238238,0.5525721800231604
2,0.8248248248248248,0.5528862195528862
2,0.8258258258258259,0.5532002590826121
2,0.8268268268268268,0.5535142986123378
2,0.8278278278278278,0.5538283381420637
2,0.8288288288288288,0.5541423776717894
2,0.8298298298298298,0.5544564172015153
2,0.8308308308308309,0.554770456731241
2,0.8318318318318318,0.5550844962609669
2,0.8328328328328328,0.5553985357906926
2,0.8338338338338338,0.3705054260609816
2,0.8348348348348348,0.37077553744220404
2,0.8358358358358359,0.37104564882342655
2,0.8368368368368369,0.37131576020464907
2,0.8378378378378378,0.37158587158587153
2,0.8388388388388388,0.37185598296709405
2,0.8398398398398398,0.3721260943483165
2,0.8408408408408409,0.372396205729539
2,0.8418418418418419,0.37266631711076154
2,0.8428428428428428,0.372936428491984
2,0.8438438438438438,0.3732065398732065
2,0.8448448448448448,0.37347665125442897
2,0.8458458458458459,0.3737467626356515
2,0.8468468468468469,0.374016874016874
2,0.8478478478478478,0.37428698539809646
2,0.8488488488488488,0.374557096779319
2,0.8498498498498498,0.37482720816054144
2,0.8508508508508509,0.37509731954176395
2,0.8518518518518519,0.37536743092298647
2,0.8528528528528528,0.3756375423042089
2,0.8538538538538538,0.37590765368543144
2,0.8548548548548548,0.3761777650666539
2,0.8558558558558559,0.3764478764478764
2,0.8568568568568569,0.37671798782909893
2,0.8578578578578578,0.3769880992103214
2,0.8588588588588588,0.3772582105915439
2,0.8598598598598598,0.37752832197276637
2,0.8608608608608609,0.3777984333539889
2,0.8618618618618619,0.3780685447352114
2,0.8628628628628628,0.37833865611643386
2,0.8638638638638638,0.3786087674976564
2,0.8648648648648649,0.3788788788788789
2,0.8658658658658659,0.37914899026010135
2,0.8668668668668669,0.37941910164132386
2,0.8678678678678678,0.3796892130225463
2,0.8688688688688688,0.37995932440376884
2,0.8698698698698699,0.38022943578499135
2,0.8708708708708709,0.3804995471662138
2,0.8718718718718719,0.38076965854743633
2,0.8728728728728729,0.3810397699286588
2,0.8738738738738738,0.3813098813098813
2,0.8748748748748749,0.3815799926911038
2,0.8758758758758759,0.3818501040723263
2,0.8768768768768769,0.3821202154535488
2,0.8778778778778779,0.38239032683477125
2,0.8788788788788788,0.38266043821599377
2,0.8798798798798799,0.3829305495972163
2,0.8808808808808809,0.38320066097843875
2,0.8818818818818819,0.38347077235966126
2,0.8828828828828829,0.3837408837408837
2,0.8838838838838838,0.38401099512210624
2,0.8848848848848849,0.38428110650332875
2,0.8858858858858859,0.3845512178845512
2,0.8868868868868869,0.3848213292657737
2,0.8878878878878879,0.3850914406469962
2,0.8888888888888888,0.38536155202821865
2,0.8898898898898899,0.3856316634094412
2,0.8908908908908909,0.3859017747906637
2,0.8918918918918919,0.38617188617188614
2,0.8928928928928929,0.38644199755310865
2,0.8938938938938938,0.3867121089343311
2,0.8948948948948949,0.3869822203155536
2,0.8958958958958959,0.38725233169677614
2,0.8968968968968969,0.3875224430779986
2,0.8978978978978979,0.3877925544592211
2,0.8988988988988988,0.3880626658404436
2,0.8998998998998999,0.3883327772216661
2,0.9009009009009009,0.3886028886028886
2,0.9019019019019019,0.38887299998411107
2,0.9029029029029029,0.3891431113653336
2,0.9039039039039038,0.38941322274655604
2,0.9049049049049049,0.38968333412777856
2,0.9059059059059059,0.3899534455090011
2,0.9069069069069069,0.39022355689022353
2,0.9079079079079079,0.39049366827144605
2,0.9089089089089089,0.3907637796526685
2,0.9099099099099099,0.391033891033891
2,0.9109109109109109,0.39130400241511354
2,0.9119119119119119,0.391574113796336
2,0.9129129129129129,0.3918442251775585
2,0.9139139139139139,0.392114336558781
2,0.914914914914915,0.3923844479400035
2,0.9159159159159159,0.392654559321226
2,0.9169169169169169,0.34380971880971883
2,0.9179179179179179,0.34404859404859406
2,0.9189189189189189,0.3442874692874693
2,0.91991991991992,0.34452634452634456
2,0.9209209209209209,0.3447652197652198
2,0.9219219219219219,0.345004095004095
2,0.9229229229229229,0.34524297024297024
2,0.9239239239239239,0.34548184548184546
2,0.924924924924925,0.34572072072072074
2,0.9259259259259259,0.34595959595959597
2,0.9269269269269269,0.3461984711984712
2,0.9279279279279279,0.3464373464373464
2,0.9289289289289289,0.3466762216762217
2,0.92992992992993,0.3469150969150969
2,0.9309309309309309,0.34715397215397215
2,0.9319319319319319,0.34739284739284737
2,0.9329329329329329,0.34763172263172265
2,0.933933933933934,0.3478705978705979
2,0.934934934934935,0.3481094731094731
2,0.9359359359359359,0.3483483483483484
2,0.9369369369369369,0.3485872235872236
2,0.9379379379379379,0.34882609882609883
2,0.938938938938939,0.3490649740649741
2,0.93993993993994,0.34930384930384933
2,0.9409409409409409,0.34954272454272456
2,0.9419419419419419,0.3497815997815998
2,0.9429429429429429,0.350020475020475
2,0.943943943943944,0.3502593502593503
2,0.944944944944945,0.3504982254982255
2,0.9459459459459459,0.35073710073710074
2,0.9469469469469469,0.35097597597597596
2,0.9479479479479479,0.3512148512148512
2,0.948948948948949,0.35145372645372647
2,0.94994994994995,0.3516926016926017
2,0.950950950950951,0.3519314769314769
2,0.9519519519519519,0.3521703521703522
2,0.9529529529529529,0.3524092274092274
2,0.953953953953954,0.35264810264810265
2,0.954954954954955,0.3528869778869779
2,0.955955955955956,0.35312585312585315
2,0.9569569569569569,0.3533647283647284
2,0.9579579579579579,0.3536036036036036
2,0.958958958958959,0.3538424788424789
2,0.95995995995996,0.3540813540813541
2,0.960960960960961,0.35432022932022933
2,0.9619619619619619,0.35455910455910455
2,0.9629629629629629,0.3547979797979798
2,0.963963963963964,0.35503685503685506
2,0.964964964964965,0.3552757302757303
2,0.965965965965966,0.3555146055146055
2,0.9669669669669669,0.35575348075348073
2,0.9679679679679679,0.355992355992356
2,0.968968968968969,0.35623123123123124
2,0.96996996996997,0.35647010647010646
2,0.970970970970971,0.3567089817089817
2,0.9719719719719719,0.35694785694785697
2,0.9729729729729729,0.3571867321867322
2,0.973973973973974,0.3574256074256074
2,0.974974974974975,0.3576644826644827
2,0.975975975975976,0.3579033579033579
2,0.9769769769769769,0.35814223314223315
2,0.9779779779779779,0.35838110838110837
2,0.978978978978979,0.35861998361998365
2,0.97997997997998,0.3588588588588589
2,0.980980980980981,0.3590977340977341
2,0.9819819819819819,0.3593366093366093
2,0.9829829829829829,0.35957548457548455
2,0.983983983983984,0.35981435981435983
2,0.984984984984985,0.36005323505323505
2,0.985985985985986,0.3602921102921103
2,0.986986986986987,0.3605309855309855
2,0.9879879879879879,0.3607698607698608
2,0.988988988988989,0.361008736008736
2,0.98998998998999,0.36124761124761123
2,0.990990990990991,0.3614864864864865
2,0.991991991991992,0.36172536172536174
2,0.992992992992993,0.36196423696423696
2,0.993993993993994,0.36220311220311224
2,0.994994994994995,0.36244198744198747
2,0.995995995995996,0.3626808626808627
2,0.996996996996997,0.3629197379197379
2,0.997997997997998,0.3631586131586132
2,0.998998998998999,0.3633974883974884
2,1.0,0.27906976744186046
3,0.0,1.0
3,0.001001001001001001,1.0
3,0.002002002002002002,1.0
3,0.003003003003003003,1.0
3,0.004004004004004004,1.0
3,0.005005005005005005,1.0
3,0.006006006006006006,1.0
3,0.007007007007007007,1.0
3,0.008008008008008008,1.0
3,0.009009009009009009,1.0
3,0.01001001001001001,1.0
3,0.011011011011011011,1.0
3,0.012012012012012012,1.0
3,0.013013013013013013,1.0
3,0.014014014014014014,1.0
3,0.015015015015015015,1.0
3,0.016016016016016016,1.0
3,0.017017017017017015,1.0
3,0.018018018018018018,1.0
3,0.01901901901901902,1.0
3,0.02002002002002002,1.0
3,0.02102102102102102,1.0
3,0.022022022022022022,1.0
3,0.023023023023023025,1.0
3,0.024024024024024024,1.0
3,0.025025025025025023,1.0
3,0.026026026026026026,1.0
3,0.02702702702702703,1.0
3,0.028028028028028028,1.0
3,0.029029029029029027,1.0
3,0.03003003003003003,1.0
3,0.031031031031031032,1.0
3,0.03203203203203203,1.0
3,0.03303303303303303,1.0
3,0.03403403403403403,1.0
3,0.035035035035035036,1.0
3,0.036036036036036036,1.0
3,0.037037037037037035,1.0
3,0.03803803803803804,1.0
3,0.03903903903903904,1.0
3,0.04004004004004004,1.0
3,0.04104104104104104,1.0
3,0.04204204204204204,1.0
3,0.043043043043043044,1.0
3,0.044044044044044044,1.0
3,0.04504504504504504,1.0
3,0.04604604604604605,1.0
3,0.04704704704704705,1.0
3,0.04804804804804805,1.0
3,0.04904904904904905,1.0
3,0.050050050050050046,1.0
3,0.05105105105105105,1.0
3,0.05205205205205205,1.0
3,0.05305305305305305,1.0
3,0.05405405405405406,1.0
3,0.055055055055055056,1.0
3,0.056056056056056056,1.0
3,0.057057057057057055,1.0
3,0.058058058058058054,1.0
3,0.05905905905905906,1.0
3,0.06006006006006006,1.0
3,0.06106106106106106,1.0
3,0.062062062062062065,1.0
3,0.06306306306306306,1.0
3,0.06406406406406406,1.0
3,0.06506506506506507,1.0
3,0.06606606606606606,1.0
3,0.06706706706706707,1.0
3,0.06806806806806806,1.0
3,0.06906906906906907,1.0
3,0.07007007007007007,1.0
3,0.07107107107107107,1.0
3,0.07207207207207207,1.0
3,0.07307307307307308,1.0
3,0.07407407407407407,1.0
3,0.07507507507507508,1.0
3,0.07607607607607608,1.0
3,0.07707707707707707,1.0
3,0.07807807807807808,1.0
3,0.07907907907907907,1.0
3,0.08008008008008008,1.0
3,0.08108108108108109,1.0
3,0.08208208208208208,1.0
3,0.08308308308308308,1.0
3,0.08408408408408408,0.5015015015015015
3,0.08508508508508508,0.5035035035035035
3,0.08608608608608609,0.5055055055055055
3,0.08708708708708708,0.5075075075075075
3,0.08808808808808809,0.5095095095095095
3,0.0890890890890891,0.5115115115115115
3,0.09009009009009009,0.5135135135135135
3,0.09109109109109109,0.5155155155155156
3,0.0920920920920921,0.5175175175175175
3,0.09309309309309309,0.5195195195195195
3,0.0940940940940941,0.5215215215215215
3,0.09509509509509509,0.5235235235235235
3,0.0960960960960961,0.5255255255255256
3,0.0970970970970971,0.5275275275275275
3,0.0980980980980981,0.5295295295295295
3,0.0990990990990991,0.5315315315315315
3,0.10010010010010009,0.5335335335335335
3,0.1011011011011011,0.5355355355355356
3,0.1021021021021021,0.5375375375375375
3,0.1031031031031031,0.5395395395395395
3,0.1041041041041041,0.5415415415415415
3,0.10510510510510511,0.5435435435435435
3,0.1061061061061061,0.5455455455455456
3,0.10710710710710711,0.5475475475475475
3,0.10810810810810811,0.5495495495495496
3,0.1091091091091091,0.5515515515515516
3,0.11011011011011011,0.5535535535535535
3,0.1111111111111111,0.5555555555555556
3,0.11211211211211211,0.5575575575575575
3,0.11311311311311312,0.5595595595595596
3,0.11411411411411411,0.5615615615615616
3,0.11511511511511512,0.5635635635635635
3,0.11611611611611611,0.5655655655655656
3,0.11711711711711711,0.5675675675675675
3,0.11811811811811812,0.5695695695695696
3,0.11911911911911911,0.5715715715715716
3,0.12012012012012012,0.5735735735735735
3,0.12112112112112113,0.5755755755755756
3,0.12212212212212212,0.5775775775775776
3,0.12312312312312312,0.5795795795795796
3,0.12412412412412413,0.5815815815815816
3,0.12512512512512514,0.5835835835835836
3,0.12612612612612611,0.5855855855855856
3,0.12712712712712712,0.5875875875875876
3,0.12812812812812813,0.5895895895895896
3,0.12912912912912913,0.5915915915915916
3,0.13013013013013014,0.5935935935935936
3,0.13113113113113112,0.5955955955955956
3,0.13213213213213212,0.5975975975975976
3,0.13313313313313313,0.5995995995995995
3,0.13413413413413414,0.6016016016016016
3,0.13513513513513514,0.6036036036036037
3,0.13613613613613612,0.6056056056056056
3,0.13713713713713713,0.6076076076076076
3,0.13813813813813813,0.6096096096096095
3,0.13913913913913914,0.6116116116116116
3,0.14014014014014015,0.6136136136136137
3,0.14114114114114115,0.6156156156156156
3,0.14214214214214213,0.6176176176176176
3,0.14314314314314314,0.6196196196196195
3,0.14414414414414414,0.6216216216216216
3,0.14514514514514515,0.6236236236236237
3,0.14614614614614616,0.6256256256256256
3,0.14714714714714713,0.6276276276276276
3,0.14814814814814814,0.6296296296296295
3,0.14914914914914915,0.6316316316316316
3,0.15015015015015015,0.6336336336336337
3,0.15115115115115116,0.6356356356356356
3,0.15215215215215216,0.6376376376376376
3,0.15315315315315314,0.6396396396396395
3,0.15415415415415415,0.6416416416416416
3,0.15515515515515516,0.6436436436436437
3,0.15615615615615616,0.6456456456456456
3,0.15715715715715717,0.6476476476476476
3,0.15815815815815815,0.6496496496496496
3,0.15915915915915915,0.6516516516516516
3,0.16016016016016016,0.6536536536536537
3,0.16116116116116116,0.6556556556556556
3,0.16216216216216217,0.6576576576576576
3,0.16316316316316315,0.6596596596596596
3,0.16416416416416416,0.6616616616616616
3,0.16516516516516516,0.6636636636636637
3,0.16616616616616617,0.6656656656656657
3,0.16716716716716717,0.5006006006006006
3,0.16816816816816815,0.5018018018018018
3,0.16916916916916916,0.503003003003003
3,0.17017017017017017,0.5042042042042042
3,0.17117117117117117,0.5054054054054055
3,0.17217217217217218,0.5066066066066066
3,0.17317317317317318,0.5078078078078079
3,0.17417417417417416,0.509009009009009
3,0.17517517517517517,0.5102102102102102
3,0.17617617617617617,0.5114114114114114
3,0.17717717717717718,0.5126126126126126
3,0.1781781781781782,0.5138138138138139
3,0.17917917917917917,0.515015015015015
3,0.18018018018018017,0.5162162162162162
3,0.18118118118118118,0.5174174174174174
3,0.18218218218218218,0.5186186186186186
3,0.1831831831831832,0.5198198198198198
3,0.1841841841841842,0.521021021021021
3,0.18518518518518517,0.5222222222222223
3,0.18618618618618618,0.5234234234234234
3,0.1871871871871872,0.5246246246246247
3,0.1881881881881882,0.5258258258258258
3,0.1891891891891892,0.5270270270270271
3,0.19019019019019018,0.5282282282282282
3,0.19119119119119118,0.5294294294294294
3,0.1921921921921922,0.5306306306306307
3,0.1931931931931932,0.5318318318318318
3,0.1941941941941942,0.5330330330330331
3,0.19519519519519518,0.5342342342342342
3,0.1961961961961962,0.5354354354354354
3,0.1971971971971972,0.5366366366366366
3,0.1981981981981982,0.5378378378378378
3,0.1991991991991992,0.539039039039039
3,0.20020020020020018,0.5402402402402402
3,0.2012012012012012,0.5414414414414415
3,0.2022022022022022,0.5426426426426426
3,0.2032032032032032,0.5438438438438439
3,0.2042042042042042,0.545045045045045
3,0.20520520520520522,0.5462462462462463
3,0.2062062062062062,0.5474474474474474
3,0.2072072072072072,0.5486486486486486
3,0.2082082082082082,0.5498498498498499
3,0.2092092092092092,0.551051051051051
3,0.21021021021021022,0.5522522522522523
3,0.2112112112112112,0.5534534534534534
3,0.2122122122122122,0.5546546546546547
3,0.2132132132132132,0.5558558558558558
3,0.21421421421421422,0.557057057057057
3,0.21521521521521522,0.5582582582582583
3,0.21621621621621623,0.5594594594594595
3,0.2172172172172172,0.5606606606606607
3,0.2182182182182182,0.5618618618618618
3,0.21921921921921922,0.5630630630630631
3,0.22022022022022023,0.5642642642642642
3,0.22122122122122123,0.5654654654654655
3,0.2222222222222222,0.5666666666666667
3,0.22322322322322322,0.5678678678678678
3,0.22422422422422422,0.5690690690690691
3,0.22522522522522523,0.5702702702702702
3,0.22622622622622623,0.5714714714714715
3,0.2272272272272272,0.5726726726726726
3,0.22822822822822822,0.5738738738738738
3,0.22922922922922923,0.575075075075075
3,0.23023023023023023,0.5762762762762763
3,0.23123123123123124,0.5774774774774775
3,0.23223223223223222,0.5786786786786786
3,0.23323323323323322,0.5798798798798799
3,0.23423423423423423,0.581081081081081
3,0.23523523523523523,0.5822822822822823
3,0.23623623623623624,0.5834834834834834
3,0.23723723723723725,0.5846846846846847
3,0.23823823823823823,0.5858858858858859
3,0.23923923923923923,0.587087087087087
3,0.24024024024024024,0.5882882882882883
3,0.24124124124124124,0.5894894894894894
3,0.24224224224224225,0.5906906906906907
3,0.24324324324324323,0.5918918918918918
3,0.24424424424424424,0.5930930930930931
3,0.24524524524524524,0.5942942942942943
3,0.24624624624624625,0.5954954954954954
3,0.24724724724724725,0.5966966966966967
3,0.24824824824824826,0.5978978978978979
3,0.24924924924924924,0.5990990990990991
3,0.2502502502502503,0.6002002002002002
3,0.25125125125125125,0.601001001001001
3,0.25225225225225223,0.6018018018018018
3,0.25325325325325326,0.6026026026026026
3,0.25425425425425424,0.6034034034034034
3,0.2552552552552553,0.6042042042042042
3,0.25625625625625625,0.605005005005005
3,0.25725725725725723,0.6058058058058058
3,0.25825825825825827,0.6066066066066066
3,0.25925925925925924,0.6074074074074074
3,0.2602602602602603,0.6082082082082082
3,0.26126126126126126,0.609009009009009
3,0.26226226226226224,0.6098098098098098
3,0.26326326326326327,0.6106106106106106
3,0.26426426426426425,0.6114114114114114
3,0.2652652652652653,0.6122122122122122
3,0.26626626626626626,0.613013013013013
3,0.26726726726726724,0.6138138138138137
3,0.2682682682682683,0.6146146146146146
3,0.26926926926926925,0.6154154154154153
3,0.2702702702702703,0.6162162162162163
3,0.27127127127127126,0.6170170170170169
3,0.27227227227227224,0.6178178178178177
3,0.2732732732732733,0.6186186186186186
3,0.27427427427427425,0.6194194194194194
3,0.2752752752752753,0.6202202202202202
3,0.27627627627627627,0.621021021021021
3,0.2772772772772773,0.6218218218218218
3,0.2782782782782783,0.6226226226226226
3,0.27927927927927926,0.6234234234234234
3,0.2802802802802803,0.6242242242242242
3,0.28128128128128127,0.625025025025025
3,0.2822822822822823,0.6258258258258258
3,0.2832832832832833,0.6266266266266266
3,0.28428428428428426,0.6274274274274274
3,0.2852852852852853,0.6282282282282282
3,0.2862862862862863,0.629029029029029
3,0.2872872872872873,0.6298298298298298
3,0.2882882882882883,0.6306306306306306
3,0.28928928928928926,0.6314314314314314
3,0.2902902902902903,0.6322322322322322
3,0.2912912912912913,0.633033033033033
3,0.2922922922922923,0.6338338338338338
3,0.2932932932932933,0.6346346346346347
3,0.29429429429429427,0.6354354354354353
3,0.2952952952952953,0.6362362362362363
3,0.2962962962962963,0.637037037037037
3,0.2972972972972973,0.6378378378378379
3,0.2982982982982983,0.6386386386386386
3,0.29929929929929927,0.6394394394394394
3,0.3003003003003003,0.6402402402402402
3,0.3013013013013013,0.641041041041041
3,0.3023023023023023,0.6418418418418418
3,0.3033033033033033,0.6426426426426426
3,0.30430430430430433,0.6434434434434434
3,0.3053053053053053,0.6442442442442442
3,0.3063063063063063,0.645045045045045
3,0.3073073073073073,0.6458458458458458
3,0.3083083083083083,0.6466466466466466
3,0.30930930930930933,0.6474474474474474
3,0.3103103103103103,0.6482482482482482
3,0.3113113113113113,0.649049049049049
3,0.3123123123123123,0.6498498498498498
3,0.3133133133133133,0.6506506506506506
3,0.31431431431431434,0.6514514514514514
3,0.3153153153153153,0.6522522522522523
3,0.3163163163163163,0.6530530530530531
3,0.3173173173173173,0.6538538538538539
3,0.3183183183183183,0.6546546546546547
3,0.31931931931931934,0.6554554554554555
3,0.3203203203203203,0.6562562562562563
3,0.3213213213213213,0.657057057057057
3,0.32232232232232233,0.6578578578578579
3,0.3233233233233233,0.6586586586586586
3,0.32432432432432434,0.6594594594594595
3,0.3253253253253253,0.6602602602602602
3,0.3263263263263263,0.661061061061061
3,0.32732732732732733,0.6618618618618618
3,0.3283283283283283,0.6626626626626626
3,0.32932932932932935,0.6634634634634634
3,0.3303303303303303,0.6642642642642642
3,0.3313313313313313,0.665065065065065
3,0.33233233233233234,0.6658658658658658
3,0.3333333333333333,0.6666666666666666
3,0.33433433433433435,0.6672386672386672
3,0.3353353353353353,0.6678106678106678
3,0.3363363363363363,0.6683826683826684
3,0.33733733733733734,0.6689546689546689
3,0.3383383383383383,0.6695266695266695
3,0.33933933933933935,0.6700986700986701
3,0.34034034034034033,0.6706706706706707
3,0.34134134134134136,0.6712426712426712
3,0.34234234234234234,0.6718146718146718
3,0.3433433433433433,0.6723866723866724
3,0.34434434434434436,0.672958672958673
3,0.34534534534534533,0.6735306735306735
3,0.34634634634634637,0.6741026741026741
3,0.34734734734734735,0.6746746746746747
3,0.3483483483483483,0.6752466752466753
3,0.34934934934934936,0.6758186758186758
3,0.35035035035035034,0.6763906763906764
3,0.35135135135135137,0.676962676962677
3,0.35235235235235235,0.6775346775346776
3,0.3533533533533533,0.678106678106678
3,0.35435435435435436,0.6786786786786787
3,0.35535535535535534,0.6792506792506793
3,0.3563563563563564,0.6798226798226799
3,0.35735735735735735,0.6803946803946804
3,0.35835835835835833,0.6809666809666809
3,0.35935935935935936,0.6815386815386816
3,0.36036036036036034,0.682110682110682
3,0.3613613613613614,0.6826826826826827
3,0.36236236236236236,0.6832546832546832
3,0.36336336336336333,0.6838266838266838
3,0.36436436436436437,0.6843986843986843
3,0.36536536536536535,0.6849706849706849
3,0.3663663663663664,0.6855426855426855
3,0.36736736736736736,0.6861146861146861
3,0.3683683683683684,0.6866866866866866
3,0.36936936936936937,0.6872586872586872
3,0.37037037037037035,0.6878306878306878
3,0.3713713713713714,0.6884026884026884
3,0.37237237237237236,0.6889746889746889
3,0.3733733733733734,0.6895466895466895
3,0.3743743743743744,0.6901186901186901
3,0.37537537537537535,0.6906906906906907
3,0.3763763763763764,0.6912626912626912
3,0.37737737737737737,0.6918346918346918
3,0.3783783783783784,0.6924066924066924
3,0.3793793793793794,0.692978692978693
3,0.38038038038038036,0.6935506935506935
3,0.3813813813813814,0.6941226941226941
3,0.38238238238238237,0.6946946946946947
3,0.3833833833833834,0.6952666952666953
3,0.3843843843843844,0.6958386958386958
3,0.38538538538538536,0.6964106964106964
3,0.3863863863863864,0.696982696982697
3,0.38738738738738737,0.6975546975546976
3,0.3883883883883884,0.6981266981266981
3,0.3893893893893894,0.6986986986986987
3,0.39039039039039036,0.6992706992706993
3,0.3913913913913914,0.6998426998426999
3,0.3923923923923924,0.7004147004147004
3,0.3933933933933934,0.700986700986701
3,0.3943943943943944,0.7015587015587016
3,0.39539539539539537,0.7021307021307022
3,0.3963963963963964,0.7027027027027027
3,0.3973973973973974,0.7032747032747033
3,0.3983983983983984,0.7038467038467039
3,0.3993993993993994,0.7044187044187045
3,0.40040040040040037,0.7049907049907049
3,0.4014014014014014,0.7055627055627056
3,0.4024024024024024,0.7061347061347061
3,0.4034034034034034,0.7067067067067068
3,0.4044044044044044,0.7072787072787072
3,0.40540540540540543,0.7078507078507079
3,0.4064064064064064,0.7084227084227084
3,0.4074074074074074,0.708994708994709
3,0.4084084084084084,0.7095667095667095
3,0.4094094094094094,0.7101387101387101
3,0.41041041041041043,0.7107107107107107
3,0.4114114114114114,0.7112827112827113
3,0.4124124124124124,0.7118547118547118
3,0.4134134134134134,0.7124267124267124
3,0.4144144144144144,0.712998712998713
3,0.41541541541541543,0.7135707135707136
3,0.4164164164164164,0.7141427141427141
3,0.4174174174174174,0.7146074646074646
3,0.4184184184184184,0.715036465036465
3,0.4194194194194194,0.7154654654654654
3,0.42042042042042044,0.7158944658944659
3,0.4214214214214214,0.7163234663234663
3,0.4224224224224224,0.7167524667524667
3,0.42342342342342343,0.7171814671814671
3,0.4244244244244244,0.7176104676104677
3,0.42542542542542544,0.718039468039468
3,0.4264264264264264,0.7184684684684685
3,0.4274274274274274,0.7188974688974689
3,0.42842842842842843,0.7193264693264694
3,0.4294294294294294,0.7197554697554698
3,0.43043043043043044,0.7201844701844702
3,0.4314314314314314,0.7206134706134706
3,0.43243243243243246,0.7210424710424711
3,0.43343343343343343,0.7214714714714715
3,0.4344344344344344,0.7219004719004719
3,0.43543543543543545,0.7223294723294723
3,0.4364364364364364,0.7227584727584727
3,0.43743743743743746,0.7231874731874732
3,0.43843843843843844,0.7236164736164736
3,0.4394394394394394,0.724045474045474
3,0.44044044044044045,0.7244744744744744
3,0.44144144144144143,0.724903474903475
3,0.44244244244244246,0.7253324753324754
3,0.44344344344344344,0.7257614757614758
3,0.4444444444444444,0.7261904761904762
3,0.44544544544544545,0.7266194766194767
3,0.44644644644644643,0.7270484770484771
3,0.44744744744744747,0.7274774774774775
3,0.44844844844844844,0.7279064779064779
3,0.4494494494494494,0.7283354783354783
3,0.45045045045045046,0.7287644787644788
3,0.45145145145145144,0.7291934791934792
3,0.45245245245245247,0.7296224796224796
3,0.45345345345345345,0.73005148005148
3,0.4544544544544544,0.7304804804804804
3,0.45545545545545546,0.7309094809094809
3,0.45645645645645644,0.7313384813384813
3,0.4574574574574575,0.7317674817674817
3,0.45845845845845845,0.7321964821964821
3,0.45945945945945943,0.7326254826254827
3,0.46046046046046046,0.7330544830544831
3,0.46146146146146144,0.7334834834834835
3,0.4624624624624625,0.7339124839124839
3,0.46346346346346345,0.7343414843414844
3,0.46446446446446443,0.7347704847704848
3,0.46546546546546547,0.7351994851994852
3,0.46646646646646645,0.7356284856284856
3,0.4674674674674675,0.7360574860574861
3,0.46846846846846846,0.7364864864864865
3,0.4694694694694695,0.7369154869154869
3,0.47047047047047047,0.7373444873444873
3,0.47147147147147145,0.7377734877734877
3,0.4724724724724725,0.7382024882024882
3,0.47347347347347346,0.7386314886314886
3,0.4744744744744745,0.739060489060489
3,0.4754754754754755,0.7394894894894894
3,0.47647647647647645,0.73991848991849
3,0.4774774774774775,0.7403474903474904
3,0.47847847847847846,0.7407764907764908
3,0.4794794794794795,0.7412054912054912
3,0.4804804804804805,0.7416344916344917
3,0.48148148148148145,0.7420634920634921
3,0.4824824824824825,0.7424924924924925
3,0.48348348348348347,0.7429214929214929
3,0.4844844844844845,0.7433504933504934
3,0.4854854854854855,0.7437794937794938
3,0.48648648648648646,0.7442084942084942
3,0.4874874874874875,0.7446374946374946
3,0.48848848848848847,0.745066495066495
3,0.4894894894894895,0.7454954954954955
3,0.4904904904904905,0.745924495924496
3,0.49149149149149146,0.7463534963534963
3,0.4924924924924925,0.7467824967824968
3,0.4934934934934935,0.7472114972114972
3,0.4944944944944945,0.7476404976404977
3,0.4954954954954955,0.7480694980694981
3,0.4964964964964965,0.7484984984984985
3,0.4974974974974975,0.7489274989274989
3,0.4984984984984985,0.7493564993564994
3,0.4994994994994995,0.7497854997854998
3,0.5005005005005005,0.7501668335001669
3,0.5015015015015015,0.7505005005005005
3,0.5025025025025025,0.7508341675008342
3,0.5035035035035035,0.7511678345011679
3,0.5045045045045045,0.7515015015015015
3,0.5055055055055055,0.7518351685018352
3,0.5065065065065065,0.7521688355021688
3,0.5075075075075075,0.7525025025025025
3,0.5085085085085085,0.7528361695028362
3,0.5095095095095095,0.7531698365031698
3,0.5105105105105106,0.7535035035035035
3,0.5115115115115115,0.7538371705038371
3,0.5125125125125125,0.7541708375041708
3,0.5135135135135135,0.7545045045045045
3,0.5145145145145145,0.7548381715048381
3,0.5155155155155156,0.7551718385051719
3,0.5165165165165165,0.7555055055055055
3,0.5175175175175175,0.7558391725058392
3,0.5185185185185185,0.7561728395061729
3,0.5195195195195195,0.7565065065065065
3,0.5205205205205206,0.7568401735068402
3,0.5215215215215215,0.7571738405071738
3,0.5225225225225225,0.7575075075075075
3,0.5235235235235235,0.7578411745078412
3,0.5245245245245245,0.7581748415081748
3,0.5255255255255256,0.7585085085085085
3,0.5265265265265265,0.7588421755088421
3,0.5275275275275275,0.7591758425091758
3,0.5285285285285285,0.7595095095095095
3,0.5295295295295295,0.7598431765098431
3,0.5305305305305306,0.7601768435101769
3,0.5315315315315315,0.7605105105105106
3,0.5325325325325325,0.7608441775108442
3,0.5335335335335335,0.7611778445111779
3,0.5345345345345345,0.7615115115115115
3,0.5355355355355356,0.7618451785118452
3,0.5365365365365365,0.7621788455121788
3,0.5375375375375375,0.7625125125125125
3,0.5385385385385385,0.7628461795128462
3,0.5395395395395395,0.7631798465131798
3,0.5405405405405406,0.7635135135135135
3,0.5415415415415415,0.7638471805138471
3,0.5425425425425425,0.7641808475141808
3,0.5435435435435435,0.7645145145145145
3,0.5445445445445445,0.7648481815148481
3,0.5455455455455456,0.7651818485151819
3,0.5465465465465466,0.7655155155155156
3,0.5475475475475475,0.7658491825158492
3,0.5485485485485485,0.7661828495161829
3,0.5495495495495496,0.7665165165165165
3,0.5505505505505506,0.7668501835168502
3,0.5515515515515516,0.7671838505171839
3,0.5525525525525525,0.7675175175175175
3,0.5535535535535535,0.7678511845178512
3,0.5545545545545546,0.7681848515181848
3,0.5555555555555556,0.7685185185185185
3,0.5565565565565566,0.7688521855188521
3,0.5575575575575575,0.7691858525191858
3,0.5585585585585585,0.7695195195195195
3,0.5595595595595596,0.7698531865198532
3,0.5605605605605606,0.7701868535201869
3,0.5615615615615616,0.7705205205205206
3,0.5625625625625625,0.7708541875208542
3,0.5635635635635635,0.7711878545211879
3,0.5645645645645646,0.7715215215215215
3,0.5655655655655656,0.7718551885218552
3,0.5665665665665666,0.7721888555221889
3,0.5675675675675675,0.7725225225225225
3,0.5685685685685685,0.7728561895228562
3,0.5695695695695696,0.7731898565231898
3,0.5705705705705706,0.7735235235235235
3,0.5715715715715716,0.7738571905238572
3,0.5725725725725725,0.7741908575241908
3,0.5735735735735735,0.7745245245245245
3,0.5745745745745746,0.7748581915248582
3,0.5755755755755756,0.7751918585251919
3,0.5765765765765766,0.7755255255255256
3,0.5775775775775776,0.7758591925258592
3,0.5785785785785785,0.7761928595261929
3,0.5795795795795796,0.7765265265265265
3,0.5805805805805806,0.7768601935268602
3,0.5815815815815816,0.7771938605271939
3,0.5825825825825826,0.7775275275275275
3,0.5835835835835835,0.7778445111778445
3,0.5845845845845846,0.7781114447781114
3,0.5855855855855856,0.7783783783783784
3,0.5865865865865866,0.7786453119786453
3,0.5875875875875876,0.7789122455789123
3,0.5885885885885885,0.7791791791791791
3,0.5895895895895896,0.7794461127794461
3,0.5905905905905906,0.7797130463797131
3,0.5915915915915916,0.77997997997998
3,0.5925925925925926,0.7802469135802469
3,0.5935935935935935,0.7805138471805139
3,0.5945945945945946,0.7807807807807808
3,0.5955955955955956,0.7810477143810477
3,0.5965965965965966,0.7813146479813147
3,0.5975975975975976,0.7815815815815815
3,0.5985985985985985,0.7818485151818485
3,0.5995995995995996,0.7821154487821155
3,0.6006006006006006,0.7823823823823824
3,0.6016016016016016,0.7826493159826493
3,0.6026026026026026,0.7829162495829163
3,0.6036036036036035,0.7831831831831831
3,0.6046046046046046,0.7834501167834501
3,0.6056056056056056,0.7837170503837171
3,0.6066066066066066,0.783983983983984
3,0.6076076076076076,0.7842509175842509
3,0.6086086086086087,0.7845178511845179
3,0.6096096096096096,0.7847847847847849
3,0.6106106106106106,0.7850517183850517
3,0.6116116116116116,0.7853186519853187
3,0.6126126126126126,0.7855855855855856
3,0.6136136136136137,0.7858525191858525
3,0.6146146146146146,0.7861194527861195
3,0.6156156156156156,0.7863863863863864
3,0.6166166166166166,0.7866533199866533
3,0.6176176176176176,0.7869202535869203
3,0.6186186186186187,0.7871871871871873
3,0.6196196196196196,0.7874541207874541
3,0.6206206206206206,0.7877210543877211
3,0.6216216216216216,0.787987987987988
3,0.6226226226226226,0.7882549215882549
3,0.6236236236236237,0.7885218551885219
3,0.6246246246246246,0.7887887887887888
3,0.6256256256256256,0.7890557223890557
3,0.6266266266266266,0.7893226559893227
3,0.6276276276276276,0.7895895895895896
3,0.6286286286286287,0.7898565231898566
3,0.6296296296296297,0.7901234567901235
3,0.6306306306306306,0.7903903903903904
3,0.6316316316316316,0.7906573239906574
3,0.6326326326326326,0.7909242575909243
3,0.6336336336336337,0.7911911911911912
3,0.6346346346346347,0.7914581247914582
3,0.6356356356356356,0.7917250583917251
3,0.6366366366366366,0.791991991991992
3,0.6376376376376376,0.792258925592259
3,0.6386386386386387,0.7925258591925259
3,0.6396396396396397,0.7927927927927928
3,0.6406406406406406,0.7930597263930598
3,0.6416416416416416,0.7933266599933267
3,0.6426426426426426,0.7935935935935936
3,0.6436436436436437,0.7938605271938606
3,0.6446446446446447,0.7941274607941275
3,0.6456456456456456,0.7943943943943944
3,0.6466466466466466,0.7946613279946614
3,0.6476476476476476,0.7949282615949282
3,0.6486486486486487,0.7951951951951952
3,0.6496496496496497,0.7954621287954622
3,0.6506506506506506,0.7957290623957292
3,0.6516516516516516,0.795995995995996
3,0.6526526526526526,0.796262929596263
3,0.6536536536536537,0.79652986319653
3,0.6546546546546547,0.7967967967967968
3,0.6556556556556556,0.7970637303970638
3,0.6566566566566566,0.7973306639973307
3,0.6576576576576576,0.7975975975975976
3,0.6586586586586587,0.7978645311978646
3,0.6596596596596597,0.7981314647981315
3,0.6606606606606606,0.7983983983983984
3,0.6616616616616616,0.7986653319986654
3,0.6626626626626626,0.7989322655989323
3,0.6636636636636637,0.7991991991991992
3,0.6646646646646647,0.7994661327994662
3,0.6656656656656657,0.7997330663997331
3,0.6666666666666666,0.5714285714285714
3,0.6676676676676676,0.5717717717717717
3,0.6686686686686687,0.5721149721149721
3,0.6696696696696697,0.5724581724581724
3,0.6706706706706707,0.5728013728013728
3,0.6716716716716716,0.5731445731445731
3,0.6726726726726726,0.5734877734877735
3,0.6736736736736737,0.5738309738309738
3,0.6746746746746747,0.5741741741741742
3,0.6756756756756757,0.5745173745173745
3,0.6766766766766766,0.5748605748605748
3,0.6776776776776777,0.5752037752037752
3,0.6786786786786787,0.5755469755469755
3,0.6796796796796797,0.5758901758901759
3,0.6806806806806807,0.5762333762333762
3,0.6816816816816816,0.5765765765765766
3,0.6826826826826827,0.5769197769197769
3,0.6836836836836837,0.5772629772629773
3,0.6846846846846847,0.5776061776061776
3,0.6856856856856857,0.577949377949378
3,0.6866866866866866,0.5782925782925783
3,0.6876876876876877,0.5786357786357786
3,0.6886886886886887,0.578978978978979
3,0.6896896896896897,0.5793221793221793
3,0.6906906906906907,0.5796653796653797
3,0.6916916916916916,0.58000858000858
3,0.6926926926926927,0.5803517803517804
3,0.6936936936936937,0.5806949806949807
3,0.6946946946946947,0.5810381810381811
3,0.6956956956956957,0.5813813813813814
3,0.6966966966966966,0.5817245817245816
3,0.6976976976976977,0.5820677820677821
3,0.6986986986986987,0.5824109824109824
3,0.6996996996996997,0.5827541827541828
3,0.7007007007007007,0.583097383097383
3,0.7017017017017017,0.5834405834405834
3,0.7027027027027027,0.5837837837837838
3,0.7037037037037037,0.5841269841269842
3,0.7047047047047047,0.5844701844701844
3,0.7057057057057057,0.5848133848133847
3,0.7067067067067067,0.5851565851565851
3,0.7077077077077077,0.5854997854997855
3,0.7087087087087087,0.5858429858429858
3,0.7097097097097097,0.5861861861861861
3,0.7107107107107107,0.5865293865293865
3,0.7117117117117117,0.5868725868725868
3,0.7127127127127127,0.5872157872157872
3,0.7137137137137137,0.5875589875589875
3,0.7147147147147147,0.5879021879021878
3,0.7157157157157157,0.5882453882453882
3,0.7167167167167167,0.5885885885885885
3,0.7177177177177178,0.5889317889317889
3,0.7187187187187187,0.5892749892749892
3,0.7197197197197197,0.5896181896181896
3,0.7207207207207207,0.5899613899613899
3,0.7217217217217217,0.5903045903045903
3,0.7227227227227228,0.5906477906477906
3,0.7237237237237237,0.590990990990991
3,0.7247247247247247,0.5913341913341913
3,0.7257257257257257,0.5916773916773916
3,0.7267267267267267,0.592020592020592
3,0.7277277277277278,0.5923637923637923
3,0.7287287287287287,0.5927069927069927
3,0.7297297297297297,0.593050193050193
3,0.7307307307307307,0.5933933933933934
3,0.7317317317317317,0.5937365937365937
3,0.7327327327327328,0.594079794079794
3,0.7337337337337337,0.5944229944229944
3,0.7347347347347347,0.5947661947661947
3,0.7357357357357357,0.5951093951093951
3,0.7367367367367368,0.5954525954525954
3,0.7377377377377378,0.5957957957957958
3,0.7387387387387387,0.5961389961389961
3,0.7397397397397397,0.5964821964821965
3,0.7407407407407407,0.5968253968253968
3,0.7417417417417418,0.5971685971685972
3,0.7427427427427428,0.5975117975117975
3,0.7437437437437437,0.5978549978549978
3,0.7447447447447447,0.5981981981981982
3,0.7457457457457457,0.5985413985413985
3,0.7467467467467468,0.5988845988845989
3,0.7477477477477478,0.5992277992277992
3,0.7487487487487487,0.5995709995709996
3,0.7497497497497497,0.5999141999141999
3,0.7507507507507507,0.5002370791844476
3,0.7517517517517518,0.5005531847637111
3,0.7527527527527528,0.5008692903429746
3,0.7537537537537538,0.501185395922238
3,0.7547547547547547,0.5015015015015015
3,0.7557557557557557,0.501817607080765
3,0.7567567567567568,0.5021337126600285
3,0.7577577577577578,0.5024498182392919
3,0.7587587587587588,0.5027659238185553
3,0.7597597597597597,0.5030820293978189
3,0.7607607607607607,0.5033981349770823
3,0.7617617617617618,0.5037142405563458
3,0.7627627627627628,0.5040303461356093
3,0.7637637637637638,0.5043464517148728
3,0.7647647647647647,0.5046625572941362
3,0.7657657657657657,0.5049786628733997
3,0.7667667667667668,0.5052947684526632
3,0.7677677677677678,0.5056108740319266
3,0.7687687687687688,0.5059269796111902
3,0.7697697697697697,0.5062430851904536
3,0.7707707707707707,0.506559190769717
3,0.7717717717717718,0.5068752963489805
3,0.7727727727727728,0.5071914019282441
3,0.7737737737737738,0.5075075075075075
3,0.7747747747747747,0.5078236130867709
3,0.7757757757757757,0.5081397186660345
3,0.7767767767767768,0.5084558242452979
3,0.7777777777777778,0.5087719298245614
3,0.7787787787787788,0.5090880354038249
3,0.7797797797797797,0.5094041409830883
3,0.7807807807807807,0.5097202465623518
3,0.7817817817817818,0.5100363521416152
3,0.7827827827827828,0.5103524577208788
3,0.7837837837837838,0.5106685633001422
3,0.7847847847847848,0.5109846688794057
3,0.7857857857857857,0.5113007744586692
3,0.7867867867867868,0.5116168800379327
3,0.7877877877877878,0.5119329856171961
3,0.7887887887887888,0.5122490911964596
3,0.7897897897897898,0.5125651967757231
3,0.7907907907907907,0.5128813023549865
3,0.7917917917917918,0.5131974079342501
3,0.7927927927927928,0.5135135135135135
3,0.7937937937937938,0.5138296190927769
3,0.7947947947947948,0.5141457246720404
3,0.7957957957957957,0.5144618302513039
3,0.7967967967967968,0.5147779358305674
3,0.7977977977977978,0.5150940414098308
3,0.7987987987987988,0.5154101469890944
3,0.7997997997997998,0.5157262525683578
3,0.8008008008008007,0.5160423581476212
3,0.8018018018018018,0.5163584637268848
3,0.8028028028028028,0.5166745693061482
3,0.8038038038038038,0.5169906748854117
3,0.8048048048048048,0.5173067804646752
3,0.8058058058058059,0.5176228860439387
3,0.8068068068068068,0.5179389916232021
3,0.8078078078078078,0.5182550972024655
3,0.8088088088088088,0.5185712027817291
3,0.8098098098098098,0.5188873083609925
3,0.8108108108108109,0.519203413940256
3,0.8118118118118118,0.5195195195195195
3,0.8128128128128128,0.519835625098783
3,0.8138138138138138,0.5201517306780464
3,0.8148148148148148,0.5204678362573099
3,0.8158158158158159,0.5207839418365734
3,0.8168168168168168,0.5211000474158368
3,0.8178178178178178,0.5214161529951004
3,0.8188188188188188,0.5217322585743638
3,0.8198198198198198,0.5220483641536272
3,0.8208208208208209,0.5223644697328907
3,0.8218218218218218,0.5226805753121542
3,0.8228228228228228,0.5229966808914177
3,0.8238238238238238,0.5233127864706811
3,0.8248248248248248,0.5236288920499447
3,0.8258258258258259,0.5239449976292081
3,0.8268268268268268,0.5242611032084716
3,0.8278278278278278,0.5245772087877351
3,0.8288288288288288,0.5248933143669985
3,0.8298298298298298,0.525209419946262
3,0.8308308308308309,0.5255255255255254
3,0.8318318318318318,0.525841631104789
3,0.8328328328328328,0.5261577366840524
3,0.8338338338338338,0.40013860013860014
3,0.8348348348348348,0.40041580041580044
3,0.8358358358358359,0.40069300069300073
3,0.8368368368368369,0.400970200970201
3,0.8378378378378378,0.40124740124740127
3,0.8388388388388388,0.4015246015246015
3,0.8398398398398398,0.4018018018018018
3,0.8408408408408409,0.4020790020790021
3,0.8418418418418419,0.4023562023562024
3,0.8428428428428428,0.40263340263340264
3,0.8438438438438438,0.40291060291060293
3,0.8448448448448448,0.4031878031878032
3,0.8458458458458459,0.40346500346500347
3,0.8468468468468469,0.40374220374220376
3,0.8478478478478478,0.404019404019404
3,0.8488488488488488,0.4042966042966043
3,0.8498498498498498,0.40457380457380454
3,0.8508508508508509,0.4048510048510049
3,0.8518518518518519,0.40512820512820513
3,0.8528528528528528,0.40540540540540543
3,0.8538538538538538,0.40568260568260567
3,0.8548548548548548,0.40595980595980596
3,0.8558558558558559,0.40623700623700626
3,0.8568568568568569,0.4065142065142065
3,0.8578578578578578,0.4067914067914068
3,0.8588588588588588,0.4070686070686071
3,0.8598598598598598,0.40734580734580733
3,0.8608608608608609,0.4076230076230076
3,0.8618618618618619,0.4079002079002079
3,0.8628628628628628,0.40817740817740816
3,0.8638638638638638,0.40845460845460846
3,0.8648648648648649,0.40873180873180875
3,0.8658658658658659,0.40900900900900905
3,0.8668668668668669,0.4092862092862093
3,0.8678678678678678,0.4095634095634096
3,0.8688688688688688,0.4098406098406098
3,0.8698698698698699,0.4101178101178101
3,0.8708708708708709,0.4103950103950104
3,0.8718718718718719,0.41067221067221066
3,0.8728728728728729,0.41094941094941095
3,0.8738738738738738,0.4112266112266112
3,0.8748748748748749,0.41150381150381155
3,0.8758758758758759,0.4117810117810118
3,0.8768768768768769,0.4120582120582121
3,0.8778778778778779,0.4123354123354123
3,0.8788788788788788,0.4126126126126126
3,0.8798798798798799,0.4128898128898129
3,0.8808808808808809,0.4131670131670132
3,0.8818818818818819,0.41344421344421345
3,0.8828828828828829,0.41372141372141374
3,0.8838838838838838,0.413998613998614
3,0.8848848848848849,0.4142758142758143
3,0.8858858858858859,0.4145530145530146
3,0.8868868868868869,0.4148302148302148
3,0.8878878878878879,0.4151074151074151
3,0.8888888888888888,0.41538461538461535
3,0.8898898898898899,0.4156618156618157
3,0.8908908908908909,0.41593901593901594
3,0.8918918918918919,0.41621621621621624
3,0.8928928928928929,0.4164934164934165
3,0.8938938938938938,0.4167706167706168
3,0.8948948948948949,0.41704781704781707
3,0.8958958958958959,0.4173250173250173
3,0.8968968968968969,0.4176022176022176
3,0.8978978978978979,0.4178794178794179
3,0.8988988988988988,0.41815661815661814
3,0.8998998998998999,0.41843381843381844
3,0.9009009009009009,0.41871101871101873
3,0.9019019019019019,0.418988218988219
3,0.9029029029029029,0.41926541926541927
3,0.9039039039039038,0.4195426195426195
3,0.9049049049049049,0.41981981981981986
3,0.9059059059059059,0.4200970200970201
3,0.9069069069069069,0.4203742203742204
3,0.9079079079079079,0.42065142065142064
3,0.9089089089089089,0.42092862092862093
3,0.9099099099099099,0.42120582120582123
3,0.9109109109109109,0.42148302148302147
3,0.9119119119119119,0.42176022176022177
3,0.9129129129129129,0.422037422037422
3,0.9139139139139139,0.4223146223146223
3,0.914914914914915,0.4225918225918226
3,0.9159159159159159,0.4228690228690229
3,0.9169169169169169,0.3235874529992177
3,0.9179179179179179,0.323819617937265
3,0.9189189189189189,0.3240517828753123
3,0.91991991991992,0.3242839478133596
3,0.9209209209209209,0.3245161127514069
3,0.9219219219219219,0.3247482776894542
3,0.9229229229229229,0.3249804426275015
3,0.9239239239239239,0.32521260756554876
3,0.924924924924925,0.32544477250359605
3,0.9259259259259259,0.32567693744164333
3,0.9269269269269269,0.3259091023796906
3,0.9279279279279279,0.3261412673177379
3,0.9289289289289289,0.3263734322557852
3,0.92992992992993,0.32660559719383253
3,0.9309309309309309,0.3268377621318798
3,0.9319319319319319,0.3270699270699271
3,0.9329329329329329,0.3273020920079744
3,0.933933933933934,0.3275342569460217
3,0.934934934934935,0.32776642188406896
3,0.9359359359359359,0.32799858682211624
3,0.9369369369369369,0.32823075176016353
3,0.9379379379379379,0.3284629166982108
3,0.938938938938939,0.32869508163625816
3,0.93993993993994,0.32892724657430544
3,0.9409409409409409,0.32915941151235273
3,0.9419419419419419,0.3293915764504
3,0.9429429429429429,0.3296237413884473
3,0.943943943943944,0.3298559063264946
3,0.944944944944945,0.33008807126454187
3,0.9459459459459459,0.33032023620258916
3,0.9469469469469469,0.33055240114063644
3,0.9479479479479479,0.33078456607868373
3,0.948948948948949,0.33101673101673107
3,0.94994994994995,0.33124889595477836
3,0.950950950950951,0.3314810608928256
3,0.9519519519519519,0.3317132258308729
3,0.9529529529529529,0.33194539076892016
3,0.953953953953954,0.3321775557069675
3,0.954954954954955,0.3324097206450148
3,0.955955955955956,0.33264188558306207
3,0.9569569569569569,0.33287405052110935
3,0.9579579579579579,0.33310621545915664
3,0.958958958958959,0.3333383803972039
3,0.95995995995996,0.3335705453352512
3,0.960960960960961,0.3338027102732985
3,0.9619619619619619,0.3340348752113458
3,0.9629629629629629,0.33426704014939307
3,0.963963963963964,0.3344992050874404
3,0.964964964964965,0.3347313700254877
3,0.965965965965966,0.334963534963535
3,0.9669669669669669,0.33519569990158227
3,0.9679679679679679,0.33542786483962955
3,0.968968968968969,0.33566002977767684
3,0.96996996996997,0.3358921947157241
3,0.970970970970971,0.3361243596537714
3,0.9719719719719719,0.3363565245918187
3,0.9729729729729729,0.336588689529866
3,0.973973973973974,0.3368208544679133
3,0.974974974974975,0.3370530194059606
3,0.975975975975976,0.3372851843440079
3,0.9769769769769769,0.3375173492820552
3,0.9779779779779779,0.33774951422010246
3,0.978978978978979,0.33798167915814975
3,0.97997997997998,0.33821384409619704
3,0.980980980980981,0.3384460090342443
3,0.9819819819819819,0.3386781739722916
3,0.9829829829829829,0.3389103389103389
3,0.983983983983984,0.33914250384838623
3,0.984984984984985,0.3393746687864335
3,0.985985985985986,0.3396068337244808
3,0.986986986986987,0.3398389986625281
3,0.9879879879879879,0.3400711636005754
3,0.988988988988989,0.34030332853862266
3,0.98998998998999,0.34053549347666995
3,0.990990990990991,0.34076765841471723
3,0.991991991991992,0.3409998233527645
3,0.992992992992993,0.34123198829081186
3,0.993993993993994,0.34146415322885915
3,0.994994994994995,0.34169631816690643
3,0.995995995995996,0.3419284831049537
3,0.996996996996997,0.342160648043001
3,0.997997997997998,0.3423928129810483
3,0.998998998998999,0.3426249779190956
3,1.0,0.27906976744186046
4,0.0,1.0
4,0.001001001001001001,1.0
4,0.002002002002002002,1.0
4,0.003003003003003003,1.0
4,0.004004004004004004,1.0
4,0.005005005005005005,1.0
4,0.006006006006006006,1.0
4,0.007007007007007007,1.0
4,0.008008008008008008,1.0
4,0.009009009009009009,1.0
4,0.01001001001001001,1.0
4,0.011011011011011011,1.0
4,0.012012012012012012,1.0
4,0.013013013013013013,1.0
4,0.014014014014014014,1.0
4,0.015015015015015015,1.0
4,0.016016016016016016,1.0
4,0.017017017017017015,1.0
4,0.018018018018018018,1.0
4,0.01901901901901902,1.0
4,0.02002002002002002,1.0
4,0.02102102102102102,1.0
4,0.022022022022022022,1.0
4,0.023023023023023025,1.0
4,0.024024024024024024,1.0
4,0.025025025025025023,1.0
4,0.026026026026026026,1.0
4,0.02702702702702703,1.0
4,0.028028028028028028,1.0
4,0.029029029029029027,1.0
4,0.03003003003003003,1.0
4,0.031031031031031032,1.0
4,0.03203203203203203,1.0
4,0.03303303303303303,1.0
4,0.03403403403403403,1.0
4,0.035035035035035036,1.0
4,0.036036036036036036,1.0
4,0.037037037037037035,1.0
4,0.03803803803803804,1.0
4,0.03903903903903904,1.0
4,0.04004004004004004,1.0
4,0.04104104104104104,1.0
4,0.04204204204204204,1.0
4,0.043043043043043044,1.0
4,0.044044044044044044,1.0
4,0.04504504504504504,1.0
4,0.04604604604604605,1.0
4,0.04704704704704705,1.0
4,0.04804804804804805,1.0
4,0.04904904904904905,1.0
4,0.050050050050050046,1.0
4,0.05105105105105105,1.0
4,0.05205205205205205,1.0
4,0.05305305305305305,1.0
4,0.05405405405405406,1.0
4,0.055055055055055056,1.0
4,0.056056056056056056,1.0
4,0.057057057057057055,1.0
4,0.058058058058058054,1.0
4,0.05905905905905906,1.0
4,0.06006006006006006,1.0
4,0.06106106106106106,1.0
4,0.062062062062062065,1.0
4,0.06306306306306306,1.0
4,0.06406406406406406,1.0
4,0.06506506506506507,1.0
4,0.06606606606606606,1.0
4,0.06706706706706707,1.0
4,0.06806806806806806,1.0
4,0.06906906906906907,1.0
4,0.07007007007007007,1.0
4,0.07107107107107107,1.0
4,0.07207207207207207,1.0
4,0.07307307307307308,1.0
4,0.07407407407407407,1.0
4,0.07507507507507508,1.0
4,0.07607607607607608,1.0
4,0.07707707707707707,1.0
4,0.07807807807807808,1.0
4,0.07907907907907907,1.0
4,0.08008008008008008,1.0
4,0.08108108108108109,1.0
4,0.08208208208208208,1.0
4,0.08308308308308308,1.0
4,0.08408408408408408,1.0
4,0.08508508508508508,1.0
4,0.08608608608608609,1.0
4,0.08708708708708708,1.0
4,0.08808808808808809,1.0
4,0.0890890890890891,1.0
4,0.09009009009009009,1.0
4,0.09109109109109109,1.0
4,0.0920920920920921,1.0
4,0.09309309309309309,1.0
4,0.0940940940940941,1.0
4,0.09509509509509509,1.0
4,0.0960960960960961,1.0
4,0.0970970970970971,1.0
4,0.0980980980980981,1.0
4,0.0990990990990991,1.0
4,0.10010010010010009,1.0
4,0.1011011011011011,1.0
4,0.1021021021021021,1.0
4,0.1031031031031031,1.0
4,0.1041041041041041,1.0
4,0.10510510510510511,1.0
4,0.1061061061061061,1.0
4,0.10710710710710711,1.0
4,0.10810810810810811,1.0
4,0.1091091091091091,1.0
4,0.11011011011011011,1.0
4,0.1111111111111111,1.0
4,0.11211211211211211,1.0
4,0.11311311311311312,1.0
4,0.11411411411411411,1.0
4,0.11511511511511512,1.0
4,0.11611611611611611,1.0
4,0.11711711711711711,1.0
4,0.11811811811811812,1.0
4,0.11911911911911911,1.0
4,0.12012012012012012,1.0
4,0.12112112112112113,1.0
4,0.12212212212212212,1.0
4,0.12312312312312312,1.0
4,0.12412412412412413,1.0
4,0.12512512512512514,1.0
4,0.12612612612612611,1.0
4,0.12712712712712712,1.0
4,0.12812812812812813,1.0
4,0.12912912912912913,1.0
4,0.13013013013013014,1.0
4,0.13113113113113112,1.0
4,0.13213213213213212,1.0
4,0.13313313313313313,1.0
4,0.13413413413413414,1.0
4,0.13513513513513514,1.0
4,0.13613613613613612,1.0
4,0.13713713713713713,1.0
4,0.13813813813813813,1.0
4,0.13913913913913914,1.0
4,0.14014014014014015,1.0
4,0.14114114114114115,1.0
4,0.14214214214214213,1.0
4,0.14314314314314314,1.0
4,0.14414414414414414,1.0
4,0.14514514514514515,1.0
4,0.14614614614614616,1.0
4,0.14714714714714713,1.0
4,0.14814814814814814,1.0
4,0.14914914914914915,1.0
4,0.15015015015015015,1.0
4,0.15115115115115116,1.0
4,0.15215215215215216,1.0
4,0.15315315315315314,1.0
4,0.15415415415415415,1.0
4,0.15515515515515516,1.0
4,0.15615615615615616,1.0
4,0.15715715715715717,1.0
4,0.15815815815815815,1.0
4,0.15915915915915915,1.0
4,0.16016016016016016,1.0
4,0.16116116116116116,1.0
4,0.16216216216216217,1.0
4,0.16316316316316315,1.0
4,0.16416416416416416,1.0
4,0.16516516516516516,1.0
4,0.16616616616616617,1.0
4,0.16716716716716717,1.0
4,0.16816816816816815,1.0
4,0.16916916916916916,1.0
4,0.17017017017017017,1.0
4,0.17117117117117117,1.0
4,0.17217217217217218,1.0
4,0.17317317317317318,1.0
4,0.17417417417417416,1.0
4,0.17517517517517517,1.0
4,0.17617617617617617,1.0
4,0.17717717717717718,1.0
4,0.1781781781781782,1.0
4,0.17917917917917917,1.0
4,0.18018018018018017,1.0
4,0.18118118118118118,1.0
4,0.18218218218218218,1.0
4,0.1831831831831832,1.0
4,0.1841841841841842,1.0
4,0.18518518518518517,1.0
4,0.18618618618618618,1.0
4,0.1871871871871872,1.0
4,0.1881881881881882,1.0
4,0.1891891891891892,1.0
4,0.19019019019019018,1.0
4,0.19119119119119118,1.0
4,0.1921921921921922,1.0
4,0.1931931931931932,1.0
4,0.1941941941941942,1.0
4,0.19519519519519518,1.0
4,0.1961961961961962,1.0
4,0.1971971971971972,1.0
4,0.1981981981981982,1.0
4,0.1991991991991992,1.0
4,0.20020020020020018,1.0
4,0.2012012012012012,1.0
4,0.2022022022022022,1.0
4,0.2032032032032032,1.0
4,0.2042042042042042,1.0
4,0.20520520520520522,1.0
4,0.2062062062062062,1.0
4,0.2072072072072072,1.0
4,0.2082082082082082,1.0
4,0.2092092092092092,1.0
4,0.21021021021021022,1.0
4,0.2112112112112112,1.0
4,0.2122122122122122,1.0
4,0.2132132132132132,1.0
4,0.21421421421421422,1.0
4,0.21521521521521522,1.0
4,0.21621621621621623,1.0
4,0.2172172172172172,1.0
4,0.2182182182182182,1.0
4,0.21921921921921922,1.0
4,0.22022022022022023,1.0
4,0.22122122122122123,1.0
4,0.2222222222222222,1.0
4,0.22322322322322322,1.0
4,0.22422422422422422,1.0
4,0.22522522522522523,1.0
4,0.22622622622622623,1.0
4,0.2272272272272272,1.0
4,0.22822822822822822,1.0
4,0.22922922922922923,1.0
4,0.23023023023023023,1.0
4,0.23123123123123124,1.0
4,0.23223223223223222,1.0
4,0.23323323323323322,1.0
4,0.23423423423423423,1.0
4,0.23523523523523523,1.0
4,0.23623623623623624,1.0
4,0.23723723723723725,1.0
4,0.23823823823823823,1.0
4,0.23923923923923923,1.0
4,0.24024024024024024,1.0
4,0.24124124124124124,1.0
4,0.24224224224224225,1.0
4,0.24324324324324323,1.0
4,0.24424424424424424,1.0
4,0.24524524524524524,1.0
4,0.24624624624624625,1.0
4,0.24724724724724725,1.0
4,0.24824824824824826,1.0
4,0.24924924924924924,1.0
4,0.2502502502502503,0.6002002002002002
4,0.25125125125125125,0.601001001001001
4,0.25225225225225223,0.6018018018018018
4,0.25325325325325326,0.6026026026026026
4,0.25425425425425424,0.6034034034034034
4,0.2552552552552553,0.6042042042042042
4,0.25625625625625625,0.605005005005005
4,0.25725725725725723,0.6058058058058058
4,0.25825825825825827,0.6066066066066066
4,0.25925925925925924,0.6074074074074074
4,0.2602602602602603,0.6082082082082082
4,0.26126126126126126,0.609009009009009
4,0.26226226226226224,0.6098098098098098
4,0.26326326326326327,0.6106106106106106
4,0.26426426426426425,0.6114114114114114
4,0.2652652652652653,0.6122122122122122
4,0.26626626626626626,0.613013013013013
4,0.26726726726726724,0.6138138138138137
4,0.2682682682682683,0.6146146146146146
4,0.26926926926926925,0.6154154154154153
4,0.2702702702702703,0.6162162162162163
4,0.27127127127127126,0.6170170170170169
4,0.27227227227227224,0.6178178178178177
4,0.2732732732732733,0.6186186186186186
4,0.27427427427427425,0.6194194194194194
4,0.2752752752752753,0.6202202202202202
4,0.27627627627627627,0.621021021021021
4,0.2772772772772773,0.6218218218218218
4,0.2782782782782783,0.6226226226226226
4,0.27927927927927926,0.6234234234234234
4,0.2802802802802803,0.6242242242242242
4,0.28128128128128127,0.625025025025025
4,0.2822822822822823,0.6258258258258258
4,0.2832832832832833,0.6266266266266266
4,0.28428428428428426,0.6274274274274274
4,0.2852852852852853,0.6282282282282282
4,0.2862862862862863,0.629029029029029
4,0.2872872872872873,0.6298298298298298
4,0.2882882882882883,0.6306306306306306
4,0.28928928928928926,0.6314314314314314
4,0.2902902902902903,0.6322322322322322
4,0.2912912912912913,0.633033033033033
4,0.2922922922922923,0.6338338338338338
4,0.2932932932932933,0.6346346346346347
4,0.29429429429429427,0.6354354354354353
4,0.2952952952952953,0.6362362362362363
4,0.2962962962962963,0.637037037037037
4,0.2972972972972973,0.6378378378378379
4,0.2982982982982983,0.6386386386386386
4,0.29929929929929927,0.6394394394394394
4,0.3003003003003003,0.6402402402402402
4,0.3013013013013013,0.641041041041041
4,0.3023023023023023,0.6418418418418418
4,0.3033033033033033,0.6426426426426426
4,0.30430430430430433,0.6434434434434434
4,0.3053053053053053,0.6442442442442442
4,0.3063063063063063,0.645045045045045
4,0.3073073073073073,0.6458458458458458
4,0.3083083083083083,0.6466466466466466
4,0.30930930930930933,0.6474474474474474
4,0.3103103103103103,0.6482482482482482
4,0.3113113113113113,0.649049049049049
4,0.3123123123123123,0.6498498498498498
4,0.3133133133133133,0.6506506506506506
4,0.31431431431431434,0.6514514514514514
4,0.3153153153153153,0.6522522522522523
4,0.3163163163163163,0.6530530530530531
4,0.3173173173173173,0.6538538538538539
4,0.3183183183183183,0.6546546546546547
4,0.31931931931931934,0.6554554554554555
4,0.3203203203203203,0.6562562562562563
4,0.3213213213213213,0.657057057057057
4,0.32232232232232233,0.6578578578578579
4,0.3233233233233233,0.6586586586586586
4,0.32432432432432434,0.6594594594594595
4,0.3253253253253253,0.6602602602602602
4,0.3263263263263263,0.661061061061061
4,0.32732732732732733,0.6618618618618618
4,0.3283283283283283,0.6626626626626626
4,0.32932932932932935,0.6634634634634634
4,0.3303303303303303,0.6642642642642642
4,0.3313313313313313,0.665065065065065
4,0.33233233233233234,0.6658658658658658
4,0.3333333333333333,0.5
4,0.33433433433433435,0.5006673340006673
4,0.3353353353353353,0.5013346680013346
4,0.3363363363363363,0.502002002002002
4,0.33733733733733734,0.5026693360026694
4,0.3383383383383383,0.5033366700033367
4,0.33933933933933935,0.504004004004004
4,0.34034034034034033,0.5046713380046713
4,0.34134134134134136,0.5053386720053387
4,0.34234234234234234,0.506006006006006
4,0.3433433433433433,0.5066733400066733
4,0.34434434434434436,0.5073406740073407
4,0.34534534534534533,0.508008008008008
4,0.34634634634634637,0.5086753420086754
4,0.34734734734734735,0.5093426760093427
4,0.3483483483483483,0.51001001001001
4,0.34934934934934936,0.5106773440106773
4,0.35035035035035034,0.5113446780113446
4,0.35135135135135137,0.5120120120120121
4,0.35235235235235235,0.5126793460126794
4,0.3533533533533533,0.5133466800133467
4,0.35435435435435436,0.514014014014014
4,0.35535535535535534,0.5146813480146814
4,0.3563563563563564,0.5153486820153487
4,0.35735735735735735,0.516016016016016
4,0.35835835835835833,0.5166833500166833
4,0.35935935935935936,0.5173506840173507
4,0.36036036036036034,0.5180180180180181
4,0.3613613613613614,0.5186853520186854
4,0.36236236236236236,0.5193526860193527
4,0.36336336336336333,0.52002002002002
4,0.36436436436436437,0.5206873540206873
4,0.36536536536536535,0.5213546880213547
4,0.3663663663663664,0.5220220220220221
4,0.36736736736736736,0.5226893560226894
4,0.3683683683683684,0.5233566900233567
4,0.36936936936936937,0.524024024024024
4,0.37037037037037035,0.5246913580246914
4,0.3713713713713714,0.5253586920253587
4,0.37237237237237236,0.526026026026026
4,0.3733733733733734,0.5266933600266934
4,0.3743743743743744,0.5273606940273607
4,0.37537537537537535,0.5280280280280281
4,0.3763763763763764,0.5286953620286954
4,0.37737737737737737,0.5293626960293627
4,0.3783783783783784,0.53003003003003
4,0.3793793793793794,0.5306973640306973
4,0.38038038038038036,0.5313646980313647
4,0.3813813813813814,0.5320320320320321
4,0.38238238238238237,0.5326993660326994
4,0.3833833833833834,0.5333667000333667
4,0.3843843843843844,0.534034034034034
4,0.38538538538538536,0.5347013680347014
4,0.3863863863863864,0.5353687020353687
4,0.38738738738738737,0.536036036036036
4,0.3883883883883884,0.5367033700367034
4,0.3893893893893894,0.5373707040373707
4,0.39039039039039036,0.5380380380380381
4,0.3913913913913914,0.5387053720387054
4,0.3923923923923924,0.5393727060393727
4,0.3933933933933934,0.54004004004004
4,0.3943943943943944,0.5407073740407073
4,0.39539539539539537,0.5413747080413747
4,0.3963963963963964,0.5420420420420421
4,0.3973973973973974,0.5427093760427094
4,0.3983983983983984,0.5433767100433767
4,0.3993993993993994,0.544044044044044
4,0.40040040040040037,0.5447113780447114
4,0.4014014014014014,0.5453787120453787
4,0.4024024024024024,0.546046046046046
4,0.4034034034034034,0.5467133800467134
4,0.4044044044044044,0.5473807140473808
4,0.40540540540540543,0.5480480480480481
4,0.4064064064064064,0.5487153820487154
4,0.4074074074074074,0.5493827160493827
4,0.4084084084084084,0.55005005005005
4,0.4094094094094094,0.5507173840507174
4,0.41041041041041043,0.5513847180513848
4,0.4114114114114114,0.5520520520520521
4,0.4124124124124124,0.5527193860527194
4,0.4134134134134134,0.5533867200533867
4,0.4144144144144144,0.5540540540540541
4,0.41541541541541543,0.5547213880547214
4,0.4164164164164164,0.5553887220553887
4,0.4174174174174174,0.4549549549549549
4,0.4184184184184184,0.4555009555009555
4,0.4194194194194194,0.456046956046956
4,0.42042042042042044,0.45659295659295657
4,0.4214214214214214,0.45713895713895714
4,0.4224224224224224,0.45768495768495765
4,0.42342342342342343,0.4582309582309582
4,0.4244244244244244,0.45877695877695873
4,0.42542542542542544,0.4593229593229593
4,0.4264264264264264,0.4598689598689598
4,0.4274274274274274,0.4604149604149604
4,0.42842842842842843,0.46096096096096095
4,0.4294294294294294,0.46150696150696147
4,0.43043043043043044,0.46205296205296204
4,0.4314314314314314,0.46259896259896255
4,0.43243243243243246,0.4631449631449631
4,0.43343343343343343,0.4636909636909637
4,0.4344344344344344,0.4642369642369642
4,0.43543543543543545,0.46478296478296477
4,0.4364364364364364,0.4653289653289653
4,0.43743743743743746,0.46587496587496585
4,0.43843843843843844,0.4664209664209664
4,0.4394394394394394,0.46696696696696693
4,0.44044044044044045,0.4675129675129675
4,0.44144144144144143,0.468058968058968
4,0.44244244244244246,0.4686049686049686
4,0.44344344344344344,0.46915096915096915
4,0.4444444444444444,0.46969696969696967
4,0.44544544544544545,0.47024297024297024
4,0.44644644644644643,0.47078897078897075
4,0.44744744744744747,0.4713349713349713
4,0.44844844844844844,0.4718809718809719
4,0.4494494494494494,0.4724269724269724
4,0.45045045045045046,0.47297297297297297
4,0.45145145145145144,0.4735189735189735
4,0.45245245245245247,0.47406497406497405
4,0.45345345345345345,0.47461097461097457
4,0.4544544544544544,0.47515697515697514
4,0.45545545545545546,0.4757029757029757
4,0.45645645645645644,0.4762489762489762
4,0.4574574574574575,0.4767949767949768
4,0.45845845845845845,0.4773409773409773
4,0.45945945945945943,0.47788697788697787
4,0.46046046046046046,0.47843297843297844
4,0.46146146146146144,0.47897897897897895
4,0.4624624624624625,0.4795249795249795
4,0.46346346346346345,0.48007098007098004
4,0.46446446446446443,0.4806169806169806
4,0.46546546546546547,0.4811629811629812
4,0.46646646646646645,0.4817089817089817
4,0.4674674674674675,0.48225498225498226
4,0.46846846846846846,0.48280098280098277
4,0.4694694694694695,0.48334698334698334
4,0.47047047047047047,0.4838929838929839
4,0.47147147147147145,0.4844389844389844
4,0.4724724724724725,0.484984984984985
4,0.47347347347347346,0.4855309855309855
4,0.4744744744744745,0.4860769860769861
4,0.4754754754754755,0.48662298662298664
4,0.47647647647647645,0.48716898716898716
4,0.4774774774774775,0.4877149877149877
4,0.47847847847847846,0.48826098826098824
4,0.4794794794794795,0.4888069888069888
4,0.4804804804804805,0.4893529893529893
4,0.48148148148148145,0.4898989898989899
4,0.4824824824824825,0.49044499044499046
4,0.48348348348348347,0.49099099099099097
4,0.4844844844844845,0.49153699153699154
4,0.4854854854854855,0.49208299208299205
4,0.48648648648648646,0.4926289926289926
4,0.4874874874874875,0.4931749931749932
4,0.48848848848848847,0.4937209937209937
4,0.4894894894894895,0.4942669942669943
4,0.4904904904904905,0.4948129948129948
4,0.49149149149149146,0.49535899535899536
4,0.4924924924924925,0.4959049959049959
4,0.4934934934934935,0.49645099645099644
4,0.4944944944944945,0.496996996996997
4,0.4954954954954955,0.4975429975429975
4,0.4964964964964965,0.4980889980889981
4,0.4974974974974975,0.4986349986349986
4,0.4984984984984985,0.4991809991809992
4,0.4994994994994995,0.49972699972699974
4,0.5005005005005005,0.5002310002310002
4,0.5015015015015015,0.5006930006930007
4,0.5025025025025025,0.5011550011550011
4,0.5035035035035035,0.5016170016170016
4,0.5045045045045045,0.502079002079002
4,0.5055055055055055,0.5025410025410025
4,0.5065065065065065,0.503003003003003
4,0.5075075075075075,0.5034650034650034
4,0.5085085085085085,0.503927003927004
4,0.5095095095095095,0.5043890043890044
4,0.5105105105105106,0.5048510048510049
4,0.5115115115115115,0.5053130053130053
4,0.5125125125125125,0.5057750057750058
4,0.5135135135135135,0.5062370062370062
4,0.5145145145145145,0.5066990066990067
4,0.5155155155155156,0.5071610071610072
4,0.5165165165165165,0.5076230076230076
4,0.5175175175175175,0.5080850080850081
4,0.5185185185185185,0.5085470085470085
4,0.5195195195195195,0.509009009009009
4,0.5205205205205206,0.5094710094710094
4,0.5215215215215215,0.5099330099330099
4,0.5225225225225225,0.5103950103950103
4,0.5235235235235235,0.5108570108570109
4,0.5245245245245245,0.5113190113190113
4,0.5255255255255256,0.5117810117810118
4,0.5265265265265265,0.5122430122430123
4,0.5275275275275275,0.5127050127050127
4,0.5285285285285285,0.5131670131670132
4,0.5295295295295295,0.5136290136290136
4,0.5305305305305306,0.5140910140910141
4,0.5315315315315315,0.5145530145530145
4,0.5325325325325325,0.515015015015015
4,0.5335335335335335,0.5154770154770154
4,0.5345345345345345,0.5159390159390159
4,0.5355355355355356,0.5164010164010164
4,0.5365365365365365,0.5168630168630168
4,0.5375375375375375,0.5173250173250173
4,0.5385385385385385,0.5177870177870177
4,0.5395395395395395,0.5182490182490183
4,0.5405405405405406,0.5187110187110187
4,0.5415415415415415,0.5191730191730192
4,0.5425425425425425,0.5196350196350196
4,0.5435435435435435,0.5200970200970201
4,0.5445445445445445,0.5205590205590205
4,0.5455455455455456,0.521021021021021
4,0.5465465465465466,0.5214830214830215
4,0.5475475475475475,0.5219450219450219
4,0.5485485485485485,0.5224070224070224
4,0.5495495495495496,0.5228690228690228
4,0.5505505505505506,0.5233310233310233
4,0.5515515515515516,0.5237930237930237
4,0.5525525525525525,0.5242550242550242
4,0.5535535535535535,0.5247170247170246
4,0.5545545545545546,0.5251790251790251
4,0.5555555555555556,0.5256410256410257
4,0.5565565565565566,0.5261030261030261
4,0.5575575575575575,0.5265650265650266
4,0.5585585585585585,0.527027027027027
4,0.5595595595595596,0.5274890274890275
4,0.5605605605605606,0.5279510279510279
4,0.5615615615615616,0.5284130284130284
4,0.5625625625625625,0.5288750288750288
4,0.5635635635635635,0.5293370293370293
4,0.5645645645645646,0.5297990297990298
4,0.5655655655655656,0.5302610302610302
4,0.5665665665665666,0.5307230307230307
4,0.5675675675675675,0.5311850311850311
4,0.5685685685685685,0.5316470316470316
4,0.5695695695695696,0.532109032109032
4,0.5705705705705706,0.5325710325710326
4,0.5715715715715716,0.533033033033033
4,0.5725725725725725,0.5334950334950335
4,0.5735735735735735,0.5339570339570339
4,0.5745745745745746,0.5344190344190344
4,0.5755755755755756,0.5348810348810349
4,0.5765765765765766,0.5353430353430353
4,0.5775775775775776,0.5358050358050358
4,0.5785785785785785,0.5362670362670362
4,0.5795795795795796,0.5367290367290367
4,0.5805805805805806,0.5371910371910371
4,0.5815815815815816,0.5376530376530376
4,0.5825825825825826,0.538115038115038
4,0.5835835835835835,0.46676676676676676
4,0.5845845845845846,0.46716716716716716
4,0.5855855855855856,0.46756756756756757
4,0.5865865865865866,0.46796796796796797
4,0.5875875875875876,0.46836836836836837
4,0.5885885885885885,0.4687687687687687
4,0.5895895895895896,0.4691691691691692
4,0.5905905905905906,0.4695695695695696
4,0.5915915915915916,0.46996996996997
4,0.5925925925925926,0.4703703703703703
4,0.5935935935935935,0.47077077077077073
4,0.5945945945945946,0.4711711711711712
4,0.5955955955955956,0.4715715715715716
4,0.5965965965965966,0.47197197197197194
4,0.5975975975975976,0.47237237237237234
4,0.5985985985985985,0.47277277277277274
4,0.5995995995995996,0.4731731731731732
4,0.6006006006006006,0.47357357357357355
4,0.6016016016016016,0.47397397397397395
4,0.6026026026026026,0.47437437437437435
4,0.6036036036036035,0.47477477477477475
4,0.6046046046046046,0.47517517517517516
4,0.6056056056056056,0.47557557557557556
4,0.6066066066066066,0.47597597597597596
4,0.6076076076076076,0.47637637637637636
4,0.6086086086086087,0.47677677677677677
4,0.6096096096096096,0.47717717717717717
4,0.6106106106106106,0.47757757757757757
4,0.6116116116116116,0.477977977977978
4,0.6126126126126126,0.4783783783783784
4,0.6136136136136137,0.4787787787787788
4,0.6146146146146146,0.4791791791791792
4,0.6156156156156156,0.4795795795795796
4,0.6166166166166166,0.47997997997998
4,0.6176176176176176,0.4803803803803804
4,0.6186186186186187,0.4807807807807808
4,0.6196196196196196,0.4811811811811812
4,0.6206206206206206,0.4815815815815816
4,0.6216216216216216,0.481981981981982
4,0.6226226226226226,0.48238238238238235
4,0.6236236236236237,0.4827827827827828
4,0.6246246246246246,0.4831831831831832
4,0.6256256256256256,0.4835835835835836
4,0.6266266266266266,0.48398398398398396
4,0.6276276276276276,0.48438438438438436
4,0.6286286286286287,0.4847847847847848
4,0.6296296296296297,0.4851851851851852
4,0.6306306306306306,0.48558558558558557
4,0.6316316316316316,0.48598598598598597
4,0.6326326326326326,0.48638638638638637
4,0.6336336336336337,0.48678678678678683
4,0.6346346346346347,0.4871871871871872
4,0.6356356356356356,0.4875875875875876
4,0.6366366366366366,0.487987987987988
4,0.6376376376376376,0.4883883883883884
4,0.6386386386386387,0.4887887887887888
4,0.6396396396396397,0.4891891891891892
4,0.6406406406406406,0.4895895895895896
4,0.6416416416416416,0.48998998998999
4,0.6426426426426426,0.4903903903903904
4,0.6436436436436437,0.4907907907907908
4,0.6446446446446447,0.4911911911911912
4,0.6456456456456456,0.4915915915915916
4,0.6466466466466466,0.491991991991992
4,0.6476476476476476,0.4923923923923924
4,0.6486486486486487,0.4927927927927928
4,0.6496496496496497,0.4931931931931932
4,0.6506506506506506,0.4935935935935936
4,0.6516516516516516,0.493993993993994
4,0.6526526526526526,0.49439439439439437
4,0.6536536536536537,0.4947947947947948
4,0.6546546546546547,0.4951951951951952
4,0.6556556556556556,0.49559559559559563
4,0.6566566566566566,0.495995995995996
4,0.6576576576576576,0.4963963963963964
4,0.6586586586586587,0.49679679679679684
4,0.6596596596596597,0.49719719719719724
4,0.6606606606606606,0.4975975975975976
4,0.6616616616616616,0.497997997997998
4,0.6626626626626626,0.4983983983983984
4,0.6636636636636637,0.49879879879879885
4,0.6646646646646647,0.4991991991991992
4,0.6656656656656657,0.4995995995995996
4,0.6666666666666666,0.36363636363636365
4,0.6676676676676676,0.3639687117947987
4,0.6686686686686687,0.3643010599532339
4,0.6696696696696697,0.364633408111669
4,0.6706706706706707,0.36496575627010414
4,0.6716716716716716,0.3652981044285392
4,0.6726726726726726,0.36563045258697435
4,0.6736736736736737,0.3659628007454095
4,0.6746746746746747,0.36629514890384457
4,0.6756756756756757,0.3666274970622797
4,0.6766766766766766,0.3669598452207148
4,0.6776776776776777,0.3672921933791499
4,0.6786786786786787,0.36762454153758506
4,0.6796796796796797,0.36795688969602014
4,0.6806806806806807,0.3682892378544553
4,0.6816816816816816,0.36862158601289036
4,0.6826826826826827,0.3689539341713255
4,0.6836836836836837,0.36928628232976063
4,0.6846846846846847,0.3696186304881957
4,0.6856856856856857,0.36995097864663085
4,0.6866866866866866,0.3702833268050659
4,0.6876876876876877,0.37061567496350106
4,0.6886886886886887,0.3709480231219362
4,0.6896896896896897,0.3712803712803713
4,0.6906906906906907,0.3716127194388064
4,0.6916916916916916,0.3719450675972415
4,0.6926926926926927,0.37227741575567663
4,0.6936936936936937,0.37260976391411177
4,0.6946946946946947,0.37294211207254685
4,0.6956956956956957,0.373274460230982
4,0.6966966966966966,0.37360680838941707
4,0.6976976976976977,0.37393915654785226
4,0.6986986986986987,0.37427150470628734
4,0.6996996996996997,0.3746038528647224
4,0.7007007007007007,0.37493620102315756
4,0.7017017017017017,0.37526854918159264
4,0.7027027027027027,0.37560089734002783
4,0.7037037037037037,0.3759332454984629
4,0.7047047047047047,0.37626559365689805
4,0.7057057057057057,0.3765979418153331
4,0.7067067067067067,0.37693028997376826
4,0.7077077077077077,0.3772626381322034
4,0.7087087087087087,0.3775949862906385
4,0.7097097097097097,0.3779273344490736
4,0.7107107107107107,0.3782596826075087
4,0.7117117117117117,0.37859203076594383
4,0.7127127127127127,0.37892437892437897
4,0.7137137137137137,0.37925672708281405
4,0.7147147147147147,0.3795890752412492
4,0.7157157157157157,0.37992142339968427
4,0.7167167167167167,0.3802537715581194
4,0.7177177177177178,0.38058611971655454
4,0.7187187187187187,0.3809184678749896
4,0.7197197197197197,0.38125081603342476
4,0.7207207207207207,0.38158316419185984
4,0.7217217217217217,0.38191551235029497
4,0.7227227227227228,0.3822478605087301
4,0.7237237237237237,0.3825802086671652
4,0.7247247247247247,0.3829125568256003
4,0.7257257257257257,0.3832449049840354
4,0.7267267267267267,0.38357725314247054
4,0.7277277277277278,0.3839096013009057
4,0.7287287287287287,0.38424194945934076
4,0.7297297297297297,0.3845742976177759
4,0.7307307307307307,0.384906645776211
4,0.7317317317317317,0.3852389939346461
4,0.7327327327327328,0.38557134209308125
4,0.7337337337337337,0.3859036902515164
4,0.7347347347347347,0.38623603840995147
4,0.7357357357357357,0.38656838656838655
4,0.7367367367367368,0.38690073472682174
4,0.7377377377377378,0.3872330828852568
4,0.7387387387387387,0.38756543104369195
4,0.7397397397397397,0.38789777920212704
4,0.7407407407407407,0.38823012736056217
4,0.7417417417417418,0.3885624755189973
4,0.7427427427427428,0.3888948236774324
4,0.7437437437437437,0.3892271718358675
4,0.7447447447447447,0.3895595199943026
4,0.7457457457457457,0.38989186815273774
4,0.7467467467467468,0.3902242163111729
4,0.7477477477477478,0.39055656446960796
4,0.7487487487487487,0.3908889126280431
4,0.7497497497497497,0.3912212607864782
4,0.7507507507507507,0.3915328371850111
4,0.7517517517517518,0.3918374896635767
4,0.7527527527527528,0.39214214214214216
4,0.7537537537537538,0.3924467946207077
4,0.7547547547547547,0.3927514470992732
4,0.7557557557557557,0.3930560995778387
4,0.7567567567567568,0.39336075205640425
4,0.7577577577577578,0.3936654045349698
4,0.7587587587587588,0.39397005701353527
4,0.7597597597597597,0.3942747094921008
4,0.7607607607607607,0.39457936197066634
4,0.7617617617617618,0.3948840144492319
4,0.7627627627627628,0.39518866692779736
4,0.7637637637637638,0.3954933194063629
4,0.7647647647647647,0.39579797188492843
4,0.7657657657657657,0.3961026243634939
4,0.7667667667667668,0.39640727684205945
4,0.7677677677677678,0.396711929320625
4,0.7687687687687688,0.3970165817991905
4,0.7697697697697697,0.397321234277756
4,0.7707707707707707,0.39762588675632154
4,0.7717717717717718,0.3979305392348871
4,0.7727727727727728,0.3982351917134526
4,0.7737737737737738,0.3985398441920181
4,0.7747747747747747,0.39884449667058364
4,0.7757757757757757,0.3991491491491492
4,0.7767767767767768,0.3994538016277147
4,0.7777777777777778,0.3997584541062802
4,0.7787787787787788,0.40006310658484573
4,0.7797797797797797,0.40036775906341127
4,0.7807807807807807,0.40067241154197675
4,0.7817817817817818,0.4009770640205423
4,0.7827827827827828,0.4012817164991078
4,0.7837837837837838,0.40158636897767336
4,0.7847847847847848,0.40189102145623884
4,0.7857857857857857,0.4021956739348044
4,0.7867867867867868,0.4025003264133699
4,0.7877877877877878,0.40280497889193545
4,0.7887887887887888,0.40310963137050093
4,0.7897897897897898,0.40341428384906647
4,0.7907907907907907,0.40371893632763195
4,0.7917917917917918,0.40402358880619754
4,0.7927927927927928,0.404328241284763
4,0.7937937937937938,0.40463289376332856
4,0.7947947947947948,0.40493754624189404
4,0.7957957957957957,0.4052421987204596
4,0.7967967967967968,0.4055468511990251
4,0.7977977977977978,0.40585150367759065
4,0.7987987987987988,0.4061561561561562
4,0.7997997997997998,0.40646080863472167
4,0.8008008008008007,0.4067654611132872
4,0.8018018018018018,0.40707011359185274
4,0.8028028028028028,0.4073747660704183
4,0.8038038038038038,0.40767941854898376
4,0.8048048048048048,0.4079840710275493
4,0.8058058058058059,0.40828872350611484
4,0.8068068068068068,0.4085933759846804
4,0.8078078078078078,0.40889802846324586
4,0.8088088088088088,0.4092026809418114
4,0.8098098098098098,0.4095073334203769
4,0.8108108108108109,0.40981198589894247
4,0.8118118118118118,0.41011663837750795
4,0.8128128128128128,0.4104212908560735
4,0.8138138138138138,0.41072594333463897
4,0.8148148148148148,0.4110305958132045
4,0.8158158158158159,0.41133524829177004
4,0.8168168168168168,0.4116399007703356
4,0.8178178178178178,0.4119445532489011
4,0.8188188188188188,0.4122492057274666
4,0.8198198198198198,0.41255385820603213
4,0.8208208208208209,0.41285851068459767
4,0.8218218218218218,0.4131631631631632
4,0.8228228228228228,0.4134678156417287
4,0.8238238238238238,0.4137724681202942
4,0.8248248248248248,0.4140771205988597
4,0.8258258258258259,0.4143817730774253
4,0.8268268268268268,0.4146864255559908
4,0.8278278278278278,0.4149910780345563
4,0.8288288288288288,0.4152957305131218
4,0.8298298298298298,0.41560038299168733
4,0.8308308308308309,0.41590503547025287
4,0.8318318318318318,0.4162096879488184
4,0.8328328328328328,0.4165143404273839
4,0.8338338338338338,0.30315342080047963
4,0.8348348348348348,0.3033996563408328
4,0.8358358358358359,0.303645891881186
4,0.8368368368368369,0.3038921274215392
4,0.8378378378378378,0.3041383629618924
4,0.8388388388388388,0.30438459850224553
4,0.8398398398398398,0.3046308340425987
4,0.8408408408408409,0.30487706958295197
4,0.8418418418418419,0.30512330512330516
4,0.8428428428428428,0.3053695406636583
4,0.8438438438438438,0.3056157762040115
4,0.8448448448448448,0.30586201174436467
4,0.8458458458458459,0.30610824728471786
4,0.8468468468468469,0.30635448282507105
4,0.8478478478478478,0.30660071836542424
4,0.8488488488488488,0.30684695390577743
4,0.8498498498498498,0.3070931894461306
4,0.8508508508508509,0.3073394249864838
4,0.8518518518518519,0.307585660526837
4,0.8528528528528528,0.3078318960671902
4,0.8538538538538538,0.3080781316075434
4,0.8548548548548548,0.30832436714789657
4,0.8558558558558559,0.30857060268824976
4,0.8568568568568569,0.30881683822860295
4,0.8578578578578578,0.30906307376895614
4,0.8588588588588588,0.30930930930930933
4,0.8598598598598598,0.30955554484966247
4,0.8608608608608609,0.3098017803900157
4,0.8618618618618619,0.3100480159303689
4,0.8628628628628628,0.31029425147072204
4,0.8638638638638638,0.31054048701107523
4,0.8648648648648649,0.3107867225514285
4,0.8658658658658659,0.31103295809178166
4,0.8668668668668669,0.3112791936321348
4,0.8678678678678678,0.311525429172488
4,0.8688688688688688,0.3117716647128412
4,0.8698698698698699,0.31201790025319437
4,0.8708708708708709,0.31226413579354756
4,0.8718718718718719,0.31251037133390075
4,0.8728728728728729,0.31275660687425394
4,0.8738738738738738,0.31300284241460713
4,0.8748748748748749,0.3132490779549603
4,0.8758758758758759,0.3134953134953135
4,0.8768768768768769,0.3137415490356667
4,0.8778778778778779,0.3139877845760199
4,0.8788788788788788,0.3142340201163731
4,0.8798798798798799,0.31448025565672627
4,0.8808808808808809,0.31472649119707946
4,0.8818818818818819,0.31497272673743265
4,0.8828828828828829,0.31521896227778584
4,0.8838838838838838,0.315465197818139
4,0.8848848848848849,0.3157114333584922
4,0.8858858858858859,0.3159576688988454
4,0.8868868868868869,0.31620390443919855
4,0.8878878878878879,0.31645013997955174
4,0.8888888888888888,0.3166963755199049
4,0.8898898898898899,0.3169426110602582
4,0.8908908908908909,0.3171888466006113
4,0.8918918918918919,0.3174350821409645
4,0.8928928928928929,0.3176813176813177
4,0.8938938938938938,0.3179275532216709
4,0.8948948948948949,0.31817378876202407
4,0.8958958958958959,0.31842002430237726
4,0.8968968968968969,0.31866625984273045
4,0.8978978978978979,0.31891249538308364
4,0.8988988988988988,0.31915873092343683
4,0.8998998998998999,0.31940496646379
4,0.9009009009009009,0.3196512020041432
4,0.9019019019019019,0.3198974375444964
4,0.9029029029029029,0.3201436730848496
4,0.9039039039039038,0.3203899086252028
4,0.9049049049049049,0.32063614416555597
4,0.9059059059059059,0.32088237970590916
4,0.9069069069069069,0.32112861524626235
4,0.9079079079079079,0.3213748507866155
4,0.9089089089089089,0.3216210863269687
4,0.9099099099099099,0.3218673218673219
4,0.9109109109109109,0.32211355740767506
4,0.9119119119119119,0.32235979294802825
4,0.9129129129129129,0.32260602848838144
4,0.9139139139139139,0.3228522640287346
4,0.914914914914915,0.3230984995690878
4,0.9159159159159159,0.323344735109441
4,0.9169169169169169,0.3235874529992177
4,0.9179179179179179,0.323819617937265
4,0.9189189189189189,0.3240517828753123
4,0.91991991991992,0.3242839478133596
4,0.9209209209209209,0.3245161127514069
4,0.9219219219219219,0.3247482776894542
4,0.9229229229229229,0.3249804426275015
4,0.9239239239239239,0.32521260756554876
4,0.924924924924925,0.32544477250359605
4,0.9259259259259259,0.32567693744164333
4,0.9269269269269269,0.3259091023796906
4,0.9279279279279279,0.3261412673177379
4,0.9289289289289289,0.3263734322557852
4,0.92992992992993,0.32660559719383253
4,0.9309309309309309,0.3268377621318798
4,0.9319319319319319,0.3270699270699271
4,0.9329329329329329,0.3273020920079744
4,0.933933933933934,0.3275342569460217
4,0.934934934934935,0.32776642188406896
4,0.9359359359359359,0.32799858682211624
4,0.9369369369369369,0.32823075176016353
4,0.9379379379379379,0.3284629166982108
4,0.938938938938939,0.32869508163625816
4,0.93993993993994,0.32892724657430544
4,0.9409409409409409,0.32915941151235273
4,0.9419419419419419,0.3293915764504
4,0.9429429429429429,0.3296237413884473
4,0.943943943943944,0.3298559063264946
4,0.944944944944945,0.33008807126454187
4,0.9459459459459459,0.33032023620258916
4,0.9469469469469469,0.33055240114063644
4,0.9479479479479479,0.33078456607868373
4,0.948948948948949,0.33101673101673107
4,0.94994994994995,0.33124889595477836
4,0.950950950950951,0.3314810608928256
4,0.9519519519519519,0.3317132258308729
4,0.9529529529529529,0.33194539076892016
4,0.953953953953954,0.3321775557069675
4,0.954954954954955,0.3324097206450148
4,0.955955955955956,0.33264188558306207
4,0.9569569569569569,0.33287405052110935
4,0.9579579579579579,0.33310621545915664
4,0.958958958958959,0.3333383803972039
4,0.95995995995996,0.3335705453352512
4,0.960960960960961,0.3338027102732985
4,0.9619619619619619,0.3340348752113458
4,0.9629629629629629,0.33426704014939307
4,0.963963963963964,0.3344992050874404
4,0.964964964964965,0.3347313700254877
4,0.965965965965966,0.334963534963535
4,0.9669669669669669,0.33519569990158227
4,0.9679679679679679,0.33542786483962955
4,0.968968968968969,0.33566002977767684
4,0.96996996996997,0.3358921947157241
4,0.970970970970971,0.3361243596537714
4,0.9719719719719719,0.3363565245918187
4,0.9729729729729729,0.336588689529866
4,0.973973973973974,0.3368208544679133
4,0.974974974974975,0.3370530194059606
4,0.975975975975976,0.3372851843440079
4,0.9769769769769769,0.3375173492820552
4,0.9779779779779779,0.33774951422010246
4,0.978978978978979,0.33798167915814975
4,0.97997997997998,0.33821384409619704
4,0.980980980980981,0.3384460090342443
4,0.9819819819819819,0.3386781739722916
4,0.9829829829829829,0.3389103389103389
4,0.983983983983984,0.33914250384838623
4,0.984984984984985,0.3393746687864335
4,0.985985985985986,0.3396068337244808
4,0.986986986986987,0.3398389986625281
4,0.9879879879879879,0.3400711636005754
4,0.988988988988989,0.34030332853862266
4,0.98998998998999,0.34053549347666995
4,0.990990990990991,0.34076765841471723
4,0.991991991991992,0.3409998233527645
4,0.992992992992993,0.34123198829081186
4,0.993993993993994,0.34146415322885915
4,0.994994994994995,0.34169631816690643
4,0.995995995995996,0.3419284831049537
4,0.996996996996997,0.342160648043001
4,0.997997997997998,0.3423928129810483
4,0.998998998998999,0.3426249779190956
4,1.0,0.27906976744186046
5,0.0,1.0
5,0.001001001001001001,1.0
5,0.002002002002002002,1.0
5,0.003003003003003003,1.0
5,0.004004004004004004,1.0
5,0.005005005005005005,1.0
5,0.006006006006006006,1.0
5,0.007007007007007007,1.0
5,0.008008008008008008,1.0
5,0.009009009009009009,1.0
5,0.01001001001001001,1.0
5,0.011011011011011011,1.0
5,0.012012012012012012,1.0
5,0.013013013013013013,1.0
5,0.014014014014014014,1.0
5,0.015015015015015015,1.0
5,0.016016016016016016,1.0
5,0.017017017017017015,1.0
5,0.018018018018018018,1.0
5,0.01901901901901902,1.0
5,0.02002002002002002,1.0
5,0.02102102102102102,1.0
5,0.022022022022022022,1.0
5,0.023023023023023025,1.0
5,0.024024024024024024,1.0
5,0.025025025025025023,1.0
5,0.026026026026026026,1.0
5,0.02702702702702703,1.0
5,0.028028028028028028,1.0
5,0.029029029029029027,1.0
5,0.03003003003003003,1.0
5,0.031031031031031032,1.0
5,0.03203203203203203,1.0
5,0.03303303303303303,1.0
5,0.03403403403403403,1.0
5,0.035035035035035036,1.0
5,0.036036036036036036,1.0
5,0.037037037037037035,1.0
5,0.03803803803803804,1.0
5,0.03903903903903904,1.0
5,0.04004004004004004,1.0
5,0.04104104104104104,1.0
5,0.04204204204204204,1.0
5,0.043043043043043044,1.0
5,0.044044044044044044,1.0
5,0.04504504504504504,1.0
5,0.04604604604604605,1.0
5,0.04704704704704705,1.0
5,0.04804804804804805,1.0
5,0.04904904904904905,1.0
5,0.050050050050050046,1.0
5,0.05105105105105105,1.0
5,0.05205205205205205,1.0
5,0.05305305305305305,1.0
5,0.05405405405405406,1.0
5,0.055055055055055056,1.0
5,0.056056056056056056,1.0
5,0.057057057057057055,1.0
5,0.058058058058058054,1.0
5,0.05905905905905906,1.0
5,0.06006006006006006,1.0
5,0.06106106106106106,1.0
5,0.062062062062062065,1.0
5,0.06306306306306306,1.0
5,0.06406406406406406,1.0
5,0.06506506506506507,1.0
5,0.06606606606606606,1.0
5,0.06706706706706707,1.0
5,0.06806806806806806,1.0
5,0.06906906906906907,1.0
5,0.07007007007007007,1.0
5,0.07107107107107107,1.0
5,0.07207207207207207,1.0
5,0.07307307307307308,1.0
5,0.07407407407407407,1.0
5,0.07507507507507508,1.0
5,0.07607607607607608,1.0
5,0.07707707707707707,1.0
5,0.07807807807807808,1.0
5,0.07907907907907907,1.0
5,0.08008008008008008,1.0
5,0.08108108108108109,1.0
5,0.08208208208208208,1.0
5,0.08308308308308308,1.0
5,0.08408408408408408,1.0
5,0.08508508508508508,1.0
5,0.08608608608608609,1.0
5,0.08708708708708708,1.0
5,0.08808808808808809,1.0
5,0.0890890890890891,1.0
5,0.09009009009009009,1.0
5,0.09109109109109109,1.0
5,0.0920920920920921,1.0
5,0.09309309309309309,1.0
5,0.0940940940940941,1.0
5,0.09509509509509509,1.0
5,0.0960960960960961,1.0
5,0.0970970970970971,1.0
5,0.0980980980980981,1.0
5,0.0990990990990991,1.0
5,0.10010010010010009,1.0
5,0.1011011011011011,1.0
5,0.1021021021021021,1.0
5,0.1031031031031031,1.0
5,0.1041041041041041,1.0
5,0.10510510510510511,1.0
5,0.1061061061061061,1.0
5,0.10710710710710711,1.0
5,0.10810810810810811,1.0
5,0.1091091091091091,1.0
5,0.11011011011011011,1.0
5,0.1111111111111111,1.0
5,0.11211211211211211,1.0
5,0.11311311311311312,1.0
5,0.11411411411411411,1.0
5,0.11511511511511512,1.0
5,0.11611611611611611,1.0
5,0.11711711711711711,1.0
5,0.11811811811811812,1.0
5,0.11911911911911911,1.0
5,0.12012012012012012,1.0
5,0.12112112112112113,1.0
5,0.12212212212212212,1.0
5,0.12312312312312312,1.0
5,0.12412412412412413,1.0
5,0.12512512512512514,1.0
5,0.12612612612612611,1.0
5,0.12712712712712712,1.0
5,0.12812812812812813,1.0
5,0.12912912912912913,1.0
5,0.13013013013013014,1.0
5,0.13113113113113112,1.0
5,0.13213213213213212,1.0
5,0.13313313313313313,1.0
5,0.13413413413413414,1.0
5,0.13513513513513514,1.0
5,0.13613613613613612,1.0
5,0.13713713713713713,1.0
5,0.13813813813813813,1.0
5,0.13913913913913914,1.0
5,0.14014014014014015,1.0
5,0.14114114114114115,1.0
5,0.14214214214214213,1.0
5,0.14314314314314314,1.0
5,0.14414414414414414,1.0
5,0.14514514514514515,1.0
5,0.14614614614614616,1.0
5,0.14714714714714713,1.0
5,0.14814814814814814,1.0
5,0.14914914914914915,1.0
5,0.15015015015015015,1.0
5,0.15115115115115116,1.0
5,0.15215215215215216,1.0
5,0.15315315315315314,1.0
5,0.15415415415415415,1.0
5,0.15515515515515516,1.0
5,0.15615615615615616,1.0
5,0.15715715715715717,1.0
5,0.15815815815815815,1.0
5,0.15915915915915915,1.0
5,0.16016016016016016,1.0
5,0.16116116116116116,1.0
5,0.16216216216216217,1.0
5,0.16316316316316315,1.0
5,0.16416416416416416,1.0
5,0.16516516516516516,1.0
5,0.16616616616616617,1.0
5,0.16716716716716717,1.0
5,0.16816816816816815,1.0
5,0.16916916916916916,1.0
5,0.17017017017017017,1.0
5,0.17117117117117117,1.0
5,0.17217217217217218,1.0
5,0.17317317317317318,1.0
5,0.17417417417417416,1.0
5,0.17517517517517517,1.0
5,0.17617617617617617,1.0
5,0.17717717717717718,1.0
5,0.1781781781781782,1.0
5,0.17917917917917917,1.0
5,0.18018018018018017,1.0
5,0.18118118118118118,1.0
5,0.18218218218218218,1.0
5,0.1831831831831832,1.0
5,0.1841841841841842,1.0
5,0.18518518518518517,1.0
5,0.18618618618618618,1.0
5,0.1871871871871872,1.0
5,0.1881881881881882,1.0
5,0.1891891891891892,1.0
5,0.19019019019019018,1.0
5,0.19119119119119118,1.0
5,0.1921921921921922,1.0
5,0.1931931931931932,1.0
5,0.1941941941941942,1.0
5,0.19519519519519518,1.0
5,0.1961961961961962,1.0
5,0.1971971971971972,1.0
5,0.1981981981981982,1.0
5,0.1991991991991992,1.0
5,0.20020020020020018,1.0
5,0.2012012012012012,1.0
5,0.2022022022022022,1.0
5,0.2032032032032032,1.0
5,0.2042042042042042,1.0
5,0.20520520520520522,1.0
5,0.2062062062062062,1.0
5,0.2072072072072072,1.0
5,0.2082082082082082,1.0
5,0.2092092092092092,1.0
5,0.21021021021021022,1.0
5,0.2112112112112112,1.0
5,0.2122122122122122,1.0
5,0.2132132132132132,1.0
5,0.21421421421421422,1.0
5,0.21521521521521522,1.0
5,0.21621621621621623,1.0
5,0.2172172172172172,1.0
5,0.2182182182182182,1.0
5,0.21921921921921922,1.0
5,0.22022022022022023,1.0
5,0.22122122122122123,1.0
5,0.2222222222222222,1.0
5,0.22322322322322322,1.0
5,0.22422422422422422,1.0
5,0.22522522522522523,1.0
5,0.22622622622622623,1.0
5,0.2272272272272272,1.0
5,0.22822822822822822,1.0
5,0.22922922922922923,1.0
5,0.23023023023023023,1.0
5,0.23123123123123124,1.0
5,0.23223223223223222,1.0
5,0.23323323323323322,1.0
5,0.23423423423423423,1.0
5,0.23523523523523523,1.0
5,0.23623623623623624,1.0
5,0.23723723723723725,1.0
5,0.23823823823823823,1.0
5,0.23923923923923923,1.0
5,0.24024024024024024,1.0
5,0.24124124124124124,1.0
5,0.24224224224224225,1.0
5,0.24324324324324323,1.0
5,0.24424424424424424,1.0
5,0.24524524524524524,1.0
5,0.24624624624624625,1.0
5,0.24724724724724725,1.0
5,0.24824824824824826,1.0
5,0.24924924924924924,1.0
5,0.2502502502502503,0.6002002002002002
5,0.25125125125125125,0.601001001001001
5,0.25225225225225223,0.6018018018018018
5,0.25325325325325326,0.6026026026026026
5,0.25425425425425424,0.6034034034034034
5,0.2552552552552553,0.6042042042042042
5,0.25625625625625625,0.605005005005005
5,0.25725725725725723,0.6058058058058058
5,0.25825825825825827,0.6066066066066066
5,0.25925925925925924,0.6074074074074074
5,0.2602602602602603,0.6082082082082082
5,0.26126126126126126,0.609009009009009
5,0.26226226226226224,0.6098098098098098
5,0.26326326326326327,0.6106106106106106
5,0.26426426426426425,0.6114114114114114
5,0.2652652652652653,0.6122122122122122
5,0.26626626626626626,0.613013013013013
5,0.26726726726726724,0.6138138138138137
5,0.2682682682682683,0.6146146146146146
5,0.26926926926926925,0.6154154154154153
5,0.2702702702702703,0.6162162162162163
5,0.27127127127127126,0.6170170170170169
5,0.27227227227227224,0.6178178178178177
5,0.2732732732732733,0.6186186186186186
5,0.27427427427427425,0.6194194194194194
5,0.2752752752752753,0.6202202202202202
5,0.27627627627627627,0.621021021021021
5,0.2772772772772773,0.6218218218218218
5,0.2782782782782783,0.6226226226226226
5,0.27927927927927926,0.6234234234234234
5,0.2802802802802803,0.6242242242242242
5,0.28128128128128127,0.625025025025025
5,0.2822822822822823,0.6258258258258258
5,0.2832832832832833,0.6266266266266266
5,0.28428428428428426,0.6274274274274274
5,0.2852852852852853,0.6282282282282282
5,0.2862862862862863,0.629029029029029
5,0.2872872872872873,0.6298298298298298
5,0.2882882882882883,0.6306306306306306
5,0.28928928928928926,0.6314314314314314
5,0.2902902902902903,0.6322322322322322
5,0.2912912912912913,0.633033033033033
5,0.2922922922922923,0.6338338338338338
5,0.2932932932932933,0.6346346346346347
5,0.29429429429429427,0.6354354354354353
5,0.2952952952952953,0.6362362362362363
5,0.2962962962962963,0.637037037037037
5,0.2972972972972973,0.6378378378378379
5,0.2982982982982983,0.6386386386386386
5,0.29929929929929927,0.6394394394394394
5,0.3003003003003003,0.6402402402402402
5,0.3013013013013013,0.641041041041041
5,0.3023023023023023,0.6418418418418418
5,0.3033033033033033,0.6426426426426426
5,0.30430430430430433,0.6434434434434434
5,0.3053053053053053,0.6442442442442442
5,0.3063063063063063,0.645045045045045
5,0.3073073073073073,0.6458458458458458
5,0.3083083083083083,0.6466466466466466
5,0.30930930930930933,0.6474474474474474
5,0.3103103103103103,0.6482482482482482
5,0.3113113113113113,0.649049049049049
5,0.3123123123123123,0.6498498498498498
5,0.3133133133133133,0.6506506506506506
5,0.31431431431431434,0.6514514514514514
5,0.3153153153153153,0.6522522522522523
5,0.3163163163163163,0.6530530530530531
5,0.3173173173173173,0.6538538538538539
5,0.3183183183183183,0.6546546546546547
5,0.31931931931931934,0.6554554554554555
5,0.3203203203203203,0.6562562562562563
5,0.3213213213213213,0.657057057057057
5,0.32232232232232233,0.6578578578578579
5,0.3233233233233233,0.6586586586586586
5,0.32432432432432434,0.6594594594594595
5,0.3253253253253253,0.6602602602602602
5,0.3263263263263263,0.661061061061061
5,0.32732732732732733,0.6618618618618618
5,0.3283283283283283,0.6626626626626626
5,0.32932932932932935,0.6634634634634634
5,0.3303303303303303,0.6642642642642642
5,0.3313313313313313,0.665065065065065
5,0.33233233233233234,0.6658658658658658
5,0.3333333333333333,0.6666666666666666
5,0.33433433433433435,0.6672386672386672
5,0.3353353353353353,0.6678106678106678
5,0.3363363363363363,0.6683826683826684
5,0.33733733733733734,0.6689546689546689
5,0.3383383383383383,0.6695266695266695
5,0.33933933933933935,0.6700986700986701
5,0.34034034034034033,0.6706706706706707
5,0.34134134134134136,0.6712426712426712
5,0.34234234234234234,0.6718146718146718
5,0.3433433433433433,0.6723866723866724
5,0.34434434434434436,0.672958672958673
5,0.34534534534534533,0.6735306735306735
5,0.34634634634634637,0.6741026741026741
5,0.34734734734734735,0.6746746746746747
5,0.3483483483483483,0.6752466752466753
5,0.34934934934934936,0.6758186758186758
5,0.35035035035035034,0.6763906763906764
5,0.35135135135135137,0.676962676962677
5,0.35235235235235235,0.6775346775346776
5,0.3533533533533533,0.678106678106678
5,0.35435435435435436,0.6786786786786787
5,0.35535535535535534,0.6792506792506793
5,0.3563563563563564,0.6798226798226799
5,0.35735735735735735,0.6803946803946804
5,0.35835835835835833,0.6809666809666809
5,0.35935935935935936,0.6815386815386816
5,0.36036036036036034,0.682110682110682
5,0.3613613613613614,0.6826826826826827
5,0.36236236236236236,0.6832546832546832
5,0.36336336336336333,0.6838266838266838
5,0.36436436436436437,0.6843986843986843
5,0.36536536536536535,0.6849706849706849
5,0.3663663663663664,0.6855426855426855
5,0.36736736736736736,0.6861146861146861
5,0.3683683683683684,0.6866866866866866
5,0.36936936936936937,0.6872586872586872
5,0.37037037037037035,0.6878306878306878
5,0.3713713713713714,0.6884026884026884
5,0.37237237237237236,0.6889746889746889
5,0.3733733733733734,0.6895466895466895
5,0.3743743743743744,0.6901186901186901
5,0.37537537537537535,0.6906906906906907
5,0.3763763763763764,0.6912626912626912
5,0.37737737737737737,0.6918346918346918
5,0.3783783783783784,0.6924066924066924
5,0.3793793793793794,0.692978692978693
5,0.38038038038038036,0.6935506935506935
5,0.3813813813813814,0.6941226941226941
5,0.38238238238238237,0.6946946946946947
5,0.3833833833833834,0.6952666952666953
5,0.3843843843843844,0.6958386958386958
5,0.38538538538538536,0.6964106964106964
5,0.3863863863863864,0.696982696982697
5,0.38738738738738737,0.6975546975546976
5,0.3883883883883884,0.6981266981266981
5,0.3893893893893894,0.6986986986986987
5,0.39039039039039036,0.6992706992706993
5,0.3913913913913914,0.6998426998426999
5,0.3923923923923924,0.7004147004147004
5,0.3933933933933934,0.700986700986701
5,0.3943943943943944,0.7015587015587016
5,0.39539539539539537,0.7021307021307022
5,0.3963963963963964,0.7027027027027027
5,0.3973973973973974,0.7032747032747033
5,0.3983983983983984,0.7038467038467039
5,0.3993993993993994,0.7044187044187045
5,0.40040040040040037,0.7049907049907049
5,0.4014014014014014,0.7055627055627056
5,0.4024024024024024,0.7061347061347061
5,0.4034034034034034,0.7067067067067068
5,0.4044044044044044,0.7072787072787072
5,0.40540540540540543,0.7078507078507079
5,0.4064064064064064,0.7084227084227084
5,0.4074074074074074,0.708994708994709
5,0.4084084084084084,0.7095667095667095
5,0.4094094094094094,0.7101387101387101
5,0.41041041041041043,0.7107107107107107
5,0.4114114114114114,0.7112827112827113
5,0.4124124124124124,0.7118547118547118
5,0.4134134134134134,0.7124267124267124
5,0.4144144144144144,0.712998712998713
5,0.41541541541541543,0.7135707135707136
5,0.4164164164164164,0.7141427141427141
5,0.4174174174174174,0.6253753753753754
5,0.4184184184184184,0.6258758758758759
5,0.4194194194194194,0.6263763763763763
5,0.42042042042042044,0.6268768768768769
5,0.4214214214214214,0.6273773773773773
5,0.4224224224224224,0.6278778778778779
5,0.42342342342342343,0.6283783783783784
5,0.4244244244244244,0.6288788788788788
5,0.42542542542542544,0.6293793793793794
5,0.4264264264264264,0.6298798798798798
5,0.4274274274274274,0.6303803803803804
5,0.42842842842842843,0.6308808808808809
5,0.4294294294294294,0.6313813813813813
5,0.43043043043043044,0.6318818818818819
5,0.4314314314314314,0.6323823823823823
5,0.43243243243243246,0.6328828828828829
5,0.43343343343343343,0.6333833833833834
5,0.4344344344344344,0.6338838838838838
5,0.43543543543543545,0.6343843843843844
5,0.4364364364364364,0.6348848848848848
5,0.43743743743743746,0.6353853853853854
5,0.43843843843843844,0.6358858858858859
5,0.4394394394394394,0.6363863863863863
5,0.44044044044044045,0.6368868868868869
5,0.44144144144144143,0.6373873873873873
5,0.44244244244244246,0.6378878878878879
5,0.44344344344344344,0.6383883883883884
5,0.4444444444444444,0.6388888888888888
5,0.44544544544544545,0.6393893893893894
5,0.44644644644644643,0.6398898898898898
5,0.44744744744744747,0.6403903903903904
5,0.44844844844844844,0.6408908908908909
5,0.4494494494494494,0.6413913913913913
5,0.45045045045045046,0.6418918918918919
5,0.45145145145145144,0.6423923923923923
5,0.45245245245245247,0.6428928928928929
5,0.45345345345345345,0.6433933933933934
5,0.4544544544544544,0.6438938938938938
5,0.45545545545545546,0.6443943943943944
5,0.45645645645645644,0.6448948948948948
5,0.4574574574574575,0.6453953953953954
5,0.45845845845845845,0.6458958958958959
5,0.45945945945945943,0.6463963963963963
5,0.46046046046046046,0.6468968968968969
5,0.46146146146146144,0.6473973973973973
5,0.4624624624624625,0.6478978978978979
5,0.46346346346346345,0.6483983983983984
5,0.46446446446446443,0.6488988988988988
5,0.46546546546546547,0.6493993993993994
5,0.46646646646646645,0.6498998998998998
5,0.4674674674674675,0.6504004004004004
5,0.46846846846846846,0.6509009009009009
5,0.4694694694694695,0.6514014014014013
5,0.47047047047047047,0.6519019019019019
5,0.47147147147147145,0.6524024024024023
5,0.4724724724724725,0.6529029029029029
5,0.47347347347347346,0.6534034034034034
5,0.4744744744744745,0.6539039039039038
5,0.4754754754754755,0.6544044044044044
5,0.47647647647647645,0.6549049049049048
5,0.4774774774774775,0.6554054054054054
5,0.47847847847847846,0.6559059059059059
5,0.4794794794794795,0.6564064064064064
5,0.4804804804804805,0.6569069069069069
5,0.48148148148148145,0.6574074074074073
5,0.4824824824824825,0.6579079079079079
5,0.48348348348348347,0.6584084084084084
5,0.4844844844844845,0.6589089089089089
5,0.4854854854854855,0.6594094094094094
5,0.48648648648648646,0.6599099099099098
5,0.4874874874874875,0.6604104104104104
5,0.48848848848848847,0.6609109109109109
5,0.4894894894894895,0.6614114114114114
5,0.4904904904904905,0.6619119119119119
5,0.49149149149149146,0.6624124124124123
5,0.4924924924924925,0.6629129129129129
5,0.4934934934934935,0.6634134134134133
5,0.4944944944944945,0.6639139139139139
5,0.4954954954954955,0.6644144144144144
5,0.4964964964964965,0.664914914914915
5,0.4974974974974975,0.6654154154154154
5,0.4984984984984985,0.6659159159159158
5,0.4994994994994995,0.6664164164164164
5,0.5005005005005005,0.6668668668668668
5,0.5015015015015015,0.6672672672672673
5,0.5025025025025025,0.6676676676676676
5,0.5035035035035035,0.6680680680680681
5,0.5045045045045045,0.6684684684684684
5,0.5055055055055055,0.6688688688688689
5,0.5065065065065065,0.6692692692692692
5,0.5075075075075075,0.6696696696696697
5,0.5085085085085085,0.67007007007007
5,0.5095095095095095,0.6704704704704704
5,0.5105105105105106,0.6708708708708708
5,0.5115115115115115,0.6712712712712713
5,0.5125125125125125,0.6716716716716716
5,0.5135135135135135,0.672072072072072
5,0.5145145145145145,0.6724724724724724
5,0.5155155155155156,0.6728728728728729
5,0.5165165165165165,0.6732732732732732
5,0.5175175175175175,0.6736736736736736
5,0.5185185185185185,0.674074074074074
5,0.5195195195195195,0.6744744744744744
5,0.5205205205205206,0.6748748748748749
5,0.5215215215215215,0.6752752752752752
5,0.5225225225225225,0.6756756756756757
5,0.5235235235235235,0.676076076076076
5,0.5245245245245245,0.6764764764764765
5,0.5255255255255256,0.6768768768768768
5,0.5265265265265265,0.6772772772772773
5,0.5275275275275275,0.6776776776776776
5,0.5285285285285285,0.6780780780780781
5,0.5295295295295295,0.6784784784784784
5,0.5305305305305306,0.6788788788788789
5,0.5315315315315315,0.6792792792792792
5,0.5325325325325325,0.6796796796796797
5,0.5335335335335335,0.68008008008008
5,0.5345345345345345,0.6804804804804804
5,0.5355355355355356,0.6808808808808808
5,0.5365365365365365,0.6812812812812813
5,0.5375375375375375,0.6816816816816816
5,0.5385385385385385,0.682082082082082
5,0.5395395395395395,0.6824824824824824
5,0.5405405405405406,0.6828828828828828
5,0.5415415415415415,0.6832832832832832
5,0.5425425425425425,0.6836836836836836
5,0.5435435435435435,0.684084084084084
5,0.5445445445445445,0.6844844844844844
5,0.5455455455455456,0.6848848848848849
5,0.5465465465465466,0.6852852852852852
5,0.5475475475475475,0.6856856856856857
5,0.5485485485485485,0.686086086086086
5,0.5495495495495496,0.6864864864864865
5,0.5505505505505506,0.6868868868868868
5,0.5515515515515516,0.6872872872872873
5,0.5525525525525525,0.6876876876876876
5,0.5535535535535535,0.688088088088088
5,0.5545545545545546,0.6884884884884884
5,0.5555555555555556,0.6888888888888889
5,0.5565565565565566,0.6892892892892892
5,0.5575575575575575,0.6896896896896896
5,0.5585585585585585,0.69009009009009
5,0.5595595595595596,0.6904904904904905
5,0.5605605605605606,0.6908908908908908
5,0.5615615615615616,0.6912912912912912
5,0.5625625625625625,0.6916916916916916
5,0.5635635635635635,0.692092092092092
5,0.5645645645645646,0.6924924924924925
5,0.5655655655655656,0.6928928928928928
5,0.5665665665665666,0.6932932932932933
5,0.5675675675675675,0.6936936936936936
5,0.5685685685685685,0.6940940940940941
5,0.5695695695695696,0.6944944944944944
5,0.5705705705705706,0.6948948948948949
5,0.5715715715715716,0.6952952952952952
5,0.5725725725725725,0.6956956956956957
5,0.5735735735735735,0.696096096096096
5,0.5745745745745746,0.6964964964964965
5,0.5755755755755756,0.6968968968968968
5,0.5765765765765766,0.6972972972972973
5,0.5775775775775776,0.6976976976976976
5,0.5785785785785785,0.698098098098098
5,0.5795795795795796,0.6984984984984984
5,0.5805805805805806,0.6988988988988989
5,0.5815815815815816,0.6992992992992992
5,0.5825825825825826,0.6996996996996996
5,0.5835835835835835,0.6364546364546364
5,0.5845845845845846,0.6368186368186368
5,0.5855855855855856,0.6371826371826371
5,0.5865865865865866,0.6375466375466375
5,0.5875875875875876,0.6379106379106378
5,0.5885885885885885,0.6382746382746383
5,0.5895895895895896,0.6386386386386387
5,0.5905905905905906,0.639002639002639
5,0.5915915915915916,0.6393666393666393
5,0.5925925925925926,0.6397306397306397
5,0.5935935935935935,0.64009464009464
5,0.5945945945945946,0.6404586404586404
5,0.5955955955955956,0.6408226408226408
5,0.5965965965965966,0.6411866411866411
5,0.5975975975975976,0.6415506415506416
5,0.5985985985985985,0.6419146419146419
5,0.5995995995995996,0.6422786422786423
5,0.6006006006006006,0.6426426426426426
5,0.6016016016016016,0.643006643006643
5,0.6026026026026026,0.6433706433706433
5,0.6036036036036035,0.6437346437346437
5,0.6046046046046046,0.644098644098644
5,0.6056056056056056,0.6444626444626445
5,0.6066066066066066,0.6448266448266448
5,0.6076076076076076,0.6451906451906452
5,0.6086086086086087,0.6455546455546456
5,0.6096096096096096,0.6459186459186459
5,0.6106106106106106,0.6462826462826463
5,0.6116116116116116,0.6466466466466466
5,0.6126126126126126,0.6470106470106469
5,0.6136136136136137,0.6473746473746473
5,0.6146146146146146,0.6477386477386478
5,0.6156156156156156,0.6481026481026481
5,0.6166166166166166,0.6484666484666485
5,0.6176176176176176,0.6488306488306488
5,0.6186186186186187,0.6491946491946492
5,0.6196196196196196,0.6495586495586495
5,0.6206206206206206,0.6499226499226499
5,0.6216216216216216,0.6502866502866502
5,0.6226226226226226,0.6506506506506506
5,0.6236236236236237,0.6510146510146511
5,0.6246246246246246,0.6513786513786514
5,0.6256256256256256,0.6517426517426517
5,0.6266266266266266,0.6521066521066521
5,0.6276276276276276,0.6524706524706524
5,0.6286286286286287,0.6528346528346528
5,0.6296296296296297,0.6531986531986532
5,0.6306306306306306,0.6535626535626535
5,0.6316316316316316,0.653926653926654
5,0.6326326326326326,0.6542906542906542
5,0.6336336336336337,0.6546546546546547
5,0.6346346346346347,0.655018655018655
5,0.6356356356356356,0.6553826553826554
5,0.6366366366366366,0.6557466557466557
5,0.6376376376376376,0.6561106561106561
5,0.6386386386386387,0.6564746564746564
5,0.6396396396396397,0.6568386568386568
5,0.6406406406406406,0.6572026572026571
5,0.6416416416416416,0.6575666575666576
5,0.6426426426426426,0.6579306579306579
5,0.6436436436436437,0.6582946582946583
5,0.6446446446446447,0.6586586586586587
5,0.6456456456456456,0.659022659022659
5,0.6466466466466466,0.6593866593866593
5,0.6476476476476476,0.6597506597506597
5,0.6486486486486487,0.6601146601146601
5,0.6496496496496497,0.6604786604786604
5,0.6506506506506506,0.6608426608426609
5,0.6516516516516516,0.6612066612066612
5,0.6526526526526526,0.6615706615706616
5,0.6536536536536537,0.6619346619346619
5,0.6546546546546547,0.6622986622986623
5,0.6556556556556556,0.6626626626626626
5,0.6566566566566566,0.663026663026663
5,0.6576576576576576,0.6633906633906633
5,0.6586586586586587,0.6637546637546637
5,0.6596596596596597,0.664118664118664
5,0.6606606606606606,0.6644826644826645
5,0.6616616616616616,0.6648466648466648
5,0.6626626626626626,0.6652106652106652
5,0.6636636636636637,0.6655746655746656
5,0.6646646646646647,0.6659386659386659
5,0.6656656656656657,0.6663026663026663
5,0.6666666666666666,0.5714285714285714
5,0.6676676676676676,0.5717717717717717
5,0.6686686686686687,0.5721149721149721
5,0.6696696696696697,0.5724581724581724
5,0.6706706706706707,0.5728013728013728
5,0.6716716716716716,0.5731445731445731
5,0.6726726726726726,0.5734877734877735
5,0.6736736736736737,0.5738309738309738
5,0.6746746746746747,0.5741741741741742
5,0.6756756756756757,0.5745173745173745
5,0.6766766766766766,0.5748605748605748
5,0.6776776776776777,0.5752037752037752
5,0.6786786786786787,0.5755469755469755
5,0.6796796796796797,0.5758901758901759
5,0.6806806806806807,0.5762333762333762
5,0.6816816816816816,0.5765765765765766
5,0.6826826826826827,0.5769197769197769
5,0.6836836836836837,0.5772629772629773
5,0.6846846846846847,0.5776061776061776
5,0.6856856856856857,0.577949377949378
5,0.6866866866866866,0.5782925782925783
5,0.6876876876876877,0.5786357786357786
5,0.6886886886886887,0.578978978978979
5,0.6896896896896897,0.5793221793221793
5,0.6906906906906907,0.5796653796653797
5,0.6916916916916916,0.58000858000858
5,0.6926926926926927,0.5803517803517804
5,0.6936936936936937,0.5806949806949807
5,0.6946946946946947,0.5810381810381811
5,0.6956956956956957,0.5813813813813814
5,0.6966966966966966,0.5817245817245816
5,0.6976976976976977,0.5820677820677821
5,0.6986986986986987,0.5824109824109824
5,0.6996996996996997,0.5827541827541828
5,0.7007007007007007,0.583097383097383
5,0.7017017017017017,0.5834405834405834
5,0.7027027027027027,0.5837837837837838
5,0.7037037037037037,0.5841269841269842
5,0.7047047047047047,0.5844701844701844
5,0.7057057057057057,0.5848133848133847
5,0.7067067067067067,0.5851565851565851
5,0.7077077077077077,0.5854997854997855
5,0.7087087087087087,0.5858429858429858
5,0.7097097097097097,0.5861861861861861
5,0.7107107107107107,0.5865293865293865
5,0.7117117117117117,0.5868725868725868
5,0.7127127127127127,0.5872157872157872
5,0.7137137137137137,0.5875589875589875
5,0.7147147147147147,0.5879021879021878
5,0.7157157157157157,0.5882453882453882
5,0.7167167167167167,0.5885885885885885
5,0.7177177177177178,0.5889317889317889
5,0.7187187187187187,0.5892749892749892
5,0.7197197197197197,0.5896181896181896
5,0.7207207207207207,0.5899613899613899
5,0.7217217217217217,0.5903045903045903
5,0.7227227227227228,0.5906477906477906
5,0.7237237237237237,0.590990990990991
5,0.7247247247247247,0.5913341913341913
5,0.7257257257257257,0.5916773916773916
5,0.7267267267267267,0.592020592020592
5,0.7277277277277278,0.5923637923637923
5,0.7287287287287287,0.5927069927069927
5,0.7297297297297297,0.593050193050193
5,0.7307307307307307,0.5933933933933934
5,0.7317317317317317,0.5937365937365937
5,0.7327327327327328,0.594079794079794
5,0.7337337337337337,0.5944229944229944
5,0.7347347347347347,0.5947661947661947
5,0.7357357357357357,0.5951093951093951
5,0.7367367367367368,0.5954525954525954
5,0.7377377377377378,0.5957957957957958
5,0.7387387387387387,0.5961389961389961
5,0.7397397397397397,0.5964821964821965
5,0.7407407407407407,0.5968253968253968
5,0.7417417417417418,0.5971685971685972
5,0.7427427427427428,0.5975117975117975
5,0.7437437437437437,0.5978549978549978
5,0.7447447447447447,0.5981981981981982
5,0.7457457457457457,0.5985413985413985
5,0.7467467467467468,0.5988845988845989
5,0.7477477477477478,0.5992277992277992
5,0.7487487487487487,0.5995709995709996
5,0.7497497497497497,0.5999141999141999
5,0.7507507507507507,0.6002252252252251
5,0.7517517517517518,0.6005255255255255
5,0.7527527527527528,0.6008258258258258
5,0.7537537537537538,0.6011261261261261
5,0.7547547547547547,0.6014264264264264
5,0.7557557557557557,0.6017267267267267
5,0.7567567567567568,0.602027027027027
5,0.7577577577577578,0.6023273273273273
5,0.7587587587587588,0.6026276276276276
5,0.7597597597597597,0.6029279279279279
5,0.7607607607607607,0.6032282282282282
5,0.7617617617617618,0.6035285285285286
5,0.7627627627627628,0.6038288288288288
5,0.7637637637637638,0.6041291291291291
5,0.7647647647647647,0.6044294294294295
5,0.7657657657657657,0.6047297297297297
5,0.7667667667667668,0.60503003003003
5,0.7677677677677678,0.6053303303303303
5,0.7687687687687688,0.6056306306306306
5,0.7697697697697697,0.6059309309309309
5,0.7707707707707707,0.6062312312312312
5,0.7717717717717718,0.6065315315315315
5,0.7727727727727728,0.6068318318318319
5,0.7737737737737738,0.6071321321321321
5,0.7747747747747747,0.6074324324324324
5,0.7757757757757757,0.6077327327327327
5,0.7767767767767768,0.608033033033033
5,0.7777777777777778,0.6083333333333333
5,0.7787787787787788,0.6086336336336337
5,0.7797797797797797,0.6089339339339339
5,0.7807807807807807,0.6092342342342342
5,0.7817817817817818,0.6095345345345345
5,0.7827827827827828,0.6098348348348348
5,0.7837837837837838,0.6101351351351351
5,0.7847847847847848,0.6104354354354354
5,0.7857857857857857,0.6107357357357357
5,0.7867867867867868,0.6110360360360361
5,0.7877877877877878,0.6113363363363363
5,0.7887887887887888,0.6116366366366366
5,0.7897897897897898,0.611936936936937
5,0.7907907907907907,0.6122372372372372
5,0.7917917917917918,0.6125375375375375
5,0.7927927927927928,0.6128378378378379
5,0.7937937937937938,0.6131381381381381
5,0.7947947947947948,0.6134384384384384
5,0.7957957957957957,0.6137387387387387
5,0.7967967967967968,0.614039039039039
5,0.7977977977977978,0.6143393393393394
5,0.7987987987987988,0.6146396396396396
5,0.7997997997997998,0.6149399399399399
5,0.8008008008008007,0.6152402402402402
5,0.8018018018018018,0.6155405405405405
5,0.8028028028028028,0.6158408408408408
5,0.8038038038038038,0.6161411411411412
5,0.8048048048048048,0.6164414414414414
5,0.8058058058058059,0.6167417417417418
5,0.8068068068068068,0.617042042042042
5,0.8078078078078078,0.6173423423423423
5,0.8088088088088088,0.6176426426426426
5,0.8098098098098098,0.6179429429429429
5,0.8108108108108109,0.6182432432432432
5,0.8118118118118118,0.6185435435435436
5,0.8128128128128128,0.6188438438438438
5,0.8138138138138138,0.6191441441441441
5,0.8148148148148148,0.6194444444444445
5,0.8158158158158159,0.6197447447447447
5,0.8168168168168168,0.620045045045045
5,0.8178178178178178,0.6203453453453454
5,0.8188188188188188,0.6206456456456456
5,0.8198198198198198,0.6209459459459459
5,0.8208208208208209,0.6212462462462462
5,0.8218218218218218,0.6215465465465465
5,0.8228228228228228,0.6218468468468469
5,0.8238238238238238,0.6221471471471471
5,0.8248248248248248,0.6224474474474474
5,0.8258258258258259,0.6227477477477478
5,0.8268268268268268,0.623048048048048
5,0.8278278278278278,0.6233483483483483
5,0.8288288288288288,0.6236486486486487
5,0.8298298298298298,0.6239489489489489
5,0.8308308308308309,0.6242492492492493
5,0.8318318318318318,0.6245495495495496
5,0.8328328328328328,0.6248498498498498
5,0.8338338338338338,0.28583345250011916
5,0.8348348348348348,0.286071786071786
5,0.8358358358358359,0.286310119643453
5,0.8368368368368369,0.28654845321511985
5,0.8378378378378378,0.28678678678678676
5,0.8388388388388388,0.2870251203584537
5,0.8398398398398398,0.28726345393012054
5,0.8408408408408409,0.2875017875017875
5,0.8418418418418419,0.28774012107345437
5,0.8428428428428428,0.2879784546451213
5,0.8438438438438438,0.2882167882167882
5,0.8448448448448448,0.2884551217884551
5,0.8458458458458459,0.28869345536012203
5,0.8468468468468469,0.28893178893178895
5,0.8478478478478478,0.2891701225034558
5,0.8488488488488488,0.2894084560751227
5,0.8498498498498498,0.28964678964678964
5,0.8508508508508509,0.28988512321845655
5,0.8518518518518519,0.29012345679012347
5,0.8528528528528528,0.29036179036179033
5,0.8538538538538538,0.29060012393345724
5,0.8548548548548548,0.29083845750512416
5,0.8558558558558559,0.2910767910767911
5,0.8568568568568569,0.291315124648458
5,0.8578578578578578,0.29155345822012485
5,0.8588588588588588,0.29179179179179177
5,0.8598598598598598,0.2920301253634587
5,0.8608608608608609,0.2922684589351256
5,0.8618618618618619,0.2925067925067925
5,0.8628628628628628,0.29274512607845943
5,0.8638638638638638,0.2929834596501263
5,0.8648648648648649,0.2932217932217932
5,0.8658658658658659,0.2934601267934601
5,0.8668668668668669,0.29369846036512703
5,0.8678678678678678,0.29393679393679395
5,0.8688688688688688,0.2941751275084608
5,0.8698698698698699,0.2944134610801278
5,0.8708708708708709,0.29465179465179464
5,0.8718718718718719,0.29489012822346156
5,0.8728728728728729,0.29512846179512847
5,0.8738738738738738,0.2953667953667954
5,0.8748748748748749,0.2956051289384623
5,0.8758758758758759,0.29584346251012916
5,0.8768768768768769,0.2960817960817961
5,0.8778778778778779,0.296320129653463
5,0.8788788788788788,0.2965584632251299
5,0.8798798798798799,0.2967967967967968
5,0.8808808808808809,0.29703513036846374
5,0.8818818818818819,0.2972734639401306
5,0.8828828828828829,0.2975117975117975
5,0.8838838838838838,0.29775013108346443
5,0.8848848848848849,0.29798846465513135
5,0.8858858858858859,0.29822679822679826
5,0.8868868868868869,0.2984651317984651
5,0.8878878878878879,0.29870346537013204
5,0.8888888888888888,0.29894179894179895
5,0.8898898898898899,0.29918013251346587
5,0.8908908908908909,0.2994184660851328
5,0.8918918918918919,0.2996567996567997
5,0.8928928928928929,0.29989513322846656
5,0.8938938938938938,0.3001334668001335
5,0.8948948948948949,0.3003718003718004
5,0.8958958958958959,0.3006101339434673
5,0.8968968968968969,0.3008484675151342
5,0.8978978978978979,0.3010868010868011
5,0.8988988988988988,0.301325134658468
5,0.8998998998998999,0.3015634682301349
5,0.9009009009009009,0.30180180180180183
5,0.9019019019019019,0.30204013537346874
5,0.9029029029029029,0.3022784689451356
5,0.9039039039039038,0.3025168025168025
5,0.9049049049049049,0.30275513608846943
5,0.9059059059059059,0.30299346966013635
5,0.9069069069069069,0.30323180323180327
5,0.9079079079079079,0.3034701368034702
5,0.9089089089089089,0.30370847037513704
5,0.9099099099099099,0.30394680394680396
5,0.9109109109109109,0.30418513751847087
5,0.9119119119119119,0.3044234710901378
5,0.9129129129129129,0.3046618046618047
5,0.9139139139139139,0.30490013823347156
5,0.914914914914915,0.30513847180513853
5,0.9159159159159159,0.3053768053768054
5,0.9169169169169169,0.26834500005231715
5,0.9179179179179179,0.26855426855426856
5,0.9189189189189189,0.26876353705621997
5,0.91991991991992,0.26897280555817143
5,0.9209209209209209,0.26918207406012284
5,0.9219219219219219,0.2693913425620743
5,0.9229229229229229,0.2696006110640257
5,0.9239239239239239,0.26980987956597713
5,0.924924924924925,0.2700191480679286
5,0.9259259259259259,0.27022841656988
5,0.9269269269269269,0.2704376850718314
5,0.9279279279279279,0.2706469535737829
5,0.9289289289289289,0.2708562220757343
5,0.92992992992993,0.2710654905776857
5,0.9309309309309309,0.27127475907963716
5,0.9319319319319319,0.27148402758158857
5,0.9329329329329329,0.27169329608354
5,0.933933933933934,0.27190256458549145
5,0.934934934934935,0.27211183308744286
5,0.9359359359359359,0.27232110158939427
5,0.9369369369369369,0.27253037009134573
5,0.9379379379379379,0.27273963859329714
5,0.938938938938939,0.2729489070952486
5,0.93993993993994,0.2731581755972
5,0.9409409409409409,0.2733674440991514
5,0.9419419419419419,0.27357671260110283
5,0.9429429429429429,0.2737859811030543
5,0.943943943943944,0.2739952496050057
5,0.944944944944945,0.2742045181069571
5,0.9459459459459459,0.2744137866089086
5,0.9469469469469469,0.27462305511086
5,0.9479479479479479,0.2748323236128114
5,0.948948948948949,0.27504159211476287
5,0.94994994994995,0.2752508606167143
5,0.950950950950951,0.2754601291186657
5,0.9519519519519519,0.27566939762061715
5,0.9529529529529529,0.27587866612256856
5,0.953953953953954,0.27608793462452
5,0.954954954954955,0.27629720312647144
5,0.955955955955956,0.27650647162842285
5,0.9569569569569569,0.27671574013037425
5,0.9579579579579579,0.2769250086323257
5,0.958958958958959,0.27713427713427713
5,0.95995995995996,0.2773435456362286
5,0.960960960960961,0.27755281413818
5,0.9619619619619619,0.2777620826401314
5,0.9629629629629629,0.2779713511420828
5,0.963963963963964,0.2781806196440343
5,0.964964964964965,0.2783898881459857
5,0.965965965965966,0.2785991566479371
5,0.9669669669669669,0.2788084251498886
5,0.9679679679679679,0.27901769365184
5,0.968968968968969,0.27922696215379145
5,0.96996996996997,0.27943623065574286
5,0.970970970970971,0.27964549915769427
5,0.9719719719719719,0.2798547676596457
5,0.9729729729729729,0.28006403616159714
5,0.973973973973974,0.28027330466354855
5,0.974974974974975,0.2804825731655
5,0.975975975975976,0.2806918416674514
5,0.9769769769769769,0.28090111016940283
5,0.9779779779779779,0.28111037867135424
5,0.978978978978979,0.2813196471733057
5,0.97997997997998,0.2815289156752571
5,0.980980980980981,0.2817381841772086
5,0.9819819819819819,0.28194745267916
5,0.9829829829829829,0.2821567211811114
5,0.983983983983984,0.28236598968306287
5,0.984984984984985,0.2825752581850143
5,0.985985985985986,0.2827845266869657
5,0.986986986986987,0.2829937951889171
5,0.9879879879879879,0.28320306369086856
5,0.988988988988989,0.28341233219281997
5,0.98998998998999,0.28362160069477144
5,0.990990990990991,0.28383086919672285
5,0.991991991991992,0.28404013769867426
5,0.992992992992993,0.2842494062006257
5,0.993993993993994,0.28445867470257713
5,0.994994994994995,0.28466794320452854
5,0.995995995995996,0.28487721170648
5,0.996996996996997,0.2850864802084314
5,0.997997997997998,0.2852957487103829
5,0.998998998998999,0.2855050172123343
5,1.0,0.27906976744186046
