Q9NUL5	Q9NUL5
Q9BYC5	Q9BYC5
O15155	O15155
Q8WTW3	Q8WTW3
Q5TDH0	Q5TDH0
P60604	P60604
P60604	P62253
Q8NFH4	Q8NFH4
Q7Z7H8	Q7Z7H8
Q71H61	Q71H61
Q9BYG5	Q9BYG5
P61326	P61326
P61326	Q96A72
O14525	O14525
Q8NEJ0	Q8NEJ0
Q8NEJ0	Q9H596
Q8NEJ0	O95147
Q9Y2H1	Q9Y2H1
Q9Y2H1	Q15208
P82980	P82980
P82980	P09455
Q9H3P7	Q9H3P7
P49917	P49917
Q9P000	Q9P000
Q3MJ13	Q3MJ13
Q8IV08	Q8IV08
O14734	O14734
Q9UHR5	Q9UHR5
P78417	P78417
P78417	Q9H4Y5
P27105	P27105
P27105	Q8TAV4
Q96HB5	Q96HB5
P01375	P01375
Q5JY77	Q5JY77
O95832	O95832
O95832	Q8N6F1
O95832	O95471
Q16517	Q16517
Q8WUW1	Q8WUW1
Q92543	Q92543
Q9Y2K5	Q9Y2K5
Q9Y2K5	Q15032
P35573	P35573
Q96RE7	Q96RE7
Q96RE7	Q96BF6
P16422	P16422
P16422	P09758
P62826	P62826
P33316	P33316
P20701	P20701
O60306	O60306
Q9Y6A4	Q9Y6A4
O95249	O95249
Q4V328	Q4V328
Q52LJ0	Q52LJ0
Q52LJ0	Q8NCA5
Q9Y6B6	Q9Y6B6
Q9Y6B6	Q9NR31
Q13233	Q13233
Q9P0I2	Q9P0I2
Q12905	Q12905
Q9H987	Q9H987
Q13796	Q13796
Q9NRJ3	Q9NRJ3
O15382	O15382
O00115	O00115
P54803	P54803
Q6P5R6	Q6P5R6
Q6P5R6	P35268
Q7KZN9	Q7KZN9
P16035	P16035
P16035	P01033
P16035	P35625
P32119	P32119
P32119	Q06830
A1L020	A1L020
Q9BSL1	Q9BSL1
P11166	P11166
P11166	P14672
P11166	P11168
P11166	P11169
P11166	Q8TDB8
P11166	P22732
Q9BT92	Q9BT92
P18850	P18850
Q9Y2Q5	Q9Y2Q5
P38435	P38435
Q14289	Q14289
Q14289	Q05397
P29122	P29122
P80723	P80723
Q8IZ63	Q8IZ63
Q15436	Q15436
Q15436	Q15437
P30532	P30532
Q5EBL8	Q5EBL8
P55058	P55058
P82664	P82664
Q01201	Q01201
Q96SN8	Q96SN8
Q9NV06	Q9NV06
O43772	O43772
Q99816	Q99816
P56192	P56192
Q9UKK9	Q9UKK9
Q96T60	Q96T60
Q96MH6	Q96MH6
P49419	P49419
Q6P1M3	Q6P1M3
Q6P1M3	Q15334
Q13724	Q13724
Q5J8M3	Q5J8M3
Q9UKY4	Q9UKY4
P10909	P10909
Q5T124	Q5T124
Q5VXU9	Q5VXU9
P52657	P52657
Q02978	Q02978
Q93034	Q93034
Q9H8Y5	Q9H8Y5
Q7RTS9	Q7RTS9
Q4ADV7	Q4ADV7
P41223	P41223
Q8N3F8	Q8N3F8
Q6UXV4	Q6UXV4
O00391	O00391
P43487	P43487
O15091	O15091
Q9H6U8	Q9H6U8
P59910	P59910
P59910	Q9UDY4
P59910	O75953
P59910	P25685
Q6NUQ4	Q6NUQ4
Q14512	Q14512
Q5W0Q7	Q5W0Q7
P41567	P41567
Q96KA5	Q96KA5
Q86X55	Q86X55
Q8NEU8	Q8NEU8
Q8NEU8	Q9UKG1
Q9UBZ9	Q9UBZ9
P60484	P60484
Q32MZ4	Q32MZ4
Q8N878	Q8N878
P38570	P38570
Q96SL4	Q96SL4
Q9NXH3	Q9NXH3
Q9H3R2	Q9H3R2
Q99972	Q99972
P09917	P09917
P38606	P38606
Q8N960	Q8N960
Q8IYQ7	Q8IYQ7
Q9HAY6	Q9HAY6
Q6ZW31	Q6ZW31
O60512	O60512
Q96FF9	Q96FF9
Q12929	Q12929
Q9BXW7	Q9BXW7
O43462	O43462
Q96P48	Q96P48
Q8N2I9	Q8N2I9
O95759	O95759
O95759	Q66K14
O95759	Q6ZT07
Q86SG2	Q86SG2
P51513	P51513
Q9BSD3	Q9BSD3
Q14164	Q14164
Q14164	Q9UHD2
Q8N967	Q8N967
Q8N4N3	Q8N4N3
Q9HBB8	Q9HBB8
Q96S53	Q96S53
Q92506	Q92506
Q96JB8	Q96JB8
O43680	O43680
P01189	P01189
P46597	P46597
Q96P16	Q96P16
Q96P16	Q9NQG5
Q7Z4I7	Q7Z4I7
Q8TE12	Q8TE12
Q8TE12	O60663
Q9HCR9	Q9HCR9
Q969P5	Q969P5
Q9H0E3	Q9H0E3
Q53R41	Q53R41
Q8NBJ4	Q8NBJ4
Q7Z4W1	Q7Z4W1
P03951	P03951
P03951	P03952
Q6ZS17	Q6ZS17
Q9Y336	Q9Y336
Q96SJ8	Q96SJ8
Q6PI73	Q6PI73
Q6PI73	O75019
O15534	O15534
Q8NE63	Q8NE63
Q6UX65	Q6UX65
P51854	P51854
P51854	P29401
Q15722	Q15722
O60231	O60231
O00626	O00626
Q9NWS8	Q9NWS8
Q6PD74	Q6PD74
Q96LW4	Q96LW4
O60500	O60500
Q9HAH7	Q9HAH7
Q6ZSS3	Q6ZSS3
P41970	P41970
O43474	O43474
Q9Y276	Q9Y276
Q96KR4	Q96KR4
Q9H7N4	Q9H7N4
Q96NI6	Q96NI6
Q96NI6	Q9P244
Q96NI6	Q9ULH4
P20827	P20827
P20827	P52803
P20827	O43921
O60883	O60883
Q9UJA2	Q9UJA2
P22894	P22894
P22894	P03956
P22894	P45452
P22894	P08254
P29536	P29536
P13284	P13284
Q86TJ2	Q86TJ2
O75347	O75347
P51608	P51608
P16112	P16112
O75063	O75063
Q6QNK2	Q6QNK2
O14521	O14521
Q99619	Q99619
Q99619	Q96A44
Q99619	Q96BD6
P50238	P50238
Q9C029	Q9C029
Q9C029	P14373
Q86XS5	Q86XS5
Q8N0X7	Q8N0X7
Q11206	Q11206
P27144	P27144
P27144	Q9UIJ7
P27144	P54819
Q9NX09	Q9NX09
Q8IVF7	Q8IVF7
Q8IVF7	O95466
Q8IVF7	Q96PY5
Q147X3	Q147X3
O75298	O75298
Q9Y2M0	Q9Y2M0
Q6P1N9	Q6P1N9
O95997	O95997
Q96G74	Q96G74
O95340	O95340
O95340	O43252
Q99748	Q99748
Q86XN8	Q86XN8
Q86XN8	Q5U5Q3
Q92820	Q92820
P02753	P02753
Q9H116	Q9H116
Q96MG7	Q96MG7
P07357	P07357
P20333	P20333
Q96LA5	Q96LA5
Q9NZI8	Q9NZI8
Q9NZI8	O00425
Q9NZI8	Q9Y6M1
O15405	O15405
O15405	O94842
Q7Z572	Q7Z572
Q9H4B6	Q9H4B6
Q8N9S9	Q8N9S9
Q8N9S9	Q15036
Q5T7B8	Q5T7B8
A0A0K0K1A5	A0A0K0K1A5
P07202	P07202
Q2M1V0	Q2M1V0
Q7Z769	Q7Z769
Q53RE8	Q53RE8
Q9BRZ2	Q9BRZ2
A6PVS8	A6PVS8
Q9Y6E2	Q9Y6E2
Q9Y6E2	Q7L1Q6
O15344	O15344
O15344	Q9UJV3
P18074	P18074
Q9UBN7	Q9UBN7
Q8WWI1	Q8WWI1
Q9UKS6	Q9UKS6
Q9UKS6	Q9UNF0
Q96PV7	Q96PV7
Q8N573	Q8N573
Q96QF0	Q96QF0
P78352	P78352
P78352	Q92796
P78352	Q15700
P78352	Q12959
O95990	O95990
P62241	P62241
Q14258	Q14258
Q9BX69	Q9BX69
Q9Y320	Q9Y320
Q96DH6	Q96DH6
Q96DH6	O43347
P62910	P62910
Q9P0N9	Q9P0N9
Q9UHR4	Q9UHR4
Q9Y3B6	Q9Y3B6
Q9Y3B6	O43402
Q9UKL3	Q9UKL3
Q9BW72	Q9BW72
Q96IK5	Q96IK5
Q96I25	Q96I25
Q01850	Q01850
Q01850	Q86X02
Q7Z7J5	Q7Z7J5
O95232	O95232
Q96MV1	Q96MV1
P43246	P43246
P62750	P62750
Q86TV6	Q86TV6
Q86TV6	Q9ULT0
P03915	P03915
Q02086	Q02086
Q96F85	Q96F85
Q14746	Q14746
P11226	P11226
Q969Z0	Q969Z0
P53041	P53041
Q9P2K5	Q9P2K5
Q9P2K5	P52272
Q86UP2	Q86UP2
Q96PK6	Q96PK6
Q3BBV0	Q3BBV0
P49406	P49406
Q69YH5	Q69YH5
Q92748	Q92748
P78504	P78504
P78504	Q9Y219
Q9BSJ8	Q9BSJ8
P25686	P25686
Q99614	Q99614
Q9Y5S9	Q9Y5S9
Q9HCG7	Q9HCG7
O14966	O14966
O14966	P57729
O14966	Q13637
O95900	O95900
Q9UID3	Q9UID3
Q96BR5	Q96BR5
O60486	O60486
Q96AT1	Q96AT1
A8K0R7	A8K0R7
Q9NVH0	Q9NVH0
P0DP57	P0DP57
O95049	O95049
Q9ULK0	Q9ULK0
O94905	O94905
O94905	O75477
Q969X6	Q969X6
Q9BY41	Q9BY41
Q6Y2X3	Q6Y2X3
P21964	P21964
Q8NA29	Q8NA29
Q8TDV5	Q8TDV5
P57682	P57682
Q7Z6A9	Q7Z6A9
Q9Y3C0	Q9Y3C0
Q8N1W2	Q8N1W2
O43914	O43914
Q9Y222	Q9Y222
Q6PRD1	Q6PRD1
P57764	P57764
Q8WXU2	Q8WXU2
O75602	O75602
P46020	P46020
P46020	P46019
Q9UGM3	Q9UGM3
Q8TD16	Q8TD16
Q8TD16	Q96G01
Q86YN6	Q86YN6
Q9UHJ9	Q9UHJ9
Q8TBF4	Q8TBF4
Q5TKA1	Q5TKA1
Q9NRF8	Q9NRF8
Q9NRF8	P17812
Q8IVT2	Q8IVT2
Q9BU76	Q9BU76
Q8TBG4	Q8TBG4
A2RUB6	A2RUB6
Q8NDI1	Q8NDI1
Q13156	Q13156
Q13156	P15927
Q8N0X2	Q8N0X2
Q16644	Q16644
Q16644	P49137
Q38SD2	Q38SD2
Q9H2W1	Q9H2W1
O43708	O43708
Q6ZWE6	Q6ZWE6
Q15653	Q15653
Q96PI1	Q96PI1
P52744	P52744
P55197	P55197
P55197	P55198
A8MWX3	A8MWX3
Q8NFU7	Q8NFU7
Q9UGQ2	Q9UGQ2
Q14765	Q14765
Q14765	P52630
Q14765	P42224
Q14765	P40763
Q9Y3D8	Q9Y3D8
Q969K4	Q969K4
P13994	P13994
P58166	P58166
P58166	P55103
Q99626	Q99626
P0C7M8	P0C7M8
Q9H300	Q9H300
Q96AY2	Q96AY2
P62699	P62699
Q9NVN3	Q9NVN3
Q9NVN3	Q9NPQ8
Q8N3C7	Q8N3C7
P49116	P49116
P49116	P13056
Q99884	Q99884
Q99884	P48067
Q99884	P31641
Q99884	P48029
Q99884	Q9NSD5
Q99884	P48065
Q99884	P48066
Q99884	P23975
Q99884	Q01959
Q99884	P30531
Q99884	P31645
Q8N1K5	Q8N1K5
Q8WZA0	Q8WZA0
Q8WWU7	Q8WWU7
Q9UKR5	Q9UKR5
Q8IVD9	Q8IVD9
Q9UKI9	Q9UKI9
Q9UKI9	P09086
P33241	P33241
Q9BVQ7	Q9BVQ7
Q08493	Q08493
Q08493	Q08499
Q08493	Q07343
P43489	P43489
P43308	P43308
O95393	O95393
Q8N9Z9	Q8N9Z9
Q9H813	Q9H813
P02549	P02549
P02549	Q13813
P19021	P19021
P29376	P29376
Q8WYN3	Q8WYN3
Q9Y240	Q9Y240
Q9NTJ4	Q9NTJ4
P01236	P01236
Q8WZ60	Q8WZ60
Q96KV7	Q96KV7
Q9Y5J3	Q9Y5J3
Q9Y5J3	Q9UBP5
Q9Y5J3	Q9NQ87
Q9NZL4	Q9NZL4
Q08211	Q08211
Q9UNQ0	Q9UNQ0
P63172	P63172
P63172	P51808
Q9HB40	Q9HB40
Q8N8U2	Q8N8U2
Q8N8U2	Q9Y232
P16070	P16070
Q5T2T1	Q5T2T1
Q5T2T1	Q13368
P80188	P80188
Q9UJX4	Q9UJX4
O95363	O95363
P0DI81	P0DI81
Q9P1W9	Q9P1W9
Q9P1W9	P11309
Q9P1W9	Q86V86
Q02241	Q02241
Q13009	Q13009
Q9C0C9	Q9C0C9
Q969M3	Q969M3
P06730	P06730
P06730	A6NMX2
P33991	P33991
Q6P499	Q6P499
Q13825	Q13825
Q9Y6C2	Q9Y6C2
Q9NWZ8	Q9NWZ8
O15258	O15258
Q9HC07	Q9HC07
Q07020	Q07020
A6NKD9	A6NKD9
Q8TEJ3	Q8TEJ3
Q8TEJ3	Q7Z6J0
Q5DX21	Q5DX21
Q86X19	Q86X19
Q9HAV0	Q9HAV0
Q9HAV0	P62873
Q9HAV0	P62879
Q9HAV0	P16520
Q9HAV0	O14775
Q9H330	Q9H330
P04216	P04216
P37268	P37268
Q96IX5	Q96IX5
Q16394	Q16394
P20290	P20290
Q13630	Q13630
O00468	O00468
P05387	P05387
Q9NPB0	Q9NPB0
P14314	P14314
Q9NZ09	Q9NZ09
Q9NUQ2	Q9NUQ2
Q9BV94	Q9BV94
Q8NHU2	Q8NHU2
P08183	P08183
P08183	P21439
P08183	Q2M3G0
P08183	O95342
Q9H1E5	Q9H1E5
Q86WA9	Q86WA9
Q6Q795	Q6Q795
Q99627	Q99627
Q9UKJ1	Q9UKJ1
P35568	P35568
P35568	Q9Y4H2
Q00973	Q00973
Q00973	Q8NHY0
Q8NDA8	Q8NDA8
P54105	P54105
Q99576	Q99576
O14744	O14744
P78423	P78423
P35249	P35249
Q9Y6X0	Q9Y6X0
Q7L190	Q7L190
Q9Y5B6	Q9Y5B6
Q9UKZ9	Q9UKZ9
Q9UKZ9	Q15113
Q9NPF0	Q9NPF0
P52758	P52758
Q9UHF7	Q9UHF7
O14763	O14763
O14763	O00220
P82912	P82912
P49368	P49368
Q92569	Q92569
P15586	P15586
Q9BUN8	Q9BUN8
P08621	P08621
O95202	O95202
P62316	P62316
Q9C0A6	Q9C0A6
P08571	P08571
P78317	P78317
Q12946	Q12946
Q12946	Q12947
Q8NC56	Q8NC56
Q9NSY1	Q9NSY1
P10398	P10398
P10398	P04049
Q02846	Q02846
P07942	P07942
P07942	P55268
Q8IUR0	Q8IUR0
Q13049	Q13049
P54098	P54098
O14578	O14578
P05549	P05549
P05549	Q92754
Q96T88	Q96T88
Q5VTR2	Q5VTR2
Q5VTR2	O75150
Q7Z695	Q7Z695
Q8NBQ5	Q8NBQ5
Q8NBQ5	Q7Z5P4
Q8NBQ5	Q8N3Y7
Q8NBQ5	Q8IZV5
O95400	O95400
Q8NCP5	Q8NCP5
P33992	P33992
Q96EY4	Q96EY4
Q658Y4	Q658Y4
P13073	P13073
Q5VVJ2	Q5VVJ2
O94885	O94885
Q6NXT4	Q6NXT4
Q5HYI8	Q5HYI8
Q2TB90	Q2TB90
Q2TB90	P19367
Q2TB90	P52789
Q2TB90	P52790
Q9NRD5	Q9NRD5
Q9H8X9	Q9H8X9
P16435	P16435
P14678	P14678
P14678	P63162
P14324	P14324
Q8WVV5	Q8WVV5
Q8WVV5	Q7KYR7
Q8WVV5	O00478
Q9NX74	Q9NX74
Q9Y2D8	Q9Y2D8
Q2TAY7	Q2TAY7
Q96RT7	Q96RT7
Q96EF6	Q96EF6
P42892	P42892
Q92974	Q92974
Q9Y291	Q9Y291
Q9C019	Q9C019
Q9C019	Q9UDY6
Q13112	Q13112
Q15007	Q15007
Q9NX05	Q9NX05
Q9NX05	Q9NZB2
Q56VL3	Q56VL3
Q9BYV2	Q9BYV2
Q9UNN8	Q9UNN8
Q13011	Q13011
P0CB38	P0CB38
P0CB38	Q96DU9
Q8TCP9	Q8TCP9
P48163	P48163
P48163	P23368
P49257	P49257
Q9UQF2	Q9UQF2
Q9BV23	Q9BV23
Q86YL5	Q86YL5
P45880	P45880
P45880	Q9Y277
P45880	P21796
Q8IXB1	Q8IXB1
Q7Z3D4	Q7Z3D4
P05026	P05026
Q86VM9	Q86VM9
P78556	P78556
Q969V5	Q969V5
Q99750	Q99750
Q96N03	Q96N03
Q53FD0	Q53FD0
Q9UH92	Q9UH92
Q96KC8	Q96KC8
Q13155	Q13155
P19447	P19447
Q9UJS0	Q9UJS0
Q9UJS0	O75746
Q9H0U9	Q9H0U9
O95361	O95361
Q8NDV7	Q8NDV7
Q8NDV7	Q9HCJ0
Q9UBT2	Q9UBT2
Q86VX2	Q86VX2
A1L0T0	A1L0T0
Q9Y6I3	Q9Y6I3
Q9Y6I3	O95208
O60513	O60513
Q5VU43	Q5VU43
P04843	P04843
Q8TAT6	Q8TAT6
Q99470	Q99470
Q99470	Q9HCN8
Q8N490	Q8N490
O15427	O15427
O15427	O95907
O15427	P53985
O15427	O60669
Q8N697	Q8N697
Q9NX07	Q9NX07
O75674	O75674
Q96GM8	Q96GM8
Q96JC1	Q96JC1
Q7L2E3	Q7L2E3
O43570	O43570
Q9Y3A4	Q9Y3A4
P51798	P51798
P51798	P51797
Q14244	Q14244
Q9P265	Q9P265
Q9P265	Q14689
Q6DCA0	Q6DCA0
O95153	O95153
Q8IUX4	Q8IUX4
Q8IUX4	Q96AK3
Q8IUX4	Q9HC16
Q8IUX4	Q9UH17
P20936	P20936
Q15628	Q15628
P10747	P10747
Q12899	Q12899
P43034	P43034
Q15054	Q15054
Q5T0F9	Q5T0F9
Q5T0F9	Q6P1N0
Q9BTC8	Q9BTC8
Q9BTC8	Q13330
Q9BTC8	O94776
Q96B23	Q96B23
Q13435	Q13435
Q9NX08	Q9NX08
P02649	P02649
Q68D91	Q68D91
P09622	P09622
Q00796	Q00796
Q92804	Q92804
Q8IYB3	Q8IYB3
P42704	P42704
P62263	P62263
Q8TAD4	Q8TAD4
P31689	P31689
P31689	Q8WW22
P31689	O60884
O00429	O00429
P36915	P36915
O60218	O60218
O60218	P15121
O60218	P51857
O60218	P42330
O60218	P52895
O60218	Q04828
O60218	P17516
O60218	P14550
Q92604	Q92604
P43360	P43360
P43360	P43355
P43360	P43356
P43360	P43365
P43360	P43357
Q92611	Q92611
O00124	O00124
Q3YBM2	Q3YBM2
Q8TF65	Q8TF65
Q8TF65	O14908
O76095	O76095
Q9HD26	Q9HD26
Q29RF7	Q29RF7
Q29RF7	Q9NTI5
O00203	O00203
Q9Y6D9	Q9Y6D9
Q9UBE0	Q9UBE0
Q9UHD8	Q9UHD8
P15498	P15498
P15498	P52735
Q05516	Q05516
Q8N6Q1	Q8N6Q1
P36952	P36952
Q86VE9	Q86VE9
Q13895	Q13895
Q06124	Q06124
Q06124	P29350
Q8IUD6	Q8IUD6
P24863	P24863
O76071	O76071
P46527	P46527
Q96S65	Q96S65
Q92535	Q92535
P12109	P12109
Q8TEB1	Q8TEB1
Q5VWZ2	Q5VWZ2
Q7Z3E2	Q7Z3E2
A6NMZ7	A6NMZ7
Q6PF18	Q6PF18
Q96N66	Q96N66
Q8NC26	Q8NC26
Q7Z4R8	Q7Z4R8
Q96LD8	Q96LD8
P19878	P19878
Q96NH3	Q96NH3
P57727	P57727
P57727	O15393
Q96P66	Q96P66
P49770	P49770
Q969D9	Q969D9
O75325	O75325
O75325	Q6UXK5
Q8NEZ2	Q8NEZ2
Q5T1S8	Q5T1S8
A6NFK2	A6NFK2
Q0VAA2	Q0VAA2
Q8TC20	Q8TC20
Q8WUT4	Q8WUT4
P01286	P01286
Q15916	Q15916
Q15916	Q9HCK0
Q9NSN8	Q9NSN8
Q9NSN8	Q9NY99
P13798	P13798
P04553	P04553
Q9H0C8	Q9H0C8
O00273	O00273
Q8TDZ2	Q8TDZ2
Q4KMZ1	Q4KMZ1
Q9BRQ5	Q9BRQ5
Q9BRQ5	Q96D31
Q9UK76	Q9UK76
Q9H609	Q9H609
Q9Y6X4	Q9Y6X4
Q9UBD0	Q9UBD0
A1L157	A1L157
A1L157	P48509
Q4AC94	Q4AC94
O60826	O60826
Q02383	Q02383
Q9NRH3	Q9NRH3
Q9NRH3	P23258
Q96KM6	Q96KM6
Q6XPS3	Q6XPS3
Q6XPS3	P56180
Q86VZ2	Q86VZ2
Q86VZ2	P61964
P50747	P50747
Q96B54	Q96B54
Q9Y2X0	Q9Y2X0
B9A014	B9A014
Q8TBB5	Q8TBB5
Q8IZX4	Q8IZX4
Q8IZX4	P21675
Q9BX63	Q9BX63
Q9BZR8	Q9BZR8
P04279	P04279
Q9UIL8	Q9UIL8
Q9H4I3	Q9H4I3
Q9C0B0	Q9C0B0
Q9BX95	Q9BX95
Q96QC0	Q96QC0
Q6XE38	Q6XE38
Q8N488	Q8N488
Q9NXP7	Q9NXP7
Q9UPZ6	Q9UPZ6
P01148	P01148
A1A4Y4	A1A4Y4
Q13889	Q13889
P78332	P78332
P08700	P08700
Q99679	Q99679
Q99679	Q9Y2T5
Q9HAC8	Q9HAC8
Q53GA4	Q53GA4
Q6U736	Q6U736
Q96GD3	Q96GD3
Q96GU1	Q96GU1
P0CG38	P0CG38
P0CG38	P0CG39
P0CG38	Q6S8J3
P0CG38	A5A3E0
Q96HA7	Q96HA7
Q86UX7	Q86UX7
Q86UX7	Q9BQL6
Q86UX7	Q96AC1
P14138	P14138
Q8TF76	Q8TF76
P54821	P54821
P54821	Q99811
Q8TC44	Q8TC44
C9JLW8	C9JLW8
Q15915	Q15915
Q15915	O60481
Q15915	O95409
Q5T653	Q5T653
Q86Y79	Q86Y79
P48357	P48357
Q9UI32	Q9UI32
Q9UI32	O94925
Q9H0H0	Q9H0H0
O43464	O43464
Q9Y6U3	Q9Y6U3
Q9Y6U3	P06396
Q9Y6U3	O75366
Q9Y6U3	P09327
Q9Y6U3	O15195
Q6ZRR7	Q6ZRR7
P23468	P23468
P23468	P10586
P23468	Q13332
P49761	P49761
Q9UHT4	Q9UHT4
Q9BU02	Q9BU02
Q9NQT5	Q9NQT5
Q96GL9	Q96GL9
Q6IC83	Q6IC83
P08151	P08151
P18428	P18428
P18428	P17213
Q8IYT3	Q8IYT3
Q6TCH7	Q6TCH7
Q9C0H6	Q9C0H6
Q9C0H6	Q9NR64
Q9H0W8	Q9H0W8
Q5T200	Q5T200
Q6DHV7	Q6DHV7
Q8NG31	Q8NG31
Q9H869	Q9H869
Q96JI7	Q96JI7
P43119	P43119
Q63HR2	Q63HR2
P53814	P53814
Q13241	Q13241
Q9BVN2	Q9BVN2
O14717	O14717
Q4G0T1	Q4G0T1
Q96N77	Q96N77
P98182	P98182
Q9ULL8	Q9ULL8
Q8TDV2	Q8TDV2
Q9H672	Q9H672
Q9NVS2	Q9NVS2
Q15760	Q15760
Q8NG35	Q8NG35
P13929	P13929
P13929	P06733
P13929	P09104
P38405	P38405
P38405	P63096
P38405	P08754
Q8WUG5	Q8WUG5
Q3SXY7	Q3SXY7
Q8N475	Q8N475
Q6UW63	Q6UW63
Q6UW63	Q7Z4H8
P62256	P62256
P09467	P09467
P09467	O00757
P06340	P06340
P06340	P01903
P06340	P20036
P06340	P01906
Q9NRP4	Q9NRP4
Q494V2	Q494V2
P10075	P10075
O60479	O60479
O60479	Q07687
Q9H665	Q9H665
Q9UPN4	Q9UPN4
P14543	P14543
P14543	Q14112
Q8WTP8	Q8WTP8
P08100	P08100
P08100	P03999
P08100	P0DN77
Q9H9P8	Q9H9P8
P61565	P61565
P61565	Q902F9
Q15569	Q15569
Q9UHP3	Q9UHP3
Q9UHP3	Q96RU2
O95248	O95248
Q96M11	Q96M11
Q6ZTQ4	Q6ZTQ4
Q9Y2X3	Q9Y2X3
P17813	P17813
P30626	P30626
P30626	P28676
Q9NZ45	Q9NZ45
Q9NZ45	Q8N5K1
O95182	O95182
Q14116	Q14116
Q9UKV5	Q9UKV5
Q9GZM7	Q9GZM7
Q8WVR3	Q8WVR3
Q8TBQ9	Q8TBQ9
O43805	O43805
P10809	P10809
Q08357	Q08357
Q08357	Q8WUM9
O00206	O00206
P08123	P08123
P08123	P02458
P08123	P05997
P17544	P17544
P17544	P15336
Q9NUN5	Q9NUN5
P04196	P04196
O75688	O75688
Q8TAE8	Q8TAE8
Q9Y2R5	Q9Y2R5
Q96AD5	Q96AD5
Q9Y672	Q9Y672
Q9Y296	Q9Y296
Q9BVC4	Q9BVC4
O60271	O60271
P02766	P02766
Q96DA6	Q96DA6
Q12893	Q12893
Q8TEL6	Q8TEL6
Q5M7Z0	Q5M7Z0
Q5M7Z0	Q96EX2
P0DP23	P0DP23
P0DP23	P27482
P0DP23	P0DP24
P0DP23	P0DP25
P0DP23	P60660
P0DP23	Q9NZT1
P0DP23	Q9NP86
P0DP23	Q8TD86
P0DP23	O15182
P0DP23	P41208
P0DP23	Q12798
P0DP23	P02585
O75695	O75695
Q2TAA5	Q2TAA5
Q14CB8	Q14CB8
Q9BWE0	Q9BWE0
Q5SYE7	Q5SYE7
Q5SNT2	Q5SNT2
Q13077	Q13077
P78344	P78344
Q9HD23	Q9HD23
Q92466	Q92466
Q14118	Q14118
Q8N5Z5	Q8N5Z5
Q9BQP7	Q9BQP7
Q8IWB9	Q8IWB9
Q9BWL3	Q9BWL3
Q15428	Q15428
Q92793	Q92793
Q92793	Q09472
Q96A54	Q96A54
Q5MNZ6	Q5MNZ6
Q5MNZ6	Q9Y484
Q9UJV9	Q9UJV9
Q9P035	Q9P035
P15151	P15151
Q13342	Q13342
Q96KQ7	Q96KQ7
Q96KQ7	Q9H9B1
Q9HCL0	Q9HCL0
Q15018	Q15018
Q6P1K1	Q6P1K1
Q8N594	Q8N594
Q9NP87	Q9NP87
Q9NP87	P04053
P62068	P62068
P62068	O75317
O94992	O94992
Q99848	Q99848
Q9NPD8	Q9NPD8
Q9H0R3	Q9H0R3
Q99714	Q99714
P53567	P53567
Q6VMQ6	Q6VMQ6
Q8WV22	Q8WV22
Q8N543	Q8N543
Q6ZXV5	Q6ZXV5
Q9BRV8	Q9BRV8
Q8TC07	Q8TC07
Q9H8L6	Q9H8L6
Q96CW5	Q96CW5
Q9NY61	Q9NY61
Q6PJ61	Q6PJ61
P35270	P35270
Q9H7E2	Q9H7E2
P08559	P08559
O95391	O95391
P15907	P15907
Q96KS0	Q96KS0
Q96KS0	Q9GZT9
Q9UJY1	Q9UJY1
Q06136	Q06136
Q96T23	Q96T23
Q86VY4	Q86VY4
Q8IUF8	Q8IUF8
Q00325	Q00325
Q7L576	Q7L576
Q7L576	Q96F07
P13498	P13498
Q9UPT9	Q9UPT9
Q9UBB6	Q9UBB6
Q96RU3	Q96RU3
P30536	P30536
Q99708	Q99708
O96005	O96005
P51948	P51948
Q6ZSR9	Q6ZSR9
P67812	P67812
P67812	Q9BY50
Q6WKZ4	Q6WKZ4
P56378	P56378
P30043	P30043
Q6PML9	Q6PML9
Q674X7	Q674X7
P20719	P20719
P20719	Q00444
P20719	P09067
Q9Y3X0	Q9Y3X0
Q9NZD2	Q9NZD2
O14579	O14579
Q15773	Q15773
O75884	O75884
Q9NUY8	Q9NUY8
O95183	O95183
O95394	O95394
P06213	P06213
P06213	P08069
P06213	P14616
Q96C10	Q96C10
Q16625	Q16625
Q12996	Q12996
P28288	P28288
O43824	O43824
Q9UJX2	Q9UJX2
Q92643	Q92643
O60547	O60547
O95067	O95067
O95067	P14635
Q9H840	Q9H840
Q14186	Q14186
Q14186	Q5H9I0
Q14186	Q14188
Q8WUH6	Q8WUH6
P49765	P49765
Q9HCN4	Q9HCN4
Q9ULG6	Q9ULG6
P24534	P24534
Q96ST8	Q96ST8
Q96HY6	Q96HY6
Q96LJ7	Q96LJ7
Q6AZY7	Q6AZY7
O94923	O94923
Q9GZT8	Q9GZT8
P52179	P52179
Q9H082	Q9H082
Q9H082	Q14088
Q8NI22	Q8NI22
Q92990	Q92990
Q92947	Q92947
Q9BSJ2	Q9BSJ2
Q9BQ70	Q9BQ70
Q9H9J2	Q9H9J2
Q7RTR2	Q7RTR2
P00747	P00747
P21399	P21399
P21399	P48200
Q8WTV0	Q8WTV0
O15211	O15211
Q16206	Q16206
Q16206	Q8TC92
Q96C34	Q96C34
P41218	P41218
P41218	Q6K0P9
P29083	P29083
Q96JM7	Q96JM7
Q96JM7	Q9Y468
P30566	P30566
Q27J81	Q27J81
Q00013	Q00013
Q9NRY2	Q9NRY2
Q9NXG0	Q9NXG0
P56199	P56199
P29033	P29033
Q9NWM3	Q9NWM3
Q99959	Q99959
P24941	P24941
P24941	Q00526
P24941	P06493
P24941	Q00535
P24941	P50613
P24941	P11802
P24941	Q00534
O14907	O14907
Q15057	Q15057
Q15057	Q96P50
P49207	P49207
Q8IY57	Q8IY57
Q7L5D6	Q7L5D6
Q9UHB6	Q9UHB6
Q6NXT6	Q6NXT6
Q9ULQ1	Q9ULQ1
Q96EY7	Q96EY7
P56134	P56134
P46060	P46060
Q5U5X0	Q5U5X0
Q86UR1	Q86UR1
Q9Y385	Q9Y385
P26038	P26038
P26038	P15311
P26038	P35241
P26038	P35240
Q9UHE5	Q9UHE5
Q8N998	Q8N998
Q14667	Q14667
Q9UBW7	Q9UBW7
Q9HCE9	Q9HCE9
Q53T94	Q53T94
Q16719	Q16719
Q8IZE3	Q8IZE3
Q9HBX3	Q9HBX3
Q14680	Q14680
P62081	P62081
Q96EP5	Q96EP5
P55160	P55160
P55160	Q9Y2A7
Q9BXD5	Q9BXD5
Q86WA6	Q86WA6
O95985	O95985
Q9NVL8	Q9NVL8
Q9GZX6	Q9GZX6
O14979	O14979
Q9BPX1	Q9BPX1
P07814	P07814
Q14653	Q14653
Q8ND30	Q8ND30
Q8ND30	Q86W92
P46459	P46459
Q13426	Q13426
Q53F19	Q53F19
P29144	P29144
Q86UE4	Q86UE4
P60059	P60059
Q9Y3B2	Q9Y3B2
Q96B02	Q96B02
Q99856	Q99856
Q96A35	Q96A35
Q9NP80	Q9NP80
Q0VDE8	Q0VDE8
Q9UGI0	Q9UGI0
P05388	P05388
P05388	Q8NHW5
Q9H3R5	Q9H3R5
Q6ZPD9	Q6ZPD9
Q6ZPD9	Q7Z388
O75096	O75096
Q9UNW1	Q9UNW1
Q9BXN2	Q9BXN2
Q9UI12	Q9UI12
P13987	P13987
Q9H9S3	Q9H9S3
Q9H9S3	P61619
Q9BRL6	Q9BRL6
P56539	P56539
P56539	Q03135
Q9UPY3	Q9UPY3
Q9Y3Q3	Q9Y3Q3
Q9Y3Q3	Q9Y3B3
Q9NRG4	Q9NRG4
Q16619	Q16619
P45844	P45844
P17026	P17026
Q0VDF9	Q0VDF9
Q9H5J4	Q9H5J4
Q9Y3E2	Q9Y3E2
Q9C0D5	Q9C0D5
Q9C0D5	Q9HCD6
P24390	P24390
P24390	P33947
P24390	O43731
Q02556	Q02556
Q02556	Q15306
Q9H7X0	Q9H7X0
O43716	O43716
Q86XF7	Q86XF7
O94955	O94955
Q9Y233	Q9Y233
P78562	P78562
P26678	P26678
Q96MI9	Q96MI9
Q96MI9	Q9UPW5
Q9UMR7	Q9UMR7
O43709	O43709
Q5SW96	Q5SW96
Q9UKB1	Q9UKB1
Q9UKB1	Q9Y297
Q9P275	Q9P275
Q9Y237	Q9Y237
Q9HBI0	Q9HBI0
P25786	P25786
Q96DT7	Q96DT7
P03973	P03973
Q8N4L8	Q8N4L8
P19801	P19801
P19801	Q16853
Q8IWR0	Q8IWR0
Q8IWR0	Q9UGR2
Q96CW1	Q96CW1
Q96RI1	Q96RI1
P0DN79	P0DN79
P0DN79	P35520
P49959	P49959
Q8NDZ4	Q8NDZ4
P08910	P08910
Q8TDD1	Q8TDD1
Q86Y39	Q86Y39
P54725	P54725
P54725	P54727
O15371	O15371
Q01892	Q01892
Q01892	P17947
O14957	O14957
Q9HAF1	Q9HAF1
O14746	O14746
Q8NFZ4	Q8NFZ4
Q14677	Q14677
Q9NRW3	Q9NRW3
Q9NRW3	Q9GZX7
Q9BY43	Q9BY43
Q9BY43	Q9H444
Q9NZ53	Q9NZ53
Q15011	Q15011
P49773	P49773
Q5JPE7	Q5JPE7
Q5JPE7	Q15155
Q5JPE7	P69849
P18545	P18545
O43684	O43684
Q5SXM2	Q5SXM2
Q9UJZ1	Q9UJZ1
Q15942	Q15942
O15234	O15234
Q8TEH3	Q8TEH3
O15144	O15144
P12955	P12955
Q13123	Q13123
O14863	O14863
P23771	P23771
P23771	P23769
Q86SK9	Q86SK9
Q86SK9	O00767
B2RXF5	B2RXF5
B2RXF5	Q99592
O60832	O60832
Q8WY98	Q8WY98
P07099	P07099
Q99700	Q99700
Q99700	Q8WWM7
P62273	P62273
Q92759	Q92759
P05771	P05771
P05771	P05129
P05771	P17252
Q9BWM7	Q9BWM7
Q9BWM7	Q9H9B4
Q9BWM7	Q96NB2
Q96TA1	Q96TA1
Q96SB8	Q96SB8
Q9H204	Q9H204
Q9H8M9	Q9H8M9
Q9H8M9	Q9NVM1
Q49AM3	Q49AM3
Q9ULC3	Q9ULC3
Q9BSD7	Q9BSD7
Q5QP82	Q5QP82
Q9H972	Q9H972
Q68E01	Q68E01
Q99966	Q99966
Q96FX7	Q96FX7
P49005	P49005
P23921	P23921
Q92629	Q92629
Q92629	Q13326
Q92629	Q96LD1
Q9NU53	Q9NU53
Q9NVV9	Q9NVV9
Q9P1T7	Q9P1T7
Q13042	Q13042
O15552	O15552
Q9BY32	Q9BY32
P63104	P63104
P63104	P27348
P63104	P31946
P63104	P62258
P63104	P31947
P63104	Q04917
P63104	P61981
Q99497	Q99497
Q92879	Q92879
O95881	O95881
Q86W33	Q86W33
Q9NRS6	Q9NRS6
P33993	P33993
O15260	O15260
Q13421	Q13421
Q14203	Q14203
Q13740	Q13740
P18669	P18669
P18669	P15259
P18669	Q8N0Y7
Q9UNS1	Q9UNS1
Q96M89	Q96M89
Q15029	Q15029
Q16401	Q16401
P50552	P50552
P50552	Q9UI08
O43889	O43889
O60762	O60762
Q8NDT2	Q8NDT2
Q8NDT2	Q96T37
P56962	P56962
Q9GZR7	Q9GZR7
P0CG47	P0CG47
P52429	P52429
Q99832	Q99832
Q9BQ67	Q9BQ67
P30041	P30041
Q13451	Q13451
Q13451	Q02790
Q9Y2B0	Q9Y2B0
P78383	P78383
O75909	O75909
Q08431	Q08431
Q76M96	Q76M96
Q9UNX4	Q9UNX4
O96006	O96006
Q9Y2G0	Q9Y2G0
Q9Y2G0	Q14156
Q9BSF8	Q9BSF8
Q9UBB9	Q9UBB9
O60706	O60706
O60706	Q09428
Q9UHL4	Q9UHL4
Q9UHL4	P42785
Q99459	Q99459
A6NDU8	A6NDU8
Q8TF72	Q8TF72
P57052	P57052
Q9NZM5	Q9NZM5
Q8N4L2	Q8N4L2
Q8N4L2	Q86T03
Q9P2B4	Q9P2B4
Q8TCG1	Q8TCG1
Q9C0J8	Q9C0J8
Q15061	Q15061
Q8WYP5	Q8WYP5
P35232	P35232
P35232	Q99623
Q9UHE8	Q9UHE8
Q15223	Q15223
Q06945	Q06945
Q9Y572	Q9Y572
Q6NZI2	Q6NZI2
P51571	P51571
Q6Y1H2	Q6Y1H2
Q6Y1H2	B0YJ81
Q9P2E9	Q9P2E9
Q68G75	Q68G75
Q92621	Q92621
Q6NUM9	Q6NUM9
O95298	O95298
P51610	P51610
Q9BYM8	Q9BYM8
P01374	P01374
Q8N1F8	Q8N1F8
P39687	P39687
P39687	Q92688
P39687	Q9BTT0
P39687	O43423
Q9H1X3	Q9H1X3
P19623	P19623
Q68CP9	Q68CP9
O95786	O95786
Q96KB5	Q96KB5
Q9Y3B1	Q9Y3B1
P38432	P38432
P61927	P61927
Q12789	Q12789
P49754	P49754
Q9BTE3	Q9BTE3
Q05682	Q05682
Q93088	Q93088
P43897	P43897
Q8NI36	Q8NI36
Q6IAA8	Q6IAA8
Q9BXS9	Q9BXS9
Q9BXS9	P58743
Q96BW1	Q96BW1
Q15843	Q15843
O95070	O95070
O95070	Q5BJH7
P78312	P78312
Q8TBR4	Q8TBR4
Q09328	Q09328
Q09328	Q3V5L5
Q8N999	Q8N999
P09913	P09913
P09913	P09914
P09913	Q13325
P09913	O14879
O95967	O95967
O95967	Q9UBX5
O95967	Q12805
Q86YD7	Q86YD7
Q9H871	Q9H871
P01138	P01138
P01138	P20783
Q6ZWL3	Q6ZWL3
Q5H8A4	Q5H8A4
Q14957	Q14957
P03979	P03979
Q9BTT6	Q9BTT6
Q5JSP0	Q5JSP0
Q6ZWJ1	Q6ZWJ1
Q9NQX0	Q9NQX0
P23327	P23327
Q86V85	Q86V85
Q9BVS5	Q9BVS5
Q9Y2C2	Q9Y2C2
O95772	O95772
P16671	P16671
Q8IXQ5	Q8IXQ5
Q8WXI4	Q8WXI4
Q8NBI6	Q8NBI6
Q9H7J1	Q9H7J1
O96004	O96004
O96004	P61296
Q9BWH6	Q9BWH6
O96007	O96007
Q6AI08	Q6AI08
Q96DE5	Q96DE5
Q99622	Q99622
Q14207	Q14207
Q86V35	Q86V35
Q86V35	Q9BXU9
P18627	P18627
Q9H019	Q9H019
Q86UW7	Q86UW7
Q86UW7	Q9ULU8
Q8NFD2	Q8NFD2
O43181	O43181
Q96KC9	Q96KC9
Q8NG04	Q8NG04
A7E2V4	A7E2V4
O00337	O00337
Q3C1V8	Q3C1V8
Q9HBK9	Q9HBK9
Q9Y2P4	Q9Y2P4
Q9Y2P4	O14975
Q9Y2P4	Q6P1M0
Q9Y2P4	Q6PCB7
Q9Y2P4	Q9Y2P5
Q8WXI3	Q8WXI3
Q9NP85	Q9NP85
Q9UBM8	Q9UBM8
Q9NQ50	Q9NQ50
Q9BYC9	Q9BYC9
Q02094	Q02094
Q15466	Q15466
Q9UQ88	Q9UQ88
Q9UQ88	P21127
Q8IXS6	Q8IXS6
P49915	P49915
Q5U651	Q5U651
Q03112	Q03112
Q03112	Q9HAZ2
O43759	O43759
O43759	O43760
O43759	O43761
P15509	P15509
Q9Y2K2	Q9Y2K2
Q9H6R7	Q9H6R7
Q6UVM3	Q6UVM3
Q6UVM3	Q5JUK3
Q68DL7	Q68DL7
Q96QA5	Q96QA5
Q9UGI6	Q9UGI6
Q9BX93	Q9BX93
Q5VT98	Q5VT98
Q5VT98	A3QJZ6
P37231	P37231
Q13057	Q13057
P18577	P18577
P10912	P10912
Q3SY17	Q3SY17
Q96MG2	Q96MG2
P78358	P78358
Q96PT4	Q96PT4
P01742	P01742
P01742	A0A0B4J1Y9
Q5QGS0	Q5QGS0
P01350	P01350
P56589	P56589
P51687	P51687
Q9HC29	Q9HC29
Q08AG5	Q08AG5
Q9UKF6	Q9UKF6
Q9NPC7	Q9NPC7
Q96L92	Q96L92
P11586	P11586
P11586	Q6UB35
Q12816	Q12816
P55010	P55010
Q96BI3	Q96BI3
Q2TAM9	Q2TAM9
Q9Y2G8	Q9Y2G8
O00257	O00257
Q8N682	Q8N682
Q96FC9	Q96FC9
Q96FC9	A8MPP1
Q96FC9	Q92771
Q9UHB9	Q9UHB9
Q9UIB8	Q9UIB8
Q9NTK5	Q9NTK5
P49643	P49643
Q13144	Q13144
O15031	O15031
O15446	O15446
Q9NXF1	Q9NXF1
P21291	P21291
P21291	Q16527
P21291	P52943
P30279	P30279
P30279	P30281
P30279	P24385
Q9Y3A5	Q9Y3A5
Q8NBW4	Q8NBW4
Q13200	Q13200
Q9H6T3	Q9H6T3
Q6NXG1	Q6NXG1
P50991	P50991
Q8NEZ5	Q8NEZ5
P53396	P53396
P10827	P10827
O60906	O60906
Q69YU5	Q69YU5
Q5VU97	Q5VU97
P15880	P15880
Q9H8M7	Q9H8M7
Q9HDC5	Q9HDC5
Q9HDC5	Q9BR39
Q9HDC5	Q8WXH2
Q17RS7	Q17RS7
Q86UT5	Q86UT5
O95757	O95757
O95757	Q92598
O95757	P34932
Q9UI26	Q9UI26
Q16656	Q16656
Q6P2Q9	Q6P2Q9
Q5TAQ9	Q5TAQ9
Q92187	Q92187
Q86WN1	Q86WN1
Q86WN1	O94868
Q6ZUJ4	Q6ZUJ4
Q9NRX2	Q9NRX2
Q9UHA4	Q9UHA4
Q96DM1	Q96DM1
P43155	P43155
P43155	P28329
Q96EY1	Q96EY1
P10515	P10515
Q8N6M3	Q8N6M3
Q71UI9	Q71UI9
Q71UI9	P0C0S5
Q71UI9	Q96QV6
Q71UI9	Q96KK5
Q71UI9	Q9BTM1
Q71UI9	Q16777
Q71UI9	Q93077
Q71UI9	Q6FI13
Q71UI9	P0C0S8
Q71UI9	P16104
Q71UI9	Q8IUE6
Q71UI9	Q99878
Q71UI9	P20671
Q71UI9	P04908
Q71UI9	Q7L7L0
P24539	P24539
P13984	P13984
Q9UP83	Q9UP83
Q9H173	Q9H173
Q9NRN7	Q9NRN7
O00567	O00567
Q8TD20	Q8TD20
Q9NP84	Q9NP84
O15027	O15027
Q8TF44	Q8TF44
Q6PKC3	Q6PKC3
Q8NBX0	Q8NBX0
Q9UJJ9	Q9UJJ9
Q07864	Q07864
Q9NRA8	Q9NRA8
Q08257	Q08257
P23142	P23142
Q0P5N6	Q0P5N6
P53365	P53365
P53365	P53367
P55081	P55081
Q8NBF2	Q8NBF2
Q9Y2L5	Q9Y2L5
P36955	P36955
Q9NV64	Q9NV64
Q9NV64	Q9GZU3
Q13769	Q13769
Q96PZ0	Q96PZ0
Q96CP7	Q96CP7
Q15542	Q15542
Q12979	Q12979
Q9Y258	Q9Y258
Q96DI7	Q96DI7
O43683	O43683
O76021	O76021
Q9P2J5	Q9P2J5
Q6PF05	Q6PF05
Q16586	Q16586
Q16586	O43556
O15118	O15118
O43829	O43829
Q9Y5J1	Q9Y5J1
Q86Y13	Q86Y13
O95817	O95817
Q9HB07	Q9HB07
Q9UNQ2	Q9UNQ2
P09874	P09874
Q9BXL6	Q9BXL6
Q76N32	Q76N32
Q9Y5J9	Q9Y5J9
Q9H252	Q9H252
Q9H252	Q12809
O43818	O43818
Q15560	Q15560
Q15560	P23193
Q15560	O75764
O14980	O14980
O00515	O00515
Q9BV90	Q9BV90
Q96LB3	Q96LB3
O75122	O75122
O75122	Q7Z460
Q9UNZ5	Q9UNZ5
P30622	P30622
Q9NQ55	Q9NQ55
Q3KR37	Q3KR37
Q3KR37	Q96CP6
Q3KR37	Q8IYS0
Q6ZMN7	Q6ZMN7
Q6ZMN7	Q9UPQ7
Q86VN1	Q86VN1
Q16342	Q16342
Q5T9L3	Q5T9L3
Q8WX93	Q8WX93
Q8NE00	Q8NE00
Q6ZNB6	Q6ZNB6
Q6VN20	Q6VN20
Q6VN20	Q96S59
Q9UNE7	Q9UNE7
Q3B726	Q3B726
Q96CA5	Q96CA5
Q07820	Q07820
Q9BVP2	Q9BVP2
P55957	P55957
P10155	P10155
P0C5Z0	P0C5Z0
Q96N11	Q96N11
Q9BUA3	Q9BUA3
O00750	O00750
Q9UL49	Q9UL49
P01042	P01042
Q9UII4	Q9UII4
Q6P0N0	Q6P0N0
Q969Q0	Q969Q0
Q969Q0	P83881
P50281	P50281
P50281	P51511
Q9H3M7	Q9H3M7
Q9H3M7	Q96B67
Q96S55	Q96S55
O00186	O00186
O00186	P61764
O00186	Q15833
Q9HA38	Q9HA38
Q15038	Q15038
Q96HD1	Q96HD1
Q96GD0	Q96GD0
Q96GD0	A6NDG6
Q6NSJ2	Q6NSJ2
Q96D46	Q96D46
Q8NC69	Q8NC69
O75844	O75844
P09529	P09529
P09529	P08476
Q9BX67	Q9BX67
P78560	P78560
O00327	O00327
O75976	O75976
Q93063	Q93063
Q9BTV5	Q9BTV5
Q9BTV5	Q9BXM9
Q9Y5B9	Q9Y5B9
Q96IV0	Q96IV0
P39210	P39210
Q92854	Q92854
Q6N043	Q6N043
P48506	P48506
Q14687	Q14687
P12034	P12034
Q9Y2V3	Q9Y2V3
Q14678	Q14678
P10253	P10253
O60925	O60925
E9PJI5	E9PJI5
E9PJI5	E9PIF3
E9PJI5	E9PKD4
E9PJI5	P0DM63
E9PJI5	Q9UND3
E9PJI5	A6NJ64
Q9Y561	Q9Y561
Q7Z4K8	Q7Z4K8
Q9BZA8	Q9BZA8
Q9BZA8	Q9BZA7
Q9BZA8	Q9HC56
O75677	O75677
O75677	A6NLU0
O75677	F8VTS6
O75677	O75678
O75677	O75679
Q92527	Q92527
Q9BSE5	Q9BSE5
Q9UK23	Q9UK23
Q9BRQ0	Q9BRQ0
O43290	O43290
Q96PX8	Q96PX8
Q6NTF7	Q6NTF7
Q8WXK3	Q8WXK3
Q9H2J4	Q9H2J4
Q9UBX0	Q9UBX0
Q6ZN84	Q6ZN84
P56749	P56749
O75431	O75431
O60346	O60346
Q9BX59	Q9BX59
P33681	P33681
Q7RTV3	Q7RTV3
P55316	P55316
Q86YD1	Q86YD1
Q8N6L1	Q8N6L1
P31997	P31997
P31997	Q00889
Q9H6R4	Q9H6R4
Q96T25	Q96T25
Q8WXH6	Q8WXH6
Q8WXH6	P0C0E4
Q8WXH6	Q96S21
Q9UQ84	Q9UQ84
P42575	P42575
Q9P0U1	Q9P0U1
Q7Z7A3	Q7Z7A3
Q6UWE0	Q6UWE0
Q8IZF4	Q8IZF4
Q5TGY3	Q5TGY3
Q16655	Q16655
Q96CT2	Q96CT2
Q9Y5J6	Q9Y5J6
Q6P582	Q6P582
Q6P582	Q6NZ67
Q6J9G0	Q6J9G0
O60293	O60293
Q9GZN7	Q9GZN7
Q9NRG0	Q9NRG0
Q96CG3	Q96CG3
Q9BW19	Q9BW19
P23415	P23415
P23415	P48167
Q8IYB8	Q8IYB8
Q8IZF5	Q8IZF5
Q9NZQ0	Q9NZQ0
Q86TM3	Q86TM3
Q86TM3	Q9NXZ2
Q8N608	Q8N608
Q8N608	P42658
A8MZ59	A8MZ59
P12643	P12643
P12643	P12644
Q71F23	Q71F23
Q13564	Q13564
Q96GS6	Q96GS6
Q99426	Q99426
Q6P1M9	Q6P1M9
Q86TD4	Q86TD4
P01574	P01574
Q9Y580	Q9Y580
Q8N111	Q8N111
Q9H267	Q9H267
O75448	O75448
Q5VIR6	Q5VIR6
Q8N895	Q8N895
P26440	P26440
Q92786	Q92786
Q6UXG3	Q6UXG3
Q9H2B2	Q9H2B2
Q9H2B2	Q9BT88
P16949	P16949
Q9C0B1	Q9C0B1
Q12767	Q12767
Q9NT62	Q9NT62
Q86U10	Q86U10
Q8IXM6	Q8IXM6
Q8TE49	Q8TE49
O60244	O60244
P20273	P20273
Q05DH4	Q05DH4
Q9BYC2	Q9BYC2
P17181	P17181
Q6H9L7	Q6H9L7
Q8NDV2	Q8NDV2
Q8NDV2	Q96P69
Q6NT16	Q6NT16
Q13118	Q13118
Q13118	O14901
Q5BKT4	Q5BKT4
A5D8V6	A5D8V6
Q9H5N1	Q9H5N1
P47874	P47874
P05231	P05231
P54368	P54368
P43351	P43351
Q2TAL8	Q2TAL8
Q96B18	Q96B18
P09326	P09326
P56279	P56279
Q8WVJ2	Q8WVJ2
Q96B01	Q96B01
Q9UKG4	Q9UKG4
Q9H8K7	Q9H8K7
Q9NPF4	Q9NPF4
P31371	P31371
Q6ZVX7	Q6ZVX7
O43676	O43676
Q6UWN5	Q6UWN5
Q9BWT3	Q9BWT3
Q96CK0	Q96CK0
Q8IXW5	Q8IXW5
Q96LW2	Q96LW2
P48431	P48431
Q53H96	Q53H96
Q53H96	P32322
Q53H96	Q96C36
Q9NWQ4	Q9NWQ4
Q5GH72	Q5GH72
Q01459	Q01459
O60870	O60870
Q9BT76	Q9BT76
Q9C0I1	Q9C0I1
Q8TF21	Q8TF21
Q8NGU9	Q8NGU9
P10768	P10768
Q9P0K8	Q9P0K8
Q9H9A5	Q9H9A5
Q9UKI8	Q9UKI8
Q9BSM1	Q9BSM1
Q86TW2	Q86TW2
P46952	P46952
Q6PID8	Q6PID8
Q9HB20	Q9HB20
Q9UJX6	Q9UJX6
Q9NWH9	Q9NWH9
Q15699	Q15699
P08138	P08138
Q7RTW8	Q7RTW8
Q96NZ1	Q96NZ1
Q9UDX3	Q9UDX3
Q8IY84	Q8IY84
O15120	O15120
O15120	Q99943
Q6NXT1	Q6NXT1
O60603	O60603
Q9H1E3	Q9H1E3
O14818	O14818
Q9UIV1	Q9UIV1
Q9UIV1	Q9UFF9
P07602	P07602
Q3MJ40	Q3MJ40
Q9UKX7	Q9UKX7
Q14CX7	Q14CX7
P23396	P23396
P08243	P08243
Q86SZ2	Q86SZ2
Q58WW2	Q58WW2
Q9Y4P3	Q9Y4P3
Q9Y673	Q9Y673
Q9Y624	Q9Y624
O15213	O15213
P10176	P10176
Q969N2	Q969N2
O00443	O00443
Q8NC51	Q8NC51
Q8NC51	Q5JVS0
Q96MU7	Q96MU7
Q15369	Q15369
Q9BTX1	Q9BTX1
P53355	P53355
Q96HV5	Q96HV5
P05198	P05198
Q9NZM3	Q9NZM3
Q9NZM3	Q15811
O15047	O15047
Q14494	Q14494
Q9Y2G9	Q9Y2G9
O00519	O00519
Q9NVR2	Q9NVR2
P50416	P50416
Q9H6D7	Q9H6D7
P78563	P78563
Q9NTJ3	Q9NTJ3
Q96RN5	Q96RN5
O00499	O00499
O00499	P49418
O14544	O14544
P49591	P49591
Q96D05	Q96D05
P13196	P13196
O43559	O43559
O43559	Q8WU20
Q9NPG1	Q9NPG1
Q9NPG1	O60353
Q15654	Q15654
Q92552	Q92552
Q8IXM2	Q8IXM2
P13051	P13051
P51522	P51522
P05186	P05186
P05186	P05187
Q9P1Z2	Q9P1Z2
P25445	P25445
Q969X2	Q969X2
Q53H82	Q53H82
Q96EV2	Q96EV2
P05156	P05156
Q8IY26	Q8IY26
Q16222	Q16222
O94763	O94763
Q16775	Q16775
Q14566	Q14566
Q9BVG9	Q9BVG9
P00167	P00167
P00167	O43169
Q8N4C6	Q8N4C6
Q6NZY4	Q6NZY4
Q13323	Q13323
Q96K49	Q96K49
Q96K49	Q8NBN3
P52732	P52732
Q9BUP0	Q9BUP0
Q9BUP0	Q96C19
P13674	P13674
P13674	O15460
Q9UGN4	Q9UGN4
Q96C12	Q96C12
Q9Y2B1	Q9Y2B1
P62888	P62888
Q15390	Q15390
P48788	P48788
P48788	P19237
P48788	P19429
P67870	P67870
Q9Y3B7	Q9Y3B7
Q92890	Q92890
Q14CM0	Q14CM0
Q7L014	Q7L014
Q13439	Q13439
Q01664	Q01664
Q9UKN8	Q9UKN8
Q96RT1	Q96RT1
Q5SRE7	Q5SRE7
P06729	P06729
P0DN76	P0DN76
P0DN76	Q01081
P0DN76	Q8WU68
P60866	P60866
Q9UM11	Q9UM11
P51946	P51946
Q14739	Q14739
Q99741	Q99741
Q7L8L6	Q7L8L6
Q9BQ66	Q9BQ66
Q9BYK8	Q9BYK8
P01591	P01591
Q9BWF2	Q9BWF2
P21980	P21980
P21980	O95932
Q8NCJ5	Q8NCJ5
Q8IYW5	Q8IYW5
Q86WR0	Q86WR0
Q6YHU6	Q6YHU6
Q15125	Q15125
O00330	O00330
P22059	P22059
P22059	Q969R2
Q86T65	Q86T65
Q9BRR8	Q9BRR8
Q13393	Q13393
Q147U7	Q147U7
P01579	P01579
O00487	O00487
Q96EM0	Q96EM0
P52739	P52739
A0AVI4	A0AVI4
O75800	O75800
Q9H0H5	Q9H0H5
Q9GZU2	Q9GZU2
Q9UQE7	Q9UQE7
Q99733	Q99733
Q99733	P55209
P22061	P22061
P36543	P36543
P36543	Q96A05
Q496F6	Q496F6
Q496F6	Q08708
Q9C0C4	Q9C0C4
Q9C0C4	Q9NPR2
P79522	P79522
Q9ULX6	Q9ULX6
Q9Y5L0	Q9Y5L0
Q9GZZ1	Q9GZZ1
Q8WYA6	Q8WYA6
P14174	P14174
Q66K89	Q66K89
O00754	O00754
Q8N3E9	Q8N3E9
P23588	P23588
Q9H1K0	Q9H1K0
O75604	O75604
Q6ZVK8	Q6ZVK8
Q99985	Q99985
Q99985	Q14563
Q99985	O15041
Q9NS73	Q9NS73
Q9BQA1	Q9BQA1
Q9Y266	Q9Y266
Q9UL15	Q9UL15
P08567	P08567
P39748	P39748
Q8TB61	Q8TB61
Q9H2M9	Q9H2M9
P19634	P19634
P19634	Q9UBY0
P19634	P48764
Q8WU79	Q8WU79
Q8WU79	Q8IYB5
Q86TN4	Q86TN4
O75533	O75533
P11717	P11717
P82650	P82650
Q9NWB7	Q9NWB7
Q9NXD2	Q9NXD2
Q92979	Q92979
Q08378	Q08378
P27816	P27816
P12236	P12236
P12236	P05141
P12236	P12235
P12236	Q9H0C2
O60220	O60220
Q96JJ7	Q96JJ7
O95551	O95551
Q8TDX7	Q8TDX7
Q8TDX7	Q9HC98
P56381	P56381
Q9BRK3	Q9BRK3
Q2TBE0	Q2TBE0
Q01780	Q01780
P54802	P54802
P62424	P62424
Q8NBP7	Q8NBP7
P08962	P08962
P19474	P19474
P19474	O00635
P19474	Q9C035
P19474	Q9BYJ4
P19474	Q9C030
P19474	Q96F44
P19474	Q8IYM9
P19474	Q8NG06
P19474	Q6AZZ1
O95905	O95905
Q05048	Q05048
Q96GS4	Q96GS4
Q9P2H3	Q9P2H3
Q15004	Q15004
P51531	P51531
P51531	P51532
P10619	P10619
Q659C4	Q659C4
Q659C4	Q6PKG0
P00451	P00451
O95159	O95159
Q9UNP9	Q9UNP9
P29692	P29692
Q8WVP7	Q8WVP7
Q8NE71	Q8NE71
Q9NZS9	Q9NZS9
P62249	P62249
Q10570	Q10570
Q9NXX6	Q9NXX6
Q99538	Q99538
Q12913	Q12913
Q13158	Q13158
Q16548	Q16548
Q9Y3P9	Q9Y3P9
A2VDJ0	A2VDJ0
Q8NCE2	Q8NCE2
Q9UHI6	Q9UHI6
P30048	P30048
P30048	Q13162
O15392	O15392
Q96EZ8	Q96EZ8
Q9NWU1	Q9NWU1
P46934	P46934
Q3KQU3	Q3KQU3
Q5JSZ5	Q5JSZ5
Q8NDN9	Q8NDN9
P36383	P36383
Q9UGM5	Q9UGM5
O15503	O15503
Q8TDM6	Q8TDM6
P51970	P51970
Q8NDL9	Q8NDL9
Q9NQ11	Q9NQ11
Q9NQ11	Q9H7F0
Q7L4I2	Q7L4I2
P51809	P51809
Q9NVX2	Q9NVX2
O95563	O95563
O00410	O00410
O00410	O60518
Q2NL82	Q2NL82
O00148	O00148
O00148	Q13838
P51114	P51114
P51114	P51116
P51114	Q06787
P18846	P18846
Q9Y2S7	Q9Y2S7
O14649	O14649
Q86V81	Q86V81
Q96KQ4	Q96KQ4
Q96KQ4	Q13625
P29084	P29084
Q8N511	Q8N511
Q96EL3	Q96EL3
P14770	P14770
Q01973	Q01973
Q01973	Q01974
Q9P209	Q9P209
Q6RW13	Q6RW13
P55786	P55786
Q96RG2	Q96RG2
O75438	O75438
P20138	P20138
P20138	O43699
Q9NRZ9	Q9NRZ9
Q8NEP7	Q8NEP7
Q99417	Q99417
Q8WXJ9	Q8WXJ9
Q8IX18	Q8IX18
P10588	P10588
P10588	P24468
P10588	P10589
Q96ST3	Q96ST3
Q9BRX2	Q9BRX2
P51955	P51955
P31321	P31321
P31321	P10644
Q6NUN9	Q6NUN9
P22735	P22735
Q13585	Q13585
Q8NG48	Q8NG48
O60216	O60216
P47211	P47211
Q5NUL3	Q5NUL3
Q7Z7G1	Q7Z7G1
O43314	O43314
Q76LX8	Q76LX8
P09417	P09417
Q92600	Q92600
Q9BV29	Q9BV29
Q96GX5	Q96GX5
P12645	P12645
P12645	P55107
Q9NV31	Q9NV31
Q49AG3	Q49AG3
C9JTQ0	C9JTQ0
Q8N3Y3	Q8N3Y3
Q8N3Y3	O95461
Q96RY5	Q96RY5
Q8N0Z8	Q8N0Z8
Q9UK39	Q9UK39
Q07108	Q07108
P07197	P07197
P07197	P12036
P28698	P28698
O95163	O95163
O75564	O75564
Q99958	Q99958
Q99958	Q12948
P56696	P56696
Q8IV63	Q8IV63
Q8TF62	Q8TF62
Q8TF62	P98198
Q8TF62	O43520
Q9Y4F9	Q9Y4F9
P04234	P04234
P08949	P08949
Q9HD40	Q9HD40
Q96Q06	Q96Q06
Q9Y4C8	Q9Y4C8
Q8NEM8	Q8NEM8
Q86UV5	Q86UV5
Q96QS3	Q96QS3
Q8TDI8	Q8TDI8
O60224	O60224
Q96JN2	Q96JN2
Q13201	Q13201
P08493	P08493
Q5MY95	Q5MY95
Q5MY95	O75355
Q5MY95	P49961
Q9NZJ6	Q9NZJ6
P0CG36	P0CG36
Q9UH03	Q9UH03
Q9UH03	Q15019
Q9UH03	Q8WYJ6
Q9UH03	Q99719
Q9H1C3	Q9H1C3
Q9H1C3	Q68CQ7
Q9NVI1	Q9NVI1
Q9Y592	Q9Y592
Q8IY33	Q8IY33
P01732	P01732
Q6P6B1	Q6P6B1
Q8IX15	Q8IX15
Q8TCT8	Q8TCT8
Q8TCT8	Q8TCT7
Q08828	Q08828
Q08828	O95622
Q08828	O43306
Q08828	P40145
P78426	P78426
Q9H4X1	Q9H4X1
Q15468	Q15468
O00476	O00476
O00476	Q9Y2C5
Q00604	Q00604
O76080	O76080
Q96GR4	Q96GR4
Q9BRT3	Q9BRT3
Q12986	Q12986
Q9NW64	Q9NW64
Q969V1	Q969V1
Q8TF01	Q8TF01
O00533	O00533
Q9UJ71	Q9UJ71
Q9NR97	Q9NR97
Q9NR97	Q9NYK1
O60294	O60294
P49815	P49815
Q8WXR4	Q8WXR4
O75324	O75324
P19883	P19883
Q8IYW4	Q8IYW4
O14715	O14715
O14715	P0DJD0
O14715	A6NKT7
O14715	Q99666
Q92750	Q92750
Q8NCA9	Q8NCA9
Q2VPK5	Q2VPK5
Q86YS7	Q86YS7
O14490	O14490
O14490	Q9Y2H0
Q15819	Q15819
Q15819	Q13404
P58397	P58397
Q6W5P4	Q6W5P4
Q7Z7M1	Q7Z7M1
Q9BUG6	Q9BUG6
Q9BUG6	P0CG00
P07492	P07492
Q8N9V2	Q8N9V2
Q9H321	Q9H321
Q86VW2	Q86VW2
Q9UP65	Q9UP65
Q7Z3Q1	Q7Z3Q1
P11215	P11215
P11215	Q13349
P11215	P20702
P19835	P19835
Q68DH5	Q68DH5
Q96K19	Q96K19
Q8N8C0	Q8N8C0
Q9NW82	Q9NW82
P07306	P07306
P07306	P07307
P07306	Q8IUN9
O00322	O00322
Q96FI4	Q96FI4
Q9BQF6	Q9BQF6
Q9C056	Q9C056
Q9P2X3	Q9P2X3
Q6UY18	Q6UY18
Q6UY18	Q7L985
Q6UY18	Q96FE5
P98174	P98174
Q96MM7	Q96MM7
Q96QT6	Q96QT6
P31939	P31939
P19961	P19961
P19961	P04746
P23490	P23490
Q9H9T3	Q9H9T3
P04198	P04198
Q8N6D5	Q8N6D5
Q86W34	Q86W34
Q8IU60	Q8IU60
P10911	P10911
Q9Y6I4	Q9Y6I4
Q9H790	Q9H790
O60812	O60812
O60812	P07910
O60812	Q9UKM9
O60812	Q86SE5
Q8IZF2	Q8IZF2
Q8NC24	Q8NC24
O15069	O15069
P22674	P22674
Q9P2P1	Q9P2P1
P01185	P01185
Q95460	Q95460
Q95460	P01889
Q95460	P04439
Q95460	P17693
Q95460	P10321
Q95460	P13747
Q95460	P30511
Q99593	Q99593
Q99593	P57082
Q8IVY1	Q8IVY1
O75326	O75326
P60568	P60568
Q6UXS9	Q6UXS9
Q6UXS9	P49662
Q6UXS9	P51878
Q6UXS9	P29466
Q9H8J5	Q9H8J5
Q9UGY1	Q9UGY1
Q9NSC7	Q9NSC7
Q8N5J2	Q8N5J2
P01011	P01011
P01011	P01009
P01011	Q86WD7
P01011	P29622
P01011	P05154
P09848	P09848
Q92832	Q92832
Q7Z3Z4	Q7Z3Z4
Q7Z3Z4	Q96J94
Q9NP71	Q9NP71
Q96AX1	Q96AX1
P49746	P49746
P49746	P35443
O95630	O95630
O95630	Q96FJ0
P40225	P40225
Q50LG9	Q50LG9
Q9Y3M8	Q9Y3M8
Q8N7A1	Q8N7A1
Q8N7A1	Q9Y2U9
Q9BRJ2	Q9BRJ2
Q8IYR2	Q8IYR2
O60239	O60239
P54274	P54274
Q14264	Q14264
Q9GZV3	Q9GZV3
Q7L266	Q7L266
Q96BV0	Q96BV0
A8K2U0	A8K2U0
A8K2U0	P01023
A8K2U0	P20742
Q92625	Q92625
Q92625	Q7Z6G8
Q9BYZ8	Q9BYZ8
O60519	O60519
Q8NCM2	Q8NCM2
Q8NCM2	O95259
Q86XJ0	Q86XJ0
P0C091	P0C091
P35318	P35318
Q9BY89	Q9BY89
Q6P531	Q6P531
Q9NVW2	Q9NVW2
Q9NVW2	Q9Y252
P35790	P35790
Q6EIG7	Q6EIG7
Q6EIG7	Q8WTT0
P17405	P17405
Q96GM5	Q96GM5
Q9ULD6	Q9ULD6
A6NJT0	A6NJT0
Q9Y283	Q9Y283
Q8TD22	Q8TD22
O75509	O75509
Q9UBP0	Q9UBP0
O76062	O76062
Q7Z569	Q7Z569
Q14439	Q14439
Q9H5L6	Q9H5L6
A8K979	A8K979
P83859	P83859
O15499	O15499
Q9BY66	Q9BY66
Q9BY66	P41229
Q9BY66	P29375
Q5TCS8	Q5TCS8
P57730	P57730
Q14005	Q14005
Q5SRH9	Q5SRH9
Q5SRH9	Q5VTQ0
P47929	P47929
Q17RG1	Q17RG1
Q96MH2	Q96MH2
P40259	P40259
Q9Y2I6	Q9Y2I6
Q9UHP6	Q9UHP6
O43301	O43301
O43301	Q96MM6
Q8TDD2	Q8TDD2
Q8TDD2	P0CG40
Q8TDD2	Q8IXZ3
Q9BZJ8	Q9BZJ8
P62760	P62760
P62760	P37235
P62760	Q9UM19
P62760	P84074
P62760	P35243
P62760	Q9UMX6
P62760	P62166
A4D1T9	A4D1T9
Q9Y6I8	Q9Y6I8
Q96IZ2	Q96IZ2
Q2KHR3	Q2KHR3
Q9BS86	Q9BS86
Q96C24	Q96C24
O95992	O95992
O95196	O95196
Q8IUZ0	Q8IUZ0
Q96QV1	Q96QV1
P01588	P01588
Q13216	Q13216
O14798	O14798
Q9BXR6	Q9BXR6
B2RTY4	B2RTY4
B2RTY4	Q13459
Q9H6B9	Q9H6B9
P01589	P01589
P37058	P37058
P37058	Q53GQ0
P37058	Q3SXM5
Q16790	Q16790
Q6ZU80	Q6ZU80
Q15345	Q15345
Q92614	Q92614
Q8N9Z2	Q8N9Z2
P52797	P52797
O95150	O95150
Q96CN5	Q96CN5
Q9HBH9	Q9HBH9
Q9HBH9	Q9BUB5
Q9NR80	Q9NR80
Q9Y5Z7	Q9Y5Z7
Q5JVF3	Q5JVF3
Q15818	Q15818
P09564	P09564
Q9UGN5	Q9UGN5
P22897	P22897
Q9P255	Q9P255
Q9P255	A6NK75
Q9P255	Q9Y2Q1
Q9P255	Q9H8G1
Q9P255	Q8TF32
Q9P255	Q8IYN0
Q9P255	Q86V71
Q9P255	P17038
Q9P255	Q9HBT8
Q9P255	P0CG31
Q9P255	Q96H40
Q9P255	A6NP11
Q9P255	Q96N22
Q9P255	Q03936
Q9P255	Q03923
Q9P255	Q8IW36
Q9P255	Q03938
Q9P255	P35789
Q9P255	Q6ZN08
Q9P255	O75346
Q9P255	O75373
Q9P255	Q68DY1
Q9P255	Q5JVG8
Q9P255	O14628
Q9P255	Q02386
Q9P255	Q8NEM1
Q9P255	Q8N7Q3
Q9P255	Q6ZR52
Q9P255	P0DKX0
Q9P255	Q8TD23
Q7Z5R6	Q7Z5R6
Q9UN81	Q9UN81
Q8IY85	Q8IY85
Q96H86	Q96H86
Q96H86	Q96CS4
Q96H86	A8K8V0
Q96H86	A6NM28
Q96H86	Q6ZNG0
Q96H86	Q8IVC4
Q96A56	Q96A56
P62072	P62072
Q16236	Q16236
Q5JPF3	Q5JPF3
Q5JPF3	A6QL64
Q92902	Q92902
Q9Y6R1	Q9Y6R1
Q9Y6R1	Q9BY07
Q9Y6R1	Q2Y0W8
Q9Y6R1	Q6U841
Q9Y6R1	Q9Y6M7
O95897	O95897
O95897	Q96PB7
Q9UQ90	Q9UQ90
Q9UQ90	Q9Y4W6
Q5TGL8	Q5TGL8
P52798	P52798
Q99466	Q99466
Q17RQ9	Q17RQ9
P43007	P43007
P43007	Q15758
Q96H20	Q96H20
Q96Q89	Q96Q89
Q5T3U5	Q5T3U5
P98077	P98077
P98077	P29353
Q9ULD0	Q9ULD0
Q9ULD0	Q02218
Q9H7X3	Q9H7X3
P07359	P07359
Q9NWW0	Q9NWW0
Q9BWU0	Q9BWU0
Q9HCC8	Q9HCC8
Q96PG8	Q96PG8
P35367	P35367
P21549	P21549
Q02833	Q02833
Q9BWN1	Q9BWN1
Q9H040	Q9H040
Q6PEW1	Q6PEW1
P51530	P51530
Q6P3R8	Q6P3R8
Q9Y5N1	Q9Y5N1
Q86VD9	Q86VD9
Q9HCS7	Q9HCS7
Q5HYK7	Q5HYK7
Q5VZP5	Q5VZP5
Q86WC6	Q86WC6
Q86YA3	Q86YA3
Q96M32	Q96M32
P49335	P49335
P49335	P20265
P49335	P20264
P49335	Q03052
Q99558	Q99558
Q9H2A7	Q9H2A7
O14494	O14494
O14494	O43688
O14494	O14495
Q96JY0	Q96JY0
Q6PI48	Q6PI48
O75629	O75629
O75312	O75312
Q9H1H9	Q9H1H9
Q9H1H9	Q9NQT8
Q13418	Q13418
Q6BDS2	Q6BDS2
Q6BDS2	A0JNW5
P98153	P98153
O94983	O94983
Q5KU26	Q5KU26
Q9BXJ3	Q9BXJ3
Q9BYH8	Q9BYH8
Q86WS5	Q86WS5
Q99706	Q99706
Q99706	P43626
Q99706	P43630
Q99706	P43629
Q99706	Q8N743
Q9P212	Q9P212
P58004	P58004
P58004	Q9Y6P5
Q9Y576	Q9Y576
Q9UK97	Q9UK97
Q9NXE8	Q9NXE8
Q8NFH8	Q8NFH8
Q9H2P9	Q9H2P9
Q9Y2X9	Q9Y2X9
Q8NBF1	Q8NBF1
Q8NBF1	Q8NEA6
Q9GZU5	Q9GZU5
O43236	O43236
Q5VZF2	Q5VZF2
Q5VZF2	Q9NR56
Q96K83	Q96K83
Q9BY15	Q9BY15
Q10571	Q10571
P23467	P23467
P20396	P20396
P04180	P04180
O75752	O75752
Q8TD08	Q8TD08
Q9UBY5	Q9UBY5
Q9UBY5	Q92633
Q9P2K1	Q9P2K1
O95343	O95343
Q9NRM6	Q9NRM6
P55317	P55317
Q96SF2	Q96SF2
P78380	P78380
Q9BUH8	Q9BUH8
Q15198	Q15198
Q13887	Q13887
O43916	O43916
Q7Z7K6	Q7Z7K6
A6NF36	A6NF36
Q7Z2W9	Q7Z2W9
Q13461	Q13461
Q13461	O00358
Q1L6U9	Q1L6U9
P09131	P09131
Q8N0Z3	Q8N0Z3
Q9BZE9	Q9BZE9
O75943	O75943
Q8TC84	Q8TC84
Q9Y2D9	Q9Y2D9
Q9Y2D9	Q9UFB7
P12838	P12838
P22749	P22749
Q99999	Q99999
O60711	O60711
O60711	O43294
P25021	P25021
O43293	O43293
Q9BUN1	Q9BUN1
Q7L3T8	Q7L3T8
Q9BYE9	Q9BYE9
Q969S9	Q969S9
P43652	P43652
Q6ZUJ8	Q6ZUJ8
P10071	P10071
P10071	P10070
Q15078	Q15078
Q01362	Q01362
Q96RK0	Q96RK0
Q9UL36	Q9UL36
Q96MX3	Q96MX3
Q8IVV7	Q8IVV7
O43918	O43918
O14709	O14709
Q14146	Q14146
Q9H7Z7	Q9H7Z7
Q8IZQ8	Q8IZQ8
O00291	O00291
O00291	O75146
Q9NR20	Q9NR20
Q8N8S7	Q8N8S7
Q9NVH2	Q9NVH2
A4FU49	A4FU49
Q9UBI4	Q9UBI4
Q8N8E2	Q8N8E2
Q15080	Q15080
Q9UIH9	Q9UIH9
P60022	P60022
O95164	O95164
Q719H9	Q719H9
Q719H9	Q96SI1
P42681	P42681
Q9H9C1	Q9H9C1
Q9HCI7	Q9HCI7
Q86VG3	Q86VG3
Q99665	Q99665
Q2M2I8	Q2M2I8
Q9UJN7	Q9UJN7
Q68D85	Q68D85
Q9NQS5	Q9NQS5
B2RUZ4	B2RUZ4
Q86YC3	Q86YC3
Q969F8	Q969F8
Q9P2K3	Q9P2K3
Q9BQC6	Q9BQC6
Q7Z5Y6	Q7Z5Y6
Q7Z5Y6	P34820
Q7Z5Y6	P18075
Q7Z5Y6	P22004
Q7Z5Y6	P22003
Q6ZNQ3	Q6ZNQ3
P08174	P08174
Q969J3	Q969J3
Q7Z4Q2	Q7Z4Q2
Q9H4I9	Q9H4I9
Q5T2D2	Q5T2D2
P30968	P30968
Q9Y508	Q9Y508
Q6XPR3	Q6XPR3
P15502	P15502
P13385	P13385
O15403	O15403
Q13285	Q13285
Q13285	O00482
Q5R372	Q5R372
Q5VTH9	Q5VTH9
Q92817	Q92817
Q8TF50	Q8TF50
Q8N8L6	Q8N8L6
Q9NZN3	Q9NZN3
Q9NZN3	Q9H4M9
Q9NZN3	Q9NZN4
Q9NZN3	Q9H223
Q96EX1	Q96EX1
Q9Y519	Q9Y519
Q4KMP7	Q4KMP7
O15169	O15169
Q53SF7	Q53SF7
P29728	P29728
P51788	P51788
P35244	P35244
O15528	O15528
O15528	Q02318
P22670	P22670
Q9BQ51	Q9BQ51
Q9H765	Q9H765
Q14997	Q14997
Q15646	Q15646
Q96MS3	Q96MS3
Q9H1B7	Q9H1B7
Q86VR8	Q86VR8
P34096	P34096
Q9Y4C4	Q9Y4C4
Q9UK61	Q9UK61
Q3ZCT1	Q3ZCT1
Q3ZCT1	Q13106
Q3ZCT1	Q8N8L2
Q3ZCT1	Q68DY9
Q3ZCT1	Q969W8
Q3ZCT1	Q3KNS6
Q3ZCT1	Q8NA42
Q3ZCT1	Q8IYX0
Q3ZCT1	P17030
Q3ZCT1	P58317
Q3ZCT1	Q9UC06
Q3ZCT1	Q6ZN57
Q3ZCT1	Q9NQZ8
Q3ZCT1	P52741
Q6PGN9	Q6PGN9
Q9NP64	Q9NP64
Q9BYE7	Q9BYE7
Q9NS56	Q9NS56
O75064	O75064
Q9UKL0	Q9UKL0
O00411	O00411
Q6P995	Q6P995
Q9H2G4	Q9H2G4
Q9UNM6	Q9UNM6
Q96B96	Q96B96
Q8WVS4	Q8WVS4
P62857	P62857
O15379	O15379
O15379	Q13547
O15379	Q92769
Q8NHL6	Q8NHL6
Q16082	Q16082
Q9NYU1	Q9NYU1
Q9NYU1	Q9NYU2
Q8NEM0	Q8NEM0
P06576	P06576
P46778	P46778
Q9NVX0	Q9NVX0
P14868	P14868
Q13601	Q13601
Q6PK04	Q6PK04
P09038	P09038
P13497	P13497
P13497	O43897
P13497	Q9Y6L7
Q9H0F6	Q9H0F6
Q96DU3	Q96DU3
P53671	P53671
P53671	P53667
O00442	O00442
P48454	P48454
P48454	Q08209
P48454	P16298
Q9GZR5	Q9GZR5
Q9GZR5	A1L3X0
Q9GZR5	Q9NYP7
Q9GZR5	Q9BW60
Q9Y4B6	Q9Y4B6
Q96BZ9	Q96BZ9
Q8N3X1	Q8N3X1
O15232	O15232
Q9NWQ8	Q9NWQ8
P15408	P15408
P15408	P01100
P15408	P53539
P15408	P15407
P35711	P35711
Q9BU23	Q9BU23
O60427	O60427
O60427	O95864
O60427	Q9Y5Q0
O95477	O95477
O95477	Q9BZC7
O95477	P78363
O95477	Q8IZY2
P25106	P25106
O60524	O60524
Q16665	Q16665
Q16665	Q99814
P62877	P62877
P62877	Q9UBF6
P49821	P49821
Q9H089	Q9H089
O94874	O94874
Q13370	Q13370
Q13370	Q14432
Q66K74	Q66K74
P55060	P55060
Q9BQ39	Q9BQ39
Q9BQ39	Q9NR30
Q15746	Q15746
P15260	P15260
Q8IYI6	Q8IYI6
Q15024	Q15024
Q8N983	Q8N983
Q12981	Q12981
Q99081	Q99081
Q99081	P15884
Q99081	P15923
Q9NZC7	Q9NZC7
Q9Y3D5	Q9Y3D5
Q15084	Q15084
Q9NXG6	Q9NXG6
Q99729	Q99729
Q99729	Q14103
O14672	O14672
Q13509	Q13509
Q13509	Q9BVA1
Q13509	A6NNZ2
Q13509	Q9BUF5
Q13509	P04350
Q13509	P07437
Q13509	Q13885
Q13509	Q9H4B7
Q13509	P68371
Q13509	Q3ZCM7
Q13509	Q71U36
Q13509	Q9NY65
Q13509	P68366
Q13509	Q6PEY2
Q13509	Q9BQE3
Q13509	P0DPH7
Q13509	P68363
Q13509	A6NHL2
Q96AE7	Q96AE7
Q9UBI1	Q9UBI1
O95831	O95831
Q9UHC7	Q9UHC7
Q9UHC7	Q13434
Q9UHC7	Q13064
Q9UHC7	Q9H000
Q8N1B4	Q8N1B4
Q9BTU6	Q9BTU6
Q9BTU6	Q8TCG2
P51688	P51688
P26196	P26196
Q86TG7	Q86TG7
Q9Y2G5	Q9Y2G5
Q9NUQ9	Q9NUQ9
Q13242	Q13242
Q13242	Q07955
P34059	P34059
P32780	P32780
O15160	O15160
P81605	P81605
Q9NVV4	Q9NVV4
P41182	P41182
P40933	P40933
Q92576	Q92576
Q4LE39	Q4LE39
Q9Y2E8	Q9Y2E8
O60760	O60760
P56856	P56856
Q6P6B7	Q6P6B7
P49675	P49675
Q03468	Q03468
Q9NX76	Q9NX76
Q9Y6W6	Q9Y6W6
O75486	O75486
Q96CG8	Q96CG8
Q6PJ69	Q6PJ69
O75973	O75973
Q9BRN9	Q9BRN9
Q8TDS7	Q8TDS7
Q8TDS7	Q96LB1
Q96IS3	Q96IS3
O60312	O60312
O95843	O95843
Q6ZNH5	Q6ZNH5
Q6ZNH5	Q96EG3
Q6ZNH5	Q8IZ26
Q6ZNH5	P15622
Q6ZNH5	Q6AW86
Q5D0E6	Q5D0E6
O43414	O43414
Q9H993	Q9H993
O94761	O94761
Q96ND0	Q96ND0
Q68DA7	Q68DA7
Q92482	Q92482
Q9BPX6	Q9BPX6
Q9P2J2	Q9P2J2
Q86U06	Q86U06
Q86U06	Q14498
Q3SXM0	Q3SXM0
Q6PII3	Q6PII3
Q99988	Q99988
Q8NDB2	Q8NDB2
Q8IZ08	Q8IZ08
P49841	P49841
P49841	P49840
O60262	O60262
O60262	P59768
O60262	P63218
Q8TAP9	Q8TAP9
P34995	P34995
Q9NUI1	Q9NUI1
P07225	P07225
P07225	Q14393
P28328	P28328
Q16720	Q16720
Q16720	Q01814
Q16720	P20020
Q16720	P23634
Q99467	Q99467
Q9NQV6	Q9NQV6
A6NEM1	A6NEM1
A6NEM1	A6NI86
Q96II8	Q96II8
Q96II8	O75427
Q96II8	Q5VUJ6
Q96II8	Q9Y2L9
Q9NUB1	Q9NUB1
Q9NUB1	Q9NR19
Q9UPW6	Q9UPW6
Q9UPW6	Q01826
Q9H4B4	Q9H4B4
Q9H4B4	P53350
Q9H4B4	Q9NYY3
Q96KR7	Q96KR7
P04070	P04070
Q8NAV1	Q8NAV1
Q96ET8	Q96ET8
Q8N5S9	Q8N5S9
Q8N5S9	Q96RR4
P0CG08	P0CG08
P0CG08	B7ZAQ6
Q9NYV4	Q9NYV4
Q9NYV4	Q14004
Q9P2P5	Q9P2P5
Q9P2P5	Q76N89
Q12815	Q12815
O43490	O43490
Q96K30	Q96K30
Q12918	Q12918
O60721	O60721
P21918	P21918
O60573	O60573
Q6DWJ6	Q6DWJ6
Q13029	Q13029
Q9P2W7	Q9P2W7
Q6P2H3	Q6P2H3
O15146	O15146
Q9HAW0	Q9HAW0
Q86SQ0	Q86SQ0
Q8WWC4	Q8WWC4
Q5VY09	Q5VY09
P14784	P14784
A4FU69	A4FU69
P61956	P61956
P61956	P55854
Q92526	Q92526
Q92526	P40227
P24928	P24928
Q8IWR1	Q8IWR1
A6NHR9	A6NHR9
Q5SSJ5	Q5SSJ5
Q96BQ5	Q96BQ5
Q969X5	Q969X5
Q96P20	Q96P20
Q96P20	P59046
P43235	P43235
P43235	P07711
P43235	O60911
P43235	P25774
P43235	P09668
P25787	P25787
O14684	O14684
Q96BP3	Q96BP3
Q10469	Q10469
Q9Y5S1	Q9Y5S1
Q9Y5S1	Q8NER1
Q99675	Q99675
Q8WVM8	Q8WVM8
Q07021	Q07021
Q5JTV8	Q5JTV8
Q92538	Q92538
O95810	O95810
Q01518	Q01518
Q01518	P40123
Q14534	Q14534
Q9HAT0	Q9HAT0
Q8NFH5	Q8NFH5
Q96K37	Q96K37
P27986	P27986
P27986	O00459
O14524	O14524
P15153	P15153
P15153	P84095
P15153	P60953
P15153	P63000
P15153	P60763
P15153	Q9HBH0
P15153	Q9H4E5
P15153	P17081
P15153	P08134
P15153	P61586
P15153	P62745
Q14134	Q14134
Q68CQ4	Q68CQ4
O95299	O95299
Q9P0S9	Q9P0S9
Q9P0S9	Q9NUH8
Q96G97	Q96G97
Q03519	Q03519
Q03519	Q9NP78
Q8TEW8	Q8TEW8
O95834	O95834
Q13761	Q13761
Q13761	Q01196
Q7Z403	Q7Z403
Q7Z4H7	Q7Z4H7
Q12923	Q12923
Q9H4H8	Q9H4H8
Q9NTJ5	Q9NTJ5
Q09161	Q09161
O43909	O43909
P61916	P61916
P00395	P00395
Q9NXC2	Q9NXC2
O15524	O15524
Q9Y3D6	Q9Y3D6
Q9UHN6	Q9UHN6
Q8N6T7	Q8N6T7
Q9Y696	Q9Y696
Q9Y696	O00299
Q9Y696	O15247
P61626	P61626
Q13423	Q13423
Q15831	Q15831
P78369	P78369
Q4J6C6	Q4J6C6
Q13523	Q13523
P18859	P18859
Q96S97	Q96S97
Q2PZI1	Q2PZI1
Q2PZI1	Q6NUT2
Q15276	Q15276
Q8N3C0	Q8N3C0
Q8N3C0	O75643
Q9NQ25	Q9NQ25
Q15464	Q15464
Q96JS3	Q96JS3
Q9UGH3	Q9UGH3
Q9NVP1	Q9NVP1
Q15370	Q15370
Q9HDC9	Q9HDC9
P33240	P33240
P33240	Q9H0L4
P11177	P11177
Q13190	Q13190
P08240	P08240
Q96FL8	Q96FL8
Q96FL8	Q86VL8
Q9H4L4	Q9H4L4
Q7L5N7	Q7L5N7
Q7L5N7	Q643R3
Q7L5N7	Q8NF37
P20700	P20700
P20700	P02545
P20700	Q03252
P55895	P55895
Q6GYQ0	Q6GYQ0
Q14690	Q14690
Q9NZ01	Q9NZ01
Q9P031	Q9P031
P40855	P40855
Q8WXE0	Q8WXE0
Q8WXE0	Q8WXD9
P60842	P60842
P60842	Q14240
P60842	P38919
P35558	P35558
P35558	Q16822
P30050	P30050
P17931	P17931
Q9Y394	Q9Y394
Q96RQ9	Q96RQ9
P00519	P00519
P00519	P42684
Q9HCJ5	Q9HCJ5
O15514	O15514
Q06481	Q06481
Q06481	P05067
P20226	P20226
P20226	Q6SJ96
P82673	P82673
P63241	P63241
P63241	Q9GZV4
P63241	Q6IS14
Q7Z4G1	Q7Z4G1
P11308	P11308
Q8N5M9	Q8N5M9
Q8TCT9	Q8TCT9
Q96ME7	Q96ME7
P35659	P35659
Q16831	Q16831
Q9Y3D0	Q9Y3D0
A0AV96	A0AV96
A0AV96	Q9NQ94
O75569	O75569
O75569	Q15633
P61758	P61758
Q96S52	Q96S52
O60318	O60318
Q96DV4	Q96DV4
Q9HCK4	Q9HCK4
Q9HCK4	Q9Y6N7
Q99613	Q99613
Q99613	B5ME19
Q9Y3F4	Q9Y3F4
O60237	O60237
O60237	O14974
O43592	O43592
P13489	P13489
P07237	P07237
P07237	Q13087
Q9H0J9	Q9H0J9
P0DP58	P0DP58
P51570	P51570
Q96CS3	Q96CS3
Q13433	Q13433
Q12962	Q12962
Q96G25	Q96G25
Q9C0F1	Q9C0F1
P46782	P46782
Q96CN9	Q96CN9
Q7Z6E9	Q7Z6E9
P23497	P23497
P20585	P20585
Q16633	Q16633
Q9UMS0	Q9UMS0
P29317	P29317
P29317	Q9UF33
P29317	P54760
P29317	Q15375
P29317	P54753
P29317	P54764
P29317	P54762
P29317	P29323
P29317	P29322
P29317	P29320
P29317	Q5JZY3
P29317	P21709
Q8N8Z6	Q8N8Z6
Q7Z2K6	Q7Z2K6
Q9H9A6	Q9H9A6
Q96HC4	Q96HC4
Q92522	Q92522
P46779	P46779
Q13432	Q13432
Q8WY22	Q8WY22
Q96AV8	Q96AV8
O94875	O94875
Q8HWS3	Q8HWS3
Q9UKY0	Q9UKY0
O75083	O75083
Q9UMS6	Q9UMS6
P55884	P55884
Q13444	Q13444
Q9UBP9	Q9UBP9
P42772	P42772
P42772	P42771
Q86VW0	Q86VW0
P05155	P05155
Q5QJE6	Q5QJE6
Q8TCS8	Q8TCS8
Q3YEC7	Q3YEC7
P62899	P62899
Q96DB9	Q96DB9
P41235	P41235
P50213	P50213
P50213	P51553
P50213	O43837
Q12756	Q12756
Q12756	O60333
P53597	P53597
P62266	P62266
Q9NRP0	Q9NRP0
Q4G0G2	Q4G0G2
Q9NVH1	Q9NVH1
Q03405	Q03405
Q9UIL1	Q9UIL1
P15976	P15976
Q15427	Q15427
O14508	O14508
Q9ULK4	Q9ULK4
P54646	P54646
P54646	Q13131
O00116	O00116
O00189	O00189
Q9BYI3	Q9BYI3
Q9BYI3	Q8IXS8
P56277	P56277
Q99442	Q99442
Q9NRB3	Q9NRB3
Q8N357	Q8N357
Q13045	Q13045
P55072	P55072
O15127	O15127
O15127	O15126
O15127	O14828
P30153	P30153
P30153	P30154
Q9NW15	Q9NW15
O43633	O43633
Q96AH0	Q96AH0
Q96AH0	Q9BQ15
Q9HC62	Q9HC62
Q96DF8	Q96DF8
Q15233	Q15233
Q15233	Q8WXF1
Q8IXJ9	Q8IXJ9
Q9UPS8	Q9UPS8
P50914	P50914
Q14469	Q14469
Q8N163	Q8N163
Q9Y3C1	Q9Y3C1
P08729	P08729
P08729	P05787
P08729	Q14CN4
P08729	P02538
P08729	Q86Y46
P08729	Q7RTS7
P08729	Q6KB66
P08729	O43790
P08729	Q14533
P08729	P78385
Q8NBM4	Q8NBM4
Q13480	Q13480
Q01831	Q01831
O75147	O75147
Q8NC60	Q8NC60
Q86Y56	Q86Y56
Q8IY67	Q8IY67
P10145	P10145
Q96RL1	Q96RL1
P52594	P52594
Q8N6N3	Q8N6N3
Q99615	Q99615
Q96JT2	Q96JT2
Q8NDB6	Q8NDB6
Q8WW38	Q8WW38
P10606	P10606
P06744	P06744
P61165	P61165
Q9Y463	Q9Y463
Q9Y463	Q13627
Q8WUB2	Q8WUB2
Q9UKA4	Q9UKA4
Q9NZV1	Q9NZV1
Q13478	Q13478
Q12800	Q12800
Q12800	Q9NZI7
P42694	P42694
Q06033	Q06033
Q06033	Q14624
Q96PZ2	Q96PZ2
Q3ZCQ8	Q3ZCQ8
Q6UWP7	Q6UWP7
P61201	P61201
Q9Y2E5	Q9Y2E5
Q5VTT2	Q5VTT2
Q9UK28	Q9UK28
O00559	O00559
P07951	P07951
P07951	P09493
P07951	P67936
P07951	P06753
Q96NW4	Q96NW4
O43913	O43913
Q12904	Q12904
Q9Y4I1	Q9Y4I1
Q9Y4I1	Q9ULV0
Q9Y4I1	Q9NQX4
P52701	P52701
Q96MM3	Q96MM3
Q9NYL2	Q9NYL2
Q7LG56	Q7LG56
Q7LG56	P31350
Q9NRL2	Q9NRL2
P17152	P17152
Q9UL45	Q9UL45
P01024	P01024
Q9BSC4	Q9BSC4
P15328	P15328
Q9P0U4	Q9P0U4
Q9NVV0	Q9NVV0
Q9UBY8	Q9UBY8
Q9C005	Q9C005
Q8N2F6	Q8N2F6
Q8N2F6	Q9UH62
Q13619	Q13619
Q13619	Q13620
P30307	P30307
Q13615	Q13615
P15291	P15291
Q9NQ29	Q9NQ29
Q9NQ29	Q9Y383
O00165	O00165
Q9HCC0	Q9HCC0
P20674	P20674
Q9NRK6	Q9NRK6
P16260	P16260
P40198	P40198
P51649	P51649
Q10713	Q10713
O00232	O00232
Q9NR12	Q9NR12
Q9NVI7	Q9NVI7
Q9NVI7	Q5T9A4
Q8IXQ6	Q8IXQ6
O75177	O75177
O75177	Q15532
Q99942	Q99942
Q99942	Q96GF1
Q96SZ6	Q96SZ6
P38935	P38935
Q7RTY1	Q7RTY1
P05112	P05112
P34949	P34949
Q9Y2Z0	Q9Y2Z0
P40818	P40818
P22314	P22314
P22314	A0AVT1
P22314	P41226
P00748	P00748
Q6P1X5	Q6P1X5
Q9UBS4	Q9UBS4
O00463	O00463
O00463	Q13114
Q9GZT3	Q9GZT3
Q8NHS3	Q8NHS3
Q86WV6	Q86WV6
Q99758	Q99758
Q15005	Q15005
P68431	P68431
P68431	Q6NXT2
P68431	Q16695
P68431	Q71DI3
P68431	Q5TEC6
P68431	P84243
Q9H6Y7	Q9H6Y7
Q15181	Q15181
Q15181	Q9H2U2
Q11201	Q11201
Q9Y6K9	Q9Y6K9
Q99941	Q99941
O43396	O43396
Q9UFD9	Q9UFD9
Q9UHV9	Q9UHV9
Q9BU61	Q9BU61
Q8N2A0	Q8N2A0
O43318	O43318
P36776	P36776
Q9UJD0	Q9UJD0
P78410	P78410
P04233	P04233
O15075	O15075
Q13491	Q13491
Q13491	P51674
Q10589	Q10589
Q92540	Q92540
Q13177	Q13177
Q13177	O75914
Q13177	Q13153
Q93073	Q93073
Q14166	Q14166
O75718	O75718
O75718	Q92791
P63208	P63208
Q96ES6	Q96ES6
Q9HAS0	Q9HAS0
Q9H9H4	Q9H9H4
P19652	P19652
Q9BW27	Q9BW27
P98170	P98170
P42285	P42285
Q5D1E8	Q5D1E8
P18206	P18206
P02775	P02775
Q9P2F8	Q9P2F8
Q9P2F8	O43166
Q9P2F8	O60292
P19793	P19793
P19793	P28702
Q969W9	Q969W9
Q99877	Q99877
Q99877	P62807
Q99877	Q93079
Q99877	P33778
Q99877	P06899
Q99877	Q99880
Q99877	P57053
Q99877	Q96A08
Q99877	Q99879
Q99877	P58876
Q99877	Q8N257
Q99877	Q5QNW6
Q99877	P23527
Q99877	Q16778
Q99877	O60814
Q7Z3K3	Q7Z3K3
Q96BJ3	Q96BJ3
O95715	O95715
Q96NT0	Q96NT0
O15372	O15372
O43719	O43719
P03891	P03891
Q8N4H5	Q8N4H5
Q8WUA2	Q8WUA2
P62244	P62244
P48645	P48645
Q93062	Q93062
Q93062	Q6ZRY4
O15033	O15033
Q92851	Q92851
Q5VYS8	Q5VYS8
P04818	P04818
P55011	P55011
P55011	Q13621
P55011	P55017
P55327	P55327
Q9P2D6	Q9P2D6
Q9HBU6	Q9HBU6
Q96EB6	Q96EB6
Q9UPU5	Q9UPU5
Q8N9W6	Q8N9W6
Q9NUQ3	Q9NUQ3
Q9NUQ3	P40222
P43307	P43307
Q14247	Q14247
Q9NWW5	Q9NWW5
P30086	P30086
Q5VV52	Q5VV52
Q7L590	Q7L590
Q04837	Q04837
O43815	O43815
O43815	Q13033
O43815	Q9NRL3
A6NHX0	A6NHX0
A7MCY6	A7MCY6
Q9BYD3	Q9BYD3
P04035	P04035
P61086	P61086
Q86U42	Q86U42
O75570	O75570
Q9BRA2	Q9BRA2
P00966	P00966
Q8WWK9	Q8WWK9
Q6UWX4	Q6UWX4
Q92908	Q92908
Q13485	Q13485
Q9Y265	Q9Y265
Q9Y265	Q9Y230
P06865	P06865
O14893	O14893
Q6ZMU5	Q6ZMU5
Q49A88	Q49A88
Q01804	Q01804
Q969R8	Q969R8
P05161	P05161
Q13416	Q13416
Q02543	Q02543
Q53GT1	Q53GT1
Q8WXI9	Q8WXI9
Q8WXI9	Q86YP4
P15882	P15882
P15882	P52757
P54578	P54578
Q9H4A3	Q9H4A3
A3KMH1	A3KMH1
Q8IWX8	Q8IWX8
O43852	O43852
O43852	Q14257
O43852	Q15293
O43852	Q96D15
Q8TEA8	Q8TEA8
P17655	P17655
P17655	P07384
P17655	P20807
P17655	Q9UMQ6
Q9UBT7	Q9UBT7
Q92900	Q92900
P18065	P18065
A0PK00	A0PK00
A0PK00	Q9BXJ8
P09603	P09603
P16083	P16083
P16083	P15559
P62304	P62304
Q00403	Q00403
P53618	P53618
P61073	P61073
Q5T160	Q5T160
Q969M7	Q969M7
O95801	O95801
Q8WX92	Q8WX92
O15444	O15444
Q5VZ89	Q5VZ89
Q5VZ89	Q7Z401
Q6ZU65	Q6ZU65
Q9Y6I9	Q9Y6I9
P05023	P05023
P05023	P54707
P05023	P13637
P05023	P20648
P05023	P50993
P05023	Q13733
P56181	P56181
P63244	P63244
P05412	P05412
P05412	P17275
P05412	P17535
Q99567	Q99567
Q9NWU2	Q9NWU2
Q9UJX5	Q9UJX5
Q9NUS5	Q9NUS5
Q15800	Q15800
Q8TAF8	Q8TAF8
Q9UL63	Q9UL63
O00231	O00231
Q0JRZ9	Q0JRZ9
Q9ULZ3	Q9ULZ3
Q7Z7B1	Q7Z7B1
Q96EK4	Q96EK4
Q9H3Q1	Q9H3Q1
Q99549	Q99549
Q4ZIN3	Q4ZIN3
P14921	P14921
P14921	P15036
Q9UIG8	Q9UIG8
Q96EL2	Q96EL2
O94766	O94766
P49321	P49321
Q9BVV7	Q9BVV7
Q13555	Q13555
Q13555	Q13557
Q13555	Q13554
P82914	P82914
Q969G5	Q969G5
Q86W42	Q86W42
Q9H694	Q9H694
O75970	O75970
O75970	Q8NI35
P52434	P52434
Q9BX66	Q9BX66
Q92968	Q92968
O14880	O14880
Q9NRP2	Q9NRP2
Q8WV92	Q8WV92
Q5SRE5	Q5SRE5
P39656	P39656
P81408	P81408
O43739	O43739
O43739	Q9UIA0
O43739	Q15438
Q9BXF6	Q9BXF6
P05455	P05455
Q16799	Q16799
O94855	O94855
O94855	P53992
Q9Y376	Q9Y376
Q9NX62	Q9NX62
Q8N6Y0	Q8N6Y0
Q96QR8	Q96QR8
Q96QR8	Q00577
Q8WUK0	Q8WUK0
Q8TED1	Q8TED1
Q8NI38	Q8NI38
P02792	P02792
P02792	P02794
Q00341	Q00341
O75832	O75832
Q9Y6W3	Q9Y6W3
Q96P70	Q96P70
P26373	P26373
Q86UL8	Q86UL8
Q86UL8	Q96QZ7
Q86UL8	Q5TCQ9
P20073	P20073
P20073	P50995
Q9UER7	Q9UER7
Q8IZ07	Q8IZ07
Q9NQ31	Q9NQ31
Q9Y4B5	Q9Y4B5
Q92583	Q92583
P29218	P29218
P29218	O14732
O75747	O75747
O14936	O14936
O76031	O76031
Q8TDB6	Q8TDB6
Q6NUQ1	Q6NUQ1
Q8N5C6	Q8N5C6
Q96GQ7	Q96GQ7
O96011	O96011
P24557	P24557
Q6YHK3	Q6YHK3
P24001	P24001
Q92982	Q92982
P13667	P13667
P23229	P23229
P23229	Q13683
O15037	O15037
Q96Q05	Q96Q05
P22234	P22234
O15226	O15226
Q5JSH3	Q5JSH3
Q8IXT5	Q8IXT5
O43399	O43399
Q9BRX8	Q9BRX8
P03886	P03886
Q8IVS2	Q8IVS2
O15287	O15287
Q9NR55	Q9NR55
Q5SWX8	Q5SWX8
Q92597	Q92597
Q92597	Q9UGV2
Q92597	Q9UN36
O76024	O76024
Q49MG5	Q49MG5
O75251	O75251
Q9UIX4	Q9UIX4
Q9UDY2	Q9UDY2
Q9Y3U8	Q9Y3U8
Q9UBV2	Q9UBV2
Q96M63	Q96M63
Q16649	Q16649
O76003	O76003
O96000	O96000
Q15165	Q15165
Q15165	P27169
P60981	P60981
P60981	Q9Y281
P60981	P23528
Q5TAP6	Q5TAP6
Q5TAP6	Q9BVJ6
Q9BS26	Q9BS26
Q8IUC8	Q8IUC8
Q8IUC8	Q10472
Q8IUC8	Q10471
Q8IUC8	Q96FL9
Q8IUC8	Q86SR1
Q8IUC8	Q8IXK2
Q8IUC8	Q8NCL4
Q13651	Q13651
O96017	O96017
Q9Y3R5	Q9Y3R5
Q8N6T3	Q8N6T3
P17612	P17612
P17612	P22694
P17612	P22612
P17612	P51817
O15067	O15067
Q9H2K0	Q9H2K0
O43572	O43572
Q00987	Q00987
Q96FQ6	Q96FQ6
O43427	O43427
P46926	P46926
Q92478	Q92478
Q9UM00	Q9UM00
P38398	P38398
Q07812	Q07812
Q9Y2J4	Q9Y2J4
Q9Y2J4	Q8IY63
Q9Y2J4	Q4VCS5
O94812	O94812
Q16864	Q16864
A2RUB1	A2RUB1
P08865	P08865
Q86UT6	Q86UT6
Q15391	Q15391
Q15391	Q9BY21
Q9Y4K3	Q9Y4K3
Q9BTD8	Q9BTD8
Q7Z2T5	Q7Z2T5
Q9BRQ8	Q9BRQ8
P02749	P02749
Q9Y6H6	Q9Y6H6
Q8WVL7	Q8WVL7
Q9NUQ7	Q9NUQ7
Q9UBU6	Q9UBU6
P08574	P08574
Q14114	Q14114
Q14114	P98155
Q14114	P01130
Q8NEM2	Q8NEM2
Q969W3	Q969W3
Q5JW98	Q5JW98
Q9BYD1	Q9BYD1
Q9GZM5	Q9GZM5
Q9BY44	Q9BY44
Q9Y305	Q9Y305
Q8N474	Q8N474
P22415	P22415
P22415	Q15853
Q9UHA3	Q9UHA3
Q6P996	Q6P996
Q9BRK5	Q9BRK5
Q9P2H0	Q9P2H0
Q9HBM0	Q9HBM0
Q96FE7	Q96FE7
Q6ZQN7	Q6ZQN7
Q96DZ9	Q96DZ9
O60313	O60313
Q05655	Q05655
Q05655	Q04759
Q05655	P24723
Q05655	Q02156
Q8IUH3	Q8IUH3
Q9NS93	Q9NS93
Q567U6	Q567U6
O75348	O75348
Q9Y4F4	Q9Y4F4
P42696	P42696
Q96SU4	Q96SU4
O94822	O94822
O75935	O75935
Q9NVP2	Q9NVP2
Q9NVP2	Q9Y294
P04637	P04637
Q8N122	Q8N122
O00213	O00213
O00213	Q92870
Q9Y3E5	Q9Y3E5
O00764	O00764
P14927	P14927
Q9H5Q4	Q9H5Q4
Q8WVT3	Q8WVT3
Q9C086	Q9C086
Q9NQW7	Q9NQW7
P47992	P47992
Q14694	Q14694
O14981	O14981
Q96A65	Q96A65
P04632	P04632
Q9H2X3	Q9H2X3
Q9H2X3	Q9NNX6
Q9BXW9	Q9BXW9
Q96K17	Q96K17
Q56A73	Q56A73
Q56A73	Q5JUX0
Q56A73	Q9Y657
P43354	P43354
P43354	P22736
Q9NQS1	Q9NQS1
Q9C000	Q9C000
P21815	P21815
Q9BYS8	Q9BYS8
P04066	P04066
P04066	Q9BTY2
Q7RTP6	Q7RTP6
P60006	P60006
A7XYQ1	A7XYQ1
Q9Y5X5	Q9Y5X5
Q8N8J7	Q8N8J7
P41595	P41595
Q6ZMT9	Q6ZMT9
P56915	P56915
O15235	O15235
O95863	O95863
O95863	O43623
P32926	P32926
P32926	Q02413
P32926	Q86SJ6
Q6V0L0	Q6V0L0
O00744	O00744
Q96CQ1	Q96CQ1
Q96CQ1	Q9BSK2
A6NFN3	A6NFN3
A6NFN3	O43251
A6NFN3	Q9NWB1
O60336	O60336
O60336	O43379
Q9BTK6	Q9BTK6
O15394	O15394
O15394	P13591
Q3MIT2	Q3MIT2
O60828	O60828
Q969S0	Q969S0
Q6UXL0	Q6UXL0
O60522	O60522
O15054	O15054
P02790	P02790
O15347	O15347
O15347	P26583
O15347	P09429
O15347	Q8WW32
P20155	P20155
Q8NB25	Q8NB25
Q8WXG1	Q8WXG1
Q96HW7	Q96HW7
Q96AG3	Q96AG3
Q53T59	Q53T59
P19099	P19099
P19099	P15538
O94919	O94919
Q5SGD2	Q5SGD2
Q06413	Q06413
Q06413	Q02078
Q06413	Q14814
Q00597	Q00597
Q5TF58	Q5TF58
Q5TF58	Q0D2I5
O60502	O60502
P24347	P24347
A6NJ78	A6NJ78
P23276	P23276
Q6Q759	Q6Q759
P28065	P28065
P28065	P28072
P07992	P07992
Q9NRS4	Q9NRS4
Q9H2A3	Q9H2A3
Q13239	Q13239
Q15695	Q15695
Q15695	Q15696
P14598	P14598
Q96C57	Q96C57
O75391	O75391
Q9NQ92	Q9NQ92
Q9NV92	Q9NV92
Q08722	Q08722
Q86Y91	Q86Y91
Q8TF66	Q8TF66
P42126	P42126
Q86UU5	Q86UU5
P48751	P48751
P48751	P04920
O43272	O43272
Q8WWH4	Q8WWH4
Q7RTU1	Q7RTU1
P46695	P46695
O76087	O76087
Q8WTS6	Q8WTS6
O43915	O43915
Q8NEV4	Q8NEV4
O14594	O14594
P0DOY3	P0DOY3
P0DOY3	P0CG04
P0DOY3	P0CF74
P0DOY3	P01834
P07205	P07205
P07205	P00558
Q96JY6	Q96JY6
Q29980	Q29980
Q29980	Q29983
Q96BN8	Q96BN8
Q9NZV8	Q9NZV8
Q8N653	Q8N653
Q9Y2Y0	Q9Y2Y0
Q7L273	Q7L273
Q8N4L4	Q8N4L4
Q9UBS0	Q9UBS0
Q9UBS0	P23443
P11836	P11836
Q969S8	Q969S8
Q8N0V1	Q8N0V1
P35913	P35913
P35913	P16499
P35913	P51160
Q5J8X5	Q5J8X5
Q16769	Q16769
Q16769	Q9NXS2
Q7Z713	Q7Z713
Q92766	Q92766
Q8TBC4	Q8TBC4
Q96PN6	Q96PN6
O95139	O95139
Q6P2P2	Q6P2P2
O75164	O75164
O75164	O94953
O75164	Q9H3R0
Q8IYU8	Q8IYU8
Q5TEC3	Q5TEC3
Q9H9Y6	Q9H9Y6
P01833	P01833
O75037	O75037
O75037	Q7Z4S6
Q03426	Q03426
Q9BYF1	Q9BYF1
Q14520	Q14520
Q9UJA5	Q9UJA5
Q9NZU7	Q9NZU7
Q6UW88	Q6UW88
O95415	O95415
Q8N302	Q8N302
Q08188	Q08188
Q9H7P6	Q9H7P6
O75462	O75462
Q86XA9	Q86XA9
Q86XA9	Q9P2D3
A5PLK6	A5PLK6
P61962	P61962
Q53GL0	Q53GL0
Q7Z7L9	Q7Z7L9
Q7Z7L9	Q96NJ6
Q7Z7L9	Q9Y2P0
Q7Z7L9	Q9P0L1
Q7Z7L9	Q3KP31
Q7Z7L9	P17017
Q7Z7L9	Q9HBT7
Q9UKZ1	Q9UKZ1
Q5BKY1	Q5BKY1
Q5BKY1	A6NIK2
Q9H2W2	Q9H2W2
Q96IK1	Q96IK1
P52952	P52952
Q9UBL0	Q9UBL0
O95398	O95398
O95398	Q8WZA2
P14316	P14316
O95944	O95944
O43808	O43808
Q8IYL9	Q8IYL9
Q8IYL9	P46093
Q16650	Q16650
Q16650	O95936
Q9Y6Q3	Q9Y6Q3
Q9Y6Q3	Q9Y2H8
Q9Y6Q3	Q6ZMW2
Q9Y6Q3	P51523
Q9Y6Q3	P17027
Q9Y6Q3	Q96RE9
Q9Y6Q3	Q8N184
Q9Y6Q3	P52736
Q9Y6Q3	Q3ZCX4
Q9Y6Q3	Q5MCW4
Q9Y6Q3	Q8NDW4
Q9Y6Q3	Q99676
Q9Y6Q3	Q7Z3V5
Q9Y6Q3	O94892
Q9Y6Q3	Q08AN1
Q9Y6Q3	Q8TAQ5
Q9Y6Q3	Q6NX49
Q9Y6Q3	Q86YE8
Q9Y6Q3	Q6PG37
Q9Y6Q3	Q8N8J6
Q9Y6Q3	P17032
Q9Y6Q3	Q9BX82
Q9Y6Q3	P17031
Q9Y6Q3	Q96SR6
Q9Y6Q3	Q2M218
Q9Y6Q3	Q06732
Q9Y6Q3	P51508
Q9Y6Q3	P17014
Q9Y6Q3	Q9NYW8
Q9Y6Q3	Q16587
Q9Y6Q3	Q08ER8
Q9Y6Q3	O43296
Q9Y6Q3	Q5CZA5
Q9Y6Q3	Q14592
Q9Y6Q3	Q5JNZ3
Q9Y6Q3	Q86T29
Q9Y6Q3	Q2VY69
Q9Y6Q3	Q9UK10
Q9Y6Q3	A6NK53
Q9Y6Q3	Q5HYK9
Q9Y6Q3	Q2M3W8
Q99570	Q99570
O00221	O00221
Q15404	Q15404
Q6UXN8	Q6UXN8
Q92752	Q92752
P0CI00	P0CI00
P0CI00	A8MUZ8
P0CI00	Q6ZN79
O15297	O15297
P09237	P09237
P05162	P05162
P05162	P09382
Q9UL59	Q9UL59
Q8NB12	Q8NB12
Q8NCF0	Q8NCF0
Q8NCF0	A5D8T8
Q8NCF0	Q6UXF7
Q86UV6	Q86UV6
Q86UV6	Q86UV7
Q9NZ32	Q9NZ32
A8MTT3	A8MTT3
Q86UD7	Q86UD7
O75143	O75143
Q6ZMZ3	Q6ZMZ3
A6NFQ7	A6NFQ7
P25208	P25208
P40238	P40238
Q9Y6K5	Q9Y6K5
P0C672	P0C672
O60784	O60784
O60784	Q6ZVM7
P52926	P52926
Q6EMK4	Q6EMK4
P13725	P13725
Q16610	Q16610
Q5T750	Q5T750
Q86WX3	Q86WX3
Q2HXU8	Q2HXU8
Q03111	Q03111
Q03111	P42568
Q08752	Q08752
Q496M5	Q496M5
Q96GJ1	Q96GJ1
Q96DX5	Q96DX5
Q96DX5	Q8WXH4
Q96DX5	Q8WWX0
P35557	P35557
Q3MIP1	Q3MIP1
Q9H992	Q9H992
Q92847	Q92847
Q92847	O43193
Q9BVA6	Q9BVA6
Q6IQ22	Q6IQ22
Q9UBY9	Q9UBY9
Q02246	Q02246
Q02246	Q12860
Q02246	Q8IWV2
Q02246	Q9P232
Q02246	Q9UQ52
Q9C002	Q9C002
P35070	P35070
Q86SP6	Q86SP6
Q58EX7	Q58EX7
O00444	O00444
Q5JWF8	Q5JWF8
Q53S58	Q53S58
O94907	O94907
Q9NQZ5	Q9NQZ5
Q96JF6	Q96JF6
Q96JF6	Q8NB50
Q96EP9	Q96EP9
P23919	P23919
Q6HA08	Q6HA08
Q15697	Q15697
Q96IZ5	Q96IZ5
O14519	O14519
P19438	P19438
Q02297	Q02297
Q86UB9	Q86UB9
Q9BZF2	Q9BZF2
Q9BZF2	Q9BZF3
Q9BZF2	Q9H4L5
P15918	P15918
P20800	P20800
Q92888	Q92888
Q9H4Q3	Q9H4Q3
O43542	O43542
O95721	O95721
O95336	O95336
P24394	P24394
Q1ZYL8	Q1ZYL8
Q5XG99	Q5XG99
Q4G148	Q4G148
Q9BRT2	Q9BRT2
O75771	O75771
Q04671	Q04671
Q16647	Q16647
Q8N131	Q8N131
Q8N309	Q8N309
Q9HBL7	Q9HBL7
Q9BTC0	Q9BTC0
Q8NET6	Q8NET6
Q8NET6	Q9NPF2
P20851	P20851
O76090	O76090
E5RHQ5	E5RHQ5
E5RHQ5	Q92617
E5RHQ5	C9JG80
E5RHQ5	A6NJU9
E5RHQ5	A8MRT5
A6NJG6	A6NJG6
Q16626	Q16626
Q8N8B7	Q8N8B7
O60636	O60636
O60636	P21926
O60636	P60033
Q9BQ90	Q9BQ90
Q9UHW5	Q9UHW5
Q9UHW5	Q9H9Y4
P08651	P08651
P08651	Q12857
A6NM62	A6NM62
Q9NQH7	Q9NQH7
Q9BTY7	Q9BTY7
P62736	P62736
P62736	P63267
P62736	Q562R1
P62736	P68032
P62736	P68133
P62736	P63261
P62736	P60709
P62736	Q9BYX7
P62736	P42025
P62736	P61163
P62736	P61160
P62736	Q8TDG2
P62736	Q8TDY3
P62736	Q9Y614
P62736	Q9Y615
P62736	Q9BYD9
P07858	P07858
Q9Y3B4	Q9Y3B4
Q8N6L0	Q8N6L0
P26358	P26358
P47869	P47869
P47869	P34903
P47869	P31644
Q9Y289	Q9Y289
Q9Y289	Q92911
Q9NZW5	Q9NZW5
Q9NZW5	Q14168
Q9GZQ3	Q9GZQ3
Q15836	Q15836
Q15836	P63027
Q9UNX3	Q9UNX3
Q9UNX3	P61254
Q96D09	Q96D09
O00268	O00268
Q9BRP1	Q9BRP1
Q9BY27	Q9BY27
Q7L1V2	Q7L1V2
P0CG48	P0CG48
Q8N2U9	Q8N2U9
Q9BST9	Q9BST9
P0CAP1	P0CAP1
Q9Y6A1	Q9Y6A1
Q96T76	Q96T76
Q9Y2Z4	Q9Y2Z4
O43583	O43583
O60779	O60779
Q9P2E3	Q9P2E3
Q9UBQ5	Q9UBQ5
Q1W4C9	Q1W4C9
Q6UWN8	Q6UWN8
A1KXE4	A1KXE4
Q96AM1	Q96AM1
P21589	P21589
O95674	O95674
Q96CV9	Q96CV9
Q9H7D7	Q9H7D7
Q5JRX3	Q5JRX3
Q9BVK8	Q9BVK8
P11310	P11310
P61218	P61218
Q14974	Q14974
O95754	O95754
Q6F5E8	Q6F5E8
O75787	O75787
Q9NZJ7	Q9NZJ7
O75506	O75506
Q86VK4	Q86VK4
P11474	P11474
P11474	P62508
Q658P3	Q658P3
Q658P3	Q8NFT2
Q8N7H5	Q8N7H5
Q99595	Q99595
Q99595	O60830
Q92615	Q92615
Q8TB72	Q8TB72
Q8TB72	Q14671
Q9Y653	Q9Y653
P61968	P61968
Q9HCK8	Q9HCK8
Q96C00	Q96C00
O75398	O75398
Q16891	Q16891
P49796	P49796
Q15393	Q15393
P01106	P01106
P04181	P04181
Q5JWF2	Q5JWF2
P55265	P55265
Q96SI9	Q96SI9
Q6ZMP0	Q6ZMP0
A8K8P3	A8K8P3
Q9UNF1	Q9UNF1
P41247	P41247
P55145	P55145
Q5BJD5	Q5BJD5
Q9BTX3	Q9BTX3
Q99720	Q99720
O95295	O95295
A4D1E9	A4D1E9
P46063	P46063
O14773	O14773
Q9H5P4	Q9H5P4
Q9HAV7	Q9HAV7
O43776	O43776
Q9BR01	Q9BR01
O95995	O95995
O14626	O14626
Q12768	Q12768
Q9H6K4	Q9H6K4
Q13145	Q13145
Q9BYN7	Q9BYN7
Q9Y5G9	Q9Y5G9
Q9Y5G9	Q9Y5G6
Q9Y5G9	Q9Y5H4
Q9Y5G9	Q9Y5G8
Q9Y5G9	Q9Y5F6
Q9Y5G9	Q9Y5G0
Q9Y5G9	Q9Y5H3
Q9Y5G9	Q9Y5H1
Q9Y5G9	Q9Y5G5
Q9Y5G9	Q9Y5H0
Q9Y5G9	Q9Y5G7
Q9Y5G9	O60330
Q9Y5G9	Q9Y5G4
Q9Y5G9	Q9Y5H2
Q9Y5G9	Q9UN70
Q9Y5G9	Q9UN71
Q9Y5G9	Q9Y5F7
Q9Y5G9	Q9Y5G2
Q9Y5G9	Q9Y5F8
Q9Y5G9	Q9Y5G1
Q9Y5G9	Q9Y5F9
Q9Y5G9	Q9Y5G3
Q9Y5G9	Q9Y5I4
Q9Y5G9	Q9H158
Q9Y5G9	Q9Y5H5
Q9Y5G9	Q9UN75
Q9Y5G9	Q9UN74
Q9Y5G9	Q9Y5H7
Q9Y5G9	Q9Y5I2
Q9Y5G9	Q9Y5I1
Q9Y5G9	Q9Y5I3
Q9Y5G9	Q9UN72
Q9Y5G9	Q9Y5I0
Q9Y5G9	Q9Y5H6
Q9Y5G9	Q9UN73
Q9Y5G9	Q9Y5H8
Q9Y5G9	Q9Y5H9
Q9Y5G9	Q9Y5E2
Q9Y5G9	Q9UN67
Q9Y5G9	Q9UN66
Q9Y5G9	Q9Y5F0
Q9Y5G9	Q9Y5E6
Q9Y5G9	Q9Y5E7
Q9Y5G9	Q9Y5F1
Q9Y5G9	Q9Y5F2
Q9Y5G9	Q9Y5E5
Q9Y5G9	Q9Y5E9
Q9Y5G9	Q9Y5E8
Q9Y5G9	Q9Y5E3
Q9Y5G9	Q9Y5F3
Q9HA92	Q9HA92
O75900	O75900
Q8NEQ5	Q8NEQ5
A2RUS2	A2RUS2
Q8N2H3	Q8N2H3
Q7L3S4	Q7L3S4
O60729	O60729
O75469	O75469
O75469	P11473
O75469	Q14994
O15117	O15117
Q9NXH9	Q9NXH9
Q9Y4L5	Q9Y4L5
Q9Y4L5	Q9BV68
Q86TJ5	Q86TJ5
O43766	O43766
Q7L311	Q7L311
Q96BH3	Q96BH3
P13631	P13631
P13631	P10276
P13631	P10826
Q05209	Q05209
O95396	O95396
Q7Z589	Q7Z589
Q9NR50	Q9NR50
P68543	P68543
Q9UPE1	Q9UPE1
Q9UPE1	P78362
Q9UPE1	Q96SB4
P40126	P40126
P40126	P17643
P40126	P14679
P11498	P11498
P46094	P46094
P49685	P49685
Q5VV41	Q5VV41
Q8IW75	Q8IW75
O15539	O15539
Q9H9P2	Q9H9P2
P22083	P22083
Q8WYA0	Q8WYA0
Q9H8W4	Q9H8W4
Q8NEE6	Q8NEE6
O00329	O00329
O00329	P42338
O00329	P42336
Q15013	Q15013
Q96C28	Q96C28
P26715	P26715
A9QM74	A9QM74
A9QM74	P52292
A9QM74	O60684
A9QM74	P52294
A9QM74	O00505
A9QM74	O00629
P22891	P22891
Q96AQ8	Q96AQ8
P07585	P07585
P07585	P21810
P07585	Q9BXN1
Q6ZUX3	Q6ZUX3
Q6L8Q7	Q6L8Q7
Q9UFW8	Q9UFW8
Q6IPM2	Q6IPM2
Q86T24	Q86T24
Q9NXK8	Q9NXK8
Q6IPX3	Q6IPX3
Q6IPX3	Q96EI5
Q9UJU5	Q9UJU5
Q9UJU5	O60548
Q9NWB6	Q9NWB6
Q6IQ49	Q6IQ49
O75635	O75635
P17036	P17036
P17036	Q15937
P17036	A2RRD8
P17036	Q13360
P17036	Q9C0F3
P17036	Q3MIS6
P17036	Q6P280
P17036	P52742
P17036	Q8N9Z0
P17036	Q6PDB4
P17036	Q76KX8
P17036	Q8WV37
P17036	O60765
P17036	Q96LW1
P17036	Q7Z3I7
P17036	Q6PF04
P17036	Q8N883
P17036	Q9GZX5
P17036	Q9BS31
P17036	B4DU55
P17036	Q86Y25
P17036	Q09FC8
P17036	Q8NB42
P17036	Q9NQX6
P17036	Q6ZMS4
P17036	Q8NCK3
P17036	Q5HY98
P17036	Q2M3X9
P17036	Q96NG8
P17036	Q8TC21
P17036	B4DXR9
P17036	Q8TB69
P17036	Q15928
P17036	P52738
P17036	B4DX44
P17036	Q9UK12
P17036	Q9UK11
P17036	Q9UIE0
P17036	O95201
Q9NTG1	Q9NTG1
Q9UBV7	Q9UBV7
Q7Z5J4	Q7Z5J4
Q4ZG55	Q4ZG55
Q4ZG55	Q9C091
P18564	P18564
P18564	P05106
P18564	P18084
Q9P1U1	Q9P1U1
Q9P1U1	P61158
O95155	O95155
Q9C098	Q9C098
O60942	O60942
Q9UNN5	Q9UNN5
Q14872	Q14872
P29274	P29274
Q96A73	Q96A73
Q9Y6X6	Q9Y6X6
P81277	P81277
P30085	P30085
Q14165	Q14165
Q16851	Q16851
Q5C9Z4	Q5C9Z4
Q12879	Q12879
Q12879	Q13224
Q8N3P4	Q8N3P4
Q9NZD8	Q9NZD8
P09884	P09884
Q9NVR5	Q9NVR5
Q96QT4	Q96QT4
O75153	O75153
P07333	P07333
P07333	P10721
Q9NP61	Q9NP61
Q9NP61	Q8N6H7
O14683	O14683
O43432	O43432
O43432	Q04637
Q13127	Q13127
Q92823	Q92823
Q92823	O94856
Q15021	Q15021
Q8WU90	Q8WU90
Q9H246	Q9H246
Q96K76	Q96K76
Q5T5U3	Q5T5U3
P40937	P40937
Q4LDG9	Q4LDG9
Q9P2S5	Q9P2S5
Q04206	Q04206
Q9H6A9	Q9H6A9
Q9H6A9	Q96RV3
Q5SY16	Q5SY16
P55769	P55769
Q96MW5	Q96MW5
Q9H2U1	Q9H2U1
Q9BVX2	Q9BVX2
Q9BVX2	Q9NUM4
O43521	O43521
Q5F1R6	Q5F1R6
Q8NEB9	Q8NEB9
Q9UJ68	Q9UJ68
Q9Y6Q9	Q9Y6Q9
Q9Y6Q9	Q15596
Q7L099	Q7L099
Q08379	Q08379
O15381	O15381
P27701	P27701
P20591	P20591
P20591	P20592
P42702	P42702
C9JH25	C9JH25
Q8TE76	Q8TE76
Q8WWG1	Q8WWG1
O14562	O14562
Q14210	Q14210
Q9P219	Q9P219
Q9P219	Q3V6T2
Q9HAN9	Q9HAN9
Q9HC78	Q9HC78
Q9BXP5	Q9BXP5
Q06203	Q06203
Q13642	Q13642
Q5VTJ3	Q5VTJ3
P18621	P18621
O95433	O95433
Q15392	Q15392
O60645	O60645
Q9NYI0	Q9NYI0
Q9Y3R0	Q9Y3R0
Q9BUZ4	Q9BUZ4
Q9Y3T9	Q9Y3T9
P37837	P37837
Q9UBX1	Q9UBX1
O75843	O75843
O75843	O43747
Q96CX3	Q96CX3
Q96CX3	P51504
P36871	P36871
P36871	Q15124
P18825	P18825
P18825	P08913
Q9Y262	Q9Y262
P50897	P50897
Q8TDN4	Q8TDN4
Q13616	Q13616
Q01105	Q01105
Q01105	P0DME0
Q9BZ71	Q9BZ71
Q9NQC3	Q9NQC3
P01137	P01137
P01137	P10600
P01137	P61812
Q9BV20	Q9BV20
Q9HAU4	Q9HAU4
Q9HAU4	Q9HCE7
Q13084	Q13084
Q96S66	Q96S66
O75382	O75382
O75382	Q9C040
Q9Y570	Q9Y570
Q9UKU0	Q9UKU0
Q9UKU0	P33121
P49593	P49593
Q9BSU1	Q9BSU1
Q7Z601	Q7Z601
P13232	P13232
Q96JX3	Q96JX3
Q8IVE3	Q8IVE3
Q5VVQ6	Q5VVQ6
Q9Y342	Q9Y342
O94880	O94880
O75071	O75071
Q8N6M5	Q8N6M5
Q9BRG2	Q9BRG2
P49279	P49279
Q9Y6Q2	Q9Y6Q2
Q96SE7	Q96SE7
Q96SE7	Q9H7R5
Q96SE7	Q9HCG1
Q96SE7	Q6ZN19
Q96SE7	Q96SK3
Q96SE7	Q9P2J8
Q96SE7	Q6ZNG1
Q96SE7	Q8N823
Q96SE7	P0CJ79
Q96SE7	Q9UJU3
Q96SE7	Q86WZ6
Q96SE7	Q14590
Q96SE7	B7Z6K7
Q96SE7	Q8NHY6
Q96SE7	Q14586
Q96SE7	Q6ECI4
Q96SE7	Q14587
Q96SE7	Q86UE3
Q96SE7	Q9BRH9
Q96SE7	Q9HCZ1
Q96SE7	Q9Y6R6
Q96SE7	Q8N7M2
Q96SE7	Q8N4W9
Q96SE7	Q96IR2
Q96SE7	Q8WXB4
Q96SE7	Q9UJW8
Q96SE7	P51814
Q96SE7	Q9Y473
Q96SE7	Q5JVG2
Q96SE7	Q6P3V2
Q96SE7	Q52M93
Q96NT5	Q96NT5
Q99743	Q99743
Q99743	O15516
O60941	O60941
Q6T4R5	Q6T4R5
P07332	P07332
P07332	P16591
Q14154	Q14154
Q9Y2Q3	Q9Y2Q3
Q6IEG0	Q6IEG0
Q5JNZ5	Q5JNZ5
Q5JNZ5	P62854
P32247	P32247
P57737	P57737
Q9NSI2	Q9NSI2
Q9H3Z4	Q9H3Z4
Q9H3Z4	Q9UF47
Q9BV36	Q9BV36
Q92521	Q92521
Q86SQ7	Q86SQ7
Q13588	Q13588
Q13588	P62993
O95478	O95478
Q96AP4	Q96AP4
Q86WA8	Q86WA8
O15015	O15015
O94817	O94817
Q5T7N2	Q5T7N2
P47985	P47985
P47985	P0C7P4
Q9UPQ0	Q9UPQ0
P27469	P27469
Q96NC0	Q96NC0
Q8TBZ6	Q8TBZ6
Q92618	Q92618
O75191	O75191
Q13336	Q13336
P46663	P46663
Q8NHV4	Q8NHV4
Q9ULT6	Q9ULT6
Q16518	Q16518
P11831	P11831
Q6XUX3	Q6XUX3
Q6P4E1	Q6P4E1
P23280	P23280
Q14246	Q14246
Q8IZF3	Q8IZF3
Q8IZF3	Q8IZF7
Q9BVK2	Q9BVK2
P54198	P54198
O00562	O00562
O00562	Q9BZ72
D3W0D1	D3W0D1
Q96S38	Q96S38
Q9UBK8	Q9UBK8
O60279	O60279
P32238	P32238
P32238	P32239
Q9H5I1	Q9H5I1
Q9H5I1	O43463
Q9Y4Z2	Q9Y4Z2
P42768	P42768
P42768	O00401
Q8N2K1	Q8N2K1
O60337	O60337
Q53HC5	Q53HC5
Q53HC5	Q9P2J3
Q9H6Z9	Q9H6Z9
O95873	O95873
O00418	O00418
Q8WTS1	Q8WTS1
Q96GC5	Q96GC5
Q96AQ6	Q96AQ6
P56270	P56270
E9PAV3	E9PAV3
Q8TCE9	Q8TCE9
Q8TCE9	Q05315
Q5W5X9	Q5W5X9
Q9NUU7	Q9NUU7
Q9NUU7	Q9UMR2
Q9NUU7	Q9UHL0
Q99575	Q99575
Q7L5N1	Q7L5N1
Q13445	Q13445
Q13445	Q9Y3A6
Q4VXU2	Q4VXU2
Q4VXU2	Q9H361
Q4VXU2	P11940
Q4VXU2	Q13310
P29372	P29372
Q8IUC0	Q8IUC0
P84103	P84103
Q9NYP3	Q9NYP3
Q9H3N1	Q9H3N1
Q6UWP8	Q6UWP8
O75179	O75179
O75179	Q8IWZ3
Q9H9Q2	Q9H9Q2
Q9H9Q2	Q9UBW8
Q9Y4E6	Q9Y4E6
Q9ULE0	Q9ULE0
Q9ULE0	Q8IX03
Q9ULE0	Q6AWC2
P40189	P40189
Q7Z3B4	Q7Z3B4
Q15287	Q15287
O75821	O75821
Q58DX5	Q58DX5
Q86VR2	Q86VR2
O00267	O00267
P38117	P38117
Q9Y257	Q9Y257
Q13546	Q13546
Q8TDX6	Q8TDX6
Q8TDX6	Q8N6G5
O14924	O14924
Q6NUM6	Q6NUM6
Q6NUM6	Q9NV66
Q8NCH0	Q8NCH0
Q04323	Q04323
Q15022	Q15022
Q8IXU6	Q8IXU6
Q8IXU6	Q5T1Q4
P85299	P85299
Q9UJ37	Q9UJ37
P01034	P01034
Q9BYN8	Q9BYN8
Q9H0W5	Q9H0W5
Q6N069	Q6N069
Q8N7W2	Q8N7W2
A2RRP1	A2RRP1
O96008	O96008
Q2KHT3	Q2KHT3
Q5TC82	Q5TC82
Q5TC82	Q9HBD1
Q7Z406	Q7Z406
Q7Z406	P35579
Q7Z406	P35749
Q7Z406	P35580
Q5VTL8	Q5VTL8
Q9H4P4	Q9H4P4
Q92785	Q92785
Q9BR77	Q9BR77
Q5VV42	Q5VV42
P84022	P84022
P84022	Q15796
P84022	Q99717
P84022	O15198
P84022	Q15797
Q92747	Q92747
Q92747	O15143
Q8NEC5	Q8NEC5
Q9P287	Q9P287
Q8WXD5	Q8WXD5
Q9HD45	Q9HD45
P08195	P08195
Q9BW85	Q9BW85
P05408	P05408
Q9NRW7	Q9NRW7
Q9C0B5	Q9C0B5
Q9C0B5	Q9ULC8
Q0VD86	Q0VD86
P47897	P47897
Q15386	Q15386
Q96LL9	Q96LL9
Q8NAN2	Q8NAN2
Q9BZZ2	Q9BZZ2
Q6PJI9	Q6PJI9
Q16538	Q16538
Q16538	Q6NV75
Q14999	Q14999
Q5VUA4	Q5VUA4
Q9NSY0	Q9NSY0
Q9NSY0	Q9UHY1
Q8N3D4	Q8N3D4
O60290	O60290
Q96T17	Q96T17
Q9NXL9	Q9NXL9
P52945	P52945
Q96Q40	Q96Q40
Q96Q40	O94921
Q9BZJ7	Q9BZJ7
Q9NVU7	Q9NVU7
Q8WY91	Q8WY91
Q14623	Q14623
Q14623	Q15465
Q8TD47	Q8TD47
Q8TD47	P62701
Q8TD47	P22090
Q9H3S7	Q9H3S7
Q9NRW4	Q9NRW4
Q8WZ69	Q8WZ69
Q9BVG3	Q9BVG3
Q16706	Q16706
P25311	P25311
P20813	P20813
P20813	Q96SQ9
P20813	P11712
P20813	P10632
P20813	P10635
P20813	P51589
P20813	P05181
Q13772	Q13772
Q8IW35	Q8IW35
Q5JPB2	Q5JPB2
P05546	P05546
Q96E93	Q96E93
Q9NQS3	Q9NQS3
Q9BYT3	Q9BYT3
Q8N3U4	Q8N3U4
Q6ZU67	Q6ZU67
P53582	P53582
Q96C92	Q96C92
P49590	P49590
P49590	P12081
A4D1P6	A4D1P6
Q9BSK1	Q9BSK1
Q86Y34	Q86Y34
P49715	P49715
Q5RHP9	Q5RHP9
Q7Z4U5	Q7Z4U5
Q92833	Q92833
P46736	P46736
P47813	P47813
P47813	O14602
Q0VGE8	Q0VGE8
Q0VGE8	P17035
Q0VGE8	Q9NV72
Q0VGE8	Q86XU0
Q0VGE8	Q6ZN06
Q0VGE8	Q7L2R6
Q0VGE8	A6NHJ4
Q0VGE8	Q5VIY5
Q0VGE8	Q96N58
Q8N283	Q8N283
Q8N119	Q8N119
P16452	P16452
P14317	P14317
P09681	P09681
O95096	O95096
Q6XZF7	Q6XZF7
Q5VTE6	Q5VTE6
Q9H6Y2	Q9H6Y2
Q9NRY4	Q9NRY4
A8MZ36	A8MZ36
O75419	O75419
O75838	O75838
O75838	Q96Q77
P26367	P26367
Q96Q45	Q96Q45
Q6ZMQ8	Q6ZMQ8
Q70J99	Q70J99
P55291	P55291
P55291	P19022
P55291	P55283
P55291	P12830
P55291	P22223
O75362	O75362
Q9H1J1	Q9H1J1
P49448	P49448
P49448	P00367
P22792	P22792
Q8TD19	Q8TD19
Q9UM82	Q9UM82
Q6P1R4	Q6P1R4
P17676	P17676
O14617	O14617
Q9Y5U9	Q9Y5U9
P00387	P00387
P00387	Q9UHQ9
Q14181	Q14181
Q9NW81	Q9NW81
Q9H0V1	Q9H0V1
P25398	P25398
Q96BP2	Q96BP2
Q96GQ5	Q96GQ5
Q9UI95	Q9UI95
P50402	P50402
Q96M95	Q96M95
Q8WUM4	Q8WUM4
P48444	P48444
Q8N3R9	Q8N3R9
Q14978	Q14978
P20809	P20809
P37840	P37840
Q9NXH8	Q9NXH8
Q8NCS4	Q8NCS4
Q15070	Q15070
Q68D10	Q68D10
Q9Y5B0	Q9Y5B0
P32519	P32519
Q5T4F4	Q5T4F4
Q96AB3	Q96AB3
Q99835	Q99835
P69892	P69892
P69892	P68871
P69892	P02042
P69892	P69891
O15355	O15355
Q9BVV6	Q9BVV6
P53805	P53805
Q96JB3	Q96JB3
Q96JB3	Q14526
Q9UPT8	Q9UPT8
Q9NWX6	Q9NWX6
Q8NFX7	Q8NFX7
O75461	O75461
P52209	P52209
Q9P013	Q9P013
Q15361	Q15361
Q8N143	Q8N143
O00154	O00154
Q5TA45	Q5TA45
Q9HAU0	Q9HAU0
Q8TBF5	Q8TBF5
O60499	O60499
O60499	O43752
O60749	O60749
O60749	Q13596
Q9BRD0	Q9BRD0
Q6P1W5	Q6P1W5
O15245	O15245
O15245	O15244
O15245	O75751
Q9Y3P4	Q9Y3P4
Q9Y3Y2	Q9Y3Y2
Q96T21	Q96T21
Q9HCD5	Q9HCD5
Q7Z6M2	Q7Z6M2
Q92547	Q92547
O43264	O43264
Q969E8	Q969E8
Q9Y676	Q9Y676
Q16540	Q16540
Q9H307	Q9H307
Q9UI10	Q9UI10
P62310	P62310
P52948	P52948
Q07912	Q07912
Q5T7W7	Q5T7W7
P40306	P40306
P40306	Q99436
Q99525	Q99525
Q99525	P62805
Q9C0E8	Q9C0E8
Q9UHV2	Q9UHV2
P28838	P28838
Q5SVQ8	Q5SVQ8
Q7Z794	Q7Z794
Q7Z794	P04264
Q7Z794	P35908
Q7Z794	P13647
Q7Z794	O95678
Q7Z794	P04259
Q7Z794	P19013
Q7Z794	Q3SY84
P48147	P48147
P22307	P22307
Q7Z4H3	Q7Z4H3
O60260	O60260
Q8N0S2	Q8N0S2
Q6ZMT4	Q6ZMT4
Q6ZMT4	Q9UPP1
Q6ZMT4	O75151
Q96MF7	Q96MF7
Q96RY7	Q96RY7
Q16570	Q16570
P49642	P49642
P17568	P17568
Q8IZ41	Q8IZ41
P40121	P40121
Q9Y4P1	Q9Y4P1
Q9Y4P1	Q8WYN0
Q9NTZ6	Q9NTZ6
Q8WTW4	Q8WTW4
O00141	O00141
O00141	Q96BR1
O00141	Q9HBY8
P15421	P15421
P15421	P06028
O14718	O14718
Q9NWD8	Q9NWD8
Q9Y512	Q9Y512
O75822	O75822
Q6ZMI0	Q6ZMI0
Q8N2Z9	Q8N2Z9
P33981	P33981
O14498	O14498
O43657	O43657
O43657	P41732
Q86YT6	Q86YT6
Q9H3S3	Q9H3S3
P43681	P43681
P19532	P19532
P19532	O75030
P19532	P19484
Q00872	Q00872
Q00872	Q14896
Q9UQF0	Q9UQF0
Q04912	Q04912
Q9H4A9	Q9H4A9
Q9BYN0	Q9BYN0
Q01101	Q01101
Q4L235	Q4L235
O15305	O15305
Q9Y6C5	Q9Y6C5
Q9H7Z6	Q9H7Z6
O95970	O95970
Q9ULV3	Q9ULV3
Q8IWC1	Q8IWC1
Q8IWT3	Q8IWT3
Q9BPZ7	Q9BPZ7
O14862	O14862
Q9Y3L3	Q9Y3L3
Q9Y3L3	Q17R89
Q9Y3L3	Q68EM7
O15353	O15353
Q9HD36	Q9HD36
Q86XP1	Q86XP1
Q6IAN0	Q6IAN0
Q9BYC8	Q9BYC8
Q9Y243	Q9Y243
Q9Y243	P31751
Q9Y243	P31749
Q9HA77	Q9HA77
Q3LFD5	Q3LFD5
Q3LFD5	Q9UMW8
Q9UHG0	Q9UHG0
Q16890	Q16890
Q8N9T8	Q8N9T8
P55318	P55318
P21731	P21731
A8MPS7	A8MPS7
Q5BKX6	Q5BKX6
P02652	P02652
Q9NV12	Q9NV12
Q9UKU9	Q9UKU9
Q9UKU9	O95841
Q9UKU9	Q8NI99
O76075	O76075
Q15399	Q15399
Q15399	Q9Y2C9
Q15399	Q9BXR5
P24311	P24311
O95167	O95167
Q13608	Q13608
Q13351	Q13351
O60667	O60667
P16415	P16415
P16415	P15621
P16415	Q9Y2A4
P16415	Q9H7R0
P16415	Q9ULM2
P16415	Q8N8Z8
P16415	Q96MU6
P16415	Q96MR9
Q03395	Q03395
Q9C0G0	Q9C0G0
P09466	P09466
A4D1F6	A4D1F6
O43316	O43316
P49914	P49914
Q05586	Q05586
Q8N2U0	Q8N2U0
Q16553	Q16553
Q5JU00	Q5JU00
P21554	P21554
A8MZ26	A8MZ26
O15374	O15374
Q5VTD9	Q5VTD9
P01178	P01178
O95238	O95238
Q8WWQ0	Q8WWQ0
O14492	O14492
P13671	P13671
Q8TF42	Q8TF42
Q8TF42	P57075
Q96LD4	Q96LD4
Q9BVM4	Q9BVM4
Q9HAU5	Q9HAU5
Q9P2E5	Q9P2E5
Q9P2E5	Q8IZ52
Q86V20	Q86V20
Q9P1Z0	Q9P1Z0
Q9NPH2	Q9NPH2
Q9BRQ6	Q9BRQ6
P51843	P51843
Q3ZCV2	Q3ZCV2
P08637	P08637
Q96PY6	Q96PY6
Q6ZV73	Q6ZV73
Q53GI3	Q53GI3
Q7Z2Z2	Q7Z2Z2
Q93038	Q93038
Q6R2W3	Q6R2W3
Q9Y616	Q9Y616
Q13705	Q13705
Q13705	P27037
Q9BXC0	Q9BXC0
Q96M69	Q96M69
P11912	P11912
O95665	O95665
C9JBD0	C9JBD0
Q9NRM1	Q9NRM1
O60393	O60393
Q9NX65	Q9NX65
Q9HC77	Q9HC77
Q9UKP6	Q9UKP6
Q86TX2	Q86TX2
Q86TX2	P49753
Q8N8E3	Q8N8E3
O43763	O43763
O43763	O43711
P47900	P47900
Q6ZNA4	Q6ZNA4
O95847	O95847
Q5VUJ9	Q5VUJ9
Q8N442	Q8N442
Q6ZT98	Q6ZT98
Q96H12	Q96H12
O95059	O95059
O60755	O60755
O60755	O43603
P13640	P13640
P13640	P02795
P13640	P04733
P13640	P04732
P13640	P80294
P13640	P25713
Q15406	Q15406
Q8IWX7	Q8IWX7
Q8IWX7	Q9H3U1
Q96NS5	Q96NS5
Q96NS5	Q6ZVZ8
P46199	P46199
Q96E39	Q96E39
Q96E39	P38159
Q96E39	O75526
Q9H488	Q9H488
P36508	P36508
P36508	P52747
Q9H0H3	Q9H0H3
P50579	P50579
Q9Y496	Q9Y496
Q9Y496	O15066
Q8N441	Q8N441
P78424	P78424
Q6DN90	Q6DN90
Q9P2F9	Q9P2F9
O95076	O95076
Q9Y5S8	Q9Y5S8
Q9Y5S8	P04839
Q52LW3	Q52LW3
P56597	P56597
P04062	P04062
P10914	P10914
P09936	P09936
Q16698	Q16698
Q92609	Q92609
Q92581	Q92581
Q92581	Q96T83
P49327	P49327
O75436	O75436
O75436	Q4G0F5
Q9P258	Q9P258
Q9Y4F1	Q9Y4F1
Q9Y4F1	O94887
Q9NYB9	Q9NYB9
Q9NRD9	Q9NRD9
Q9NS15	Q9NS15
P48651	P48651
O43505	O43505
Q8NEN9	Q8NEN9
Q9BY77	Q9BY77
Q9NSA3	Q9NSA3
P46937	P46937
Q9NV23	Q9NV23
Q96IJ6	Q96IJ6
O43826	O43826
O15111	O15111
O15111	O14920
P43121	P43121
Q8IWS0	Q8IWS0
P10646	P10646
Q9H7B2	Q9H7B2
Q12796	Q12796
Q5T3I0	Q5T3I0
Q9ULJ6	Q9ULJ6
P42356	P42356
Q9H900	Q9H900
P12110	P12110
Q9ULJ7	Q9ULJ7
Q5M9N0	Q5M9N0
Q5T5P2	Q5T5P2
Q8IWD4	Q8IWD4
O95236	O95236
Q9Y2U8	Q9Y2U8
P01730	P01730
Q9NRZ7	Q9NRZ7
Q9NRZ7	Q9NRZ5
Q8TAP6	Q8TAP6
Q9NS37	Q9NS37
Q13219	Q13219
Q9BYD6	Q9BYD6
Q9Y282	Q9Y282
Q9HD33	Q9HD33
Q9H845	Q9H845
Q9H845	P49748
Q8TEM1	Q8TEM1
Q5M775	Q5M775
Q969H6	Q969H6
A0FGR8	A0FGR8
Q14699	Q14699
Q02878	Q02878
P40925	P40925
Q969E2	Q969E2
Q969E2	Q8TAC9
Q96F46	Q96F46
O00255	O00255
P31431	P31431
P31431	P34741
O95428	O95428
Q9UMS4	Q9UMS4
P49913	P49913
Q9Y6H8	Q9Y6H8
P26368	P26368
O95429	O95429
Q9GZU7	Q9GZU7
Q9GZU7	O14595
Q15020	Q15020
Q9UK33	Q9UK33
Q9UK33	Q9P0T4
P17735	P17735
Q68BL7	Q68BL7
P54868	P54868
P54868	Q01581
O60880	O60880
O60880	O14796
O95382	O95382
O95382	Q99683
P20962	P20962
Q2WGJ9	Q2WGJ9
Q99583	Q99583
O95707	O95707
P30304	P30304
P30304	P30305
P38571	P38571
P38571	Q5VXJ0
Q99798	Q99798
O15273	O15273
P55061	P55061
Q6IV72	Q6IV72
P48681	P48681
Q7RTT9	Q7RTT9
Q149N8	Q149N8
Q14185	Q14185
Q14185	Q9H7D0
Q14185	Q8IZD9
Q14185	Q8N1I0
Q14185	Q92608
P61278	P61278
P51397	P51397
Q5T7W0	Q5T7W0
Q6PEZ8	Q6PEZ8
Q96PV6	Q96PV6
Q9P2G4	Q9P2G4
Q569H4	Q569H4
Q5JSJ4	Q5JSJ4
Q5JSJ4	Q9UL03
Q9Y221	Q9Y221
Q01538	Q01538
P31629	P31629
Q9H2W6	Q9H2W6
P51959	P51959
P51959	Q16589
Q96NU0	Q96NU0
Q96NU0	Q9BZ76
P05305	P05305
Q8TDY4	Q8TDY4
Q9NT22	Q9NT22
Q8N1A6	Q8N1A6
P29279	P29279
P29279	O00622
P29279	O95388
Q9Y573	Q9Y573
A8MW92	A8MW92
Q9Y3B9	Q9Y3B9
Q1L5Z9	Q1L5Z9
Q1L5Z9	Q496Y0
Q8N386	Q8N386
Q03014	Q03014
Q9BYG3	Q9BYG3
Q7Z6L1	Q7Z6L1
Q9H4Z3	Q9H4Z3
P47989	P47989
P47989	Q06278
Q5D862	Q5D862
Q9BRR0	Q9BRR0
Q9BRR0	Q969J2
Q9BRR0	Q86W11
Q9BRR0	P10073
Q9BRR0	O60304
Q9BRR0	Q6NSZ9
Q9BRR0	O14771
Q9BRR0	P17029
Q9BRR0	Q15776
Q9BRR0	Q8NF99
Q9C0F0	Q9C0F0
Q8TB73	Q8TB73
O60242	O60242
O60242	O14514
O43313	O43313
P25103	P25103
Q8WTR8	Q8WTR8
P98168	P98168
P98168	P98169
P98168	Q2QGD7
P49146	P49146
Q8IZT8	Q8IZT8
Q8N196	Q8N196
O60240	O60240
Q14766	Q14766
Q969T4	Q969T4
Q969T4	P51965
Q969T4	Q96LR5
Q9NY26	Q9NY26
Q6PIZ9	Q6PIZ9
P08603	P08603
P12524	P12524
P01241	P01241
P01241	Q14406
P13682	P13682
Q8N1M1	Q8N1M1
Q9UNE0	Q9UNE0
Q9C0E2	Q9C0E2
Q9H501	Q9H501
O00160	O00160
O00160	Q12965
Q8TB52	Q8TB52
Q9NRG7	Q9NRG7
Q14674	Q14674
Q92838	Q92838
Q9UM21	Q9UM21
Q9UM21	Q9UQ53
Q6UW60	Q6UW60
Q6UW60	P09958
Q9UKA2	Q9UKA2
P05090	P05090
P22459	P22459
Q96N46	Q96N46
O43581	O43581
O75293	O75293
O75293	P24522
P23942	P23942
Q96CU9	Q96CU9
Q8WW27	Q8WW27
Q6Q8B3	Q6Q8B3
Q9NUV7	Q9NUV7
Q9NUV7	O15270
E5RG02	E5RG02
P11172	P11172
Q6EKJ0	Q6EKJ0
Q6EKJ0	Q86UP8
Q9NRR4	Q9NRR4
Q8WVN6	Q8WVN6
Q58FF7	Q58FF7
Q58FF7	P08238
Q58FF7	P07900
Q6UY01	Q6UY01
P57086	P57086
Q8N9F7	Q8N9F7
Q02763	Q02763
Q02763	P35590
O43148	O43148
Q96A26	Q96A26
P98187	P98187
P98187	Q9HBI6
P98187	Q08477
P98187	Q9HCS2
Q03154	Q03154
P30291	P30291
Q9BXS1	Q9BXS1
Q9BXS1	Q13907
Q9ULL1	Q9ULL1
P34810	P34810
Q02447	Q02447
Q02447	Q02446
Q02447	P08047
Q92959	Q92959
Q12778	Q12778
Q12778	O43524
O14656	O14656
O14656	O14657
Q9NR96	Q9NR96
Q9NQ38	Q9NQ38
O15254	O15254
Q4VC44	Q4VC44
Q6PCB0	Q6PCB0
O75121	O75121
Q9BUJ0	Q9BUJ0
Q2TAL5	Q2TAL5
P49901	P49901
Q9H2X8	Q9H2X8
Q5VXT5	Q5VXT5
Q5VXT5	Q16563
Q5VXT5	P08247
Q8N4L1	Q8N4L1
Q9H706	Q9H706
Q96LX8	Q96LX8
Q8TC17	Q8TC17
O75610	O75610
O75610	O00292
P03950	P03950
Q9NZP8	Q9NZP8
P02008	P02008
P02008	P69905
Q99932	Q99932
Q14242	Q14242
Q6P9F5	Q6P9F5
Q8WXX7	Q8WXX7
Q14392	Q14392
P37059	P37059
P37059	P80365
O75879	O75879
Q9UPM8	Q9UPM8
P07320	P07320
Q96H55	Q96H55
O14874	O14874
Q9NYL4	Q9NYL4
Q96KN7	Q96KN7
P30084	P30084
Q9H8H2	Q9H8H2
Q06520	Q06520
Q96NL1	Q96NL1
Q8NCN2	Q8NCN2
Q8NCN2	Q5TC79
Q96NW7	Q96NW7
Q8TF74	Q8TF74
Q15050	Q15050
P28749	P28749
P28749	Q08999
Q96QD9	Q96QD9
Q96DX4	Q96DX4
H0YL14	H0YL14
Q68CZ2	Q68CZ2
Q9ULJ1	Q9ULJ1
P30990	P30990
Q8IXK0	Q8IXK0
P60174	P60174
Q9P0V8	Q9P0V8
Q6IB77	Q6IB77
Q9Y3E0	Q9Y3E0
Q6P1L8	Q6P1L8
Q07666	Q07666
O94906	O94906
Q96GY0	Q96GY0
P26641	P26641
Q14683	Q14683
Q86SF2	Q86SF2
P04004	P04004
E9PRG8	E9PRG8
Q8N5Q1	Q8N5Q1
Q86VU5	Q86VU5
O75132	O75132
Q16531	Q16531
Q9H190	Q9H190
Q9H190	O00560
Q5JV73	Q5JV73
P63220	P63220
Q14444	Q14444
Q9C026	Q9C026
Q9C026	Q6ZTA4
Q8WZ71	Q8WZ71
Q96F86	Q96F86
Q4ZHG4	Q4ZHG4
O15400	O15400
O15400	Q86Y82
P20248	P20248
Q8N2G8	Q8N2G8
Q9Y5K5	Q9Y5K5
O00311	O00311
Q96FJ2	Q96FJ2
Q96FJ2	P63167
P14923	P14923
P14923	P35222
P11684	P11684
P57740	P57740
P20810	P20810
Q8WZ64	Q8WZ64
P25963	P25963
P02765	P02765
Q9Y3A2	Q9Y3A2
Q1MSJ5	Q1MSJ5
P14209	P14209
Q7RTP0	Q7RTP0
O15269	O15269
P04844	P04844
Q86SS6	Q86SS6
Q86SS6	Q5T7P8
Q96KP1	Q96KP1
Q15813	Q15813
P50542	P50542
Q9NXE4	Q9NXE4
P61313	P61313
P41227	P41227
Q9NRF9	Q9NRF9
Q92574	Q92574
Q13443	Q13443
Q8N448	Q8N448
Q8N448	Q8TBB1
Q13105	Q13105
Q5VYK3	Q5VYK3
Q5W0U4	Q5W0U4
Q9Y6Q5	Q9Y6Q5
Q9Y6Q5	Q9BXS5
Q5T5J6	Q5T5J6
Q16515	Q16515
Q16515	P78348
P51884	P51884
P51884	O60938
P51884	P51888
P51884	Q06828
P08514	P08514
Q9HBJ8	Q9HBJ8
Q6MZP7	Q6MZP7
P08294	P08294
Q8NEY3	Q8NEY3
Q9H967	Q9H967
Q9P086	Q9P086
A6NEC2	A6NEC2
O14548	O14548
P37275	P37275
Q2TB10	Q2TB10
Q9H3H5	Q9H3H5
Q9NQV8	Q9NQV8
O43715	O43715
Q9NTX5	Q9NTX5
Q9NQ79	Q9NQ79
Q9H773	Q9H773
Q96T53	Q96T53
Q8N755	Q8N755
P55157	P55157
Q9Y5B8	Q9Y5B8
Q8N9L1	Q8N9L1
Q96CX6	Q96CX6
P14854	P14854
P16157	P16157
P11117	P11117
Q5TA31	Q5TA31
Q6NVY1	Q6NVY1
Q9BVA0	Q9BVA0
P43699	P43699
Q15759	Q15759
Q15759	P53778
Q15759	Q16539
Q15759	P28482
Q15759	P27361
Q15759	P45984
Q15759	P53779
Q15759	P45983
Q15759	O15264
P05451	P05451
P05451	P48304
P05451	Q6UW15
Q7L592	Q7L592
Q8IUW5	Q8IUW5
P0CJ78	P0CJ78
P52788	P52788
Q96Q80	Q96Q80
Q96Q80	Q9GZP9
P08473	P08473
Q99853	Q99853
Q9NYK5	Q9NYK5
O15488	O15488
Q96BQ3	Q96BQ3
Q96BQ3	A6NI03
Q96BQ3	A6NDI0
Q96BQ3	Q9BSJ1
Q96BQ3	P0CI26
P11230	P11230
O75330	O75330
Q8IU68	Q8IU68
P34981	P34981
Q8NHG7	Q8NHG7
P55056	P55056
Q76MJ5	Q76MJ5
Q76MJ5	O75460
Q15327	Q15327
Q14416	Q14416
Q14416	O15303
Q14416	Q14833
Q9Y4E5	Q9Y4E5
Q8WXK4	Q8WXK4
Q8IU80	Q8IU80
Q9H0Q3	Q9H0Q3
Q13574	Q13574
Q9UID6	Q9UID6
Q12888	Q12888
Q8N201	Q8N201
Q6T310	Q6T310
Q6T310	Q9BPW5
Q9BZR9	Q9BZR9
Q6NXE6	Q6NXE6
Q16568	Q16568
P15173	P15173
P15173	P13349
P15173	P23409
Q5T0D9	Q5T0D9
Q8N2I2	Q8N2I2
Q9UI38	Q9UI38
P50895	P50895
Q5VW32	Q5VW32
Q9NZH6	Q9NZH6
Q9P2K2	Q9P2K2
P23510	P23510
Q8WUA4	Q8WUA4
P06276	P06276
P06276	P22303
O15357	O15357
Q9P2U8	Q9P2U8
Q86TI4	Q86TI4
P52569	P52569
P52569	P30825
P52569	Q8WY07
P35348	P35348
P01258	P01258
P07741	P07741
Q8NHV9	Q8NHV9
Q6ZMJ2	Q6ZMJ2
Q9P126	Q9P126
P31152	P31152
Q9C009	Q9C009
Q96CJ1	Q96CJ1
Q96CJ1	Q96JC9
Q96RQ1	Q96RQ1
Q9C0D4	Q9C0D4
Q6ZT12	Q6ZT12
Q7Z419	Q7Z419
Q8IYP2	Q8IYP2
Q8N4P6	Q8N4P6
O14598	O14598
P14416	P14416
Q15546	Q15546
Q52WX2	Q52WX2
Q9BYW2	Q9BYW2
Q9UPW0	Q9UPW0
P14151	P14151
O14792	O14792
Q9BTD3	Q9BTD3
Q02535	Q02535
Q13253	Q13253
Q6NT89	Q6NT89
Q9Y575	Q9Y575
P31937	P31937
Q9Y2C4	Q9Y2C4
Q14190	Q14190
Q9GZY6	Q9GZY6
Q9H1R2	Q9H1R2
P20711	P20711
O15484	O15484
Q96MX6	Q96MX6
Q9H9Z2	Q9H9Z2
P24855	P24855
P24855	Q13609
P78337	P78337
P78337	Q99697
Q8IUX7	Q8IUX7
Q9UMR5	Q9UMR5
A5LHX3	A5LHX3
Q8WU08	Q8WU08
Q8WU08	Q9NY57
Q8WU08	Q86UX6
Q9BZV1	Q9BZV1
P54849	P54849
Q92824	Q92824
Q9HAW4	Q9HAW4
Q8TCT6	Q8TCT6
Q9UHB4	Q9UHB4
Q8NBB4	Q8NBB4
Q6ICG6	Q6ICG6
Q9Y238	Q9Y238
Q9H1I8	Q9H1I8
Q9Y3Q0	Q9Y3Q0
Q9Y3Q0	Q04609
A1L4K1	A1L4K1
Q9NVE7	Q9NVE7
P43631	P43631
P43631	P43628
Q8N7C0	Q8N7C0
P43088	P43088
Q9Y586	Q9Y586
Q16520	Q16520
Q5FWF5	Q5FWF5
Q9H5V9	Q9H5V9
Q96BM1	Q96BM1
O95104	O95104
A9UHW6	A9UHW6
Q6ZN18	Q6ZN18
O94777	O94777
Q6NXR4	Q6NXR4
Q9Y462	Q9Y462
Q9Y462	P08048
Q9Y462	P17010
P51686	P51686
P51686	P32248
Q8IYU2	Q8IYU2
Q969M2	Q969M2
Q96M94	Q96M94
Q86WI3	Q86WI3
Q14657	Q14657
P49683	P49683
Q6PJT7	Q6PJT7
Q96HA4	Q96HA4
Q9NV70	Q9NV70
Q8IZ96	Q8IZ96
O43827	O43827
P14406	P14406
Q8IVM0	Q8IVM0
Q8WTT2	Q8WTT2
P04278	P04278
Q86Y97	Q86Y97
Q9C093	Q9C093
P39880	P39880
Q7L8J4	Q7L8J4
Q8NE79	Q8NE79
O75600	O75600
P80404	P80404
Q92537	Q92537
Q9Y613	Q9Y613
Q8IYT2	Q8IYT2
Q9Y2A9	Q9Y2A9
Q9NYM4	Q9NYM4
Q96IQ9	Q96IQ9
O15056	O15056
O15056	O43426
Q9NU02	Q9NU02
P23945	P23945
P23945	P22888
Q9P1Y5	Q9P1Y5
P00750	P00750
Q8N6D2	Q8N6D2
Q9NV58	Q9NV58
Q9H0I2	Q9H0I2
Q8N1G2	Q8N1G2
Q6P9G9	Q6P9G9
P78334	P78334
O43151	O43151
Q6UUV9	Q6UUV9
Q96NS8	Q96NS8
P02686	P02686
Q96S94	Q96S94
Q96S94	Q9UK58
P12314	P12314
Q9H1K4	Q9H1K4
Q9H1K4	Q9H936
P00813	P00813
P26842	P26842
P34913	P34913
Q99732	Q99732
Q8N806	Q8N806
A8MPX8	A8MPX8
Q3KP44	Q3KP44
Q9HD64	Q9HD64
Q13639	Q13639
Q969F1	Q969F1
Q96HE8	Q96HE8
P51170	P51170
P10966	P10966
P20815	P20815
P20815	P08684
Q04118	Q04118
Q9BRX9	Q9BRX9
Q96N20	Q96N20
Q6P1K8	Q6P1K8
Q6P1K8	Q13888
Q9ULI3	Q9ULI3
Q5TZJ5	Q5TZJ5
Q9H981	Q9H981
P02808	P02808
Q6ZU69	Q6ZU69
Q6P1J6	Q6P1J6
Q96JM4	Q96JM4
Q86T26	Q86T26
Q9H920	Q9H920
Q86TI0	Q86TI0
Q86TI0	O60343
Q8N9B4	Q8N9B4
O14944	O14944
Q96RT8	Q96RT8
Q13094	Q13094
P52564	P52564
P52564	P46734
Q8TE02	Q8TE02
Q9H756	Q9H756
Q07889	Q07889
Q9NP56	Q9NP56
Q9NP56	Q13946
Q6P1J9	Q6P1J9
Q9H3S5	Q9H3S5
Q567V2	Q567V2
Q5SVZ6	Q5SVZ6
Q9NQV7	Q9NQV7
Q8WU39	Q8WU39
P52306	P52306
Q8N2M8	Q8N2M8
Q8IYA7	Q8IYA7
Q5VVX9	Q5VVX9
Q9NXL6	Q9NXL6
Q9NXL6	Q8NBJ9
O95050	O95050
O95050	P40261
O95050	P11086
Q9Y235	Q9Y235
Q9H553	Q9H553
Q96PJ5	Q96PJ5
Q8IX21	Q8IX21
O00408	O00408
Q9H2I8	Q9H2I8
Q9NVS9	Q9NVS9
Q86Y33	Q86Y33
Q9H161	Q9H161
Q9NY33	Q9NY33
Q9H9J4	Q9H9J4
O94952	O94952
O60678	O60678
Q8NEV9	Q8NEV9
P54253	P54253
Q86WT1	Q86WT1
P11229	P11229
P11229	P08172
P05089	P05089
P05089	P78540
Q14147	Q14147
Q15672	Q15672
O60674	O60674
O60674	P52333
Q96GR2	Q96GR2
Q86SE9	Q86SE9
Q9BRY0	Q9BRY0
Q5XG87	Q5XG87
Q8NB16	Q8NB16
P07101	P07101
Q6ISU1	Q6ISU1
Q9BWT7	Q9BWT7
O60704	O60704
P55290	P55290
Q8IZD2	Q8IZD2
Q8WVV9	Q8WVV9
Q8WVV9	P14866
Q86W47	Q86W47
Q9Y450	Q9Y450
Q14C87	Q14C87
Q6UX04	Q6UX04
Q7L2Z9	Q7L2Z9
P54710	P54710
O14559	O14559
Q9P2B7	Q9P2B7
P02768	P02768
P02768	P02771
P62269	P62269
Q5T2W1	Q5T2W1
Q93008	Q93008
Q93008	O00507
Q9BXS4	Q9BXS4
Q9BZK7	Q9BZK7
Q9BZK7	Q9BQ87
Q9BZK7	O60907
Q8IYB1	Q8IYB1
P27824	P27824
P27824	O14967
P22301	P22301
Q9P0J6	Q9P0J6
Q9C0B9	Q9C0B9
Q86VP1	Q86VP1
P42081	P42081
Q8IWU5	Q8IWU5
Q06889	Q06889
Q06889	P11161
Q6P1A2	Q6P1A2
P49916	P49916
Q15424	Q15424
Q15424	Q14151
P25815	P25815
P25815	P60903
P25815	P29034
P25815	P26447
P25815	P80511
P25815	P06702
P25815	P04271
P25815	P31949
P25705	P25705
Q9H4A5	Q9H4A5
Q9H4A5	Q9H4A6
Q96E22	Q96E22
Q9NX57	Q9NX57
Q96SW2	Q96SW2
O60701	O60701
O43298	O43298
Q8NHP8	Q8NHP8
Q9NXA8	Q9NXA8
P16333	P16333
P16333	O43639
Q8N8R3	Q8N8R3
P29966	P29966
Q969Z3	Q969Z3
Q969Z3	Q5VT66
P16144	P16144
Q2KJY2	Q2KJY2
Q2KJY2	Q9ULI4
Q9BVT8	Q9BVT8
Q9Y4F5	Q9Y4F5
P12270	P12270
Q8N3Z6	Q8N3Z6
Q9H892	Q9H892
P51659	P51659
Q13572	Q13572
Q9Y6D5	Q9Y6D5
Q9Y6D5	Q9Y6D6
O00233	O00233
Q9Y5R8	Q9Y5R8
O95297	O95297
P14625	P14625
P06132	P06132
O60885	O60885
P43353	P43353
P43353	P51648
P55210	P55210
Q71RC2	Q71RC2
P83110	P83110
P83110	Q92743
Q7L5A8	Q7L5A8
P19404	P19404
Q70UQ0	Q70UQ0
Q9H1R3	Q9H1R3
Q9Y5Y2	Q9Y5Y2
P36954	P36954
Q3ZAQ7	Q3ZAQ7
Q9H2G2	Q9H2G2
Q8NB49	Q8NB49
Q8NB49	Q9Y2G3
Q99523	Q99523
P23025	P23025
Q9NXR1	Q9NXR1
Q9NXR1	Q9GZM8
Q6P435	Q6P435
P42574	P42574
P42574	P55212
P78406	P78406
Q8IYD1	Q8IYD1
Q6UW56	Q6UW56
Q08397	Q08397
P39023	P39023
P39023	Q92901
P19784	P19784
P19784	P68400
Q14511	Q14511
P29597	P29597
P29597	P23458
Q8NBP0	Q8NBP0
Q9NQE9	Q9NQE9
Q03169	Q03169
Q2TAA8	Q2TAA8
P28070	P28070
Q96RS6	Q96RS6
Q9UK41	Q9UK41
Q96A49	Q96A49
Q96BS2	Q96BS2
Q15750	Q15750
Q9H0A8	Q9H0A8
O75113	O75113
P25791	P25791
Q9BTW9	Q9BTW9
Q9H898	Q9H898
P02671	P02671
P32004	P32004
Q9UPQ3	Q9UPQ3
Q9UPQ3	Q96P47
Q68DX3	Q68DX3
Q9NX00	Q9NX00
O95684	O95684
O60487	O60487
Q9H1C4	Q9H1C4
Q8WW12	Q8WW12
Q9Y6N6	Q9Y6N6
Q9Y6N6	P11047
O43819	O43819
P83436	P83436
P84077	P84077
P84077	P84085
P84077	P61204
P84077	P62330
P84077	P18085
P84077	P40616
P84077	Q8N4G2
P84077	P36404
P84077	P56559
P84077	P49703
P84077	P40617
P84077	Q969Q4
P84077	Q9H0F7
P84077	Q96KC2
P84077	Q9Y689
P84077	A6NH57
Q9C099	Q9C099
P61421	P61421
P57775	P57775
O00762	O00762
P67809	P67809
P67809	P16989
Q8IY31	Q8IY31
Q9NUP9	Q9NUP9
Q9NUP9	O14910
Q92953	Q92953
P13861	P13861
P13861	P31323
Q01113	Q01113
Q15008	Q15008
Q96BA8	Q96BA8
P08708	P08708
Q92844	Q92844
O43678	O43678
Q53H12	Q53H12
P51398	P51398
Q9H0E9	Q9H0E9
Q9H6W3	Q9H6W3
P00403	P00403
P04183	P04183
Q96RD7	Q96RD7
Q06190	Q06190
P35914	P35914
Q9UL40	Q9UL40
Q8IWA5	Q8IWA5
Q8IWA5	Q8NCS7
P61457	P61457
Q8WVF5	Q8WVF5
Q9H875	Q9H875
Q9P032	Q9P032
Q13148	Q13148
O43167	O43167
Q9HCM1	Q9HCM1
Q92905	Q92905
P61244	P61244
O96028	O96028
O96028	Q9BZ95
Q96JA3	Q96JA3
Q86UK7	Q86UK7
Q9NVA4	Q9NVA4
P60602	P60602
Q5T4B2	Q5T4B2
Q5T4B2	Q8NBJ5
Q5T4B2	Q8IYK4
O95081	O95081
Q9Y3A3	Q9Y3A3
Q9NYH9	Q9NYH9
Q01167	Q01167
Q01167	P85037
Q9NRX1	Q9NRX1
Q15043	Q15043
Q9ULH1	Q9ULH1
Q9Y6M5	Q9Y6M5
Q04756	Q04756
P35754	P35754
P04798	P04798
P04798	P05177
P04798	Q16678
Q8N0Y2	Q8N0Y2
A8MVW0	A8MVW0
Q7Z2F6	Q7Z2F6
Q96F10	Q96F10
Q96F10	P21673
Q2MJR0	Q2MJR0
O43281	O43281
Q99519	Q99519
P35670	P35670
P35670	Q04656
Q10587	Q10587
Q6IQ21	Q6IQ21
O14949	O14949
Q04760	Q04760
Q53RD9	Q53RD9
Q99895	Q99895
Q99895	P08861
Q99895	P09093
Q99895	Q9UNI1
Q99895	P08217
Q99895	P08218
Q99895	P17538
Q99895	Q6GPI1
Q99895	P40313
Q8TCQ1	Q8TCQ1
Q8TCQ1	Q5T0T0
Q8TE77	Q8TE77
P19526	P19526
Q9UQ05	Q9UQ05
Q9UQ05	Q96L42
Q9UQ05	Q9ULD8
Q9NPR9	Q9NPR9
Q9NPR9	Q5VW38
Q499Z4	Q499Z4
Q96SL1	Q96SL1
Q9NPB8	Q9NPB8
Q9UBS5	Q9UBS5
Q9HCN6	Q9HCN6
P00441	P00441
Q13635	Q13635
Q76I76	Q76I76
Q93084	Q93084
Q93084	O14983
Q93084	P16615
P13686	P13686
Q15126	Q15126
Q6ZS30	Q6ZS30
Q5T5Y3	Q5T5Y3
Q9NWH2	Q9NWH2
Q86VQ0	Q86VQ0
P54132	P54132
P06734	P06734
P48551	P48551
Q96QE5	Q96QE5
A8MWY0	A8MWY0
Q8N680	Q8N680
Q08AE8	Q08AE8
P01008	P01008
P33552	P33552
P19971	P19971
Q9BZD7	Q9BZD7
Q8N4Q0	Q8N4Q0
P13727	P13727
P13727	Q9Y2Y8
P23677	P23677
P05108	P05108
Q13099	Q13099
Q96N16	Q96N16
P41273	P41273
Q8NFU5	Q8NFU5
Q8TCY5	Q8TCY5
O95562	O95562
Q96KN4	Q96KN4
Q8NI60	Q8NI60
P00480	P00480
O15105	O15105
O15105	O43541
Q96MU8	Q96MU8
Q5VV67	Q5VV67
Q9NX18	Q9NX18
Q9NSU2	Q9NSU2
Q8TAD8	Q8TAD8
P21108	P21108
P21108	P11908
P21108	P60891
P21108	Q14558
P21108	O60256
A4GXA9	A4GXA9
Q5SWA1	Q5SWA1
Q4JDL3	Q4JDL3
P28330	P28330
Q5BKY9	Q5BKY9
Q08ET2	Q08ET2
P35225	P35225
Q7Z494	Q7Z494
P51693	P51693
Q8N5L8	Q8N5L8
Q2VIR3	Q2VIR3
Q2VIR3	P41091
Q9NS91	Q9NS91
O75167	O75167
O75167	Q8IZ21
Q9ULX5	Q9ULX5
Q8IW92	Q8IW92
Q9NPF7	Q9NPF7
Q9HD67	Q9HD67
Q8IUC1	Q8IUC1
Q9NNZ3	Q9NNZ3
Q00532	Q00532
P35626	P35626
P35626	P25098
P41279	P41279
Q8IUM7	Q8IUM7
Q86UA1	Q86UA1
P07498	P07498
Q99590	Q99590
Q9UNZ2	Q9UNZ2
O60449	O60449
O43240	O43240
O43240	Q9H2R5
Q96B49	Q96B49
Q9NZR1	Q9NZR1
Q9NZR1	Q9NYL9
Q9NZR1	P28289
Q9UK53	Q9UK53
O14607	O14607
Q8TF39	Q8TF39
Q9BY12	Q9BY12
O60683	O60683
Q8IWP9	Q8IWP9
Q01954	Q01954
P01303	P01303
Q8WUR7	Q8WUR7
P80370	P80370
Q969U7	Q969U7
P41162	P41162
P41162	P50548
Q8WUU4	Q8WUU4
Q9HCU8	Q9HCU8
Q9NP73	Q9NP73
O75815	O75815
O75815	Q8N5H7
P0DMR2	P0DMR2
P0DMR2	Q8TD33
Q9BTF0	Q9BTF0
P48426	P48426
P48426	P78356
P48426	Q8TBX8
P04424	P04424
O95453	O95453
O95198	O95198
O95198	Q53G59
O95198	O94889
Q96P65	Q96P65
P51677	P51677
P51677	P51679
P51677	P51685
P51677	P32246
P51677	P51681
P51677	P49238
P51677	P41597
P48449	P48449
Q9UKJ3	Q9UKJ3
Q9BS40	Q9BS40
P55347	P55347
P52823	P52823
Q6UW49	Q6UW49
Q8N7G0	Q8N7G0
Q8N7G0	Q01860
Q9Y2G4	Q9Y2G4
Q562F6	Q562F6
Q32P44	Q32P44
Q32P44	Q9HC35
Q96EN8	Q96EN8
Q96JM2	Q96JM2
Q6PL18	Q6PL18
Q4G0W2	Q4G0W2
P16581	P16581
Q6P3W2	Q6P3W2
Q9Y284	Q9Y284
Q9NZU1	Q9NZU1
Q9NZU1	Q9NZU0
Q6NVV1	Q6NVV1
Q9UEE9	Q9UEE9
Q9P1W3	Q9P1W3
Q9P1W3	Q5T3F8
Q9NZM4	Q9NZM4
P15692	P15692
Q9P0W8	Q9P0W8
Q6Y7W6	Q6Y7W6
O00300	O00300
Q9Y5J7	Q9Y5J7
Q9Y4F3	Q9Y4F3
Q9HBL8	Q9HBL8
Q4G0Z9	Q4G0Z9
Q9Y530	Q9Y530
Q13415	Q13415
Q08AD1	Q08AD1
O75410	O75410
Q86XZ4	Q86XZ4
Q86XZ4	Q9NUQ6
P30049	P30049
Q9NQ66	Q9NQ66
Q9NQ66	Q01970
Q9NY12	Q9NY12
P05109	P05109
O43493	O43493
Q9NU19	Q9NU19
Q9NU19	Q8WUA7
P13807	P13807
O43617	O43617
Q14202	Q14202
O75175	O75175
Q00587	Q00587
Q8IXJ6	Q8IXJ6
Q8IXJ6	Q9NTG7
Q8N5G2	Q8N5G2
Q9BWP8	Q9BWP8
O14662	O14662
P23508	P23508
P63010	P63010
Q9BZE4	Q9BZE4
Q14966	Q14966
Q14807	Q14807
Q99704	Q99704
Q8TB96	Q8TB96
Q9NQL9	Q9NQL9
Q9NSC2	Q9NSC2
Q9NX63	Q9NX63
O15498	O15498
P42680	P42680
P42680	P51813
P42680	Q08881
P42680	Q06187
P12273	P12273
O75376	O75376
O75376	Q9Y618
Q9H4G4	Q9H4G4
O75607	O75607
Q9UN37	Q9UN37
Q15051	Q15051
Q9NW68	Q9NW68
Q9BV38	Q9BV38
Q9NX46	Q9NX46
O75529	O75529
P30260	P30260
Q9UBD5	Q9UBD5
Q01085	Q01085
Q01085	P31483
Q9H1D9	Q9H1D9
Q9BQ50	Q9BQ50
A1L443	A1L443
P0DMV8	P0DMV8
P0DMV8	P11142
P0DMV8	P0DMV9
P0DMV8	P17066
P0DMV8	P38646
P0DMV8	P11021
P0DMV8	P34931
P0DMV8	P54652
O60245	O60245
O60245	Q08174
Q5T0W9	Q5T0W9
Q9Y5Q9	Q9Y5Q9
O94916	O94916
Q96PU8	Q96PU8
Q9UM47	Q9UM47
Q9UM47	Q04721
Q9UM47	P46531
Q8WVD3	Q8WVD3
O95302	O95302
O95302	Q96AY3
Q96FS4	Q96FS4
Q6DD87	Q6DD87
Q9Y6A9	Q9Y6A9
Q9HC73	Q9HC73
Q8TEX9	Q8TEX9
Q6UXK2	Q6UXK2
Q9H1A4	Q9H1A4
Q99759	Q99759
Q14249	Q14249
O14681	O14681
P16278	P16278
Q9HD42	Q9HD42
Q9HD42	Q7LBR1
Q96RQ3	Q96RQ3
Q96RQ3	P05165
Q92734	Q92734
Q92545	Q92545
O75152	O75152
O43292	O43292
Q96FN5	Q96FN5
P35080	P35080
P35080	P07737
Q9H4K1	Q9H4K1
P32970	P32970
P34972	P34972
Q8N9R8	Q8N9R8
O95475	O95475
O14727	O14727
Q9HCJ2	Q9HCJ2
Q9HCJ2	Q9HBW1
Q9NUJ1	Q9NUJ1
Q969V4	Q969V4
Q5M9Q1	Q5M9Q1
Q5M9Q1	Q8N5F7
Q0GE19	Q0GE19
Q05193	Q05193
Q05193	P50570
Q9HCE0	Q9HCE0
E5RJM6	E5RJM6
P19256	P19256
O95260	O95260
Q8NDY3	Q8NDY3
B1AK53	B1AK53
Q9UBX8	Q9UBX8
Q9UBX8	O43286
Q16690	Q16690
Q8ND71	Q8ND71
P01859	P01859
P01859	P01857
P01859	P01860
P01859	P01861
Q13470	Q13470
P47804	P47804
P21397	P21397
Q60I27	Q60I27
Q7Z6M1	Q7Z6M1
Q8IWF2	Q8IWF2
Q9Y4D7	Q9Y4D7
P17481	P17481
P17481	P09629
P17481	P31273
P17481	P31268
A0PJW8	A0PJW8
O95149	O95149
Q15650	Q15650
Q8NFG4	Q8NFG4
P09630	P09630
P09630	P17509
P51575	P51575
P51575	Q93086
Q07092	Q07092
Q07092	Q8NFW1
P12757	P12757
Q8WUY8	Q8WUY8
Q5TZF3	Q5TZF3
O00748	O00748
O00748	P23141
O00748	Q6NT32
P55259	P55259
P55211	P55211
Q9P107	Q9P107
Q9NY25	Q9NY25
Q8TER5	Q8TER5
Q9Y6Y1	Q9Y6Y1
Q8WYB5	Q8WYB5
Q8WYB5	Q92794
Q68J44	Q68J44
Q9HBL6	Q9HBL6
Q9ULV5	Q9ULV5
P03901	P03901
P23946	P23946
P23946	P20718
P23946	P10144
P23946	P08311
P23946	P24158
P23946	P08246
P23946	P20160
Q13495	Q13495
P32929	P32929
O00270	O00270
Q8WZA1	Q8WZA1
Q6P3S6	Q6P3S6
Q9UMD9	Q9UMD9
Q8WYQ5	Q8WYQ5
P04217	P04217
Q9Y4R8	Q9Y4R8
Q9Y2G2	Q9Y2G2
P23786	P23786
Q9NX36	Q9NX36
P57071	P57071
O15123	O15123
O15123	Q15389
O15123	Q9Y264
Q8NFT8	Q8NFT8
Q8N539	Q8N539
Q13835	Q13835
P16410	P16410
Q8NEW7	Q8NEW7
P02818	P02818
Q15257	Q15257
Q9UHX3	Q9UHX3
Q9UHX3	P48960
P56730	P56730
A1A4G5	A1A4G5
Q9H8G2	Q9H8G2
Q9H0E2	Q9H0E2
Q9BXR0	Q9BXR0
Q9UBF8	Q9UBF8
Q96EU6	Q96EU6
O60888	O60888
P05386	P05386
Q3KP66	Q3KP66
P82933	P82933
O60934	O60934
O43670	O43670
Q7L9B9	Q7L9B9
Q8TAF3	Q8TAF3
Q13286	Q13286
P25789	P25789
Q9Y5V3	Q9Y5V3
Q9Y4K4	Q9Y4K4
Q9Y4K4	Q8IVH8
Q8TDW0	Q8TDW0
Q8TDW0	Q8IWT6
Q8TDW0	Q6P9F7
Q8TDW0	Q6NSJ5
Q8TDW0	Q7L1W4
O75051	O75051
O75051	Q9UIW2
P22692	P22692
P22692	P24593
P22692	P17936
Q7Z478	Q7Z478
P01737	P01737
Q14D33	Q14D33
Q96GC9	Q96GC9
Q6PGP7	Q6PGP7
P78324	P78324
O60488	O60488
O60488	O95573
Q9NPA8	Q9NPA8
Q9H0B3	Q9H0B3
Q9H6E5	Q9H6E5
Q5T8D3	Q5T8D3
O75306	O75306
O15397	O15397
O15397	O95373
Q9BSJ5	Q9BSJ5
Q9Y5P4	Q9Y5P4
Q12824	Q12824
Q9P2W1	Q9P2W1
Q9NQT4	Q9NQT4
P09543	P09543
Q9H6S1	Q9H6S1
O15145	O15145
Q9BUB7	Q9BUB7
Q9NZN8	Q9NZN8
Q96A33	Q96A33
Q15554	Q15554
Q8TF68	Q8TF68
Q9UGQ3	Q9UGQ3
Q12788	Q12788
P53007	P53007
Q8IYH5	Q8IYH5
Q7Z4M0	Q7Z4M0
Q04941	Q04941
O15060	O15060
P42262	P42262
P42262	P42261
P42262	Q13002
Q8WYL5	Q8WYL5
Q7Z3D6	Q7Z3D6
Q96D03	Q96D03
Q5IJ48	Q5IJ48
Q8IVW1	Q8IVW1
Q15303	Q15303
Q15303	P00533
Q15303	P04626
Q15303	P21860
Q8NDH3	Q8NDH3
A8MTL9	A8MTL9
Q8IXL7	Q8IXL7
Q93052	Q93052
Q6P2C8	Q6P2C8
Q5FWF6	Q5FWF6
Q969S3	Q969S3
P35575	P35575
Q96FM1	Q96FM1
Q02223	Q02223
Q92628	Q92628
Q99705	Q99705
P10323	P10323
Q9BWX5	Q9BWX5
Q9BWX5	P43694
Q5JU67	Q5JU67
Q9P2E2	Q9P2E2
Q9Y2H2	Q9Y2H2
P29373	P29373
P00746	P00746
P00746	P12544
P00746	P49863
P00746	P51124
Q9BU89	Q9BU89
Q9UKY7	Q9UKY7
Q3LIE5	Q3LIE5
Q96E29	Q96E29
P61587	P61587
P61587	P52198
P61587	Q92730
Q96AJ9	Q96AJ9
Q8N7X0	Q8N7X0
Q6Q4G3	Q6Q4G3
Q6IQ23	Q6IQ23
B0I1T2	B0I1T2
B0I1T2	O94832
B0I1T2	Q8N1T3
B0I1T2	O00159
B0I1T2	Q9UBC5
B0I1T2	O43795
Q7Z6K4	Q7Z6K4
O15519	O15519
O75663	O75663
Q9GZQ6	Q9GZQ6
Q9BVW5	Q9BVW5
A8MTQ0	A8MTQ0
Q96AZ6	Q96AZ6
Q86UK0	Q86UK0
Q9GZV1	Q9GZV1
P10451	P10451
Q8NDG6	Q8NDG6
Q96D42	Q96D42
Q9BUM1	Q9BUM1
P16233	P16233
P19320	P19320
P27539	P27539
O95858	O95858
Q9NZC3	Q9NZC3
P60880	P60880
P60880	O00161
Q12967	Q12967
Q9UMF0	Q9UMF0
Q8WXC3	Q8WXC3
Q7Z4J2	Q7Z4J2
Q9UQK1	Q9UQK1
Q9Y250	Q9Y250
Q9Y250	Q9BRK4
O95947	O95947
P51861	P51861
O43196	O43196
Q16849	Q16849
Q16849	Q92932
Q8N4F0	Q8N4F0
Q86TB3	Q86TB3
Q9NZZ3	Q9NZZ3
Q86V15	Q86V15
Q7Z444	Q7Z444
Q9HCS4	Q9HCS4
Q9HCS4	Q9NQB0
Q02153	Q02153
Q9NZ56	Q9NZ56
O75808	O75808
Q9Y2Z2	Q9Y2Z2
Q8TB37	Q8TB37
P53004	P53004
Q7Z4V0	Q7Z4V0
O15062	O15062
P30556	P30556
P24386	P24386
P24386	P26374
Q9H3L0	Q9H3L0
Q96BH1	Q96BH1
Q5VUY2	Q5VUY2
Q6BEB4	Q6BEB4
O76038	O76038
A8MWD9	A8MWD9
A8MWD9	P62308
Q9BQR3	Q9BQR3
Q9BQR3	Q15661
Q9BQR3	Q9BZJ3
Q9BQR3	P20231
Q9BQR3	Q9GZN4
Q9BQR3	A1L453
Q9BQR3	Q16651
Q9BQR3	Q8NF86
Q9BQR3	Q9Y6M0
Q9BQR3	Q7RTY5
Q9UNW8	Q9UNW8
Q8N8V4	Q8N8V4
Q96E52	Q96E52
Q9Y3E7	Q9Y3E7
O43908	O43908
Q03989	Q03989
P42566	P42566
Q969X0	Q969X0
P50453	P50453
P50453	P30740
P50453	P29508
P50453	P48594
P50453	P50452
P50453	P35237
P50453	P05120
P50453	Q9UIV8
P50453	Q96P63
Q7Z6J6	Q7Z6J6
Q7Z6J6	A2A2Y4
Q9NWR8	Q9NWR8
Q9NWR8	Q8NE86
Q9NWU5	Q9NWU5
Q9P253	Q9P253
P40879	P40879
P40879	O43511
A8MVW5	A8MVW5
Q8NEG7	Q8NEG7
Q8NEG7	Q8IWF6
Q9UDY8	Q9UDY8
Q96DD0	Q96DD0
Q4G0X4	Q4G0X4
Q8TBN0	Q8TBN0
Q6W2J9	Q6W2J9
Q9NZH0	Q9NZH0
Q9NZH0	Q9NQ84
Q9NPY3	Q9NPY3
Q13228	Q13228
Q76EJ3	Q76EJ3
Q7Z4P5	Q7Z4P5
Q7Z4P5	Q6KF10
P04201	P04201
Q8N8Y5	Q8N8Y5
P09497	P09497
P09497	P09496
Q9NP59	Q9NP59
Q6ZMW3	Q6ZMW3
Q8TB45	Q8TB45
Q8N614	Q8N614
Q6PIF6	Q6PIF6
Q6PIF6	Q13402
P15090	P15090
P15090	Q01469
Q7Z6J2	Q7Z6J2
Q86VI4	Q86VI4
P02679	P02679
Q9UHC1	Q9UHC1
Q5MJ08	Q5MJ08
P51993	P51993
P51993	P21217
P51993	Q9Y231
O95436	O95436
P54278	P54278
Q16762	Q16762
Q6NUS6	Q6NUS6
Q96M27	Q96M27
Q96JP5	Q96JP5
Q9UI09	Q9UI09
P52746	P52746
Q9NUP1	Q9NUP1
Q99829	Q99829
Q99829	O75131
Q99829	Q96FN4
Q99829	Q86YQ8
Q9NUJ7	Q9NUJ7
Q9UNH5	Q9UNH5
Q8IYF3	Q8IYF3
Q6P2D8	Q6P2D8
Q14149	Q14149
Q13822	Q13822
Q13822	P22413
Q99983	Q99983
Q9Y5U8	Q9Y5U8
Q8TEQ6	Q8TEQ6
Q8NBU5	Q8NBU5
Q9BRR9	Q9BRR9
Q96DR7	Q96DR7
Q5T1V6	Q5T1V6
O15315	O15315
Q9BT49	Q9BT49
Q86XR7	Q86XR7
Q9BZY9	Q9BZY9
P56945	P56945
Q92753	Q92753
Q92753	P51449
Q8IXZ2	Q8IXZ2
O75443	O75443
Q9BVS4	Q9BVS4
P49638	P49638
Q9ULJ3	Q9ULJ3
Q9H8S9	Q9H8S9
Q9H8S9	Q7L9L4
Q9H8S9	Q70IA6
Q9BU20	Q9BU20
Q8IXH6	Q8IXH6
Q9NQW1	Q9NQW1
Q9NQW1	O94979
Q7RTY7	Q7RTY7
P42357	P42357
Q96I27	Q96I27
Q9UJQ1	Q9UJQ1
Q9P1U0	Q9P1U0
Q5SRD1	Q5SRD1
Q5SRD1	O14925
P78552	P78552
Q9P0W2	Q9P0W2
Q9P0W2	Q9NP66
Q92562	Q92562
P05107	P05107
P05107	P05556
Q8IXW0	Q8IXW0
Q7Z624	Q7Z624
O60243	O60243
Q8TBY8	Q8TBY8
Q9NS23	Q9NS23
Q5ST30	Q5ST30
Q5ST30	P26640
Q2TAC6	Q2TAC6
P16109	P16109
P55085	P55085
Q8IZJ3	Q8IZJ3
Q0PNE2	Q0PNE2
Q96JK2	Q96JK2
O15354	O15354
Q9BZG8	Q9BZG8
Q8IWL8	Q8IWL8
A6NDA9	A6NDA9
O75949	O75949
Q96LZ3	Q96LZ3
Q96LZ3	P63098
Q96LZ3	Q99653
Q96LZ3	O43745
P12694	P12694
Q9NVH6	Q9NVH6
Q8N3A8	Q8N3A8
Q16288	Q16288
Q16288	P04629
Q16288	Q16620
P08620	P08620
Q96PD5	Q96PD5
Q8NI08	Q8NI08
Q9UPY5	Q9UPY5
Q9UPY5	Q01650
Q9UPY5	Q9UM01
Q9UPY5	Q92536
Q15047	Q15047
Q9BUP3	Q9BUP3
Q9Y337	Q9Y337
Q9Y337	P49862
Q4G0N4	Q4G0N4
Q8NEJ9	Q8NEJ9
P30411	P30411
P03923	P03923
Q5BJE1	Q5BJE1
Q15041	Q15041
Q9BRS2	Q9BRS2
Q13618	Q13618
P99999	P99999
O15438	O15438
O15438	P33527
O15438	Q92887
O15438	O95255
P36542	P36542
Q13309	Q13309
A0MZ66	A0MZ66
Q13617	Q13617
Q5T8I9	Q5T8I9
Q9NP98	Q9NP98
Q9BS18	Q9BS18
Q8WW24	Q8WW24
O00458	O00458
O00458	Q12894
P82921	P82921
Q5T2S8	Q5T2S8
Q8N766	Q8N766
Q12931	Q12931
Q9GZR2	Q9GZR2
Q71UM5	Q71UM5
Q71UM5	P42677
O60291	O60291
Q14696	Q14696
Q8TD43	Q8TD43
Q9Y3D3	Q9Y3D3
Q9Y3C5	Q9Y3C5
Q53HC0	Q53HC0
Q7Z7C8	Q7Z7C8
Q9NWF9	Q9NWF9
P82930	P82930
Q9BVL2	Q9BVL2
Q8NBZ7	Q8NBZ7
P18077	P18077
O95219	O95219
Q8WU76	Q8WU76
P09132	P09132
P19388	P19388
Q05086	Q05086
O96013	O96013
P17096	P17096
O60503	O60503
P31040	P31040
Q00653	Q00653
Q00653	P19838
Q15269	Q15269
Q9H0X4	Q9H0X4
O14777	O14777
Q86T75	Q86T75
Q86T75	Q3BBV2
P28074	P28074
P28074	P28062
Q08J23	Q08J23
Q53HI1	Q53HI1
Q7L2H7	Q7L2H7
Q14145	Q14145
Q9UKU6	Q9UKU6
O43927	O43927
Q969Y0	Q969Y0
Q9Y6H3	Q9Y6H3
Q8NFA0	Q8NFA0
Q8NFA0	P35125
Q96F45	Q96F45
P84090	P84090
Q8IY18	Q8IY18
P09661	P09661
Q9NZJ5	Q9NZJ5
Q6P3X3	Q6P3X3
Q6PIU2	Q6PIU2
Q6ZN17	Q6ZN17
Q14684	Q14684
Q9BT43	Q9BT43
Q86TI2	Q86TI2
Q86TI2	Q6V1X1
Q15691	Q15691
Q15691	Q9UPY8
Q15691	Q15555
P31785	P31785
P50395	P50395
P50395	P31150
Q92994	Q92994
Q6P158	Q6P158
Q6PEX3	Q6PEX3
Q6UVK1	Q6UVK1
Q9ULS5	Q9ULS5
Q9UKK6	Q9UKK6
O15304	O15304
Q01130	Q01130
Q01130	Q8WXF0
Q01130	O75494
Q01130	Q16629
Q9Y2Q9	Q9Y2Q9
Q8NC54	Q8NC54
Q92738	Q92738
Q53GS7	Q53GS7
Q9P0T7	Q9P0T7
Q9P0T7	Q9NQ34
P43304	P43304
Q8WWL7	Q8WWL7
Q14318	Q14318
Q02040	Q02040
Q9BV79	Q9BV79
Q15645	Q15645
P16220	P16220
P16220	Q03060
O95347	O95347
Q9H2P0	Q9H2P0
Q7Z2W4	Q7Z2W4
Q7KZ85	Q7KZ85
P54136	P54136
Q14573	Q14573
Q13164	Q13164
P37802	P37802
Q9H0S4	Q9H0S4
Q9H0S4	Q9Y6V7
Q5XKP0	Q5XKP0
Q08170	Q08170
Q96MT8	Q96MT8
Q16836	Q16836
Q14008	Q14008
Q8TDN6	Q8TDN6
Q9H3K6	Q9H3K6
Q96LT9	Q96LT9
Q70CQ3	Q70CQ3
Q9H1P3	Q9H1P3
Q13535	Q13535
Q8WV28	Q8WV28
Q9Y679	Q9Y679
P31249	P31249
P31249	O43365
P35414	P35414
Q8NCG7	Q8NCG7
Q53GS9	Q53GS9
Q969G3	Q969G3
Q9UBH6	Q9UBH6
Q8WUD4	Q8WUD4
Q96JH7	Q96JH7
P59998	P59998
P36941	P36941
Q8IX12	Q8IX12
Q16181	Q16181
Q16181	Q9P0V9
Q16181	Q9NVA2
Q16181	Q92599
Q16181	Q14141
Q16181	Q6ZU15
P06454	P06454
O75475	O75475
Q7KZF4	Q7KZF4
Q14554	Q14554
O00217	O00217
P55084	P55084
P17482	P17482
P17482	P31274
Q15365	Q15365
Q15365	P57721
Q15365	Q15366
P78524	P78524
Q08945	Q08945
O60266	O60266
Q9Y467	Q9Y467
Q9BT22	Q9BT22
Q9NPG4	Q9NPG4
P27694	P27694
Q9UNK9	Q9UNK9
Q9UKK3	Q9UKK3
Q13586	Q13586
Q9H2V7	Q9H2V7
O95870	O95870
P30530	P30530
P30530	Q06418
P30530	Q12866
Q15014	Q15014
Q7L0Y3	Q7L0Y3
Q9Y5Q3	Q9Y5Q3
Q9Y5Q3	O75444
P28347	P28347
P28347	Q15561
P28347	Q15562
Q16658	Q16658
Q96QK1	Q96QK1
Q9BSW2	Q9BSW2
P43490	P43490
Q7Z739	Q7Z739
Q7Z739	Q9Y5A9
Q7Z739	Q9BYJ9
Q15262	Q15262
Q15262	Q92729
Q15262	O14522
Q15262	P28827
Q92520	Q92520
Q92520	P98173
P62913	P62913
P62306	P62306
O76036	O76036
Q9P003	Q9P003
P15104	P15104
Q13464	Q13464
Q13464	O75116
Q9NYF3	Q9NYF3
Q12982	Q12982
P62277	P62277
P08575	P08575
Q9UBB4	Q9UBB4
Q9BRT6	Q9BRT6
Q9NXB0	Q9NXB0
Q9NUD5	Q9NUD5
P49458	P49458
Q96LP2	Q96LP2
Q9Y3Q8	Q9Y3Q8
Q96J01	Q96J01
Q6P9H4	Q6P9H4
Q9Y5Z9	Q9Y5Z9
P78543	P78543
Q99689	Q99689
P29590	P29590
Q9BXG8	Q9BXG8
Q15544	Q15544
Q9P289	Q9P289
Q9P289	Q9Y6E0
Q9P289	O00506
Q8N1G4	Q8N1G4
Q9Y5M8	Q9Y5M8
P52298	P52298
P41252	P41252
Q2M389	Q2M389
Q9C0C2	Q9C0C2
Q9UL33	Q9UL33
O60493	O60493
O60493	Q9UMY4
P09012	P09012
Q96P11	Q96P11
P56159	P56159
P26045	P26045
P26045	P29074
Q9BRP8	Q9BRP8
Q9NYM9	Q9NYM9
Q9Y2R9	Q9Y2R9
Q9Y2Y4	Q9Y2Y4
Q9NR28	Q9NR28
O15212	O15212
P20618	P20618
O60506	O60506
O60506	O43390
P49366	P49366
Q9NPF5	Q9NPF5
P28290	P28290
Q8N9N5	Q8N9N5
O00339	O00339
P62829	P62829
O75907	O75907
Q5UCC4	Q5UCC4
P78316	P78316
Q9UH99	Q9UH99
O00187	O00187
Q12769	Q12769
Q13573	Q13573
P03897	P03897
Q9UET6	Q9UET6
Q8N7B9	Q8N7B9
P23284	P23284
P23284	P45877
P23284	P30405
O14757	O14757
Q53HV7	Q53HV7
Q96L50	Q96L50
P31941	P31941
P23526	P23526
P23526	O43865
P23526	Q96HN2
P49189	P49189
P49189	O94788
P49189	P00352
P49189	P05091
P49189	P47895
Q15035	Q15035
Q15035	Q15629
Q9H2D6	Q9H2D6
P58753	P58753
Q8IX01	Q8IX01
Q7Z2K8	Q7Z2K8
P21912	P21912
Q96IC2	Q96IC2
Q15185	Q15185
P61803	P61803
Q14847	Q14847
Q7Z434	Q7Z434
Q9HCE6	Q9HCE6
Q9HCE6	O15013
P00338	P00338
P00338	P07195
P00338	Q9BYZ2
P00338	Q6ZMR3
P00338	P07864
P35637	P35637
P35637	Q01844
P43364	P43364
P00846	P00846
O75828	O75828
O75828	P16152
O43194	O43194
Q06330	Q06330
Q06330	Q9UBG7
P02647	P02647
Q12834	Q12834
O75665	O75665
Q9Y5K6	Q9Y5K6
Q92896	Q92896
Q9UJU2	Q9UJU2
Q9H4G0	Q9H4G0
Q9H4G0	Q9Y2J2
Q9H4G0	P11171
Q9H4G0	O43491
Q6UX71	Q6UX71
Q13227	Q13227
P35606	P35606
O75390	O75390
Q96L93	Q96L93
Q13563	Q13563
Q5JRA6	Q5JRA6
Q9NR82	Q9NR82
P28799	P28799
Q96RS0	Q96RS0
O60783	O60783
P31948	P31948
O43513	O43513
Q5H9U9	Q5H9U9
Q5H9U9	Q8IY21
Q00169	Q00169
O75880	O75880
P49069	P49069
Q9NS69	Q9NS69
Q00688	Q00688
Q9UJ41	Q9UJ41
P48061	P48061
Q6IN84	Q6IN84
O75528	O75528
O75911	O75911
Q9BV81	Q9BV81
P12004	P12004
Q14493	Q14493
Q7Z3U7	Q7Z3U7
P50454	P50454
Q9H2G9	Q9H2G9
Q6ZN66	Q6ZN66
Q6ZN66	P32456
Q6ZN66	Q96PP8
P53680	P53680
P53680	Q9Y587
P53680	Q96PC3
P53680	P61966
P53680	P56377
O95235	O95235
Q8TEQ8	Q8TEQ8
P68104	P68104
P68104	Q05639
P68104	Q5VTE0
O75694	O75694
P19419	P19419
Q9C0H2	Q9C0H2
Q9C0H2	Q9BSA4
P39060	P39060
P02760	P02760
Q9NSE4	Q9NSE4
Q13243	Q13243
Q17RD7	Q17RD7
O75381	O75381
Q8NBK3	Q8NBK3
Q9NX61	Q9NX61
Q9NX61	Q8NDZ6
O75841	O75841
Q8WXE9	Q8WXE9
Q86SG4	Q86SG4
Q07973	Q07973
P12272	P12272
Q14331	Q14331
Q13405	Q13405
Q9ULJ8	Q9ULJ8
Q9GZY8	Q9GZY8
Q15477	Q15477
Q9UJY5	Q9UJY5
Q9UJY5	Q9NZ52
Q9UJY5	Q9UJY4
Q9NSK0	Q9NSK0
Q9NSK0	Q6P597
Q9NSK0	Q07866
Q9NSK0	Q9H0B6
Q9BTE7	Q9BTE7
Q9BTE7	Q92564
P06748	P06748
P63173	P63173
A0AV02	A0AV02
Q86UA6	Q86UA6
Q9NNW5	Q9NNW5
Q13098	Q13098
Q8NBJ7	Q8NBJ7
P61247	P61247
O00303	O00303
Q96BY9	Q96BY9
Q9UPQ9	Q9UPQ9
Q9BVC6	Q9BVC6
Q9UMX5	Q9UMX5
P30408	P30408
P30408	P48230
Q12797	Q12797
P49736	P49736
Q14849	Q14849
Q9H1B5	Q9H1B5
P30876	P30876
P54277	P54277
Q9Y2W6	Q9Y2W6
P20916	P20916
P42345	P42345
P0C0P6	P0C0P6
O43187	O43187
P18754	P18754
P22681	P22681
Q9Y2K1	Q9Y2K1
Q9BZG1	Q9BZG1
Q16611	Q16611
Q8WY36	Q8WY36
Q9UKD2	Q9UKD2
Q9BW61	Q9BW61
O95816	O95816
Q8IWV7	Q8IWV7
Q8IWV7	Q8IWV8
Q8NBL1	Q8NBL1
Q8IW93	Q8IW93
O14972	O14972
Q9UDW1	Q9UDW1
Q8TDB4	Q8TDB4
Q96EY5	Q96EY5
Q96R06	Q96R06
Q9Y6N5	Q9Y6N5
Q92843	Q92843
Q92843	Q07817
Q92843	P10415
P23470	P23470
Q16880	Q16880
Q14241	Q14241
P45378	P45378
P45378	P13805
Q9NZM1	Q9NZM1
Q9NZM1	O75923
O14735	O14735
Q7Z7A1	Q7Z7A1
Q969K3	Q969K3
Q6ZVF9	Q6ZVF9
Q13015	Q13015
Q9BYD2	Q9BYD2
Q13257	Q13257
Q9BV19	Q9BV19
O60841	O60841
Q15788	Q15788
Q8TES7	Q8TES7
Q96EQ0	Q96EQ0
Q96EQ0	O43765
Q6PJW8	Q6PJW8
Q8N2A8	Q8N2A8
O75387	O75387
P23246	P23246
Q9Y4K0	Q9Y4K0
Q8N661	Q8N661
Q9P273	Q9P273
O14545	O14545
Q03188	Q03188
Q7LGA3	Q7LGA3
Q99500	Q99500
Q99500	Q9H228
Q99500	P21453
O43504	O43504
Q92956	Q92956
Q14157	Q14157
Q14157	Q5T6F2
P31327	P31327
P57088	P57088
Q01968	Q01968
Q9BWS9	Q9BWS9
Q5VWP2	Q5VWP2
Q9NY74	Q9NY74
Q01658	Q01658
O43175	O43175
Q9Y6J8	Q9Y6J8
Q8TF71	Q8TF71
Q13185	Q13185
Q13185	P45973
Q13185	P83916
Q5JR59	Q5JR59
Q06323	Q06323
Q06323	Q9UL46
Q06323	P61289
P06703	P06703
P06703	P23297
P78347	P78347
Q9UNL2	Q9UNL2
O95292	O95292
O95292	Q9P0L0
Q9Y6N9	Q9Y6N9
Q9UBF2	Q9UBF2
Q9UBF2	Q9Y678
Q9H7H0	Q9H7H0
O00214	O00214
P57081	P57081
Q96N67	Q96N67
Q96N67	Q8NF50
Q96N67	Q96HP0
O15321	O15321
Q9Y617	Q9Y617
P37173	P37173
Q8NEY1	Q8NEY1
Q14790	Q14790
Q8NA61	Q8NA61
Q8IY47	Q8IY47
Q8N0W7	Q8N0W7
Q9NWT1	Q9NWT1
P29965	P29965
P20963	P20963
O95619	O95619
Q15717	Q15717
Q15717	P26378
Q15717	Q14576
Q15717	Q12926
O95983	O95983
Q9ULP9	Q9ULP9
Q15738	Q15738
Q5BKZ1	Q5BKZ1
Q9NWV8	Q9NWV8
Q7KZI7	Q7KZI7
Q7KZI7	Q9P0L2
Q7KZI7	P27448
Q7KZI7	Q96L34
P07093	P07093
P07093	P05121
Q86XK2	Q86XK2
P52907	P52907
P52907	P47755
Q9BPX3	Q9BPX3
P52597	P52597
P52597	P55795
P52597	P31943
Q92504	Q92504
B0FP48	B0FP48
Q3B7T1	Q3B7T1
P04141	P04141
Q96A99	Q96A99
Q4VXA5	Q4VXA5
Q9BW92	Q9BW92
Q9BW92	P26639
Q7L5Y9	Q7L5Y9
Q9NR45	Q9NR45
P05937	P05937
P05937	P22676
P41238	P41238
P29475	P29475
Q8IXQ4	Q8IXQ4
Q9UIF7	Q9UIF7
Q9Y5J5	Q9Y5J5
Q96ER3	Q96ER3
G9CGD6	G9CGD6
G9CGD6	Q8WXI2
O96024	O96024
Q9Y6F1	Q9Y6F1
Q2I0M5	Q2I0M5
Q7Z7K0	Q7Z7K0
Q9BZD2	Q9BZD2
P78318	P78318
Q9C0H5	Q9C0H5
O00574	O00574
Q9UFE4	Q9UFE4
P36268	P36268
P36268	P19440
Q99747	Q99747
P19957	P19957
P01282	P01282
Q96M02	Q96M02
P51816	P51816
Q9H853	Q9H853
Q9H974	Q9H974
Q8N137	Q8N137
Q8J025	Q8J025
Q13021	Q13021
P60520	P60520
P60520	Q9H0R8
P60520	O95166
P60520	Q9H492
P60520	Q9GZQ8
P60520	Q9BXW4
Q9HBE4	Q9HBE4
Q14D04	Q14D04
Q5TEU4	Q5TEU4
Q86US8	Q86US8
O95169	O95169
P55771	P55771
Q96CM4	Q96CM4
Q96LU5	Q96LU5
Q9BWQ6	Q9BWQ6
O15553	O15553
O43300	O43300
O43300	Q86UE6
O43300	Q86VH5
O43300	Q86VH4
O43920	O43920
Q8NEA5	Q8NEA5
O60658	O60658
O60658	O95263
P49747	P49747
Q5VTY9	Q5VTY9
P35858	P35858
Q15528	Q15528
Q9BZE2	Q9BZE2
Q6UXS0	Q6UXS0
Q9Y3S1	Q9Y3S1
P30542	P30542
P30542	P0DMS8
P30542	P29275
P59923	P59923
Q9H582	Q9H582
P12724	P12724
P12724	P10153
P11362	P11362
P11362	P22607
P11362	P22455
P11362	P21802
Q6NZ63	Q6NZ63
Q9BY78	Q9BY78
Q70EL2	Q70EL2
Q9BZ23	Q9BZ23
Q9BSB4	Q9BSB4
O94876	O94876
Q8N4X5	Q8N4X5
Q9ULN7	Q9ULN7
P26951	P26951
Q9BU19	Q9BU19
Q9UPQ4	Q9UPQ4
P11686	P11686
Q6ZWI9	Q6ZWI9
Q9NRA2	Q9NRA2
Q8N123	Q8N123
Q15154	Q15154
Q8WTQ7	Q8WTQ7
Q8WTQ7	P43250
Q8WTQ7	P32298
Q8WTQ7	P34947
Q8WTQ7	Q15835
P08833	P08833
Q13541	Q13541
P01583	P01583
P35609	P35609
P35609	P12814
P35609	O43707
P35609	Q08043
O00139	O00139
O00139	Q99661
O00139	Q8N4N8
Q13129	Q13129
Q96DC8	Q96DC8
Q00978	Q00978
Q8WUA8	Q8WUA8
Q14451	Q14451
P15428	P15428
Q9NPH5	Q9NPH5
P21583	P21583
Q9UBQ0	Q9UBQ0
Q99735	Q99735
Q9H8X2	Q9H8X2
O43345	O43345
O43345	A6NN14
O43345	Q05481
O43345	A8MQ14
O75054	O75054
Q5VV63	Q5VV63
Q5VV63	O75882
Q6PKX4	Q6PKX4
P30046	P30046
Q8N954	Q8N954
P07476	P07476
P26436	P26436
Q9NYF5	Q9NYF5
Q9HAZ1	Q9HAZ1
Q9HAZ1	P49759
Q9HAZ1	P49760
P06727	P06727
Q9UKS7	Q9UKS7
Q9UKS7	Q13422
Q9UKS7	Q9UKT9
Q9UKS7	Q9H2S9
P02724	P02724
Q96F25	Q96F25
O75636	O75636
O75636	Q15485
O75636	O00602
A8MW99	A8MW99
Q9Y397	Q9Y397
Q9Y397	Q9NUE0
Q8NCN5	Q8NCN5
Q8NBR6	Q8NBR6
Q96I34	Q96I34
Q96I34	Q96T49
Q7RTS1	Q7RTS1
Q5VTT5	Q5VTT5
Q8TCU5	Q8TCU5
Q4L180	Q4L180
P58499	P58499
Q8TAP8	Q8TAP8
O15014	O15014
O15014	Q9ULD9
P22466	P22466
Q9Y6G5	Q9Y6G5
P37287	P37287
Q9Y2D1	Q9Y2D1
P48382	P48382
Q49AR2	Q49AR2
Q9GZV9	Q9GZV9
Q92508	Q92508
Q8N1G0	Q8N1G0
Q8N5W9	Q8N5W9
Q13496	Q13496
Q13496	Q13613
Q13496	Q13614
O00461	O00461
Q9H5Z1	Q9H5Z1
Q9H5Z1	O43143
Q9H5Z1	Q9H6R0
Q8IUG5	Q8IUG5
Q8N888	Q8N888
Q53FP2	Q53FP2
O43248	O43248
Q86VP3	Q86VP3
Q86VP3	Q6VY07
O15399	O15399
Q15910	Q15910
Q15910	Q92800
Q6H3X3	Q6H3X3
Q9UL58	Q9UL58
Q9NPH0	Q9NPH0
Q58FF6	Q58FF6
P07550	P07550
Q9H8N7	Q9H8N7
Q53HC9	Q53HC9
Q9UQP3	Q9UQP3
P03971	P03971
Q96KF2	Q96KF2
P16389	P16389
P16389	P22001
Q15762	Q15762
P09210	P09210
P09210	O15217
P09210	Q16772
P09210	P08263
P10916	P10916
P10916	O14950
P10916	P19105
P10916	P24844
P10916	Q02045
P10916	Q01449
P10916	Q96A32
Q8NFI4	Q8NFI4
Q8NFI4	P50502
Q5XUX0	Q5XUX0
Q8IWZ6	Q8IWZ6
Q9UHD0	Q9UHD0
Q9NR61	Q9NR61
Q9NR61	O00548
Q9BXI2	Q9BXI2
Q9BXI2	Q9Y619
Q6UXV1	Q6UXV1
P78333	P78333
P78333	P51654
P00973	P00973
Q8IWU4	Q8IWU4
Q96NB1	Q96NB1
Q8WY54	Q8WY54
Q9Y4C1	Q9Y4C1
Q7Z7H5	Q7Z7H5
Q7Z7H5	Q9BVK6
P51911	P51911
P51911	Q99439
P51911	Q15417
Q9NVN8	Q9NVN8
A6NK59	A6NK59
A6NK59	Q8WXK1
Q8IV38	Q8IV38
Q5SRI9	Q5SRI9
O75496	O75496
O15178	O15178
O15178	O60806
Q9BWK5	Q9BWK5
Q68DK2	Q68DK2
Q6UXB4	Q6UXB4
Q9BZJ0	Q9BZJ0
Q6WN34	Q6WN34
Q9BQ48	Q9BQ48
Q9UI30	Q9UI30
Q13133	Q13133
Q13133	P55055
Q49MI3	Q49MI3
P04054	P04054
O60478	O60478
Q8IWA6	Q8IWA6
P09525	P09525
P09525	P12429
P09525	P13928
P09525	P08758
P09525	P04083
P09525	A6NMY6
P09525	P07355
Q7Z5G4	Q7Z5G4
Q6ZSA7	Q6ZSA7
Q96GE6	Q96GE6
Q96MF2	Q96MF2
P06681	P06681
Q9Y2R0	Q9Y2R0
Q9BUV0	Q9BUV0
Q86XE0	Q86XE0
Q86XE0	Q9Y5X3
Q86XE0	Q9UNH7
Q9NRF2	Q9NRF2
Q6UWW0	Q6UWW0
Q86UY6	Q86UY6
Q96MT1	Q96MT1
P24821	P24821
Q15526	Q15526
Q8NEL9	Q8NEL9
Q9Y566	Q9Y566
P55039	P55039
P55039	Q9Y295
Q7Z4V5	Q7Z4V5
P52566	P52566
P52566	P52565
Q8TE82	Q8TE82
P10244	P10244
Q9Y2Z9	Q9Y2Z9
Q8IZM9	Q8IZM9
Q8IZM9	Q969I6
Q8IZM9	Q99624
Q8IZM9	Q9H2H9
Q8IZM9	Q96QD8
Q6UE05	Q6UE05
Q16600	Q16600
Q8IX07	Q8IX07
O15266	O15266
O15266	O60902
Q6DD88	Q6DD88
Q6DD88	Q8WXF7
Q6DD88	Q8NHH9
P51957	P51957
Q96DN2	Q96DN2
O14543	O14543
Q86VY9	Q86VY9
Q8NCW0	Q8NCW0
Q92731	Q92731
Q92731	P03372
P52954	P52954
P15018	P15018
P20366	P20366
Q9NZC9	Q9NZC9
P01733	P01733
Q9NZE8	Q9NZE8
O95760	O95760
Q8N6M0	Q8N6M0
O14633	O14633
Q9NRV9	Q9NRV9
Q504Y2	Q504Y2
O75309	O75309
Q9H3H1	Q9H3H1
Q96E40	Q96E40
P35247	P35247
Q6ZVH7	Q6ZVH7
Q9Y597	Q9Y597
P13224	P13224
Q9BQI7	Q9BQI7
Q14CZ7	Q14CZ7
Q4KMZ8	Q4KMZ8
P12821	P12821
P13473	P13473
Q9UHI8	Q9UHI8
Q9NXG2	Q9NXG2
Q9BZQ8	Q9BZQ8
Q8TCE6	Q8TCE6
Q9BYH1	Q9BYH1
Q9UGT4	Q9UGT4
P49682	P49682
P49682	P25024
P49682	P25025
P49682	P32302
Q9H944	Q9H944
P51151	P51151
P51151	P51149
Q9Y315	Q9Y315
Q86YD5	Q86YD5
O14618	O14618
Q92826	Q92826
Q15274	Q15274
P0CK96	P0CK96
Q9H8W5	Q9H8W5
Q93100	Q93100
Q9UQV4	Q9UQV4
Q96BK5	Q96BK5
Q8TEK3	Q8TEK3
O15360	O15360
Q9HB89	Q9HB89
O14793	O14793
O14793	O95390
P08397	P08397
P35368	P35368
Q96ER9	Q96ER9
P48048	P48048
P48048	P63252
P48048	P78508
P30872	P30872
P30872	P35372
P30872	P41146
P30872	P41143
P30872	P35346
P30872	P30874
P30872	P41145
P30872	P31391
Q8TB22	Q8TB22
O75586	O75586
P09544	P09544
P09544	P04628
P09544	P56706
P09544	P41221
P09544	P56704
P09544	O14905
P09544	Q9H1J5
Q0IIN9	Q0IIN9
Q86VB7	Q86VB7
Q9H7M9	Q9H7M9
O15479	O15479
O95625	O95625
O95424	O95424
O75128	O75128
Q969P0	Q969P0
P49903	P49903
Q9NPG2	Q9NPG2
Q9BUT9	Q9BUT9
O15116	O15116
O76083	O76083
Q8TBE9	Q8TBE9
Q9H2L4	Q9H2L4
Q8N4S7	Q8N4S7
P55075	P55075
Q6E0U4	Q6E0U4
Q05823	Q05823
Q92889	Q92889
Q16827	Q16827
P16284	P16284
P60983	P60983
Q9NQZ2	Q9NQZ2
Q8N0T1	Q8N0T1
Q5EBN2	Q5EBN2
Q8N5G0	Q8N5G0
P02750	P02750
Q13255	Q13255
Q13255	P41594
Q2MKA7	Q2MKA7
Q2MKA7	Q9BXY4
Q5VYV7	Q5VYV7
Q7RTR0	Q7RTR0
Q7RTR0	Q96MN2
O75558	O75558
Q9NZP6	Q9NZP6
P42766	P42766
Q16186	Q16186
Q9HAV4	Q9HAV4
Q8TBE7	Q8TBE7
Q9H0U3	Q9H0U3
Q9H0U3	Q13454
Q92934	Q92934
Q9NRH1	Q9NRH1
Q96DP5	Q96DP5
Q86XI2	Q86XI2
Q8TBC3	Q8TBC3
O43813	O43813
O43813	Q9NS86
P61221	P61221
Q8N128	Q8N128
P53634	P53634
Q6ZUT9	Q6ZUT9
P61011	P61011
Q8N4Q1	Q8N4Q1
P53803	P53803
Q15842	Q15842
Q8WXE1	Q8WXE1
Q8TBK6	Q8TBK6
O60264	O60264
O60264	P28370
Q8WV24	Q8WV24
P54920	P54920
P46776	P46776
Q9BXP2	Q9BXP2
Q96E11	Q96E11
O60763	O60763
O43823	O43823
Q06547	Q06547
Q06547	Q8TAK5
P05981	P05981
Q8TB36	Q8TB36
Q7L523	Q7L523
Q7L523	Q5VZM2
Q9P2W9	Q9P2W9
Q1KMD3	Q1KMD3
Q1KMD3	Q00839
Q1KMD3	Q9BUJ2
Q9NRY5	Q9NRY5
Q9NRY5	Q8IWE2
Q9Y3T6	Q9Y3T6
Q9HCE1	Q9HCE1
P0C7W6	P0C7W6
P14735	P14735
Q92985	Q92985
Q13823	Q13823
Q15042	Q15042
Q96GE4	Q96GE4
Q9UKE5	Q9UKE5
Q9UKE5	O95819
Q9UKE5	Q8N4C8
O75794	O75794
Q9H257	Q9H257
O15259	O15259
P05114	P05114
Q9BT40	Q9BT40
Q7Z7M9	Q7Z7M9
A2AJT9	A2AJT9
Q15648	Q15648
Q7Z4F1	Q7Z4F1
Q9Y6Y0	Q9Y6Y0
Q8IXM3	Q8IXM3
Q9H299	Q9H299
P48643	P48643
O43543	O43543
Q02809	Q02809
Q02809	O60568
Q02809	O00469
Q16543	Q16543
Q9NPG3	Q9NPG3
Q86U28	Q86U28
A6NMD0	A6NMD0
P0DP74	P0DP74
P0DP74	P0DP73
Q5T7M9	Q5T7M9
Q15058	Q15058
P10242	P10242
P10242	P10243
Q8IVU1	Q8IVU1
P57059	P57059
Q8TF40	Q8TF40
O94808	O94808
O94808	Q06210
O94782	O94782
Q14919	Q14919
Q96EK5	Q96EK5
Q9Y263	Q9Y263
Q9HB58	Q9HB58
P52888	P52888
P52888	Q9BYT8
Q96D21	Q96D21
Q96D21	Q9Y272
O60676	O60676
Q63HQ2	Q63HQ2
Q05C16	Q05C16
Q96EQ8	Q96EQ8
Q9UBZ4	Q9UBZ4
Q92797	Q92797
O95972	O95972
Q8TDG4	Q8TDG4
Q16816	Q16816
Q16816	P15735
P20151	P20151
P20151	P07288
P20151	P06870
P20151	Q92876
P20151	Q9Y5K2
P20151	P07477
P20151	P07478
P20151	P35030
P20151	Q9UBX7
P20151	Q9UKR3
P20151	O60259
P20151	Q9UKR0
Q9H5J0	Q9H5J0
Q4KWH8	Q4KWH8
Q6UXI7	Q6UXI7
P02778	P02778
O15431	O15431
P16871	P16871
P25100	P25100
Q8NG27	Q8NG27
Q8NG27	O43164
Q9UPP2	Q9UPP2
Q96K12	Q96K12
Q96K12	Q8WVX9
Q9BXI9	Q9BXI9
Q9UBQ6	Q9UBQ6
Q9H628	Q9H628
O94964	O94964
Q15761	Q15761
Q6ZRV2	Q6ZRV2
Q9P2D0	Q9P2D0
O75446	O75446
Q96SB3	Q96SB3
Q9NUA8	Q9NUA8
Q9UHD1	Q9UHD1
O95747	O95747
O95747	Q9UEW8
Q9UNA4	Q9UNA4
Q5THK1	Q5THK1
P13688	P13688
Q9Y2L8	Q9Y2L8
Q9NX02	Q9NX02
Q8WXW3	Q8WXW3
Q6PJP8	Q6PJP8
Q9P2C4	Q9P2C4
Q5HYJ3	Q5HYJ3
Q8WUD6	Q8WUD6
Q8WUD6	Q9Y6K0
A0PJX0	A0PJX0
A0PJX0	Q99828
Q96L96	Q96L96
Q9NR11	Q9NR11
O15530	O15530
Q6P589	Q6P589
Q6P589	Q8WVP5
Q6P589	O95379
Q68DC2	Q68DC2
Q9Y330	Q9Y330
Q9NQC7	Q9NQC7
O94910	O94910
O94910	O95490
O94910	Q9HAR2
Q2I0M4	Q2I0M4
Q9NWY4	Q9NWY4
Q9NWY4	A8MVJ9
Q6ZP65	Q6ZP65
P61081	P61081
Q16820	Q16820
Q16820	Q16819
Q5JUW0	Q5JUW0
P00918	P00918
P00918	P00915
P00918	P07451
P00918	P35218
P00918	P35219
Q02747	Q02747
Q15034	Q15034
Q15034	Q5GLZ8
Q9Y6A5	Q9Y6A5
Q96AC6	Q96AC6
Q9HC21	Q9HC21
P11049	P11049
Q8WWM9	Q8WWM9
Q9BQY9	Q9BQY9
Q5JS37	Q5JS37
Q9ULE6	Q9ULE6
Q9Y4X5	Q9Y4X5
Q587J7	Q587J7
Q13424	Q13424
Q13424	Q13884
Q13424	Q13425
Q9UMX3	Q9UMX3
Q7Z2Q7	Q7Z2Q7
Q68CJ9	Q68CJ9
Q6L9W6	Q6L9W6
Q6L9W6	Q76KP1
P01116	P01116
P01116	P01111
P01116	P01112
P01116	P62070
P01116	P10301
P01116	P62834
P01116	Q9Y3L5
P01116	P61224
P01116	A6NIZ1
P01116	P10114
P01116	O14807
P01116	P11234
P01116	P11233
P01116	Q99578
P01116	Q92963
P01116	O95057
P01116	Q96HU8
P01116	O95661
P01116	Q96A58
P48146	P48146
P48146	P48145
Q96NZ8	Q96NZ8
Q96NZ8	Q8TEU8
P23511	P23511
Q68CZ1	Q68CZ1
Q8N100	Q8N100
Q6UWY0	Q6UWY0
Q9BQI3	Q9BQI3
Q9NYV6	Q9NYV6
Q8NEF9	Q8NEF9
Q9Y217	Q9Y217
Q16270	Q16270
O95168	O95168
O75165	O75165
Q96DB2	Q96DB2
O95600	O95600
Q8N446	Q8N446
P32320	P32320
Q96P56	Q96P56
Q9Y388	Q9Y388
Q13569	Q13569
P32321	P32321
Q9C004	Q9C004
Q9C004	O43609
Q16595	Q16595
Q9BTA9	Q9BTA9
Q8NEY8	Q8NEY8
O75159	O75159
P23219	P23219
P23219	P35354
P53804	P53804
Q9H9F9	Q9H9F9
P18858	P18858
Q6ISB3	Q6ISB3
Q6ISB3	Q8TE85
Q9BQT9	Q9BQT9
Q9BQT9	O94985
O00584	O00584
O43612	O43612
P12872	P12872
P17022	P17022
P49771	P49771
P27707	P27707
P27707	Q16854
Q9NX95	Q9NX95
O95158	O95158
O75093	O75093
O75093	O75094
O75093	O94813
Q5JTC6	Q5JTC6
O15391	O15391
O15391	P25490
Q9UKB3	Q9UKB3
C9J2P7	C9J2P7
C9J2P7	D6RCP7
C9J2P7	Q0WX57
C9J2P7	Q7RTZ2
C9J2P7	D6RA61
C9J2P7	D6RJB6
C9J2P7	C9JVI0
C9J2P7	D6R901
C9J2P7	A8MUK1
C9J2P7	C9JPN9
C9J2P7	D6RBQ6
C9J2P7	C9JJH3
C9J2P7	D6R9N7
C9J2P7	A6NCW0
C9J2P7	C9JLJ4
Q8WUY9	Q8WUY9
Q9BXC9	Q9BXC9
Q9NYP9	Q9NYP9
Q9H1Q7	Q9H1Q7
P49588	P49588
P49588	Q5JTZ9
Q8WYK2	Q8WYK2
Q8WYK2	P18847
Q6ZWH5	Q6ZWH5
Q8IVF6	Q8IVF6
Q8IVF6	A2A2Z9
Q6NZ36	Q6NZ36
A8K855	A8K855
Q8NCB2	Q8NCB2
Q8TEV9	Q8TEV9
Q8N5C8	Q8N5C8
Q9Y278	Q9Y278
Q9Y278	Q9Y663
Q9Y625	Q9Y625
Q9Y625	P35052
Q9Y625	O75487
Q9Y625	Q8N158
Q8TC57	Q8TC57
Q8WWN8	Q8WWN8
Q8N6Y2	Q8N6Y2
Q9GZU1	Q9GZU1
Q9GZU1	Q8TDD5
Q9GZU1	Q8IZK6
Q8NCF5	Q8NCF5
P47224	P47224
Q96G46	Q96G46
O00462	O00462
Q14197	Q14197
Q13356	Q13356
Q96I59	Q96I59
A2A3K4	A2A3K4
Q8N9V6	Q8N9V6
Q9Y448	Q9Y448
O75626	O75626
Q96FZ7	Q96FZ7
Q14139	Q14139
Q16828	Q16828
Q16828	Q16829
Q16828	Q99956
Q9UIG0	Q9UIG0
Q9ULW0	Q9ULW0
P36406	P36406
P30519	P30519
Q99755	Q99755
Q99755	O60331
P11217	P11217
P11217	P11216
P11217	P06737
P78545	P78545
Q9BUQ8	Q9BUQ8
Q00266	Q00266
Q00266	P31153
Q9Y6H1	Q9Y6H1
Q05BQ5	Q05BQ5
Q05BQ5	Q969R5
Q5TC12	Q5TC12
Q13510	Q13510
Q9HB21	Q9HB21
P42695	P42695
Q9BZH6	Q9BZH6
Q96B26	Q96B26
Q9UKX2	Q9UKX2
Q9UKX2	Q9Y623
Q9UKX2	P13535
Q9UKX2	P13533
Q9UKX2	P12883
Q9UKX2	Q9UKX3
Q9UKX2	P12882
Q9UKX2	Q9Y2K3
Q9UKX2	A7E2Y1
Q8IZU8	Q8IZU8
Q9Y2H9	Q9Y2H9
Q9Y2H9	Q6P0Q8
Q2KHT4	Q2KHT4
Q13232	Q13232
Q13232	O00746
Q13232	P15531
Q13232	P22392
Q9UNA3	Q9UNA3
O94913	O94913
Q9P2X0	Q9P2X0
Q9BWT1	Q9BWT1
P49755	P49755
Q9UDX5	Q9UDX5
Q13794	Q13794
Q96JN8	Q96JN8
Q969H8	Q969H8
Q9P2I0	Q9P2I0
Q86U38	Q86U38
Q9UKV0	Q9UKV0
Q9UKV0	Q8WUI4
Q9UKV0	P56524
Q9UKV0	Q9UQL6
Q8N5Y8	Q8N5Y8
Q99618	Q99618
Q9UBB5	Q9UBB5
Q9H074	Q9H074
Q08380	Q08380
Q92878	Q92878
O14653	O14653
O60437	O60437
P10074	P10074
Q07157	Q07157
P22695	P22695
Q3T906	Q3T906
Q14980	Q14980
Q8TBZ5	Q8TBZ5
Q8TBZ5	Q9UJL9
Q8TBZ5	Q49AA0
Q8TBZ5	Q8N9F8
Q8TBZ5	Q96ND8
Q8TBZ5	Q8TF47
Q8TBZ5	Q8NDQ6
Q8TBZ5	P17039
Q8TBZ5	O75290
Q8TBZ5	Q8N141
Q8TBZ5	Q9HCL3
Q8TBZ5	Q9Y2G7
Q8TBZ5	Q9UK13
Q8TBZ5	Q9NZL3
Q8TBZ5	Q12901
Q8TBZ5	Q14588
Q8TBZ5	Q8N9K5
Q8TBZ5	Q8TAF7
Q8TBZ5	Q494X3
Q8TBZ5	O75820
Q9Y3I0	Q9Y3I0
P53999	P53999
Q09028	Q09028
Q09028	Q16576
Q9H6S0	Q9H6S0
P11387	P11387
Q9Y4L1	Q9Y4L1
Q9P0U3	Q9P0U3
Q8NFJ5	Q8NFJ5
P00390	P00390
P62314	P62314
O75534	O75534
Q92839	Q92839
Q8N2S1	Q8N2S1
Q5SW79	Q5SW79
Q8N2W9	Q8N2W9
P0C0L5	P0C0L5
P0C0L5	P0C0L4
A5PLL7	A5PLL7
Q96PM5	Q96PM5
P10599	P10599
Q9UKM7	Q9UKM7
P17844	P17844
P17844	Q92841
Q9UPT5	Q9UPT5
P82932	P82932
Q9HBG7	Q9HBG7
P38936	P38936
O43557	O43557
Q9UMX0	Q9UMX0
Q9UMX0	Q9UHD9
Q9UMX0	Q9NRR5
Q6ZUT1	Q6ZUT1
Q9NPL8	Q9NPL8
Q86XT2	Q86XT2
P50749	P50749
Q86X40	Q86X40
O14737	O14737
Q9C0D2	Q9C0D2
Q9Y223	Q9Y223
Q9NPC1	Q9NPC1
Q96E16	Q96E16
Q96C55	Q96C55
Q16739	Q16739
P09488	P09488
P09488	P21266
P09488	P46439
P09488	P28161
P09488	Q03013
Q8IY82	Q8IY82
Q9BQK8	Q9BQK8
Q9BQK8	Q92539
P50553	P50553
Q5TCY1	Q5TCY1
Q2M1P5	Q2M1P5
Q2M1P5	Q86VH2
P13945	P13945
P13945	P08588
P55008	P55008
P55008	Q9BQI0
Q9P243	Q9P243
P25942	P25942
Q9H4Z2	Q9H4Z2
P40424	P40424
P40424	P40426
Q8IYM0	Q8IYM0
Q8N9A8	Q8N9A8
Q9H015	Q9H015
Q9H015	O76082
Q99645	Q99645
Q99645	Q9UBM4
Q695T7	Q695T7
Q695T7	Q9H1V8
Q695T7	Q9H2J7
Q9UBF9	Q9UBF9
Q8N9N2	Q8N9N2
P27918	P27918
Q9UQN3	Q9UQN3
Q8IZS8	Q8IZS8
Q8IZS8	Q7Z3S7
Q9H792	Q9H792
O43736	O43736
O43736	Q9Y287
O43736	Q9NQX7
Q99584	Q99584
Q99584	Q9HCY8
Q96PE2	Q96PE2
Q9NP08	Q9NP08
Q6P444	Q6P444
P47928	P47928
P47928	P41134
P47928	Q02363
Q9NQI0	Q9NQI0
Q05215	Q05215
Q8NFF5	Q8NFF5
Q96K78	Q96K78
O43781	O43781
O43781	Q92630
P23582	P23582
Q9H0C5	Q9H0C5
Q9H0C5	Q9BX70
Q07507	Q07507
Q9NRM7	Q9NRM7
Q9NRM7	O95835
Q7Z7K2	Q7Z7K2
Q15782	Q15782
Q15782	P36222
Q15782	Q9BZP6
Q8IZP9	Q8IZP9
Q9UKA9	Q9UKA9
Q9UKA9	O95758
Q6PCB8	Q6PCB8
P11487	P11487
Q9Y2B5	Q9Y2B5
O95218	O95218
Q5U3C3	Q5U3C3
Q9BRU9	Q9BRU9
Q96AP7	Q96AP7
Q99788	Q99788
Q70HW3	Q70HW3
O14931	O14931
Q6SZW1	Q6SZW1
Q5TB80	Q5TB80
Q13591	Q13591
Q76FK4	Q76FK4
Q9NYJ7	Q9NYJ7
Q15669	Q15669
P16562	P16562
Q96JE9	Q96JE9
Q9UKU7	Q9UKU7
P20933	P20933
Q9Y2P7	Q9Y2P7
Q9Y2P7	Q6P9A3
Q9Y2P7	Q8TAU3
Q9Y2P7	Q96SQ5
Q9Y2P7	Q8TF45
Q9Y2P7	Q68DI1
Q9Y2P7	O43361
Q9Y2P7	P52740
Q9Y2P7	P17021
Q9Y2P7	Q3KQV3
Q9Y2P7	Q6P9A1
Q9Y2P7	Q9BWM5
Q9Y2P7	Q8NEK5
Q9Y2P7	Q3SY52
Q9Y2P7	Q13398
Q9Y2P7	Q9HCX3
Q6ZS94	Q6ZS94
P30203	P30203
Q9Y5P8	Q9Y5P8
Q8N0V5	Q8N0V5
P28221	P28221
P28221	P28222
P28221	P28566
P28221	P30939
P28221	P08908
A4D1U4	A4D1U4
P58173	P58173
P58173	Q8NGL6
P58173	Q8NHA4
P58173	P58170
P15814	P15814
P15814	B9A064
A0A087X179	A0A087X179
A0A087X179	Q8IZP1
A0A087X179	Q6IPX1
A0A087X179	A0A087WVF3
Q12891	Q12891
Q9P272	Q9P272
Q8IWY8	Q8IWY8
Q8IWY8	P17040
Q8IWY8	Q63HK3
Q3MJ62	Q3MJ62
Q3MJ62	P17028
Q3MJ62	Q9Y5A6
Q3MJ62	Q96N95
Q3MJ62	Q9H4T2
Q3MJ62	Q9UNY5
Q3MJ62	P49910
Q9UJQ4	Q9UJQ4
Q9ULQ0	Q9ULQ0
Q9ULQ0	Q5VSL9
Q99684	Q99684
Q16552	Q16552
Q96DZ5	Q96DZ5
A6NHZ5	A6NHZ5
Q8NB90	Q8NB90
Q12864	Q12864
Q5T890	Q5T890
Q9H269	Q9H269
H7BZ55	H7BZ55
Q8IWL2	Q8IWL2
Q9NYN1	Q9NYN1
Q9H061	Q9H061
P42773	P42773
Q8IZ02	Q8IZ02
Q9BX73	Q9BX73
Q96D53	Q96D53
Q7Z333	Q7Z333
Q9GZQ4	Q9GZQ4
Q9NSD7	Q9NSD7
Q16821	Q16821
Q96NR8	Q96NR8
Q96NR8	Q8TC12
Q96NR8	Q8NBN7
Q96NR8	Q6UX07
Q96NR8	Q9HBH5
Q7Z736	Q7Z736
Q8WWU5	Q8WWU5
Q8WWU5	Q9NUJ3
Q9ULA0	Q9ULA0
Q66GS9	Q66GS9
P24071	P24071
Q7Z410	Q7Z410
O95926	O95926
Q9HCN3	Q9HCN3
Q86XR8	Q86XR8
Q9H479	Q9H479
Q9H479	Q9HA64
Q7Z2X4	Q7Z2X4
Q99797	Q99797
Q9UI47	Q9UI47
Q9UI47	P35221
Q9UI47	P26232
O15078	O15078
Q9Y4Z0	Q9Y4Z0
P41271	P41271
O94991	O94991
Q9BWJ5	Q9BWJ5
Q6NT52	Q6NT52
Q15398	Q15398
P60893	P60893
P60893	Q9NS66
P60893	Q9NS67
Q9NSI6	Q9NSI6
Q9NZJ0	Q9NZJ0
P20061	P20061
O95965	O95965
Q9H832	Q9H832
P07204	P07204
Q9H094	Q9H094
Q04446	Q04446
Q86YR5	Q86YR5
Q8NEE8	Q8NEE8
Q9GZN8	Q9GZN8
Q8N6V9	Q8N6V9
Q8NI51	Q8NI51
Q8NI51	P49711
Q3SYC2	Q3SYC2
Q3SYC2	Q96PD7
Q15572	Q15572
Q9Y5T5	Q9Y5T5
O60831	O60831
O60831	O75915
Q6UXH1	Q6UXH1
P57772	P57772
Q99569	Q99569
Q99569	Q9UQB3
Q9UQ80	Q9UQ80
Q68G74	Q68G74
Q68G74	Q9UPM6
Q05513	Q05513
Q05513	P41743
P62847	P62847
Q96CX2	Q96CX2
O76050	O76050
Q8IZJ1	Q8IZJ1
Q8IZJ1	O95185
Q8IZJ1	Q6ZN44
Q8IZJ1	Q6UXZ4
Q6ICI0	Q6ICI0
P28340	P28340
P51665	P51665
Q9NRC1	Q9NRC1
Q96A57	Q96A57
P62841	P62841
Q9UEG4	Q9UEG4
P42166	P42166
Q9BWD1	Q9BWD1
Q9BWD1	P24752
Q9BWD1	P09110
Q9BWD1	P42765
Q9NZN5	Q9NZN5
P36957	P36957
Q96JB5	Q96JB5
Q9BVG8	Q9BVG8
Q9UHF1	Q9UHF1
Q2M2I5	Q2M2I5
Q2M2I5	Q7Z3Y8
Q2M2I5	O76013
Q2M2I5	Q92764
Q2M2I5	Q14525
Q2M2I5	Q6A163
Q2M2I5	Q14532
Q2M2I5	Q15323
Q2M2I5	P35527
Q2M2I5	P13646
Q2M2I5	P19012
Q2M2I5	P13645
Q2M2I5	P08779
Q2M2I5	P02533
Q2M2I5	P08727
Q2M2I5	Q04695
Q2M2I5	P05783
Q9NUL3	Q9NUL3
Q9NUL3	O95793
P98066	P98066
Q13595	Q13595
Q13595	P62995
Q9NXF7	Q9NXF7
Q9NUU6	Q9NUU6
Q9UBS8	Q9UBS8
Q5W0B1	Q5W0B1
P84098	P84098
Q96RP9	Q96RP9
Q01534	Q01534
Q16514	Q16514
P62952	P62952
Q14108	Q14108
O95470	O95470
Q13526	Q13526
Q5JTH9	Q5JTH9
Q9BT25	Q9BT25
Q86YL7	Q86YL7
P14902	P14902
Q8TBM7	Q8TBM7
P48060	P48060
Q92665	Q92665
O00471	O00471
O15164	O15164
O15164	Q9UPN9
Q9BT67	Q9BT67
O14613	O14613
O14613	Q9UKI2
Q9UIA9	Q9UIA9
Q13438	Q13438
Q15397	Q15397
O14867	O14867
Q00765	Q00765
Q00765	Q96HR9
Q13111	Q13111
O95602	O95602
O15527	O15527
P02786	P02786
Q9ULH0	Q9ULH0
Q9BXX2	Q9BXX2
Q9BXX2	Q9BXX3
Q9H3K2	Q9H3K2
P18827	P18827
Q96EE3	Q96EE3
Q96JB2	Q96JB2
Q9H446	Q9H446
P35813	P35813
P35813	Q8N819
P24864	P24864
Q8IVS8	Q8IVS8
Q92685	Q92685
Q9UEW3	Q9UEW3
A6NCC3	A6NCC3
A6NCC3	Q9NYA3
A6NCC3	A6NDK9
A6NCC3	P0CG33
A6NCC3	A6NDN3
O75489	O75489
Q9P0J7	Q9P0J7
O95405	O95405
O75521	O75521
Q13363	Q13363
Q13363	P56545
Q14669	Q14669
Q2M3G4	Q2M3G4
Q9NP74	Q9NP74
P10620	P10620
O43809	O43809
Q8N8U9	Q8N8U9
Q15573	Q15573
O75127	O75127
Q9UI14	Q9UI14
Q63HM2	Q63HM2
P04118	P04118
Q9Y224	Q9Y224
P29558	P29558
P29558	Q15434
Q5QGZ9	Q5QGZ9
P28331	P28331
P09871	P09871
P07339	P07339
P07339	P00797
P07339	P14091
P07339	P20142
P07339	P0DJD7
O00400	O00400
O15432	O15432
Q9UHH9	Q9UHH9
Q9UHH9	Q92551
Q9NPA0	Q9NPA0
O14776	O14776
Q6P3W7	Q6P3W7
Q8IYX8	Q8IYX8
Q6NT76	Q6NT76
Q9H2Y7	Q9H2Y7
P49720	P49720
O14646	O14646
O14646	O14647
Q9ULR0	Q9ULR0
O75414	O75414
P17861	P17861
P12956	P12956
O60869	O60869
Q9H334	Q9H334
Q9H334	Q8IVH2
Q9H334	O15409
P30419	P30419
P30419	O60551
O75352	O75352
Q99873	Q99873
Q99873	Q9NR22
P28066	P28066
P55916	P55916
P55916	P25874
P55916	P55851
Q9Y3D9	Q9Y3D9
Q6P2E9	Q6P2E9
Q9H9D4	Q9H9D4
P30044	P30044
O75817	O75817
Q99536	Q99536
Q8TD31	Q8TD31
O95456	O95456
O00483	O00483
Q8NHQ9	Q8NHQ9
Q12933	Q12933
P04075	P04075
P04075	P05062
P19876	P19876
P19876	P19875
P19876	P09341
P19876	P02776
P19876	P10720
P19876	P80162
P19876	P42830
P82675	P82675
Q8N129	Q8N129
P56537	P56537
Q04864	Q04864
Q9HB63	Q9HB63
Q8TD10	Q8TD10
Q14703	Q14703
Q16763	Q16763
Q16637	Q16637
P00439	P00439
Q6UY11	Q6UY11
Q15545	Q15545
A5YKK6	A5YKK6
Q96Q11	Q96Q11
Q15059	Q15059
Q15059	P25440
P41240	P41240
P41240	P42679
Q2NKX8	Q2NKX8
Q8N567	Q8N567
Q8WVN8	Q8WVN8
Q9Y693	Q9Y693
Q96I23	Q96I23
O15156	O15156
O15156	O95365
Q96B21	Q96B21
Q96B21	Q9NWC5
O43933	O43933
Q9BUA6	Q9BUA6
Q8TC26	Q8TC26
Q9H2C1	Q9H2C1
Q96SZ4	Q96SZ4
Q9H3Y6	Q9H3Y6
Q9H3Y6	P07948
Q9H3Y6	P07947
Q9H3Y6	P12931
Q9H3Y6	P09769
Q9H3Y6	P06241
Q9H3Y6	Q13882
Q9H3Y6	P51451
Q9H3Y6	P06239
Q9H3Y6	P08631
Q96QD5	Q96QD5
P81172	P81172
O95239	O95239
O95239	Q2VIQ3
Q9GZS1	Q9GZS1
Q8N693	Q8N693
Q9BXY0	Q9BXY0
Q8IXH8	Q8IXH8
Q9HCK1	Q9HCK1
Q5SQ80	Q5SQ80
Q5SQ80	Q5VUR7
Q5SQ80	Q4UJ75
Q5SQ80	Q5TYW2
A2RU48	A2RU48
P22033	P22033
P57739	P57739
O95243	O95243
P00374	P00374
P00374	Q86XF0
P02656	P02656
Q9ULU4	Q9ULU4
Q6ZNC8	Q6ZNC8
Q6ZNC8	Q6ZWT7
Q92949	Q92949
Q8WXG6	Q8WXG6
Q13905	Q13905
O75379	O75379
P20749	P20749
Q02083	Q02083
Q9P1Q0	Q9P1Q0
P01584	P01584
Q05707	Q05707
Q3MIR4	Q3MIR4
Q3MIR4	Q9NV96
Q96FT9	Q96FT9
Q96MY7	Q96MY7
Q9NX47	Q9NX47
O14810	O14810
Q05932	Q05932
P40337	P40337
Q53EV4	Q53EV4
P21953	P21953
Q9BV73	Q9BV73
O60637	O60637
Q8IZC7	Q8IZC7
Q8IZC7	Q7L945
Q8IZC7	P52737
Q8IZC7	Q8NDP4
Q8IZC7	Q8IYI8
Q8IZC7	Q0D2J5
Q8IZC7	P17024
Q8IZC7	C9JN71
Q8IZC7	Q15973
Q8IZC7	Q9BS34
Q8IZC7	Q8TA94
Q9NQ69	Q9NQ69
Q9NQ69	P50458
Q5JTY5	Q5JTY5
Q5JTY5	Q9BRT8
Q5JTY5	Q4V339
Q5JTY5	Q5RIA9
Q5JTY5	Q8IUF1
Q9NZU5	Q9NZU5
Q9NZU5	Q9UGI8
P78382	P78382
P78382	P78381
Q96L14	Q96L14
Q5TB30	Q5TB30
Q8N485	Q8N485
Q8IZN3	Q8IZN3
P21917	P21917
Q32NC0	Q32NC0
Q8WVC0	Q8WVC0
Q8TCD1	Q8TCD1
Q93074	Q93074
Q86Z20	Q86Z20
Q9HCB6	Q9HCB6
Q99551	Q99551
O43299	O43299
Q8NAF0	Q8NAF0
P16118	P16118
P16118	O60825
P16118	Q16875
Q8N0Z9	Q8N0Z9
P31994	P31994
P31994	P12318
O00142	O00142
Q9UI17	Q9UI17
Q8TET4	Q8TET4
Q8TET4	Q14697
Q99685	Q99685
Q9P021	Q9P021
Q9NP31	Q9NP31
Q6ZNE5	Q6ZNE5
Q9H9S5	Q9H9S5
Q6UWB4	Q6UWB4
Q8IVQ6	Q8IVQ6
Q9NQS7	Q9NQS7
Q8TF46	Q8TF46
Q8WV41	Q8WV41
Q8WV41	Q96RF0
Q8IV48	Q8IV48
Q9NWA0	Q9NWA0
Q6DRA6	Q6DRA6
Q6DRA6	Q6DN03
O94762	O94762
Q9Y6J0	Q9Y6J0
P45985	P45985
O75449	O75449
Q5VYY1	Q5VYY1
O00193	O00193
O15375	O15375
O43638	O43638
O43638	Q12952
Q68CL5	Q68CL5
P49842	P49842
Q3LXA3	Q3LXA3
Q14213	Q14213
Q8IWW8	Q8IWW8
O15090	O15090
Q13641	Q13641
O76074	O76074
P28332	P28332
P28332	P07327
P28332	P11766
Q8N4S9	Q8N4S9
P61328	P61328
P23352	P23352
P57054	P57054
P16519	P16519
P16519	P29120
P0DJI9	P0DJI9
P0DJI9	P0DJI8
Q92772	Q92772
Q92772	Q8IVW4
Q99728	Q99728
O75618	O75618
O75618	Q8WXF8
P50406	P50406
Q92636	Q92636
Q86XS8	Q86XS8
Q8N6L7	Q8N6L7
Q5VZE5	Q5VZE5
Q8N393	Q8N393
P09693	P09693
P78345	P78345
Q14BN4	Q14BN4
Q9GZN0	Q9GZN0
P48634	P48634
Q96DX7	Q96DX7
P00540	P00540
Q5MNZ9	Q5MNZ9
Q5MNZ9	Q9Y4P8
Q86UD1	Q86UD1
P0DJD3	P0DJD3
P0DJD3	Q15415
A6NHY2	A6NHY2
Q96CB8	Q96CB8
P05976	P05976
P05976	P14649
P05976	P12829
P05976	P08590
P22079	P22079
P22079	P11678
P22079	P05164
A6NIV6	A6NIV6
Q9P1Z3	Q9P1Z3
Q9P1Z3	Q9UL51
O95178	O95178
Q2KHM9	Q2KHM9
Q96IK0	Q96IK0
O95479	O95479
Q7L7V1	Q7L7V1
Q7L7V1	Q8TE96
Q9UEF7	Q9UEF7
O75319	O75319
P35610	P35610
P10746	P10746
P31025	P31025
P62891	P62891
P62891	Q96EH5
P62891	Q59GN2
P48201	P48201
Q9GZV8	Q9GZV8
Q15326	Q15326
Q7Z3C6	Q7Z3C6
O60565	O60565
Q14137	Q14137
O14523	O14523
Q96JW4	Q96JW4
Q4G0N8	Q4G0N8
Q9BXL7	Q9BXL7
P62851	P62851
Q8TDI0	Q8TDI0
Q8TDI0	Q14839
Q8TDI0	Q12873
Q96PD2	Q96PD2
P47974	P47974
Q07065	Q07065
Q92831	Q92831
Q92831	Q92830
Q96JH8	Q96JH8
O75110	O75110
O75110	O43861
Q9NYR9	Q9NYR9
Q14596	Q14596
P53801	P53801
Q9C0C7	Q9C0C7
Q96EE4	Q96EE4
Q96AA3	Q96AA3
Q96MD7	Q96MD7
Q13951	Q13951
Q96EB1	Q96EB1
O43278	O43278
Q9BZF9	Q9BZF9
P49450	P49450
Q9P0K7	Q9P0K7
P03905	P03905
P30520	P30520
P63272	P63272
Q9NW13	Q9NW13
Q9P246	Q9P246
P10636	P10636
P09234	P09234
Q15543	Q15543
Q9BSF4	Q9BSF4
Q6IBW4	Q6IBW4
Q9NPE3	Q9NPE3
Q9P0M6	Q9P0M6
Q8NBS9	Q8NBS9
O60896	O60896
Q63ZY3	Q63ZY3
Q96CN7	Q96CN7
Q9UBM7	Q9UBM7
Q15582	Q15582
P22362	P22362
P56385	P56385
Q08050	Q08050
Q8TBZ3	Q8TBZ3
Q8TBZ3	Q09019
P49336	P49336
P49336	Q9BWU1
Q9NP58	Q9NP58
P30047	P30047
P09486	P09486
P52655	P52655
Q7Z6G3	Q7Z6G3
P27708	P27708
Q14973	Q14973
O95197	O95197
Q93099	Q93099
Q9HCM4	Q9HCM4
Q6P9B6	Q6P9B6
Q9ULD2	Q9ULD2
Q8N9I9	Q8N9I9
Q9BT09	Q9BT09
O75095	O75095
Q9GZL7	Q9GZL7
O60930	O60930
Q9H2X6	Q9H2X6
Q9H2X6	Q9H422
Q9H2X6	Q86Z02
Q8IZ81	Q8IZ81
P62753	P62753
Q96PU5	Q96PU5
P08581	P08581
Q8TEW0	Q8TEW0
Q6UUV7	Q6UUV7
O00422	O00422
Q8IV53	Q8IV53
Q9NRA1	Q9NRA1
Q9NRA1	Q9GZP0
Q9BWX1	Q9BWX1
Q3MHD2	Q3MHD2
Q96AT9	Q96AT9
Q96AT9	Q2QD12
Q13207	Q13207
Q13207	O15119
Q5TIA1	Q5TIA1
Q9Y328	Q9Y328
P00450	P00450
P00450	Q9BQS7
Q9H7U1	Q9H7U1
Q7Z628	Q7Z628
O14795	O14795
O14795	Q9UPW8
Q9Y215	Q9Y215
P24530	P24530
Q8WYH8	Q8WYH8
O95696	O95696
O95696	P55201
O95696	Q9ULD4
Q96AP0	Q96AP0
Q9BY71	Q9BY71
Q9BY71	A6NJW4
Q9BY71	Q96PB8
O15239	O15239
Q96JL9	Q96JL9
Q6P988	Q6P988
O76039	O76039
O43353	O43353
P20823	P20823
P30414	P30414
Q96JG8	Q96JG8
P61266	P61266
P61266	Q16623
P61266	P32856
P61266	Q12846
P61266	Q13277
Q8TAG9	Q8TAG9
Q8TAG9	Q9Y2D4
P53602	P53602
Q9Y5Y7	Q9Y5Y7
Q8NB78	Q8NB78
Q9NWZ3	Q9NWZ3
Q9NS87	Q9NS87
Q96BY7	Q96BY7
Q14232	Q14232
O15063	O15063
O75420	O75420
P08697	P08697
Q14676	Q14676
Q9BT17	Q9BT17
P51636	P51636
Q9ULL5	Q9ULL5
Q5VZB9	Q5VZB9
Q9UKA8	Q9UKA8
Q00537	Q00537
Q00537	Q00536
Q00537	Q07002
Q5W0V3	Q5W0V3
Q9Y4Y9	Q9Y4Y9
Q9HAD4	Q9HAD4
Q03701	Q03701
Q86W26	Q86W26
Q9NPI8	Q9NPI8
Q9BYP7	Q9BYP7
P25105	P25105
A1KZ92	A1KZ92
A1KZ92	Q92626
Q9ULD5	Q9ULD5
P02655	P02655
Q9Y458	Q9Y458
O43312	O43312
Q6ZN28	Q6ZN28
Q6ZN28	Q9P0V3
Q86W54	Q86W54
P28067	P28067
O14976	O14976
Q9H8T0	Q9H8T0
Q495A1	Q495A1
Q99612	Q99612
Q99612	O75840
P42898	P42898
Q9UBC0	Q9UBC0
Q16558	Q16558
P48023	P48023
Q8IZH2	Q8IZH2
Q15363	Q15363
Q8N5N7	Q8N5N7
Q9H902	Q9H902
O95229	O95229
P57078	P57078
O75891	O75891
O75891	Q3SY69
Q14019	Q14019
Q8IWA0	Q8IWA0
Q15006	Q15006
Q9Y371	Q9Y371
Q9Y371	Q9NR46
Q05D60	Q05D60
Q5VWQ0	Q5VWQ0
Q71SY5	Q71SY5
O75964	O75964
Q9C075	Q9C075
Q9C075	P35900
P56182	P56182
O14933	O14933
Q13886	Q13886
Q13886	Q9Y2Y9
Q9BXK1	Q9BXK1
O95190	O95190
Q6NYC8	Q6NYC8
Q9Y2T2	Q9Y2T2
Q9Y6C9	Q9Y6C9
Q9P015	Q9P015
Q8WVQ1	Q8WVQ1
Q7Z3T8	Q7Z3T8
P11274	P11274
Q8IZ69	Q8IZ69
P04406	P04406
P04406	O14556
P62917	P62917
Q9BXU7	Q9BXU7
Q9BXU7	Q9HBJ7
P07766	P07766
Q7L804	Q7L804
P15954	P15954
Q8NC67	Q8NC67
O75886	O75886
O75886	Q92783
Q99471	Q99471
O94898	O94898
O94898	Q6UXM1
O94898	Q96JA1
P57105	P57105
P52435	P52435
P00414	P00414
Q7L211	Q7L211
Q9NRX5	Q9NRX5
Q9NRX5	Q13530
Q9BZL4	Q9BZL4
P40692	P40692
Q9NZF1	Q9NZF1
Q9UM13	Q9UM13
O95971	O95971
Q17RY0	Q17RY0
Q12968	Q12968
Q7Z7L7	Q7Z7L7
Q96DA0	Q96DA0
P15514	P15514
Q9UBQ7	Q9UBQ7
Q10588	Q10588
Q92922	Q92922
Q92922	Q8TAQ2
Q9H1A3	Q9H1A3
Q14542	Q14542
Q14542	Q99808
Q9Y2I1	Q9Y2I1
O43825	O43825
Q96EA4	Q96EA4
Q86UW2	Q86UW2
O43324	O43324
Q8NEW0	Q8NEW0
O75354	O75354
Q7L2J0	Q7L2J0
P49585	P49585
P49585	Q9Y5K3
Q96J86	Q96J86
Q6ZRI6	Q6ZRI6
Q7Z6W7	Q7Z6W7
Q7Z6W7	O75190
Q9H3N8	Q9H3N8
Q8TBE0	Q8TBE0
Q9UNT1	Q9UNT1
Q9UNT1	Q9UBK7
Q8N8A6	Q8N8A6
P01213	P01213
P19086	P19086
P19086	Q03113
P19086	P09471
P19086	P04899
P19086	A8MTJ3
P19086	P19087
P19086	Q14344
P19086	P50148
P19086	P29992
P19086	P30679
Q9BUV8	Q9BUV8
Q96QE3	Q96QE3
O43681	O43681
O43602	O43602
P12755	P12755
Q9BXT6	Q9BXT6
Q5T5X7	Q5T5X7
Q9NYL5	Q9NYL5
P48552	P48552
Q5T7V8	Q5T7V8
Q9Y333	Q9Y333
P15169	P15169
P15169	P16870
Q9UBJ2	Q9UBJ2
Q9UBJ2	P33897
P32314	P32314
Q9C0K3	Q9C0K3
O95711	O95711
Q6NW34	Q6NW34
Q96A83	Q96A83
Q9UPQ8	Q9UPQ8
Q49AM1	Q49AM1
Q2VPA4	Q2VPA4
Q96L15	Q96L15
O95450	O95450
A6NGB7	A6NGB7
A8MUP2	A8MUP2
Q96JP0	Q96JP0
Q96JP0	Q9BSK4
Q96JP0	Q9UK73
P06133	P06133
P06133	Q9HAW7
P06133	P22309
P06133	O60656
P06133	P19224
P19544	P19544
P17542	P17542
Q9NRP7	Q9NRP7
Q9Y275	Q9Y275
Q9Y5Q5	Q9Y5Q5
Q4G0M1	Q4G0M1
Q8IWT0	Q8IWT0
P48637	P48637
Q96A19	Q96A19
Q96T92	Q96T92
P21283	P21283
P21283	Q8NEY4
F8WCM5	F8WCM5
P82979	P82979
Q6GPH4	Q6GPH4
O75936	O75936
O95206	O95206
Q15116	Q15116
Q9BY19	Q9BY19
Q8TDY2	Q8TDY2
Q9Y574	Q9Y574
Q9GZU8	Q9GZU8
Q6UXN9	Q6UXN9
O94829	O94829
P01571	P01571
P01571	P32881
P01571	P05014
P01571	P01570
P01571	P01566
P01571	P01562
Q5T619	Q5T619
P15172	P15172
O75715	O75715
O95125	O95125
Q96NL6	Q96NL6
Q9NQZ7	Q9NQZ7
Q9NQZ7	Q9Y227
A6NGH8	A6NGH8
Q6P5X7	Q6P5X7
Q86YM7	Q86YM7
Q86YM7	Q9NSC5
P14410	P14410
Q9UBL3	Q9UBL3
A5PKW4	A5PKW4
P31146	P31146
P31146	Q9ULV4
P31146	Q9BR76
P31146	Q9UQ03
P31146	Q92828
Q9BQ95	Q9BQ95
Q86W24	Q86W24
Q69YN4	Q69YN4
P54845	P54845
Q7Z5L9	Q7Z5L9
Q9Y6K8	Q9Y6K8
Q8ND24	Q8ND24
Q8TDR0	Q8TDR0
Q9Y239	Q9Y239
Q8NEC7	Q8NEC7
P24298	P24298
P24298	Q8TD30
P58012	P58012
Q9P2L0	Q9P2L0
Q96K75	Q96K75
P49758	P49758
Q9NWS0	Q9NWS0
Q5JRV8	Q5JRV8
Q5THR3	Q5THR3
Q6IN85	Q6IN85
Q6IN85	Q5MIZ7
O95751	O95751
Q13562	Q13562
Q8NI77	Q8NI77
Q8IVG5	Q8IVG5
Q8IVG5	Q5K651
Q8IV61	Q8IV61
Q8IV61	O95267
Q8IV61	Q8TDF6
Q16566	Q16566
Q8NDX6	Q8NDX6
Q96S37	Q96S37
Q96S37	Q4U2R8
Q96S37	Q8TCC7
Q96S37	Q8IVM8
Q96S37	A6NK97
Q03393	Q03393
O95785	O95785
Q9HB90	Q9HB90
Q5TA89	Q5TA89
P28906	P28906
P11801	P11801
Q8IYG6	Q8IYG6
Q9BQ52	Q9BQ52
Q9P2K6	Q9P2K6
Q6B0I6	Q6B0I6
Q9NQC8	Q9NQC8
Q16549	Q16549
Q2NL68	Q2NL68
Q9UBK2	Q9UBK2
Q8WTR2	Q8WTR2
P17020	P17020
P17020	Q7Z340
A4D126	A4D126
O60296	O60296
Q6UWB1	Q6UWB1
Q5BIV9	Q5BIV9
Q9Y6R4	Q9Y6R4
Q8WUQ7	Q8WUQ7
Q6PCD5	Q6PCD5
O14788	O14788
Q00994	Q00994
Q00994	Q5H9J7
Q00994	Q9NWD9
Q13536	Q13536
Q9NR34	Q9NR34
Q9NR34	O60476
Q9NR34	P33908
Q8TD07	Q8TD07
Q2WEN9	Q2WEN9
Q93070	Q93070
Q5T601	Q5T601
P18510	P18510
Q8IY22	Q8IY22
Q96PM9	Q96PM9
Q9Y6K1	Q9Y6K1
Q9BZE0	Q9BZE0
P57796	P57796
Q9UDV6	Q9UDV6
Q9Y251	Q9Y251
Q9Y251	Q8WWQ2
P09669	P09669
Q6PIW4	Q6PIW4
Q6IBS0	Q6IBS0
Q6IBS0	Q12792
Q9Y2W3	Q9Y2W3
Q7L3V2	Q7L3V2
Q9Y6M9	Q9Y6M9
O43653	O43653
P08235	P08235
Q8NFZ8	Q8NFZ8
P02774	P02774
Q96QB1	Q96QB1
Q92530	Q92530
P07305	P07305
Q6R327	Q6R327
P56556	P56556
O15504	O15504
P61009	P61009
Q9UNK0	Q9UNK0
P08133	P08133
Q5VWK5	Q5VWK5
Q9H497	Q9H497
P61604	P61604
P25205	P25205
Q96KR1	Q96KR1
Q9NZ43	Q9NZ43
Q8NFQ8	Q8NFQ8
Q6WCQ1	Q6WCQ1
O15439	O15439
P55735	P55735
Q6NXR0	Q6NXR0
P08237	P08237
P08237	P17858
P08237	Q01813
Q13753	Q13753
P24666	P24666
Q9H9E3	Q9H9E3
Q9NZQ3	Q9NZQ3
P32243	P32243
P32243	P32242
P32243	O43186
Q9NPJ3	Q9NPJ3
Q9NR33	Q9NR33
O43615	O43615
Q8N271	Q8N271
P46087	P46087
P80303	P80303
P80303	Q02818
P11279	P11279
P17987	P17987
Q16795	Q16795
Q8NFH3	Q8NFH3
O94927	O94927
Q99836	Q99836
Q96S44	Q96S44
P31930	P31930
P31930	O75439
Q9BZZ5	Q9BZZ5
Q30201	Q30201
P14618	P14618
Q969F0	Q969F0
Q14376	Q14376
Q9NUL7	Q9NUL7
Q53GL7	Q53GL7
O43405	O43405
P21281	P21281
P21281	P15313
O75955	O75955
O75955	Q14254
Q16643	Q16643
Q99650	Q99650
Q96BI1	Q96BI1
Q00610	Q00610
Q00610	P53675
Q14209	Q14209
Q14209	O00716
Q14209	Q01094
Q8IWJ2	Q8IWJ2
Q15599	Q15599
Q15599	O14745
O94986	O94986
P31942	P31942
P34896	P34896
P34896	P34897
P40429	P40429
Q9HCJ1	Q9HCJ1
P84101	P84101
Q53H47	Q53H47
Q8N4V1	Q8N4V1
P04150	P04150
Q9BVI4	Q9BVI4
P36382	P36382
P36382	P17302
Q9UNY4	Q9UNY4
Q96DT0	Q96DT0
O15021	O15021
Q96HS1	Q96HS1
Q14527	Q14527
P05362	P05362
P05362	P32942
O75170	O75170
O75170	Q9UPN7
O75170	Q5H9R7
Q5SXM8	Q5SXM8
O75386	O75386
O75386	P50607
P26885	P26885
P31260	P31260
P27487	P27487
Q13247	Q13247
P00492	P00492
P00492	Q9NRG1
Q53TN4	Q53TN4
Q8TD84	Q8TD84
Q96DZ1	Q96DZ1
Q9UIQ6	Q9UIQ6
Q9UIQ6	Q9NZ08
Q9UIQ6	Q6P179
Q9H2H8	Q9H2H8
Q9H2H8	O43447
Q9H2H8	Q9Y3C6
Q9H2H8	F5H284
Q9H2H8	P62937
Q9H2H8	P0DN37
Q3B820	Q3B820
Q96LA8	Q96LA8
P30101	P30101
Q5JPH6	Q5JPH6
Q1ED39	Q1ED39
O15294	O15294
Q96CS2	Q96CS2
Q86SJ2	Q86SJ2
Q9BSR8	Q9BSR8
Q9NX24	Q9NX24
O75525	O75525
O75525	Q5VWX1
P30533	P30533
Q14192	Q14192
Q14192	Q13643
Q14192	Q5TD97
Q8WXX5	Q8WXX5
Q96DT6	Q96DT6
P30038	P30038
Q14191	Q14191
P60468	P60468
P48556	P48556
P82909	P82909
P50222	P50222
Q14764	Q14764
Q9HCU0	Q9HCU0
O00541	O00541
Q6ZRP7	Q6ZRP7
Q9BSJ6	Q9BSJ6
Q9BZE1	Q9BZE1
Q96JQ2	Q96JQ2
Q9NX14	Q9NX14
Q14332	Q14332
Q14332	O75084
Q14332	Q13467
Q14332	Q9H461
P19622	P19622
P19622	Q05925
P43243	P43243
Q96KP4	Q96KP4
Q9NWM8	Q9NWM8
Q9NWM8	Q9Y680
Q9Y605	Q9Y605
Q9Y605	Q96HT8
Q5H9K5	Q5H9K5
Q15459	Q15459
Q5RKV6	Q5RKV6
Q8IZA0	Q8IZA0
Q8IZA0	Q5VV43
Q9NPH3	Q9NPH3
Q13610	Q13610
P54886	P54886
Q8N2K0	Q8N2K0
Q5TAX3	Q5TAX3
P50750	P50750
P0CAP2	P0CAP2
Q92667	Q92667
Q8IY95	Q8IY95
P35611	P35611
P35611	P35612
P35611	Q9UEY8
Q6UN15	Q6UN15
Q9H3E2	Q9H3E2
Q8NEG0	Q8NEG0
O95425	O95425
P49427	P49427
P49427	Q712K3
Q9H857	Q9H857
Q9H857	Q86UY8
Q9UHB7	Q9UHB7
Q9UHB7	P51825
P05204	P05204
P05204	O00479
P05204	Q15651
Q96HH9	Q96HH9
Q8IUH4	Q8IUH4
Q8IUH4	Q8IUH5
Q92692	Q92692
Q96FX8	Q96FX8
Q86UD5	Q86UD5
P06280	P06280
O43561	O43561
Q9Y399	Q9Y399
P58658	P58658
P49023	P49023
Q15631	Q15631
O14654	O14654
P35638	P35638
P48307	P48307
P31151	P31151
P10643	P10643
P54289	P54289
P54289	Q9NY47
Q9UGP8	Q9UGP8
Q9H6H4	Q9H6H4
Q9H6H4	Q9BRK0
Q9H6H4	Q6NUK4
O14530	O14530
Q9UFG5	Q9UFG5
Q9Y6Y8	Q9Y6Y8
Q8N9U0	Q8N9U0
O14770	O14770
Q86SQ4	Q86SQ4
Q8NE01	Q8NE01
Q8NE01	Q9H8M5
Q8NE01	Q6P4Q7
Q8NE01	Q9NRU3
Q96IT1	Q96IT1
O75531	O75531
P62195	P62195
P62195	P17980
P62195	P62191
P62195	P43686
P62195	P62333
P62195	P35998
Q96EK7	Q96EK7
O95084	O95084
O95084	Q8N3Z0
Q93009	Q93009
Q5T1M5	Q5T1M5
P26006	P26006
P48729	P48729
Q8IY37	Q8IY37
P02747	P02747
P02747	P02746
P02747	P02745
Q13829	Q13829
Q13829	Q8WZ19
Q13576	Q13576
Q13576	P46940
Q13576	Q86VI3
P54709	P54709
P19525	P19525
Q9HBE1	Q9HBE1
Q14106	Q14106
Q14106	P50616
Q5JQF8	Q5JQF8
Q9Y279	Q9Y279
P18848	P18848
Q08462	Q08462
Q08462	P51828
Q08462	Q8NFM4
Q96EP0	Q96EP0
Q8IYA8	Q8IYA8
O75360	O75360
Q96FV9	Q96FV9
P48723	P48723
Q16585	Q16585
Q8WUM0	Q8WUM0
P13796	P13796
P13796	P13797
P13796	Q14651
Q587I9	Q587I9
Q9H078	Q9H078
Q9Y4E8	Q9Y4E8
Q9Y4E8	P51784
Q9Y4E8	Q13107
Q9BSY4	Q9BSY4
P55199	P55199
P55199	O00472
Q7Z5K2	Q7Z5K2
O14896	O14896
O14896	Q13568
P27449	P27449
P35544	P35544
O60238	O60238
Q9Y6B2	Q9Y6B2
Q5R3I4	Q5R3I4
Q99075	Q99075
P22570	P22570
P08579	P08579
P49721	P49721
O43156	O43156
O14641	O14641
O14641	O14640
O14641	Q92997
P78396	P78396
Q7Z417	Q7Z417
P98194	P98194
P98194	O75185
Q9NPI7	Q9NPI7
O75608	O75608
P27695	P27695
Q13469	Q13469
Q13469	O95644
P16234	P16234
P16234	P09619
P98179	P98179
P98179	Q14011
P01135	P01135
Q8N9M1	Q8N9M1
Q2TAC2	Q2TAC2
O95073	O95073
Q96PQ1	Q96PQ1
P41180	P41180
Q9BPY8	Q9BPY8
Q8N5D0	Q8N5D0
Q8TE67	Q8TE67
Q15517	Q15517
Q9UNA1	Q9UNA1
Q12908	Q12908
O76064	O76064
Q9NTW7	Q9NTW7
Q7Z5L7	Q7Z5L7
Q05923	Q05923
Q05923	P28562
Q05923	Q13115
Q00005	Q00005
Q00005	P63151
Q00005	Q66LE6
Q00005	Q9Y2T4
P01127	P01127
Q9UKN5	Q9UKN5
Q8N5I9	Q8N5I9
P01848	P01848
Q9H3G5	Q9H3G5
Q96FK6	Q96FK6
O95750	O95750
Q9H0P0	Q9H0P0
Q8TEP8	Q8TEP8
O94830	O94830
P54284	P54284
O14802	O14802
Q8ND82	Q8ND82
Q86UU1	Q86UU1
Q8NI17	Q8NI17
P15391	P15391
O95427	O95427
Q9P227	Q9P227
Q5VUB5	Q5VUB5
Q6UX53	Q6UX53
Q6UX53	Q9H8H3
Q6ZSY5	Q6ZSY5
P03928	P03928
P48546	P48546
P41220	P41220
P09919	P09919
Q9HC24	Q9HC24
P04921	P04921
Q9HBZ2	Q9HBZ2
Q9HBZ2	P27540
Q13670	Q13670
P40200	P40200
Q86UQ0	Q86UQ0
P54219	P54219
P55000	P55000
Q8NBA8	Q8NBA8
Q86UZ6	Q86UZ6
Q7RTU3	Q7RTU3
Q7RTU3	Q13516
P09912	P09912
Q70YC5	Q70YC5
Q6NUI6	Q6NUI6
Q8IXY8	Q8IXY8
P35326	P35326
P35326	P22532
P35326	Q9BYE4
P35326	P22531
P35326	P35325
P35326	P22528
P35326	P35321
O75508	O75508
Q5TF21	Q5TF21
P00995	P00995
P39905	P39905
Q5BJF2	Q5BJF2
D6RIA3	D6RIA3
Q9Y6Y9	Q9Y6Y9
Q7RTV0	Q7RTV0
Q969T9	Q969T9
Q6I9Y2	Q6I9Y2
O95352	O95352
Q9H211	Q9H211
P30989	P30989
Q9NV79	Q9NV79
Q9BVJ7	Q9BVJ7
Q86YJ6	Q86YJ6
Q8IZP2	Q8IZP2
Q9NQX3	Q9NQX3
O00763	O00763
O00763	Q13085
Q07325	Q07325
P35658	P35658
Q6ZSJ8	Q6ZSJ8
Q02952	Q02952
Q9C037	Q9C037
O75369	O75369
O75369	P21333
P15529	P15529
Q969X1	Q969X1
Q969X1	Q9BWQ8
Q969X1	Q7Z429
P18124	P18124
P18124	Q6DKI1
O75223	O75223
Q99961	Q99961
Q99961	Q99962
Q99961	Q99963
Q8IY17	Q8IY17
P48047	P48047
Q9BQ04	Q9BQ04
Q9BQ04	Q9BWF3
P26572	P26572
Q9BQB6	Q9BQB6
Q9BQB6	Q8N0U8
Q9H0A0	Q9H0A0
Q96L58	Q96L58
Q9UBX3	Q9UBX3
P02751	P02751
P49589	P49589
O94966	O94966
O75829	O75829
O95633	O95633
P00740	P00740
P00740	P00742
P00740	P08709
P29459	P29459
Q15906	Q15906
Q9UBU8	Q9UBU8
Q15139	Q15139
Q15139	O94806
Q15139	Q9BZL6
Q16555	Q16555
Q16555	Q14194
Q16555	Q14195
Q16555	O14531
Q15003	Q15003
Q9BVC5	Q9BVC5
P81877	P81877
Q12772	Q12772
Q12772	P36956
Q8IVT5	Q8IVT5
Q8IVT5	Q6VAB6
Q53FZ2	Q53FZ2
Q63HQ0	Q63HQ0
Q8N350	Q8N350
P02675	P02675
Q9Y4W2	Q9Y4W2
Q709F0	Q709F0
Q9BZQ6	Q9BZQ6
Q7Z7F7	Q7Z7F7
Q8N5A5	Q8N5A5
Q13901	Q13901
P41250	P41250
P54577	P54577
P20042	P20042
P46781	P46781
Q8TCD5	Q8TCD5
Q8TCD5	Q9NPB1
Q9Y4B4	Q9Y4B4
P01019	P01019
Q9H3P2	Q9H3P2
Q9Y2G1	Q9Y2G1
O43929	O43929
Q9BX68	Q9BX68
Q9Y4E1	Q9Y4E1
Q9Y4E1	Q641Q2
Q9H1Z4	Q9H1Z4
P07996	P07996
P07996	P35442
A1L390	A1L390
O14733	O14733
Q86TM6	Q86TM6
Q9Y6J9	Q9Y6J9
P22492	P22492
P22492	Q02539
P22492	P16403
P22492	P10412
P22492	P16401
P22492	P16402
P24278	P24278
Q05519	Q05519
Q9NQY0	Q9NQY0
Q5VWN6	Q5VWN6
Q8N8A2	Q8N8A2
Q8N8A2	Q8NB46
Q8N8A2	O15084
Q9Y2H6	Q9Y2H6
Q9Y2H6	Q53EP0
P48553	P48553
Q9NRG9	Q9NRG9
O60287	O60287
Q9BPW8	Q9BPW8
Q9BPW8	O75323
Q86YN1	Q86YN1
P12259	P12259
O75530	O75530
Q8N5I3	Q8N5I3
Q9UHK0	Q9UHK0
Q14126	Q14126
P39019	P39019
Q86X95	Q86X95
O75781	O75781
Q9P0J0	Q9P0J0
Q9NYJ8	Q9NYJ8
P00156	P00156
O95377	O95377
Q9HC36	Q9HC36
O43866	O43866
Q8ND76	Q8ND76
O00182	O00182
P37108	P37108
Q9UHX1	Q9UHX1
Q92882	Q92882
P35269	P35269
Q8TDL5	Q8TDL5
Q86VP6	Q86VP6
Q86VP6	O75155
Q9NVZ3	Q9NVZ3
Q9H4F8	Q9H4F8
O94972	O94972
Q8NHQ1	Q8NHQ1
Q96DU7	Q96DU7
P47712	P47712
P62633	P62633
Q15388	Q15388
O75925	O75925
O75925	Q9Y6X2
O75925	O75928
O15151	O15151
Q8N684	Q8N684
Q8N684	Q16630
P17707	P17707
P00491	P00491
Q13950	Q13950
P53701	P53701
Q96GZ6	Q96GZ6
Q9P2Y4	Q9P2Y4
Q9BRJ6	Q9BRJ6
P63165	P63165
Q8IUC4	Q8IUC4
Q9Y5X1	Q9Y5X1
P52815	P52815
P49810	P49810
P49810	P49768
O15205	O15205
Q7RTN6	Q7RTN6
Q9NSG2	Q9NSG2
P35869	P35869
P61769	P61769
Q9GZS3	Q9GZS3
Q9H270	Q9H270
P55036	P55036
Q8IZL8	Q8IZL8
Q13427	Q13427
O75340	O75340
O14964	O14964
Q9Y5Y6	Q9Y5Y6
Q96HE9	Q96HE9
Q13395	Q13395
Q5UIP0	Q5UIP0
P52756	P52756
P52756	P98175
P08236	P08236
P46109	P46109
P46109	P46108
P26651	P26651
Q6NTF9	Q6NTF9
Q9BZX2	Q9BZX2
Q9BZX2	Q9HA47
Q00059	Q00059
Q9H0M0	Q9H0M0
Q9H0M0	O00308
Q9H0M0	Q96J02
Q9UNP4	Q9UNP4
Q9BQS8	Q9BQS8
Q53H80	Q53H80
Q9NUT2	Q9NUT2
Q9HC52	Q9HC52
Q9Y608	Q9Y608
Q6YN16	Q6YN16
Q99933	Q99933
Q969V3	Q969V3
Q12874	Q12874
Q15046	Q15046
Q16621	Q16621
Q9UHQ4	Q9UHQ4
Q9UHQ4	P51572
Q86X10	Q86X10
Q16832	Q16832
Q16832	Q08345
P49902	P49902
O15228	O15228
P58340	P58340
P62906	P62906
Q86XL3	Q86XL3
P62987	P62987
P62987	P62979
Q9NYF8	Q9NYF8
Q9NYF8	Q9Y2W1
Q8IYS2	Q8IYS2
O95399	O95399
Q9NXV2	Q9NXV2
Q9NXV2	Q14681
Q96ME1	Q96ME1
A6NIH7	A6NIH7
P40938	P40938
P46777	P46777
P18146	P18146
Q14914	Q14914
Q13263	Q13263
Q13217	Q13217
P78357	P78357
P40926	P40926
Q8IWA4	Q8IWA4
Q8IWA4	O95140
O43291	O43291
P20839	P20839
P20839	P12268
P83111	P83111
Q9Y2V7	Q9Y2V7
Q01082	Q01082
Q01082	O15020
Q01082	P11277
Q01082	Q9H254
P11413	P11413
O00566	O00566
Q8IWB1	Q8IWB1
Q8TAP4	Q8TAP4
Q8TAP4	P25800
Q12770	Q12770
Q6PCB5	Q6PCB5
P55040	P55040
P55040	P55042
P55040	Q8IYK8
P55040	O75628
O43896	O43896
Q8NC44	Q8NC44
Q92966	Q92966
Q08334	Q08334
P62875	P62875
Q9BTV4	Q9BTV4
O60725	O60725
P11137	P11137
Q96G21	Q96G21
Q6ZQX7	Q6ZQX7
Q9Y446	Q9Y446
P51812	P51812
P51812	Q15418
P51812	Q15349
P51812	Q9UK32
P51812	O75676
O95872	O95872
Q9NPP4	Q9NPP4
Q5TGY1	Q5TGY1
P25101	P25101
P26022	P26022
Q9Y285	Q9Y285
Q92624	Q92624
Q8N9N7	Q8N9N7
O60341	O60341
Q8N884	Q8N884
Q504Q3	Q504Q3
Q9Y2S6	Q9Y2S6
P83731	P83731
Q13505	Q13505
P21580	P21580
Q15283	Q15283
P18583	P18583
P62714	P62714
P62714	O00743
P62714	P67775
P62714	P60510
P62714	P62136
P62714	P36873
P62714	P62140
Q92499	Q92499
Q8TBA6	Q8TBA6
P41440	P41440
Q9UJA3	Q9UJA3
Q13685	Q13685
O95486	O95486
O95486	O95487
Q96JF0	Q96JF0
Q7Z392	Q7Z392
Q9Y5L4	Q9Y5L4
Q9HCU5	Q9HCU5
Q9BYX4	Q9BYX4
Q6PJG6	Q6PJG6
Q9Y6N1	Q9Y6N1
Q9P0Z9	Q9P0Z9
Q7Z3S9	Q7Z3S9
P35548	P35548
P35548	P28360
Q8TBP6	Q8TBP6
Q33E94	Q33E94
Q9H5V7	Q9H5V7
Q9BQI6	Q9BQI6
Q9BY76	Q9BY76
P0CG21	P0CG21
O15335	O15335
P00734	P00734
A8CG34	A8CG34
A8CG34	Q96HA1
P07949	P07949
P55064	P55064
P55064	P41181
P55064	P29972
P55064	P55087
Q86WP2	Q86WP2
Q86WP2	Q9HC44
P50052	P50052
Q12972	Q12972
Q8NBE8	Q8NBE8
Q96LW7	Q96LW7
Q8NDF8	Q8NDF8
Q6AZW8	Q6AZW8
Q8IYT8	Q8IYT8
Q8IYT8	O75385
O14978	O14978
Q16653	Q16653
O43665	O43665
Q9H4D5	Q9H4D5
Q9H4D5	Q9UBU9
Q15067	Q15067
Q9H6Q4	Q9H6Q4
Q96BW9	Q96BW9
Q8TDV0	Q8TDV0
Q92765	Q92765
P23515	P23515
P06858	P06858
P06858	Q9Y5X9
P32245	P32245
P32245	P33032
P32245	Q01718
P32245	P41968
P32245	Q01726
P0C7P0	P0C7P0
Q9UM73	Q9UM73
Q16740	Q16740
P43116	P43116
P43116	Q13258
Q9UBR4	Q9UBR4
Q8NFW8	Q8NFW8
Q8WVK2	Q8WVK2
Q8NGI1	Q8NGI1
Q5SZL2	Q5SZL2
P15170	P15170
Q8WVM0	Q8WVM0
Q8WZ74	Q8WZ74
P35228	P35228
P35228	P29474
Q8IX30	Q8IX30
Q8IX30	Q9NQ36
Q8IZI9	Q8IZI9
Q8IZI9	Q8IZJ0
Q8IZI9	Q8IU54
P16455	P16455
Q9NP81	Q9NP81
Q69YU3	Q69YU3
O95154	O95154
O95154	O43488
Q13976	Q13976
Q13976	Q13237
Q9H165	Q9H165
Q9H165	Q9C0K0
P08842	P08842
P08842	P51690
P08842	P51689
Q9H2X9	Q9H2X9
Q9H2X9	Q9Y666
Q9H2X9	Q9UP95
Q9H2X9	Q9UHW9
Q9P260	Q9P260
Q14956	Q14956
Q17R98	Q17R98
Q9UGU0	Q9UGU0
O43674	O43674
P40967	P40967
Q8IUR5	Q8IUR5
Q9NZQ7	Q9NZQ7
Q96CN4	Q96CN4
Q96CN4	O60447
Q86X52	Q86X52
Q86X52	Q70JA7
Q6UX15	Q6UX15
Q9H668	Q9H668
Q92737	Q92737
Q15329	Q15329
Q15329	Q16254
P09211	P09211
P58335	P58335
P58335	Q9H6X2
Q969V6	Q969V6
Q9Y4C2	Q9Y4C2
Q86XK3	Q86XK3
Q8IWK6	Q8IWK6
Q8IWK6	Q96PE1
Q9H171	Q9H171
P19075	P19075
Q96S42	Q96S42
Q6UVW9	Q6UVW9
Q6UVW9	Q9UHP7
Q9NXS3	Q9NXS3
Q9NXS3	Q9Y2M5
Q9NQX1	Q9NQX1
O00237	O00237
Q9NPI6	Q9NPI6
Q8WV16	Q8WV16
Q8N5X7	Q8N5X7
Q9C0D3	Q9C0D3
Q9C0D3	Q6WRX3
P35408	P35408
Q8NFW5	Q8NFW5
P01275	P01275
Q8IUA7	Q8IUA7
O94929	O94929
O94929	O14639
Q6PEV8	Q6PEV8
Q13449	Q13449
Q13449	Q9P121
Q13449	Q7Z3B1
Q9UQ10	Q9UQ10
Q9NPH9	Q9NPH9
Q92805	Q92805
Q9BTE0	Q9BTE0
A6NKF1	A6NKF1
O00238	O00238
O00238	P36894
O00238	P36897
O00238	P36896
O00238	P37023
O00238	Q04771
Q9P2X7	Q9P2X7
Q86Y01	Q86Y01
Q9UQ07	Q9UQ07
Q6ZSB9	Q6ZSB9
Q9UBK5	Q9UBK5
Q9H9Y2	Q9H9Y2
Q6NWY9	Q6NWY9
Q6NWY9	O75400
Q14314	Q14314
Q9HCS5	Q9HCS5
Q96FV0	Q96FV0
Q14CX5	Q14CX5
Q6P2H8	Q6P2H8
P27352	P27352
Q96IZ0	Q96IZ0
Q7Z6K1	Q7Z6K1
P05230	P05230
Q5VV17	Q5VV17
Q5XKR4	Q5XKR4
Q9H5H4	Q9H5H4
P49221	P49221
Q92519	Q92519
Q92519	Q96RU8
Q92519	Q96RU7
P15382	P15382
Q8WWF6	Q8WWF6
P09683	P09683
Q9H2K8	Q9H2K8
Q9H2K8	Q7L7X3
Q5JTD0	Q5JTD0
Q9UPR3	Q9UPR3
O00192	O00192
O00192	O60716
P06756	P06756
P06756	P08648
P98082	P98082
Q9H1M0	Q9H1M0
Q96BM0	Q96BM0
Q96BM0	P40305
O43663	O43663
Q9NRX4	Q9NRX4
O75027	O75027
P37198	P37198
P22102	P22102
P01871	P01871
P49750	P49750
O76094	O76094
O96018	O96018
Q63ZY6	Q63ZY6
O60563	O60563
O60563	O60583
Q96NY8	Q96NY8
O75503	O75503
Q5T440	Q5T440
Q5T749	Q5T749
Q7Z6B0	Q7Z6B0
Q13503	Q13503
Q8N1F7	Q8N1F7
Q9UBV8	Q9UBV8
Q9H2K2	Q9H2K2
Q9H2K2	O95271
Q13409	Q13409
Q13409	O14576
Q5VSY0	Q5VSY0
Q9UHG3	Q9UHG3
Q99460	Q99460
Q7L622	Q7L622
P17900	P17900
Q9H0D6	Q9H0D6
Q6ZMV9	Q6ZMV9
Q53EU6	Q53EU6
Q53EU6	Q86UL3
Q7Z3E5	Q7Z3E5
Q66K64	Q66K64
Q08AF3	Q08AF3
Q08AF3	Q7Z7L1
O43395	O43395
P07199	P07199
Q16659	Q16659
Q8TAB3	Q8TAB3
Q8TAB3	O14917
Q8TAB3	Q9P2E7
P84157	P84157
Q86YV9	Q86YV9
Q7Z4N8	Q7Z4N8
Q8WWH5	Q8WWH5
Q9UQ26	Q9UQ26
Q9UQ26	Q86UR5
O60347	O60347
Q8N2X6	Q8N2X6
Q9H329	Q9H329
Q4G0J3	Q4G0J3
P36551	P36551
O60858	O60858
Q6IC98	Q6IC98
P13693	P13693
Q8NAP3	Q8NAP3
Q96GA3	Q96GA3
O14787	O14787
O14787	Q92973
Q96T68	Q96T68
Q86V42	Q86V42
Q5T280	Q5T280
Q9BSH4	Q9BSH4
Q99496	Q99496
Q99496	Q06587
Q9NWS9	Q9NWS9
Q9UM54	Q9UM54
Q8WWY3	Q8WWY3
Q9H6L5	Q9H6L5
Q96LT7	Q96LT7
Q8N5T2	Q8N5T2
P60228	P60228
P55899	P55899
Q15904	Q15904
P08887	P08887
Q86TB9	Q86TB9
Q8NFT6	Q8NFT6
Q96HI0	Q96HI0
Q96RD9	Q96RD9
Q13795	Q13795
P28908	P28908
Q6P4R8	Q6P4R8
A1IGU5	A1IGU5
Q7RTS3	Q7RTS3
Q15506	Q15506
Q14507	Q14507
Q14507	P56851
Q58F21	Q58F21
Q15120	Q15120
Q15120	Q15119
Q15120	Q15118
P60002	P60002
P06401	P06401
Q9BQ75	Q9BQ75
Q86SH4	Q86SH4
P22748	P22748
Q53ET0	Q53ET0
O75954	O75954
O75954	P19397
O75954	O14817
A0A0U1RRL7	A0A0U1RRL7
P21741	P21741
P21741	P21246
Q5EBL4	Q5EBL4
Q2T9J0	Q2T9J0
Q70EK9	Q70EK9
Q9NYQ3	Q9NYQ3
Q58FF3	Q58FF3
Q15878	Q15878
Q15878	O00555
Q96LZ7	Q96LZ7
P54252	P54252
P04003	P04003
Q9Y3R4	Q9Y3R4
Q01432	Q01432
Q01432	Q01433
O77932	O77932
P22680	P22680
P22680	O75881
Q68DK7	Q68DK7
P0CE71	P0CE71
P0CE71	P0CE72
P0CE71	P20472
O60759	O60759
Q9Y3D7	Q9Y3D7
Q9NXI6	Q9NXI6
Q8IYN2	Q8IYN2
Q96A47	Q96A47
P56693	P56693
P56693	P48436
P26927	P26927
P26927	P14210
Q9NRC9	Q9NRC9
Q13873	Q13873
O14625	O14625
Q9P2J9	Q9P2J9
Q9P2J9	Q9P0J1
P23760	P23760
P23760	P23759
Q86UN2	Q86UN2
Q86UN2	Q86UN3
Q86UN2	Q9BZR6
P23471	P23471
Q9P266	Q9P266
O95704	O95704
Q9NNX1	Q9NNX1
P51795	P51795
P09017	P09017
Q5T230	Q5T230
Q9UJ42	Q9UJ42
Q13790	Q13790
Q9Y2Y6	Q9Y2Y6
Q8N6F7	Q8N6F7
Q6P587	Q6P587
Q9HCM9	Q9HCM9
Q9HCM9	Q495X7
P31358	P31358
Q96NM4	Q96NM4
Q96NM4	O94900
P05113	P05113
P41161	P41161
P41161	P43268
P41161	P50549
Q8ND23	Q8ND23
Q9H295	Q9H295
Q6ZW76	Q6ZW76
P23434	P23434
Q8IZP7	Q8IZP7
Q9ULB5	Q9ULB5
Q9ULB5	Q13634
Q9ULB5	Q9HBT6
Q9ULB5	Q86UP0
Q9ULB5	Q9H159
Q9ULB5	Q9Y6N8
Q9ULB5	P55287
Q9ULB5	P55285
Q9ULB5	P55289
Q9ULB5	P55286
Q9ULB5	Q9ULB4
Q9ULB5	P33151
Q96DG6	Q96DG6
Q6UWJ1	Q6UWJ1
Q9NXK6	Q9NXK6
Q8TDU9	Q8TDU9
Q6PJ21	Q6PJ21
Q6SPF0	Q6SPF0
Q8N183	Q8N183
Q14714	Q14714
P82094	P82094
O43791	O43791
P0C7X2	P0C7X2
P51452	P51452
Q8TD17	Q8TD17
Q8TD17	Q9UDV7
O14804	O14804
O14804	Q9P1P5
O14804	Q969N4
O14804	Q96RI8
Q9H8M2	Q9H8M2
Q16204	Q16204
Q9NYZ3	Q9NYZ3
P34969	P34969
Q3B7T3	Q3B7T3
Q6UB98	Q6UB98
Q5VT99	Q5VT99
P19235	P19235
Q9BV40	Q9BV40
Q5S007	Q5S007
Q8N6R1	Q8N6R1
Q8N6R1	Q9Y6X1
Q99954	Q99954
P28907	P28907
P46089	P46089
O43497	O43497
Q6P4A7	Q6P4A7
P78368	P78368
P78368	Q9Y6M4
P78368	P48730
P78368	P49674
P32241	P32241
P32241	P43220
P32241	P41586
Q6ZT21	Q6ZT21
Q2M2Z5	Q2M2Z5
Q8N3J6	Q8N3J6
Q8N3J6	Q9BY67
Q9BZW7	Q9BZW7
P51786	P51786
P51786	Q8TAW3
P51786	P21506
P51786	Q96PQ6
P51786	Q96PE6
P51786	Q6ZN11
P51786	Q6ZMY9
P51786	P17023
Q8N0W3	Q8N0W3
Q8WU17	Q8WU17
Q8TCT0	Q8TCT0
Q9NY37	Q9NY37
Q96JJ3	Q96JJ3
Q96JJ3	Q92556
Q96JJ3	Q96BJ8
Q8IVP5	Q8IVP5
A6NFI3	A6NFI3
Q9P270	Q9P270
P05093	P05093
Q02880	Q02880
Q02880	P11388
Q96AY4	Q96AY4
O94844	O94844
O94844	Q9BYZ6
O95171	O95171
Q07617	Q07617
P51815	P51815
P55789	P55789
Q9P1Y6	Q9P1Y6
P62312	P62312
Q9NVR0	Q9NVR0
Q6AI12	Q6AI12
Q5T7N3	Q5T7N3
Q9NWZ5	Q9NWZ5
P48741	P48741
Q13442	Q13442
Q8WUF5	Q8WUF5
Q9Y5Y3	Q9Y5Y3
Q9Y5Y3	Q9BZJ6
P01133	P01133
Q9HB75	Q9HB75
Q6T311	Q6T311
Q15847	Q15847
Q99547	Q99547
Q9BQG0	Q9BQG0
P49756	P49756
O00151	O00151
O00151	P50479
Q9NPJ6	Q9NPJ6
Q9P2Y5	Q9P2Y5
Q8IUC6	Q8IUC6
Q14152	Q14152
Q8IY81	Q8IY81
Q9UBG0	Q9UBG0
Q9Y241	Q9Y241
Q9Y5W7	Q9Y5W7
Q5TFE4	Q5TFE4
Q86W74	Q86W74
Q9Y256	Q9Y256
P78310	P78310
O75616	O75616
P35251	P35251
P98172	P98172
P98172	P52799
P98172	Q15768
Q8WVX3	Q8WVX3
Q86X83	Q86X83
Q9Y2I7	Q9Y2I7
P09960	P09960
Q9Y247	Q9Y247
Q9Y247	Q14320
Q9GZT4	Q9GZT4
Q9HBG6	Q9HBG6
Q9BXK5	Q9BXK5
Q9BSE2	Q9BSE2
Q9Y606	Q9Y606
Q99707	Q99707
O43242	O43242
Q6ZN55	Q6ZN55
P19387	P19387
Q13561	Q13561
P23381	P23381
Q9GZX9	Q9GZX9
Q15056	Q15056
Q8N1S5	Q8N1S5
Q9ULM3	Q9ULM3
Q8WUX9	Q8WUX9
Q15172	Q15172
Q15172	Q16537
Q15172	Q15173
Q15172	Q13362
Q15172	Q14738
Q96TA2	Q96TA2
Q5RI15	Q5RI15
Q86VZ5	Q86VZ5
Q8IXI1	Q8IXI1
Q8IXI1	Q8IXI2
Q9UFC0	Q9UFC0
Q53EZ4	Q53EZ4
Q49A26	Q49A26
Q07960	Q07960
Q07960	P85298
A8MXV4	A8MXV4
Q9UGP4	Q9UGP4
O95639	O95639
Q6JQN1	Q6JQN1
Q2YD98	Q2YD98
P35250	P35250
Q86V48	Q86V48
Q86YB8	Q86YB8
Q86YB8	Q96HE7
Q06609	Q06609
Q8WW59	Q8WW59
O75845	O75845
Q14457	Q14457
Q86XT9	Q86XT9
Q13283	Q13283
Q13283	Q9UN86
Q9ULC4	Q9ULC4
Q96GD4	Q96GD4
P50748	P50748
P20339	P20339
P20339	P61020
P20339	P51148
P20339	Q9UL25
P20339	Q13636
P20339	Q9UL26
P20339	Q9H0T7
P20339	Q969Q5
P20339	Q9H0U4
P20339	P62820
P20339	Q96E17
P20339	P20337
P20339	O95716
P20339	P20336
P20339	Q15907
P20339	P62491
P20339	P57735
P20339	Q92930
P20339	P61026
P20339	P51153
P20339	P61006
P20339	Q15286
P20339	P59190
P20339	Q9NP72
P20339	O00194
P20339	P51159
P20339	Q96AX2
P20339	Q14964
P20339	Q8WUD1
P20339	P61019
P20339	P61106
P20339	P20338
P20339	Q86YS6
P20339	Q9NRW1
P20339	P20340
O15525	O15525
O94826	O94826
Q12849	Q12849
P62318	P62318
Q9ULK5	Q9ULK5
Q9ULK5	Q8TAA9
O43734	O43734
Q8TCN5	Q8TCN5
Q8NI27	Q8NI27
Q9BQQ3	Q9BQQ3
Q9BQQ3	Q9H8Y8
Q13151	Q13151
Q13151	P09651
Q13151	P51991
Q13151	P22626
Q13151	Q32P51
Q9NXR5	Q9NXR5
Q9UEU0	Q9UEU0
Q9BX79	Q9BX79
Q5HYK3	Q5HYK3
Q14692	Q14692
Q6PI77	Q6PI77
Q16718	Q16718
P61353	P61353
Q8TED0	Q8TED0
O75896	O75896
Q9Y3C4	Q9Y3C4
Q96MC5	Q96MC5
P57678	P57678
Q9NSE2	Q9NSE2
P13501	P13501
P13501	P10147
P13501	P55774
P13501	P13236
P13501	Q99616
P13501	P80075
P13501	P80098
P13501	P51671
P13501	P13500
Q9Y490	Q9Y490
Q9Y490	Q9Y4G6
Q9NQZ6	Q9NQZ6
Q16533	Q16533
O43741	O43741
P78330	P78330
Q9UJT0	Q9UJT0
Q9UPI3	Q9UPI3
Q9UPI3	Q9Y5Y0
Q8WXD0	Q8WXD0
Q8WXD0	Q9HBX9
Q9ULX3	Q9ULX3
Q9Y228	Q9Y228
P30550	P30550
P30550	P28336
Q5SR56	Q5SR56
Q96B45	Q96B45
P56202	P56202
Q9HBA0	Q9HBA0
Q9BTE1	Q9BTE1
Q9UIK5	Q9UIK5
Q9UBS3	Q9UBS3
P16150	P16150
Q8IW45	Q8IW45
Q8N2Y8	Q8N2Y8
Q9Y5R4	Q9Y5R4
Q8TCY9	Q8TCY9
P06127	P06127
Q9BVM2	Q9BVM2
Q53FA7	Q53FA7
Q9H819	Q9H819
Q9H819	Q9NXW2
Q9H819	Q8TBM8
Q6P4I2	Q6P4I2
Q5EB52	Q5EB52
P06850	P06850
O94805	O94805
O94805	O96019
P36269	P36269
P0C7M4	P0C7M4
P0C7M4	Q9BQY4
Q969W1	Q969W1
O00230	O00230
Q96SL8	Q96SL8
Q2VPB7	Q2VPB7
Q7LBC6	Q7LBC6
Q86UW1	Q86UW1
P79483	P79483
P79483	Q30154
P79483	P13762
P79483	P01911
P79483	P04440
P79483	P13765
Q9UBI9	Q9UBI9
Q8N7X1	Q8N7X1
Q06455	Q06455
Q06455	O43439
Q06455	O75081
Q99504	Q99504
Q14390	Q14390
Q14390	Q9BX51
Q9BX97	Q9BX97
Q9H6I2	Q9H6I2
Q14515	Q14515
P02788	P02788
P02788	P08582
P26441	P26441
P49888	P49888
P49888	P0DMM9
Q8WV83	Q8WV83
P17948	P17948
P17948	P35968
P17948	P35916
Q9HBW9	Q9HBW9
Q9HCM3	Q9HCM3
Q9NS18	Q9NS18
Q9Y6Q6	Q9Y6Q6
Q9UNH6	Q9UNH6
Q9UNH6	Q5VWJ9
Q9P2G1	Q9P2G1
Q24JP5	Q24JP5
P01031	P01031
Q9NXR7	Q9NXR7
Q96BY2	Q96BY2
Q96BY2	Q8ND90
Q96BY2	Q9UL42
Q6DKK2	Q6DKK2
Q9H6L2	Q9H6L2
Q96QH2	Q96QH2
Q9NPB3	Q9NPB3
A0PJW6	A0PJW6
Q8ND83	Q8ND83
Q8WVZ9	Q8WVZ9
Q14679	Q14679
O75161	O75161
Q16667	Q16667
Q86VZ4	Q86VZ4
Q96RR1	Q96RR1
Q8IY92	Q8IY92
Q9UKR8	Q9UKR8
Q9BV47	Q9BV47
Q02487	Q02487
Q02487	Q14574
Q02487	Q08554
Q8NEM7	Q8NEM7
Q56NI9	Q56NI9
Q96RD6	Q96RD6
P15516	P15516
Q8TF20	Q8TF20
Q9P0P0	Q9P0P0
O14593	O14593
Q9NPJ4	Q9NPJ4
Q8NC01	Q8NC01
P29017	P29017
P29017	P29016
P29017	P15813
P20908	P20908
Q8IV56	Q8IV56
A8MYZ6	A8MYZ6
A8MYZ6	P98177
Q9ULZ1	Q9ULZ1
Q8WVV4	Q8WVV4
P22460	P22460
Q9H814	Q9H814
Q8NFJ6	Q8NFJ6
Q8NFJ6	Q8TCW9
P47898	P47898
P61970	P61970
Q6P2D0	Q6P2D0
Q6P2D0	Q5T5D7
Q6P2D0	Q96NG5
Q6P2D0	Q8N988
Q6P2D0	Q6V9R5
Q6P2D0	Q8N587
Q8WWF3	Q8WWF3
P10997	P10997
O14678	O14678
Q9BV44	Q9BV44
O00399	O00399
P39877	P39877
P39877	P14555
O15218	O15218
Q9BZ19	Q9BZ19
P41159	P41159
P13521	P13521
Q6P9B9	Q6P9B9
A6NK89	A6NK89
Q9BQT8	Q9BQT8
P15248	P15248
Q9BW83	Q9BW83
Q9Y5N6	Q9Y5N6
Q5JT82	Q5JT82
Q9NQ89	Q9NQ89
Q9NZI2	Q9NZI2
Q9NZI2	Q9NS61
Q9NZI2	Q9Y2W7
Q9NZI2	Q6PIL6
Q9H069	Q9H069
Q96F15	Q96F15
Q96F15	Q9UG22
Q96F15	Q8WWP7
Q15311	Q15311
Q96EU7	Q96EU7
P01210	P01210
Q8IX90	Q8IX90
Q9NPD7	Q9NPD7
Q7Z7N9	Q7Z7N9
Q9UBT6	Q9UBT6
Q6P1Q9	Q6P1Q9
Q6P1Q9	Q96IZ6
Q9UQR1	Q9UQR1
Q5T4D3	Q5T4D3
Q4G0I0	Q4G0I0
P00751	P00751
Q9NYA1	Q9NYA1
Q76NI1	Q76NI1
Q8TAI7	Q8TAI7
Q8TAI7	Q15382
Q9UJM3	Q9UJM3
Q9UNI6	Q9UNI6
P06732	P06732
P06732	P12277
P06732	P12532
P51787	P51787
Q676U5	Q676U5
Q9H2U9	Q9H2U9
Q8N108	Q8N108
P20023	P20023
Q92917	Q92917
Q8N554	Q8N554
Q9HBX8	Q9HBX8
Q9HBX8	Q9BXB1
Q9HBX8	O75473
Q17RM4	Q17RM4
Q8TER0	Q8TER0
Q13202	Q13202
Q13202	Q9BY84
Q8TD06	Q8TD06
Q8TD06	O95994
Q8WWQ8	Q8WWQ8
Q8WWQ8	Q9NY15
P12018	P12018
Q9NRD1	Q9NRD1
Q9NRD1	Q9UK22
Q15072	Q15072
O14836	O14836
P01877	P01877
P01877	P01876
Q3SY56	Q3SY56
Q14061	Q14061
Q5T8P6	Q5T8P6
Q5T8P6	Q9P2N5
Q6QHC5	Q6QHC5
Q6QHC5	O15121
O75593	O75593
Q5VVH2	Q5VVH2
Q5VVH2	P62942
Q01523	Q01523
Q01523	P59665
Q01523	P59666
P04085	P04085
Q6P2I3	Q6P2I3
Q6P2I3	Q96GK7
O94760	O94760
O94760	O95865
Q8NB91	Q8NB91
Q8N2N9	Q8N2N9
P56470	P56470
Q9Y2F5	Q9Y2F5
Q92541	Q92541
Q96CM8	Q96CM8
Q71F56	Q71F56
Q71F56	Q9UHV7
Q7L1T6	Q7L1T6
P08686	P08686
Q9BRR6	Q9BRR6
Q86WT6	Q86WT6
Q9UL17	Q9UL17
Q06265	Q06265
P98073	P98073
P51617	P51617
Q96HU1	Q96HU1
P05452	P05452
Q9UJW0	Q9UJW0
A8MYU2	A8MYU2
P49795	P49795
Q86YR7	Q86YR7
Q9UKD1	Q9UKD1
Q9UKD1	Q9Y692
O15083	O15083
O15083	Q8IUD2
Q8TEU7	Q8TEU7
O94769	O94769
Q92802	Q92802
Q6P1L5	Q6P1L5
Q9UQQ1	Q9UQQ1
Q96P53	Q96P53
Q96P53	Q8IWB7
Q9H0X9	Q9H0X9
Q9H0X9	Q9BZF1
Q6ZQN5	Q6ZQN5
Q6ZQN5	Q12951
O95857	O95857
O95857	Q12999
O60733	O60733
O75762	O75762
Q75N03	Q75N03
Q6UVJ0	Q6UVJ0
P13569	P13569
Q96AN5	Q96AN5
Q9HCI5	Q9HCI5
Q6ZSZ6	Q6ZSZ6
Q6ZSZ6	Q63HK5
Q9UIF8	Q9UIF8
P21781	P21781
P21781	O15520
Q969H0	Q969H0
P29460	P29460
O43613	O43613
Q6PCE3	Q6PCE3
Q15435	Q15435
Q8TBJ5	Q8TBJ5
Q8TBJ5	A0PJY2
P43004	P43004
P43004	P43005
P43004	P43003
P43004	O00341
Q9Y426	Q9Y426
Q0VF96	Q0VF96
Q9UHR6	Q9UHR6
Q5ZPR3	Q5ZPR3
Q8TBY9	Q8TBY9
P13612	P13612
Q7RTS6	Q7RTS6
P08253	P08253
P08253	P14780
Q01151	Q01151
Q7Z404	Q7Z404
Q7Z404	Q7Z402
Q96NY9	Q96NY9
P43378	P43378
O95251	O95251
Q96AA8	Q96AA8
O95476	O95476
Q12906	Q12906
Q5SQN1	Q5SQN1
Q9BUE6	Q9BUE6
Q99731	Q99731
Q86X29	Q86X29
P78346	P78346
Q8IXH7	Q8IXH7
Q9HD20	Q9HD20
P09001	P09001
P30040	P30040
P62495	P62495
P48736	P48736
P08572	P08572
P08572	Q01955
P08572	P29400
P08572	P53420
Q8IX05	Q8IX05
Q96TC7	Q96TC7
P14859	P14859
Q8N6R0	Q8N6R0
Q9H1K1	Q9H1K1
P0C2W1	P0C2W1
Q13136	Q13136
Q13136	O75334
Q7Z698	Q7Z698
O14786	O14786
O14786	O60462
Q9BZW8	Q9BZW8
P49006	P49006
Q9UKV3	Q9UKV3
P13804	P13804
Q6N075	Q6N075
O75934	O75934
Q8WXA9	Q8WXA9
Q05469	Q05469
O43303	O43303
P10275	P10275
O75581	O75581
O75581	O75197
Q8N335	Q8N335
Q8N720	Q8N720
Q9Y2L1	Q9Y2L1
P49763	P49763
Q9BRB3	Q9BRB3
P16885	P16885
P16885	P19174
Q16774	Q16774
Q99767	Q99767
Q99767	Q02410
Q8IVL5	Q8IVL5
Q8IVL5	Q8IVL6
Q8IVL5	Q32P28
Q96B97	Q96B97
Q96HA8	Q96HA8
Q16666	Q16666
P06746	P06746
P52848	P52848
Q9H3T2	Q9H3T2
Q8N668	Q8N668
P78536	P78536
Q5T447	Q5T447
O15523	O15523
O15523	O00571
Q9BUK6	Q9BUK6
Q96QU8	Q96QU8
Q96G23	Q96G23
Q96G23	Q9HA82
Q96G23	Q6ZMG9
Q96G23	Q8N5B7
O75818	O75818
Q53LP3	Q53LP3
Q92859	Q92859
O43529	O43529
Q9BS16	Q9BS16
Q9ULW3	Q9ULW3
O75947	O75947
Q9BSY9	Q9BSY9
Q9BTZ2	Q9BTZ2
Q9BTZ2	Q13268
Q13126	Q13126
Q9NX20	Q9NX20
O60508	O60508
Q6P4A8	Q6P4A8
Q8WV44	Q8WV44
O15554	O15554
Q9BRF8	Q9BRF8
P11441	P11441
P11441	Q8N7F7
O95210	O95210
O95999	O95999
Q9UIJ5	Q9UIJ5
Q9UIJ5	Q5W0Z9
Q9UIJ5	Q96MV8
Q8WW34	Q8WW34
Q9UBP4	Q9UBP4
Q9UJF2	Q9UJF2
Q9UJF2	Q5VWQ8
Q5K4L6	Q5K4L6
Q13137	Q13137
Q9BRJ7	Q9BRJ7
Q8N5U6	Q8N5U6
Q96LI6	Q96LI6
P28300	P28300
P17706	P17706
P17706	P18031
O60879	O60879
O60879	Q9NSV4
O60879	O60610
Q9H9G7	Q9H9G7
Q9H9G7	Q9UL18
Q9H9G7	Q9UKV8
Q9H9G7	Q9HCK5
Q13347	Q13347
P62280	P62280
Q96SY0	Q96SY0
Q7Z6J9	Q7Z6J9
Q9UKT4	Q9UKT4
P58557	P58557
P57738	P57738
Q92993	Q92993
Q96SK2	Q96SK2
P04156	P04156
P06400	P06400
Q92544	Q92544
Q92544	Q99805
P35613	P35613
P35613	Q9Y639
Q9UK99	Q9UK99
Q13308	Q13308
P00739	P00739
P00739	P00738
Q9Y4P9	Q9Y4P9
Q6NXP0	Q6NXP0
Q08117	Q08117
Q96KG9	Q96KG9
Q9H1Y0	Q9H1Y0
Q9H490	Q9H490
Q6P9G4	Q6P9G4
Q9Y5S2	Q9Y5S2
Q9Y5S2	Q5VT25
Q9Y5S2	Q6DT37
P22087	P22087
Q9UG63	Q9UG63
Q9UG63	Q9NUQ8
O14497	O14497
Q99640	Q99640
Q96J84	Q96J84
Q96J84	Q8IZU9
Q96EC8	Q96EC8
Q8N4Y2	Q8N4Y2
O43847	O43847
Q6P5S2	Q6P5S2
P13995	P13995
Q8N1W1	Q8N1W1
Q9BRV3	Q9BRV3
P50990	P50990
Q8WVC6	Q8WVC6
Q14728	Q14728
Q86Y07	Q86Y07
P0CG13	P0CG13
Q9NX40	Q9NX40
Q3SXY8	Q3SXY8
Q8IYJ0	Q8IYJ0
Q04725	Q04725
Q04725	Q04724
Q04725	Q04726
Q6ZP80	Q6ZP80
Q9H0V9	Q9H0V9
Q9H0V9	Q12907
P25116	P25116
P43115	P43115
Q96L21	Q96L21
P18615	P18615
P09601	P09601
Q92542	Q92542
Q8NDX5	Q8NDX5
Q96GN5	Q96GN5
Q96AE4	Q96AE4
Q96AE4	Q92945
Q96AE4	Q96I24
Q92546	Q92546
P55196	P55196
P49790	P49790
Q92622	Q92622
Q9UBC3	Q9UBC3
Q12870	Q12870
Q12870	Q7RTU7
Q96BM9	Q96BM9
Q96BM9	Q9NVJ2
Q96HY7	Q96HY7
Q16584	Q16584
Q16584	Q02779
Q16584	Q5TCX8
Q16584	P80192
Q9BTN0	Q9BTN0
Q9BTN0	Q6PJG9
Q9Y375	Q9Y375
Q92610	Q92610
Q92610	Q9HCE3
Q8IUR7	Q8IUR7
Q99986	Q99986
Q96S95	Q96S95
P36888	P36888
P49918	P49918
Q9UDR5	Q9UDR5
Q07011	Q07011
Q9UJ70	Q9UJ70
P01602	P01602
P01602	A0A0C4DH68
P01602	A0A075B6R9
Q8NCD3	Q8NCD3
O14977	O14977
O14977	P11926
Q3T8J9	Q3T8J9
Q6VB84	Q6VB84
Q6VB84	Q12950
Q6VB84	Q5VV16
Q6VB84	Q8WXT5
Q6VB84	Q9NU39
Q9NVC6	Q9NVC6
Q9UM63	Q9UM63
Q9UM63	Q9UPG8
Q9UM63	Q6DJT9
Q6PD62	Q6PD62
Q9BZS1	Q9BZS1
Q96LC7	Q96LC7
Q96LC7	Q96RL6
Q9H9S0	Q9H9S0
Q9H1Y3	Q9H1Y3
Q86SX6	Q86SX6
Q92585	Q92585
Q1HG43	Q1HG43
O14730	O14730
Q9Y6I7	Q9Y6I7
Q6NSI4	Q6NSI4
O75717	O75717
Q9BWH2	Q9BWH2
Q9P0M9	Q9P0M9
O60566	O60566
Q69YL0	Q69YL0
O75344	O75344
Q9NY27	Q9NY27
Q13489	Q13489
Q13489	Q13490
Q9H939	Q9H939
O43566	O43566
P32249	P32249
P16219	P16219
P16219	P45954
Q15723	Q15723
P30559	P30559
P30559	P37288
P30559	P47901
P30559	P30518
Q8WZ79	Q8WZ79
Q9NR23	Q9NR23
O15240	O15240
Q9NP92	Q9NP92
Q6NV74	Q6NV74
Q8TCZ2	Q8TCZ2
Q9H583	Q9H583
Q8TBC5	Q8TBC5
A0A0B4J2D5	A0A0B4J2D5
Q63HN1	Q63HN1
Q9UBU3	Q9UBU3
Q86YJ5	Q86YJ5
Q86YJ5	Q9P2E8
Q13519	Q13519
Q8NHQ8	Q8NHQ8
Q9H568	Q9H568
O43502	O43502
Q96G61	Q96G61
Q96G61	O95989
Q96KP6	Q96KP6
P22830	P22830
Q9H2S5	Q9H2S5
Q86YR6	Q86YR6
Q86YR6	B2RU33
Q86YR6	A0A0A6YYL3
Q86YR6	Q6S545
Q86YR6	H3BUK9
Q9NQR4	Q9NQR4
Q14929	Q14929
Q14929	Q6P1L6
Q14929	P10072
Q14929	Q9Y3M9
Q5HYI7	Q5HYI7
Q02742	Q02742
Q02742	O95395
Q02742	Q9P109
Q92565	Q92565
Q92565	Q9UHV5
Q99643	Q99643
Q86SQ6	Q86SQ6
Q6QHK4	Q6QHK4
Q9H425	Q9H425
Q8N8H1	Q8N8H1
Q8IZC6	Q8IZC6
P62487	P62487
Q14568	Q14568
Q86XP3	Q86XP3
Q7L4E1	Q7L4E1
O60664	O60664
O60664	Q99541
P61513	P61513
Q9Y6R0	Q9Y6R0
Q9Y6R0	P49757
Q96BR6	Q96BR6
O43237	O43237
O43237	Q9Y6G9
P78371	P78371
Q9UPU7	Q9UPU7
Q8IUQ4	Q8IUQ4
Q8IUQ4	O43255
P49848	P49848
Q9UMS5	Q9UMS5
Q68CZ6	Q68CZ6
P32969	P32969
Q9UMY1	Q9UMY1
Q02548	Q02548
Q02548	Q06710
Q02548	Q02962
Q13501	Q13501
Q9BT78	Q9BT78
P02511	P02511
P02511	P04792
P02511	O14558
Q8WUJ0	Q8WUJ0
Q9BXS6	Q9BXS6
Q9H5V8	Q9H5V8
Q7L4P6	Q7L4P6
Q9NP97	Q9NP97
Q9NP97	Q8TF09
P47914	P47914
Q9ULF5	Q9ULF5
P53621	P53621
P36578	P36578
Q96AG4	Q96AG4
Q9HAB3	Q9HAB3
Q9HAB3	Q9NQ40
Q8N3J9	Q8N3J9
Q9BSA9	Q9BSA9
Q75T13	Q75T13
P25788	P25788
Q15643	Q15643
Q9UK00	Q9UK00
Q5TH69	Q5TH69
Q9Y2W2	Q9Y2W2
Q8IZL2	Q8IZL2
Q13287	Q13287
O60282	O60282
O60282	Q12840
O60282	P33176
Q8N5R6	Q8N5R6
P20645	P20645
O00585	O00585
Q92560	Q92560
Q9NY93	Q9NY93
Q9UJ14	Q9UJ14
P40939	P40939
Q9H6R6	Q9H6R6
Q96C01	Q96C01
Q8TDQ0	Q8TDQ0
Q86Y26	Q86Y26
Q8NC42	Q8NC42
Q8NC42	Q8TEB7
Q8N5P1	Q8N5P1
O75563	O75563
P46977	P46977
P46977	Q8TCJ2
Q8WUY1	Q8WUY1
Q8IVF5	Q8IVF5
O43660	O43660
P19338	P19338
Q14562	Q14562
Q14562	Q92620
Q15012	Q15012
P58546	P58546
Q9NW97	Q9NW97
Q92575	Q92575
Q14686	Q14686
P60900	P60900
P43403	P43403
P43403	P43405
P17480	P17480
Q13492	Q13492
O94973	O94973
O94973	O95782
O75056	O75056
O95273	O95273
O14503	O14503
Q6IA17	Q6IA17
Q8WWI5	Q8WWI5
Q96L12	Q96L12
Q96L12	P27797
A6NNL5	A6NNL5
Q8NGJ2	Q8NGJ2
Q8NGJ2	Q8NGF0
Q8NGJ2	Q9H255
Q9H6U6	Q9H6U6
Q9HAE3	Q9HAE3
Q7Z3J2	Q7Z3J2
Q6SJ93	Q6SJ93
Q5VZL5	Q5VZL5
O60921	O60921
O95237	O95237
Q70EL1	Q70EL1
Q8IWV1	Q8IWV1
Q9HB71	Q9HB71
Q4G0G5	Q4G0G5
Q9UIF9	Q9UIF9
Q96NA8	Q96NA8
A0AVK6	A0AVK6
Q86UW6	Q86UW6
P41212	P41212
Q8TAX0	Q8TAX0
Q8TAX0	Q8N2R0
O94989	O94989
P13598	P13598
Q9NZM6	Q9NZM6
Q9BUY7	Q9BUY7
P15144	P15144
Q8IZF0	Q8IZF0
Q9NVM4	Q9NVM4
Q14524	Q14524
Q14524	Q15858
Q14524	Q9Y5Y9
Q14524	Q9UQD0
Q14524	Q9UI33
Q3ZCQ2	Q3ZCQ2
Q8IW41	Q8IW41
A6NN92	A6NN92
Q58FF8	Q58FF8
Q6PJG2	Q6PJG2
P63146	P63146
P63146	P49459
P63146	P62837
P63146	P51668
P63146	Q9Y2X8
P63146	P61088
P63146	P63279
Q9UPR0	Q9UPR0
O15455	O15455
Q96N21	Q96N21
Q9NSD9	Q9NSD9
A6NI56	A6NI56
Q9H0R1	Q9H0R1
Q562E7	Q562E7
P20382	P20382
Q8IYD8	Q8IYD8
A1XBS5	A1XBS5
A1XBS5	Q6ZTR7
Q9UHF5	Q9UHF5
Q6GMV2	Q6GMV2
Q7L1I2	Q7L1I2
Q7L1I2	Q7L0J3
Q9Y664	Q9Y664
Q9Y5U5	Q9Y5U5
A0A096LP55	A0A096LP55
A0A096LP55	P07919
P0C869	P0C869
P41217	P41217
Q96CC6	Q96CC6
Q96CC6	Q6PJF5
P22304	P22304
P59534	P59534
Q9BYE2	Q9BYE2
P51811	P51811
Q8N3Y1	Q8N3Y1
Q8NI37	Q8NI37
P55263	P55263
Q96J65	Q96J65
Q96J65	O15440
Q96PN8	Q96PN8
Q96PN8	Q6SA08
Q9NQQ7	Q9NQQ7
Q7RTY8	Q7RTY8
Q9NPD3	Q9NPD3
Q7Z6J8	Q7Z6J8
Q86UD4	Q86UD4
Q96K58	Q96K58
Q92664	Q92664
Q9NVM9	Q9NVM9
A6NKL6	A6NKL6
Q12988	Q12988
Q6ZWK6	Q6ZWK6
Q6ZWK6	O60235
Q6ZWK6	Q9UL52
Q8WWN9	Q8WWN9
Q9Y3E1	Q9Y3E1
Q9Y3E1	P51858
Q9GZN2	Q9GZN2
Q8NFZ5	Q8NFZ5
Q6PEW0	Q6PEW0
Q5VT52	Q5VT52
O75874	O75874
O75874	P48735
P62380	P62380
Q9H7V2	Q9H7V2
Q8IXL6	Q8IXL6
Q6P5Z2	Q6P5Z2
Q6P5Z2	Q16512
Q6P5Z2	Q16513
Q5JTW2	Q5JTW2
Q99608	Q99608
P04080	P04080
Q9Y6H5	Q9Y6H5
Q9Y2P8	Q9Y2P8
P50440	P50440
Q9NQP4	Q9NQP4
Q96B36	Q96B36
P42331	P42331
Q6KCM7	Q6KCM7
Q6KCM7	Q6NUK1
Q6KCM7	Q9BV35
Q9Y2R2	Q9Y2R2
Q460N5	Q460N5
Q9HBG4	Q9HBG4
Q9HBG4	Q9Y487
Q9HBG4	Q93050
Q9HBG4	Q13488
Q9P2N6	Q9P2N6
P07954	P07954
Q53EL6	Q53EL6
Q9Y600	Q9Y600
Q9Y600	Q05329
Q9Y600	Q99259
Q01668	Q01668
Q01668	O60840
Q01668	Q13936
Q01668	Q13698
P46091	P46091
Q5TG30	Q5TG30
Q5XPI4	Q5XPI4
Q96PC5	Q96PC5
Q8IVL0	Q8IVL0
Q8IVL0	Q8IVL1
Q9H6V9	Q9H6V9
Q15431	Q15431
O75969	O75969
Q86VV8	Q86VV8
Q9UQ13	Q9UQ13
Q9BXT2	Q9BXT2
O95402	O95402
Q99766	Q99766
Q12774	Q12774
P53384	P53384
Q15075	Q15075
O75791	O75791
Q8N5Y2	Q8N5Y2
Q68CR7	Q68CR7
P56817	P56817
P56817	Q9Y5Z0
P15085	P15085
P36575	P36575
P36575	P32121
P36575	P49407
P36575	P10523
Q9H6J7	Q9H6J7
Q8IYA6	Q8IYA6
Q14934	Q14934
Q14781	Q14781
Q9Y5X2	Q9Y5X2
A7KAX9	A7KAX9
P05019	P05019
Q9UGJ1	Q9UGJ1
P55083	P55083
Q3SYG4	Q3SYG4
Q96PF2	Q96PF2
Q96PF2	Q9BXA7
Q9UKC9	Q9UKC9
Q9UKC9	Q96IG2
P02743	P02743
P02743	P02741
O15511	O15511
O15511	Q9BPX5
Q9Y6G3	Q9Y6G3
Q86TS9	Q86TS9
Q9Y3C7	Q9Y3C7
P10645	P10645
P21579	P21579
P54259	P54259
Q9UG56	Q9UG56
P13010	P13010
Q9Y6W5	Q9Y6W5
Q9Y6W5	Q92558
Q9Y6W5	Q9UPY6
Q15637	Q15637
O95807	O95807
Q16352	Q16352
Q16352	P41219
Q16352	P08670
Q16352	P17661
Q16352	P14136
Q16352	P07196
Q9BPZ3	Q9BPZ3
Q9HAQ2	Q9HAQ2
Q9UBS9	Q9UBS9
Q9NYG2	Q9NYG2
Q9NYG2	Q9NXF8
Q9BT56	Q9BT56
P17174	P17174
P17174	P00505
Q15025	Q15025
Q86U86	Q86U86
Q96RJ0	Q96RJ0
O75478	O75478
O00264	O00264
O00264	O15173
P46783	P46783
P46783	Q9NQ39
P82663	P82663
Q9NZL9	Q9NZL9
O15042	O15042
Q13291	Q13291
Q08AM6	Q08AM6
Q9BWG6	Q9BWG6
O00178	O00178
Q9Y2K6	Q9Y2K6
Q9Y2K6	Q8TEY7
Q96CT7	Q96CT7
Q9UNS2	Q9UNS2
Q2TBC4	Q2TBC4
Q9H2C2	Q9H2C2
Q6UW68	Q6UW68
Q9BQ61	Q9BQ61
P11182	P11182
P61978	P61978
O15350	O15350
O15350	Q9H3D4
Q9Y244	Q9Y244
Q8N6N6	Q8N6N6
Q15052	Q15052
Q15052	Q14155
Q4KMQ2	Q4KMQ2
Q4KMQ2	Q75V66
Q96L73	Q96L73
Q13751	Q13751
Q9H6X4	Q9H6X4
O15162	O15162
O15162	Q9NRY6
O15162	Q9NRQ2
P05166	P05166
Q9Y5Q8	Q9Y5Q8
Q8NHP6	Q8NHP6
P50443	P50443
Q9HBR0	Q9HBR0
Q96LT4	Q96LT4
P51692	P51692
P51692	P42229
P51692	P42226
Q9BXB4	Q9BXB4
Q9BXB4	Q9BXB5
P46821	P46821
Q5JSL3	Q5JSL3
Q5JSL3	Q9BZ29
Q5JSL3	Q96BY6
Q9NYY8	Q9NYY8
Q08426	Q08426
Q02750	Q02750
Q02750	P36507
O60504	O60504
Q9Y3Z3	Q9Y3Z3
Q16594	Q16594
Q01628	Q01628
Q01628	P13164
Q01628	Q01629
P13639	P13639
Q86W50	Q86W50
P46379	P46379
Q9H6F5	Q9H6F5
Q8IYJ3	Q8IYJ3
O75683	O75683
Q8N6S5	Q8N6S5
Q86VS8	Q86VS8
Q86VS8	Q9UJC3
Q86VS8	Q96ED9
Q6PL24	Q6PL24
Q8TBZ0	Q8TBZ0
O43172	O43172
Q9BXI6	Q9BXI6
Q9BUL8	Q9BUL8
Q9P2R3	Q9P2R3
Q7L8A9	Q7L8A9
Q13428	Q13428
Q9H7E9	Q9H7E9
O60232	O60232
Q9H4A4	Q9H4A4
O43159	O43159
Q13868	Q13868
Q9NX70	Q9NX70
P41225	P41225
Q9H0U6	Q9H0U6
Q07075	Q07075
Q8IV36	Q8IV36
P58872	P58872
O76041	O76041
Q6NYC1	Q6NYC1
O95848	O95848
Q9NZK5	Q9NZK5
Q9UH65	Q9UH65
Q8WXS4	Q8WXS4
O95671	O95671
Q9P2K8	Q9P2K8
Q13043	Q13043
Q13043	Q13188
P35453	P35453
P07988	P07988
Q9NWX5	Q9NWX5
Q9BZM6	Q9BZM6
Q9BZM6	Q9BZM4
Q9BZM6	Q5VY80
Q9BZM6	Q9BZM5
A0A075B6T6	A0A075B6T6
A0A075B6T6	P04437
A0A075B6T6	A0A0B4J272
Q9GZP1	Q9GZP1
Q9Y5W3	Q9Y5W3
Q9P0S3	Q9P0S3
Q9P0S3	Q53FV1
Q9P0S3	Q8N138
Q9Y312	Q9Y312
P15056	P15056
E7ETH6	E7ETH6
E7ETH6	Q9H707
E7ETH6	Q9NXT0
E7ETH6	Q8IVP9
E7ETH6	Q6PK81
E7ETH6	Q96HQ0
Q6PIV2	Q6PIV2
Q6PIV2	Q6PJQ5
Q96LI5	Q96LI5
Q96LI5	Q9ULM6
Q9NUW8	Q9NUW8
Q9Y6X8	Q9Y6X8
Q9HD89	Q9HD89
Q6X4W1	Q6X4W1
O60641	O60641
Q9UHM6	Q9UHM6
Q9UBK9	Q9UBK9
P13726	P13726
P31639	P31639
Q7Z5N4	Q7Z5N4
Q7Z5N4	Q58EX2
A7E2S9	A7E2S9
Q6Q0C0	Q6Q0C0
P01344	P01344
Q8N8Q3	Q8N8Q3
Q8IW50	Q8IW50
Q9H930	Q9H930
P23469	P23469
P23469	P18433
Q6P161	Q6P161
Q6P1Q0	Q6P1Q0
O95859	O95859
P04040	P04040
Q8N7U6	Q8N7U6
Q86WC4	Q86WC4
Q86VD7	Q86VD7
O00512	O00512
Q08495	Q08495
Q6FI81	Q6FI81
Q9NVA1	Q9NVA1
Q96F05	Q96F05
Q9BY49	Q9BY49
Q9NUP7	Q9NUP7
O76061	O76061
P35663	P35663
Q6PGQ7	Q6PGQ7
Q13206	Q13206
Q5SXM1	Q5SXM1
Q5SXM1	Q14593
Q5SXM1	O75437
Q5SXM1	A8MTY0
Q5SXM1	Q03924
Q5SXM1	Q96NI8
Q5SXM1	Q14585
Q5SXM1	O95780
Q5SXM1	Q68EA5
Q5SXM1	Q9HAH1
Q5SXM1	Q8NEP9
Q5SXM1	Q8N7K0
Q5SXM1	Q9BUY5
Q5SXM1	Q9H0M5
Q5SXM1	Q32M78
Q5SXM1	Q96NL3
Q5SXM1	Q15935
Q5SXM1	Q8TBZ8
Q5SXM1	Q8N972
Q5SXM1	Q147U1
Q8NAG6	Q8NAG6
Q14119	Q14119
O75807	O75807
O14756	O14756
O14756	Q02338
Q9Y5C1	Q9Y5C1
Q9H0Y0	Q9H0Y0
Q15049	Q15049
P01850	P01850
P01850	A0A5B9
O60635	O60635
Q16825	Q16825
Q16825	Q15678
P58062	P58062
Q8N7S2	Q8N7S2
P34998	P34998
P27544	P27544
Q96FV3	Q96FV3
Q96FV3	Q8NG11
Q96FV3	P62079
P52961	P52961
Q96EY8	Q96EY8
Q92673	Q92673
Q13371	Q13371
A4D1S0	A4D1S0
P78537	P78537
Q9UJT1	Q9UJT1
P45974	P45974
P45974	Q92995
Q13163	Q13163
Q96ST2	Q96ST2
A3KN83	A3KN83
Q9BV57	Q9BV57
A6NM36	A6NM36
Q86SM8	Q86SM8
P23560	P23560
Q5T0B9	Q5T0B9
Q53RT3	Q53RT3
Q9UBU7	Q9UBU7
Q8WXA3	Q8WXA3
Q8WXA3	Q96T51
P05111	P05111
P01270	P01270
Q03181	Q03181
Q03181	Q07869
Q75QN2	Q75QN2
Q6NX45	Q6NX45
P57058	P57058
Q9ULG1	Q9ULG1
Q8N456	Q8N456
Q8NAM6	Q8NAM6
P0DQD5	P0DQD5
P0DQD5	P25929
P20774	P20774
P28715	P28715
Q6PF15	Q6PF15
Q5T3J3	Q5T3J3
P35226	P35226
Q9NQW5	Q9NQW5
P28069	P28069
P0CG23	P0CG23
Q11203	Q11203
Q96I99	Q96I99
Q96I99	Q9P2R7
O95626	O95626
Q9BX40	Q9BX40
Q9BX40	Q8ND56
Q7Z5A4	Q7Z5A4
Q96JG6	Q96JG6
P47710	P47710
Q6Q788	Q6Q788
Q9H9E1	Q9H9E1
Q9H3M0	Q9H3M0
Q14409	Q14409
Q14409	P32189
Q8N6P7	Q8N6P7
Q96L33	Q96L33
Q96L33	Q7L0Q8
P05814	P05814
Q13671	Q13671
Q8N907	Q8N907
Q14330	Q14330
P50591	P50591
Q5K4E3	Q5K4E3
O75937	O75937
Q5VYV0	Q5VYV0
P0C1H6	P0C1H6
P0C1H6	Q7Z2G1
P55345	P55345
Q9BRP4	Q9BRP4
Q2L4Q9	Q2L4Q9
Q99680	Q99680
Q96JM3	Q96JM3
Q96P71	Q96P71
A5YM72	A5YM72
P17600	P17600
Q8N159	Q8N159
Q2Q1W2	Q2Q1W2
